unique_id,indicator_id,name,measure,measure_info,geo_type_name,geo_join_id,geo_place_name,time_period,start_date,data_value,message,year,month,quarter,batch_id
643509,375,Nitrogen dioxide (NO2),Mean,ppb,UHF34,403,Flushing - Clearview,Winter 2018-19,2018-12-01,21.26,,2018,12,4,2
643476,375,Nitrogen dioxide (NO2),Mean,ppb,UHF34,207,East Flatbush - Flatbush,Winter 2018-19,2018-12-01,21.71,,2018,12,4,2
649947,365,Fine particles (PM 2.5),Mean,mcg/m3,CD,206,Belmont and East Tremont (CD6),Winter 2018-19,2018-12-01,7.8,,2018,12,4,2
650019,365,Fine particles (PM 2.5),Mean,mcg/m3,CD,318,Flatlands and Canarsie (CD18),Winter 2018-19,2018-12-01,6.7,,2018,12,4,2
649680,365,Fine particles (PM 2.5),Mean,mcg/m3,UHF42,106,High Bridge - Morrisania,Winter 2018-19,2018-12-01,7.75,,2018,12,4,2
649989,365,Fine particles (PM 2.5),Mean,mcg/m3,CD,308,Crown Heights and Prospect Heights (CD8),Winter 2018-19,2018-12-01,7.34,,2018,12,4,2
649890,365,Fine particles (PM 2.5),Mean,mcg/m3,UHF34,105106107,South Bronx,Winter 2018-19,2018-12-01,7.91,,2018,12,4,2
643341,375,Nitrogen dioxide (NO2),Mean,ppb,UHF42,201,Greenpoint,Winter 2018-19,2018-12-01,26.69,,2018,12,4,2
649713,365,Fine particles (PM 2.5),Mean,mcg/m3,UHF42,210,Coney Island - Sheepshead Bay,Winter 2018-19,2018-12-01,6.69,,2018,12,4,2
649689,365,Fine particles (PM 2.5),Mean,mcg/m3,UHF42,202,Downtown - Heights - Slope,Winter 2018-19,2018-12-01,8.15,,2018,12,4,2
649848,365,Fine particles (PM 2.5),Mean,mcg/m3,UHF34,401,Long Island City - Astoria,Winter 2018-19,2018-12-01,8.62,,2018,12,4,2
649725,365,Fine particles (PM 2.5),Mean,mcg/m3,UHF42,303,East Harlem,Winter 2018-19,2018-12-01,7.79,,2018,12,4,2
643653,375,Nitrogen dioxide (NO2),Mean,ppb,CD,311,Bensonhurst (CD11),Winter 2018-19,2018-12-01,20.84,,2018,12,4,2
650022,365,Fine particles (PM 2.5),Mean,mcg/m3,CD,401,Long Island City and Astoria (CD1),Winter 2018-19,2018-12-01,7.81,,2018,12,4,2
643530,375,Nitrogen dioxide (NO2),Mean,ppb,UHF34,306308,Chelsea-Village,Winter 2018-19,2018-12-01,28.8,,2018,12,4,2
649932,365,Fine particles (PM 2.5),Mean,mcg/m3,CD,201,Mott Haven and Melrose (CD1),Winter 2018-19,2018-12-01,8.24,,2018,12,4,2
643356,375,Nitrogen dioxide (NO2),Mean,ppb,UHF42,206,Borough Park,Winter 2018-19,2018-12-01,21.76,,2018,12,4,2
649938,365,Fine particles (PM 2.5),Mean,mcg/m3,CD,203,Morrisania and Crotona (CD3),Winter 2018-19,2018-12-01,7.43,,2018,12,4,2
643377,375,Nitrogen dioxide (NO2),Mean,ppb,UHF42,302,Central Harlem - Morningside Heights,Winter 2018-19,2018-12-01,24.69,,2018,12,4,2
649992,365,Fine particles (PM 2.5),Mean,mcg/m3,CD,309,South Crown Heights and Lefferts Gardens (CD9),Winter 2018-19,2018-12-01,6.95,,2018,12,4,2
643647,375,Nitrogen dioxide (NO2),Mean,ppb,CD,309,South Crown Heights and Lefferts Gardens (CD9),Winter 2018-19,2018-12-01,22.82,,2018,12,4,2
650043,365,Fine particles (PM 2.5),Mean,mcg/m3,CD,408,Hillcrest and Fresh Meadows (CD8),Winter 2018-19,2018-12-01,6.89,,2018,12,4,2
649881,365,Fine particles (PM 2.5),Mean,mcg/m3,UHF34,404406,Bayside Little Neck-Fresh Meadows,Winter 2018-19,2018-12-01,6.89,,2018,12,4,2
643578,375,Nitrogen dioxide (NO2),Mean,ppb,CD,110,Central Harlem (CD10),Winter 2018-19,2018-12-01,24.82,,2018,12,4,2
649872,365,Fine particles (PM 2.5),Mean,mcg/m3,UHF34,305307,Upper East Side-Gramercy,Winter 2018-19,2018-12-01,10.23,,2018,12,4,2
649875,365,Fine particles (PM 2.5),Mean,mcg/m3,UHF34,306308,Chelsea-Village,Winter 2018-19,2018-12-01,11.51,,2018,12,4,2
643323,375,Nitrogen dioxide (NO2),Mean,ppb,UHF42,102,Northeast Bronx,Winter 2018-19,2018-12-01,19.11,,2018,12,4,2
643668,375,Nitrogen dioxide (NO2),Mean,ppb,CD,316,Brownsville (CD16),Winter 2018-19,2018-12-01,22.76,,2018,12,4,2
650016,365,Fine particles (PM 2.5),Mean,mcg/m3,CD,317,East Flatbush (CD17),Winter 2018-19,2018-12-01,7.03,,2018,12,4,2
643569,375,Nitrogen dioxide (NO2),Mean,ppb,CD,107,Upper West Side (CD7),Winter 2018-19,2018-12-01,25.25,,2018,12,4,2
649770,365,Fine particles (PM 2.5),Mean,mcg/m3,UHF42,408,Jamaica,Winter 2018-19,2018-12-01,6.93,,2018,12,4,2
649878,365,Fine particles (PM 2.5),Mean,mcg/m3,UHF34,309310,Union Square-Lower Manhattan,Winter 2018-19,2018-12-01,9.83,,2018,12,4,2
649818,365,Fine particles (PM 2.5),Mean,mcg/m3,UHF34,206,Borough Park,Winter 2018-19,2018-12-01,6.93,,2018,12,4,2
643443,375,Nitrogen dioxide (NO2),Mean,ppb,UHF42,504,South Beach - Tottenville,Winter 2018-19,2018-12-01,14.25,,2018,12,4,2
649767,365,Fine particles (PM 2.5),Mean,mcg/m3,UHF42,407,Southwest Queens,Winter 2018-19,2018-12-01,6.86,,2018,12,4,2
649737,365,Fine particles (PM 2.5),Mean,mcg/m3,UHF42,307,Gramercy Park - Murray Hill,Winter 2018-19,2018-12-01,11.66,,2018,12,4,2
643680,375,Nitrogen dioxide (NO2),Mean,ppb,CD,402,Woodside and Sunnyside (CD2),Winter 2018-19,2018-12-01,26.2,,2018,12,4,2
649911,365,Fine particles (PM 2.5),Mean,mcg/m3,CD,106,Stuyvesant Town and Turtle Bay (CD6),Winter 2018-19,2018-12-01,10.74,,2018,12,4,2
650067,365,Fine particles (PM 2.5),Mean,mcg/m3,CD,502,South Beach and Willowbrook (CD2),Winter 2018-19,2018-12-01,6.45,,2018,12,4,2
643659,375,Nitrogen dioxide (NO2),Mean,ppb,CD,313,Coney Island (CD13),Winter 2018-19,2018-12-01,17.83,,2018,12,4,2
643383,375,Nitrogen dioxide (NO2),Mean,ppb,UHF42,304,Upper West Side,Winter 2018-19,2018-12-01,25.25,,2018,12,4,2
643491,375,Nitrogen dioxide (NO2),Mean,ppb,UHF34,301,Washington Heights,Winter 2018-19,2018-12-01,22.24,,2018,12,4,2
643590,375,Nitrogen dioxide (NO2),Mean,ppb,CD,202,Hunts Point and Longwood (CD2),Winter 2018-19,2018-12-01,24.5,,2018,12,4,2
649710,365,Fine particles (PM 2.5),Mean,mcg/m3,UHF42,209,Bensonhurst - Bay Ridge,Winter 2018-19,2018-12-01,6.85,,2018,12,4,2
643707,375,Nitrogen dioxide (NO2),Mean,ppb,CD,411,Bayside and Little Neck (CD11),Winter 2018-19,2018-12-01,18.57,,2018,12,4,2
643371,375,Nitrogen dioxide (NO2),Mean,ppb,UHF42,211,Williamsburg - Bushwick,Winter 2018-19,2018-12-01,25.25,,2018,12,4,2
649722,365,Fine particles (PM 2.5),Mean,mcg/m3,UHF42,302,Central Harlem - Morningside Heights,Winter 2018-19,2018-12-01,7.59,,2018,12,4,2
649839,365,Fine particles (PM 2.5),Mean,mcg/m3,UHF34,302,Central Harlem - Morningside Heights,Winter 2018-19,2018-12-01,7.59,,2018,12,4,2
643536,375,Nitrogen dioxide (NO2),Mean,ppb,UHF34,404406,Bayside Little Neck-Fresh Meadows,Winter 2018-19,2018-12-01,19.03,,2018,12,4,2
649950,365,Fine particles (PM 2.5),Mean,mcg/m3,CD,207,Kingsbridge Heights and Bedford (CD7),Winter 2018-19,2018-12-01,7.31,,2018,12,4,2
649866,365,Fine particles (PM 2.5),Mean,mcg/m3,UHF34,409,Southeast Queens,Winter 2018-19,2018-12-01,6.73,,2018,12,4,2
649899,365,Fine particles (PM 2.5),Mean,mcg/m3,CD,102,Greenwich Village and Soho (CD2),Winter 2018-19,2018-12-01,11.42,,2018,12,4,2
643566,375,Nitrogen dioxide (NO2),Mean,ppb,CD,106,Stuyvesant Town and Turtle Bay (CD6),Winter 2018-19,2018-12-01,28.25,,2018,12,4,2
643713,375,Nitrogen dioxide (NO2),Mean,ppb,CD,413,Queens Village (CD13),Winter 2018-19,2018-12-01,18.04,,2018,12,4,2
643452,375,Nitrogen dioxide (NO2),Mean,ppb,UHF34,103,Fordham - Bronx Pk,Winter 2018-19,2018-12-01,19.92,,2018,12,4,2
649752,365,Fine particles (PM 2.5),Mean,mcg/m3,UHF42,402,West Queens,Winter 2018-19,2018-12-01,8.01,,2018,12,4,2
643554,375,Nitrogen dioxide (NO2),Mean,ppb,CD,102,Greenwich Village and Soho (CD2),Winter 2018-19,2018-12-01,27.38,,2018,12,4,2
643623,375,Nitrogen dioxide (NO2),Mean,ppb,CD,301,Greenpoint and Williamsburg (CD1),Winter 2018-19,2018-12-01,26.84,,2018,12,4,2
643722,375,Nitrogen dioxide (NO2),Mean,ppb,CD,502,South Beach and Willowbrook (CD2),Winter 2018-19,2018-12-01,16.05,,2018,12,4,2
649830,365,Fine particles (PM 2.5),Mean,mcg/m3,UHF34,210,Coney Island - Sheepshead Bay,Winter 2018-19,2018-12-01,6.69,,2018,12,4,2
649815,365,Fine particles (PM 2.5),Mean,mcg/m3,UHF34,205,Sunset Park,Winter 2018-19,2018-12-01,7.97,,2018,12,4,2
649917,365,Fine particles (PM 2.5),Mean,mcg/m3,CD,108,Upper East Side (CD8),Winter 2018-19,2018-12-01,9.0,,2018,12,4,2
643515,375,Nitrogen dioxide (NO2),Mean,ppb,UHF34,407,Southwest Queens,Winter 2018-19,2018-12-01,20.41,,2018,12,4,2
643698,375,Nitrogen dioxide (NO2),Mean,ppb,CD,408,Hillcrest and Fresh Meadows (CD8),Winter 2018-19,2018-12-01,19.89,,2018,12,4,2
649668,365,Fine particles (PM 2.5),Mean,mcg/m3,UHF42,102,Northeast Bronx,Winter 2018-19,2018-12-01,7.19,,2018,12,4,2
643374,375,Nitrogen dioxide (NO2),Mean,ppb,UHF42,301,Washington Heights,Winter 2018-19,2018-12-01,22.24,,2018,12,4,2
643632,375,Nitrogen dioxide (NO2),Mean,ppb,CD,304,Bushwick (CD4),Winter 2018-19,2018-12-01,23.92,,2018,12,4,2
649719,365,Fine particles (PM 2.5),Mean,mcg/m3,UHF42,301,Washington Heights,Winter 2018-19,2018-12-01,7.76,,2018,12,4,2
649833,365,Fine particles (PM 2.5),Mean,mcg/m3,UHF34,211,Williamsburg - Bushwick,Winter 2018-19,2018-12-01,8.1,,2018,12,4,2
643521,375,Nitrogen dioxide (NO2),Mean,ppb,UHF34,409,Southeast Queens,Winter 2018-19,2018-12-01,17.99,,2018,12,4,2
650001,365,Fine particles (PM 2.5),Mean,mcg/m3,CD,312,Borough Park (CD12),Winter 2018-19,2018-12-01,6.97,,2018,12,4,2
643455,375,Nitrogen dioxide (NO2),Mean,ppb,UHF34,104,Pelham - Throgs Neck,Winter 2018-19,2018-12-01,20.36,,2018,12,4,2
649761,365,Fine particles (PM 2.5),Mean,mcg/m3,UHF42,405,Ridgewood - Forest Hills,Winter 2018-19,2018-12-01,7.17,,2018,12,4,2
643581,375,Nitrogen dioxide (NO2),Mean,ppb,CD,111,East Harlem (CD11),Winter 2018-19,2018-12-01,24.45,,2018,12,4,2
643671,375,Nitrogen dioxide (NO2),Mean,ppb,CD,317,East Flatbush (CD17),Winter 2018-19,2018-12-01,21.94,,2018,12,4,2
643350,375,Nitrogen dioxide (NO2),Mean,ppb,UHF42,204,East New York,Winter 2018-19,2018-12-01,21.57,,2018,12,4,2
649728,365,Fine particles (PM 2.5),Mean,mcg/m3,UHF42,304,Upper West Side,Winter 2018-19,2018-12-01,8.16,,2018,12,4,2
649764,365,Fine particles (PM 2.5),Mean,mcg/m3,UHF42,406,Fresh Meadows,Winter 2018-19,2018-12-01,6.83,,2018,12,4,2
650049,365,Fine particles (PM 2.5),Mean,mcg/m3,CD,410,South Ozone Park and Howard Beach (CD10),Winter 2018-19,2018-12-01,6.72,,2018,12,4,2
650013,365,Fine particles (PM 2.5),Mean,mcg/m3,CD,316,Brownsville (CD16),Winter 2018-19,2018-12-01,7.24,,2018,12,4,2
650028,365,Fine particles (PM 2.5),Mean,mcg/m3,CD,403,Jackson Heights (CD3),Winter 2018-19,2018-12-01,7.3,,2018,12,4,2
643557,375,Nitrogen dioxide (NO2),Mean,ppb,CD,103,Lower East Side and Chinatown (CD3),Winter 2018-19,2018-12-01,25.62,,2018,12,4,2
649695,365,Fine particles (PM 2.5),Mean,mcg/m3,UHF42,204,East New York,Winter 2018-19,2018-12-01,7.15,,2018,12,4,2
649671,365,Fine particles (PM 2.5),Mean,mcg/m3,UHF42,103,Fordham - Bronx Pk,Winter 2018-19,2018-12-01,7.2,,2018,12,4,2
643329,375,Nitrogen dioxide (NO2),Mean,ppb,UHF42,104,Pelham - Throgs Neck,Winter 2018-19,2018-12-01,20.36,,2018,12,4,2
643314,375,Nitrogen dioxide (NO2),Mean,ppb,Borough,4,Queens,Winter 2018-19,2018-12-01,20.42,,2018,12,4,2
643575,375,Nitrogen dioxide (NO2),Mean,ppb,CD,109,Morningside Heights and Hamilton Heights (CD9),Winter 2018-19,2018-12-01,24.2,,2018,12,4,2
643701,375,Nitrogen dioxide (NO2),Mean,ppb,CD,409,Kew Gardens and Woodhaven (CD9),Winter 2018-19,2018-12-01,21.45,,2018,12,4,2
643500,375,Nitrogen dioxide (NO2),Mean,ppb,UHF34,304,Upper West Side,Winter 2018-19,2018-12-01,25.25,,2018,12,4,2
643620,375,Nitrogen dioxide (NO2),Mean,ppb,CD,212,Williamsbridge and Baychester (CD12),Winter 2018-19,2018-12-01,18.66,,2018,12,4,2
643563,375,Nitrogen dioxide (NO2),Mean,ppb,CD,105,Midtown (CD5),Winter 2018-19,2018-12-01,31.49,,2018,12,4,2
649692,365,Fine particles (PM 2.5),Mean,mcg/m3,UHF42,203,Bedford Stuyvesant - Crown Heights,Winter 2018-19,2018-12-01,7.23,,2018,12,4,2
649650,365,Fine particles (PM 2.5),Mean,mcg/m3,Borough,1,Bronx,Winter 2018-19,2018-12-01,7.46,,2018,12,4,2
643440,375,Nitrogen dioxide (NO2),Mean,ppb,UHF42,503,Willowbrook,Winter 2018-19,2018-12-01,16.55,,2018,12,4,2
649731,365,Fine particles (PM 2.5),Mean,mcg/m3,UHF42,305,Upper East Side,Winter 2018-19,2018-12-01,8.96,,2018,12,4,2
643344,375,Nitrogen dioxide (NO2),Mean,ppb,UHF42,202,Downtown - Heights - Slope,Winter 2018-19,2018-12-01,24.83,,2018,12,4,2
649962,365,Fine particles (PM 2.5),Mean,mcg/m3,CD,211,Morris Park and Bronxdale (CD11),Winter 2018-19,2018-12-01,7.15,,2018,12,4,2
643725,375,Nitrogen dioxide (NO2),Mean,ppb,CD,503,Tottenville and Great Kills (CD3),Winter 2018-19,2018-12-01,14.15,,2018,12,4,2
643551,375,Nitrogen dioxide (NO2),Mean,ppb,CD,101,Financial District (CD1),Winter 2018-19,2018-12-01,27.89,,2018,12,4,2
643695,375,Nitrogen dioxide (NO2),Mean,ppb,CD,407,Flushing and Whitestone (CD7),Winter 2018-19,2018-12-01,21.31,,2018,12,4,2
643689,375,Nitrogen dioxide (NO2),Mean,ppb,CD,405,Ridgewood and Maspeth (CD5),Winter 2018-19,2018-12-01,23.02,,2018,12,4,2
643413,375,Nitrogen dioxide (NO2),Mean,ppb,UHF42,404,Bayside - Little Neck,Winter 2018-19,2018-12-01,18.18,,2018,12,4,2
649677,365,Fine particles (PM 2.5),Mean,mcg/m3,UHF42,105,Crotona -Tremont,Winter 2018-19,2018-12-01,7.89,,2018,12,4,2
643608,375,Nitrogen dioxide (NO2),Mean,ppb,CD,208,Riverdale and Fieldston (CD8),Winter 2018-19,2018-12-01,18.31,,2018,12,4,2
649959,365,Fine particles (PM 2.5),Mean,mcg/m3,CD,210,Throgs Neck and Co-op City (CD10),Winter 2018-19,2018-12-01,7.3,,2018,12,4,2
643716,375,Nitrogen dioxide (NO2),Mean,ppb,CD,414,Rockaway and Broad Channel (CD14),Winter 2018-19,2018-12-01,13.88,,2018,12,4,2
643461,375,Nitrogen dioxide (NO2),Mean,ppb,UHF34,202,Downtown - Heights - Slope,Winter 2018-19,2018-12-01,24.83,,2018,12,4,2
643386,375,Nitrogen dioxide (NO2),Mean,ppb,UHF42,305,Upper East Side,Winter 2018-19,2018-12-01,26.49,,2018,12,4,2
643683,375,Nitrogen dioxide (NO2),Mean,ppb,CD,403,Jackson Heights (CD3),Winter 2018-19,2018-12-01,23.27,,2018,12,4,2
643395,375,Nitrogen dioxide (NO2),Mean,ppb,UHF42,308,Greenwich Village - SoHo,Winter 2018-19,2018-12-01,27.47,,2018,12,4,2
649968,365,Fine particles (PM 2.5),Mean,mcg/m3,CD,301,Greenpoint and Williamsburg (CD1),Winter 2018-19,2018-12-01,9.27,,2018,12,4,2
650007,365,Fine particles (PM 2.5),Mean,mcg/m3,CD,314,Flatbush and Midwood (CD14),Winter 2018-19,2018-12-01,6.82,,2018,12,4,2
643392,375,Nitrogen dioxide (NO2),Mean,ppb,UHF42,307,Gramercy Park - Murray Hill,Winter 2018-19,2018-12-01,29.66,,2018,12,4,2
649794,365,Fine particles (PM 2.5),Mean,mcg/m3,UHF34,102,Northeast Bronx,Winter 2018-19,2018-12-01,7.19,,2018,12,4,2
643506,375,Nitrogen dioxide (NO2),Mean,ppb,UHF34,402,West Queens,Winter 2018-19,2018-12-01,24.36,,2018,12,4,2
649800,365,Fine particles (PM 2.5),Mean,mcg/m3,UHF34,104,Pelham - Throgs Neck,Winter 2018-19,2018-12-01,7.31,,2018,12,4,2
643656,375,Nitrogen dioxide (NO2),Mean,ppb,CD,312,Borough Park (CD12),Winter 2018-19,2018-12-01,22.11,,2018,12,4,2
643599,375,Nitrogen dioxide (NO2),Mean,ppb,CD,205,Fordham and University Heights (CD5),Winter 2018-19,2018-12-01,23.1,,2018,12,4,2
649896,365,Fine particles (PM 2.5),Mean,mcg/m3,CD,101,Financial District (CD1),Winter 2018-19,2018-12-01,9.52,,2018,12,4,2
649791,365,Fine particles (PM 2.5),Mean,mcg/m3,UHF34,101,Kingsbridge - Riverdale,Winter 2018-19,2018-12-01,7.18,,2018,12,4,2
643512,375,Nitrogen dioxide (NO2),Mean,ppb,UHF34,405,Ridgewood - Forest Hills,Winter 2018-19,2018-12-01,22.03,,2018,12,4,2
643617,375,Nitrogen dioxide (NO2),Mean,ppb,CD,211,Morris Park and Bronxdale (CD11),Winter 2018-19,2018-12-01,20.23,,2018,12,4,2
643359,375,Nitrogen dioxide (NO2),Mean,ppb,UHF42,207,East Flatbush - Flatbush,Winter 2018-19,2018-12-01,21.71,,2018,12,4,2
643602,375,Nitrogen dioxide (NO2),Mean,ppb,CD,206,Belmont and East Tremont (CD6),Winter 2018-19,2018-12-01,22.02,,2018,12,4,2
649824,365,Fine particles (PM 2.5),Mean,mcg/m3,UHF34,208,Canarsie - Flatlands,Winter 2018-19,2018-12-01,6.74,,2018,12,4,2
643692,375,Nitrogen dioxide (NO2),Mean,ppb,CD,406,Rego Park and Forest Hills (CD6),Winter 2018-19,2018-12-01,21.88,,2018,12,4,2
649707,365,Fine particles (PM 2.5),Mean,mcg/m3,UHF42,208,Canarsie - Flatlands,Winter 2018-19,2018-12-01,6.74,,2018,12,4,2
649746,365,Fine particles (PM 2.5),Mean,mcg/m3,UHF42,310,Lower Manhattan,Winter 2018-19,2018-12-01,9.29,,2018,12,4,2
643614,375,Nitrogen dioxide (NO2),Mean,ppb,CD,210,Throgs Neck and Co-op City (CD10),Winter 2018-19,2018-12-01,19.26,,2018,12,4,2
643401,375,Nitrogen dioxide (NO2),Mean,ppb,UHF42,310,Lower Manhattan,Winter 2018-19,2018-12-01,27.74,,2018,12,4,2
643398,375,Nitrogen dioxide (NO2),Mean,ppb,UHF42,309,Union Square - Lower East Side,Winter 2018-19,2018-12-01,25.9,,2018,12,4,2
650034,365,Fine particles (PM 2.5),Mean,mcg/m3,CD,405,Ridgewood and Maspeth (CD5),Winter 2018-19,2018-12-01,7.57,,2018,12,4,2
643533,375,Nitrogen dioxide (NO2),Mean,ppb,UHF34,309310,Union Square-Lower Manhattan,Winter 2018-19,2018-12-01,26.48,,2018,12,4,2
643674,375,Nitrogen dioxide (NO2),Mean,ppb,CD,318,Flatlands and Canarsie (CD18),Winter 2018-19,2018-12-01,18.63,,2018,12,4,2
643662,375,Nitrogen dioxide (NO2),Mean,ppb,CD,314,Flatbush and Midwood (CD14),Winter 2018-19,2018-12-01,21.07,,2018,12,4,2
649842,365,Fine particles (PM 2.5),Mean,mcg/m3,UHF34,303,East Harlem,Winter 2018-19,2018-12-01,7.79,,2018,12,4,2
643560,375,Nitrogen dioxide (NO2),Mean,ppb,CD,104,Clinton and Chelsea (CD4),Winter 2018-19,2018-12-01,28.31,,2018,12,4,2
650037,365,Fine particles (PM 2.5),Mean,mcg/m3,CD,406,Rego Park and Forest Hills (CD6),Winter 2018-19,2018-12-01,7.16,,2018,12,4,2
649749,365,Fine particles (PM 2.5),Mean,mcg/m3,UHF42,401,Long Island City - Astoria,Winter 2018-19,2018-12-01,8.62,,2018,12,4,2
643611,375,Nitrogen dioxide (NO2),Mean,ppb,CD,209,Parkchester and Soundview (CD9),Winter 2018-19,2018-12-01,21.53,,2018,12,4,2
643650,375,Nitrogen dioxide (NO2),Mean,ppb,CD,310,Bay Ridge and Dyker Heights (CD10),Winter 2018-19,2018-12-01,21.18,,2018,12,4,2
649803,365,Fine particles (PM 2.5),Mean,mcg/m3,UHF34,201,Greenpoint,Winter 2018-19,2018-12-01,9.24,,2018,12,4,2
643380,375,Nitrogen dioxide (NO2),Mean,ppb,UHF42,303,East Harlem,Winter 2018-19,2018-12-01,24.44,,2018,12,4,2
643410,375,Nitrogen dioxide (NO2),Mean,ppb,UHF42,403,Flushing - Clearview,Winter 2018-19,2018-12-01,21.25,,2018,12,4,2
650055,365,Fine particles (PM 2.5),Mean,mcg/m3,CD,412,Jamaica and Hollis (CD12),Winter 2018-19,2018-12-01,6.92,,2018,12,4,2
643434,375,Nitrogen dioxide (NO2),Mean,ppb,UHF42,501,Port Richmond,Winter 2018-19,2018-12-01,20.12,,2018,12,4,2
643419,375,Nitrogen dioxide (NO2),Mean,ppb,UHF42,406,Fresh Meadows,Winter 2018-19,2018-12-01,20.31,,2018,12,4,2
643308,375,Nitrogen dioxide (NO2),Mean,ppb,Borough,2,Brooklyn,Winter 2018-19,2018-12-01,21.79,,2018,12,4,2
643494,375,Nitrogen dioxide (NO2),Mean,ppb,UHF34,302,Central Harlem - Morningside Heights,Winter 2018-19,2018-12-01,24.69,,2018,12,4,2
643677,375,Nitrogen dioxide (NO2),Mean,ppb,CD,401,Long Island City and Astoria (CD1),Winter 2018-19,2018-12-01,23.99,,2018,12,4,2
643665,375,Nitrogen dioxide (NO2),Mean,ppb,CD,315,Sheepshead Bay (CD15),Winter 2018-19,2018-12-01,18.67,,2018,12,4,2
643704,375,Nitrogen dioxide (NO2),Mean,ppb,CD,410,South Ozone Park and Howard Beach (CD10),Winter 2018-19,2018-12-01,19.71,,2018,12,4,2
643365,375,Nitrogen dioxide (NO2),Mean,ppb,UHF42,209,Bensonhurst - Bay Ridge,Winter 2018-19,2018-12-01,20.53,,2018,12,4,2
649740,365,Fine particles (PM 2.5),Mean,mcg/m3,UHF42,308,Greenwich Village - SoHo,Winter 2018-19,2018-12-01,11.04,,2018,12,4,2
643524,375,Nitrogen dioxide (NO2),Mean,ppb,UHF34,410,Rockaways,Winter 2018-19,2018-12-01,13.95,,2018,12,4,2
649965,365,Fine particles (PM 2.5),Mean,mcg/m3,CD,212,Williamsbridge and Baychester (CD12),Winter 2018-19,2018-12-01,7.14,,2018,12,4,2
643479,375,Nitrogen dioxide (NO2),Mean,ppb,UHF34,208,Canarsie - Flatlands,Winter 2018-19,2018-12-01,18.66,,2018,12,4,2
649953,365,Fine particles (PM 2.5),Mean,mcg/m3,CD,208,Riverdale and Fieldston (CD8),Winter 2018-19,2018-12-01,7.13,,2018,12,4,2
649854,365,Fine particles (PM 2.5),Mean,mcg/m3,UHF34,403,Flushing - Clearview,Winter 2018-19,2018-12-01,7.24,,2018,12,4,2
649977,365,Fine particles (PM 2.5),Mean,mcg/m3,CD,304,Bushwick (CD4),Winter 2018-19,2018-12-01,7.71,,2018,12,4,2
643644,375,Nitrogen dioxide (NO2),Mean,ppb,CD,308,Crown Heights and Prospect Heights (CD8),Winter 2018-19,2018-12-01,23.59,,2018,12,4,2
649905,365,Fine particles (PM 2.5),Mean,mcg/m3,CD,104,Clinton and Chelsea (CD4),Winter 2018-19,2018-12-01,10.61,,2018,12,4,2
649956,365,Fine particles (PM 2.5),Mean,mcg/m3,CD,209,Parkchester and Soundview (CD9),Winter 2018-19,2018-12-01,7.39,,2018,12,4,2
643710,375,Nitrogen dioxide (NO2),Mean,ppb,CD,412,Jamaica and Hollis (CD12),Winter 2018-19,2018-12-01,19.91,,2018,12,4,2
649674,365,Fine particles (PM 2.5),Mean,mcg/m3,UHF42,104,Pelham - Throgs Neck,Winter 2018-19,2018-12-01,7.31,,2018,12,4,2
649797,365,Fine particles (PM 2.5),Mean,mcg/m3,UHF34,103,Fordham - Bronx Pk,Winter 2018-19,2018-12-01,7.2,,2018,12,4,2
649758,365,Fine particles (PM 2.5),Mean,mcg/m3,UHF42,404,Bayside - Little Neck,Winter 2018-19,2018-12-01,6.92,,2018,12,4,2
643467,375,Nitrogen dioxide (NO2),Mean,ppb,UHF34,204,East New York,Winter 2018-19,2018-12-01,21.57,,2018,12,4,2
649701,365,Fine particles (PM 2.5),Mean,mcg/m3,UHF42,206,Borough Park,Winter 2018-19,2018-12-01,6.93,,2018,12,4,2
649683,365,Fine particles (PM 2.5),Mean,mcg/m3,UHF42,107,Hunts Point - Mott Haven,Winter 2018-19,2018-12-01,8.03,,2018,12,4,2
643542,375,Nitrogen dioxide (NO2),Mean,ppb,UHF34,503504,Southern SI,Winter 2018-19,2018-12-01,15.1,,2018,12,4,2
643416,375,Nitrogen dioxide (NO2),Mean,ppb,UHF42,405,Ridgewood - Forest Hills,Winter 2018-19,2018-12-01,22.03,,2018,12,4,2
643407,375,Nitrogen dioxide (NO2),Mean,ppb,UHF42,402,West Queens,Winter 2018-19,2018-12-01,24.36,,2018,12,4,2
643545,375,Nitrogen dioxide (NO2),Mean,ppb,UHF34,105106107,South Bronx,Winter 2018-19,2018-12-01,23.64,,2018,12,4,2
649653,365,Fine particles (PM 2.5),Mean,mcg/m3,Borough,2,Brooklyn,Winter 2018-19,2018-12-01,7.29,,2018,12,4,2
649704,365,Fine particles (PM 2.5),Mean,mcg/m3,UHF42,207,East Flatbush - Flatbush,Winter 2018-19,2018-12-01,6.91,,2018,12,4,2
650040,365,Fine particles (PM 2.5),Mean,mcg/m3,CD,407,Flushing and Whitestone (CD7),Winter 2018-19,2018-12-01,7.29,,2018,12,4,2
649686,365,Fine particles (PM 2.5),Mean,mcg/m3,UHF42,201,Greenpoint,Winter 2018-19,2018-12-01,9.24,,2018,12,4,2
643518,375,Nitrogen dioxide (NO2),Mean,ppb,UHF34,408,Jamaica,Winter 2018-19,2018-12-01,19.86,,2018,12,4,2
649887,365,Fine particles (PM 2.5),Mean,mcg/m3,UHF34,503504,Southern SI,Winter 2018-19,2018-12-01,6.46,,2018,12,4,2
643458,375,Nitrogen dioxide (NO2),Mean,ppb,UHF34,201,Greenpoint,Winter 2018-19,2018-12-01,26.69,,2018,12,4,2
649935,365,Fine particles (PM 2.5),Mean,mcg/m3,CD,202,Hunts Point and Longwood (CD2),Winter 2018-19,2018-12-01,8.32,,2018,12,4,2
643368,375,Nitrogen dioxide (NO2),Mean,ppb,UHF42,210,Coney Island - Sheepshead Bay,Winter 2018-19,2018-12-01,18.52,,2018,12,4,2
643635,375,Nitrogen dioxide (NO2),Mean,ppb,CD,305,East New York and Starrett City (CD5),Winter 2018-19,2018-12-01,21.16,,2018,12,4,2
643311,375,Nitrogen dioxide (NO2),Mean,ppb,Borough,3,Manhattan,Winter 2018-19,2018-12-01,26.02,,2018,12,4,2
643335,375,Nitrogen dioxide (NO2),Mean,ppb,UHF42,106,High Bridge - Morrisania,Winter 2018-19,2018-12-01,23.89,,2018,12,4,2
650004,365,Fine particles (PM 2.5),Mean,mcg/m3,CD,313,Coney Island (CD13),Winter 2018-19,2018-12-01,6.61,,2018,12,4,2
649782,365,Fine particles (PM 2.5),Mean,mcg/m3,UHF42,502,Stapleton - St. George,Winter 2018-19,2018-12-01,6.44,,2018,12,4,2
649857,365,Fine particles (PM 2.5),Mean,mcg/m3,UHF34,405,Ridgewood - Forest Hills,Winter 2018-19,2018-12-01,7.17,,2018,12,4,2
643605,375,Nitrogen dioxide (NO2),Mean,ppb,CD,207,Kingsbridge Heights and Bedford (CD7),Winter 2018-19,2018-12-01,20.99,,2018,12,4,2
643326,375,Nitrogen dioxide (NO2),Mean,ppb,UHF42,103,Fordham - Bronx Pk,Winter 2018-19,2018-12-01,19.92,,2018,12,4,2
650025,365,Fine particles (PM 2.5),Mean,mcg/m3,CD,402,Woodside and Sunnyside (CD2),Winter 2018-19,2018-12-01,9.07,,2018,12,4,2
649809,365,Fine particles (PM 2.5),Mean,mcg/m3,UHF34,203,Bedford Stuyvesant - Crown Heights,Winter 2018-19,2018-12-01,7.23,,2018,12,4,2
649914,365,Fine particles (PM 2.5),Mean,mcg/m3,CD,107,Upper West Side (CD7),Winter 2018-19,2018-12-01,8.16,,2018,12,4,2
649698,365,Fine particles (PM 2.5),Mean,mcg/m3,UHF42,205,Sunset Park,Winter 2018-19,2018-12-01,7.97,,2018,12,4,2
649971,365,Fine particles (PM 2.5),Mean,mcg/m3,CD,302,Fort Greene and Brooklyn Heights (CD2),Winter 2018-19,2018-12-01,7.94,,2018,12,4,2
643719,375,Nitrogen dioxide (NO2),Mean,ppb,CD,501,St. George and Stapleton (CD1),Winter 2018-19,2018-12-01,19.48,,2018,12,4,2
643338,375,Nitrogen dioxide (NO2),Mean,ppb,UHF42,107,Hunts Point - Mott Haven,Winter 2018-19,2018-12-01,24.22,,2018,12,4,2
643629,375,Nitrogen dioxide (NO2),Mean,ppb,CD,303,Bedford Stuyvesant (CD3),Winter 2018-19,2018-12-01,23.82,,2018,12,4,2
649986,365,Fine particles (PM 2.5),Mean,mcg/m3,CD,307,Sunset Park (CD7),Winter 2018-19,2018-12-01,8.02,,2018,12,4,2
649821,365,Fine particles (PM 2.5),Mean,mcg/m3,UHF34,207,East Flatbush - Flatbush,Winter 2018-19,2018-12-01,6.91,,2018,12,4,2
643482,375,Nitrogen dioxide (NO2),Mean,ppb,UHF34,209,Bensonhurst - Bay Ridge,Winter 2018-19,2018-12-01,20.53,,2018,12,4,2
649923,365,Fine particles (PM 2.5),Mean,mcg/m3,CD,110,Central Harlem (CD10),Winter 2018-19,2018-12-01,7.55,,2018,12,4,2
643527,375,Nitrogen dioxide (NO2),Mean,ppb,UHF34,305307,Upper East Side-Gramercy,Winter 2018-19,2018-12-01,27.97,,2018,12,4,2
649884,365,Fine particles (PM 2.5),Mean,mcg/m3,UHF34,501502,Northern SI,Winter 2018-19,2018-12-01,6.59,,2018,12,4,2
643305,375,Nitrogen dioxide (NO2),Mean,ppb,Borough,1,Bronx,Winter 2018-19,2018-12-01,20.89,,2018,12,4,2
649779,365,Fine particles (PM 2.5),Mean,mcg/m3,UHF42,501,Port Richmond,Winter 2018-19,2018-12-01,6.86,,2018,12,4,2
649893,365,Fine particles (PM 2.5),Mean,mcg/m3,Citywide,1,New York City,Winter 2018-19,2018-12-01,7.25,,2018,12,4,2
643470,375,Nitrogen dioxide (NO2),Mean,ppb,UHF34,205,Sunset Park,Winter 2018-19,2018-12-01,23.31,,2018,12,4,2
643473,375,Nitrogen dioxide (NO2),Mean,ppb,UHF34,206,Borough Park,Winter 2018-19,2018-12-01,21.76,,2018,12,4,2
643320,375,Nitrogen dioxide (NO2),Mean,ppb,UHF42,101,Kingsbridge - Riverdale,Winter 2018-19,2018-12-01,18.32,,2018,12,4,2
643593,375,Nitrogen dioxide (NO2),Mean,ppb,CD,203,Morrisania and Crotona (CD3),Winter 2018-19,2018-12-01,22.99,,2018,12,4,2
649941,365,Fine particles (PM 2.5),Mean,mcg/m3,CD,204,Highbridge and Concourse (CD4),Winter 2018-19,2018-12-01,7.89,,2018,12,4,2
643539,375,Nitrogen dioxide (NO2),Mean,ppb,UHF34,501502,Northern SI,Winter 2018-19,2018-12-01,18.62,,2018,12,4,2
649860,365,Fine particles (PM 2.5),Mean,mcg/m3,UHF34,407,Southwest Queens,Winter 2018-19,2018-12-01,6.86,,2018,12,4,2
643626,375,Nitrogen dioxide (NO2),Mean,ppb,CD,302,Fort Greene and Brooklyn Heights (CD2),Winter 2018-19,2018-12-01,24.72,,2018,12,4,2
643488,375,Nitrogen dioxide (NO2),Mean,ppb,UHF34,211,Williamsburg - Bushwick,Winter 2018-19,2018-12-01,25.25,,2018,12,4,2
643587,375,Nitrogen dioxide (NO2),Mean,ppb,CD,201,Mott Haven and Melrose (CD1),Winter 2018-19,2018-12-01,25.02,,2018,12,4,2
649998,365,Fine particles (PM 2.5),Mean,mcg/m3,CD,311,Bensonhurst (CD11),Winter 2018-19,2018-12-01,6.78,,2018,12,4,2
649863,365,Fine particles (PM 2.5),Mean,mcg/m3,UHF34,408,Jamaica,Winter 2018-19,2018-12-01,6.93,,2018,12,4,2
643446,375,Nitrogen dioxide (NO2),Mean,ppb,UHF34,101,Kingsbridge - Riverdale,Winter 2018-19,2018-12-01,18.32,,2018,12,4,2
643431,375,Nitrogen dioxide (NO2),Mean,ppb,UHF42,410,Rockaways,Winter 2018-19,2018-12-01,13.95,,2018,12,4,2
649974,365,Fine particles (PM 2.5),Mean,mcg/m3,CD,303,Bedford Stuyvesant (CD3),Winter 2018-19,2018-12-01,7.2,,2018,12,4,2
649785,365,Fine particles (PM 2.5),Mean,mcg/m3,UHF42,503,Willowbrook,Winter 2018-19,2018-12-01,6.53,,2018,12,4,2
649755,365,Fine particles (PM 2.5),Mean,mcg/m3,UHF42,403,Flushing - Clearview,Winter 2018-19,2018-12-01,7.24,,2018,12,4,2
643428,375,Nitrogen dioxide (NO2),Mean,ppb,UHF42,409,Southeast Queens,Winter 2018-19,2018-12-01,17.99,,2018,12,4,2
649743,365,Fine particles (PM 2.5),Mean,mcg/m3,UHF42,309,Union Square - Lower East Side,Winter 2018-19,2018-12-01,10.08,,2018,12,4,2
649845,365,Fine particles (PM 2.5),Mean,mcg/m3,UHF34,304,Upper West Side,Winter 2018-19,2018-12-01,8.16,,2018,12,4,2
649920,365,Fine particles (PM 2.5),Mean,mcg/m3,CD,109,Morningside Heights and Hamilton Heights (CD9),Winter 2018-19,2018-12-01,7.53,,2018,12,4,2
649656,365,Fine particles (PM 2.5),Mean,mcg/m3,Borough,3,Manhattan,Winter 2018-19,2018-12-01,9.33,,2018,12,4,2
650031,365,Fine particles (PM 2.5),Mean,mcg/m3,CD,404,Elmhurst and Corona (CD4),Winter 2018-19,2018-12-01,7.58,,2018,12,4,2
649812,365,Fine particles (PM 2.5),Mean,mcg/m3,UHF34,204,East New York,Winter 2018-19,2018-12-01,7.15,,2018,12,4,2
643641,375,Nitrogen dioxide (NO2),Mean,ppb,CD,307,Sunset Park (CD7),Winter 2018-19,2018-12-01,23.44,,2018,12,4,2
649902,365,Fine particles (PM 2.5),Mean,mcg/m3,CD,103,Lower East Side and Chinatown (CD3),Winter 2018-19,2018-12-01,9.84,,2018,12,4,2
649776,365,Fine particles (PM 2.5),Mean,mcg/m3,UHF42,410,Rockaways,Winter 2018-19,2018-12-01,6.28,,2018,12,4,2
643422,375,Nitrogen dioxide (NO2),Mean,ppb,UHF42,407,Southwest Queens,Winter 2018-19,2018-12-01,20.41,,2018,12,4,2
643449,375,Nitrogen dioxide (NO2),Mean,ppb,UHF34,102,Northeast Bronx,Winter 2018-19,2018-12-01,19.11,,2018,12,4,2
643425,375,Nitrogen dioxide (NO2),Mean,ppb,UHF42,408,Jamaica,Winter 2018-19,2018-12-01,19.86,,2018,12,4,2
650010,365,Fine particles (PM 2.5),Mean,mcg/m3,CD,315,Sheepshead Bay (CD15),Winter 2018-19,2018-12-01,6.73,,2018,12,4,2
649836,365,Fine particles (PM 2.5),Mean,mcg/m3,UHF34,301,Washington Heights,Winter 2018-19,2018-12-01,7.76,,2018,12,4,2
643347,375,Nitrogen dioxide (NO2),Mean,ppb,UHF42,203,Bedford Stuyvesant - Crown Heights,Winter 2018-19,2018-12-01,23.23,,2018,12,4,2
643353,375,Nitrogen dioxide (NO2),Mean,ppb,UHF42,205,Sunset Park,Winter 2018-19,2018-12-01,23.31,,2018,12,4,2
643638,375,Nitrogen dioxide (NO2),Mean,ppb,CD,306,Park Slope and Carroll Gardens (CD6),Winter 2018-19,2018-12-01,24.97,,2018,12,4,2
649827,365,Fine particles (PM 2.5),Mean,mcg/m3,UHF34,209,Bensonhurst - Bay Ridge,Winter 2018-19,2018-12-01,6.85,,2018,12,4,2
643548,375,Nitrogen dioxide (NO2),Mean,ppb,Citywide,1,New York City,Winter 2018-19,2018-12-01,20.34,,2018,12,4,2
643362,375,Nitrogen dioxide (NO2),Mean,ppb,UHF42,208,Canarsie - Flatlands,Winter 2018-19,2018-12-01,18.66,,2018,12,4,2
650070,365,Fine particles (PM 2.5),Mean,mcg/m3,CD,503,Tottenville and Great Kills (CD3),Winter 2018-19,2018-12-01,6.45,,2018,12,4,2
649980,365,Fine particles (PM 2.5),Mean,mcg/m3,CD,305,East New York and Starrett City (CD5),Winter 2018-19,2018-12-01,7.12,,2018,12,4,2
650061,365,Fine particles (PM 2.5),Mean,mcg/m3,CD,414,Rockaway and Broad Channel (CD14),Winter 2018-19,2018-12-01,6.28,,2018,12,4,2
649944,365,Fine particles (PM 2.5),Mean,mcg/m3,CD,205,Fordham and University Heights (CD5),Winter 2018-19,2018-12-01,7.97,,2018,12,4,2
649662,365,Fine particles (PM 2.5),Mean,mcg/m3,Borough,5,Staten Island,Winter 2018-19,2018-12-01,6.5,,2018,12,4,2
649851,365,Fine particles (PM 2.5),Mean,mcg/m3,UHF34,402,West Queens,Winter 2018-19,2018-12-01,8.01,,2018,12,4,2
650052,365,Fine particles (PM 2.5),Mean,mcg/m3,CD,411,Bayside and Little Neck (CD11),Winter 2018-19,2018-12-01,6.89,,2018,12,4,2
649806,365,Fine particles (PM 2.5),Mean,mcg/m3,UHF34,202,Downtown - Heights - Slope,Winter 2018-19,2018-12-01,8.15,,2018,12,4,2
650046,365,Fine particles (PM 2.5),Mean,mcg/m3,CD,409,Kew Gardens and Woodhaven (CD9),Winter 2018-19,2018-12-01,7.07,,2018,12,4,2
643332,375,Nitrogen dioxide (NO2),Mean,ppb,UHF42,105,Crotona -Tremont,Winter 2018-19,2018-12-01,22.62,,2018,12,4,2
649926,365,Fine particles (PM 2.5),Mean,mcg/m3,CD,111,East Harlem (CD11),Winter 2018-19,2018-12-01,7.8,,2018,12,4,2
649869,365,Fine particles (PM 2.5),Mean,mcg/m3,UHF34,410,Rockaways,Winter 2018-19,2018-12-01,6.28,,2018,12,4,2
650064,365,Fine particles (PM 2.5),Mean,mcg/m3,CD,501,St. George and Stapleton (CD1),Winter 2018-19,2018-12-01,6.68,,2018,12,4,2
643686,375,Nitrogen dioxide (NO2),Mean,ppb,CD,404,Elmhurst and Corona (CD4),Winter 2018-19,2018-12-01,23.86,,2018,12,4,2
643317,375,Nitrogen dioxide (NO2),Mean,ppb,Borough,5,Staten Island,Winter 2018-19,2018-12-01,16.15,,2018,12,4,2
649995,365,Fine particles (PM 2.5),Mean,mcg/m3,CD,310,Bay Ridge and Dyker Heights (CD10),Winter 2018-19,2018-12-01,7.04,,2018,12,4,2
643584,375,Nitrogen dioxide (NO2),Mean,ppb,CD,112,Washington Heights and Inwood (CD12),Winter 2018-19,2018-12-01,21.82,,2018,12,4,2
649908,365,Fine particles (PM 2.5),Mean,mcg/m3,CD,105,Midtown (CD5),Winter 2018-19,2018-12-01,13.46,,2018,12,4,2
643404,375,Nitrogen dioxide (NO2),Mean,ppb,UHF42,401,Long Island City - Astoria,Winter 2018-19,2018-12-01,25.7,,2018,12,4,2
643437,375,Nitrogen dioxide (NO2),Mean,ppb,UHF42,502,Stapleton - St. George,Winter 2018-19,2018-12-01,17.83,,2018,12,4,2
643596,375,Nitrogen dioxide (NO2),Mean,ppb,CD,204,Highbridge and Concourse (CD4),Winter 2018-19,2018-12-01,23.79,,2018,12,4,2
643503,375,Nitrogen dioxide (NO2),Mean,ppb,UHF34,401,Long Island City - Astoria,Winter 2018-19,2018-12-01,25.7,,2018,12,4,2
649788,365,Fine particles (PM 2.5),Mean,mcg/m3,UHF42,504,South Beach - Tottenville,Winter 2018-19,2018-12-01,6.43,,2018,12,4,2
649983,365,Fine particles (PM 2.5),Mean,mcg/m3,CD,306,Park Slope and Carroll Gardens (CD6),Winter 2018-19,2018-12-01,8.38,,2018,12,4,2
643572,375,Nitrogen dioxide (NO2),Mean,ppb,CD,108,Upper East Side (CD8),Winter 2018-19,2018-12-01,26.54,,2018,12,4,2
649665,365,Fine particles (PM 2.5),Mean,mcg/m3,UHF42,101,Kingsbridge - Riverdale,Winter 2018-19,2018-12-01,7.18,,2018,12,4,2
643464,375,Nitrogen dioxide (NO2),Mean,ppb,UHF34,203,Bedford Stuyvesant - Crown Heights,Winter 2018-19,2018-12-01,23.23,,2018,12,4,2
643485,375,Nitrogen dioxide (NO2),Mean,ppb,UHF34,210,Coney Island - Sheepshead Bay,Winter 2018-19,2018-12-01,18.52,,2018,12,4,2
649716,365,Fine particles (PM 2.5),Mean,mcg/m3,UHF42,211,Williamsburg - Bushwick,Winter 2018-19,2018-12-01,8.1,,2018,12,4,2
643497,375,Nitrogen dioxide (NO2),Mean,ppb,UHF34,303,East Harlem,Winter 2018-19,2018-12-01,24.44,,2018,12,4,2
649929,365,Fine particles (PM 2.5),Mean,mcg/m3,CD,112,Washington Heights and Inwood (CD12),Winter 2018-19,2018-12-01,7.84,,2018,12,4,2
650058,365,Fine particles (PM 2.5),Mean,mcg/m3,CD,413,Queens Village (CD13),Winter 2018-19,2018-12-01,6.74,,2018,12,4,2
649734,365,Fine particles (PM 2.5),Mean,mcg/m3,UHF42,306,Chelsea - Clinton,Winter 2018-19,2018-12-01,11.75,,2018,12,4,2
649773,365,Fine particles (PM 2.5),Mean,mcg/m3,UHF42,409,Southeast Queens,Winter 2018-19,2018-12-01,6.73,,2018,12,4,2
649659,365,Fine particles (PM 2.5),Mean,mcg/m3,Borough,4,Queens,Winter 2018-19,2018-12-01,7.14,,2018,12,4,2
643389,375,Nitrogen dioxide (NO2),Mean,ppb,UHF42,306,Chelsea - Clinton,Winter 2018-19,2018-12-01,29.47,,2018,12,4,2
602808,375,Nitrogen dioxide (NO2),Mean,ppb,UHF42,408,Jamaica,Summer 2018,2018-06-01,12.77,,2018,6,2,2
602805,375,Nitrogen dioxide (NO2),Mean,ppb,UHF42,407,Southwest Queens,Summer 2018,2018-06-01,11.83,,2018,6,2,2
605922,365,Fine particles (PM 2.5),Mean,mcg/m3,CD,110,Central Harlem (CD10),Summer 2018,2018-06-01,8.88,,2018,6,2,2
605925,365,Fine particles (PM 2.5),Mean,mcg/m3,CD,111,East Harlem (CD11),Summer 2018,2018-06-01,8.73,,2018,6,2,2
602937,375,Nitrogen dioxide (NO2),Mean,ppb,CD,102,Greenwich Village and Soho (CD2),Summer 2018,2018-06-01,21.54,,2018,6,2,2
605335,386,Ozone (O3),Mean,ppb,CD,305,East New York and Starrett City (CD5),Summer 2018,2018-06-01,31.99,,2018,6,2,2
602961,375,Nitrogen dioxide (NO2),Mean,ppb,CD,110,Central Harlem (CD10),Summer 2018,2018-06-01,16.91,,2018,6,2,2
606057,365,Fine particles (PM 2.5),Mean,mcg/m3,CD,413,Queens Village (CD13),Summer 2018,2018-06-01,8.07,,2018,6,2,2
603096,375,Nitrogen dioxide (NO2),Mean,ppb,CD,413,Queens Village (CD13),Summer 2018,2018-06-01,12.27,,2018,6,2,2
605694,365,Fine particles (PM 2.5),Mean,mcg/m3,UHF42,204,East New York,Summer 2018,2018-06-01,8.41,,2018,6,2,2
606003,365,Fine particles (PM 2.5),Mean,mcg/m3,CD,313,Coney Island (CD13),Summer 2018,2018-06-01,7.83,,2018,6,2,2
602901,375,Nitrogen dioxide (NO2),Mean,ppb,UHF34,408,Jamaica,Summer 2018,2018-06-01,12.77,,2018,6,2,2
605949,365,Fine particles (PM 2.5),Mean,mcg/m3,CD,207,Kingsbridge Heights and Bedford (CD7),Summer 2018,2018-06-01,8.75,,2018,6,2,2
602703,375,Nitrogen dioxide (NO2),Mean,ppb,UHF42,101,Kingsbridge - Riverdale,Summer 2018,2018-06-01,11.69,,2018,6,2,2
605260,386,Ozone (O3),Mean,ppb,UHF42,403,Flushing - Clearview,Summer 2018,2018-06-01,31.28,,2018,6,2,2
605270,386,Ozone (O3),Mean,ppb,UHF42,503,Willowbrook,Summer 2018,2018-06-01,29.36,,2018,6,2,2
602988,375,Nitrogen dioxide (NO2),Mean,ppb,CD,207,Kingsbridge Heights and Bedford (CD7),Summer 2018,2018-06-01,14.3,,2018,6,2,2
602736,375,Nitrogen dioxide (NO2),Mean,ppb,UHF42,205,Sunset Park,Summer 2018,2018-06-01,14.4,,2018,6,2,2
605262,386,Ozone (O3),Mean,ppb,UHF42,405,Ridgewood - Forest Hills,Summer 2018,2018-06-01,30.96,,2018,6,2,2
605964,365,Fine particles (PM 2.5),Mean,mcg/m3,CD,212,Williamsbridge and Baychester (CD12),Summer 2018,2018-06-01,8.29,,2018,6,2,2
605739,365,Fine particles (PM 2.5),Mean,mcg/m3,UHF42,308,Greenwich Village - SoHo,Summer 2018,2018-06-01,9.91,,2018,6,2,2
603093,375,Nitrogen dioxide (NO2),Mean,ppb,CD,412,Jamaica and Hollis (CD12),Summer 2018,2018-06-01,12.97,,2018,6,2,2
605766,365,Fine particles (PM 2.5),Mean,mcg/m3,UHF42,407,Southwest Queens,Summer 2018,2018-06-01,8.02,,2018,6,2,2
602766,375,Nitrogen dioxide (NO2),Mean,ppb,UHF42,304,Upper West Side,Summer 2018,2018-06-01,18.4,,2018,6,2,2
602793,375,Nitrogen dioxide (NO2),Mean,ppb,UHF42,403,Flushing - Clearview,Summer 2018,2018-06-01,12.95,,2018,6,2,2
605790,365,Fine particles (PM 2.5),Mean,mcg/m3,UHF34,101,Kingsbridge - Riverdale,Summer 2018,2018-06-01,8.25,,2018,6,2,2
602754,375,Nitrogen dioxide (NO2),Mean,ppb,UHF42,211,Williamsburg - Bushwick,Summer 2018,2018-06-01,15.84,,2018,6,2,2
602952,375,Nitrogen dioxide (NO2),Mean,ppb,CD,107,Upper West Side (CD7),Summer 2018,2018-06-01,18.41,,2018,6,2,2
605778,365,Fine particles (PM 2.5),Mean,mcg/m3,UHF42,501,Port Richmond,Summer 2018,2018-06-01,7.84,,2018,6,2,2
605354,386,Ozone (O3),Mean,ppb,CD,406,Rego Park and Forest Hills (CD6),Summer 2018,2018-06-01,30.39,,2018,6,2,2
605235,386,Ozone (O3),Mean,ppb,UHF42,106,High Bridge - Morrisania,Summer 2018,2018-06-01,29.68,,2018,6,2,2
605267,386,Ozone (O3),Mean,ppb,UHF42,410,Rockaways,Summer 2018,2018-06-01,35.18,,2018,6,2,2
605272,386,Ozone (O3),Mean,ppb,UHF34,101,Kingsbridge - Riverdale,Summer 2018,2018-06-01,29.8,,2018,6,2,2
602826,375,Nitrogen dioxide (NO2),Mean,ppb,UHF42,504,South Beach - Tottenville,Summer 2018,2018-06-01,6.28,,2018,6,2,2
603027,375,Nitrogen dioxide (NO2),Mean,ppb,CD,308,Crown Heights and Prospect Heights (CD8),Summer 2018,2018-06-01,14.58,,2018,6,2,2
602730,375,Nitrogen dioxide (NO2),Mean,ppb,UHF42,203,Bedford Stuyvesant - Crown Heights,Summer 2018,2018-06-01,14.02,,2018,6,2,2
605326,386,Ozone (O3),Mean,ppb,CD,208,Riverdale and Fieldston (CD8),Summer 2018,2018-06-01,29.97,,2018,6,2,2
605239,386,Ozone (O3),Mean,ppb,UHF42,203,Bedford Stuyvesant - Crown Heights,Summer 2018,2018-06-01,30.2,,2018,6,2,2
602877,375,Nitrogen dioxide (NO2),Mean,ppb,UHF34,302,Central Harlem - Morningside Heights,Summer 2018,2018-06-01,16.9,,2018,6,2,2
605721,365,Fine particles (PM 2.5),Mean,mcg/m3,UHF42,302,Central Harlem - Morningside Heights,Summer 2018,2018-06-01,8.9,,2018,6,2,2
602763,375,Nitrogen dioxide (NO2),Mean,ppb,UHF42,303,East Harlem,Summer 2018,2018-06-01,16.41,,2018,6,2,2
605265,386,Ozone (O3),Mean,ppb,UHF42,408,Jamaica,Summer 2018,2018-06-01,31.33,,2018,6,2,2
602769,375,Nitrogen dioxide (NO2),Mean,ppb,UHF42,305,Upper East Side,Summer 2018,2018-06-01,19.87,,2018,6,2,2
602700,375,Nitrogen dioxide (NO2),Mean,ppb,Borough,5,Staten Island,Summer 2018,2018-06-01,8.23,,2018,6,2,2
602775,375,Nitrogen dioxide (NO2),Mean,ppb,UHF42,307,Gramercy Park - Murray Hill,Summer 2018,2018-06-01,26.13,,2018,6,2,2
605724,365,Fine particles (PM 2.5),Mean,mcg/m3,UHF42,303,East Harlem,Summer 2018,2018-06-01,8.72,,2018,6,2,2
605730,365,Fine particles (PM 2.5),Mean,mcg/m3,UHF42,305,Upper East Side,Summer 2018,2018-06-01,10.03,,2018,6,2,2
603021,375,Nitrogen dioxide (NO2),Mean,ppb,CD,306,Park Slope and Carroll Gardens (CD6),Summer 2018,2018-06-01,16.27,,2018,6,2,2
602724,375,Nitrogen dioxide (NO2),Mean,ppb,UHF42,201,Greenpoint,Summer 2018,2018-06-01,17.47,,2018,6,2,2
605691,365,Fine particles (PM 2.5),Mean,mcg/m3,UHF42,203,Bedford Stuyvesant - Crown Heights,Summer 2018,2018-06-01,8.48,,2018,6,2,2
605697,365,Fine particles (PM 2.5),Mean,mcg/m3,UHF42,205,Sunset Park,Summer 2018,2018-06-01,8.78,,2018,6,2,2
605973,365,Fine particles (PM 2.5),Mean,mcg/m3,CD,303,Bedford Stuyvesant (CD3),Summer 2018,2018-06-01,8.55,,2018,6,2,2
606030,365,Fine particles (PM 2.5),Mean,mcg/m3,CD,404,Elmhurst and Corona (CD4),Summer 2018,2018-06-01,8.53,,2018,6,2,2
605988,365,Fine particles (PM 2.5),Mean,mcg/m3,CD,308,Crown Heights and Prospect Heights (CD8),Summer 2018,2018-06-01,8.47,,2018,6,2,2
605760,365,Fine particles (PM 2.5),Mean,mcg/m3,UHF42,405,Ridgewood - Forest Hills,Summer 2018,2018-06-01,8.33,,2018,6,2,2
605243,386,Ozone (O3),Mean,ppb,UHF42,207,East Flatbush - Flatbush,Summer 2018,2018-06-01,30.95,,2018,6,2,2
605344,386,Ozone (O3),Mean,ppb,CD,314,Flatbush and Midwood (CD14),Summer 2018,2018-06-01,30.73,,2018,6,2,2
605928,365,Fine particles (PM 2.5),Mean,mcg/m3,CD,112,Washington Heights and Inwood (CD12),Summer 2018,2018-06-01,8.65,,2018,6,2,2
602802,375,Nitrogen dioxide (NO2),Mean,ppb,UHF42,406,Fresh Meadows,Summer 2018,2018-06-01,12.36,,2018,6,2,2
602778,375,Nitrogen dioxide (NO2),Mean,ppb,UHF42,308,Greenwich Village - SoHo,Summer 2018,2018-06-01,21.53,,2018,6,2,2
605727,365,Fine particles (PM 2.5),Mean,mcg/m3,UHF42,304,Upper West Side,Summer 2018,2018-06-01,9.48,,2018,6,2,2
605889,365,Fine particles (PM 2.5),Mean,mcg/m3,UHF34,105106107,South Bronx,Summer 2018,2018-06-01,9.08,,2018,6,2,2
602844,375,Nitrogen dioxide (NO2),Mean,ppb,UHF34,202,Downtown - Heights - Slope,Summer 2018,2018-06-01,16.37,,2018,6,2,2
602874,375,Nitrogen dioxide (NO2),Mean,ppb,UHF34,301,Washington Heights,Summer 2018,2018-06-01,14.97,,2018,6,2,2
605823,365,Fine particles (PM 2.5),Mean,mcg/m3,UHF34,208,Canarsie - Flatlands,Summer 2018,2018-06-01,8.05,,2018,6,2,2
605353,386,Ozone (O3),Mean,ppb,CD,405,Ridgewood and Maspeth (CD5),Summer 2018,2018-06-01,30.92,,2018,6,2,2
605261,386,Ozone (O3),Mean,ppb,UHF42,404,Bayside - Little Neck,Summer 2018,2018-06-01,30.98,,2018,6,2,2
602691,375,Nitrogen dioxide (NO2),Mean,ppb,Borough,2,Brooklyn,Summer 2018,2018-06-01,12.54,,2018,6,2,2
605246,386,Ozone (O3),Mean,ppb,UHF42,210,Coney Island - Sheepshead Bay,Summer 2018,2018-06-01,32.5,,2018,6,2,2
605325,386,Ozone (O3),Mean,ppb,CD,207,Kingsbridge Heights and Bedford (CD7),Summer 2018,2018-06-01,30.16,,2018,6,2,2
605736,365,Fine particles (PM 2.5),Mean,mcg/m3,UHF42,307,Gramercy Park - Murray Hill,Summer 2018,2018-06-01,11.64,,2018,6,2,2
605237,386,Ozone (O3),Mean,ppb,UHF42,201,Greenpoint,Summer 2018,2018-06-01,28.98,,2018,6,2,2
602883,375,Nitrogen dioxide (NO2),Mean,ppb,UHF34,304,Upper West Side,Summer 2018,2018-06-01,18.4,,2018,6,2,2
605362,386,Ozone (O3),Mean,ppb,CD,414,Rockaway and Broad Channel (CD14),Summer 2018,2018-06-01,35.29,,2018,6,2,2
605297,386,Ozone (O3),Mean,ppb,UHF34,409,Southeast Queens,Summer 2018,2018-06-01,31.82,,2018,6,2,2
605292,386,Ozone (O3),Mean,ppb,UHF34,402,West Queens,Summer 2018,2018-06-01,30.33,,2018,6,2,2
602823,375,Nitrogen dioxide (NO2),Mean,ppb,UHF42,503,Willowbrook,Summer 2018,2018-06-01,9.09,,2018,6,2,2
605751,365,Fine particles (PM 2.5),Mean,mcg/m3,UHF42,402,West Queens,Summer 2018,2018-06-01,8.89,,2018,6,2,2
605273,386,Ozone (O3),Mean,ppb,UHF34,102,Northeast Bronx,Summer 2018,2018-06-01,31.24,,2018,6,2,2
605302,386,Ozone (O3),Mean,ppb,UHF34,404406,Bayside Little Neck-Fresh Meadows,Summer 2018,2018-06-01,31.0,,2018,6,2,2
605238,386,Ozone (O3),Mean,ppb,UHF42,202,Downtown - Heights - Slope,Summer 2018,2018-06-01,28.54,,2018,6,2,2
605287,386,Ozone (O3),Mean,ppb,UHF34,301,Washington Heights,Summer 2018,2018-06-01,28.95,,2018,6,2,2
605253,386,Ozone (O3),Mean,ppb,UHF42,306,Chelsea - Clinton,Summer 2018,2018-06-01,24.81,,2018,6,2,2
605976,365,Fine particles (PM 2.5),Mean,mcg/m3,CD,304,Bushwick (CD4),Summer 2018,2018-06-01,8.75,,2018,6,2,2
602868,375,Nitrogen dioxide (NO2),Mean,ppb,UHF34,210,Coney Island - Sheepshead Bay,Summer 2018,2018-06-01,9.1,,2018,6,2,2
605829,365,Fine particles (PM 2.5),Mean,mcg/m3,UHF34,210,Coney Island - Sheepshead Bay,Summer 2018,2018-06-01,7.87,,2018,6,2,2
605955,365,Fine particles (PM 2.5),Mean,mcg/m3,CD,209,Parkchester and Soundview (CD9),Summer 2018,2018-06-01,8.5,,2018,6,2,2
605934,365,Fine particles (PM 2.5),Mean,mcg/m3,CD,202,Hunts Point and Longwood (CD2),Summer 2018,2018-06-01,9.5,,2018,6,2,2
606000,365,Fine particles (PM 2.5),Mean,mcg/m3,CD,312,Borough Park (CD12),Summer 2018,2018-06-01,8.22,,2018,6,2,2
605994,365,Fine particles (PM 2.5),Mean,mcg/m3,CD,310,Bay Ridge and Dyker Heights (CD10),Summer 2018,2018-06-01,7.89,,2018,6,2,2
602865,375,Nitrogen dioxide (NO2),Mean,ppb,UHF34,209,Bensonhurst - Bay Ridge,Summer 2018,2018-06-01,11.47,,2018,6,2,2
602739,375,Nitrogen dioxide (NO2),Mean,ppb,UHF42,206,Borough Park,Summer 2018,2018-06-01,12.59,,2018,6,2,2
605301,386,Ozone (O3),Mean,ppb,UHF34,309310,Union Square-Lower Manhattan,Summer 2018,2018-06-01,26.54,,2018,6,2,2
605303,386,Ozone (O3),Mean,ppb,UHF34,501502,Northern SI,Summer 2018,2018-06-01,29.39,,2018,6,2,2
605251,386,Ozone (O3),Mean,ppb,UHF42,304,Upper West Side,Summer 2018,2018-06-01,27.2,,2018,6,2,2
605862,365,Fine particles (PM 2.5),Mean,mcg/m3,UHF34,408,Jamaica,Summer 2018,2018-06-01,8.25,,2018,6,2,2
605320,386,Ozone (O3),Mean,ppb,CD,202,Hunts Point and Longwood (CD2),Summer 2018,2018-06-01,30.73,,2018,6,2,2
605240,386,Ozone (O3),Mean,ppb,UHF42,204,East New York,Summer 2018,2018-06-01,31.71,,2018,6,2,2
605784,365,Fine particles (PM 2.5),Mean,mcg/m3,UHF42,503,Willowbrook,Summer 2018,2018-06-01,7.74,,2018,6,2,2
605359,386,Ozone (O3),Mean,ppb,CD,411,Bayside and Little Neck (CD11),Summer 2018,2018-06-01,31.09,,2018,6,2,2
602991,375,Nitrogen dioxide (NO2),Mean,ppb,CD,208,Riverdale and Fieldston (CD8),Summer 2018,2018-06-01,11.68,,2018,6,2,2
603000,375,Nitrogen dioxide (NO2),Mean,ppb,CD,211,Morris Park and Bronxdale (CD11),Summer 2018,2018-06-01,13.27,,2018,6,2,2
606051,365,Fine particles (PM 2.5),Mean,mcg/m3,CD,411,Bayside and Little Neck (CD11),Summer 2018,2018-06-01,8.0,,2018,6,2,2
602994,375,Nitrogen dioxide (NO2),Mean,ppb,CD,209,Parkchester and Soundview (CD9),Summer 2018,2018-06-01,13.45,,2018,6,2,2
605835,365,Fine particles (PM 2.5),Mean,mcg/m3,UHF34,301,Washington Heights,Summer 2018,2018-06-01,8.65,,2018,6,2,2
605838,365,Fine particles (PM 2.5),Mean,mcg/m3,UHF34,302,Central Harlem - Morningside Heights,Summer 2018,2018-06-01,8.9,,2018,6,2,2
605360,386,Ozone (O3),Mean,ppb,CD,412,Jamaica and Hollis (CD12),Summer 2018,2018-06-01,31.46,,2018,6,2,2
605358,386,Ozone (O3),Mean,ppb,CD,410,South Ozone Park and Howard Beach (CD10),Summer 2018,2018-06-01,32.41,,2018,6,2,2
605328,386,Ozone (O3),Mean,ppb,CD,210,Throgs Neck and Co-op City (CD10),Summer 2018,2018-06-01,32.04,,2018,6,2,2
605316,386,Ozone (O3),Mean,ppb,CD,110,Central Harlem (CD10),Summer 2018,2018-06-01,28.61,,2018,6,2,2
602970,375,Nitrogen dioxide (NO2),Mean,ppb,CD,201,Mott Haven and Melrose (CD1),Summer 2018,2018-06-01,16.15,,2018,6,2,2
605231,386,Ozone (O3),Mean,ppb,UHF42,102,Northeast Bronx,Summer 2018,2018-06-01,31.24,,2018,6,2,2
602748,375,Nitrogen dioxide (NO2),Mean,ppb,UHF42,209,Bensonhurst - Bay Ridge,Summer 2018,2018-06-01,11.47,,2018,6,2,2
602820,375,Nitrogen dioxide (NO2),Mean,ppb,UHF42,502,Stapleton - St. George,Summer 2018,2018-06-01,9.31,,2018,6,2,2
602727,375,Nitrogen dioxide (NO2),Mean,ppb,UHF42,202,Downtown - Heights - Slope,Summer 2018,2018-06-01,16.37,,2018,6,2,2
605268,386,Ozone (O3),Mean,ppb,UHF42,501,Port Richmond,Summer 2018,2018-06-01,28.48,,2018,6,2,2
605348,386,Ozone (O3),Mean,ppb,CD,318,Flatlands and Canarsie (CD18),Summer 2018,2018-06-01,32.91,,2018,6,2,2
605254,386,Ozone (O3),Mean,ppb,UHF42,307,Gramercy Park - Murray Hill,Summer 2018,2018-06-01,23.99,,2018,6,2,2
605333,386,Ozone (O3),Mean,ppb,CD,303,Bedford Stuyvesant (CD3),Summer 2018,2018-06-01,29.68,,2018,6,2,2
605298,386,Ozone (O3),Mean,ppb,UHF34,410,Rockaways,Summer 2018,2018-06-01,35.18,,2018,6,2,2
602925,375,Nitrogen dioxide (NO2),Mean,ppb,UHF34,503504,Southern SI,Summer 2018,2018-06-01,7.33,,2018,6,2,2
603015,375,Nitrogen dioxide (NO2),Mean,ppb,CD,304,Bushwick (CD4),Summer 2018,2018-06-01,14.13,,2018,6,2,2
602940,375,Nitrogen dioxide (NO2),Mean,ppb,CD,103,Lower East Side and Chinatown (CD3),Summer 2018,2018-06-01,18.72,,2018,6,2,2
605715,365,Fine particles (PM 2.5),Mean,mcg/m3,UHF42,211,Williamsburg - Bushwick,Summer 2018,2018-06-01,9.31,,2018,6,2,2
605257,386,Ozone (O3),Mean,ppb,UHF42,310,Lower Manhattan,Summer 2018,2018-06-01,25.92,,2018,6,2,2
602919,375,Nitrogen dioxide (NO2),Mean,ppb,UHF34,404406,Bayside Little Neck-Fresh Meadows,Summer 2018,2018-06-01,11.98,,2018,6,2,2
605349,386,Ozone (O3),Mean,ppb,CD,401,Long Island City and Astoria (CD1),Summer 2018,2018-06-01,30.49,,2018,6,2,2
605232,386,Ozone (O3),Mean,ppb,UHF42,103,Fordham - Bronx Pk,Summer 2018,2018-06-01,30.6,,2018,6,2,2
606033,365,Fine particles (PM 2.5),Mean,mcg/m3,CD,405,Ridgewood and Maspeth (CD5),Summer 2018,2018-06-01,8.65,,2018,6,2,2
605323,386,Ozone (O3),Mean,ppb,CD,205,Fordham and University Heights (CD5),Summer 2018,2018-06-01,29.66,,2018,6,2,2
605847,365,Fine particles (PM 2.5),Mean,mcg/m3,UHF34,401,Long Island City - Astoria,Summer 2018,2018-06-01,9.43,,2018,6,2,2
605311,386,Ozone (O3),Mean,ppb,CD,105,Midtown (CD5),Summer 2018,2018-06-01,22.91,,2018,6,2,2
602721,375,Nitrogen dioxide (NO2),Mean,ppb,UHF42,107,Hunts Point - Mott Haven,Summer 2018,2018-06-01,15.21,,2018,6,2,2
603009,375,Nitrogen dioxide (NO2),Mean,ppb,CD,302,Fort Greene and Brooklyn Heights (CD2),Summer 2018,2018-06-01,16.57,,2018,6,2,2
605775,365,Fine particles (PM 2.5),Mean,mcg/m3,UHF42,410,Rockaways,Summer 2018,2018-06-01,7.76,,2018,6,2,2
605901,365,Fine particles (PM 2.5),Mean,mcg/m3,CD,103,Lower East Side and Chinatown (CD3),Summer 2018,2018-06-01,9.04,,2018,6,2,2
605895,365,Fine particles (PM 2.5),Mean,mcg/m3,CD,101,Financial District (CD1),Summer 2018,2018-06-01,10.11,,2018,6,2,2
606048,365,Fine particles (PM 2.5),Mean,mcg/m3,CD,410,South Ozone Park and Howard Beach (CD10),Summer 2018,2018-06-01,7.88,,2018,6,2,2
605288,386,Ozone (O3),Mean,ppb,UHF34,302,Central Harlem - Morningside Heights,Summer 2018,2018-06-01,28.41,,2018,6,2,2
602895,375,Nitrogen dioxide (NO2),Mean,ppb,UHF34,405,Ridgewood - Forest Hills,Summer 2018,2018-06-01,12.54,,2018,6,2,2
605312,386,Ozone (O3),Mean,ppb,CD,106,Stuyvesant Town and Turtle Bay (CD6),Summer 2018,2018-06-01,24.92,,2018,6,2,2
605796,365,Fine particles (PM 2.5),Mean,mcg/m3,UHF34,103,Fordham - Bronx Pk,Summer 2018,2018-06-01,8.55,,2018,6,2,2
605332,386,Ozone (O3),Mean,ppb,CD,302,Fort Greene and Brooklyn Heights (CD2),Summer 2018,2018-06-01,28.47,,2018,6,2,2
605324,386,Ozone (O3),Mean,ppb,CD,206,Belmont and East Tremont (CD6),Summer 2018,2018-06-01,30.3,,2018,6,2,2
605757,365,Fine particles (PM 2.5),Mean,mcg/m3,UHF42,404,Bayside - Little Neck,Summer 2018,2018-06-01,8.0,,2018,6,2,2
605307,386,Ozone (O3),Mean,ppb,CD,101,Financial District (CD1),Summer 2018,2018-06-01,26.03,,2018,6,2,2
605338,386,Ozone (O3),Mean,ppb,CD,308,Crown Heights and Prospect Heights (CD8),Summer 2018,2018-06-01,29.7,,2018,6,2,2
605820,365,Fine particles (PM 2.5),Mean,mcg/m3,UHF34,207,East Flatbush - Flatbush,Summer 2018,2018-06-01,8.26,,2018,6,2,2
605859,365,Fine particles (PM 2.5),Mean,mcg/m3,UHF34,407,Southwest Queens,Summer 2018,2018-06-01,8.02,,2018,6,2,2
605943,365,Fine particles (PM 2.5),Mean,mcg/m3,CD,205,Fordham and University Heights (CD5),Summer 2018,2018-06-01,9.04,,2018,6,2,2
606042,365,Fine particles (PM 2.5),Mean,mcg/m3,CD,408,Hillcrest and Fresh Meadows (CD8),Summer 2018,2018-06-01,8.08,,2018,6,2,2
605802,365,Fine particles (PM 2.5),Mean,mcg/m3,UHF34,201,Greenpoint,Summer 2018,2018-06-01,9.85,,2018,6,2,2
605763,365,Fine particles (PM 2.5),Mean,mcg/m3,UHF42,406,Fresh Meadows,Summer 2018,2018-06-01,8.02,,2018,6,2,2
602745,375,Nitrogen dioxide (NO2),Mean,ppb,UHF42,208,Canarsie - Flatlands,Summer 2018,2018-06-01,9.05,,2018,6,2,2
603090,375,Nitrogen dioxide (NO2),Mean,ppb,CD,411,Bayside and Little Neck (CD11),Summer 2018,2018-06-01,11.94,,2018,6,2,2
605679,365,Fine particles (PM 2.5),Mean,mcg/m3,UHF42,106,High Bridge - Morrisania,Summer 2018,2018-06-01,9.06,,2018,6,2,2
605655,365,Fine particles (PM 2.5),Mean,mcg/m3,Borough,3,Manhattan,Summer 2018,2018-06-01,9.74,,2018,6,2,2
605282,386,Ozone (O3),Mean,ppb,UHF34,207,East Flatbush - Flatbush,Summer 2018,2018-06-01,30.95,,2018,6,2,2
605245,386,Ozone (O3),Mean,ppb,UHF42,209,Bensonhurst - Bay Ridge,Summer 2018,2018-06-01,30.9,,2018,6,2,2
605293,386,Ozone (O3),Mean,ppb,UHF34,403,Flushing - Clearview,Summer 2018,2018-06-01,31.29,,2018,6,2,2
605295,386,Ozone (O3),Mean,ppb,UHF34,407,Southwest Queens,Summer 2018,2018-06-01,31.93,,2018,6,2,2
605703,365,Fine particles (PM 2.5),Mean,mcg/m3,UHF42,207,East Flatbush - Flatbush,Summer 2018,2018-06-01,8.26,,2018,6,2,2
605652,365,Fine particles (PM 2.5),Mean,mcg/m3,Borough,2,Brooklyn,Summer 2018,2018-06-01,8.41,,2018,6,2,2
603051,375,Nitrogen dioxide (NO2),Mean,ppb,CD,316,Brownsville (CD16),Summer 2018,2018-06-01,13.22,,2018,6,2,2
605228,386,Ozone (O3),Mean,ppb,Borough,4,Queens,Summer 2018,2018-06-01,31.46,,2018,6,2,2
605304,386,Ozone (O3),Mean,ppb,UHF34,503504,Southern SI,Summer 2018,2018-06-01,29.98,,2018,6,2,2
603078,375,Nitrogen dioxide (NO2),Mean,ppb,CD,407,Flushing and Whitestone (CD7),Summer 2018,2018-06-01,12.9,,2018,6,2,2
606012,365,Fine particles (PM 2.5),Mean,mcg/m3,CD,316,Brownsville (CD16),Summer 2018,2018-06-01,8.63,,2018,6,2,2
605919,365,Fine particles (PM 2.5),Mean,mcg/m3,CD,109,Morningside Heights and Hamilton Heights (CD9),Summer 2018,2018-06-01,8.87,,2018,6,2,2
603042,375,Nitrogen dioxide (NO2),Mean,ppb,CD,313,Coney Island (CD13),Summer 2018,2018-06-01,8.38,,2018,6,2,2
602853,375,Nitrogen dioxide (NO2),Mean,ppb,UHF34,205,Sunset Park,Summer 2018,2018-06-01,14.4,,2018,6,2,2
605856,365,Fine particles (PM 2.5),Mean,mcg/m3,UHF34,405,Ridgewood - Forest Hills,Summer 2018,2018-06-01,8.33,,2018,6,2,2
603087,375,Nitrogen dioxide (NO2),Mean,ppb,CD,410,South Ozone Park and Howard Beach (CD10),Summer 2018,2018-06-01,11.25,,2018,6,2,2
602760,375,Nitrogen dioxide (NO2),Mean,ppb,UHF42,302,Central Harlem - Morningside Heights,Summer 2018,2018-06-01,16.9,,2018,6,2,2
605345,386,Ozone (O3),Mean,ppb,CD,315,Sheepshead Bay (CD15),Summer 2018,2018-06-01,32.35,,2018,6,2,2
602889,375,Nitrogen dioxide (NO2),Mean,ppb,UHF34,402,West Queens,Summer 2018,2018-06-01,14.92,,2018,6,2,2
605769,365,Fine particles (PM 2.5),Mean,mcg/m3,UHF42,408,Jamaica,Summer 2018,2018-06-01,8.25,,2018,6,2,2
605355,386,Ozone (O3),Mean,ppb,CD,407,Flushing and Whitestone (CD7),Summer 2018,2018-06-01,31.29,,2018,6,2,2
602811,375,Nitrogen dioxide (NO2),Mean,ppb,UHF42,409,Southeast Queens,Summer 2018,2018-06-01,12.22,,2018,6,2,2
605226,386,Ozone (O3),Mean,ppb,Borough,2,Brooklyn,Summer 2018,2018-06-01,30.87,,2018,6,2,2
602715,375,Nitrogen dioxide (NO2),Mean,ppb,UHF42,105,Crotona -Tremont,Summer 2018,2018-06-01,15.18,,2018,6,2,2
605712,365,Fine particles (PM 2.5),Mean,mcg/m3,UHF42,210,Coney Island - Sheepshead Bay,Summer 2018,2018-06-01,7.87,,2018,6,2,2
605871,365,Fine particles (PM 2.5),Mean,mcg/m3,UHF34,305307,Upper East Side-Gramercy,Summer 2018,2018-06-01,10.79,,2018,6,2,2
605229,386,Ozone (O3),Mean,ppb,Borough,5,Staten Island,Summer 2018,2018-06-01,29.81,,2018,6,2,2
605874,365,Fine particles (PM 2.5),Mean,mcg/m3,UHF34,306308,Chelsea-Village,Summer 2018,2018-06-01,10.8,,2018,6,2,2
605688,365,Fine particles (PM 2.5),Mean,mcg/m3,UHF42,202,Downtown - Heights - Slope,Summer 2018,2018-06-01,8.91,,2018,6,2,2
602772,375,Nitrogen dioxide (NO2),Mean,ppb,UHF42,306,Chelsea - Clinton,Summer 2018,2018-06-01,24.85,,2018,6,2,2
602829,375,Nitrogen dioxide (NO2),Mean,ppb,UHF34,101,Kingsbridge - Riverdale,Summer 2018,2018-06-01,11.69,,2018,6,2,2
605670,365,Fine particles (PM 2.5),Mean,mcg/m3,UHF42,103,Fordham - Bronx Pk,Summer 2018,2018-06-01,8.55,,2018,6,2,2
605937,365,Fine particles (PM 2.5),Mean,mcg/m3,CD,203,Morrisania and Crotona (CD3),Summer 2018,2018-06-01,8.84,,2018,6,2,2
605241,386,Ozone (O3),Mean,ppb,UHF42,205,Sunset Park,Summer 2018,2018-06-01,29.49,,2018,6,2,2
605907,365,Fine particles (PM 2.5),Mean,mcg/m3,CD,105,Midtown (CD5),Summer 2018,2018-06-01,12.85,,2018,6,2,2
605745,365,Fine particles (PM 2.5),Mean,mcg/m3,UHF42,310,Lower Manhattan,Summer 2018,2018-06-01,10.07,,2018,6,2,2
605225,386,Ozone (O3),Mean,ppb,Borough,1,Bronx,Summer 2018,2018-06-01,30.78,,2018,6,2,2
605742,365,Fine particles (PM 2.5),Mean,mcg/m3,UHF42,309,Union Square - Lower East Side,Summer 2018,2018-06-01,9.28,,2018,6,2,2
605709,365,Fine particles (PM 2.5),Mean,mcg/m3,UHF42,209,Bensonhurst - Bay Ridge,Summer 2018,2018-06-01,7.83,,2018,6,2,2
605351,386,Ozone (O3),Mean,ppb,CD,403,Jackson Heights (CD3),Summer 2018,2018-06-01,30.65,,2018,6,2,2
605649,365,Fine particles (PM 2.5),Mean,mcg/m3,Borough,1,Bronx,Summer 2018,2018-06-01,8.61,,2018,6,2,2
603024,375,Nitrogen dioxide (NO2),Mean,ppb,CD,307,Sunset Park (CD7),Summer 2018,2018-06-01,14.48,,2018,6,2,2
603060,375,Nitrogen dioxide (NO2),Mean,ppb,CD,401,Long Island City and Astoria (CD1),Summer 2018,2018-06-01,14.73,,2018,6,2,2
606006,365,Fine particles (PM 2.5),Mean,mcg/m3,CD,314,Flatbush and Midwood (CD14),Summer 2018,2018-06-01,8.18,,2018,6,2,2
605275,386,Ozone (O3),Mean,ppb,UHF34,104,Pelham - Throgs Neck,Summer 2018,2018-06-01,31.52,,2018,6,2,2
602967,375,Nitrogen dioxide (NO2),Mean,ppb,CD,112,Washington Heights and Inwood (CD12),Summer 2018,2018-06-01,14.61,,2018,6,2,2
605276,386,Ozone (O3),Mean,ppb,UHF34,201,Greenpoint,Summer 2018,2018-06-01,28.98,,2018,6,2,2
605350,386,Ozone (O3),Mean,ppb,CD,402,Woodside and Sunnyside (CD2),Summer 2018,2018-06-01,29.7,,2018,6,2,2
605321,386,Ozone (O3),Mean,ppb,CD,203,Morrisania and Crotona (CD3),Summer 2018,2018-06-01,30.13,,2018,6,2,2
605883,365,Fine particles (PM 2.5),Mean,mcg/m3,UHF34,501502,Northern SI,Summer 2018,2018-06-01,7.6,,2018,6,2,2
605352,386,Ozone (O3),Mean,ppb,CD,404,Elmhurst and Corona (CD4),Summer 2018,2018-06-01,30.49,,2018,6,2,2
605661,365,Fine particles (PM 2.5),Mean,mcg/m3,Borough,5,Staten Island,Summer 2018,2018-06-01,7.53,,2018,6,2,2
605331,386,Ozone (O3),Mean,ppb,CD,301,Greenpoint and Williamsburg (CD1),Summer 2018,2018-06-01,28.94,,2018,6,2,2
605673,365,Fine particles (PM 2.5),Mean,mcg/m3,UHF42,104,Pelham - Throgs Neck,Summer 2018,2018-06-01,8.39,,2018,6,2,2
605664,365,Fine particles (PM 2.5),Mean,mcg/m3,UHF42,101,Kingsbridge - Riverdale,Summer 2018,2018-06-01,8.25,,2018,6,2,2
602712,375,Nitrogen dioxide (NO2),Mean,ppb,UHF42,104,Pelham - Throgs Neck,Summer 2018,2018-06-01,12.84,,2018,6,2,2
602796,375,Nitrogen dioxide (NO2),Mean,ppb,UHF42,404,Bayside - Little Neck,Summer 2018,2018-06-01,11.72,,2018,6,2,2
605748,365,Fine particles (PM 2.5),Mean,mcg/m3,UHF42,401,Long Island City - Astoria,Summer 2018,2018-06-01,9.43,,2018,6,2,2
602817,375,Nitrogen dioxide (NO2),Mean,ppb,UHF42,501,Port Richmond,Summer 2018,2018-06-01,12.34,,2018,6,2,2
605892,365,Fine particles (PM 2.5),Mean,mcg/m3,Citywide,1,New York City,Summer 2018,2018-06-01,8.32,,2018,6,2,2
605685,365,Fine particles (PM 2.5),Mean,mcg/m3,UHF42,201,Greenpoint,Summer 2018,2018-06-01,9.85,,2018,6,2,2
602757,375,Nitrogen dioxide (NO2),Mean,ppb,UHF42,301,Washington Heights,Summer 2018,2018-06-01,14.97,,2018,6,2,2
602787,375,Nitrogen dioxide (NO2),Mean,ppb,UHF42,401,Long Island City - Astoria,Summer 2018,2018-06-01,16.35,,2018,6,2,2
602976,375,Nitrogen dioxide (NO2),Mean,ppb,CD,203,Morrisania and Crotona (CD3),Summer 2018,2018-06-01,14.92,,2018,6,2,2
603075,375,Nitrogen dioxide (NO2),Mean,ppb,CD,406,Rego Park and Forest Hills (CD6),Summer 2018,2018-06-01,13.04,,2018,6,2,2
602838,375,Nitrogen dioxide (NO2),Mean,ppb,UHF34,104,Pelham - Throgs Neck,Summer 2018,2018-06-01,12.84,,2018,6,2,2
602910,375,Nitrogen dioxide (NO2),Mean,ppb,UHF34,305307,Upper East Side-Gramercy,Summer 2018,2018-06-01,22.81,,2018,6,2,2
602913,375,Nitrogen dioxide (NO2),Mean,ppb,UHF34,306308,Chelsea-Village,Summer 2018,2018-06-01,23.74,,2018,6,2,2
605341,386,Ozone (O3),Mean,ppb,CD,311,Bensonhurst (CD11),Summer 2018,2018-06-01,31.33,,2018,6,2,2
602982,375,Nitrogen dioxide (NO2),Mean,ppb,CD,205,Fordham and University Heights (CD5),Summer 2018,2018-06-01,15.93,,2018,6,2,2
605329,386,Ozone (O3),Mean,ppb,CD,211,Morris Park and Bronxdale (CD11),Summer 2018,2018-06-01,31.11,,2018,6,2,2
605327,386,Ozone (O3),Mean,ppb,CD,209,Parkchester and Soundview (CD9),Summer 2018,2018-06-01,31.07,,2018,6,2,2
602958,375,Nitrogen dioxide (NO2),Mean,ppb,CD,109,Morningside Heights and Hamilton Heights (CD9),Summer 2018,2018-06-01,16.76,,2018,6,2,2
602832,375,Nitrogen dioxide (NO2),Mean,ppb,UHF34,102,Northeast Bronx,Summer 2018,2018-06-01,13.05,,2018,6,2,2
602946,375,Nitrogen dioxide (NO2),Mean,ppb,CD,105,Midtown (CD5),Summer 2018,2018-06-01,28.82,,2018,6,2,2
605305,386,Ozone (O3),Mean,ppb,UHF34,105106107,South Bronx,Summer 2018,2018-06-01,30.16,,2018,6,2,2
605236,386,Ozone (O3),Mean,ppb,UHF42,107,Hunts Point - Mott Haven,Summer 2018,2018-06-01,30.62,,2018,6,2,2
605264,386,Ozone (O3),Mean,ppb,UHF42,407,Southwest Queens,Summer 2018,2018-06-01,31.93,,2018,6,2,2
602688,375,Nitrogen dioxide (NO2),Mean,ppb,Borough,1,Bronx,Summer 2018,2018-06-01,13.62,,2018,6,2,2
602964,375,Nitrogen dioxide (NO2),Mean,ppb,CD,111,East Harlem (CD11),Summer 2018,2018-06-01,16.35,,2018,6,2,2
602862,375,Nitrogen dioxide (NO2),Mean,ppb,UHF34,208,Canarsie - Flatlands,Summer 2018,2018-06-01,9.05,,2018,6,2,2
605244,386,Ozone (O3),Mean,ppb,UHF42,208,Canarsie - Flatlands,Summer 2018,2018-06-01,32.96,,2018,6,2,2
605317,386,Ozone (O3),Mean,ppb,CD,111,East Harlem (CD11),Summer 2018,2018-06-01,28.83,,2018,6,2,2
602694,375,Nitrogen dioxide (NO2),Mean,ppb,Borough,3,Manhattan,Summer 2018,2018-06-01,19.67,,2018,6,2,2
603048,375,Nitrogen dioxide (NO2),Mean,ppb,CD,315,Sheepshead Bay (CD15),Summer 2018,2018-06-01,9.27,,2018,6,2,2
605958,365,Fine particles (PM 2.5),Mean,mcg/m3,CD,210,Throgs Neck and Co-op City (CD10),Summer 2018,2018-06-01,8.26,,2018,6,2,2
606021,365,Fine particles (PM 2.5),Mean,mcg/m3,CD,401,Long Island City and Astoria (CD1),Summer 2018,2018-06-01,8.71,,2018,6,2,2
602835,375,Nitrogen dioxide (NO2),Mean,ppb,UHF34,103,Fordham - Bronx Pk,Summer 2018,2018-06-01,13.3,,2018,6,2,2
605913,365,Fine particles (PM 2.5),Mean,mcg/m3,CD,107,Upper West Side (CD7),Summer 2018,2018-06-01,9.48,,2018,6,2,2
602856,375,Nitrogen dioxide (NO2),Mean,ppb,UHF34,206,Borough Park,Summer 2018,2018-06-01,12.59,,2018,6,2,2
605291,386,Ozone (O3),Mean,ppb,UHF34,401,Long Island City - Astoria,Summer 2018,2018-06-01,29.66,,2018,6,2,2
602799,375,Nitrogen dioxide (NO2),Mean,ppb,UHF42,405,Ridgewood - Forest Hills,Summer 2018,2018-06-01,12.54,,2018,6,2,2
605256,386,Ozone (O3),Mean,ppb,UHF42,309,Union Square - Lower East Side,Summer 2018,2018-06-01,26.82,,2018,6,2,2
602898,375,Nitrogen dioxide (NO2),Mean,ppb,UHF34,407,Southwest Queens,Summer 2018,2018-06-01,11.83,,2018,6,2,2
602979,375,Nitrogen dioxide (NO2),Mean,ppb,CD,204,Highbridge and Concourse (CD4),Summer 2018,2018-06-01,15.99,,2018,6,2,2
602706,375,Nitrogen dioxide (NO2),Mean,ppb,UHF42,102,Northeast Bronx,Summer 2018,2018-06-01,13.05,,2018,6,2,2
603054,375,Nitrogen dioxide (NO2),Mean,ppb,CD,317,East Flatbush (CD17),Summer 2018,2018-06-01,12.46,,2018,6,2,2
605281,386,Ozone (O3),Mean,ppb,UHF34,206,Borough Park,Summer 2018,2018-06-01,30.44,,2018,6,2,2
603030,375,Nitrogen dioxide (NO2),Mean,ppb,CD,309,South Crown Heights and Lefferts Gardens (CD9),Summer 2018,2018-06-01,13.63,,2018,6,2,2
605315,386,Ozone (O3),Mean,ppb,CD,109,Morningside Heights and Hamilton Heights (CD9),Summer 2018,2018-06-01,28.29,,2018,6,2,2
605263,386,Ozone (O3),Mean,ppb,UHF42,406,Fresh Meadows,Summer 2018,2018-06-01,31.03,,2018,6,2,2
605733,365,Fine particles (PM 2.5),Mean,mcg/m3,UHF42,306,Chelsea - Clinton,Summer 2018,2018-06-01,11.25,,2018,6,2,2
605886,365,Fine particles (PM 2.5),Mean,mcg/m3,UHF34,503504,Southern SI,Summer 2018,2018-06-01,7.5,,2018,6,2,2
605946,365,Fine particles (PM 2.5),Mean,mcg/m3,CD,206,Belmont and East Tremont (CD6),Summer 2018,2018-06-01,8.73,,2018,6,2,2
603057,375,Nitrogen dioxide (NO2),Mean,ppb,CD,318,Flatlands and Canarsie (CD18),Summer 2018,2018-06-01,9.03,,2018,6,2,2
605285,386,Ozone (O3),Mean,ppb,UHF34,210,Coney Island - Sheepshead Bay,Summer 2018,2018-06-01,32.5,,2018,6,2,2
602781,375,Nitrogen dioxide (NO2),Mean,ppb,UHF42,309,Union Square - Lower East Side,Summer 2018,2018-06-01,19.38,,2018,6,2,2
602841,375,Nitrogen dioxide (NO2),Mean,ppb,UHF34,201,Greenpoint,Summer 2018,2018-06-01,17.47,,2018,6,2,2
602784,375,Nitrogen dioxide (NO2),Mean,ppb,UHF42,310,Lower Manhattan,Summer 2018,2018-06-01,21.79,,2018,6,2,2
602859,375,Nitrogen dioxide (NO2),Mean,ppb,UHF34,207,East Flatbush - Flatbush,Summer 2018,2018-06-01,12.34,,2018,6,2,2
605250,386,Ozone (O3),Mean,ppb,UHF42,303,East Harlem,Summer 2018,2018-06-01,28.83,,2018,6,2,2
605252,386,Ozone (O3),Mean,ppb,UHF42,305,Upper East Side,Summer 2018,2018-06-01,26.97,,2018,6,2,2
605342,386,Ozone (O3),Mean,ppb,CD,312,Borough Park (CD12),Summer 2018,2018-06-01,30.3,,2018,6,2,2
605234,386,Ozone (O3),Mean,ppb,UHF42,105,Crotona -Tremont,Summer 2018,2018-06-01,29.96,,2018,6,2,2
605853,365,Fine particles (PM 2.5),Mean,mcg/m3,UHF34,403,Flushing - Clearview,Summer 2018,2018-06-01,8.35,,2018,6,2,2
602934,375,Nitrogen dioxide (NO2),Mean,ppb,CD,101,Financial District (CD1),Summer 2018,2018-06-01,21.99,,2018,6,2,2
605286,386,Ozone (O3),Mean,ppb,UHF34,211,Williamsburg - Bushwick,Summer 2018,2018-06-01,29.64,,2018,6,2,2
605284,386,Ozone (O3),Mean,ppb,UHF34,209,Bensonhurst - Bay Ridge,Summer 2018,2018-06-01,30.9,,2018,6,2,2
603108,375,Nitrogen dioxide (NO2),Mean,ppb,CD,503,Tottenville and Great Kills (CD3),Summer 2018,2018-06-01,6.25,,2018,6,2,2
605985,365,Fine particles (PM 2.5),Mean,mcg/m3,CD,307,Sunset Park (CD7),Summer 2018,2018-06-01,8.82,,2018,6,2,2
605363,386,Ozone (O3),Mean,ppb,CD,501,St. George and Stapleton (CD1),Summer 2018,2018-06-01,28.83,,2018,6,2,2
602751,375,Nitrogen dioxide (NO2),Mean,ppb,UHF42,210,Coney Island - Sheepshead Bay,Summer 2018,2018-06-01,9.1,,2018,6,2,2
605271,386,Ozone (O3),Mean,ppb,UHF42,504,South Beach - Tottenville,Summer 2018,2018-06-01,30.34,,2018,6,2,2
606069,365,Fine particles (PM 2.5),Mean,mcg/m3,CD,503,Tottenville and Great Kills (CD3),Summer 2018,2018-06-01,7.36,,2018,6,2,2
602931,375,Nitrogen dioxide (NO2),Mean,ppb,Citywide,1,New York City,Summer 2018,2018-06-01,12.32,,2018,6,2,2
603045,375,Nitrogen dioxide (NO2),Mean,ppb,CD,314,Flatbush and Midwood (CD14),Summer 2018,2018-06-01,11.74,,2018,6,2,2
605308,386,Ozone (O3),Mean,ppb,CD,102,Greenwich Village and Soho (CD2),Summer 2018,2018-06-01,26.21,,2018,6,2,2
603006,375,Nitrogen dioxide (NO2),Mean,ppb,CD,301,Greenpoint and Williamsburg (CD1),Summer 2018,2018-06-01,17.57,,2018,6,2,2
605357,386,Ozone (O3),Mean,ppb,CD,409,Kew Gardens and Woodhaven (CD9),Summer 2018,2018-06-01,31.21,,2018,6,2,2
605364,386,Ozone (O3),Mean,ppb,CD,502,South Beach and Willowbrook (CD2),Summer 2018,2018-06-01,30.0,,2018,6,2,2
605322,386,Ozone (O3),Mean,ppb,CD,204,Highbridge and Concourse (CD4),Summer 2018,2018-06-01,29.53,,2018,6,2,2
605365,386,Ozone (O3),Mean,ppb,CD,503,Tottenville and Great Kills (CD3),Summer 2018,2018-06-01,30.23,,2018,6,2,2
605850,365,Fine particles (PM 2.5),Mean,mcg/m3,UHF34,402,West Queens,Summer 2018,2018-06-01,8.89,,2018,6,2,2
605718,365,Fine particles (PM 2.5),Mean,mcg/m3,UHF42,301,Washington Heights,Summer 2018,2018-06-01,8.65,,2018,6,2,2
605306,386,Ozone (O3),Mean,ppb,Citywide,1,New York City,Summer 2018,2018-06-01,30.56,,2018,6,2,2
603018,375,Nitrogen dioxide (NO2),Mean,ppb,CD,305,East New York and Starrett City (CD5),Summer 2018,2018-06-01,11.59,,2018,6,2,2
603072,375,Nitrogen dioxide (NO2),Mean,ppb,CD,405,Ridgewood and Maspeth (CD5),Summer 2018,2018-06-01,13.13,,2018,6,2,2
605310,386,Ozone (O3),Mean,ppb,CD,104,Clinton and Chelsea (CD4),Summer 2018,2018-06-01,25.87,,2018,6,2,2
602922,375,Nitrogen dioxide (NO2),Mean,ppb,UHF34,501502,Northern SI,Summer 2018,2018-06-01,10.37,,2018,6,2,2
603081,375,Nitrogen dioxide (NO2),Mean,ppb,CD,408,Hillcrest and Fresh Meadows (CD8),Summer 2018,2018-06-01,12.23,,2018,6,2,2
603102,375,Nitrogen dioxide (NO2),Mean,ppb,CD,501,St. George and Stapleton (CD1),Summer 2018,2018-06-01,11.43,,2018,6,2,2
605294,386,Ozone (O3),Mean,ppb,UHF34,405,Ridgewood - Forest Hills,Summer 2018,2018-06-01,30.96,,2018,6,2,2
605877,365,Fine particles (PM 2.5),Mean,mcg/m3,UHF34,309310,Union Square-Lower Manhattan,Summer 2018,2018-06-01,9.53,,2018,6,2,2
605277,386,Ozone (O3),Mean,ppb,UHF34,202,Downtown - Heights - Slope,Summer 2018,2018-06-01,28.54,,2018,6,2,2
602886,375,Nitrogen dioxide (NO2),Mean,ppb,UHF34,401,Long Island City - Astoria,Summer 2018,2018-06-01,16.35,,2018,6,2,2
605283,386,Ozone (O3),Mean,ppb,UHF34,208,Canarsie - Flatlands,Summer 2018,2018-06-01,32.96,,2018,6,2,2
602847,375,Nitrogen dioxide (NO2),Mean,ppb,UHF34,203,Bedford Stuyvesant - Crown Heights,Summer 2018,2018-06-01,14.02,,2018,6,2,2
605274,386,Ozone (O3),Mean,ppb,UHF34,103,Fordham - Bronx Pk,Summer 2018,2018-06-01,30.6,,2018,6,2,2
605290,386,Ozone (O3),Mean,ppb,UHF34,304,Upper West Side,Summer 2018,2018-06-01,27.2,,2018,6,2,2
606024,365,Fine particles (PM 2.5),Mean,mcg/m3,CD,402,Woodside and Sunnyside (CD2),Summer 2018,2018-06-01,9.84,,2018,6,2,2
603033,375,Nitrogen dioxide (NO2),Mean,ppb,CD,310,Bay Ridge and Dyker Heights (CD10),Summer 2018,2018-06-01,12.36,,2018,6,2,2
605868,365,Fine particles (PM 2.5),Mean,mcg/m3,UHF34,410,Rockaways,Summer 2018,2018-06-01,7.76,,2018,6,2,2
605961,365,Fine particles (PM 2.5),Mean,mcg/m3,CD,211,Morris Park and Bronxdale (CD11),Summer 2018,2018-06-01,8.46,,2018,6,2,2
605940,365,Fine particles (PM 2.5),Mean,mcg/m3,CD,204,Highbridge and Concourse (CD4),Summer 2018,2018-06-01,9.1,,2018,6,2,2
603039,375,Nitrogen dioxide (NO2),Mean,ppb,CD,312,Borough Park (CD12),Summer 2018,2018-06-01,12.98,,2018,6,2,2
605682,365,Fine particles (PM 2.5),Mean,mcg/m3,UHF42,107,Hunts Point - Mott Haven,Summer 2018,2018-06-01,9.23,,2018,6,2,2
603012,375,Nitrogen dioxide (NO2),Mean,ppb,CD,303,Bedford Stuyvesant (CD3),Summer 2018,2018-06-01,14.83,,2018,6,2,2
605336,386,Ozone (O3),Mean,ppb,CD,306,Park Slope and Carroll Gardens (CD6),Summer 2018,2018-06-01,28.6,,2018,6,2,2
602985,375,Nitrogen dioxide (NO2),Mean,ppb,CD,206,Belmont and East Tremont (CD6),Summer 2018,2018-06-01,14.75,,2018,6,2,2
602709,375,Nitrogen dioxide (NO2),Mean,ppb,UHF42,103,Fordham - Bronx Pk,Summer 2018,2018-06-01,13.3,,2018,6,2,2
606039,365,Fine particles (PM 2.5),Mean,mcg/m3,CD,407,Flushing and Whitestone (CD7),Summer 2018,2018-06-01,8.38,,2018,6,2,2
605258,386,Ozone (O3),Mean,ppb,UHF42,401,Long Island City - Astoria,Summer 2018,2018-06-01,29.66,,2018,6,2,2
603063,375,Nitrogen dioxide (NO2),Mean,ppb,CD,402,Woodside and Sunnyside (CD2),Summer 2018,2018-06-01,16.56,,2018,6,2,2
605814,365,Fine particles (PM 2.5),Mean,mcg/m3,UHF34,205,Sunset Park,Summer 2018,2018-06-01,8.78,,2018,6,2,2
605787,365,Fine particles (PM 2.5),Mean,mcg/m3,UHF42,504,South Beach - Tottenville,Summer 2018,2018-06-01,7.35,,2018,6,2,2
602916,375,Nitrogen dioxide (NO2),Mean,ppb,UHF34,309310,Union Square-Lower Manhattan,Summer 2018,2018-06-01,20.14,,2018,6,2,2
605811,365,Fine particles (PM 2.5),Mean,mcg/m3,UHF34,204,East New York,Summer 2018,2018-06-01,8.41,,2018,6,2,2
605356,386,Ozone (O3),Mean,ppb,CD,408,Hillcrest and Fresh Meadows (CD8),Summer 2018,2018-06-01,30.69,,2018,6,2,2
606066,365,Fine particles (PM 2.5),Mean,mcg/m3,CD,502,South Beach and Willowbrook (CD2),Summer 2018,2018-06-01,7.62,,2018,6,2,2
605832,365,Fine particles (PM 2.5),Mean,mcg/m3,UHF34,211,Williamsburg - Bushwick,Summer 2018,2018-06-01,9.31,,2018,6,2,2
603105,375,Nitrogen dioxide (NO2),Mean,ppb,CD,502,South Beach and Willowbrook (CD2),Summer 2018,2018-06-01,8.19,,2018,6,2,2
605361,386,Ozone (O3),Mean,ppb,CD,413,Queens Village (CD13),Summer 2018,2018-06-01,31.94,,2018,6,2,2
605706,365,Fine particles (PM 2.5),Mean,mcg/m3,UHF42,208,Canarsie - Flatlands,Summer 2018,2018-06-01,8.05,,2018,6,2,2
605676,365,Fine particles (PM 2.5),Mean,mcg/m3,UHF42,105,Crotona -Tremont,Summer 2018,2018-06-01,8.89,,2018,6,2,2
602928,375,Nitrogen dioxide (NO2),Mean,ppb,UHF34,105106107,South Bronx,Summer 2018,2018-06-01,15.38,,2018,6,2,2
605296,386,Ozone (O3),Mean,ppb,UHF34,408,Jamaica,Summer 2018,2018-06-01,31.33,,2018,6,2,2
605314,386,Ozone (O3),Mean,ppb,CD,108,Upper East Side (CD8),Summer 2018,2018-06-01,26.92,,2018,6,2,2
605793,365,Fine particles (PM 2.5),Mean,mcg/m3,UHF34,102,Northeast Bronx,Summer 2018,2018-06-01,8.33,,2018,6,2,2
605667,365,Fine particles (PM 2.5),Mean,mcg/m3,UHF42,102,Northeast Bronx,Summer 2018,2018-06-01,8.33,,2018,6,2,2
605904,365,Fine particles (PM 2.5),Mean,mcg/m3,CD,104,Clinton and Chelsea (CD4),Summer 2018,2018-06-01,10.35,,2018,6,2,2
605799,365,Fine particles (PM 2.5),Mean,mcg/m3,UHF34,104,Pelham - Throgs Neck,Summer 2018,2018-06-01,8.39,,2018,6,2,2
605781,365,Fine particles (PM 2.5),Mean,mcg/m3,UHF42,502,Stapleton - St. George,Summer 2018,2018-06-01,7.46,,2018,6,2,2
603084,375,Nitrogen dioxide (NO2),Mean,ppb,CD,409,Kew Gardens and Woodhaven (CD9),Summer 2018,2018-06-01,12.73,,2018,6,2,2
606063,365,Fine particles (PM 2.5),Mean,mcg/m3,CD,501,St. George and Stapleton (CD1),Summer 2018,2018-06-01,7.65,,2018,6,2,2
605898,365,Fine particles (PM 2.5),Mean,mcg/m3,CD,102,Greenwich Village and Soho (CD2),Summer 2018,2018-06-01,10.01,,2018,6,2,2
602742,375,Nitrogen dioxide (NO2),Mean,ppb,UHF42,207,East Flatbush - Flatbush,Summer 2018,2018-06-01,12.34,,2018,6,2,2
605970,365,Fine particles (PM 2.5),Mean,mcg/m3,CD,302,Fort Greene and Brooklyn Heights (CD2),Summer 2018,2018-06-01,8.82,,2018,6,2,2
602997,375,Nitrogen dioxide (NO2),Mean,ppb,CD,210,Throgs Neck and Co-op City (CD10),Summer 2018,2018-06-01,12.22,,2018,6,2,2
605700,365,Fine particles (PM 2.5),Mean,mcg/m3,UHF42,206,Borough Park,Summer 2018,2018-06-01,8.17,,2018,6,2,2
602718,375,Nitrogen dioxide (NO2),Mean,ppb,UHF42,106,High Bridge - Morrisania,Summer 2018,2018-06-01,15.85,,2018,6,2,2
603003,375,Nitrogen dioxide (NO2),Mean,ppb,CD,212,Williamsbridge and Baychester (CD12),Summer 2018,2018-06-01,12.65,,2018,6,2,2
605826,365,Fine particles (PM 2.5),Mean,mcg/m3,UHF34,209,Bensonhurst - Bay Ridge,Summer 2018,2018-06-01,7.83,,2018,6,2,2
606045,365,Fine particles (PM 2.5),Mean,mcg/m3,CD,409,Kew Gardens and Woodhaven (CD9),Summer 2018,2018-06-01,8.23,,2018,6,2,2
605249,386,Ozone (O3),Mean,ppb,UHF42,302,Central Harlem - Morningside Heights,Summer 2018,2018-06-01,28.41,,2018,6,2,2
605278,386,Ozone (O3),Mean,ppb,UHF34,203,Bedford Stuyvesant - Crown Heights,Summer 2018,2018-06-01,30.2,,2018,6,2,2
605658,365,Fine particles (PM 2.5),Mean,mcg/m3,Borough,4,Queens,Summer 2018,2018-06-01,8.3,,2018,6,2,2
602697,375,Nitrogen dioxide (NO2),Mean,ppb,Borough,4,Queens,Summer 2018,2018-06-01,12.52,,2018,6,2,2
606027,365,Fine particles (PM 2.5),Mean,mcg/m3,CD,403,Jackson Heights (CD3),Summer 2018,2018-06-01,8.25,,2018,6,2,2
605289,386,Ozone (O3),Mean,ppb,UHF34,303,East Harlem,Summer 2018,2018-06-01,28.83,,2018,6,2,2
602871,375,Nitrogen dioxide (NO2),Mean,ppb,UHF34,211,Williamsburg - Bushwick,Summer 2018,2018-06-01,15.84,,2018,6,2,2
605817,365,Fine particles (PM 2.5),Mean,mcg/m3,UHF34,206,Borough Park,Summer 2018,2018-06-01,8.17,,2018,6,2,2
602790,375,Nitrogen dioxide (NO2),Mean,ppb,UHF42,402,West Queens,Summer 2018,2018-06-01,14.92,,2018,6,2,2
602904,375,Nitrogen dioxide (NO2),Mean,ppb,UHF34,409,Southeast Queens,Summer 2018,2018-06-01,12.22,,2018,6,2,2
605319,386,Ozone (O3),Mean,ppb,CD,201,Mott Haven and Melrose (CD1),Summer 2018,2018-06-01,29.7,,2018,6,2,2
605233,386,Ozone (O3),Mean,ppb,UHF42,104,Pelham - Throgs Neck,Summer 2018,2018-06-01,31.52,,2018,6,2,2
605230,386,Ozone (O3),Mean,ppb,UHF42,101,Kingsbridge - Riverdale,Summer 2018,2018-06-01,29.8,,2018,6,2,2
602850,375,Nitrogen dioxide (NO2),Mean,ppb,UHF34,204,East New York,Summer 2018,2018-06-01,11.97,,2018,6,2,2
605248,386,Ozone (O3),Mean,ppb,UHF42,301,Washington Heights,Summer 2018,2018-06-01,28.95,,2018,6,2,2
605255,386,Ozone (O3),Mean,ppb,UHF42,308,Greenwich Village - SoHo,Summer 2018,2018-06-01,26.35,,2018,6,2,2
605269,386,Ozone (O3),Mean,ppb,UHF42,502,Stapleton - St. George,Summer 2018,2018-06-01,29.89,,2018,6,2,2
605337,386,Ozone (O3),Mean,ppb,CD,307,Sunset Park (CD7),Summer 2018,2018-06-01,29.43,,2018,6,2,2
605865,365,Fine particles (PM 2.5),Mean,mcg/m3,UHF34,409,Southeast Queens,Summer 2018,2018-06-01,8.05,,2018,6,2,2
605880,365,Fine particles (PM 2.5),Mean,mcg/m3,UHF34,404406,Bayside Little Neck-Fresh Meadows,Summer 2018,2018-06-01,8.01,,2018,6,2,2
605844,365,Fine particles (PM 2.5),Mean,mcg/m3,UHF34,304,Upper West Side,Summer 2018,2018-06-01,9.48,,2018,6,2,2
602973,375,Nitrogen dioxide (NO2),Mean,ppb,CD,202,Hunts Point and Longwood (CD2),Summer 2018,2018-06-01,15.44,,2018,6,2,2
605754,365,Fine particles (PM 2.5),Mean,mcg/m3,UHF42,403,Flushing - Clearview,Summer 2018,2018-06-01,8.35,,2018,6,2,2
605247,386,Ozone (O3),Mean,ppb,UHF42,211,Williamsburg - Bushwick,Summer 2018,2018-06-01,29.64,,2018,6,2,2
605967,365,Fine particles (PM 2.5),Mean,mcg/m3,CD,301,Greenpoint and Williamsburg (CD1),Summer 2018,2018-06-01,10.01,,2018,6,2,2
605280,386,Ozone (O3),Mean,ppb,UHF34,205,Sunset Park,Summer 2018,2018-06-01,29.49,,2018,6,2,2
605772,365,Fine particles (PM 2.5),Mean,mcg/m3,UHF42,409,Southeast Queens,Summer 2018,2018-06-01,8.05,,2018,6,2,2
602892,375,Nitrogen dioxide (NO2),Mean,ppb,UHF34,403,Flushing - Clearview,Summer 2018,2018-06-01,12.95,,2018,6,2,2
605979,365,Fine particles (PM 2.5),Mean,mcg/m3,CD,305,East New York and Starrett City (CD5),Summer 2018,2018-06-01,8.38,,2018,6,2,2
606018,365,Fine particles (PM 2.5),Mean,mcg/m3,CD,318,Flatlands and Canarsie (CD18),Summer 2018,2018-06-01,8.01,,2018,6,2,2
606015,365,Fine particles (PM 2.5),Mean,mcg/m3,CD,317,East Flatbush (CD17),Summer 2018,2018-06-01,8.36,,2018,6,2,2
605313,386,Ozone (O3),Mean,ppb,CD,107,Upper West Side (CD7),Summer 2018,2018-06-01,27.19,,2018,6,2,2
605343,386,Ozone (O3),Mean,ppb,CD,313,Coney Island (CD13),Summer 2018,2018-06-01,32.96,,2018,6,2,2
605991,365,Fine particles (PM 2.5),Mean,mcg/m3,CD,309,South Crown Heights and Lefferts Gardens (CD9),Summer 2018,2018-06-01,8.32,,2018,6,2,2
602733,375,Nitrogen dioxide (NO2),Mean,ppb,UHF42,204,East New York,Summer 2018,2018-06-01,11.97,,2018,6,2,2
605279,386,Ozone (O3),Mean,ppb,UHF34,204,East New York,Summer 2018,2018-06-01,31.71,,2018,6,2,2
605916,365,Fine particles (PM 2.5),Mean,mcg/m3,CD,108,Upper East Side (CD8),Summer 2018,2018-06-01,10.06,,2018,6,2,2
605805,365,Fine particles (PM 2.5),Mean,mcg/m3,UHF34,202,Downtown - Heights - Slope,Summer 2018,2018-06-01,8.91,,2018,6,2,2
606009,365,Fine particles (PM 2.5),Mean,mcg/m3,CD,315,Sheepshead Bay (CD15),Summer 2018,2018-06-01,7.88,,2018,6,2,2
603036,375,Nitrogen dioxide (NO2),Mean,ppb,CD,311,Bensonhurst (CD11),Summer 2018,2018-06-01,11.62,,2018,6,2,2
603069,375,Nitrogen dioxide (NO2),Mean,ppb,CD,404,Elmhurst and Corona (CD4),Summer 2018,2018-06-01,14.87,,2018,6,2,2
603066,375,Nitrogen dioxide (NO2),Mean,ppb,CD,403,Jackson Heights (CD3),Summer 2018,2018-06-01,14.08,,2018,6,2,2
605227,386,Ozone (O3),Mean,ppb,Borough,3,Manhattan,Summer 2018,2018-06-01,26.98,,2018,6,2,2
605997,365,Fine particles (PM 2.5),Mean,mcg/m3,CD,311,Bensonhurst (CD11),Summer 2018,2018-06-01,7.93,,2018,6,2,2
606060,365,Fine particles (PM 2.5),Mean,mcg/m3,CD,414,Rockaway and Broad Channel (CD14),Summer 2018,2018-06-01,7.75,,2018,6,2,2
605982,365,Fine particles (PM 2.5),Mean,mcg/m3,CD,306,Park Slope and Carroll Gardens (CD6),Summer 2018,2018-06-01,9.0,,2018,6,2,2
606036,365,Fine particles (PM 2.5),Mean,mcg/m3,CD,406,Rego Park and Forest Hills (CD6),Summer 2018,2018-06-01,8.36,,2018,6,2,2
602907,375,Nitrogen dioxide (NO2),Mean,ppb,UHF34,410,Rockaways,Summer 2018,2018-06-01,6.73,,2018,6,2,2
603099,375,Nitrogen dioxide (NO2),Mean,ppb,CD,414,Rockaway and Broad Channel (CD14),Summer 2018,2018-06-01,6.6,,2018,6,2,2
605259,386,Ozone (O3),Mean,ppb,UHF42,402,West Queens,Summer 2018,2018-06-01,30.33,,2018,6,2,2
602955,375,Nitrogen dioxide (NO2),Mean,ppb,CD,108,Upper East Side (CD8),Summer 2018,2018-06-01,19.98,,2018,6,2,2
605346,386,Ozone (O3),Mean,ppb,CD,316,Brownsville (CD16),Summer 2018,2018-06-01,30.95,,2018,6,2,2
605910,365,Fine particles (PM 2.5),Mean,mcg/m3,CD,106,Stuyvesant Town and Turtle Bay (CD6),Summer 2018,2018-06-01,10.77,,2018,6,2,2
605300,386,Ozone (O3),Mean,ppb,UHF34,306308,Chelsea-Village,Summer 2018,2018-06-01,25.33,,2018,6,2,2
602880,375,Nitrogen dioxide (NO2),Mean,ppb,UHF34,303,East Harlem,Summer 2018,2018-06-01,16.41,,2018,6,2,2
605952,365,Fine particles (PM 2.5),Mean,mcg/m3,CD,208,Riverdale and Fieldston (CD8),Summer 2018,2018-06-01,8.26,,2018,6,2,2
605242,386,Ozone (O3),Mean,ppb,UHF42,206,Borough Park,Summer 2018,2018-06-01,30.44,,2018,6,2,2
605330,386,Ozone (O3),Mean,ppb,CD,212,Williamsbridge and Baychester (CD12),Summer 2018,2018-06-01,31.14,,2018,6,2,2
605340,386,Ozone (O3),Mean,ppb,CD,310,Bay Ridge and Dyker Heights (CD10),Summer 2018,2018-06-01,30.1,,2018,6,2,2
602814,375,Nitrogen dioxide (NO2),Mean,ppb,UHF42,410,Rockaways,Summer 2018,2018-06-01,6.73,,2018,6,2,2
605299,386,Ozone (O3),Mean,ppb,UHF34,305307,Upper East Side-Gramercy,Summer 2018,2018-06-01,25.57,,2018,6,2,2
605318,386,Ozone (O3),Mean,ppb,CD,112,Washington Heights and Inwood (CD12),Summer 2018,2018-06-01,29.02,,2018,6,2,2
605347,386,Ozone (O3),Mean,ppb,CD,317,East Flatbush (CD17),Summer 2018,2018-06-01,31.17,,2018,6,2,2
605841,365,Fine particles (PM 2.5),Mean,mcg/m3,UHF34,303,East Harlem,Summer 2018,2018-06-01,8.72,,2018,6,2,2
605339,386,Ozone (O3),Mean,ppb,CD,309,South Crown Heights and Lefferts Gardens (CD9),Summer 2018,2018-06-01,30.34,,2018,6,2,2
602949,375,Nitrogen dioxide (NO2),Mean,ppb,CD,106,Stuyvesant Town and Turtle Bay (CD6),Summer 2018,2018-06-01,23.83,,2018,6,2,2
602943,375,Nitrogen dioxide (NO2),Mean,ppb,CD,104,Clinton and Chelsea (CD4),Summer 2018,2018-06-01,22.78,,2018,6,2,2
605808,365,Fine particles (PM 2.5),Mean,mcg/m3,UHF34,203,Bedford Stuyvesant - Crown Heights,Summer 2018,2018-06-01,8.48,,2018,6,2,2
606054,365,Fine particles (PM 2.5),Mean,mcg/m3,CD,412,Jamaica and Hollis (CD12),Summer 2018,2018-06-01,8.28,,2018,6,2,2
605931,365,Fine particles (PM 2.5),Mean,mcg/m3,CD,201,Mott Haven and Melrose (CD1),Summer 2018,2018-06-01,9.41,,2018,6,2,2
605309,386,Ozone (O3),Mean,ppb,CD,103,Lower East Side and Chinatown (CD3),Summer 2018,2018-06-01,27.12,,2018,6,2,2
605334,386,Ozone (O3),Mean,ppb,CD,304,Bushwick (CD4),Summer 2018,2018-06-01,30.55,,2018,6,2,2
605266,386,Ozone (O3),Mean,ppb,UHF42,409,Southeast Queens,Summer 2018,2018-06-01,31.82,,2018,6,2,2
606068,365,Fine particles (PM 2.5),Mean,mcg/m3,CD,503,Tottenville and Great Kills (CD3),Annual Average 2018,2018-01-01,6.19,,2018,1,1,2
602804,375,Nitrogen dioxide (NO2),Mean,ppb,UHF42,407,Southwest Queens,Annual Average 2018,2018-01-01,17.19,,2018,1,1,2
602714,375,Nitrogen dioxide (NO2),Mean,ppb,UHF42,105,Crotona -Tremont,Annual Average 2018,2018-01-01,19.76,,2018,1,1,2
602702,375,Nitrogen dioxide (NO2),Mean,ppb,UHF42,101,Kingsbridge - Riverdale,Annual Average 2018,2018-01-01,15.77,,2018,1,1,2
605975,365,Fine particles (PM 2.5),Mean,mcg/m3,CD,304,Bushwick (CD4),Annual Average 2018,2018-01-01,7.51,,2018,1,1,2
602807,375,Nitrogen dioxide (NO2),Mean,ppb,UHF42,408,Jamaica,Annual Average 2018,2018-01-01,17.55,,2018,1,1,2
602927,375,Nitrogen dioxide (NO2),Mean,ppb,UHF34,105106107,South Bronx,Annual Average 2018,2018-01-01,20.25,,2018,1,1,2
602744,375,Nitrogen dioxide (NO2),Mean,ppb,UHF42,208,Canarsie - Flatlands,Annual Average 2018,2018-01-01,14.48,,2018,1,1,2
605882,365,Fine particles (PM 2.5),Mean,mcg/m3,UHF34,501502,Northern SI,Annual Average 2018,2018-01-01,6.51,,2018,1,1,2
602840,375,Nitrogen dioxide (NO2),Mean,ppb,UHF34,201,Greenpoint,Annual Average 2018,2018-01-01,21.93,,2018,1,1,2
605876,365,Fine particles (PM 2.5),Mean,mcg/m3,UHF34,309310,Union Square-Lower Manhattan,Annual Average 2018,2018-01-01,8.39,,2018,1,1,2
603044,375,Nitrogen dioxide (NO2),Mean,ppb,CD,314,Flatbush and Midwood (CD14),Annual Average 2018,2018-01-01,17.28,,2018,1,1,2
606014,365,Fine particles (PM 2.5),Mean,mcg/m3,CD,317,East Flatbush (CD17),Annual Average 2018,2018-01-01,7.13,,2018,1,1,2
605699,365,Fine particles (PM 2.5),Mean,mcg/m3,UHF42,206,Borough Park,Annual Average 2018,2018-01-01,6.99,,2018,1,1,2
605684,365,Fine particles (PM 2.5),Mean,mcg/m3,UHF42,201,Greenpoint,Annual Average 2018,2018-01-01,8.72,,2018,1,1,2
606029,365,Fine particles (PM 2.5),Mean,mcg/m3,CD,404,Elmhurst and Corona (CD4),Annual Average 2018,2018-01-01,7.16,,2018,1,1,2
602876,375,Nitrogen dioxide (NO2),Mean,ppb,UHF34,302,Central Harlem - Morningside Heights,Annual Average 2018,2018-01-01,21.66,,2018,1,1,2
603032,375,Nitrogen dioxide (NO2),Mean,ppb,CD,310,Bay Ridge and Dyker Heights (CD10),Annual Average 2018,2018-01-01,17.7,,2018,1,1,2
606026,365,Fine particles (PM 2.5),Mean,mcg/m3,CD,403,Jackson Heights (CD3),Annual Average 2018,2018-01-01,6.88,,2018,1,1,2
605972,365,Fine particles (PM 2.5),Mean,mcg/m3,CD,303,Bedford Stuyvesant (CD3),Annual Average 2018,2018-01-01,7.38,,2018,1,1,2
602720,375,Nitrogen dioxide (NO2),Mean,ppb,UHF42,107,Hunts Point - Mott Haven,Annual Average 2018,2018-01-01,20.23,,2018,1,1,2
602918,375,Nitrogen dioxide (NO2),Mean,ppb,UHF34,404406,Bayside Little Neck-Fresh Meadows,Annual Average 2018,2018-01-01,16.4,,2018,1,1,2
605831,365,Fine particles (PM 2.5),Mean,mcg/m3,UHF34,211,Williamsburg - Bushwick,Annual Average 2018,2018-01-01,8.11,,2018,1,1,2
603107,375,Nitrogen dioxide (NO2),Mean,ppb,CD,503,Tottenville and Great Kills (CD3),Annual Average 2018,2018-01-01,11.01,,2018,1,1,2
605825,365,Fine particles (PM 2.5),Mean,mcg/m3,UHF34,209,Bensonhurst - Bay Ridge,Annual Average 2018,2018-01-01,6.67,,2018,1,1,2
606044,365,Fine particles (PM 2.5),Mean,mcg/m3,CD,409,Kew Gardens and Woodhaven (CD9),Annual Average 2018,2018-01-01,6.79,,2018,1,1,2
605891,365,Fine particles (PM 2.5),Mean,mcg/m3,Citywide,1,New York City,Annual Average 2018,2018-01-01,7.0,,2018,1,1,2
602846,375,Nitrogen dioxide (NO2),Mean,ppb,UHF34,203,Bedford Stuyvesant - Crown Heights,Annual Average 2018,2018-01-01,19.42,,2018,1,1,2
605798,365,Fine particles (PM 2.5),Mean,mcg/m3,UHF34,104,Pelham - Throgs Neck,Annual Average 2018,2018-01-01,7.0,,2018,1,1,2
605852,365,Fine particles (PM 2.5),Mean,mcg/m3,UHF34,403,Flushing - Clearview,Annual Average 2018,2018-01-01,6.9,,2018,1,1,2
605708,365,Fine particles (PM 2.5),Mean,mcg/m3,UHF42,209,Bensonhurst - Bay Ridge,Annual Average 2018,2018-01-01,6.67,,2018,1,1,2
602921,375,Nitrogen dioxide (NO2),Mean,ppb,UHF34,501502,Northern SI,Annual Average 2018,2018-01-01,15.13,,2018,1,1,2
605936,365,Fine particles (PM 2.5),Mean,mcg/m3,CD,203,Morrisania and Crotona (CD3),Annual Average 2018,2018-01-01,7.45,,2018,1,1,2
605711,365,Fine particles (PM 2.5),Mean,mcg/m3,UHF42,210,Coney Island - Sheepshead Bay,Annual Average 2018,2018-01-01,6.55,,2018,1,1,2
603026,375,Nitrogen dioxide (NO2),Mean,ppb,CD,308,Crown Heights and Prospect Heights (CD8),Annual Average 2018,2018-01-01,19.9,,2018,1,1,2
603092,375,Nitrogen dioxide (NO2),Mean,ppb,CD,412,Jamaica and Hollis (CD12),Annual Average 2018,2018-01-01,17.71,,2018,1,1,2
605765,365,Fine particles (PM 2.5),Mean,mcg/m3,UHF42,407,Southwest Queens,Annual Average 2018,2018-01-01,6.56,,2018,1,1,2
605681,365,Fine particles (PM 2.5),Mean,mcg/m3,UHF42,107,Hunts Point - Mott Haven,Annual Average 2018,2018-01-01,7.85,,2018,1,1,2
602990,375,Nitrogen dioxide (NO2),Mean,ppb,CD,208,Riverdale and Fieldston (CD8),Annual Average 2018,2018-01-01,15.77,,2018,1,1,2
605939,365,Fine particles (PM 2.5),Mean,mcg/m3,CD,204,Highbridge and Concourse (CD4),Annual Average 2018,2018-01-01,7.73,,2018,1,1,2
603005,375,Nitrogen dioxide (NO2),Mean,ppb,CD,301,Greenpoint and Williamsburg (CD1),Annual Average 2018,2018-01-01,22.14,,2018,1,1,2
605762,365,Fine particles (PM 2.5),Mean,mcg/m3,UHF42,406,Fresh Meadows,Annual Average 2018,2018-01-01,6.55,,2018,1,1,2
605795,365,Fine particles (PM 2.5),Mean,mcg/m3,UHF34,103,Fordham - Bronx Pk,Annual Average 2018,2018-01-01,7.19,,2018,1,1,2
603077,375,Nitrogen dioxide (NO2),Mean,ppb,CD,407,Flushing and Whitestone (CD7),Annual Average 2018,2018-01-01,17.62,,2018,1,1,2
605963,365,Fine particles (PM 2.5),Mean,mcg/m3,CD,212,Williamsbridge and Baychester (CD12),Annual Average 2018,2018-01-01,6.97,,2018,1,1,2
602696,375,Nitrogen dioxide (NO2),Mean,ppb,Borough,4,Queens,Annual Average 2018,2018-01-01,17.18,,2018,1,1,2
602813,375,Nitrogen dioxide (NO2),Mean,ppb,UHF42,410,Rockaways,Annual Average 2018,2018-01-01,10.52,,2018,1,1,2
605915,365,Fine particles (PM 2.5),Mean,mcg/m3,CD,108,Upper East Side (CD8),Annual Average 2018,2018-01-01,8.7,,2018,1,1,2
605768,365,Fine particles (PM 2.5),Mean,mcg/m3,UHF42,408,Jamaica,Annual Average 2018,2018-01-01,6.69,,2018,1,1,2
602969,375,Nitrogen dioxide (NO2),Mean,ppb,CD,201,Mott Haven and Melrose (CD1),Annual Average 2018,2018-01-01,21.17,,2018,1,1,2
602816,375,Nitrogen dioxide (NO2),Mean,ppb,UHF42,501,Port Richmond,Annual Average 2018,2018-01-01,16.77,,2018,1,1,2
602975,375,Nitrogen dioxide (NO2),Mean,ppb,CD,203,Morrisania and Crotona (CD3),Annual Average 2018,2018-01-01,19.82,,2018,1,1,2
602789,375,Nitrogen dioxide (NO2),Mean,ppb,UHF42,402,West Queens,Annual Average 2018,2018-01-01,19.9,,2018,1,1,2
605861,365,Fine particles (PM 2.5),Mean,mcg/m3,UHF34,408,Jamaica,Annual Average 2018,2018-01-01,6.69,,2018,1,1,2
602966,375,Nitrogen dioxide (NO2),Mean,ppb,CD,112,Washington Heights and Inwood (CD12),Annual Average 2018,2018-01-01,19.34,,2018,1,1,2
605903,365,Fine particles (PM 2.5),Mean,mcg/m3,CD,104,Clinton and Chelsea (CD4),Annual Average 2018,2018-01-01,9.14,,2018,1,1,2
603053,375,Nitrogen dioxide (NO2),Mean,ppb,CD,317,East Flatbush (CD17),Annual Average 2018,2018-01-01,18.08,,2018,1,1,2
605669,365,Fine particles (PM 2.5),Mean,mcg/m3,UHF42,103,Fordham - Bronx Pk,Annual Average 2018,2018-01-01,7.19,,2018,1,1,2
603041,375,Nitrogen dioxide (NO2),Mean,ppb,CD,313,Coney Island (CD13),Annual Average 2018,2018-01-01,13.63,,2018,1,1,2
605783,365,Fine particles (PM 2.5),Mean,mcg/m3,UHF42,503,Willowbrook,Annual Average 2018,2018-01-01,6.63,,2018,1,1,2
605813,365,Fine particles (PM 2.5),Mean,mcg/m3,UHF34,205,Sunset Park,Annual Average 2018,2018-01-01,7.72,,2018,1,1,2
605822,365,Fine particles (PM 2.5),Mean,mcg/m3,UHF34,208,Canarsie - Flatlands,Annual Average 2018,2018-01-01,6.7,,2018,1,1,2
602750,375,Nitrogen dioxide (NO2),Mean,ppb,UHF42,210,Coney Island - Sheepshead Bay,Annual Average 2018,2018-01-01,14.35,,2018,1,1,2
605885,365,Fine particles (PM 2.5),Mean,mcg/m3,UHF34,503504,Southern SI,Annual Average 2018,2018-01-01,6.35,,2018,1,1,2
605909,365,Fine particles (PM 2.5),Mean,mcg/m3,CD,106,Stuyvesant Town and Turtle Bay (CD6),Annual Average 2018,2018-01-01,9.49,,2018,1,1,2
602849,375,Nitrogen dioxide (NO2),Mean,ppb,UHF34,204,East New York,Annual Average 2018,2018-01-01,17.56,,2018,1,1,2
602936,375,Nitrogen dioxide (NO2),Mean,ppb,CD,102,Greenwich Village and Soho (CD2),Annual Average 2018,2018-01-01,24.77,,2018,1,1,2
605921,365,Fine particles (PM 2.5),Mean,mcg/m3,CD,110,Central Harlem (CD10),Annual Average 2018,2018-01-01,7.5,,2018,1,1,2
605957,365,Fine particles (PM 2.5),Mean,mcg/m3,CD,210,Throgs Neck and Co-op City (CD10),Annual Average 2018,2018-01-01,6.88,,2018,1,1,2
602885,375,Nitrogen dioxide (NO2),Mean,ppb,UHF34,401,Long Island City - Astoria,Annual Average 2018,2018-01-01,20.89,,2018,1,1,2
602930,375,Nitrogen dioxide (NO2),Mean,ppb,Citywide,1,New York City,Annual Average 2018,2018-01-01,17.0,,2018,1,1,2
605810,365,Fine particles (PM 2.5),Mean,mcg/m3,UHF34,204,East New York,Annual Average 2018,2018-01-01,7.06,,2018,1,1,2
602855,375,Nitrogen dioxide (NO2),Mean,ppb,UHF34,206,Borough Park,Annual Average 2018,2018-01-01,18.11,,2018,1,1,2
602786,375,Nitrogen dioxide (NO2),Mean,ppb,UHF42,401,Long Island City - Astoria,Annual Average 2018,2018-01-01,20.89,,2018,1,1,2
602882,375,Nitrogen dioxide (NO2),Mean,ppb,UHF34,304,Upper West Side,Annual Average 2018,2018-01-01,22.22,,2018,1,1,2
606038,365,Fine particles (PM 2.5),Mean,mcg/m3,CD,407,Flushing and Whitestone (CD7),Annual Average 2018,2018-01-01,6.93,,2018,1,1,2
605729,365,Fine particles (PM 2.5),Mean,mcg/m3,UHF42,305,Upper East Side,Annual Average 2018,2018-01-01,8.68,,2018,1,1,2
605723,365,Fine particles (PM 2.5),Mean,mcg/m3,UHF42,303,East Harlem,Annual Average 2018,2018-01-01,7.39,,2018,1,1,2
605867,365,Fine particles (PM 2.5),Mean,mcg/m3,UHF34,410,Rockaways,Annual Average 2018,2018-01-01,6.06,,2018,1,1,2
602825,375,Nitrogen dioxide (NO2),Mean,ppb,UHF42,504,South Beach - Tottenville,Annual Average 2018,2018-01-01,11.05,,2018,1,1,2
605759,365,Fine particles (PM 2.5),Mean,mcg/m3,UHF42,405,Ridgewood - Forest Hills,Annual Average 2018,2018-01-01,6.99,,2018,1,1,2
605705,365,Fine particles (PM 2.5),Mean,mcg/m3,UHF42,208,Canarsie - Flatlands,Annual Average 2018,2018-01-01,6.7,,2018,1,1,2
602735,375,Nitrogen dioxide (NO2),Mean,ppb,UHF42,205,Sunset Park,Annual Average 2018,2018-01-01,19.67,,2018,1,1,2
605774,365,Fine particles (PM 2.5),Mean,mcg/m3,UHF42,410,Rockaways,Annual Average 2018,2018-01-01,6.06,,2018,1,1,2
602861,375,Nitrogen dioxide (NO2),Mean,ppb,UHF34,208,Canarsie - Flatlands,Annual Average 2018,2018-01-01,14.48,,2018,1,1,2
603068,375,Nitrogen dioxide (NO2),Mean,ppb,CD,404,Elmhurst and Corona (CD4),Annual Average 2018,2018-01-01,19.94,,2018,1,1,2
605987,365,Fine particles (PM 2.5),Mean,mcg/m3,CD,308,Crown Heights and Prospect Heights (CD8),Annual Average 2018,2018-01-01,7.3,,2018,1,1,2
602867,375,Nitrogen dioxide (NO2),Mean,ppb,UHF34,210,Coney Island - Sheepshead Bay,Annual Average 2018,2018-01-01,14.35,,2018,1,1,2
603011,375,Nitrogen dioxide (NO2),Mean,ppb,CD,303,Bedford Stuyvesant (CD3),Annual Average 2018,2018-01-01,19.99,,2018,1,1,2
605744,365,Fine particles (PM 2.5),Mean,mcg/m3,UHF42,310,Lower Manhattan,Annual Average 2018,2018-01-01,8.94,,2018,1,1,2
606008,365,Fine particles (PM 2.5),Mean,mcg/m3,CD,315,Sheepshead Bay (CD15),Annual Average 2018,2018-01-01,6.54,,2018,1,1,2
605741,365,Fine particles (PM 2.5),Mean,mcg/m3,UHF42,309,Union Square - Lower East Side,Annual Average 2018,2018-01-01,8.14,,2018,1,1,2
602924,375,Nitrogen dioxide (NO2),Mean,ppb,UHF34,503504,Southern SI,Annual Average 2018,2018-01-01,11.98,,2018,1,1,2
602858,375,Nitrogen dioxide (NO2),Mean,ppb,UHF34,207,East Flatbush - Flatbush,Annual Average 2018,2018-01-01,17.9,,2018,1,1,2
602939,375,Nitrogen dioxide (NO2),Mean,ppb,CD,103,Lower East Side and Chinatown (CD3),Annual Average 2018,2018-01-01,22.4,,2018,1,1,2
605789,365,Fine particles (PM 2.5),Mean,mcg/m3,UHF34,101,Kingsbridge - Riverdale,Annual Average 2018,2018-01-01,6.95,,2018,1,1,2
602993,375,Nitrogen dioxide (NO2),Mean,ppb,CD,209,Parkchester and Soundview (CD9),Annual Average 2018,2018-01-01,17.94,,2018,1,1,2
605816,365,Fine particles (PM 2.5),Mean,mcg/m3,UHF34,206,Borough Park,Annual Average 2018,2018-01-01,6.99,,2018,1,1,2
603098,375,Nitrogen dioxide (NO2),Mean,ppb,CD,414,Rockaway and Broad Channel (CD14),Annual Average 2018,2018-01-01,10.41,,2018,1,1,2
602780,375,Nitrogen dioxide (NO2),Mean,ppb,UHF42,309,Union Square - Lower East Side,Annual Average 2018,2018-01-01,22.94,,2018,1,1,2
602822,375,Nitrogen dioxide (NO2),Mean,ppb,UHF42,503,Willowbrook,Annual Average 2018,2018-01-01,13.57,,2018,1,1,2
602897,375,Nitrogen dioxide (NO2),Mean,ppb,UHF34,407,Southwest Queens,Annual Average 2018,2018-01-01,17.19,,2018,1,1,2
605780,365,Fine particles (PM 2.5),Mean,mcg/m3,UHF42,502,Stapleton - St. George,Annual Average 2018,2018-01-01,6.36,,2018,1,1,2
602828,375,Nitrogen dioxide (NO2),Mean,ppb,UHF34,101,Kingsbridge - Riverdale,Annual Average 2018,2018-01-01,15.77,,2018,1,1,2
605657,365,Fine particles (PM 2.5),Mean,mcg/m3,Borough,4,Queens,Annual Average 2018,2018-01-01,6.82,,2018,1,1,2
605870,365,Fine particles (PM 2.5),Mean,mcg/m3,UHF34,305307,Upper East Side-Gramercy,Annual Average 2018,2018-01-01,9.44,,2018,1,1,2
603101,375,Nitrogen dioxide (NO2),Mean,ppb,CD,501,St. George and Stapleton (CD1),Annual Average 2018,2018-01-01,16.07,,2018,1,1,2
602717,375,Nitrogen dioxide (NO2),Mean,ppb,UHF42,106,High Bridge - Morrisania,Annual Average 2018,2018-01-01,20.83,,2018,1,1,2
605873,365,Fine particles (PM 2.5),Mean,mcg/m3,UHF34,306308,Chelsea-Village,Annual Average 2018,2018-01-01,9.58,,2018,1,1,2
606011,365,Fine particles (PM 2.5),Mean,mcg/m3,CD,316,Brownsville (CD16),Annual Average 2018,2018-01-01,7.36,,2018,1,1,2
603071,375,Nitrogen dioxide (NO2),Mean,ppb,CD,405,Ridgewood and Maspeth (CD5),Annual Average 2018,2018-01-01,18.5,,2018,1,1,2
602711,375,Nitrogen dioxide (NO2),Mean,ppb,UHF42,104,Pelham - Throgs Neck,Annual Average 2018,2018-01-01,16.89,,2018,1,1,2
602870,375,Nitrogen dioxide (NO2),Mean,ppb,UHF34,211,Williamsburg - Bushwick,Annual Average 2018,2018-01-01,20.95,,2018,1,1,2
603083,375,Nitrogen dioxide (NO2),Mean,ppb,CD,409,Kew Gardens and Woodhaven (CD9),Annual Average 2018,2018-01-01,18.17,,2018,1,1,2
605951,365,Fine particles (PM 2.5),Mean,mcg/m3,CD,208,Riverdale and Fieldston (CD8),Annual Average 2018,2018-01-01,6.95,,2018,1,1,2
605912,365,Fine particles (PM 2.5),Mean,mcg/m3,CD,107,Upper West Side (CD7),Annual Average 2018,2018-01-01,8.16,,2018,1,1,2
603080,375,Nitrogen dioxide (NO2),Mean,ppb,CD,408,Hillcrest and Fresh Meadows (CD8),Annual Average 2018,2018-01-01,17.15,,2018,1,1,2
605828,365,Fine particles (PM 2.5),Mean,mcg/m3,UHF34,210,Coney Island - Sheepshead Bay,Annual Average 2018,2018-01-01,6.55,,2018,1,1,2
605747,365,Fine particles (PM 2.5),Mean,mcg/m3,UHF42,401,Long Island City - Astoria,Annual Average 2018,2018-01-01,8.16,,2018,1,1,2
605672,365,Fine particles (PM 2.5),Mean,mcg/m3,UHF42,104,Pelham - Throgs Neck,Annual Average 2018,2018-01-01,7.0,,2018,1,1,2
605849,365,Fine particles (PM 2.5),Mean,mcg/m3,UHF34,402,West Queens,Annual Average 2018,2018-01-01,7.57,,2018,1,1,2
602906,375,Nitrogen dioxide (NO2),Mean,ppb,UHF34,410,Rockaways,Annual Average 2018,2018-01-01,10.52,,2018,1,1,2
605807,365,Fine particles (PM 2.5),Mean,mcg/m3,UHF34,203,Bedford Stuyvesant - Crown Heights,Annual Average 2018,2018-01-01,7.27,,2018,1,1,2
603104,375,Nitrogen dioxide (NO2),Mean,ppb,CD,502,South Beach and Willowbrook (CD2),Annual Average 2018,2018-01-01,12.84,,2018,1,1,2
602933,375,Nitrogen dioxide (NO2),Mean,ppb,CD,101,Financial District (CD1),Annual Average 2018,2018-01-01,25.32,,2018,1,1,2
605792,365,Fine particles (PM 2.5),Mean,mcg/m3,UHF34,102,Northeast Bronx,Annual Average 2018,2018-01-01,6.99,,2018,1,1,2
605696,365,Fine particles (PM 2.5),Mean,mcg/m3,UHF42,205,Sunset Park,Annual Average 2018,2018-01-01,7.72,,2018,1,1,2
602864,375,Nitrogen dioxide (NO2),Mean,ppb,UHF34,209,Bensonhurst - Bay Ridge,Annual Average 2018,2018-01-01,16.86,,2018,1,1,2
602723,375,Nitrogen dioxide (NO2),Mean,ppb,UHF42,201,Greenpoint,Annual Average 2018,2018-01-01,21.93,,2018,1,1,2
605930,365,Fine particles (PM 2.5),Mean,mcg/m3,CD,201,Mott Haven and Melrose (CD1),Annual Average 2018,2018-01-01,8.05,,2018,1,1,2
603047,375,Nitrogen dioxide (NO2),Mean,ppb,CD,315,Sheepshead Bay (CD15),Annual Average 2018,2018-01-01,14.49,,2018,1,1,2
602978,375,Nitrogen dioxide (NO2),Mean,ppb,CD,204,Highbridge and Concourse (CD4),Annual Average 2018,2018-01-01,20.92,,2018,1,1,2
606035,365,Fine particles (PM 2.5),Mean,mcg/m3,CD,406,Rego Park and Forest Hills (CD6),Annual Average 2018,2018-01-01,6.95,,2018,1,1,2
606059,365,Fine particles (PM 2.5),Mean,mcg/m3,CD,414,Rockaway and Broad Channel (CD14),Annual Average 2018,2018-01-01,6.06,,2018,1,1,2
603020,375,Nitrogen dioxide (NO2),Mean,ppb,CD,306,Park Slope and Carroll Gardens (CD6),Annual Average 2018,2018-01-01,21.2,,2018,1,1,2
606041,365,Fine particles (PM 2.5),Mean,mcg/m3,CD,408,Hillcrest and Fresh Meadows (CD8),Annual Average 2018,2018-01-01,6.59,,2018,1,1,2
602768,375,Nitrogen dioxide (NO2),Mean,ppb,UHF42,305,Upper East Side,Annual Average 2018,2018-01-01,23.42,,2018,1,1,2
603023,375,Nitrogen dioxide (NO2),Mean,ppb,CD,307,Sunset Park (CD7),Annual Average 2018,2018-01-01,19.76,,2018,1,1,2
605996,365,Fine particles (PM 2.5),Mean,mcg/m3,CD,311,Bensonhurst (CD11),Annual Average 2018,2018-01-01,6.72,,2018,1,1,2
606020,365,Fine particles (PM 2.5),Mean,mcg/m3,CD,401,Long Island City and Astoria (CD1),Annual Average 2018,2018-01-01,7.39,,2018,1,1,2
602708,375,Nitrogen dioxide (NO2),Mean,ppb,UHF42,103,Fordham - Bronx Pk,Annual Average 2018,2018-01-01,17.25,,2018,1,1,2
605993,365,Fine particles (PM 2.5),Mean,mcg/m3,CD,310,Bay Ridge and Dyker Heights (CD10),Annual Average 2018,2018-01-01,6.79,,2018,1,1,2
602909,375,Nitrogen dioxide (NO2),Mean,ppb,UHF34,305307,Upper East Side-Gramercy,Annual Average 2018,2018-01-01,25.89,,2018,1,1,2
605954,365,Fine particles (PM 2.5),Mean,mcg/m3,CD,209,Parkchester and Soundview (CD9),Annual Average 2018,2018-01-01,7.11,,2018,1,1,2
602948,375,Nitrogen dioxide (NO2),Mean,ppb,CD,106,Stuyvesant Town and Turtle Bay (CD6),Annual Average 2018,2018-01-01,26.65,,2018,1,1,2
602912,375,Nitrogen dioxide (NO2),Mean,ppb,UHF34,306308,Chelsea-Village,Annual Average 2018,2018-01-01,26.64,,2018,1,1,2
603095,375,Nitrogen dioxide (NO2),Mean,ppb,CD,413,Queens Village (CD13),Annual Average 2018,2018-01-01,16.26,,2018,1,1,2
605900,365,Fine particles (PM 2.5),Mean,mcg/m3,CD,103,Lower East Side and Chinatown (CD3),Annual Average 2018,2018-01-01,7.93,,2018,1,1,2
605666,365,Fine particles (PM 2.5),Mean,mcg/m3,UHF42,102,Northeast Bronx,Annual Average 2018,2018-01-01,6.99,,2018,1,1,2
602957,375,Nitrogen dioxide (NO2),Mean,ppb,CD,109,Morningside Heights and Hamilton Heights (CD9),Annual Average 2018,2018-01-01,21.51,,2018,1,1,2
605660,365,Fine particles (PM 2.5),Mean,mcg/m3,Borough,5,Staten Island,Annual Average 2018,2018-01-01,6.4,,2018,1,1,2
605927,365,Fine particles (PM 2.5),Mean,mcg/m3,CD,112,Washington Heights and Inwood (CD12),Annual Average 2018,2018-01-01,7.32,,2018,1,1,2
605945,365,Fine particles (PM 2.5),Mean,mcg/m3,CD,206,Belmont and East Tremont (CD6),Annual Average 2018,2018-01-01,7.37,,2018,1,1,2
602762,375,Nitrogen dioxide (NO2),Mean,ppb,UHF42,303,East Harlem,Annual Average 2018,2018-01-01,20.91,,2018,1,1,2
605786,365,Fine particles (PM 2.5),Mean,mcg/m3,UHF42,504,South Beach - Tottenville,Annual Average 2018,2018-01-01,6.18,,2018,1,1,2
605732,365,Fine particles (PM 2.5),Mean,mcg/m3,UHF42,306,Chelsea - Clinton,Annual Average 2018,2018-01-01,9.97,,2018,1,1,2
605693,365,Fine particles (PM 2.5),Mean,mcg/m3,UHF42,204,East New York,Annual Average 2018,2018-01-01,7.06,,2018,1,1,2
605906,365,Fine particles (PM 2.5),Mean,mcg/m3,CD,105,Midtown (CD5),Annual Average 2018,2018-01-01,11.45,,2018,1,1,2
605981,365,Fine particles (PM 2.5),Mean,mcg/m3,CD,306,Park Slope and Carroll Gardens (CD6),Annual Average 2018,2018-01-01,7.96,,2018,1,1,2
603014,375,Nitrogen dioxide (NO2),Mean,ppb,CD,304,Bushwick (CD4),Annual Average 2018,2018-01-01,19.47,,2018,1,1,2
605651,365,Fine particles (PM 2.5),Mean,mcg/m3,Borough,2,Brooklyn,Annual Average 2018,2018-01-01,7.19,,2018,1,1,2
602837,375,Nitrogen dioxide (NO2),Mean,ppb,UHF34,104,Pelham - Throgs Neck,Annual Average 2018,2018-01-01,16.89,,2018,1,1,2
605678,365,Fine particles (PM 2.5),Mean,mcg/m3,UHF42,106,High Bridge - Morrisania,Annual Average 2018,2018-01-01,7.68,,2018,1,1,2
603029,375,Nitrogen dioxide (NO2),Mean,ppb,CD,309,South Crown Heights and Lefferts Gardens (CD9),Annual Average 2018,2018-01-01,19.12,,2018,1,1,2
603017,375,Nitrogen dioxide (NO2),Mean,ppb,CD,305,East New York and Starrett City (CD5),Annual Average 2018,2018-01-01,17.17,,2018,1,1,2
602765,375,Nitrogen dioxide (NO2),Mean,ppb,UHF42,304,Upper West Side,Annual Average 2018,2018-01-01,22.22,,2018,1,1,2
605978,365,Fine particles (PM 2.5),Mean,mcg/m3,CD,305,East New York and Starrett City (CD5),Annual Average 2018,2018-01-01,7.02,,2018,1,1,2
606005,365,Fine particles (PM 2.5),Mean,mcg/m3,CD,314,Flatbush and Midwood (CD14),Annual Average 2018,2018-01-01,6.95,,2018,1,1,2
602792,375,Nitrogen dioxide (NO2),Mean,ppb,UHF42,403,Flushing - Clearview,Annual Average 2018,2018-01-01,17.63,,2018,1,1,2
605714,365,Fine particles (PM 2.5),Mean,mcg/m3,UHF42,211,Williamsburg - Bushwick,Annual Average 2018,2018-01-01,8.11,,2018,1,1,2
605948,365,Fine particles (PM 2.5),Mean,mcg/m3,CD,207,Kingsbridge Heights and Bedford (CD7),Annual Average 2018,2018-01-01,7.38,,2018,1,1,2
602756,375,Nitrogen dioxide (NO2),Mean,ppb,UHF42,301,Washington Heights,Annual Average 2018,2018-01-01,19.73,,2018,1,1,2
602687,375,Nitrogen dioxide (NO2),Mean,ppb,Borough,1,Bronx,Annual Average 2018,2018-01-01,17.73,,2018,1,1,2
605894,365,Fine particles (PM 2.5),Mean,mcg/m3,CD,101,Financial District (CD1),Annual Average 2018,2018-01-01,8.97,,2018,1,1,2
602759,375,Nitrogen dioxide (NO2),Mean,ppb,UHF42,302,Central Harlem - Morningside Heights,Annual Average 2018,2018-01-01,21.66,,2018,1,1,2
603089,375,Nitrogen dioxide (NO2),Mean,ppb,CD,411,Bayside and Little Neck (CD11),Annual Average 2018,2018-01-01,16.09,,2018,1,1,2
602705,375,Nitrogen dioxide (NO2),Mean,ppb,UHF42,102,Northeast Bronx,Annual Average 2018,2018-01-01,16.16,,2018,1,1,2
602726,375,Nitrogen dioxide (NO2),Mean,ppb,UHF42,202,Downtown - Heights - Slope,Annual Average 2018,2018-01-01,21.14,,2018,1,1,2
603059,375,Nitrogen dioxide (NO2),Mean,ppb,CD,401,Long Island City and Astoria (CD1),Annual Average 2018,2018-01-01,19.5,,2018,1,1,2
602699,375,Nitrogen dioxide (NO2),Mean,ppb,Borough,5,Staten Island,Annual Average 2018,2018-01-01,12.92,,2018,1,1,2
605984,365,Fine particles (PM 2.5),Mean,mcg/m3,CD,307,Sunset Park (CD7),Annual Average 2018,2018-01-01,7.77,,2018,1,1,2
605834,365,Fine particles (PM 2.5),Mean,mcg/m3,UHF34,301,Washington Heights,Annual Average 2018,2018-01-01,7.32,,2018,1,1,2
606032,365,Fine particles (PM 2.5),Mean,mcg/m3,CD,405,Ridgewood and Maspeth (CD5),Annual Average 2018,2018-01-01,7.35,,2018,1,1,2
605960,365,Fine particles (PM 2.5),Mean,mcg/m3,CD,211,Morris Park and Bronxdale (CD11),Annual Average 2018,2018-01-01,7.08,,2018,1,1,2
605735,365,Fine particles (PM 2.5),Mean,mcg/m3,UHF42,307,Gramercy Park - Murray Hill,Annual Average 2018,2018-01-01,10.3,,2018,1,1,2
605837,365,Fine particles (PM 2.5),Mean,mcg/m3,UHF34,302,Central Harlem - Morningside Heights,Annual Average 2018,2018-01-01,7.53,,2018,1,1,2
603056,375,Nitrogen dioxide (NO2),Mean,ppb,CD,318,Flatlands and Canarsie (CD18),Annual Average 2018,2018-01-01,14.45,,2018,1,1,2
602783,375,Nitrogen dioxide (NO2),Mean,ppb,UHF42,310,Lower Manhattan,Annual Average 2018,2018-01-01,25.15,,2018,1,1,2
603002,375,Nitrogen dioxide (NO2),Mean,ppb,CD,212,Williamsbridge and Baychester (CD12),Annual Average 2018,2018-01-01,15.81,,2018,1,1,2
605648,365,Fine particles (PM 2.5),Mean,mcg/m3,Borough,1,Bronx,Annual Average 2018,2018-01-01,7.25,,2018,1,1,2
605942,365,Fine particles (PM 2.5),Mean,mcg/m3,CD,205,Fordham and University Heights (CD5),Annual Average 2018,2018-01-01,7.68,,2018,1,1,2
605720,365,Fine particles (PM 2.5),Mean,mcg/m3,UHF42,302,Central Harlem - Morningside Heights,Annual Average 2018,2018-01-01,7.53,,2018,1,1,2
602960,375,Nitrogen dioxide (NO2),Mean,ppb,CD,110,Central Harlem (CD10),Annual Average 2018,2018-01-01,21.72,,2018,1,1,2
606053,365,Fine particles (PM 2.5),Mean,mcg/m3,CD,412,Jamaica and Hollis (CD12),Annual Average 2018,2018-01-01,6.7,,2018,1,1,2
606047,365,Fine particles (PM 2.5),Mean,mcg/m3,CD,410,South Ozone Park and Howard Beach (CD10),Annual Average 2018,2018-01-01,6.4,,2018,1,1,2
602732,375,Nitrogen dioxide (NO2),Mean,ppb,UHF42,204,East New York,Annual Average 2018,2018-01-01,17.56,,2018,1,1,2
605858,365,Fine particles (PM 2.5),Mean,mcg/m3,UHF34,407,Southwest Queens,Annual Average 2018,2018-01-01,6.56,,2018,1,1,2
605738,365,Fine particles (PM 2.5),Mean,mcg/m3,UHF42,308,Greenwich Village - SoHo,Annual Average 2018,2018-01-01,8.79,,2018,1,1,2
602852,375,Nitrogen dioxide (NO2),Mean,ppb,UHF34,205,Sunset Park,Annual Average 2018,2018-01-01,19.67,,2018,1,1,2
602801,375,Nitrogen dioxide (NO2),Mean,ppb,UHF42,406,Fresh Meadows,Annual Average 2018,2018-01-01,17.34,,2018,1,1,2
602795,375,Nitrogen dioxide (NO2),Mean,ppb,UHF42,404,Bayside - Little Neck,Annual Average 2018,2018-01-01,15.77,,2018,1,1,2
602903,375,Nitrogen dioxide (NO2),Mean,ppb,UHF34,409,Southeast Queens,Annual Average 2018,2018-01-01,16.22,,2018,1,1,2
605777,365,Fine particles (PM 2.5),Mean,mcg/m3,UHF42,501,Port Richmond,Annual Average 2018,2018-01-01,6.78,,2018,1,1,2
602693,375,Nitrogen dioxide (NO2),Mean,ppb,Borough,3,Manhattan,Annual Average 2018,2018-01-01,23.43,,2018,1,1,2
606056,365,Fine particles (PM 2.5),Mean,mcg/m3,CD,413,Queens Village (CD13),Annual Average 2018,2018-01-01,6.44,,2018,1,1,2
602729,375,Nitrogen dioxide (NO2),Mean,ppb,UHF42,203,Bedford Stuyvesant - Crown Heights,Annual Average 2018,2018-01-01,19.42,,2018,1,1,2
602798,375,Nitrogen dioxide (NO2),Mean,ppb,UHF42,405,Ridgewood - Forest Hills,Annual Average 2018,2018-01-01,17.94,,2018,1,1,2
602954,375,Nitrogen dioxide (NO2),Mean,ppb,CD,108,Upper East Side (CD8),Annual Average 2018,2018-01-01,23.51,,2018,1,1,2
605663,365,Fine particles (PM 2.5),Mean,mcg/m3,UHF42,101,Kingsbridge - Riverdale,Annual Average 2018,2018-01-01,6.95,,2018,1,1,2
602747,375,Nitrogen dioxide (NO2),Mean,ppb,UHF42,209,Bensonhurst - Bay Ridge,Annual Average 2018,2018-01-01,16.86,,2018,1,1,2
605933,365,Fine particles (PM 2.5),Mean,mcg/m3,CD,202,Hunts Point and Longwood (CD2),Annual Average 2018,2018-01-01,8.12,,2018,1,1,2
605753,365,Fine particles (PM 2.5),Mean,mcg/m3,UHF42,403,Flushing - Clearview,Annual Average 2018,2018-01-01,6.9,,2018,1,1,2
602819,375,Nitrogen dioxide (NO2),Mean,ppb,UHF42,502,Stapleton - St. George,Annual Average 2018,2018-01-01,14.26,,2018,1,1,2
605756,365,Fine particles (PM 2.5),Mean,mcg/m3,UHF42,404,Bayside - Little Neck,Annual Average 2018,2018-01-01,6.48,,2018,1,1,2
605999,365,Fine particles (PM 2.5),Mean,mcg/m3,CD,312,Borough Park (CD12),Annual Average 2018,2018-01-01,7.06,,2018,1,1,2
605864,365,Fine particles (PM 2.5),Mean,mcg/m3,UHF34,409,Southeast Queens,Annual Average 2018,2018-01-01,6.42,,2018,1,1,2
602942,375,Nitrogen dioxide (NO2),Mean,ppb,CD,104,Clinton and Chelsea (CD4),Annual Average 2018,2018-01-01,25.71,,2018,1,1,2
603074,375,Nitrogen dioxide (NO2),Mean,ppb,CD,406,Rego Park and Forest Hills (CD6),Annual Average 2018,2018-01-01,18.33,,2018,1,1,2
605966,365,Fine particles (PM 2.5),Mean,mcg/m3,CD,301,Greenpoint and Williamsburg (CD1),Annual Average 2018,2018-01-01,8.87,,2018,1,1,2
605840,365,Fine particles (PM 2.5),Mean,mcg/m3,UHF34,303,East Harlem,Annual Average 2018,2018-01-01,7.39,,2018,1,1,2
602888,375,Nitrogen dioxide (NO2),Mean,ppb,UHF34,402,West Queens,Annual Average 2018,2018-01-01,19.9,,2018,1,1,2
602738,375,Nitrogen dioxide (NO2),Mean,ppb,UHF42,206,Borough Park,Annual Average 2018,2018-01-01,18.11,,2018,1,1,2
602771,375,Nitrogen dioxide (NO2),Mean,ppb,UHF42,306,Chelsea - Clinton,Annual Average 2018,2018-01-01,27.57,,2018,1,1,2
602741,375,Nitrogen dioxide (NO2),Mean,ppb,UHF42,207,East Flatbush - Flatbush,Annual Average 2018,2018-01-01,17.9,,2018,1,1,2
605888,365,Fine particles (PM 2.5),Mean,mcg/m3,UHF34,105106107,South Bronx,Annual Average 2018,2018-01-01,7.7,,2018,1,1,2
602873,375,Nitrogen dioxide (NO2),Mean,ppb,UHF34,301,Washington Heights,Annual Average 2018,2018-01-01,19.73,,2018,1,1,2
602831,375,Nitrogen dioxide (NO2),Mean,ppb,UHF34,102,Northeast Bronx,Annual Average 2018,2018-01-01,16.16,,2018,1,1,2
602963,375,Nitrogen dioxide (NO2),Mean,ppb,CD,111,East Harlem (CD11),Annual Average 2018,2018-01-01,20.88,,2018,1,1,2
602690,375,Nitrogen dioxide (NO2),Mean,ppb,Borough,2,Brooklyn,Annual Average 2018,2018-01-01,17.83,,2018,1,1,2
606023,365,Fine particles (PM 2.5),Mean,mcg/m3,CD,402,Woodside and Sunnyside (CD2),Annual Average 2018,2018-01-01,8.6,,2018,1,1,2
605804,365,Fine particles (PM 2.5),Mean,mcg/m3,UHF34,202,Downtown - Heights - Slope,Annual Average 2018,2018-01-01,7.85,,2018,1,1,2
605990,365,Fine particles (PM 2.5),Mean,mcg/m3,CD,309,South Crown Heights and Lefferts Gardens (CD9),Annual Average 2018,2018-01-01,7.13,,2018,1,1,2
605924,365,Fine particles (PM 2.5),Mean,mcg/m3,CD,111,East Harlem (CD11),Annual Average 2018,2018-01-01,7.39,,2018,1,1,2
603065,375,Nitrogen dioxide (NO2),Mean,ppb,CD,403,Jackson Heights (CD3),Annual Average 2018,2018-01-01,19.09,,2018,1,1,2
605771,365,Fine particles (PM 2.5),Mean,mcg/m3,UHF42,409,Southeast Queens,Annual Average 2018,2018-01-01,6.42,,2018,1,1,2
605654,365,Fine particles (PM 2.5),Mean,mcg/m3,Borough,3,Manhattan,Annual Average 2018,2018-01-01,8.46,,2018,1,1,2
605843,365,Fine particles (PM 2.5),Mean,mcg/m3,UHF34,304,Upper West Side,Annual Average 2018,2018-01-01,8.16,,2018,1,1,2
605918,365,Fine particles (PM 2.5),Mean,mcg/m3,CD,109,Morningside Heights and Hamilton Heights (CD9),Annual Average 2018,2018-01-01,7.52,,2018,1,1,2
603038,375,Nitrogen dioxide (NO2),Mean,ppb,CD,312,Borough Park (CD12),Annual Average 2018,2018-01-01,18.5,,2018,1,1,2
602894,375,Nitrogen dioxide (NO2),Mean,ppb,UHF34,405,Ridgewood - Forest Hills,Annual Average 2018,2018-01-01,17.94,,2018,1,1,2
605897,365,Fine particles (PM 2.5),Mean,mcg/m3,CD,102,Greenwich Village and Soho (CD2),Annual Average 2018,2018-01-01,8.86,,2018,1,1,2
602774,375,Nitrogen dioxide (NO2),Mean,ppb,UHF42,307,Gramercy Park - Murray Hill,Annual Average 2018,2018-01-01,28.69,,2018,1,1,2
606017,365,Fine particles (PM 2.5),Mean,mcg/m3,CD,318,Flatlands and Canarsie (CD18),Annual Average 2018,2018-01-01,6.66,,2018,1,1,2
606062,365,Fine particles (PM 2.5),Mean,mcg/m3,CD,501,St. George and Stapleton (CD1),Annual Average 2018,2018-01-01,6.58,,2018,1,1,2
602777,375,Nitrogen dioxide (NO2),Mean,ppb,UHF42,308,Greenwich Village - SoHo,Annual Average 2018,2018-01-01,24.79,,2018,1,1,2
605702,365,Fine particles (PM 2.5),Mean,mcg/m3,UHF42,207,East Flatbush - Flatbush,Annual Average 2018,2018-01-01,7.04,,2018,1,1,2
605879,365,Fine particles (PM 2.5),Mean,mcg/m3,UHF34,404406,Bayside Little Neck-Fresh Meadows,Annual Average 2018,2018-01-01,6.51,,2018,1,1,2
606050,365,Fine particles (PM 2.5),Mean,mcg/m3,CD,411,Bayside and Little Neck (CD11),Annual Average 2018,2018-01-01,6.48,,2018,1,1,2
606065,365,Fine particles (PM 2.5),Mean,mcg/m3,CD,502,South Beach and Willowbrook (CD2),Annual Average 2018,2018-01-01,6.49,,2018,1,1,2
602843,375,Nitrogen dioxide (NO2),Mean,ppb,UHF34,202,Downtown - Heights - Slope,Annual Average 2018,2018-01-01,21.14,,2018,1,1,2
602996,375,Nitrogen dioxide (NO2),Mean,ppb,CD,210,Throgs Neck and Co-op City (CD10),Annual Average 2018,2018-01-01,15.84,,2018,1,1,2
605726,365,Fine particles (PM 2.5),Mean,mcg/m3,UHF42,304,Upper West Side,Annual Average 2018,2018-01-01,8.16,,2018,1,1,2
605750,365,Fine particles (PM 2.5),Mean,mcg/m3,UHF42,402,West Queens,Annual Average 2018,2018-01-01,7.57,,2018,1,1,2
602972,375,Nitrogen dioxide (NO2),Mean,ppb,CD,202,Hunts Point and Longwood (CD2),Annual Average 2018,2018-01-01,20.45,,2018,1,1,2
605846,365,Fine particles (PM 2.5),Mean,mcg/m3,UHF34,401,Long Island City - Astoria,Annual Average 2018,2018-01-01,8.16,,2018,1,1,2
603035,375,Nitrogen dioxide (NO2),Mean,ppb,CD,311,Bensonhurst (CD11),Annual Average 2018,2018-01-01,17.08,,2018,1,1,2
605855,365,Fine particles (PM 2.5),Mean,mcg/m3,UHF34,405,Ridgewood - Forest Hills,Annual Average 2018,2018-01-01,6.99,,2018,1,1,2
605717,365,Fine particles (PM 2.5),Mean,mcg/m3,UHF42,301,Washington Heights,Annual Average 2018,2018-01-01,7.32,,2018,1,1,2
602984,375,Nitrogen dioxide (NO2),Mean,ppb,CD,206,Belmont and East Tremont (CD6),Annual Average 2018,2018-01-01,19.18,,2018,1,1,2
603086,375,Nitrogen dioxide (NO2),Mean,ppb,CD,410,South Ozone Park and Howard Beach (CD10),Annual Average 2018,2018-01-01,16.55,,2018,1,1,2
602999,375,Nitrogen dioxide (NO2),Mean,ppb,CD,211,Morris Park and Bronxdale (CD11),Annual Average 2018,2018-01-01,17.08,,2018,1,1,2
602879,375,Nitrogen dioxide (NO2),Mean,ppb,UHF34,303,East Harlem,Annual Average 2018,2018-01-01,20.91,,2018,1,1,2
605969,365,Fine particles (PM 2.5),Mean,mcg/m3,CD,302,Fort Greene and Brooklyn Heights (CD2),Annual Average 2018,2018-01-01,7.75,,2018,1,1,2
602834,375,Nitrogen dioxide (NO2),Mean,ppb,UHF34,103,Fordham - Bronx Pk,Annual Average 2018,2018-01-01,17.25,,2018,1,1,2
602753,375,Nitrogen dioxide (NO2),Mean,ppb,UHF42,211,Williamsburg - Bushwick,Annual Average 2018,2018-01-01,20.95,,2018,1,1,2
602891,375,Nitrogen dioxide (NO2),Mean,ppb,UHF34,403,Flushing - Clearview,Annual Average 2018,2018-01-01,17.63,,2018,1,1,2
602915,375,Nitrogen dioxide (NO2),Mean,ppb,UHF34,309310,Union Square-Lower Manhattan,Annual Average 2018,2018-01-01,23.63,,2018,1,1,2
603062,375,Nitrogen dioxide (NO2),Mean,ppb,CD,402,Woodside and Sunnyside (CD2),Annual Average 2018,2018-01-01,21.13,,2018,1,1,2
602987,375,Nitrogen dioxide (NO2),Mean,ppb,CD,207,Kingsbridge Heights and Bedford (CD7),Annual Average 2018,2018-01-01,18.43,,2018,1,1,2
605687,365,Fine particles (PM 2.5),Mean,mcg/m3,UHF42,202,Downtown - Heights - Slope,Annual Average 2018,2018-01-01,7.85,,2018,1,1,2
602945,375,Nitrogen dioxide (NO2),Mean,ppb,CD,105,Midtown (CD5),Annual Average 2018,2018-01-01,31.1,,2018,1,1,2
606002,365,Fine particles (PM 2.5),Mean,mcg/m3,CD,313,Coney Island (CD13),Annual Average 2018,2018-01-01,6.53,,2018,1,1,2
602810,375,Nitrogen dioxide (NO2),Mean,ppb,UHF42,409,Southeast Queens,Annual Average 2018,2018-01-01,16.21,,2018,1,1,2
602900,375,Nitrogen dioxide (NO2),Mean,ppb,UHF34,408,Jamaica,Annual Average 2018,2018-01-01,17.55,,2018,1,1,2
605690,365,Fine particles (PM 2.5),Mean,mcg/m3,UHF42,203,Bedford Stuyvesant - Crown Heights,Annual Average 2018,2018-01-01,7.27,,2018,1,1,2
603008,375,Nitrogen dioxide (NO2),Mean,ppb,CD,302,Fort Greene and Brooklyn Heights (CD2),Annual Average 2018,2018-01-01,21.09,,2018,1,1,2
605819,365,Fine particles (PM 2.5),Mean,mcg/m3,UHF34,207,East Flatbush - Flatbush,Annual Average 2018,2018-01-01,7.04,,2018,1,1,2
602951,375,Nitrogen dioxide (NO2),Mean,ppb,CD,107,Upper West Side (CD7),Annual Average 2018,2018-01-01,22.19,,2018,1,1,2
605675,365,Fine particles (PM 2.5),Mean,mcg/m3,UHF42,105,Crotona -Tremont,Annual Average 2018,2018-01-01,7.53,,2018,1,1,2
602981,375,Nitrogen dioxide (NO2),Mean,ppb,CD,205,Fordham and University Heights (CD5),Annual Average 2018,2018-01-01,20.54,,2018,1,1,2
605801,365,Fine particles (PM 2.5),Mean,mcg/m3,UHF34,201,Greenpoint,Annual Average 2018,2018-01-01,8.72,,2018,1,1,2
603050,375,Nitrogen dioxide (NO2),Mean,ppb,CD,316,Brownsville (CD16),Annual Average 2018,2018-01-01,18.8,,2018,1,1,2
602746,375,Nitrogen dioxide (NO2),Mean,ppb,UHF42,208,Canarsie - Flatlands,Winter 2017-18,2017-12-01,20.54,,2017,12,4,2
602707,375,Nitrogen dioxide (NO2),Mean,ppb,UHF42,102,Northeast Bronx,Winter 2017-18,2017-12-01,21.29,,2017,12,4,2
602773,375,Nitrogen dioxide (NO2),Mean,ppb,UHF42,306,Chelsea - Clinton,Winter 2017-18,2017-12-01,31.91,,2017,12,4,2
606064,365,Fine particles (PM 2.5),Mean,mcg/m3,CD,501,St. George and Stapleton (CD1),Winter 2017-18,2017-12-01,8.02,,2017,12,4,2
605992,365,Fine particles (PM 2.5),Mean,mcg/m3,CD,309,South Crown Heights and Lefferts Gardens (CD9),Winter 2017-18,2017-12-01,8.51,,2017,12,4,2
602689,375,Nitrogen dioxide (NO2),Mean,ppb,Borough,1,Bronx,Winter 2017-18,2017-12-01,23.57,,2017,12,4,2
603085,375,Nitrogen dioxide (NO2),Mean,ppb,CD,409,Kew Gardens and Woodhaven (CD9),Winter 2017-18,2017-12-01,25.27,,2017,12,4,2
602701,375,Nitrogen dioxide (NO2),Mean,ppb,Borough,5,Staten Island,Winter 2017-18,2017-12-01,18.92,,2017,12,4,2
602692,375,Nitrogen dioxide (NO2),Mean,ppb,Borough,2,Brooklyn,Winter 2017-18,2017-12-01,24.01,,2017,12,4,2
605773,365,Fine particles (PM 2.5),Mean,mcg/m3,UHF42,409,Southeast Queens,Winter 2017-18,2017-12-01,7.46,,2017,12,4,2
603004,375,Nitrogen dioxide (NO2),Mean,ppb,CD,212,Williamsbridge and Baychester (CD12),Winter 2017-18,2017-12-01,20.92,,2017,12,4,2
602920,375,Nitrogen dioxide (NO2),Mean,ppb,UHF34,404406,Bayside Little Neck-Fresh Meadows,Winter 2017-18,2017-12-01,22.83,,2017,12,4,2
602950,375,Nitrogen dioxide (NO2),Mean,ppb,CD,106,Stuyvesant Town and Turtle Bay (CD6),Winter 2017-18,2017-12-01,31.25,,2017,12,4,2
605881,365,Fine particles (PM 2.5),Mean,mcg/m3,UHF34,404406,Bayside Little Neck-Fresh Meadows,Winter 2017-18,2017-12-01,7.58,,2017,12,4,2
602719,375,Nitrogen dioxide (NO2),Mean,ppb,UHF42,106,High Bridge - Morrisania,Winter 2017-18,2017-12-01,27.05,,2017,12,4,2
605653,365,Fine particles (PM 2.5),Mean,mcg/m3,Borough,2,Brooklyn,Winter 2017-18,2017-12-01,8.53,,2017,12,4,2
602716,375,Nitrogen dioxide (NO2),Mean,ppb,UHF42,105,Crotona -Tremont,Winter 2017-18,2017-12-01,25.81,,2017,12,4,2
605932,365,Fine particles (PM 2.5),Mean,mcg/m3,CD,201,Mott Haven and Melrose (CD1),Winter 2017-18,2017-12-01,8.97,,2017,12,4,2
605875,365,Fine particles (PM 2.5),Mean,mcg/m3,UHF34,306308,Chelsea-Village,Winter 2017-18,2017-12-01,10.88,,2017,12,4,2
605896,365,Fine particles (PM 2.5),Mean,mcg/m3,CD,101,Financial District (CD1),Winter 2017-18,2017-12-01,10.45,,2017,12,4,2
605656,365,Fine particles (PM 2.5),Mean,mcg/m3,Borough,3,Manhattan,Winter 2017-18,2017-12-01,9.6,,2017,12,4,2
605713,365,Fine particles (PM 2.5),Mean,mcg/m3,UHF42,210,Coney Island - Sheepshead Bay,Winter 2017-18,2017-12-01,7.81,,2017,12,4,2
605899,365,Fine particles (PM 2.5),Mean,mcg/m3,CD,102,Greenwich Village and Soho (CD2),Winter 2017-18,2017-12-01,10.27,,2017,12,4,2
605878,365,Fine particles (PM 2.5),Mean,mcg/m3,UHF34,309310,Union Square-Lower Manhattan,Winter 2017-18,2017-12-01,9.82,,2017,12,4,2
605746,365,Fine particles (PM 2.5),Mean,mcg/m3,UHF42,310,Lower Manhattan,Winter 2017-18,2017-12-01,10.41,,2017,12,4,2
605743,365,Fine particles (PM 2.5),Mean,mcg/m3,UHF42,309,Union Square - Lower East Side,Winter 2017-18,2017-12-01,9.55,,2017,12,4,2
603076,375,Nitrogen dioxide (NO2),Mean,ppb,CD,406,Rego Park and Forest Hills (CD6),Winter 2017-18,2017-12-01,25.6,,2017,12,4,2
605836,365,Fine particles (PM 2.5),Mean,mcg/m3,UHF34,301,Washington Heights,Winter 2017-18,2017-12-01,8.29,,2017,12,4,2
605968,365,Fine particles (PM 2.5),Mean,mcg/m3,CD,301,Greenpoint and Williamsburg (CD1),Winter 2017-18,2017-12-01,10.22,,2017,12,4,2
605827,365,Fine particles (PM 2.5),Mean,mcg/m3,UHF34,209,Bensonhurst - Bay Ridge,Winter 2017-18,2017-12-01,8.1,,2017,12,4,2
605794,365,Fine particles (PM 2.5),Mean,mcg/m3,UHF34,102,Northeast Bronx,Winter 2017-18,2017-12-01,8.13,,2017,12,4,2
606001,365,Fine particles (PM 2.5),Mean,mcg/m3,CD,312,Borough Park (CD12),Winter 2017-18,2017-12-01,8.48,,2017,12,4,2
605803,365,Fine particles (PM 2.5),Mean,mcg/m3,UHF34,201,Greenpoint,Winter 2017-18,2017-12-01,10.07,,2017,12,4,2
606037,365,Fine particles (PM 2.5),Mean,mcg/m3,CD,406,Rego Park and Forest Hills (CD6),Winter 2017-18,2017-12-01,8.02,,2017,12,4,2
603070,375,Nitrogen dioxide (NO2),Mean,ppb,CD,404,Elmhurst and Corona (CD4),Winter 2017-18,2017-12-01,27.07,,2017,12,4,2
602854,375,Nitrogen dioxide (NO2),Mean,ppb,UHF34,205,Sunset Park,Winter 2017-18,2017-12-01,25.76,,2017,12,4,2
603061,375,Nitrogen dioxide (NO2),Mean,ppb,CD,401,Long Island City and Astoria (CD1),Winter 2017-18,2017-12-01,25.96,,2017,12,4,2
605995,365,Fine particles (PM 2.5),Mean,mcg/m3,CD,310,Bay Ridge and Dyker Heights (CD10),Winter 2017-18,2017-12-01,8.27,,2017,12,4,2
605662,365,Fine particles (PM 2.5),Mean,mcg/m3,Borough,5,Staten Island,Winter 2017-18,2017-12-01,7.79,,2017,12,4,2
602941,375,Nitrogen dioxide (NO2),Mean,ppb,CD,103,Lower East Side and Chinatown (CD3),Winter 2017-18,2017-12-01,27.68,,2017,12,4,2
602977,375,Nitrogen dioxide (NO2),Mean,ppb,CD,203,Morrisania and Crotona (CD3),Winter 2017-18,2017-12-01,26.12,,2017,12,4,2
603109,375,Nitrogen dioxide (NO2),Mean,ppb,CD,503,Tottenville and Great Kills (CD3),Winter 2017-18,2017-12-01,17.21,,2017,12,4,2
602737,375,Nitrogen dioxide (NO2),Mean,ppb,UHF42,205,Sunset Park,Winter 2017-18,2017-12-01,25.76,,2017,12,4,2
602713,375,Nitrogen dioxide (NO2),Mean,ppb,UHF42,104,Pelham - Throgs Neck,Winter 2017-18,2017-12-01,22.91,,2017,12,4,2
603055,375,Nitrogen dioxide (NO2),Mean,ppb,CD,317,East Flatbush (CD17),Winter 2017-18,2017-12-01,24.65,,2017,12,4,2
602923,375,Nitrogen dioxide (NO2),Mean,ppb,UHF34,501502,Northern SI,Winter 2017-18,2017-12-01,20.95,,2017,12,4,2
602962,375,Nitrogen dioxide (NO2),Mean,ppb,CD,110,Central Harlem (CD10),Winter 2017-18,2017-12-01,27.64,,2017,12,4,2
602917,375,Nitrogen dioxide (NO2),Mean,ppb,UHF34,309310,Union Square-Lower Manhattan,Winter 2017-18,2017-12-01,28.73,,2017,12,4,2
602875,375,Nitrogen dioxide (NO2),Mean,ppb,UHF34,301,Washington Heights,Winter 2017-18,2017-12-01,25.64,,2017,12,4,2
603034,375,Nitrogen dioxide (NO2),Mean,ppb,CD,310,Bay Ridge and Dyker Heights (CD10),Winter 2017-18,2017-12-01,23.61,,2017,12,4,2
602995,375,Nitrogen dioxide (NO2),Mean,ppb,CD,209,Parkchester and Soundview (CD9),Winter 2017-18,2017-12-01,24.24,,2017,12,4,2
603001,375,Nitrogen dioxide (NO2),Mean,ppb,CD,211,Morris Park and Bronxdale (CD11),Winter 2017-18,2017-12-01,22.76,,2017,12,4,2
603043,375,Nitrogen dioxide (NO2),Mean,ppb,CD,313,Coney Island (CD13),Winter 2017-18,2017-12-01,18.95,,2017,12,4,2
605776,365,Fine particles (PM 2.5),Mean,mcg/m3,UHF42,410,Rockaways,Winter 2017-18,2017-12-01,7.0,,2017,12,4,2
602899,375,Nitrogen dioxide (NO2),Mean,ppb,UHF34,407,Southwest Queens,Winter 2017-18,2017-12-01,23.99,,2017,12,4,2
606067,365,Fine particles (PM 2.5),Mean,mcg/m3,CD,502,South Beach and Willowbrook (CD2),Winter 2017-18,2017-12-01,7.87,,2017,12,4,2
602797,375,Nitrogen dioxide (NO2),Mean,ppb,UHF42,404,Bayside - Little Neck,Winter 2017-18,2017-12-01,21.85,,2017,12,4,2
602860,375,Nitrogen dioxide (NO2),Mean,ppb,UHF34,207,East Flatbush - Flatbush,Winter 2017-18,2017-12-01,24.33,,2017,12,4,2
603088,375,Nitrogen dioxide (NO2),Mean,ppb,CD,410,South Ozone Park and Howard Beach (CD10),Winter 2017-18,2017-12-01,23.13,,2017,12,4,2
603046,375,Nitrogen dioxide (NO2),Mean,ppb,CD,314,Flatbush and Midwood (CD14),Winter 2017-18,2017-12-01,23.47,,2017,12,4,2
603010,375,Nitrogen dioxide (NO2),Mean,ppb,CD,302,Fort Greene and Brooklyn Heights (CD2),Winter 2017-18,2017-12-01,27.06,,2017,12,4,2
605755,365,Fine particles (PM 2.5),Mean,mcg/m3,UHF42,403,Flushing - Clearview,Winter 2017-18,2017-12-01,7.94,,2017,12,4,2
606034,365,Fine particles (PM 2.5),Mean,mcg/m3,CD,405,Ridgewood and Maspeth (CD5),Winter 2017-18,2017-12-01,8.51,,2017,12,4,2
603037,375,Nitrogen dioxide (NO2),Mean,ppb,CD,311,Bensonhurst (CD11),Winter 2017-18,2017-12-01,22.88,,2017,12,4,2
603103,375,Nitrogen dioxide (NO2),Mean,ppb,CD,501,St. George and Stapleton (CD1),Winter 2017-18,2017-12-01,21.9,,2017,12,4,2
605833,365,Fine particles (PM 2.5),Mean,mcg/m3,UHF34,211,Williamsburg - Bushwick,Winter 2017-18,2017-12-01,9.42,,2017,12,4,2
602884,375,Nitrogen dioxide (NO2),Mean,ppb,UHF34,304,Upper West Side,Winter 2017-18,2017-12-01,27.31,,2017,12,4,2
602827,375,Nitrogen dioxide (NO2),Mean,ppb,UHF42,504,South Beach - Tottenville,Winter 2017-18,2017-12-01,17.21,,2017,12,4,2
602971,375,Nitrogen dioxide (NO2),Mean,ppb,CD,201,Mott Haven and Melrose (CD1),Winter 2017-18,2017-12-01,27.52,,2017,12,4,2
606019,365,Fine particles (PM 2.5),Mean,mcg/m3,CD,318,Flatlands and Canarsie (CD18),Winter 2017-18,2017-12-01,7.87,,2017,12,4,2
605986,365,Fine particles (PM 2.5),Mean,mcg/m3,CD,307,Sunset Park (CD7),Winter 2017-18,2017-12-01,9.3,,2017,12,4,2
605980,365,Fine particles (PM 2.5),Mean,mcg/m3,CD,305,East New York and Starrett City (CD5),Winter 2017-18,2017-12-01,8.18,,2017,12,4,2
606043,365,Fine particles (PM 2.5),Mean,mcg/m3,CD,408,Hillcrest and Fresh Meadows (CD8),Winter 2017-18,2017-12-01,7.64,,2017,12,4,2
603049,375,Nitrogen dioxide (NO2),Mean,ppb,CD,315,Sheepshead Bay (CD15),Winter 2017-18,2017-12-01,19.88,,2017,12,4,2
605905,365,Fine particles (PM 2.5),Mean,mcg/m3,CD,104,Clinton and Chelsea (CD4),Winter 2017-18,2017-12-01,10.42,,2017,12,4,2
605650,365,Fine particles (PM 2.5),Mean,mcg/m3,Borough,1,Bronx,Winter 2017-18,2017-12-01,8.28,,2017,12,4,2
605707,365,Fine particles (PM 2.5),Mean,mcg/m3,UHF42,208,Canarsie - Flatlands,Winter 2017-18,2017-12-01,7.9,,2017,12,4,2
602986,375,Nitrogen dioxide (NO2),Mean,ppb,CD,206,Belmont and East Tremont (CD6),Winter 2017-18,2017-12-01,25.16,,2017,12,4,2
602959,375,Nitrogen dioxide (NO2),Mean,ppb,CD,109,Morningside Heights and Hamilton Heights (CD9),Winter 2017-18,2017-12-01,27.31,,2017,12,4,2
602887,375,Nitrogen dioxide (NO2),Mean,ppb,UHF34,401,Long Island City - Astoria,Winter 2017-18,2017-12-01,27.14,,2017,12,4,2
605770,365,Fine particles (PM 2.5),Mean,mcg/m3,UHF42,408,Jamaica,Winter 2017-18,2017-12-01,7.71,,2017,12,4,2
605893,365,Fine particles (PM 2.5),Mean,mcg/m3,Citywide,1,New York City,Winter 2017-18,2017-12-01,8.2,,2017,12,4,2
605983,365,Fine particles (PM 2.5),Mean,mcg/m3,CD,306,Park Slope and Carroll Gardens (CD6),Winter 2017-18,2017-12-01,9.5,,2017,12,4,2
602890,375,Nitrogen dioxide (NO2),Mean,ppb,UHF34,402,West Queens,Winter 2017-18,2017-12-01,26.84,,2017,12,4,2
602842,375,Nitrogen dioxide (NO2),Mean,ppb,UHF34,201,Greenpoint,Winter 2017-18,2017-12-01,28.11,,2017,12,4,2
602872,375,Nitrogen dioxide (NO2),Mean,ppb,UHF34,211,Williamsburg - Bushwick,Winter 2017-18,2017-12-01,27.7,,2017,12,4,2
602866,375,Nitrogen dioxide (NO2),Mean,ppb,UHF34,209,Bensonhurst - Bay Ridge,Winter 2017-18,2017-12-01,22.67,,2017,12,4,2
606052,365,Fine particles (PM 2.5),Mean,mcg/m3,CD,411,Bayside and Little Neck (CD11),Winter 2017-18,2017-12-01,7.56,,2017,12,4,2
603097,375,Nitrogen dioxide (NO2),Mean,ppb,CD,413,Queens Village (CD13),Winter 2017-18,2017-12-01,21.61,,2017,12,4,2
602836,375,Nitrogen dioxide (NO2),Mean,ppb,UHF34,103,Fordham - Bronx Pk,Winter 2017-18,2017-12-01,22.82,,2017,12,4,2
605830,365,Fine particles (PM 2.5),Mean,mcg/m3,UHF34,210,Coney Island - Sheepshead Bay,Winter 2017-18,2017-12-01,7.81,,2017,12,4,2
602914,375,Nitrogen dioxide (NO2),Mean,ppb,UHF34,306308,Chelsea-Village,Winter 2017-18,2017-12-01,31.14,,2017,12,4,2
605848,365,Fine particles (PM 2.5),Mean,mcg/m3,UHF34,401,Long Island City - Astoria,Winter 2017-18,2017-12-01,9.27,,2017,12,4,2
602911,375,Nitrogen dioxide (NO2),Mean,ppb,UHF34,305307,Upper East Side-Gramercy,Winter 2017-18,2017-12-01,30.67,,2017,12,4,2
605902,365,Fine particles (PM 2.5),Mean,mcg/m3,CD,103,Lower East Side and Chinatown (CD3),Winter 2017-18,2017-12-01,9.36,,2017,12,4,2
605998,365,Fine particles (PM 2.5),Mean,mcg/m3,CD,311,Bensonhurst (CD11),Winter 2017-18,2017-12-01,8.11,,2017,12,4,2
605926,365,Fine particles (PM 2.5),Mean,mcg/m3,CD,111,East Harlem (CD11),Winter 2017-18,2017-12-01,8.36,,2017,12,4,2
602929,375,Nitrogen dioxide (NO2),Mean,ppb,UHF34,105106107,South Bronx,Winter 2017-18,2017-12-01,26.55,,2017,12,4,2
602851,375,Nitrogen dioxide (NO2),Mean,ppb,UHF34,204,East New York,Winter 2017-18,2017-12-01,24.54,,2017,12,4,2
605965,365,Fine particles (PM 2.5),Mean,mcg/m3,CD,212,Williamsbridge and Baychester (CD12),Winter 2017-18,2017-12-01,8.1,,2017,12,4,2
605941,365,Fine particles (PM 2.5),Mean,mcg/m3,CD,204,Highbridge and Concourse (CD4),Winter 2017-18,2017-12-01,8.65,,2017,12,4,2
605797,365,Fine particles (PM 2.5),Mean,mcg/m3,UHF34,103,Fordham - Bronx Pk,Winter 2017-18,2017-12-01,8.22,,2017,12,4,2
605911,365,Fine particles (PM 2.5),Mean,mcg/m3,CD,106,Stuyvesant Town and Turtle Bay (CD6),Winter 2017-18,2017-12-01,10.74,,2017,12,4,2
603028,375,Nitrogen dioxide (NO2),Mean,ppb,CD,308,Crown Heights and Prospect Heights (CD8),Winter 2017-18,2017-12-01,26.53,,2017,12,4,2
605782,365,Fine particles (PM 2.5),Mean,mcg/m3,UHF42,502,Stapleton - St. George,Winter 2017-18,2017-12-01,7.81,,2017,12,4,2
603064,375,Nitrogen dioxide (NO2),Mean,ppb,CD,402,Woodside and Sunnyside (CD2),Winter 2017-18,2017-12-01,27.56,,2017,12,4,2
602908,375,Nitrogen dioxide (NO2),Mean,ppb,UHF34,410,Rockaways,Winter 2017-18,2017-12-01,14.41,,2017,12,4,2
605971,365,Fine particles (PM 2.5),Mean,mcg/m3,CD,302,Fort Greene and Brooklyn Heights (CD2),Winter 2017-18,2017-12-01,9.27,,2017,12,4,2
605791,365,Fine particles (PM 2.5),Mean,mcg/m3,UHF34,101,Kingsbridge - Riverdale,Winter 2017-18,2017-12-01,8.0,,2017,12,4,2
602755,375,Nitrogen dioxide (NO2),Mean,ppb,UHF42,211,Williamsburg - Bushwick,Winter 2017-18,2017-12-01,27.7,,2017,12,4,2
605704,365,Fine particles (PM 2.5),Mean,mcg/m3,UHF42,207,East Flatbush - Flatbush,Winter 2017-18,2017-12-01,8.39,,2017,12,4,2
602791,375,Nitrogen dioxide (NO2),Mean,ppb,UHF42,402,West Queens,Winter 2017-18,2017-12-01,26.84,,2017,12,4,2
603100,375,Nitrogen dioxide (NO2),Mean,ppb,CD,414,Rockaway and Broad Channel (CD14),Winter 2017-18,2017-12-01,14.31,,2017,12,4,2
602878,375,Nitrogen dioxide (NO2),Mean,ppb,UHF34,302,Central Harlem - Morningside Heights,Winter 2017-18,2017-12-01,27.52,,2017,12,4,2
602824,375,Nitrogen dioxide (NO2),Mean,ppb,UHF42,503,Willowbrook,Winter 2017-18,2017-12-01,19.5,,2017,12,4,2
602926,375,Nitrogen dioxide (NO2),Mean,ppb,UHF34,503504,Southern SI,Winter 2017-18,2017-12-01,18.06,,2017,12,4,2
605767,365,Fine particles (PM 2.5),Mean,mcg/m3,UHF42,407,Southwest Queens,Winter 2017-18,2017-12-01,7.62,,2017,12,4,2
605761,365,Fine particles (PM 2.5),Mean,mcg/m3,UHF42,405,Ridgewood - Forest Hills,Winter 2017-18,2017-12-01,8.11,,2017,12,4,2
602896,375,Nitrogen dioxide (NO2),Mean,ppb,UHF34,405,Ridgewood - Forest Hills,Winter 2017-18,2017-12-01,25.21,,2017,12,4,2
602830,375,Nitrogen dioxide (NO2),Mean,ppb,UHF34,101,Kingsbridge - Riverdale,Winter 2017-18,2017-12-01,21.31,,2017,12,4,2
605869,365,Fine particles (PM 2.5),Mean,mcg/m3,UHF34,410,Rockaways,Winter 2017-18,2017-12-01,7.0,,2017,12,4,2
602794,375,Nitrogen dioxide (NO2),Mean,ppb,UHF42,403,Flushing - Clearview,Winter 2017-18,2017-12-01,24.42,,2017,12,4,2
605977,365,Fine particles (PM 2.5),Mean,mcg/m3,CD,304,Bushwick (CD4),Winter 2017-18,2017-12-01,8.77,,2017,12,4,2
602902,375,Nitrogen dioxide (NO2),Mean,ppb,UHF34,408,Jamaica,Winter 2017-18,2017-12-01,23.83,,2017,12,4,2
605689,365,Fine particles (PM 2.5),Mean,mcg/m3,UHF42,202,Downtown - Heights - Slope,Winter 2017-18,2017-12-01,9.38,,2017,12,4,2
605677,365,Fine particles (PM 2.5),Mean,mcg/m3,UHF42,105,Crotona -Tremont,Winter 2017-18,2017-12-01,8.52,,2017,12,4,2
605668,365,Fine particles (PM 2.5),Mean,mcg/m3,UHF42,102,Northeast Bronx,Winter 2017-18,2017-12-01,8.13,,2017,12,4,2
605887,365,Fine particles (PM 2.5),Mean,mcg/m3,UHF34,503504,Southern SI,Winter 2017-18,2017-12-01,7.73,,2017,12,4,2
605944,365,Fine particles (PM 2.5),Mean,mcg/m3,CD,205,Fordham and University Heights (CD5),Winter 2017-18,2017-12-01,8.66,,2017,12,4,2
602944,375,Nitrogen dioxide (NO2),Mean,ppb,CD,104,Clinton and Chelsea (CD4),Winter 2017-18,2017-12-01,30.19,,2017,12,4,2
605680,365,Fine particles (PM 2.5),Mean,mcg/m3,UHF42,106,High Bridge - Morrisania,Winter 2017-18,2017-12-01,8.59,,2017,12,4,2
605989,365,Fine particles (PM 2.5),Mean,mcg/m3,CD,308,Crown Heights and Prospect Heights (CD8),Winter 2017-18,2017-12-01,8.69,,2017,12,4,2
605725,365,Fine particles (PM 2.5),Mean,mcg/m3,UHF42,303,East Harlem,Winter 2017-18,2017-12-01,8.36,,2017,12,4,2
602992,375,Nitrogen dioxide (NO2),Mean,ppb,CD,208,Riverdale and Fieldston (CD8),Winter 2017-18,2017-12-01,21.31,,2017,12,4,2
605785,365,Fine particles (PM 2.5),Mean,mcg/m3,UHF42,503,Willowbrook,Winter 2017-18,2017-12-01,8.01,,2017,12,4,2
605821,365,Fine particles (PM 2.5),Mean,mcg/m3,UHF34,207,East Flatbush - Flatbush,Winter 2017-18,2017-12-01,8.39,,2017,12,4,2
605860,365,Fine particles (PM 2.5),Mean,mcg/m3,UHF34,407,Southwest Queens,Winter 2017-18,2017-12-01,7.62,,2017,12,4,2
602932,375,Nitrogen dioxide (NO2),Mean,ppb,Citywide,1,New York City,Winter 2017-18,2017-12-01,23.06,,2017,12,4,2
605800,365,Fine particles (PM 2.5),Mean,mcg/m3,UHF34,104,Pelham - Throgs Neck,Winter 2017-18,2017-12-01,8.06,,2017,12,4,2
605872,365,Fine particles (PM 2.5),Mean,mcg/m3,UHF34,305307,Upper East Side-Gramercy,Winter 2017-18,2017-12-01,10.57,,2017,12,4,2
602968,375,Nitrogen dioxide (NO2),Mean,ppb,CD,112,Washington Heights and Inwood (CD12),Winter 2017-18,2017-12-01,25.23,,2017,12,4,2
603082,375,Nitrogen dioxide (NO2),Mean,ppb,CD,408,Hillcrest and Fresh Meadows (CD8),Winter 2017-18,2017-12-01,23.97,,2017,12,4,2
603094,375,Nitrogen dioxide (NO2),Mean,ppb,CD,412,Jamaica and Hollis (CD12),Winter 2017-18,2017-12-01,23.87,,2017,12,4,2
602818,375,Nitrogen dioxide (NO2),Mean,ppb,UHF42,501,Port Richmond,Winter 2017-18,2017-12-01,22.6,,2017,12,4,2
603022,375,Nitrogen dioxide (NO2),Mean,ppb,CD,306,Park Slope and Carroll Gardens (CD6),Winter 2017-18,2017-12-01,27.29,,2017,12,4,2
602839,375,Nitrogen dioxide (NO2),Mean,ppb,UHF34,104,Pelham - Throgs Neck,Winter 2017-18,2017-12-01,22.91,,2017,12,4,2
606055,365,Fine particles (PM 2.5),Mean,mcg/m3,CD,412,Jamaica and Hollis (CD12),Winter 2017-18,2017-12-01,7.72,,2017,12,4,2
605809,365,Fine particles (PM 2.5),Mean,mcg/m3,UHF34,203,Bedford Stuyvesant - Crown Heights,Winter 2017-18,2017-12-01,8.61,,2017,12,4,2
605716,365,Fine particles (PM 2.5),Mean,mcg/m3,UHF42,211,Williamsburg - Bushwick,Winter 2017-18,2017-12-01,9.42,,2017,12,4,2
606007,365,Fine particles (PM 2.5),Mean,mcg/m3,CD,314,Flatbush and Midwood (CD14),Winter 2017-18,2017-12-01,8.32,,2017,12,4,2
602770,375,Nitrogen dioxide (NO2),Mean,ppb,UHF42,305,Upper East Side,Winter 2017-18,2017-12-01,28.57,,2017,12,4,2
605752,365,Fine particles (PM 2.5),Mean,mcg/m3,UHF42,402,West Queens,Winter 2017-18,2017-12-01,8.67,,2017,12,4,2
605665,365,Fine particles (PM 2.5),Mean,mcg/m3,UHF42,101,Kingsbridge - Riverdale,Winter 2017-18,2017-12-01,8.0,,2017,12,4,2
605920,365,Fine particles (PM 2.5),Mean,mcg/m3,CD,109,Morningside Heights and Hamilton Heights (CD9),Winter 2017-18,2017-12-01,8.43,,2017,12,4,2
605758,365,Fine particles (PM 2.5),Mean,mcg/m3,UHF42,404,Bayside - Little Neck,Winter 2017-18,2017-12-01,7.57,,2017,12,4,2
605908,365,Fine particles (PM 2.5),Mean,mcg/m3,CD,105,Midtown (CD5),Winter 2017-18,2017-12-01,12.61,,2017,12,4,2
602761,375,Nitrogen dioxide (NO2),Mean,ppb,UHF42,302,Central Harlem - Morningside Heights,Winter 2017-18,2017-12-01,27.52,,2017,12,4,2
602776,375,Nitrogen dioxide (NO2),Mean,ppb,UHF42,307,Gramercy Park - Murray Hill,Winter 2017-18,2017-12-01,33.05,,2017,12,4,2
605749,365,Fine particles (PM 2.5),Mean,mcg/m3,UHF42,401,Long Island City - Astoria,Winter 2017-18,2017-12-01,9.27,,2017,12,4,2
605671,365,Fine particles (PM 2.5),Mean,mcg/m3,UHF42,103,Fordham - Bronx Pk,Winter 2017-18,2017-12-01,8.22,,2017,12,4,2
602905,375,Nitrogen dioxide (NO2),Mean,ppb,UHF34,409,Southeast Queens,Winter 2017-18,2017-12-01,21.61,,2017,12,4,2
602698,375,Nitrogen dioxide (NO2),Mean,ppb,Borough,4,Queens,Winter 2017-18,2017-12-01,23.47,,2017,12,4,2
602845,375,Nitrogen dioxide (NO2),Mean,ppb,UHF34,202,Downtown - Heights - Slope,Winter 2017-18,2017-12-01,27.19,,2017,12,4,2
605956,365,Fine particles (PM 2.5),Mean,mcg/m3,CD,209,Parkchester and Soundview (CD9),Winter 2017-18,2017-12-01,8.12,,2017,12,4,2
605974,365,Fine particles (PM 2.5),Mean,mcg/m3,CD,303,Bedford Stuyvesant (CD3),Winter 2017-18,2017-12-01,8.74,,2017,12,4,2
605962,365,Fine particles (PM 2.5),Mean,mcg/m3,CD,211,Morris Park and Bronxdale (CD11),Winter 2017-18,2017-12-01,8.14,,2017,12,4,2
602947,375,Nitrogen dioxide (NO2),Mean,ppb,CD,105,Midtown (CD5),Winter 2017-18,2017-12-01,35.17,,2017,12,4,2
605935,365,Fine particles (PM 2.5),Mean,mcg/m3,CD,202,Hunts Point and Longwood (CD2),Winter 2017-18,2017-12-01,9.05,,2017,12,4,2
602869,375,Nitrogen dioxide (NO2),Mean,ppb,UHF34,210,Coney Island - Sheepshead Bay,Winter 2017-18,2017-12-01,19.73,,2017,12,4,2
605851,365,Fine particles (PM 2.5),Mean,mcg/m3,UHF34,402,West Queens,Winter 2017-18,2017-12-01,8.67,,2017,12,4,2
603016,375,Nitrogen dioxide (NO2),Mean,ppb,CD,304,Bushwick (CD4),Winter 2017-18,2017-12-01,26.46,,2017,12,4,2
606028,365,Fine particles (PM 2.5),Mean,mcg/m3,CD,403,Jackson Heights (CD3),Winter 2017-18,2017-12-01,7.91,,2017,12,4,2
602833,375,Nitrogen dioxide (NO2),Mean,ppb,UHF34,102,Northeast Bronx,Winter 2017-18,2017-12-01,21.29,,2017,12,4,2
606031,365,Fine particles (PM 2.5),Mean,mcg/m3,CD,404,Elmhurst and Corona (CD4),Winter 2017-18,2017-12-01,8.23,,2017,12,4,2
605779,365,Fine particles (PM 2.5),Mean,mcg/m3,UHF42,501,Port Richmond,Winter 2017-18,2017-12-01,8.19,,2017,12,4,2
605686,365,Fine particles (PM 2.5),Mean,mcg/m3,UHF42,201,Greenpoint,Winter 2017-18,2017-12-01,10.07,,2017,12,4,2
602893,375,Nitrogen dioxide (NO2),Mean,ppb,UHF34,403,Flushing - Clearview,Winter 2017-18,2017-12-01,24.42,,2017,12,4,2
602881,375,Nitrogen dioxide (NO2),Mean,ppb,UHF34,303,East Harlem,Winter 2017-18,2017-12-01,26.75,,2017,12,4,2
606016,365,Fine particles (PM 2.5),Mean,mcg/m3,CD,317,East Flatbush (CD17),Winter 2017-18,2017-12-01,8.45,,2017,12,4,2
603031,375,Nitrogen dioxide (NO2),Mean,ppb,CD,309,South Crown Heights and Lefferts Gardens (CD9),Winter 2017-18,2017-12-01,25.75,,2017,12,4,2
605884,365,Fine particles (PM 2.5),Mean,mcg/m3,UHF34,501502,Northern SI,Winter 2017-18,2017-12-01,7.94,,2017,12,4,2
605674,365,Fine particles (PM 2.5),Mean,mcg/m3,UHF42,104,Pelham - Throgs Neck,Winter 2017-18,2017-12-01,8.06,,2017,12,4,2
603067,375,Nitrogen dioxide (NO2),Mean,ppb,CD,403,Jackson Heights (CD3),Winter 2017-18,2017-12-01,26.1,,2017,12,4,2
602815,375,Nitrogen dioxide (NO2),Mean,ppb,UHF42,410,Rockaways,Winter 2017-18,2017-12-01,14.41,,2017,12,4,2
605824,365,Fine particles (PM 2.5),Mean,mcg/m3,UHF34,208,Canarsie - Flatlands,Winter 2017-18,2017-12-01,7.9,,2017,12,4,2
603040,375,Nitrogen dioxide (NO2),Mean,ppb,CD,312,Borough Park (CD12),Winter 2017-18,2017-12-01,24.62,,2017,12,4,2
602953,375,Nitrogen dioxide (NO2),Mean,ppb,CD,107,Upper West Side (CD7),Winter 2017-18,2017-12-01,27.27,,2017,12,4,2
605818,365,Fine particles (PM 2.5),Mean,mcg/m3,UHF34,206,Borough Park,Winter 2017-18,2017-12-01,8.4,,2017,12,4,2
602710,375,Nitrogen dioxide (NO2),Mean,ppb,UHF42,103,Fordham - Bronx Pk,Winter 2017-18,2017-12-01,22.82,,2017,12,4,2
605959,365,Fine particles (PM 2.5),Mean,mcg/m3,CD,210,Throgs Neck and Co-op City (CD10),Winter 2017-18,2017-12-01,7.99,,2017,12,4,2
602725,375,Nitrogen dioxide (NO2),Mean,ppb,UHF42,201,Greenpoint,Winter 2017-18,2017-12-01,28.11,,2017,12,4,2
605947,365,Fine particles (PM 2.5),Mean,mcg/m3,CD,206,Belmont and East Tremont (CD6),Winter 2017-18,2017-12-01,8.37,,2017,12,4,2
602812,375,Nitrogen dioxide (NO2),Mean,ppb,UHF42,409,Southeast Queens,Winter 2017-18,2017-12-01,21.61,,2017,12,4,2
605914,365,Fine particles (PM 2.5),Mean,mcg/m3,CD,107,Upper West Side (CD7),Winter 2017-18,2017-12-01,9.22,,2017,12,4,2
602782,375,Nitrogen dioxide (NO2),Mean,ppb,UHF42,309,Union Square - Lower East Side,Winter 2017-18,2017-12-01,28.12,,2017,12,4,2
606046,365,Fine particles (PM 2.5),Mean,mcg/m3,CD,409,Kew Gardens and Woodhaven (CD9),Winter 2017-18,2017-12-01,7.86,,2017,12,4,2
602722,375,Nitrogen dioxide (NO2),Mean,ppb,UHF42,107,Hunts Point - Mott Haven,Winter 2017-18,2017-12-01,26.75,,2017,12,4,2
602731,375,Nitrogen dioxide (NO2),Mean,ppb,UHF42,203,Bedford Stuyvesant - Crown Heights,Winter 2017-18,2017-12-01,26.16,,2017,12,4,2
605806,365,Fine particles (PM 2.5),Mean,mcg/m3,UHF34,202,Downtown - Heights - Slope,Winter 2017-18,2017-12-01,9.38,,2017,12,4,2
605857,365,Fine particles (PM 2.5),Mean,mcg/m3,UHF34,405,Ridgewood - Forest Hills,Winter 2017-18,2017-12-01,8.11,,2017,12,4,2
605845,365,Fine particles (PM 2.5),Mean,mcg/m3,UHF34,304,Upper West Side,Winter 2017-18,2017-12-01,9.21,,2017,12,4,2
605683,365,Fine particles (PM 2.5),Mean,mcg/m3,UHF42,107,Hunts Point - Mott Haven,Winter 2017-18,2017-12-01,8.78,,2017,12,4,2
602764,375,Nitrogen dioxide (NO2),Mean,ppb,UHF42,303,East Harlem,Winter 2017-18,2017-12-01,26.75,,2017,12,4,2
606025,365,Fine particles (PM 2.5),Mean,mcg/m3,CD,402,Woodside and Sunnyside (CD2),Winter 2017-18,2017-12-01,9.8,,2017,12,4,2
602803,375,Nitrogen dioxide (NO2),Mean,ppb,UHF42,406,Fresh Meadows,Winter 2017-18,2017-12-01,24.31,,2017,12,4,2
605701,365,Fine particles (PM 2.5),Mean,mcg/m3,UHF42,206,Borough Park,Winter 2017-18,2017-12-01,8.4,,2017,12,4,2
606022,365,Fine particles (PM 2.5),Mean,mcg/m3,CD,401,Long Island City and Astoria (CD1),Winter 2017-18,2017-12-01,8.43,,2017,12,4,2
605710,365,Fine particles (PM 2.5),Mean,mcg/m3,UHF42,209,Bensonhurst - Bay Ridge,Winter 2017-18,2017-12-01,8.1,,2017,12,4,2
605854,365,Fine particles (PM 2.5),Mean,mcg/m3,UHF34,403,Flushing - Clearview,Winter 2017-18,2017-12-01,7.94,,2017,12,4,2
605812,365,Fine particles (PM 2.5),Mean,mcg/m3,UHF34,204,East New York,Winter 2017-18,2017-12-01,8.23,,2017,12,4,2
602785,375,Nitrogen dioxide (NO2),Mean,ppb,UHF42,310,Lower Manhattan,Winter 2017-18,2017-12-01,30.06,,2017,12,4,2
603019,375,Nitrogen dioxide (NO2),Mean,ppb,CD,305,East New York and Starrett City (CD5),Winter 2017-18,2017-12-01,24.09,,2017,12,4,2
603073,375,Nitrogen dioxide (NO2),Mean,ppb,CD,405,Ridgewood and Maspeth (CD5),Winter 2017-18,2017-12-01,25.7,,2017,12,4,2
605692,365,Fine particles (PM 2.5),Mean,mcg/m3,UHF42,203,Bedford Stuyvesant - Crown Heights,Winter 2017-18,2017-12-01,8.61,,2017,12,4,2
602788,375,Nitrogen dioxide (NO2),Mean,ppb,UHF42,401,Long Island City - Astoria,Winter 2017-18,2017-12-01,27.14,,2017,12,4,2
602956,375,Nitrogen dioxide (NO2),Mean,ppb,CD,108,Upper East Side (CD8),Winter 2017-18,2017-12-01,28.64,,2017,12,4,2
605863,365,Fine particles (PM 2.5),Mean,mcg/m3,UHF34,408,Jamaica,Winter 2017-18,2017-12-01,7.71,,2017,12,4,2
602857,375,Nitrogen dioxide (NO2),Mean,ppb,UHF34,206,Borough Park,Winter 2017-18,2017-12-01,24.2,,2017,12,4,2
605731,365,Fine particles (PM 2.5),Mean,mcg/m3,UHF42,305,Upper East Side,Winter 2017-18,2017-12-01,9.75,,2017,12,4,2
605719,365,Fine particles (PM 2.5),Mean,mcg/m3,UHF42,301,Washington Heights,Winter 2017-18,2017-12-01,8.29,,2017,12,4,2
605734,365,Fine particles (PM 2.5),Mean,mcg/m3,UHF42,306,Chelsea - Clinton,Winter 2017-18,2017-12-01,11.21,,2017,12,4,2
602863,375,Nitrogen dioxide (NO2),Mean,ppb,UHF34,208,Canarsie - Flatlands,Winter 2017-18,2017-12-01,20.54,,2017,12,4,2
602935,375,Nitrogen dioxide (NO2),Mean,ppb,CD,101,Financial District (CD1),Winter 2017-18,2017-12-01,30.19,,2017,12,4,2
605950,365,Fine particles (PM 2.5),Mean,mcg/m3,CD,207,Kingsbridge Heights and Bedford (CD7),Winter 2017-18,2017-12-01,8.39,,2017,12,4,2
602749,375,Nitrogen dioxide (NO2),Mean,ppb,UHF42,209,Bensonhurst - Bay Ridge,Winter 2017-18,2017-12-01,22.67,,2017,12,4,2
602704,375,Nitrogen dioxide (NO2),Mean,ppb,UHF42,101,Kingsbridge - Riverdale,Winter 2017-18,2017-12-01,21.31,,2017,12,4,2
602758,375,Nitrogen dioxide (NO2),Mean,ppb,UHF42,301,Washington Heights,Winter 2017-18,2017-12-01,25.64,,2017,12,4,2
605815,365,Fine particles (PM 2.5),Mean,mcg/m3,UHF34,205,Sunset Park,Winter 2017-18,2017-12-01,9.25,,2017,12,4,2
605839,365,Fine particles (PM 2.5),Mean,mcg/m3,UHF34,302,Central Harlem - Morningside Heights,Winter 2017-18,2017-12-01,8.44,,2017,12,4,2
605788,365,Fine particles (PM 2.5),Mean,mcg/m3,UHF42,504,South Beach - Tottenville,Winter 2017-18,2017-12-01,7.57,,2017,12,4,2
603007,375,Nitrogen dioxide (NO2),Mean,ppb,CD,301,Greenpoint and Williamsburg (CD1),Winter 2017-18,2017-12-01,28.41,,2017,12,4,2
605890,365,Fine particles (PM 2.5),Mean,mcg/m3,UHF34,105106107,South Bronx,Winter 2017-18,2017-12-01,8.65,,2017,12,4,2
602998,375,Nitrogen dioxide (NO2),Mean,ppb,CD,210,Throgs Neck and Co-op City (CD10),Winter 2017-18,2017-12-01,21.6,,2017,12,4,2
602695,375,Nitrogen dioxide (NO2),Mean,ppb,Borough,3,Manhattan,Winter 2017-18,2017-12-01,28.62,,2017,12,4,2
602974,375,Nitrogen dioxide (NO2),Mean,ppb,CD,202,Hunts Point and Longwood (CD2),Winter 2017-18,2017-12-01,27.01,,2017,12,4,2
602938,375,Nitrogen dioxide (NO2),Mean,ppb,CD,102,Greenwich Village and Soho (CD2),Winter 2017-18,2017-12-01,29.57,,2017,12,4,2
603058,375,Nitrogen dioxide (NO2),Mean,ppb,CD,318,Flatlands and Canarsie (CD18),Winter 2017-18,2017-12-01,20.45,,2017,12,4,2
605917,365,Fine particles (PM 2.5),Mean,mcg/m3,CD,108,Upper East Side (CD8),Winter 2017-18,2017-12-01,9.77,,2017,12,4,2
602779,375,Nitrogen dioxide (NO2),Mean,ppb,UHF42,308,Greenwich Village - SoHo,Winter 2017-18,2017-12-01,29.62,,2017,12,4,2
606070,365,Fine particles (PM 2.5),Mean,mcg/m3,CD,503,Tottenville and Great Kills (CD3),Winter 2017-18,2017-12-01,7.58,,2017,12,4,2
603013,375,Nitrogen dioxide (NO2),Mean,ppb,CD,303,Bedford Stuyvesant (CD3),Winter 2017-18,2017-12-01,26.67,,2017,12,4,2
602743,375,Nitrogen dioxide (NO2),Mean,ppb,UHF42,207,East Flatbush - Flatbush,Winter 2017-18,2017-12-01,24.33,,2017,12,4,2
603079,375,Nitrogen dioxide (NO2),Mean,ppb,CD,407,Flushing and Whitestone (CD7),Winter 2017-18,2017-12-01,24.45,,2017,12,4,2
602980,375,Nitrogen dioxide (NO2),Mean,ppb,CD,204,Highbridge and Concourse (CD4),Winter 2017-18,2017-12-01,27.07,,2017,12,4,2
606010,365,Fine particles (PM 2.5),Mean,mcg/m3,CD,315,Sheepshead Bay (CD15),Winter 2017-18,2017-12-01,7.79,,2017,12,4,2
603025,375,Nitrogen dioxide (NO2),Mean,ppb,CD,307,Sunset Park (CD7),Winter 2017-18,2017-12-01,25.9,,2017,12,4,2
602767,375,Nitrogen dioxide (NO2),Mean,ppb,UHF42,304,Upper West Side,Winter 2017-18,2017-12-01,27.31,,2017,12,4,2
605866,365,Fine particles (PM 2.5),Mean,mcg/m3,UHF34,409,Southeast Queens,Winter 2017-18,2017-12-01,7.46,,2017,12,4,2
602752,375,Nitrogen dioxide (NO2),Mean,ppb,UHF42,210,Coney Island - Sheepshead Bay,Winter 2017-18,2017-12-01,19.73,,2017,12,4,2
605923,365,Fine particles (PM 2.5),Mean,mcg/m3,CD,110,Central Harlem (CD10),Winter 2017-18,2017-12-01,8.39,,2017,12,4,2
602965,375,Nitrogen dioxide (NO2),Mean,ppb,CD,111,East Harlem (CD11),Winter 2017-18,2017-12-01,26.74,,2017,12,4,2
605938,365,Fine particles (PM 2.5),Mean,mcg/m3,CD,203,Morrisania and Crotona (CD3),Winter 2017-18,2017-12-01,8.37,,2017,12,4,2
602728,375,Nitrogen dioxide (NO2),Mean,ppb,UHF42,202,Downtown - Heights - Slope,Winter 2017-18,2017-12-01,27.19,,2017,12,4,2
605659,365,Fine particles (PM 2.5),Mean,mcg/m3,Borough,4,Queens,Winter 2017-18,2017-12-01,7.88,,2017,12,4,2
603091,375,Nitrogen dioxide (NO2),Mean,ppb,CD,411,Bayside and Little Neck (CD11),Winter 2017-18,2017-12-01,22.26,,2017,12,4,2
606040,365,Fine particles (PM 2.5),Mean,mcg/m3,CD,407,Flushing and Whitestone (CD7),Winter 2017-18,2017-12-01,7.96,,2017,12,4,2
605842,365,Fine particles (PM 2.5),Mean,mcg/m3,UHF34,303,East Harlem,Winter 2017-18,2017-12-01,8.36,,2017,12,4,2
602848,375,Nitrogen dioxide (NO2),Mean,ppb,UHF34,203,Bedford Stuyvesant - Crown Heights,Winter 2017-18,2017-12-01,26.16,,2017,12,4,2
605737,365,Fine particles (PM 2.5),Mean,mcg/m3,UHF42,307,Gramercy Park - Murray Hill,Winter 2017-18,2017-12-01,11.5,,2017,12,4,2
603106,375,Nitrogen dioxide (NO2),Mean,ppb,CD,502,South Beach and Willowbrook (CD2),Winter 2017-18,2017-12-01,18.74,,2017,12,4,2
602800,375,Nitrogen dioxide (NO2),Mean,ppb,UHF42,405,Ridgewood - Forest Hills,Winter 2017-18,2017-12-01,25.21,,2017,12,4,2
606061,365,Fine particles (PM 2.5),Mean,mcg/m3,CD,414,Rockaway and Broad Channel (CD14),Winter 2017-18,2017-12-01,7.0,,2017,12,4,2
606004,365,Fine particles (PM 2.5),Mean,mcg/m3,CD,313,Coney Island (CD13),Winter 2017-18,2017-12-01,7.82,,2017,12,4,2
602983,375,Nitrogen dioxide (NO2),Mean,ppb,CD,205,Fordham and University Heights (CD5),Winter 2017-18,2017-12-01,26.49,,2017,12,4,2
605953,365,Fine particles (PM 2.5),Mean,mcg/m3,CD,208,Riverdale and Fieldston (CD8),Winter 2017-18,2017-12-01,8.0,,2017,12,4,2
605929,365,Fine particles (PM 2.5),Mean,mcg/m3,CD,112,Washington Heights and Inwood (CD12),Winter 2017-18,2017-12-01,8.3,,2017,12,4,2
602821,375,Nitrogen dioxide (NO2),Mean,ppb,UHF42,502,Stapleton - St. George,Winter 2017-18,2017-12-01,20.07,,2017,12,4,2
602740,375,Nitrogen dioxide (NO2),Mean,ppb,UHF42,206,Borough Park,Winter 2017-18,2017-12-01,24.2,,2017,12,4,2
603052,375,Nitrogen dioxide (NO2),Mean,ppb,CD,316,Brownsville (CD16),Winter 2017-18,2017-12-01,25.7,,2017,12,4,2
605722,365,Fine particles (PM 2.5),Mean,mcg/m3,UHF42,302,Central Harlem - Morningside Heights,Winter 2017-18,2017-12-01,8.44,,2017,12,4,2
606049,365,Fine particles (PM 2.5),Mean,mcg/m3,CD,410,South Ozone Park and Howard Beach (CD10),Winter 2017-18,2017-12-01,7.46,,2017,12,4,2
605695,365,Fine particles (PM 2.5),Mean,mcg/m3,UHF42,204,East New York,Winter 2017-18,2017-12-01,8.23,,2017,12,4,2
605764,365,Fine particles (PM 2.5),Mean,mcg/m3,UHF42,406,Fresh Meadows,Winter 2017-18,2017-12-01,7.6,,2017,12,4,2
605740,365,Fine particles (PM 2.5),Mean,mcg/m3,UHF42,308,Greenwich Village - SoHo,Winter 2017-18,2017-12-01,10.23,,2017,12,4,2
602989,375,Nitrogen dioxide (NO2),Mean,ppb,CD,207,Kingsbridge Heights and Bedford (CD7),Winter 2017-18,2017-12-01,24.09,,2017,12,4,2
605728,365,Fine particles (PM 2.5),Mean,mcg/m3,UHF42,304,Upper West Side,Winter 2017-18,2017-12-01,9.21,,2017,12,4,2
606013,365,Fine particles (PM 2.5),Mean,mcg/m3,CD,316,Brownsville (CD16),Winter 2017-18,2017-12-01,8.62,,2017,12,4,2
605698,365,Fine particles (PM 2.5),Mean,mcg/m3,UHF42,205,Sunset Park,Winter 2017-18,2017-12-01,9.25,,2017,12,4,2
606058,365,Fine particles (PM 2.5),Mean,mcg/m3,CD,413,Queens Village (CD13),Winter 2017-18,2017-12-01,7.47,,2017,12,4,2
602806,375,Nitrogen dioxide (NO2),Mean,ppb,UHF42,407,Southwest Queens,Winter 2017-18,2017-12-01,23.99,,2017,12,4,2
602734,375,Nitrogen dioxide (NO2),Mean,ppb,UHF42,204,East New York,Winter 2017-18,2017-12-01,24.54,,2017,12,4,2
602809,375,Nitrogen dioxide (NO2),Mean,ppb,UHF42,408,Jamaica,Winter 2017-18,2017-12-01,23.83,,2017,12,4,2
550060,375,Nitrogen dioxide (NO2),Mean,ppb,CD,212,Williamsbridge and Baychester (CD12),Summer 2017,2017-06-01,13.84,,2017,6,2,2
547761,365,Fine particles (PM 2.5),Mean,mcg/m3,CD,413,Queens Village (CD13),Summer 2017,2017-06-01,8.36,,2017,6,2,2
550159,375,Nitrogen dioxide (NO2),Mean,ppb,CD,501,St. George and Stapleton (CD1),Summer 2017,2017-06-01,12.46,,2017,6,2,2
550099,375,Nitrogen dioxide (NO2),Mean,ppb,CD,313,Coney Island (CD13),Summer 2017,2017-06-01,9.7,,2017,6,2,2
549766,375,Nitrogen dioxide (NO2),Mean,ppb,UHF42,103,Fordham - Bronx Pk,Summer 2017,2017-06-01,14.87,,2017,6,2,2
549402,386,Ozone (O3),Mean,ppb,UHF34,105106107,South Bronx,Summer 2017,2017-06-01,28.45,,2017,6,2,2
549428,386,Ozone (O3),Mean,ppb,CD,301,Greenpoint and Williamsburg (CD1),Summer 2017,2017-06-01,29.07,,2017,6,2,2
550135,375,Nitrogen dioxide (NO2),Mean,ppb,CD,407,Flushing and Whitestone (CD7),Summer 2017,2017-06-01,13.89,,2017,6,2,2
549856,375,Nitrogen dioxide (NO2),Mean,ppb,UHF42,405,Ridgewood - Forest Hills,Summer 2017,2017-06-01,13.79,,2017,6,2,2
547377,365,Fine particles (PM 2.5),Mean,mcg/m3,UHF42,104,Pelham - Throgs Neck,Summer 2017,2017-06-01,9.29,,2017,6,2,2
550018,375,Nitrogen dioxide (NO2),Mean,ppb,CD,110,Central Harlem (CD10),Summer 2017,2017-06-01,18.96,,2017,6,2,2
549338,386,Ozone (O3),Mean,ppb,UHF42,205,Sunset Park,Summer 2017,2017-06-01,29.26,,2017,6,2,2
549395,386,Ozone (O3),Mean,ppb,UHF34,410,Rockaways,Summer 2017,2017-06-01,35.19,,2017,6,2,2
549769,375,Nitrogen dioxide (NO2),Mean,ppb,UHF42,104,Pelham - Throgs Neck,Summer 2017,2017-06-01,14.14,,2017,6,2,2
549775,375,Nitrogen dioxide (NO2),Mean,ppb,UHF42,106,High Bridge - Morrisania,Summer 2017,2017-06-01,17.68,,2017,6,2,2
550021,375,Nitrogen dioxide (NO2),Mean,ppb,CD,111,East Harlem (CD11),Summer 2017,2017-06-01,18.48,,2017,6,2,2
549820,375,Nitrogen dioxide (NO2),Mean,ppb,UHF42,303,East Harlem,Summer 2017,2017-06-01,18.57,,2017,6,2,2
549445,386,Ozone (O3),Mean,ppb,CD,318,Flatlands and Canarsie (CD18),Summer 2017,2017-06-01,32.38,,2017,6,2,2
547749,365,Fine particles (PM 2.5),Mean,mcg/m3,CD,409,Kew Gardens and Woodhaven (CD9),Summer 2017,2017-06-01,8.65,,2017,6,2,2
549403,386,Ozone (O3),Mean,ppb,Citywide,1,New York City,Summer 2017,2017-06-01,29.54,,2017,6,2,2
549401,386,Ozone (O3),Mean,ppb,UHF34,503504,Southern SI,Summer 2017,2017-06-01,28.58,,2017,6,2,2
549410,386,Ozone (O3),Mean,ppb,CD,107,Upper West Side (CD7),Summer 2017,2017-06-01,25.57,,2017,6,2,2
549784,375,Nitrogen dioxide (NO2),Mean,ppb,UHF42,202,Downtown - Heights - Slope,Summer 2017,2017-06-01,16.62,,2017,6,2,2
549377,386,Ozone (O3),Mean,ppb,UHF34,205,Sunset Park,Summer 2017,2017-06-01,29.26,,2017,6,2,2
549871,375,Nitrogen dioxide (NO2),Mean,ppb,UHF42,410,Rockaways,Summer 2017,2017-06-01,7.81,,2017,6,2,2
549360,386,Ozone (O3),Mean,ppb,UHF42,406,Fresh Meadows,Summer 2017,2017-06-01,30.07,,2017,6,2,2
547569,365,Fine particles (PM 2.5),Mean,mcg/m3,UHF34,409,Southeast Queens,Summer 2017,2017-06-01,8.35,,2017,6,2,2
550000,375,Nitrogen dioxide (NO2),Mean,ppb,CD,104,Clinton and Chelsea (CD4),Summer 2017,2017-06-01,23.8,,2017,6,2,2
549375,386,Ozone (O3),Mean,ppb,UHF34,203,Bedford Stuyvesant - Crown Heights,Summer 2017,2017-06-01,29.39,,2017,6,2,2
549390,386,Ozone (O3),Mean,ppb,UHF34,403,Flushing - Clearview,Summer 2017,2017-06-01,30.27,,2017,6,2,2
550129,375,Nitrogen dioxide (NO2),Mean,ppb,CD,405,Ridgewood and Maspeth (CD5),Summer 2017,2017-06-01,13.77,,2017,6,2,2
549811,375,Nitrogen dioxide (NO2),Mean,ppb,UHF42,211,Williamsburg - Bushwick,Summer 2017,2017-06-01,15.73,,2017,6,2,2
550123,375,Nitrogen dioxide (NO2),Mean,ppb,CD,403,Jackson Heights (CD3),Summer 2017,2017-06-01,15.68,,2017,6,2,2
549438,386,Ozone (O3),Mean,ppb,CD,311,Bensonhurst (CD11),Summer 2017,2017-06-01,30.53,,2017,6,2,2
550132,375,Nitrogen dioxide (NO2),Mean,ppb,CD,406,Rego Park and Forest Hills (CD6),Summer 2017,2017-06-01,14.86,,2017,6,2,2
549823,375,Nitrogen dioxide (NO2),Mean,ppb,UHF42,304,Upper West Side,Summer 2017,2017-06-01,19.98,,2017,6,2,2
547356,365,Fine particles (PM 2.5),Mean,mcg/m3,Borough,2,Brooklyn,Summer 2017,2017-06-01,9.09,,2017,6,2,2
547683,365,Fine particles (PM 2.5),Mean,mcg/m3,CD,305,East New York and Starrett City (CD5),Summer 2017,2017-06-01,9.0,,2017,6,2,2
549979,375,Nitrogen dioxide (NO2),Mean,ppb,UHF34,501502,Northern SI,Summer 2017,2017-06-01,11.34,,2017,6,2,2
549413,386,Ozone (O3),Mean,ppb,CD,110,Central Harlem (CD10),Summer 2017,2017-06-01,26.65,,2017,6,2,2
549331,386,Ozone (O3),Mean,ppb,UHF42,105,Crotona -Tremont,Summer 2017,2017-06-01,27.8,,2017,6,2,2
549426,386,Ozone (O3),Mean,ppb,CD,211,Morris Park and Bronxdale (CD11),Summer 2017,2017-06-01,29.23,,2017,6,2,2
547719,365,Fine particles (PM 2.5),Mean,mcg/m3,CD,317,East Flatbush (CD17),Summer 2017,2017-06-01,9.07,,2017,6,2,2
549414,386,Ozone (O3),Mean,ppb,CD,111,East Harlem (CD11),Summer 2017,2017-06-01,26.93,,2017,6,2,2
549346,386,Ozone (O3),Mean,ppb,UHF42,302,Central Harlem - Morningside Heights,Summer 2017,2017-06-01,26.51,,2017,6,2,2
549328,386,Ozone (O3),Mean,ppb,UHF42,102,Northeast Bronx,Summer 2017,2017-06-01,29.01,,2017,6,2,2
549408,386,Ozone (O3),Mean,ppb,CD,105,Midtown (CD5),Summer 2017,2017-06-01,21.32,,2017,6,2,2
549345,386,Ozone (O3),Mean,ppb,UHF42,301,Washington Heights,Summer 2017,2017-06-01,26.92,,2017,6,2,2
547362,365,Fine particles (PM 2.5),Mean,mcg/m3,Borough,4,Queens,Summer 2017,2017-06-01,8.78,,2017,6,2,2
550066,375,Nitrogen dioxide (NO2),Mean,ppb,CD,302,Fort Greene and Brooklyn Heights (CD2),Summer 2017,2017-06-01,17.33,,2017,6,2,2
549928,375,Nitrogen dioxide (NO2),Mean,ppb,UHF34,211,Williamsburg - Bushwick,Summer 2017,2017-06-01,15.73,,2017,6,2,2
550126,375,Nitrogen dioxide (NO2),Mean,ppb,CD,404,Elmhurst and Corona (CD4),Summer 2017,2017-06-01,16.66,,2017,6,2,2
547521,365,Fine particles (PM 2.5),Mean,mcg/m3,UHF34,206,Borough Park,Summer 2017,2017-06-01,8.8,,2017,6,2,2
550081,375,Nitrogen dioxide (NO2),Mean,ppb,CD,307,Sunset Park (CD7),Summer 2017,2017-06-01,14.2,,2017,6,2,2
549392,386,Ozone (O3),Mean,ppb,UHF34,407,Southwest Queens,Summer 2017,2017-06-01,31.16,,2017,6,2,2
549379,386,Ozone (O3),Mean,ppb,UHF34,207,East Flatbush - Flatbush,Summer 2017,2017-06-01,30.13,,2017,6,2,2
549365,386,Ozone (O3),Mean,ppb,UHF42,501,Port Richmond,Summer 2017,2017-06-01,27.0,,2017,6,2,2
549457,386,Ozone (O3),Mean,ppb,CD,412,Jamaica and Hollis (CD12),Summer 2017,2017-06-01,31.12,,2017,6,2,2
549763,375,Nitrogen dioxide (NO2),Mean,ppb,UHF42,102,Northeast Bronx,Summer 2017,2017-06-01,14.37,,2017,6,2,2
550015,375,Nitrogen dioxide (NO2),Mean,ppb,CD,109,Morningside Heights and Hamilton Heights (CD9),Summer 2017,2017-06-01,18.76,,2017,6,2,2
549385,386,Ozone (O3),Mean,ppb,UHF34,302,Central Harlem - Morningside Heights,Summer 2017,2017-06-01,26.51,,2017,6,2,2
549922,375,Nitrogen dioxide (NO2),Mean,ppb,UHF34,209,Bensonhurst - Bay Ridge,Summer 2017,2017-06-01,12.75,,2017,6,2,2
547653,365,Fine particles (PM 2.5),Mean,mcg/m3,CD,207,Kingsbridge Heights and Bedford (CD7),Summer 2017,2017-06-01,9.6,,2017,6,2,2
549874,375,Nitrogen dioxide (NO2),Mean,ppb,UHF42,501,Port Richmond,Summer 2017,2017-06-01,13.28,,2017,6,2,2
549829,375,Nitrogen dioxide (NO2),Mean,ppb,UHF42,306,Chelsea - Clinton,Summer 2017,2017-06-01,26.19,,2017,6,2,2
549356,386,Ozone (O3),Mean,ppb,UHF42,402,West Queens,Summer 2017,2017-06-01,29.44,,2017,6,2,2
547464,365,Fine particles (PM 2.5),Mean,mcg/m3,UHF42,405,Ridgewood - Forest Hills,Summer 2017,2017-06-01,8.85,,2017,6,2,2
549802,375,Nitrogen dioxide (NO2),Mean,ppb,UHF42,208,Canarsie - Flatlands,Summer 2017,2017-06-01,10.26,,2017,6,2,2
550117,375,Nitrogen dioxide (NO2),Mean,ppb,CD,401,Long Island City and Astoria (CD1),Summer 2017,2017-06-01,15.42,,2017,6,2,2
550087,375,Nitrogen dioxide (NO2),Mean,ppb,CD,309,South Crown Heights and Lefferts Gardens (CD9),Summer 2017,2017-06-01,15.01,,2017,6,2,2
547617,365,Fine particles (PM 2.5),Mean,mcg/m3,CD,107,Upper West Side (CD7),Summer 2017,2017-06-01,10.12,,2017,6,2,2
550024,375,Nitrogen dioxide (NO2),Mean,ppb,CD,112,Washington Heights and Inwood (CD12),Summer 2017,2017-06-01,16.22,,2017,6,2,2
549387,386,Ozone (O3),Mean,ppb,UHF34,304,Upper West Side,Summer 2017,2017-06-01,25.57,,2017,6,2,2
547773,365,Fine particles (PM 2.5),Mean,mcg/m3,CD,503,Tottenville and Great Kills (CD3),Summer 2017,2017-06-01,7.91,,2017,6,2,2
549371,386,Ozone (O3),Mean,ppb,UHF34,103,Fordham - Bronx Pk,Summer 2017,2017-06-01,28.34,,2017,6,2,2
549787,375,Nitrogen dioxide (NO2),Mean,ppb,UHF42,203,Bedford Stuyvesant - Crown Heights,Summer 2017,2017-06-01,15.17,,2017,6,2,2
547455,365,Fine particles (PM 2.5),Mean,mcg/m3,UHF42,402,West Queens,Summer 2017,2017-06-01,9.58,,2017,6,2,2
550069,375,Nitrogen dioxide (NO2),Mean,ppb,CD,303,Bedford Stuyvesant (CD3),Summer 2017,2017-06-01,15.74,,2017,6,2,2
549430,386,Ozone (O3),Mean,ppb,CD,303,Bedford Stuyvesant (CD3),Summer 2017,2017-06-01,28.87,,2017,6,2,2
550036,375,Nitrogen dioxide (NO2),Mean,ppb,CD,204,Highbridge and Concourse (CD4),Summer 2017,2017-06-01,17.92,,2017,6,2,2
549370,386,Ozone (O3),Mean,ppb,UHF34,102,Northeast Bronx,Summer 2017,2017-06-01,29.01,,2017,6,2,2
549859,375,Nitrogen dioxide (NO2),Mean,ppb,UHF42,406,Fresh Meadows,Summer 2017,2017-06-01,13.83,,2017,6,2,2
549778,375,Nitrogen dioxide (NO2),Mean,ppb,UHF42,107,Hunts Point - Mott Haven,Summer 2017,2017-06-01,15.85,,2017,6,2,2
547398,365,Fine particles (PM 2.5),Mean,mcg/m3,UHF42,204,East New York,Summer 2017,2017-06-01,9.05,,2017,6,2,2
547530,365,Fine particles (PM 2.5),Mean,mcg/m3,UHF34,209,Bensonhurst - Bay Ridge,Summer 2017,2017-06-01,8.52,,2017,6,2,2
547662,365,Fine particles (PM 2.5),Mean,mcg/m3,CD,210,Throgs Neck and Co-op City (CD10),Summer 2017,2017-06-01,9.24,,2017,6,2,2
547491,365,Fine particles (PM 2.5),Mean,mcg/m3,UHF42,504,South Beach - Tottenville,Summer 2017,2017-06-01,7.88,,2017,6,2,2
547536,365,Fine particles (PM 2.5),Mean,mcg/m3,UHF34,211,Williamsburg - Bushwick,Summer 2017,2017-06-01,9.87,,2017,6,2,2
549363,386,Ozone (O3),Mean,ppb,UHF42,409,Southeast Queens,Summer 2017,2017-06-01,31.72,,2017,6,2,2
549757,375,Nitrogen dioxide (NO2),Mean,ppb,Borough,5,Staten Island,Summer 2017,2017-06-01,9.45,,2017,6,2,2
549853,375,Nitrogen dioxide (NO2),Mean,ppb,UHF42,404,Bayside - Little Neck,Summer 2017,2017-06-01,12.58,,2017,6,2,2
547419,365,Fine particles (PM 2.5),Mean,mcg/m3,UHF42,211,Williamsburg - Bushwick,Summer 2017,2017-06-01,9.87,,2017,6,2,2
549772,375,Nitrogen dioxide (NO2),Mean,ppb,UHF42,105,Crotona -Tremont,Summer 2017,2017-06-01,17.12,,2017,6,2,2
549850,375,Nitrogen dioxide (NO2),Mean,ppb,UHF42,403,Flushing - Clearview,Summer 2017,2017-06-01,13.95,,2017,6,2,2
547473,365,Fine particles (PM 2.5),Mean,mcg/m3,UHF42,408,Jamaica,Summer 2017,2017-06-01,8.62,,2017,6,2,2
547581,365,Fine particles (PM 2.5),Mean,mcg/m3,UHF34,309310,Union Square-Lower Manhattan,Summer 2017,2017-06-01,10.28,,2017,6,2,2
550006,375,Nitrogen dioxide (NO2),Mean,ppb,CD,106,Stuyvesant Town and Turtle Bay (CD6),Summer 2017,2017-06-01,26.18,,2017,6,2,2
549913,375,Nitrogen dioxide (NO2),Mean,ppb,UHF34,206,Borough Park,Summer 2017,2017-06-01,13.77,,2017,6,2,2
549422,386,Ozone (O3),Mean,ppb,CD,207,Kingsbridge Heights and Bedford (CD7),Summer 2017,2017-06-01,27.73,,2017,6,2,2
549339,386,Ozone (O3),Mean,ppb,UHF42,206,Borough Park,Summer 2017,2017-06-01,29.72,,2017,6,2,2
549341,386,Ozone (O3),Mean,ppb,UHF42,208,Canarsie - Flatlands,Summer 2017,2017-06-01,32.45,,2017,6,2,2
547407,365,Fine particles (PM 2.5),Mean,mcg/m3,UHF42,207,East Flatbush - Flatbush,Summer 2017,2017-06-01,8.92,,2017,6,2,2
549955,375,Nitrogen dioxide (NO2),Mean,ppb,UHF34,407,Southwest Queens,Summer 2017,2017-06-01,13.34,,2017,6,2,2
549982,375,Nitrogen dioxide (NO2),Mean,ppb,UHF34,503504,Southern SI,Summer 2017,2017-06-01,8.65,,2017,6,2,2
547542,365,Fine particles (PM 2.5),Mean,mcg/m3,UHF34,302,Central Harlem - Morningside Heights,Summer 2017,2017-06-01,9.91,,2017,6,2,2
549793,375,Nitrogen dioxide (NO2),Mean,ppb,UHF42,205,Sunset Park,Summer 2017,2017-06-01,14.14,,2017,6,2,2
549745,375,Nitrogen dioxide (NO2),Mean,ppb,Borough,1,Bronx,Summer 2017,2017-06-01,14.97,,2017,6,2,2
549462,386,Ozone (O3),Mean,ppb,CD,503,Tottenville and Great Kills (CD3),Summer 2017,2017-06-01,28.81,,2017,6,2,2
550096,375,Nitrogen dioxide (NO2),Mean,ppb,CD,312,Borough Park (CD12),Summer 2017,2017-06-01,14.01,,2017,6,2,2
547632,365,Fine particles (PM 2.5),Mean,mcg/m3,CD,112,Washington Heights and Inwood (CD12),Summer 2017,2017-06-01,9.85,,2017,6,2,2
549431,386,Ozone (O3),Mean,ppb,CD,304,Bushwick (CD4),Summer 2017,2017-06-01,29.93,,2017,6,2,2
547590,365,Fine particles (PM 2.5),Mean,mcg/m3,UHF34,503504,Southern SI,Summer 2017,2017-06-01,8.06,,2017,6,2,2
547722,365,Fine particles (PM 2.5),Mean,mcg/m3,CD,318,Flatlands and Canarsie (CD18),Summer 2017,2017-06-01,8.51,,2017,6,2,2
547680,365,Fine particles (PM 2.5),Mean,mcg/m3,CD,304,Bushwick (CD4),Summer 2017,2017-06-01,9.27,,2017,6,2,2
549826,375,Nitrogen dioxide (NO2),Mean,ppb,UHF42,305,Upper East Side,Summer 2017,2017-06-01,21.92,,2017,6,2,2
547659,365,Fine particles (PM 2.5),Mean,mcg/m3,CD,209,Parkchester and Soundview (CD9),Summer 2017,2017-06-01,9.43,,2017,6,2,2
547434,365,Fine particles (PM 2.5),Mean,mcg/m3,UHF42,305,Upper East Side,Summer 2017,2017-06-01,10.4,,2017,6,2,2
549423,386,Ozone (O3),Mean,ppb,CD,208,Riverdale and Fieldston (CD8),Summer 2017,2017-06-01,27.7,,2017,6,2,2
549904,375,Nitrogen dioxide (NO2),Mean,ppb,UHF34,203,Bedford Stuyvesant - Crown Heights,Summer 2017,2017-06-01,15.17,,2017,6,2,2
547701,365,Fine particles (PM 2.5),Mean,mcg/m3,CD,311,Bensonhurst (CD11),Summer 2017,2017-06-01,8.44,,2017,6,2,2
549442,386,Ozone (O3),Mean,ppb,CD,315,Sheepshead Bay (CD15),Summer 2017,2017-06-01,31.68,,2017,6,2,2
549359,386,Ozone (O3),Mean,ppb,UHF42,405,Ridgewood - Forest Hills,Summer 2017,2017-06-01,30.06,,2017,6,2,2
549449,386,Ozone (O3),Mean,ppb,CD,404,Elmhurst and Corona (CD4),Summer 2017,2017-06-01,29.18,,2017,6,2,2
549364,386,Ozone (O3),Mean,ppb,UHF42,410,Rockaways,Summer 2017,2017-06-01,35.19,,2017,6,2,2
549343,386,Ozone (O3),Mean,ppb,UHF42,210,Coney Island - Sheepshead Bay,Summer 2017,2017-06-01,31.86,,2017,6,2,2
547758,365,Fine particles (PM 2.5),Mean,mcg/m3,CD,412,Jamaica and Hollis (CD12),Summer 2017,2017-06-01,8.62,,2017,6,2,2
549448,386,Ozone (O3),Mean,ppb,CD,403,Jackson Heights (CD3),Summer 2017,2017-06-01,29.34,,2017,6,2,2
549751,375,Nitrogen dioxide (NO2),Mean,ppb,Borough,3,Manhattan,Summer 2017,2017-06-01,21.33,,2017,6,2,2
547692,365,Fine particles (PM 2.5),Mean,mcg/m3,CD,308,Crown Heights and Prospect Heights (CD8),Summer 2017,2017-06-01,9.17,,2017,6,2,2
550084,375,Nitrogen dioxide (NO2),Mean,ppb,CD,308,Crown Heights and Prospect Heights (CD8),Summer 2017,2017-06-01,15.68,,2017,6,2,2
550057,375,Nitrogen dioxide (NO2),Mean,ppb,CD,211,Morris Park and Bronxdale (CD11),Summer 2017,2017-06-01,14.44,,2017,6,2,2
549355,386,Ozone (O3),Mean,ppb,UHF42,401,Long Island City - Astoria,Summer 2017,2017-06-01,29.12,,2017,6,2,2
549417,386,Ozone (O3),Mean,ppb,CD,202,Hunts Point and Longwood (CD2),Summer 2017,2017-06-01,29.69,,2017,6,2,2
547635,365,Fine particles (PM 2.5),Mean,mcg/m3,CD,201,Mott Haven and Melrose (CD1),Summer 2017,2017-06-01,10.52,,2017,6,2,2
549383,386,Ozone (O3),Mean,ppb,UHF34,211,Williamsburg - Bushwick,Summer 2017,2017-06-01,29.33,,2017,6,2,2
547710,365,Fine particles (PM 2.5),Mean,mcg/m3,CD,314,Flatbush and Midwood (CD14),Summer 2017,2017-06-01,8.76,,2017,6,2,2
549398,386,Ozone (O3),Mean,ppb,UHF34,309310,Union Square-Lower Manhattan,Summer 2017,2017-06-01,25.29,,2017,6,2,2
549396,386,Ozone (O3),Mean,ppb,UHF34,305307,Upper East Side-Gramercy,Summer 2017,2017-06-01,23.78,,2017,6,2,2
549411,386,Ozone (O3),Mean,ppb,CD,108,Upper East Side (CD8),Summer 2017,2017-06-01,25.17,,2017,6,2,2
550114,375,Nitrogen dioxide (NO2),Mean,ppb,CD,318,Flatlands and Canarsie (CD18),Summer 2017,2017-06-01,10.31,,2017,6,2,2
549435,386,Ozone (O3),Mean,ppb,CD,308,Crown Heights and Prospect Heights (CD8),Summer 2017,2017-06-01,28.88,,2017,6,2,2
547743,365,Fine particles (PM 2.5),Mean,mcg/m3,CD,407,Flushing and Whitestone (CD7),Summer 2017,2017-06-01,8.92,,2017,6,2,2
549429,386,Ozone (O3),Mean,ppb,CD,302,Fort Greene and Brooklyn Heights (CD2),Summer 2017,2017-06-01,27.57,,2017,6,2,2
547524,365,Fine particles (PM 2.5),Mean,mcg/m3,UHF34,207,East Flatbush - Flatbush,Summer 2017,2017-06-01,8.92,,2017,6,2,2
549409,386,Ozone (O3),Mean,ppb,CD,106,Stuyvesant Town and Turtle Bay (CD6),Summer 2017,2017-06-01,23.14,,2017,6,2,2
547563,365,Fine particles (PM 2.5),Mean,mcg/m3,UHF34,407,Southwest Queens,Summer 2017,2017-06-01,8.43,,2017,6,2,2
549400,386,Ozone (O3),Mean,ppb,UHF34,501502,Northern SI,Summer 2017,2017-06-01,28.19,,2017,6,2,2
550144,375,Nitrogen dioxide (NO2),Mean,ppb,CD,410,South Ozone Park and Howard Beach (CD10),Summer 2017,2017-06-01,12.78,,2017,6,2,2
549327,386,Ozone (O3),Mean,ppb,UHF42,101,Kingsbridge - Riverdale,Summer 2017,2017-06-01,27.53,,2017,6,2,2
547671,365,Fine particles (PM 2.5),Mean,mcg/m3,CD,301,Greenpoint and Williamsburg (CD1),Summer 2017,2017-06-01,10.85,,2017,6,2,2
547746,365,Fine particles (PM 2.5),Mean,mcg/m3,CD,408,Hillcrest and Fresh Meadows (CD8),Summer 2017,2017-06-01,8.59,,2017,6,2,2
547500,365,Fine particles (PM 2.5),Mean,mcg/m3,UHF34,103,Fordham - Bronx Pk,Summer 2017,2017-06-01,9.39,,2017,6,2,2
549910,375,Nitrogen dioxide (NO2),Mean,ppb,UHF34,205,Sunset Park,Summer 2017,2017-06-01,14.14,,2017,6,2,2
550093,375,Nitrogen dioxide (NO2),Mean,ppb,CD,311,Bensonhurst (CD11),Summer 2017,2017-06-01,13.02,,2017,6,2,2
547476,365,Fine particles (PM 2.5),Mean,mcg/m3,UHF42,409,Southeast Queens,Summer 2017,2017-06-01,8.35,,2017,6,2,2
550063,375,Nitrogen dioxide (NO2),Mean,ppb,CD,301,Greenpoint and Williamsburg (CD1),Summer 2017,2017-06-01,16.3,,2017,6,2,2
547479,365,Fine particles (PM 2.5),Mean,mcg/m3,UHF42,410,Rockaways,Summer 2017,2017-06-01,7.74,,2017,6,2,2
547494,365,Fine particles (PM 2.5),Mean,mcg/m3,UHF34,101,Kingsbridge - Riverdale,Summer 2017,2017-06-01,9.46,,2017,6,2,2
547359,365,Fine particles (PM 2.5),Mean,mcg/m3,Borough,3,Manhattan,Summer 2017,2017-06-01,10.43,,2017,6,2,2
549366,386,Ozone (O3),Mean,ppb,UHF42,502,Stapleton - St. George,Summer 2017,2017-06-01,28.83,,2017,6,2,2
549892,375,Nitrogen dioxide (NO2),Mean,ppb,UHF34,103,Fordham - Bronx Pk,Summer 2017,2017-06-01,14.87,,2017,6,2,2
549988,375,Nitrogen dioxide (NO2),Mean,ppb,Citywide,1,New York City,Summer 2017,2017-06-01,13.4,,2017,6,2,2
547446,365,Fine particles (PM 2.5),Mean,mcg/m3,UHF42,309,Union Square - Lower East Side,Summer 2017,2017-06-01,10.19,,2017,6,2,2
547566,365,Fine particles (PM 2.5),Mean,mcg/m3,UHF34,408,Jamaica,Summer 2017,2017-06-01,8.62,,2017,6,2,2
549353,386,Ozone (O3),Mean,ppb,UHF42,309,Union Square - Lower East Side,Summer 2017,2017-06-01,25.58,,2017,6,2,2
547752,365,Fine particles (PM 2.5),Mean,mcg/m3,CD,410,South Ozone Park and Howard Beach (CD10),Summer 2017,2017-06-01,8.29,,2017,6,2,2
547557,365,Fine particles (PM 2.5),Mean,mcg/m3,UHF34,403,Flushing - Clearview,Summer 2017,2017-06-01,8.88,,2017,6,2,2
549349,386,Ozone (O3),Mean,ppb,UHF42,305,Upper East Side,Summer 2017,2017-06-01,25.24,,2017,6,2,2
547452,365,Fine particles (PM 2.5),Mean,mcg/m3,UHF42,401,Long Island City - Astoria,Summer 2017,2017-06-01,10.23,,2017,6,2,2
549796,375,Nitrogen dioxide (NO2),Mean,ppb,UHF42,206,Borough Park,Summer 2017,2017-06-01,13.77,,2017,6,2,2
549886,375,Nitrogen dioxide (NO2),Mean,ppb,UHF34,101,Kingsbridge - Riverdale,Summer 2017,2017-06-01,13.02,,2017,6,2,2
549460,386,Ozone (O3),Mean,ppb,CD,501,St. George and Stapleton (CD1),Summer 2017,2017-06-01,27.5,,2017,6,2,2
549358,386,Ozone (O3),Mean,ppb,UHF42,404,Bayside - Little Neck,Summer 2017,2017-06-01,30.27,,2017,6,2,2
549997,375,Nitrogen dioxide (NO2),Mean,ppb,CD,103,Lower East Side and Chinatown (CD3),Summer 2017,2017-06-01,19.88,,2017,6,2,2
549416,386,Ozone (O3),Mean,ppb,CD,201,Mott Haven and Melrose (CD1),Summer 2017,2017-06-01,28.42,,2017,6,2,2
550012,375,Nitrogen dioxide (NO2),Mean,ppb,CD,108,Upper East Side (CD8),Summer 2017,2017-06-01,22.04,,2017,6,2,2
550147,375,Nitrogen dioxide (NO2),Mean,ppb,CD,411,Bayside and Little Neck (CD11),Summer 2017,2017-06-01,12.88,,2017,6,2,2
549952,375,Nitrogen dioxide (NO2),Mean,ppb,UHF34,405,Ridgewood - Forest Hills,Summer 2017,2017-06-01,13.79,,2017,6,2,2
549441,386,Ozone (O3),Mean,ppb,CD,314,Flatbush and Midwood (CD14),Summer 2017,2017-06-01,29.93,,2017,6,2,2
547689,365,Fine particles (PM 2.5),Mean,mcg/m3,CD,307,Sunset Park (CD7),Summer 2017,2017-06-01,9.87,,2017,6,2,2
547674,365,Fine particles (PM 2.5),Mean,mcg/m3,CD,302,Fort Greene and Brooklyn Heights (CD2),Summer 2017,2017-06-01,10.04,,2017,6,2,2
549925,375,Nitrogen dioxide (NO2),Mean,ppb,UHF34,210,Coney Island - Sheepshead Bay,Summer 2017,2017-06-01,10.7,,2017,6,2,2
547731,365,Fine particles (PM 2.5),Mean,mcg/m3,CD,403,Jackson Heights (CD3),Summer 2017,2017-06-01,8.81,,2017,6,2,2
549883,375,Nitrogen dioxide (NO2),Mean,ppb,UHF42,504,South Beach - Tottenville,Summer 2017,2017-06-01,7.77,,2017,6,2,2
549425,386,Ozone (O3),Mean,ppb,CD,210,Throgs Neck and Co-op City (CD10),Summer 2017,2017-06-01,30.23,,2017,6,2,2
547647,365,Fine particles (PM 2.5),Mean,mcg/m3,CD,205,Fordham and University Heights (CD5),Summer 2017,2017-06-01,10.24,,2017,6,2,2
549407,386,Ozone (O3),Mean,ppb,CD,104,Clinton and Chelsea (CD4),Summer 2017,2017-06-01,24.57,,2017,6,2,2
550105,375,Nitrogen dioxide (NO2),Mean,ppb,CD,315,Sheepshead Bay (CD15),Summer 2017,2017-06-01,10.99,,2017,6,2,2
549961,375,Nitrogen dioxide (NO2),Mean,ppb,UHF34,409,Southeast Queens,Summer 2017,2017-06-01,12.59,,2017,6,2,2
547665,365,Fine particles (PM 2.5),Mean,mcg/m3,CD,211,Morris Park and Bronxdale (CD11),Summer 2017,2017-06-01,9.18,,2017,6,2,2
547644,365,Fine particles (PM 2.5),Mean,mcg/m3,CD,204,Highbridge and Concourse (CD4),Summer 2017,2017-06-01,10.22,,2017,6,2,2
547704,365,Fine particles (PM 2.5),Mean,mcg/m3,CD,312,Borough Park (CD12),Summer 2017,2017-06-01,8.84,,2017,6,2,2
549384,386,Ozone (O3),Mean,ppb,UHF34,301,Washington Heights,Summer 2017,2017-06-01,26.92,,2017,6,2,2
550108,375,Nitrogen dioxide (NO2),Mean,ppb,CD,316,Brownsville (CD16),Summer 2017,2017-06-01,14.29,,2017,6,2,2
547470,365,Fine particles (PM 2.5),Mean,mcg/m3,UHF42,407,Southwest Queens,Summer 2017,2017-06-01,8.43,,2017,6,2,2
549350,386,Ozone (O3),Mean,ppb,UHF42,306,Chelsea - Clinton,Summer 2017,2017-06-01,23.43,,2017,6,2,2
549373,386,Ozone (O3),Mean,ppb,UHF34,201,Greenpoint,Summer 2017,2017-06-01,28.98,,2017,6,2,2
549406,386,Ozone (O3),Mean,ppb,CD,103,Lower East Side and Chinatown (CD3),Summer 2017,2017-06-01,25.91,,2017,6,2,2
550030,375,Nitrogen dioxide (NO2),Mean,ppb,CD,202,Hunts Point and Longwood (CD2),Summer 2017,2017-06-01,15.72,,2017,6,2,2
549393,386,Ozone (O3),Mean,ppb,UHF34,408,Jamaica,Summer 2017,2017-06-01,30.93,,2017,6,2,2
549376,386,Ozone (O3),Mean,ppb,UHF34,204,East New York,Summer 2017,2017-06-01,30.9,,2017,6,2,2
549456,386,Ozone (O3),Mean,ppb,CD,411,Bayside and Little Neck (CD11),Summer 2017,2017-06-01,30.32,,2017,6,2,2
549399,386,Ozone (O3),Mean,ppb,UHF34,404406,Bayside Little Neck-Fresh Meadows,Summer 2017,2017-06-01,30.18,,2017,6,2,2
549754,375,Nitrogen dioxide (NO2),Mean,ppb,Borough,4,Queens,Summer 2017,2017-06-01,13.42,,2017,6,2,2
550045,375,Nitrogen dioxide (NO2),Mean,ppb,CD,207,Kingsbridge Heights and Bedford (CD7),Summer 2017,2017-06-01,16.19,,2017,6,2,2
549351,386,Ozone (O3),Mean,ppb,UHF42,307,Gramercy Park - Murray Hill,Summer 2017,2017-06-01,22.12,,2017,6,2,2
547416,365,Fine particles (PM 2.5),Mean,mcg/m3,UHF42,210,Coney Island - Sheepshead Bay,Summer 2017,2017-06-01,8.22,,2017,6,2,2
547401,365,Fine particles (PM 2.5),Mean,mcg/m3,UHF42,205,Sunset Park,Summer 2017,2017-06-01,9.75,,2017,6,2,2
547488,365,Fine particles (PM 2.5),Mean,mcg/m3,UHF42,503,Willowbrook,Summer 2017,2017-06-01,8.35,,2017,6,2,2
547725,365,Fine particles (PM 2.5),Mean,mcg/m3,CD,401,Long Island City and Astoria (CD1),Summer 2017,2017-06-01,9.52,,2017,6,2,2
549450,386,Ozone (O3),Mean,ppb,CD,405,Ridgewood and Maspeth (CD5),Summer 2017,2017-06-01,30.29,,2017,6,2,2
550165,375,Nitrogen dioxide (NO2),Mean,ppb,CD,503,Tottenville and Great Kills (CD3),Summer 2017,2017-06-01,7.76,,2017,6,2,2
547374,365,Fine particles (PM 2.5),Mean,mcg/m3,UHF42,103,Fordham - Bronx Pk,Summer 2017,2017-06-01,9.39,,2017,6,2,2
547755,365,Fine particles (PM 2.5),Mean,mcg/m3,CD,411,Bayside and Little Neck (CD11),Summer 2017,2017-06-01,8.63,,2017,6,2,2
549394,386,Ozone (O3),Mean,ppb,UHF34,409,Southeast Queens,Summer 2017,2017-06-01,31.72,,2017,6,2,2
549949,375,Nitrogen dioxide (NO2),Mean,ppb,UHF34,403,Flushing - Clearview,Summer 2017,2017-06-01,13.94,,2017,6,2,2
549847,375,Nitrogen dioxide (NO2),Mean,ppb,UHF42,402,West Queens,Summer 2017,2017-06-01,15.77,,2017,6,2,2
550150,375,Nitrogen dioxide (NO2),Mean,ppb,CD,412,Jamaica and Hollis (CD12),Summer 2017,2017-06-01,13.81,,2017,6,2,2
547728,365,Fine particles (PM 2.5),Mean,mcg/m3,CD,402,Woodside and Sunnyside (CD2),Summer 2017,2017-06-01,10.68,,2017,6,2,2
547380,365,Fine particles (PM 2.5),Mean,mcg/m3,UHF42,105,Crotona -Tremont,Summer 2017,2017-06-01,10.09,,2017,6,2,2
549446,386,Ozone (O3),Mean,ppb,CD,401,Long Island City and Astoria (CD1),Summer 2017,2017-06-01,29.47,,2017,6,2,2
547437,365,Fine particles (PM 2.5),Mean,mcg/m3,UHF42,306,Chelsea - Clinton,Summer 2017,2017-06-01,11.34,,2017,6,2,2
549880,375,Nitrogen dioxide (NO2),Mean,ppb,UHF42,503,Willowbrook,Summer 2017,2017-06-01,10.16,,2017,6,2,2
549760,375,Nitrogen dioxide (NO2),Mean,ppb,UHF42,101,Kingsbridge - Riverdale,Summer 2017,2017-06-01,13.02,,2017,6,2,2
549368,386,Ozone (O3),Mean,ppb,UHF42,504,South Beach - Tottenville,Summer 2017,2017-06-01,28.95,,2017,6,2,2
549991,375,Nitrogen dioxide (NO2),Mean,ppb,CD,101,Financial District (CD1),Summer 2017,2017-06-01,23.03,,2017,6,2,2
547485,365,Fine particles (PM 2.5),Mean,mcg/m3,UHF42,502,Stapleton - St. George,Summer 2017,2017-06-01,8.15,,2017,6,2,2
550003,375,Nitrogen dioxide (NO2),Mean,ppb,CD,105,Midtown (CD5),Summer 2017,2017-06-01,30.82,,2017,6,2,2
549332,386,Ozone (O3),Mean,ppb,UHF42,106,High Bridge - Morrisania,Summer 2017,2017-06-01,27.72,,2017,6,2,2
549347,386,Ozone (O3),Mean,ppb,UHF42,303,East Harlem,Summer 2017,2017-06-01,26.91,,2017,6,2,2
549976,375,Nitrogen dioxide (NO2),Mean,ppb,UHF34,404406,Bayside Little Neck-Fresh Meadows,Summer 2017,2017-06-01,13.08,,2017,6,2,2
549838,375,Nitrogen dioxide (NO2),Mean,ppb,UHF42,309,Union Square - Lower East Side,Summer 2017,2017-06-01,20.58,,2017,6,2,2
549367,386,Ozone (O3),Mean,ppb,UHF42,503,Willowbrook,Summer 2017,2017-06-01,27.95,,2017,6,2,2
547425,365,Fine particles (PM 2.5),Mean,mcg/m3,UHF42,302,Central Harlem - Morningside Heights,Summer 2017,2017-06-01,9.91,,2017,6,2,2
550162,375,Nitrogen dioxide (NO2),Mean,ppb,CD,502,South Beach and Willowbrook (CD2),Summer 2017,2017-06-01,9.24,,2017,6,2,2
549805,375,Nitrogen dioxide (NO2),Mean,ppb,UHF42,209,Bensonhurst - Bay Ridge,Summer 2017,2017-06-01,12.75,,2017,6,2,2
547734,365,Fine particles (PM 2.5),Mean,mcg/m3,CD,404,Elmhurst and Corona (CD4),Summer 2017,2017-06-01,9.07,,2017,6,2,2
549970,375,Nitrogen dioxide (NO2),Mean,ppb,UHF34,306308,Chelsea-Village,Summer 2017,2017-06-01,24.9,,2017,6,2,2
549335,386,Ozone (O3),Mean,ppb,UHF42,202,Downtown - Heights - Slope,Summer 2017,2017-06-01,27.92,,2017,6,2,2
549790,375,Nitrogen dioxide (NO2),Mean,ppb,UHF42,204,East New York,Summer 2017,2017-06-01,13.39,,2017,6,2,2
549436,386,Ozone (O3),Mean,ppb,CD,309,South Crown Heights and Lefferts Gardens (CD9),Summer 2017,2017-06-01,29.41,,2017,6,2,2
547413,365,Fine particles (PM 2.5),Mean,mcg/m3,UHF42,209,Bensonhurst - Bay Ridge,Summer 2017,2017-06-01,8.52,,2017,6,2,2
547443,365,Fine particles (PM 2.5),Mean,mcg/m3,UHF42,308,Greenwich Village - SoHo,Summer 2017,2017-06-01,10.66,,2017,6,2,2
547410,365,Fine particles (PM 2.5),Mean,mcg/m3,UHF42,208,Canarsie - Flatlands,Summer 2017,2017-06-01,8.54,,2017,6,2,2
547737,365,Fine particles (PM 2.5),Mean,mcg/m3,CD,405,Ridgewood and Maspeth (CD5),Summer 2017,2017-06-01,9.26,,2017,6,2,2
549405,386,Ozone (O3),Mean,ppb,CD,102,Greenwich Village and Soho (CD2),Summer 2017,2017-06-01,25.06,,2017,6,2,2
547422,365,Fine particles (PM 2.5),Mean,mcg/m3,UHF42,301,Washington Heights,Summer 2017,2017-06-01,9.87,,2017,6,2,2
549372,386,Ozone (O3),Mean,ppb,UHF34,104,Pelham - Throgs Neck,Summer 2017,2017-06-01,29.79,,2017,6,2,2
547353,365,Fine particles (PM 2.5),Mean,mcg/m3,Borough,1,Bronx,Summer 2017,2017-06-01,9.58,,2017,6,2,2
549389,386,Ozone (O3),Mean,ppb,UHF34,402,West Queens,Summer 2017,2017-06-01,29.44,,2017,6,2,2
549967,375,Nitrogen dioxide (NO2),Mean,ppb,UHF34,305307,Upper East Side-Gramercy,Summer 2017,2017-06-01,25.05,,2017,6,2,2
549440,386,Ozone (O3),Mean,ppb,CD,313,Coney Island (CD13),Summer 2017,2017-06-01,32.41,,2017,6,2,2
547770,365,Fine particles (PM 2.5),Mean,mcg/m3,CD,502,South Beach and Willowbrook (CD2),Summer 2017,2017-06-01,8.17,,2017,6,2,2
547515,365,Fine particles (PM 2.5),Mean,mcg/m3,UHF34,204,East New York,Summer 2017,2017-06-01,9.05,,2017,6,2,2
547767,365,Fine particles (PM 2.5),Mean,mcg/m3,CD,501,St. George and Stapleton (CD1),Summer 2017,2017-06-01,8.43,,2017,6,2,2
549381,386,Ozone (O3),Mean,ppb,UHF34,209,Bensonhurst - Bay Ridge,Summer 2017,2017-06-01,30.05,,2017,6,2,2
549934,375,Nitrogen dioxide (NO2),Mean,ppb,UHF34,302,Central Harlem - Morningside Heights,Summer 2017,2017-06-01,18.89,,2017,6,2,2
549781,375,Nitrogen dioxide (NO2),Mean,ppb,UHF42,201,Greenpoint,Summer 2017,2017-06-01,16.36,,2017,6,2,2
549342,386,Ozone (O3),Mean,ppb,UHF42,209,Bensonhurst - Bay Ridge,Summer 2017,2017-06-01,30.05,,2017,6,2,2
549374,386,Ozone (O3),Mean,ppb,UHF34,202,Downtown - Heights - Slope,Summer 2017,2017-06-01,27.92,,2017,6,2,2
549420,386,Ozone (O3),Mean,ppb,CD,205,Fordham and University Heights (CD5),Summer 2017,2017-06-01,27.24,,2017,6,2,2
549324,386,Ozone (O3),Mean,ppb,Borough,3,Manhattan,Summer 2017,2017-06-01,25.33,,2017,6,2,2
549447,386,Ozone (O3),Mean,ppb,CD,402,Woodside and Sunnyside (CD2),Summer 2017,2017-06-01,29.49,,2017,6,2,2
547668,365,Fine particles (PM 2.5),Mean,mcg/m3,CD,212,Williamsbridge and Baychester (CD12),Summer 2017,2017-06-01,9.2,,2017,6,2,2
547698,365,Fine particles (PM 2.5),Mean,mcg/m3,CD,310,Bay Ridge and Dyker Heights (CD10),Summer 2017,2017-06-01,8.76,,2017,6,2,2
550141,375,Nitrogen dioxide (NO2),Mean,ppb,CD,409,Kew Gardens and Woodhaven (CD9),Summer 2017,2017-06-01,14.21,,2017,6,2,2
549437,386,Ozone (O3),Mean,ppb,CD,310,Bay Ridge and Dyker Heights (CD10),Summer 2017,2017-06-01,29.2,,2017,6,2,2
550120,375,Nitrogen dioxide (NO2),Mean,ppb,CD,402,Woodside and Sunnyside (CD2),Summer 2017,2017-06-01,15.92,,2017,6,2,2
547503,365,Fine particles (PM 2.5),Mean,mcg/m3,UHF34,104,Pelham - Throgs Neck,Summer 2017,2017-06-01,9.29,,2017,6,2,2
549453,386,Ozone (O3),Mean,ppb,CD,408,Hillcrest and Fresh Meadows (CD8),Summer 2017,2017-06-01,29.95,,2017,6,2,2
549994,375,Nitrogen dioxide (NO2),Mean,ppb,CD,102,Greenwich Village and Soho (CD2),Summer 2017,2017-06-01,22.43,,2017,6,2,2
547677,365,Fine particles (PM 2.5),Mean,mcg/m3,CD,303,Bedford Stuyvesant (CD3),Summer 2017,2017-06-01,9.29,,2017,6,2,2
547395,365,Fine particles (PM 2.5),Mean,mcg/m3,UHF42,203,Bedford Stuyvesant - Crown Heights,Summer 2017,2017-06-01,9.14,,2017,6,2,2
549427,386,Ozone (O3),Mean,ppb,CD,212,Williamsbridge and Baychester (CD12),Summer 2017,2017-06-01,28.93,,2017,6,2,2
547560,365,Fine particles (PM 2.5),Mean,mcg/m3,UHF34,405,Ridgewood - Forest Hills,Summer 2017,2017-06-01,8.85,,2017,6,2,2
547707,365,Fine particles (PM 2.5),Mean,mcg/m3,CD,313,Coney Island (CD13),Summer 2017,2017-06-01,8.14,,2017,6,2,2
547533,365,Fine particles (PM 2.5),Mean,mcg/m3,UHF34,210,Coney Island - Sheepshead Bay,Summer 2017,2017-06-01,8.22,,2017,6,2,2
549439,386,Ozone (O3),Mean,ppb,CD,312,Borough Park (CD12),Summer 2017,2017-06-01,29.63,,2017,6,2,2
550153,375,Nitrogen dioxide (NO2),Mean,ppb,CD,413,Queens Village (CD13),Summer 2017,2017-06-01,12.64,,2017,6,2,2
547545,365,Fine particles (PM 2.5),Mean,mcg/m3,UHF34,303,East Harlem,Summer 2017,2017-06-01,10.05,,2017,6,2,2
549455,386,Ozone (O3),Mean,ppb,CD,410,South Ozone Park and Howard Beach (CD10),Summer 2017,2017-06-01,31.69,,2017,6,2,2
549946,375,Nitrogen dioxide (NO2),Mean,ppb,UHF34,402,West Queens,Summer 2017,2017-06-01,15.77,,2017,6,2,2
549415,386,Ozone (O3),Mean,ppb,CD,112,Washington Heights and Inwood (CD12),Summer 2017,2017-06-01,27.0,,2017,6,2,2
549877,375,Nitrogen dioxide (NO2),Mean,ppb,UHF42,502,Stapleton - St. George,Summer 2017,2017-06-01,10.3,,2017,6,2,2
547602,365,Fine particles (PM 2.5),Mean,mcg/m3,CD,102,Greenwich Village and Soho (CD2),Summer 2017,2017-06-01,10.66,,2017,6,2,2
547512,365,Fine particles (PM 2.5),Mean,mcg/m3,UHF34,203,Bedford Stuyvesant - Crown Heights,Summer 2017,2017-06-01,9.14,,2017,6,2,2
547716,365,Fine particles (PM 2.5),Mean,mcg/m3,CD,316,Brownsville (CD16),Summer 2017,2017-06-01,9.18,,2017,6,2,2
547638,365,Fine particles (PM 2.5),Mean,mcg/m3,CD,202,Hunts Point and Longwood (CD2),Summer 2017,2017-06-01,10.41,,2017,6,2,2
547605,365,Fine particles (PM 2.5),Mean,mcg/m3,CD,103,Lower East Side and Chinatown (CD3),Summer 2017,2017-06-01,10.11,,2017,6,2,2
547656,365,Fine particles (PM 2.5),Mean,mcg/m3,CD,208,Riverdale and Fieldston (CD8),Summer 2017,2017-06-01,9.45,,2017,6,2,2
549454,386,Ozone (O3),Mean,ppb,CD,409,Kew Gardens and Woodhaven (CD9),Summer 2017,2017-06-01,30.39,,2017,6,2,2
549451,386,Ozone (O3),Mean,ppb,CD,406,Rego Park and Forest Hills (CD6),Summer 2017,2017-06-01,29.24,,2017,6,2,2
549336,386,Ozone (O3),Mean,ppb,UHF42,203,Bedford Stuyvesant - Crown Heights,Summer 2017,2017-06-01,29.39,,2017,6,2,2
550075,375,Nitrogen dioxide (NO2),Mean,ppb,CD,305,East New York and Starrett City (CD5),Summer 2017,2017-06-01,12.99,,2017,6,2,2
547740,365,Fine particles (PM 2.5),Mean,mcg/m3,CD,406,Rego Park and Forest Hills (CD6),Summer 2017,2017-06-01,8.81,,2017,6,2,2
547629,365,Fine particles (PM 2.5),Mean,mcg/m3,CD,111,East Harlem (CD11),Summer 2017,2017-06-01,10.04,,2017,6,2,2
550051,375,Nitrogen dioxide (NO2),Mean,ppb,CD,209,Parkchester and Soundview (CD9),Summer 2017,2017-06-01,14.97,,2017,6,2,2
547599,365,Fine particles (PM 2.5),Mean,mcg/m3,CD,101,Financial District (CD1),Summer 2017,2017-06-01,10.53,,2017,6,2,2
549412,386,Ozone (O3),Mean,ppb,CD,109,Morningside Heights and Hamilton Heights (CD9),Summer 2017,2017-06-01,26.35,,2017,6,2,2
549354,386,Ozone (O3),Mean,ppb,UHF42,310,Lower Manhattan,Summer 2017,2017-06-01,24.66,,2017,6,2,2
547467,365,Fine particles (PM 2.5),Mean,mcg/m3,UHF42,406,Fresh Meadows,Summer 2017,2017-06-01,8.61,,2017,6,2,2
549817,375,Nitrogen dioxide (NO2),Mean,ppb,UHF42,302,Central Harlem - Morningside Heights,Summer 2017,2017-06-01,18.89,,2017,6,2,2
549907,375,Nitrogen dioxide (NO2),Mean,ppb,UHF34,204,East New York,Summer 2017,2017-06-01,13.39,,2017,6,2,2
549421,386,Ozone (O3),Mean,ppb,CD,206,Belmont and East Tremont (CD6),Summer 2017,2017-06-01,28.12,,2017,6,2,2
549433,386,Ozone (O3),Mean,ppb,CD,306,Park Slope and Carroll Gardens (CD6),Summer 2017,2017-06-01,28.26,,2017,6,2,2
549832,375,Nitrogen dioxide (NO2),Mean,ppb,UHF42,307,Gramercy Park - Murray Hill,Summer 2017,2017-06-01,28.61,,2017,6,2,2
547554,365,Fine particles (PM 2.5),Mean,mcg/m3,UHF34,402,West Queens,Summer 2017,2017-06-01,9.58,,2017,6,2,2
549964,375,Nitrogen dioxide (NO2),Mean,ppb,UHF34,410,Rockaways,Summer 2017,2017-06-01,7.81,,2017,6,2,2
549940,375,Nitrogen dioxide (NO2),Mean,ppb,UHF34,304,Upper West Side,Summer 2017,2017-06-01,19.98,,2017,6,2,2
549444,386,Ozone (O3),Mean,ppb,CD,317,East Flatbush (CD17),Summer 2017,2017-06-01,30.39,,2017,6,2,2
547497,365,Fine particles (PM 2.5),Mean,mcg/m3,UHF34,102,Northeast Bronx,Summer 2017,2017-06-01,9.25,,2017,6,2,2
549361,386,Ozone (O3),Mean,ppb,UHF42,407,Southwest Queens,Summer 2017,2017-06-01,31.16,,2017,6,2,2
547686,365,Fine particles (PM 2.5),Mean,mcg/m3,CD,306,Park Slope and Carroll Gardens (CD6),Summer 2017,2017-06-01,10.18,,2017,6,2,2
549937,375,Nitrogen dioxide (NO2),Mean,ppb,UHF34,303,East Harlem,Summer 2017,2017-06-01,18.57,,2017,6,2,2
547623,365,Fine particles (PM 2.5),Mean,mcg/m3,CD,109,Morningside Heights and Hamilton Heights (CD9),Summer 2017,2017-06-01,10.0,,2017,6,2,2
549369,386,Ozone (O3),Mean,ppb,UHF34,101,Kingsbridge - Riverdale,Summer 2017,2017-06-01,27.53,,2017,6,2,2
549461,386,Ozone (O3),Mean,ppb,CD,502,South Beach and Willowbrook (CD2),Summer 2017,2017-06-01,28.74,,2017,6,2,2
550078,375,Nitrogen dioxide (NO2),Mean,ppb,CD,306,Park Slope and Carroll Gardens (CD6),Summer 2017,2017-06-01,15.99,,2017,6,2,2
547572,365,Fine particles (PM 2.5),Mean,mcg/m3,UHF34,410,Rockaways,Summer 2017,2017-06-01,7.74,,2017,6,2,2
549868,375,Nitrogen dioxide (NO2),Mean,ppb,UHF42,409,Southeast Queens,Summer 2017,2017-06-01,12.59,,2017,6,2,2
550102,375,Nitrogen dioxide (NO2),Mean,ppb,CD,314,Flatbush and Midwood (CD14),Summer 2017,2017-06-01,13.23,,2017,6,2,2
547431,365,Fine particles (PM 2.5),Mean,mcg/m3,UHF42,304,Upper West Side,Summer 2017,2017-06-01,10.13,,2017,6,2,2
549382,386,Ozone (O3),Mean,ppb,UHF34,210,Coney Island - Sheepshead Bay,Summer 2017,2017-06-01,31.86,,2017,6,2,2
549459,386,Ozone (O3),Mean,ppb,CD,414,Rockaway and Broad Channel (CD14),Summer 2017,2017-06-01,35.3,,2017,6,2,2
547386,365,Fine particles (PM 2.5),Mean,mcg/m3,UHF42,107,Hunts Point - Mott Haven,Summer 2017,2017-06-01,10.2,,2017,6,2,2
549916,375,Nitrogen dioxide (NO2),Mean,ppb,UHF34,207,East Flatbush - Flatbush,Summer 2017,2017-06-01,13.75,,2017,6,2,2
549352,386,Ozone (O3),Mean,ppb,UHF42,308,Greenwich Village - SoHo,Summer 2017,2017-06-01,25.23,,2017,6,2,2
549333,386,Ozone (O3),Mean,ppb,UHF42,107,Hunts Point - Mott Haven,Summer 2017,2017-06-01,29.41,,2017,6,2,2
547506,365,Fine particles (PM 2.5),Mean,mcg/m3,UHF34,201,Greenpoint,Summer 2017,2017-06-01,10.79,,2017,6,2,2
547713,365,Fine particles (PM 2.5),Mean,mcg/m3,CD,315,Sheepshead Bay (CD15),Summer 2017,2017-06-01,8.25,,2017,6,2,2
549889,375,Nitrogen dioxide (NO2),Mean,ppb,UHF34,102,Northeast Bronx,Summer 2017,2017-06-01,14.37,,2017,6,2,2
549841,375,Nitrogen dioxide (NO2),Mean,ppb,UHF42,310,Lower Manhattan,Summer 2017,2017-06-01,22.95,,2017,6,2,2
549329,386,Ozone (O3),Mean,ppb,UHF42,103,Fordham - Bronx Pk,Summer 2017,2017-06-01,28.34,,2017,6,2,2
549386,386,Ozone (O3),Mean,ppb,UHF34,303,East Harlem,Summer 2017,2017-06-01,26.91,,2017,6,2,2
549434,386,Ozone (O3),Mean,ppb,CD,307,Sunset Park (CD7),Summer 2017,2017-06-01,29.19,,2017,6,2,2
549362,386,Ozone (O3),Mean,ppb,UHF42,408,Jamaica,Summer 2017,2017-06-01,30.93,,2017,6,2,2
547404,365,Fine particles (PM 2.5),Mean,mcg/m3,UHF42,206,Borough Park,Summer 2017,2017-06-01,8.8,,2017,6,2,2
547509,365,Fine particles (PM 2.5),Mean,mcg/m3,UHF34,202,Downtown - Heights - Slope,Summer 2017,2017-06-01,10.12,,2017,6,2,2
549397,386,Ozone (O3),Mean,ppb,UHF34,306308,Chelsea-Village,Summer 2017,2017-06-01,24.04,,2017,6,2,2
547383,365,Fine particles (PM 2.5),Mean,mcg/m3,UHF42,106,High Bridge - Morrisania,Summer 2017,2017-06-01,10.13,,2017,6,2,2
550090,375,Nitrogen dioxide (NO2),Mean,ppb,CD,310,Bay Ridge and Dyker Heights (CD10),Summer 2017,2017-06-01,13.52,,2017,6,2,2
547620,365,Fine particles (PM 2.5),Mean,mcg/m3,CD,108,Upper East Side (CD8),Summer 2017,2017-06-01,10.42,,2017,6,2,2
549943,375,Nitrogen dioxide (NO2),Mean,ppb,UHF34,401,Long Island City - Astoria,Summer 2017,2017-06-01,16.21,,2017,6,2,2
547539,365,Fine particles (PM 2.5),Mean,mcg/m3,UHF34,301,Washington Heights,Summer 2017,2017-06-01,9.87,,2017,6,2,2
549931,375,Nitrogen dioxide (NO2),Mean,ppb,UHF34,301,Washington Heights,Summer 2017,2017-06-01,16.69,,2017,6,2,2
547596,365,Fine particles (PM 2.5),Mean,mcg/m3,Citywide,1,New York City,Summer 2017,2017-06-01,8.95,,2017,6,2,2
549919,375,Nitrogen dioxide (NO2),Mean,ppb,UHF34,208,Canarsie - Flatlands,Summer 2017,2017-06-01,10.26,,2017,6,2,2
549844,375,Nitrogen dioxide (NO2),Mean,ppb,UHF42,401,Long Island City - Astoria,Summer 2017,2017-06-01,16.21,,2017,6,2,2
549337,386,Ozone (O3),Mean,ppb,UHF42,204,East New York,Summer 2017,2017-06-01,30.9,,2017,6,2,2
547650,365,Fine particles (PM 2.5),Mean,mcg/m3,CD,206,Belmont and East Tremont (CD6),Summer 2017,2017-06-01,9.85,,2017,6,2,2
547527,365,Fine particles (PM 2.5),Mean,mcg/m3,UHF34,208,Canarsie - Flatlands,Summer 2017,2017-06-01,8.54,,2017,6,2,2
549835,375,Nitrogen dioxide (NO2),Mean,ppb,UHF42,308,Greenwich Village - SoHo,Summer 2017,2017-06-01,22.35,,2017,6,2,2
547482,365,Fine particles (PM 2.5),Mean,mcg/m3,UHF42,501,Port Richmond,Summer 2017,2017-06-01,8.61,,2017,6,2,2
549323,386,Ozone (O3),Mean,ppb,Borough,2,Brooklyn,Summer 2017,2017-06-01,30.26,,2017,6,2,2
549808,375,Nitrogen dioxide (NO2),Mean,ppb,UHF42,210,Coney Island - Sheepshead Bay,Summer 2017,2017-06-01,10.7,,2017,6,2,2
549865,375,Nitrogen dioxide (NO2),Mean,ppb,UHF42,408,Jamaica,Summer 2017,2017-06-01,13.67,,2017,6,2,2
550042,375,Nitrogen dioxide (NO2),Mean,ppb,CD,206,Belmont and East Tremont (CD6),Summer 2017,2017-06-01,16.57,,2017,6,2,2
549898,375,Nitrogen dioxide (NO2),Mean,ppb,UHF34,201,Greenpoint,Summer 2017,2017-06-01,16.36,,2017,6,2,2
547614,365,Fine particles (PM 2.5),Mean,mcg/m3,CD,106,Stuyvesant Town and Turtle Bay (CD6),Summer 2017,2017-06-01,11.13,,2017,6,2,2
549357,386,Ozone (O3),Mean,ppb,UHF42,403,Flushing - Clearview,Summer 2017,2017-06-01,30.26,,2017,6,2,2
549388,386,Ozone (O3),Mean,ppb,UHF34,401,Long Island City - Astoria,Summer 2017,2017-06-01,29.12,,2017,6,2,2
549322,386,Ozone (O3),Mean,ppb,Borough,1,Bronx,Summer 2017,2017-06-01,28.85,,2017,6,2,2
547641,365,Fine particles (PM 2.5),Mean,mcg/m3,CD,203,Morrisania and Crotona (CD3),Summer 2017,2017-06-01,9.81,,2017,6,2,2
549326,386,Ozone (O3),Mean,ppb,Borough,5,Staten Island,Summer 2017,2017-06-01,28.46,,2017,6,2,2
549901,375,Nitrogen dioxide (NO2),Mean,ppb,UHF34,202,Downtown - Heights - Slope,Summer 2017,2017-06-01,16.62,,2017,6,2,2
550048,375,Nitrogen dioxide (NO2),Mean,ppb,CD,208,Riverdale and Fieldston (CD8),Summer 2017,2017-06-01,13.03,,2017,6,2,2
547584,365,Fine particles (PM 2.5),Mean,mcg/m3,UHF34,404406,Bayside Little Neck-Fresh Meadows,Summer 2017,2017-06-01,8.64,,2017,6,2,2
549895,375,Nitrogen dioxide (NO2),Mean,ppb,UHF34,104,Pelham - Throgs Neck,Summer 2017,2017-06-01,14.14,,2017,6,2,2
547368,365,Fine particles (PM 2.5),Mean,mcg/m3,UHF42,101,Kingsbridge - Riverdale,Summer 2017,2017-06-01,9.46,,2017,6,2,2
547575,365,Fine particles (PM 2.5),Mean,mcg/m3,UHF34,305307,Upper East Side-Gramercy,Summer 2017,2017-06-01,10.93,,2017,6,2,2
549380,386,Ozone (O3),Mean,ppb,UHF34,208,Canarsie - Flatlands,Summer 2017,2017-06-01,32.45,,2017,6,2,2
547587,365,Fine particles (PM 2.5),Mean,mcg/m3,UHF34,501502,Northern SI,Summer 2017,2017-06-01,8.31,,2017,6,2,2
549424,386,Ozone (O3),Mean,ppb,CD,209,Parkchester and Soundview (CD9),Summer 2017,2017-06-01,29.33,,2017,6,2,2
549404,386,Ozone (O3),Mean,ppb,CD,101,Financial District (CD1),Summer 2017,2017-06-01,24.81,,2017,6,2,2
547389,365,Fine particles (PM 2.5),Mean,mcg/m3,UHF42,201,Greenpoint,Summer 2017,2017-06-01,10.79,,2017,6,2,2
549344,386,Ozone (O3),Mean,ppb,UHF42,211,Williamsburg - Bushwick,Summer 2017,2017-06-01,29.33,,2017,6,2,2
550054,375,Nitrogen dioxide (NO2),Mean,ppb,CD,210,Throgs Neck and Co-op City (CD10),Summer 2017,2017-06-01,13.51,,2017,6,2,2
550156,375,Nitrogen dioxide (NO2),Mean,ppb,CD,414,Rockaway and Broad Channel (CD14),Summer 2017,2017-06-01,7.68,,2017,6,2,2
549348,386,Ozone (O3),Mean,ppb,UHF42,304,Upper West Side,Summer 2017,2017-06-01,25.57,,2017,6,2,2
550072,375,Nitrogen dioxide (NO2),Mean,ppb,CD,304,Bushwick (CD4),Summer 2017,2017-06-01,14.69,,2017,6,2,2
549330,386,Ozone (O3),Mean,ppb,UHF42,104,Pelham - Throgs Neck,Summer 2017,2017-06-01,29.79,,2017,6,2,2
549443,386,Ozone (O3),Mean,ppb,CD,316,Brownsville (CD16),Summer 2017,2017-06-01,30.27,,2017,6,2,2
547449,365,Fine particles (PM 2.5),Mean,mcg/m3,UHF42,310,Lower Manhattan,Summer 2017,2017-06-01,10.48,,2017,6,2,2
547578,365,Fine particles (PM 2.5),Mean,mcg/m3,UHF34,306308,Chelsea-Village,Summer 2017,2017-06-01,11.11,,2017,6,2,2
547440,365,Fine particles (PM 2.5),Mean,mcg/m3,UHF42,307,Gramercy Park - Murray Hill,Summer 2017,2017-06-01,11.53,,2017,6,2,2
547593,365,Fine particles (PM 2.5),Mean,mcg/m3,UHF34,105106107,South Bronx,Summer 2017,2017-06-01,10.15,,2017,6,2,2
547548,365,Fine particles (PM 2.5),Mean,mcg/m3,UHF34,304,Upper West Side,Summer 2017,2017-06-01,10.13,,2017,6,2,2
549958,375,Nitrogen dioxide (NO2),Mean,ppb,UHF34,408,Jamaica,Summer 2017,2017-06-01,13.67,,2017,6,2,2
549458,386,Ozone (O3),Mean,ppb,CD,413,Queens Village (CD13),Summer 2017,2017-06-01,31.85,,2017,6,2,2
549985,375,Nitrogen dioxide (NO2),Mean,ppb,UHF34,105106107,South Bronx,Summer 2017,2017-06-01,16.75,,2017,6,2,2
549452,386,Ozone (O3),Mean,ppb,CD,407,Flushing and Whitestone (CD7),Summer 2017,2017-06-01,30.28,,2017,6,2,2
549432,386,Ozone (O3),Mean,ppb,CD,305,East New York and Starrett City (CD5),Summer 2017,2017-06-01,31.2,,2017,6,2,2
549340,386,Ozone (O3),Mean,ppb,UHF42,207,East Flatbush - Flatbush,Summer 2017,2017-06-01,30.13,,2017,6,2,2
547551,365,Fine particles (PM 2.5),Mean,mcg/m3,UHF34,401,Long Island City - Astoria,Summer 2017,2017-06-01,10.23,,2017,6,2,2
547428,365,Fine particles (PM 2.5),Mean,mcg/m3,UHF42,303,East Harlem,Summer 2017,2017-06-01,10.05,,2017,6,2,2
547458,365,Fine particles (PM 2.5),Mean,mcg/m3,UHF42,403,Flushing - Clearview,Summer 2017,2017-06-01,8.88,,2017,6,2,2
547392,365,Fine particles (PM 2.5),Mean,mcg/m3,UHF42,202,Downtown - Heights - Slope,Summer 2017,2017-06-01,10.12,,2017,6,2,2
547461,365,Fine particles (PM 2.5),Mean,mcg/m3,UHF42,404,Bayside - Little Neck,Summer 2017,2017-06-01,8.65,,2017,6,2,2
550009,375,Nitrogen dioxide (NO2),Mean,ppb,CD,107,Upper West Side (CD7),Summer 2017,2017-06-01,19.97,,2017,6,2,2
547626,365,Fine particles (PM 2.5),Mean,mcg/m3,CD,110,Central Harlem (CD10),Summer 2017,2017-06-01,9.85,,2017,6,2,2
547518,365,Fine particles (PM 2.5),Mean,mcg/m3,UHF34,205,Sunset Park,Summer 2017,2017-06-01,9.75,,2017,6,2,2
547365,365,Fine particles (PM 2.5),Mean,mcg/m3,Borough,5,Staten Island,Summer 2017,2017-06-01,8.13,,2017,6,2,2
547371,365,Fine particles (PM 2.5),Mean,mcg/m3,UHF42,102,Northeast Bronx,Summer 2017,2017-06-01,9.25,,2017,6,2,2
549418,386,Ozone (O3),Mean,ppb,CD,203,Morrisania and Crotona (CD3),Summer 2017,2017-06-01,28.28,,2017,6,2,2
547695,365,Fine particles (PM 2.5),Mean,mcg/m3,CD,309,South Crown Heights and Lefferts Gardens (CD9),Summer 2017,2017-06-01,8.98,,2017,6,2,2
550138,375,Nitrogen dioxide (NO2),Mean,ppb,CD,408,Hillcrest and Fresh Meadows (CD8),Summer 2017,2017-06-01,13.48,,2017,6,2,2
549334,386,Ozone (O3),Mean,ppb,UHF42,201,Greenpoint,Summer 2017,2017-06-01,28.98,,2017,6,2,2
547608,365,Fine particles (PM 2.5),Mean,mcg/m3,CD,104,Clinton and Chelsea (CD4),Summer 2017,2017-06-01,11.02,,2017,6,2,2
550033,375,Nitrogen dioxide (NO2),Mean,ppb,CD,203,Morrisania and Crotona (CD3),Summer 2017,2017-06-01,16.55,,2017,6,2,2
549799,375,Nitrogen dioxide (NO2),Mean,ppb,UHF42,207,East Flatbush - Flatbush,Summer 2017,2017-06-01,13.75,,2017,6,2,2
549378,386,Ozone (O3),Mean,ppb,UHF34,206,Borough Park,Summer 2017,2017-06-01,29.72,,2017,6,2,2
550039,375,Nitrogen dioxide (NO2),Mean,ppb,CD,205,Fordham and University Heights (CD5),Summer 2017,2017-06-01,18.17,,2017,6,2,2
550111,375,Nitrogen dioxide (NO2),Mean,ppb,CD,317,East Flatbush (CD17),Summer 2017,2017-06-01,13.82,,2017,6,2,2
549748,375,Nitrogen dioxide (NO2),Mean,ppb,Borough,2,Brooklyn,Summer 2017,2017-06-01,13.44,,2017,6,2,2
547611,365,Fine particles (PM 2.5),Mean,mcg/m3,CD,105,Midtown (CD5),Summer 2017,2017-06-01,11.94,,2017,6,2,2
549862,375,Nitrogen dioxide (NO2),Mean,ppb,UHF42,407,Southwest Queens,Summer 2017,2017-06-01,13.34,,2017,6,2,2
549973,375,Nitrogen dioxide (NO2),Mean,ppb,UHF34,309310,Union Square-Lower Manhattan,Summer 2017,2017-06-01,21.32,,2017,6,2,2
549419,386,Ozone (O3),Mean,ppb,CD,204,Highbridge and Concourse (CD4),Summer 2017,2017-06-01,27.48,,2017,6,2,2
550027,375,Nitrogen dioxide (NO2),Mean,ppb,CD,201,Mott Haven and Melrose (CD1),Summer 2017,2017-06-01,16.98,,2017,6,2,2
547764,365,Fine particles (PM 2.5),Mean,mcg/m3,CD,414,Rockaway and Broad Channel (CD14),Summer 2017,2017-06-01,7.73,,2017,6,2,2
549391,386,Ozone (O3),Mean,ppb,UHF34,405,Ridgewood - Forest Hills,Summer 2017,2017-06-01,30.06,,2017,6,2,2
549814,375,Nitrogen dioxide (NO2),Mean,ppb,UHF42,301,Washington Heights,Summer 2017,2017-06-01,16.69,,2017,6,2,2
549325,386,Ozone (O3),Mean,ppb,Borough,4,Queens,Summer 2017,2017-06-01,30.83,,2017,6,2,2
827588,650,Respiratory hospitalizations due to PM2.5 (age 20+),Estimated annual rate,"per 100,000 adults",UHF42,107,Hunts Point - Mott Haven,2017-2019,2017-01-01,15.0,,2017,1,1,2
827451,648,Asthma emergency department visits due to PM2.5,Estimated annual rate (under age 18),"per 100,000 children",UHF42,307,Gramercy Park - Murray Hill,2017-2019,2017-01-01,35.0,,2017,1,1,2
827506,651,Cardiovascular hospitalizations due to PM2.5 (age 40+),Estimated annual rate,"per 100,000 adults",UHF42,303,East Harlem,2017-2019,2017-01-01,14.0,,2017,1,1,2
828153,652,Cardiac and respiratory deaths due to Ozone,Estimated annual rate,"per 100,000",Borough,2,Brooklyn,2017-2019,2017-01-01,5.0,,2017,1,1,2
827495,651,Cardiovascular hospitalizations due to PM2.5 (age 40+),Estimated annual rate,"per 100,000 adults",UHF42,203,Bedford Stuyvesant - Crown Heights,2017-2019,2017-01-01,13.0,,2017,1,1,2
827539,639,Deaths due to PM2.5,Estimated annual rate (age 30+),"per 100,000 adults",UHF42,405,Ridgewood - Forest Hills,2017-2019,2017-01-01,28.0,,2017,1,1,2
827562,639,Deaths due to PM2.5,Estimated annual rate (age 30+),"per 100,000 adults",UHF42,203,Bedford Stuyvesant - Crown Heights,2017-2019,2017-01-01,37.0,,2017,1,1,2
827560,639,Deaths due to PM2.5,Estimated annual rate (age 30+),"per 100,000 adults",UHF42,205,Sunset Park,2017-2019,2017-01-01,27.0,,2017,1,1,2
549980,375,Nitrogen dioxide (NO2),Mean,ppb,UHF34,501502,Northern SI,Annual Average 2017,2017-01-01,15.45,,2017,1,1,2
827531,639,Deaths due to PM2.5,Estimated annual rate (age 30+),"per 100,000 adults",UHF42,503,Willowbrook,2017-2019,2017-01-01,42.0,,2017,1,1,2
827541,639,Deaths due to PM2.5,Estimated annual rate (age 30+),"per 100,000 adults",UHF42,403,Flushing - Clearview,2017-2019,2017-01-01,30.0,,2017,1,1,2
549809,375,Nitrogen dioxide (NO2),Mean,ppb,UHF42,210,Coney Island - Sheepshead Bay,Annual Average 2017,2017-01-01,16.08,,2017,1,1,2
549776,375,Nitrogen dioxide (NO2),Mean,ppb,UHF42,106,High Bridge - Morrisania,Annual Average 2017,2017-01-01,21.66,,2017,1,1,2
550055,375,Nitrogen dioxide (NO2),Mean,ppb,CD,210,Throgs Neck and Co-op City (CD10),Annual Average 2017,2017-01-01,18.07,,2017,1,1,2
828086,661,Asthma hospitalizations due to Ozone,Estimated annual rate (age 18+),"per 100,000 adults",UHF42,308,Greenwich Village - SoHo,2017-2019,2017-01-01,0.0,,2017,1,1,2
827389,657,Asthma emergency department visits due to PM2.5,Estimated annual rate (age 18+),"per 100,000 adults",UHF42,501,Port Richmond,2017-2019,2017-01-01,44.0,,2017,1,1,2
827872,659,Asthma emergency departments visits due to Ozone,Estimated annual rate (age 18+),"per 100,000 adults",UHF42,103,Fordham - Bronx Pk,2017-2019,2017-01-01,71.0,,2017,1,1,2
827892,659,Asthma emergency departments visits due to Ozone,Estimated annual rate (age 18+),"per 100,000 adults",UHF42,305,Upper East Side,2017-2019,2017-01-01,8.0,,2017,1,1,2
827874,659,Asthma emergency departments visits due to Ozone,Estimated annual rate (age 18+),"per 100,000 adults",UHF42,105,Crotona -Tremont,2017-2019,2017-01-01,95.0,,2017,1,1,2
550145,375,Nitrogen dioxide (NO2),Mean,ppb,CD,410,South Ozone Park and Howard Beach (CD10),Annual Average 2017,2017-01-01,17.42,,2017,1,1,2
549803,375,Nitrogen dioxide (NO2),Mean,ppb,UHF42,208,Canarsie - Flatlands,Annual Average 2017,2017-01-01,15.64,,2017,1,1,2
827537,639,Deaths due to PM2.5,Estimated annual rate (age 30+),"per 100,000 adults",UHF42,407,Southwest Queens,2017-2019,2017-01-01,26.0,,2017,1,1,2
550094,375,Nitrogen dioxide (NO2),Mean,ppb,CD,311,Bensonhurst (CD11),Annual Average 2017,2017-01-01,18.15,,2017,1,1,2
550058,375,Nitrogen dioxide (NO2),Mean,ppb,CD,211,Morris Park and Bronxdale (CD11),Annual Average 2017,2017-01-01,19.04,,2017,1,1,2
550022,375,Nitrogen dioxide (NO2),Mean,ppb,CD,111,East Harlem (CD11),Annual Average 2017,2017-01-01,22.33,,2017,1,1,2
827386,657,Asthma emergency department visits due to PM2.5,Estimated annual rate (age 18+),"per 100,000 adults",UHF42,504,South Beach - Tottenville,2017-2019,2017-01-01,7.0,,2017,1,1,2
827559,639,Deaths due to PM2.5,Estimated annual rate (age 30+),"per 100,000 adults",UHF42,206,Borough Park,2017-2019,2017-01-01,36.0,,2017,1,1,2
827619,650,Respiratory hospitalizations due to PM2.5 (age 20+),Estimated annual rate,"per 100,000 adults",UHF42,410,Rockaways,2017-2019,2017-01-01,10.0,,2017,1,1,2
547696,365,Fine particles (PM 2.5),Mean,mcg/m3,CD,309,South Crown Heights and Lefferts Gardens (CD9),Annual Average 2017,2017-01-01,7.38,,2017,1,1,2
827574,639,Deaths due to PM2.5,Estimated annual rate (age 30+),"per 100,000 adults",Borough,3,Manhattan,2017-2019,2017-01-01,33.0,,2017,1,1,2
550046,375,Nitrogen dioxide (NO2),Mean,ppb,CD,207,Kingsbridge Heights and Bedford (CD7),Annual Average 2017,2017-01-01,20.3,,2017,1,1,2
547561,365,Fine particles (PM 2.5),Mean,mcg/m3,UHF34,405,Ridgewood - Forest Hills,Annual Average 2017,2017-01-01,7.32,,2017,1,1,2
550040,375,Nitrogen dioxide (NO2),Mean,ppb,CD,205,Fordham and University Heights (CD5),Annual Average 2017,2017-01-01,21.96,,2017,1,1,2
828048,655,Asthma hospitalizations due to Ozone,Estimated annual rate (under age 18),"per 100,000 children",UHF42,408,Jamaica,2017-2019,2017-01-01,14.0,,2017,1,1,2
550109,375,Nitrogen dioxide (NO2),Mean,ppb,CD,316,Brownsville (CD16),Annual Average 2017,2017-01-01,19.3,,2017,1,1,2
549797,375,Nitrogen dioxide (NO2),Mean,ppb,UHF42,206,Borough Park,Annual Average 2017,2017-01-01,18.81,,2017,1,1,2
547597,365,Fine particles (PM 2.5),Mean,mcg/m3,Citywide,1,New York City,Annual Average 2017,2017-01-01,7.38,,2017,1,1,2
827551,639,Deaths due to PM2.5,Estimated annual rate (age 30+),"per 100,000 adults",UHF42,303,East Harlem,2017-2019,2017-01-01,45.0,,2017,1,1,2
827404,657,Asthma emergency department visits due to PM2.5,Estimated annual rate (age 18+),"per 100,000 adults",UHF42,306,Chelsea - Clinton,2017-2019,2017-01-01,18.0,,2017,1,1,2
549833,375,Nitrogen dioxide (NO2),Mean,ppb,UHF42,307,Gramercy Park - Murray Hill,Annual Average 2017,2017-01-01,30.31,,2017,1,1,2
549821,375,Nitrogen dioxide (NO2),Mean,ppb,UHF42,303,East Harlem,Annual Average 2017,2017-01-01,22.41,,2017,1,1,2
549917,375,Nitrogen dioxide (NO2),Mean,ppb,UHF34,207,East Flatbush - Flatbush,Annual Average 2017,2017-01-01,18.83,,2017,1,1,2
828069,661,Asthma hospitalizations due to Ozone,Estimated annual rate (age 18+),"per 100,000 adults",UHF42,202,Downtown - Heights - Slope,2017-2019,2017-01-01,2.0,,2017,1,1,2
547618,365,Fine particles (PM 2.5),Mean,mcg/m3,CD,107,Upper West Side (CD7),Annual Average 2017,2017-01-01,8.33,,2017,1,1,2
547501,365,Fine particles (PM 2.5),Mean,mcg/m3,UHF34,103,Fordham - Bronx Pk,Annual Average 2017,2017-01-01,7.52,,2017,1,1,2
827904,659,Asthma emergency departments visits due to Ozone,Estimated annual rate (age 18+),"per 100,000 adults",UHF42,407,Southwest Queens,2017-2019,2017-01-01,25.0,,2017,1,1,2
827883,659,Asthma emergency departments visits due to Ozone,Estimated annual rate (age 18+),"per 100,000 adults",UHF42,207,East Flatbush - Flatbush,2017-2019,2017-01-01,52.0,,2017,1,1,2
827855,653,Asthma emergency departments visits due to Ozone,Estimated annual rate (under age 18),"per 100,000 children",UHF42,406,Fresh Meadows,2017-2019,2017-01-01,57.0,,2017,1,1,2
827545,639,Deaths due to PM2.5,Estimated annual rate (age 30+),"per 100,000 adults",UHF42,309,Union Square - Lower East Side,2017-2019,2017-01-01,42.0,,2017,1,1,2
827403,657,Asthma emergency department visits due to PM2.5,Estimated annual rate (age 18+),"per 100,000 adults",UHF42,307,Gramercy Park - Murray Hill,2017-2019,2017-01-01,12.0,,2017,1,1,2
827566,639,Deaths due to PM2.5,Estimated annual rate (age 30+),"per 100,000 adults",UHF42,106,High Bridge - Morrisania,2017-2019,2017-01-01,37.0,,2017,1,1,2
828096,661,Asthma hospitalizations due to Ozone,Estimated annual rate (age 18+),"per 100,000 adults",UHF42,408,Jamaica,2017-2019,2017-01-01,3.0,,2017,1,1,2
828046,655,Asthma hospitalizations due to Ozone,Estimated annual rate (under age 18),"per 100,000 children",UHF42,406,Fresh Meadows,2017-2019,2017-01-01,11.0,,2017,1,1,2
827538,639,Deaths due to PM2.5,Estimated annual rate (age 30+),"per 100,000 adults",UHF42,406,Fresh Meadows,2017-2019,2017-01-01,25.0,,2017,1,1,2
827553,639,Deaths due to PM2.5,Estimated annual rate (age 30+),"per 100,000 adults",UHF42,301,Washington Heights,2017-2019,2017-01-01,28.0,,2017,1,1,2
827526,651,Cardiovascular hospitalizations due to PM2.5 (age 40+),Estimated annual rate,"per 100,000 adults",UHF42,503,Willowbrook,2017-2019,2017-01-01,11.0,,2017,1,1,2
827516,651,Cardiovascular hospitalizations due to PM2.5 (age 40+),Estimated annual rate,"per 100,000 adults",UHF42,403,Flushing - Clearview,2017-2019,2017-01-01,6.0,,2017,1,1,2
827488,651,Cardiovascular hospitalizations due to PM2.5 (age 40+),Estimated annual rate,"per 100,000 adults",UHF42,103,Fordham - Bronx Pk,2017-2019,2017-01-01,12.0,,2017,1,1,2
827508,651,Cardiovascular hospitalizations due to PM2.5 (age 40+),Estimated annual rate,"per 100,000 adults",UHF42,305,Upper East Side,2017-2019,2017-01-01,7.0,,2017,1,1,2
827504,651,Cardiovascular hospitalizations due to PM2.5 (age 40+),Estimated annual rate,"per 100,000 adults",UHF42,301,Washington Heights,2017-2019,2017-01-01,10.0,,2017,1,1,2
827426,657,Asthma emergency department visits due to PM2.5,Estimated annual rate (age 18+),"per 100,000 adults",UHF42,102,Northeast Bronx,2017-2019,2017-01-01,36.0,,2017,1,1,2
547621,365,Fine particles (PM 2.5),Mean,mcg/m3,CD,108,Upper East Side (CD8),Annual Average 2017,2017-01-01,8.87,,2017,1,1,2
547684,365,Fine particles (PM 2.5),Mean,mcg/m3,CD,305,East New York and Starrett City (CD5),Annual Average 2017,2017-01-01,7.48,,2017,1,1,2
547390,365,Fine particles (PM 2.5),Mean,mcg/m3,UHF42,201,Greenpoint,Annual Average 2017,2017-01-01,8.98,,2017,1,1,2
827449,648,Asthma emergency department visits due to PM2.5,Estimated annual rate (under age 18),"per 100,000 children",UHF42,309,Union Square - Lower East Side,2017-2019,2017-01-01,90.0,,2017,1,1,2
827611,650,Respiratory hospitalizations due to PM2.5 (age 20+),Estimated annual rate,"per 100,000 adults",UHF42,402,West Queens,2017-2019,2017-01-01,5.0,,2017,1,1,2
827549,639,Deaths due to PM2.5,Estimated annual rate (age 30+),"per 100,000 adults",UHF42,305,Upper East Side,2017-2019,2017-01-01,32.0,,2017,1,1,2
828050,655,Asthma hospitalizations due to Ozone,Estimated annual rate (under age 18),"per 100,000 children",UHF42,410,Rockaways,2017-2019,2017-01-01,9.0,,2017,1,1,2
827569,639,Deaths due to PM2.5,Estimated annual rate (age 30+),"per 100,000 adults",UHF42,103,Fordham - Bronx Pk,2017-2019,2017-01-01,35.0,,2017,1,1,2
827492,651,Cardiovascular hospitalizations due to PM2.5 (age 40+),Estimated annual rate,"per 100,000 adults",UHF42,107,Hunts Point - Mott Haven,2017-2019,2017-01-01,14.0,,2017,1,1,2
828184,652,Cardiac and respiratory deaths due to Ozone,Estimated annual rate,"per 100,000",UHF42,310,Lower Manhattan,2017-2019,2017-01-01,2.0,,2017,1,1,2
828040,655,Asthma hospitalizations due to Ozone,Estimated annual rate (under age 18),"per 100,000 children",UHF42,310,Lower Manhattan,2017-2019,2017-01-01,5.0,,2017,1,1,2
827558,639,Deaths due to PM2.5,Estimated annual rate (age 30+),"per 100,000 adults",UHF42,207,East Flatbush - Flatbush,2017-2019,2017-01-01,34.0,,2017,1,1,2
547624,365,Fine particles (PM 2.5),Mean,mcg/m3,CD,109,Morningside Heights and Hamilton Heights (CD9),Annual Average 2017,2017-01-01,7.97,,2017,1,1,2
827547,639,Deaths due to PM2.5,Estimated annual rate (age 30+),"per 100,000 adults",UHF42,307,Gramercy Park - Murray Hill,2017-2019,2017-01-01,30.0,,2017,1,1,2
828039,655,Asthma hospitalizations due to Ozone,Estimated annual rate (under age 18),"per 100,000 children",UHF42,309,Union Square - Lower East Side,2017-2019,2017-01-01,9.0,,2017,1,1,2
828019,655,Asthma hospitalizations due to Ozone,Estimated annual rate (under age 18),"per 100,000 children",UHF42,107,Hunts Point - Mott Haven,2017-2019,2017-01-01,34.0,,2017,1,1,2
828092,661,Asthma hospitalizations due to Ozone,Estimated annual rate (age 18+),"per 100,000 adults",UHF42,404,Bayside - Little Neck,2017-2019,2017-01-01,0.0,,2017,1,1,2
828060,661,Asthma hospitalizations due to Ozone,Estimated annual rate (age 18+),"per 100,000 adults",Borough,5,Staten Island,2017-2019,2017-01-01,2.0,,2017,1,1,2
550103,375,Nitrogen dioxide (NO2),Mean,ppb,CD,314,Flatbush and Midwood (CD14),Annual Average 2017,2017-01-01,18.32,,2017,1,1,2
828064,661,Asthma hospitalizations due to Ozone,Estimated annual rate (age 18+),"per 100,000 adults",UHF42,104,Pelham - Throgs Neck,2017-2019,2017-01-01,5.0,,2017,1,1,2
547384,365,Fine particles (PM 2.5),Mean,mcg/m3,UHF42,106,High Bridge - Morrisania,Annual Average 2017,2017-01-01,8.16,,2017,1,1,2
828163,652,Cardiac and respiratory deaths due to Ozone,Estimated annual rate,"per 100,000",UHF42,107,Hunts Point - Mott Haven,2017-2019,2017-01-01,4.0,,2017,1,1,2
547633,365,Fine particles (PM 2.5),Mean,mcg/m3,CD,112,Washington Heights and Inwood (CD12),Annual Average 2017,2017-01-01,7.77,,2017,1,1,2
828182,652,Cardiac and respiratory deaths due to Ozone,Estimated annual rate,"per 100,000",UHF42,308,Greenwich Village - SoHo,2017-2019,2017-01-01,3.0,,2017,1,1,2
828170,652,Cardiac and respiratory deaths due to Ozone,Estimated annual rate,"per 100,000",UHF42,207,East Flatbush - Flatbush,2017-2019,2017-01-01,5.0,,2017,1,1,2
828192,652,Cardiac and respiratory deaths due to Ozone,Estimated annual rate,"per 100,000",UHF42,408,Jamaica,2017-2019,2017-01-01,5.0,,2017,1,1,2
828152,652,Cardiac and respiratory deaths due to Ozone,Estimated annual rate,"per 100,000",Borough,1,Bronx,2017-2019,2017-01-01,5.0,,2017,1,1,2
547660,365,Fine particles (PM 2.5),Mean,mcg/m3,CD,209,Parkchester and Soundview (CD9),Annual Average 2017,2017-01-01,7.62,,2017,1,1,2
828027,655,Asthma hospitalizations due to Ozone,Estimated annual rate (under age 18),"per 100,000 children",UHF42,208,Canarsie - Flatlands,2017-2019,2017-01-01,18.0,,2017,1,1,2
828078,661,Asthma hospitalizations due to Ozone,Estimated annual rate (age 18+),"per 100,000 adults",UHF42,211,Williamsburg - Bushwick,2017-2019,2017-01-01,3.0,,2017,1,1,2
827417,657,Asthma emergency department visits due to PM2.5,Estimated annual rate (age 18+),"per 100,000 adults",UHF42,204,East New York,2017-2019,2017-01-01,58.0,,2017,1,1,2
828082,661,Asthma hospitalizations due to Ozone,Estimated annual rate (age 18+),"per 100,000 adults",UHF42,304,Upper West Side,2017-2019,2017-01-01,1.0,,2017,1,1,2
828071,661,Asthma hospitalizations due to Ozone,Estimated annual rate (age 18+),"per 100,000 adults",UHF42,204,East New York,2017-2019,2017-01-01,3.0,,2017,1,1,2
827525,651,Cardiovascular hospitalizations due to PM2.5 (age 40+),Estimated annual rate,"per 100,000 adults",UHF42,502,Stapleton - St. George,2017-2019,2017-01-01,12.0,,2017,1,1,2
827568,639,Deaths due to PM2.5,Estimated annual rate (age 30+),"per 100,000 adults",UHF42,104,Pelham - Throgs Neck,2017-2019,2017-01-01,37.0,,2017,1,1,2
828159,652,Cardiac and respiratory deaths due to Ozone,Estimated annual rate,"per 100,000",UHF42,103,Fordham - Bronx Pk,2017-2019,2017-01-01,4.0,,2017,1,1,2
828025,655,Asthma hospitalizations due to Ozone,Estimated annual rate (under age 18),"per 100,000 children",UHF42,206,Borough Park,2017-2019,2017-01-01,3.0,,2017,1,1,2
828187,652,Cardiac and respiratory deaths due to Ozone,Estimated annual rate,"per 100,000",UHF42,403,Flushing - Clearview,2017-2019,2017-01-01,6.0,,2017,1,1,2
828197,652,Cardiac and respiratory deaths due to Ozone,Estimated annual rate,"per 100,000",UHF42,503,Willowbrook,2017-2019,2017-01-01,7.0,,2017,1,1,2
828179,652,Cardiac and respiratory deaths due to Ozone,Estimated annual rate,"per 100,000",UHF42,305,Upper East Side,2017-2019,2017-01-01,4.0,,2017,1,1,2
550151,375,Nitrogen dioxide (NO2),Mean,ppb,CD,412,Jamaica and Hollis (CD12),Annual Average 2017,2017-01-01,17.79,,2017,1,1,2
547663,365,Fine particles (PM 2.5),Mean,mcg/m3,CD,210,Throgs Neck and Co-op City (CD10),Annual Average 2017,2017-01-01,7.51,,2017,1,1,2
828346,653,Asthma emergency departments visits due to Ozone,Estimated annual rate (under age 18),"per 100,000 children",Borough,3,Manhattan,2017-2019,2017-01-01,92.0,,2017,1,1,2
550097,375,Nitrogen dioxide (NO2),Mean,ppb,CD,312,Borough Park (CD12),Annual Average 2017,2017-01-01,19.03,,2017,1,1,2
827465,648,Asthma emergency department visits due to PM2.5,Estimated annual rate (under age 18),"per 100,000 children",UHF42,204,East New York,2017-2019,2017-01-01,99.0,,2017,1,1,2
827476,648,Asthma emergency department visits due to PM2.5,Estimated annual rate (under age 18),"per 100,000 children",Borough,5,Staten Island,2017-2019,2017-01-01,30.0,,2017,1,1,2
828348,653,Asthma emergency departments visits due to Ozone,Estimated annual rate (under age 18),"per 100,000 children",Borough,5,Staten Island,2017-2019,2017-01-01,43.0,,2017,1,1,2
550166,375,Nitrogen dioxide (NO2),Mean,ppb,CD,503,Tottenville and Great Kills (CD3),Annual Average 2017,2017-01-01,11.64,,2017,1,1,2
828188,652,Cardiac and respiratory deaths due to Ozone,Estimated annual rate,"per 100,000",UHF42,404,Bayside - Little Neck,2017-2019,2017-01-01,5.0,,2017,1,1,2
828037,655,Asthma hospitalizations due to Ozone,Estimated annual rate (under age 18),"per 100,000 children",UHF42,307,Gramercy Park - Murray Hill,2017-2019,2017-01-01,7.0,,2017,1,1,2
547642,365,Fine particles (PM 2.5),Mean,mcg/m3,CD,203,Morrisania and Crotona (CD3),Annual Average 2017,2017-01-01,7.87,,2017,1,1,2
827450,648,Asthma emergency department visits due to PM2.5,Estimated annual rate (under age 18),"per 100,000 children",UHF42,308,Greenwich Village - SoHo,2017-2019,2017-01-01,14.0,,2017,1,1,2
547720,365,Fine particles (PM 2.5),Mean,mcg/m3,CD,317,East Flatbush (CD17),Annual Average 2017,2017-01-01,7.49,,2017,1,1,2
827896,659,Asthma emergency departments visits due to Ozone,Estimated annual rate (age 18+),"per 100,000 adults",UHF42,309,Union Square - Lower East Side,2017-2019,2017-01-01,35.0,,2017,1,1,2
550163,375,Nitrogen dioxide (NO2),Mean,ppb,CD,502,South Beach and Willowbrook (CD2),Annual Average 2017,2017-01-01,13.19,,2017,1,1,2
827885,659,Asthma emergency departments visits due to Ozone,Estimated annual rate (age 18+),"per 100,000 adults",UHF42,209,Bensonhurst - Bay Ridge,2017-2019,2017-01-01,11.0,,2017,1,1,2
549758,375,Nitrogen dioxide (NO2),Mean,ppb,Borough,5,Staten Island,Annual Average 2017,2017-01-01,13.37,,2017,1,1,2
550136,375,Nitrogen dioxide (NO2),Mean,ppb,CD,407,Flushing and Whitestone (CD7),Annual Average 2017,2017-01-01,18.45,,2017,1,1,2
547429,365,Fine particles (PM 2.5),Mean,mcg/m3,UHF42,303,East Harlem,Annual Average 2017,2017-01-01,8.11,,2017,1,1,2
549962,375,Nitrogen dioxide (NO2),Mean,ppb,UHF34,409,Southeast Queens,Annual Average 2017,2017-01-01,16.44,,2017,1,1,2
547771,365,Fine particles (PM 2.5),Mean,mcg/m3,CD,502,South Beach and Willowbrook (CD2),Annual Average 2017,2017-01-01,6.89,,2017,1,1,2
547717,365,Fine particles (PM 2.5),Mean,mcg/m3,CD,316,Brownsville (CD16),Annual Average 2017,2017-01-01,7.62,,2017,1,1,2
547708,365,Fine particles (PM 2.5),Mean,mcg/m3,CD,313,Coney Island (CD13),Annual Average 2017,2017-01-01,6.79,,2017,1,1,2
828173,652,Cardiac and respiratory deaths due to Ozone,Estimated annual rate,"per 100,000",UHF42,210,Coney Island - Sheepshead Bay,2017-2019,2017-01-01,8.0,,2017,1,1,2
549956,375,Nitrogen dioxide (NO2),Mean,ppb,UHF34,407,Southwest Queens,Annual Average 2017,2017-01-01,17.95,,2017,1,1,2
828169,652,Cardiac and respiratory deaths due to Ozone,Estimated annual rate,"per 100,000",UHF42,206,Borough Park,2017-2019,2017-01-01,5.0,,2017,1,1,2
828183,652,Cardiac and respiratory deaths due to Ozone,Estimated annual rate,"per 100,000",UHF42,309,Union Square - Lower East Side,2017-2019,2017-01-01,5.0,,2017,1,1,2
827859,653,Asthma emergency departments visits due to Ozone,Estimated annual rate (under age 18),"per 100,000 children",UHF42,410,Rockaways,2017-2019,2017-01-01,68.0,,2017,1,1,2
828049,655,Asthma hospitalizations due to Ozone,Estimated annual rate (under age 18),"per 100,000 children",UHF42,409,Southeast Queens,2017-2019,2017-01-01,13.0,,2017,1,1,2
827897,659,Asthma emergency departments visits due to Ozone,Estimated annual rate (age 18+),"per 100,000 adults",UHF42,310,Lower Manhattan,2017-2019,2017-01-01,23.0,,2017,1,1,2
828172,652,Cardiac and respiratory deaths due to Ozone,Estimated annual rate,"per 100,000",UHF42,209,Bensonhurst - Bay Ridge,2017-2019,2017-01-01,5.0,,2017,1,1,2
547657,365,Fine particles (PM 2.5),Mean,mcg/m3,CD,208,Riverdale and Fieldston (CD8),Annual Average 2017,2017-01-01,7.4,,2017,1,1,2
827572,639,Deaths due to PM2.5,Estimated annual rate (age 30+),"per 100,000 adults",Borough,5,Staten Island,2017-2019,2017-01-01,43.0,,2017,1,1,2
827561,639,Deaths due to PM2.5,Estimated annual rate (age 30+),"per 100,000 adults",UHF42,204,East New York,2017-2019,2017-01-01,34.0,,2017,1,1,2
827550,639,Deaths due to PM2.5,Estimated annual rate (age 30+),"per 100,000 adults",UHF42,304,Upper West Side,2017-2019,2017-01-01,35.0,,2017,1,1,2
827462,648,Asthma emergency department visits due to PM2.5,Estimated annual rate (under age 18),"per 100,000 children",UHF42,207,East Flatbush - Flatbush,2017-2019,2017-01-01,75.0,,2017,1,1,2
547756,365,Fine particles (PM 2.5),Mean,mcg/m3,CD,411,Bayside and Little Neck (CD11),Annual Average 2017,2017-01-01,7.01,,2017,1,1,2
828157,652,Cardiac and respiratory deaths due to Ozone,Estimated annual rate,"per 100,000",UHF42,101,Kingsbridge - Riverdale,2017-2019,2017-01-01,8.0,,2017,1,1,2
827505,651,Cardiovascular hospitalizations due to PM2.5 (age 40+),Estimated annual rate,"per 100,000 adults",UHF42,302,Central Harlem - Morningside Heights,2017-2019,2017-01-01,11.0,,2017,1,1,2
547768,365,Fine particles (PM 2.5),Mean,mcg/m3,CD,501,St. George and Stapleton (CD1),Annual Average 2017,2017-01-01,7.03,,2017,1,1,2
827835,653,Asthma emergency departments visits due to Ozone,Estimated annual rate (under age 18),"per 100,000 children",UHF42,207,East Flatbush - Flatbush,2017-2019,2017-01-01,101.0,,2017,1,1,2
550088,375,Nitrogen dioxide (NO2),Mean,ppb,CD,309,South Crown Heights and Lefferts Gardens (CD9),Annual Average 2017,2017-01-01,19.95,,2017,1,1,2
827419,657,Asthma emergency department visits due to PM2.5,Estimated annual rate (age 18+),"per 100,000 adults",UHF42,202,Downtown - Heights - Slope,2017-2019,2017-01-01,23.0,,2017,1,1,2
549971,375,Nitrogen dioxide (NO2),Mean,ppb,UHF34,306308,Chelsea-Village,Annual Average 2017,2017-01-01,27.51,,2017,1,1,2
827567,639,Deaths due to PM2.5,Estimated annual rate (age 30+),"per 100,000 adults",UHF42,105,Crotona -Tremont,2017-2019,2017-01-01,34.0,,2017,1,1,2
547750,365,Fine particles (PM 2.5),Mean,mcg/m3,CD,409,Kew Gardens and Woodhaven (CD9),Annual Average 2017,2017-01-01,7.16,,2017,1,1,2
827544,639,Deaths due to PM2.5,Estimated annual rate (age 30+),"per 100,000 adults",UHF42,310,Lower Manhattan,2017-2019,2017-01-01,23.0,,2017,1,1,2
827556,639,Deaths due to PM2.5,Estimated annual rate (age 30+),"per 100,000 adults",UHF42,209,Bensonhurst - Bay Ridge,2017-2019,2017-01-01,36.0,,2017,1,1,2
547606,365,Fine particles (PM 2.5),Mean,mcg/m3,CD,103,Lower East Side and Chinatown (CD3),Annual Average 2017,2017-01-01,8.4,,2017,1,1,2
828013,655,Asthma hospitalizations due to Ozone,Estimated annual rate (under age 18),"per 100,000 children",UHF42,101,Kingsbridge - Riverdale,2017-2019,2017-01-01,14.0,,2017,1,1,2
547774,365,Fine particles (PM 2.5),Mean,mcg/m3,CD,503,Tottenville and Great Kills (CD3),Annual Average 2017,2017-01-01,6.6,,2017,1,1,2
549968,375,Nitrogen dioxide (NO2),Mean,ppb,UHF34,305307,Upper East Side-Gramercy,Annual Average 2017,2017-01-01,27.51,,2017,1,1,2
549806,375,Nitrogen dioxide (NO2),Mean,ppb,UHF42,209,Bensonhurst - Bay Ridge,Annual Average 2017,2017-01-01,17.69,,2017,1,1,2
828186,652,Cardiac and respiratory deaths due to Ozone,Estimated annual rate,"per 100,000",UHF42,402,West Queens,2017-2019,2017-01-01,4.0,,2017,1,1,2
827878,659,Asthma emergency departments visits due to Ozone,Estimated annual rate (age 18+),"per 100,000 adults",UHF42,202,Downtown - Heights - Slope,2017-2019,2017-01-01,31.0,,2017,1,1,2
547426,365,Fine particles (PM 2.5),Mean,mcg/m3,UHF42,302,Central Harlem - Morningside Heights,Annual Average 2017,2017-01-01,7.93,,2017,1,1,2
547600,365,Fine particles (PM 2.5),Mean,mcg/m3,CD,101,Financial District (CD1),Annual Average 2017,2017-01-01,9.04,,2017,1,1,2
827434,648,Asthma emergency department visits due to PM2.5,Estimated annual rate (under age 18),"per 100,000 children",UHF42,504,South Beach - Tottenville,2017-2019,2017-01-01,11.0,,2017,1,1,2
827536,639,Deaths due to PM2.5,Estimated annual rate (age 30+),"per 100,000 adults",UHF42,408,Jamaica,2017-2019,2017-01-01,28.0,,2017,1,1,2
549839,375,Nitrogen dioxide (NO2),Mean,ppb,UHF42,309,Union Square - Lower East Side,Annual Average 2017,2017-01-01,24.2,,2017,1,1,2
827613,650,Respiratory hospitalizations due to PM2.5 (age 20+),Estimated annual rate,"per 100,000 adults",UHF42,404,Bayside - Little Neck,2017-2019,2017-01-01,2.0,,2017,1,1,2
547447,365,Fine particles (PM 2.5),Mean,mcg/m3,UHF42,309,Union Square - Lower East Side,Annual Average 2017,2017-01-01,8.52,,2017,1,1,2
549872,375,Nitrogen dioxide (NO2),Mean,ppb,UHF42,410,Rockaways,Annual Average 2017,2017-01-01,12.66,,2017,1,1,2
547627,365,Fine particles (PM 2.5),Mean,mcg/m3,CD,110,Central Harlem (CD10),Annual Average 2017,2017-01-01,7.88,,2017,1,1,2
550082,375,Nitrogen dioxide (NO2),Mean,ppb,CD,307,Sunset Park (CD7),Annual Average 2017,2017-01-01,18.96,,2017,1,1,2
547675,365,Fine particles (PM 2.5),Mean,mcg/m3,CD,302,Fort Greene and Brooklyn Heights (CD2),Annual Average 2017,2017-01-01,8.29,,2017,1,1,2
827838,653,Asthma emergency departments visits due to Ozone,Estimated annual rate (under age 18),"per 100,000 children",UHF42,210,Coney Island - Sheepshead Bay,2017-2019,2017-01-01,41.0,,2017,1,1,2
827414,657,Asthma emergency department visits due to PM2.5,Estimated annual rate (age 18+),"per 100,000 adults",UHF42,207,East Flatbush - Flatbush,2017-2019,2017-01-01,37.0,,2017,1,1,2
827402,657,Asthma emergency department visits due to PM2.5,Estimated annual rate (age 18+),"per 100,000 adults",UHF42,308,Greenwich Village - SoHo,2017-2019,2017-01-01,6.0,,2017,1,1,2
549767,375,Nitrogen dioxide (NO2),Mean,ppb,UHF42,103,Fordham - Bronx Pk,Annual Average 2017,2017-01-01,19.15,,2017,1,1,2
549983,375,Nitrogen dioxide (NO2),Mean,ppb,UHF34,503504,Southern SI,Annual Average 2017,2017-01-01,12.5,,2017,1,1,2
827423,657,Asthma emergency department visits due to PM2.5,Estimated annual rate (age 18+),"per 100,000 adults",UHF42,105,Crotona -Tremont,2017-2019,2017-01-01,67.0,,2017,1,1,2
828017,655,Asthma hospitalizations due to Ozone,Estimated annual rate (under age 18),"per 100,000 children",UHF42,105,Crotona -Tremont,2017-2019,2017-01-01,28.0,,2017,1,1,2
827395,657,Asthma emergency department visits due to PM2.5,Estimated annual rate (age 18+),"per 100,000 adults",UHF42,405,Ridgewood - Forest Hills,2017-2019,2017-01-01,9.0,,2017,1,1,2
828043,655,Asthma hospitalizations due to Ozone,Estimated annual rate (under age 18),"per 100,000 children",UHF42,403,Flushing - Clearview,2017-2019,2017-01-01,10.0,,2017,1,1,2
827852,653,Asthma emergency departments visits due to Ozone,Estimated annual rate (under age 18),"per 100,000 children",UHF42,403,Flushing - Clearview,2017-2019,2017-01-01,39.0,,2017,1,1,2
827862,653,Asthma emergency departments visits due to Ozone,Estimated annual rate (under age 18),"per 100,000 children",UHF42,503,Willowbrook,2017-2019,2017-01-01,22.0,,2017,1,1,2
828053,655,Asthma hospitalizations due to Ozone,Estimated annual rate (under age 18),"per 100,000 children",UHF42,503,Willowbrook,2017-2019,2017-01-01,6.0,,2017,1,1,2
827848,653,Asthma emergency departments visits due to Ozone,Estimated annual rate (under age 18),"per 100,000 children",UHF42,309,Union Square - Lower East Side,2017-2019,2017-01-01,105.0,,2017,1,1,2
547669,365,Fine particles (PM 2.5),Mean,mcg/m3,CD,212,Williamsbridge and Baychester (CD12),Annual Average 2017,2017-01-01,7.37,,2017,1,1,2
827585,650,Respiratory hospitalizations due to PM2.5 (age 20+),Estimated annual rate,"per 100,000 adults",UHF42,104,Pelham - Throgs Neck,2017-2019,2017-01-01,10.0,,2017,1,1,2
827599,650,Respiratory hospitalizations due to PM2.5 (age 20+),Estimated annual rate,"per 100,000 adults",UHF42,211,Williamsburg - Bushwick,2017-2019,2017-01-01,8.0,,2017,1,1,2
547579,365,Fine particles (PM 2.5),Mean,mcg/m3,UHF34,306308,Chelsea-Village,Annual Average 2017,2017-01-01,9.61,,2017,1,1,2
547576,365,Fine particles (PM 2.5),Mean,mcg/m3,UHF34,305307,Upper East Side-Gramercy,Annual Average 2017,2017-01-01,9.54,,2017,1,1,2
827603,650,Respiratory hospitalizations due to PM2.5 (age 20+),Estimated annual rate,"per 100,000 adults",UHF42,304,Upper West Side,2017-2019,2017-01-01,5.0,,2017,1,1,2
828178,652,Cardiac and respiratory deaths due to Ozone,Estimated annual rate,"per 100,000",UHF42,304,Upper West Side,2017-2019,2017-01-01,5.0,,2017,1,1,2
828156,652,Cardiac and respiratory deaths due to Ozone,Estimated annual rate,"per 100,000",Borough,5,Staten Island,2017-2019,2017-01-01,7.0,,2017,1,1,2
827427,657,Asthma emergency department visits due to PM2.5,Estimated annual rate (age 18+),"per 100,000 adults",UHF42,101,Kingsbridge - Riverdale,2017-2019,2017-01-01,16.0,,2017,1,1,2
827399,657,Asthma emergency department visits due to PM2.5,Estimated annual rate (age 18+),"per 100,000 adults",UHF42,401,Long Island City - Astoria,2017-2019,2017-01-01,16.0,,2017,1,1,2
549755,375,Nitrogen dioxide (NO2),Mean,ppb,Borough,4,Queens,Annual Average 2017,2017-01-01,17.85,,2017,1,1,2
547396,365,Fine particles (PM 2.5),Mean,mcg/m3,UHF42,203,Bedford Stuyvesant - Crown Heights,Annual Average 2017,2017-01-01,7.53,,2017,1,1,2
547435,365,Fine particles (PM 2.5),Mean,mcg/m3,UHF42,305,Upper East Side,Annual Average 2017,2017-01-01,8.85,,2017,1,1,2
549827,375,Nitrogen dioxide (NO2),Mean,ppb,UHF42,305,Upper East Side,Annual Average 2017,2017-01-01,25.04,,2017,1,1,2
827430,657,Asthma emergency department visits due to PM2.5,Estimated annual rate (age 18+),"per 100,000 adults",Borough,3,Manhattan,2017-2019,2017-01-01,28.0,,2017,1,1,2
827401,657,Asthma emergency department visits due to PM2.5,Estimated annual rate (age 18+),"per 100,000 adults",UHF42,309,Union Square - Lower East Side,2017-2019,2017-01-01,29.0,,2017,1,1,2
827400,657,Asthma emergency department visits due to PM2.5,Estimated annual rate (age 18+),"per 100,000 adults",UHF42,310,Lower Manhattan,2017-2019,2017-01-01,18.0,,2017,1,1,2
547375,365,Fine particles (PM 2.5),Mean,mcg/m3,UHF42,103,Fordham - Bronx Pk,Annual Average 2017,2017-01-01,7.52,,2017,1,1,2
547591,365,Fine particles (PM 2.5),Mean,mcg/m3,UHF34,503504,Southern SI,Annual Average 2017,2017-01-01,6.76,,2017,1,1,2
827498,651,Cardiovascular hospitalizations due to PM2.5 (age 40+),Estimated annual rate,"per 100,000 adults",UHF42,206,Borough Park,2017-2019,2017-01-01,10.0,,2017,1,1,2
827840,653,Asthma emergency departments visits due to Ozone,Estimated annual rate (under age 18),"per 100,000 children",UHF42,301,Washington Heights,2017-2019,2017-01-01,82.0,,2017,1,1,2
549800,375,Nitrogen dioxide (NO2),Mean,ppb,UHF42,207,East Flatbush - Flatbush,Annual Average 2017,2017-01-01,18.83,,2017,1,1,2
549920,375,Nitrogen dioxide (NO2),Mean,ppb,UHF34,208,Canarsie - Flatlands,Annual Average 2017,2017-01-01,15.64,,2017,1,1,2
827581,650,Respiratory hospitalizations due to PM2.5 (age 20+),Estimated annual rate,"per 100,000 adults",Borough,5,Staten Island,2017-2019,2017-01-01,10.0,,2017,1,1,2
547471,365,Fine particles (PM 2.5),Mean,mcg/m3,UHF42,407,Southwest Queens,Annual Average 2017,2017-01-01,6.94,,2017,1,1,2
827602,650,Respiratory hospitalizations due to PM2.5 (age 20+),Estimated annual rate,"per 100,000 adults",UHF42,303,East Harlem,2017-2019,2017-01-01,10.0,,2017,1,1,2
827591,650,Respiratory hospitalizations due to PM2.5 (age 20+),Estimated annual rate,"per 100,000 adults",UHF42,203,Bedford Stuyvesant - Crown Heights,2017-2019,2017-01-01,8.0,,2017,1,1,2
550028,375,Nitrogen dioxide (NO2),Mean,ppb,CD,201,Mott Haven and Melrose (CD1),Annual Average 2017,2017-01-01,21.25,,2017,1,1,2
549824,375,Nitrogen dioxide (NO2),Mean,ppb,UHF42,304,Upper West Side,Annual Average 2017,2017-01-01,23.39,,2017,1,1,2
547438,365,Fine particles (PM 2.5),Mean,mcg/m3,UHF42,306,Chelsea - Clinton,Annual Average 2017,2017-01-01,9.91,,2017,1,1,2
547372,365,Fine particles (PM 2.5),Mean,mcg/m3,UHF42,102,Northeast Bronx,Annual Average 2017,2017-01-01,7.46,,2017,1,1,2
550079,375,Nitrogen dioxide (NO2),Mean,ppb,CD,306,Park Slope and Carroll Gardens (CD6),Annual Average 2017,2017-01-01,20.62,,2017,1,1,2
827592,650,Respiratory hospitalizations due to PM2.5 (age 20+),Estimated annual rate,"per 100,000 adults",UHF42,204,East New York,2017-2019,2017-01-01,9.0,,2017,1,1,2
827499,651,Cardiovascular hospitalizations due to PM2.5 (age 40+),Estimated annual rate,"per 100,000 adults",UHF42,207,East Flatbush - Flatbush,2017-2019,2017-01-01,11.0,,2017,1,1,2
827520,651,Cardiovascular hospitalizations due to PM2.5 (age 40+),Estimated annual rate,"per 100,000 adults",UHF42,407,Southwest Queens,2017-2019,2017-01-01,10.0,,2017,1,1,2
549752,375,Nitrogen dioxide (NO2),Mean,ppb,Borough,3,Manhattan,Annual Average 2017,2017-01-01,24.55,,2017,1,1,2
550043,375,Nitrogen dioxide (NO2),Mean,ppb,CD,206,Belmont and East Tremont (CD6),Annual Average 2017,2017-01-01,20.72,,2017,1,1,2
550049,375,Nitrogen dioxide (NO2),Mean,ppb,CD,208,Riverdale and Fieldston (CD8),Annual Average 2017,2017-01-01,17.3,,2017,1,1,2
549986,375,Nitrogen dioxide (NO2),Mean,ppb,UHF34,105106107,South Bronx,Annual Average 2017,2017-01-01,20.97,,2017,1,1,2
549959,375,Nitrogen dioxide (NO2),Mean,ppb,UHF34,408,Jamaica,Annual Average 2017,2017-01-01,17.69,,2017,1,1,2
549812,375,Nitrogen dioxide (NO2),Mean,ppb,UHF42,211,Williamsburg - Bushwick,Annual Average 2017,2017-01-01,20.69,,2017,1,1,2
547534,365,Fine particles (PM 2.5),Mean,mcg/m3,UHF34,210,Coney Island - Sheepshead Bay,Annual Average 2017,2017-01-01,6.83,,2017,1,1,2
547588,365,Fine particles (PM 2.5),Mean,mcg/m3,UHF34,501502,Northern SI,Annual Average 2017,2017-01-01,6.94,,2017,1,1,2
547582,365,Fine particles (PM 2.5),Mean,mcg/m3,UHF34,309310,Union Square-Lower Manhattan,Annual Average 2017,2017-01-01,8.68,,2017,1,1,2
547468,365,Fine particles (PM 2.5),Mean,mcg/m3,UHF42,406,Fresh Meadows,Annual Average 2017,2017-01-01,7.05,,2017,1,1,2
547639,365,Fine particles (PM 2.5),Mean,mcg/m3,CD,202,Hunts Point and Longwood (CD2),Annual Average 2017,2017-01-01,8.49,,2017,1,1,2
547546,365,Fine particles (PM 2.5),Mean,mcg/m3,UHF34,303,East Harlem,Annual Average 2017,2017-01-01,8.11,,2017,1,1,2
827473,648,Asthma emergency department visits due to PM2.5,Estimated annual rate (under age 18),"per 100,000 children",UHF42,103,Fordham - Bronx Pk,2017-2019,2017-01-01,112.0,,2017,1,1,2
549818,375,Nitrogen dioxide (NO2),Mean,ppb,UHF42,302,Central Harlem - Morningside Heights,Annual Average 2017,2017-01-01,22.64,,2017,1,1,2
827605,650,Respiratory hospitalizations due to PM2.5 (age 20+),Estimated annual rate,"per 100,000 adults",UHF42,306,Chelsea - Clinton,2017-2019,2017-01-01,4.0,,2017,1,1,2
827517,651,Cardiovascular hospitalizations due to PM2.5 (age 40+),Estimated annual rate,"per 100,000 adults",UHF42,404,Bayside - Little Neck,2017-2019,2017-01-01,3.0,,2017,1,1,2
827442,648,Asthma emergency department visits due to PM2.5,Estimated annual rate (under age 18),"per 100,000 children",UHF42,406,Fresh Meadows,2017-2019,2017-01-01,34.0,,2017,1,1,2
827456,648,Asthma emergency department visits due to PM2.5,Estimated annual rate (under age 18),"per 100,000 children",UHF42,302,Central Harlem - Morningside Heights,2017-2019,2017-01-01,138.0,,2017,1,1,2
547363,365,Fine particles (PM 2.5),Mean,mcg/m3,Borough,4,Queens,Annual Average 2017,2017-01-01,7.19,,2017,1,1,2
547645,365,Fine particles (PM 2.5),Mean,mcg/m3,CD,204,Highbridge and Concourse (CD4),Annual Average 2017,2017-01-01,8.25,,2017,1,1,2
827496,651,Cardiovascular hospitalizations due to PM2.5 (age 40+),Estimated annual rate,"per 100,000 adults",UHF42,204,East New York,2017-2019,2017-01-01,13.0,,2017,1,1,2
827485,651,Cardiovascular hospitalizations due to PM2.5 (age 40+),Estimated annual rate,"per 100,000 adults",Borough,5,Staten Island,2017-2019,2017-01-01,11.0,,2017,1,1,2
547441,365,Fine particles (PM 2.5),Mean,mcg/m3,UHF42,307,Gramercy Park - Murray Hill,Annual Average 2017,2017-01-01,10.33,,2017,1,1,2
827489,651,Cardiovascular hospitalizations due to PM2.5 (age 40+),Estimated annual rate,"per 100,000 adults",UHF42,104,Pelham - Throgs Neck,2017-2019,2017-01-01,11.0,,2017,1,1,2
547507,365,Fine particles (PM 2.5),Mean,mcg/m3,UHF34,201,Greenpoint,Annual Average 2017,2017-01-01,8.98,,2017,1,1,2
547498,365,Fine particles (PM 2.5),Mean,mcg/m3,UHF34,102,Northeast Bronx,Annual Average 2017,2017-01-01,7.46,,2017,1,1,2
827471,648,Asthma emergency department visits due to PM2.5,Estimated annual rate (under age 18),"per 100,000 children",UHF42,105,Crotona -Tremont,2017-2019,2017-01-01,119.0,,2017,1,1,2
549764,375,Nitrogen dioxide (NO2),Mean,ppb,UHF42,102,Northeast Bronx,Annual Average 2017,2017-01-01,18.87,,2017,1,1,2
827891,659,Asthma emergency departments visits due to Ozone,Estimated annual rate (age 18+),"per 100,000 adults",UHF42,304,Upper West Side,2017-2019,2017-01-01,26.0,,2017,1,1,2
827869,659,Asthma emergency departments visits due to Ozone,Estimated annual rate (age 18+),"per 100,000 adults",Borough,5,Staten Island,2017-2019,2017-01-01,28.0,,2017,1,1,2
549785,375,Nitrogen dioxide (NO2),Mean,ppb,UHF42,202,Downtown - Heights - Slope,Annual Average 2017,2017-01-01,21.12,,2017,1,1,2
547666,365,Fine particles (PM 2.5),Mean,mcg/m3,CD,211,Morris Park and Bronxdale (CD11),Annual Average 2017,2017-01-01,7.39,,2017,1,1,2
547630,365,Fine particles (PM 2.5),Mean,mcg/m3,CD,111,East Harlem (CD11),Annual Average 2017,2017-01-01,8.09,,2017,1,1,2
827857,653,Asthma emergency departments visits due to Ozone,Estimated annual rate (under age 18),"per 100,000 children",UHF42,408,Jamaica,2017-2019,2017-01-01,93.0,,2017,1,1,2
827422,657,Asthma emergency department visits due to PM2.5,Estimated annual rate (age 18+),"per 100,000 adults",UHF42,106,High Bridge - Morrisania,2017-2019,2017-01-01,78.0,,2017,1,1,2
827493,651,Cardiovascular hospitalizations due to PM2.5 (age 40+),Estimated annual rate,"per 100,000 adults",UHF42,201,Greenpoint,2017-2019,2017-01-01,8.0,,2017,1,1,2
547423,365,Fine particles (PM 2.5),Mean,mcg/m3,UHF42,301,Washington Heights,Annual Average 2017,2017-01-01,7.79,,2017,1,1,2
828018,655,Asthma hospitalizations due to Ozone,Estimated annual rate (under age 18),"per 100,000 children",UHF42,106,High Bridge - Morrisania,2017-2019,2017-01-01,26.0,,2017,1,1,2
828052,655,Asthma hospitalizations due to Ozone,Estimated annual rate (under age 18),"per 100,000 children",UHF42,502,Stapleton - St. George,2017-2019,2017-01-01,16.0,,2017,1,1,2
547456,365,Fine particles (PM 2.5),Mean,mcg/m3,UHF42,402,West Queens,Annual Average 2017,2017-01-01,7.93,,2017,1,1,2
827579,650,Respiratory hospitalizations due to PM2.5 (age 20+),Estimated annual rate,"per 100,000 adults",Borough,3,Manhattan,2017-2019,2017-01-01,6.0,,2017,1,1,2
827594,650,Respiratory hospitalizations due to PM2.5 (age 20+),Estimated annual rate,"per 100,000 adults",UHF42,206,Borough Park,2017-2019,2017-01-01,6.0,,2017,1,1,2
827523,651,Cardiovascular hospitalizations due to PM2.5 (age 40+),Estimated annual rate,"per 100,000 adults",UHF42,410,Rockaways,2017-2019,2017-01-01,9.0,,2017,1,1,2
827512,651,Cardiovascular hospitalizations due to PM2.5 (age 40+),Estimated annual rate,"per 100,000 adults",UHF42,309,Union Square - Lower East Side,2017-2019,2017-01-01,10.0,,2017,1,1,2
827511,651,Cardiovascular hospitalizations due to PM2.5 (age 40+),Estimated annual rate,"per 100,000 adults",UHF42,308,Greenwich Village - SoHo,2017-2019,2017-01-01,5.0,,2017,1,1,2
547474,365,Fine particles (PM 2.5),Mean,mcg/m3,UHF42,408,Jamaica,Annual Average 2017,2017-01-01,7.08,,2017,1,1,2
827858,653,Asthma emergency departments visits due to Ozone,Estimated annual rate (under age 18),"per 100,000 children",UHF42,409,Southeast Queens,2017-2019,2017-01-01,55.0,,2017,1,1,2
547570,365,Fine particles (PM 2.5),Mean,mcg/m3,UHF34,409,Southeast Queens,Annual Average 2017,2017-01-01,6.75,,2017,1,1,2
827615,650,Respiratory hospitalizations due to PM2.5 (age 20+),Estimated annual rate,"per 100,000 adults",UHF42,406,Fresh Meadows,2017-2019,2017-01-01,5.0,,2017,1,1,2
827880,659,Asthma emergency departments visits due to Ozone,Estimated annual rate (age 18+),"per 100,000 adults",UHF42,204,East New York,2017-2019,2017-01-01,86.0,,2017,1,1,2
827901,659,Asthma emergency departments visits due to Ozone,Estimated annual rate (age 18+),"per 100,000 adults",UHF42,404,Bayside - Little Neck,2017-2019,2017-01-01,4.0,,2017,1,1,2
827861,653,Asthma emergency departments visits due to Ozone,Estimated annual rate (under age 18),"per 100,000 children",UHF42,502,Stapleton - St. George,2017-2019,2017-01-01,73.0,,2017,1,1,2
550130,375,Nitrogen dioxide (NO2),Mean,ppb,CD,405,Ridgewood and Maspeth (CD5),Annual Average 2017,2017-01-01,18.8,,2017,1,1,2
827491,651,Cardiovascular hospitalizations due to PM2.5 (age 40+),Estimated annual rate,"per 100,000 adults",UHF42,106,High Bridge - Morrisania,2017-2019,2017-01-01,13.0,,2017,1,1,2
827501,651,Cardiovascular hospitalizations due to PM2.5 (age 40+),Estimated annual rate,"per 100,000 adults",UHF42,209,Bensonhurst - Bay Ridge,2017-2019,2017-01-01,9.0,,2017,1,1,2
547420,365,Fine particles (PM 2.5),Mean,mcg/m3,UHF42,211,Williamsburg - Bushwick,Annual Average 2017,2017-01-01,8.22,,2017,1,1,2
547366,365,Fine particles (PM 2.5),Mean,mcg/m3,Borough,5,Staten Island,Annual Average 2017,2017-01-01,6.81,,2017,1,1,2
549905,375,Nitrogen dioxide (NO2),Mean,ppb,UHF34,203,Bedford Stuyvesant - Crown Heights,Annual Average 2017,2017-01-01,20.08,,2017,1,1,2
827846,653,Asthma emergency departments visits due to Ozone,Estimated annual rate (under age 18),"per 100,000 children",UHF42,307,Gramercy Park - Murray Hill,2017-2019,2017-01-01,46.0,,2017,1,1,2
827847,653,Asthma emergency departments visits due to Ozone,Estimated annual rate (under age 18),"per 100,000 children",UHF42,308,Greenwich Village - SoHo,2017-2019,2017-01-01,18.0,,2017,1,1,2
828038,655,Asthma hospitalizations due to Ozone,Estimated annual rate (under age 18),"per 100,000 children",UHF42,308,Greenwich Village - SoHo,2017-2019,2017-01-01,2.0,,2017,1,1,2
828058,661,Asthma hospitalizations due to Ozone,Estimated annual rate (age 18+),"per 100,000 adults",Borough,3,Manhattan,2017-2019,2017-01-01,2.0,,2017,1,1,2
550067,375,Nitrogen dioxide (NO2),Mean,ppb,CD,302,Fort Greene and Brooklyn Heights (CD2),Annual Average 2017,2017-01-01,21.66,,2017,1,1,2
828088,661,Asthma hospitalizations due to Ozone,Estimated annual rate (age 18+),"per 100,000 adults",UHF42,310,Lower Manhattan,2017-2019,2017-01-01,1.0,,2017,1,1,2
547519,365,Fine particles (PM 2.5),Mean,mcg/m3,UHF34,205,Sunset Park,Annual Average 2017,2017-01-01,8.09,,2017,1,1,2
549989,375,Nitrogen dioxide (NO2),Mean,ppb,Citywide,1,New York City,Annual Average 2017,2017-01-01,17.77,,2017,1,1,2
547738,365,Fine particles (PM 2.5),Mean,mcg/m3,CD,405,Ridgewood and Maspeth (CD5),Annual Average 2017,2017-01-01,7.67,,2017,1,1,2
549992,375,Nitrogen dioxide (NO2),Mean,ppb,CD,101,Financial District (CD1),Annual Average 2017,2017-01-01,25.94,,2017,1,1,2
550031,375,Nitrogen dioxide (NO2),Mean,ppb,CD,202,Hunts Point and Longwood (CD2),Annual Average 2017,2017-01-01,20.3,,2017,1,1,2
547603,365,Fine particles (PM 2.5),Mean,mcg/m3,CD,102,Greenwich Village and Soho (CD2),Annual Average 2017,2017-01-01,9.04,,2017,1,1,2
827507,651,Cardiovascular hospitalizations due to PM2.5 (age 40+),Estimated annual rate,"per 100,000 adults",UHF42,304,Upper West Side,2017-2019,2017-01-01,8.0,,2017,1,1,2
827503,651,Cardiovascular hospitalizations due to PM2.5 (age 40+),Estimated annual rate,"per 100,000 adults",UHF42,211,Williamsburg - Bushwick,2017-2019,2017-01-01,12.0,,2017,1,1,2
547609,365,Fine particles (PM 2.5),Mean,mcg/m3,CD,104,Clinton and Chelsea (CD4),Annual Average 2017,2017-01-01,9.36,,2017,1,1,2
827518,651,Cardiovascular hospitalizations due to PM2.5 (age 40+),Estimated annual rate,"per 100,000 adults",UHF42,405,Ridgewood - Forest Hills,2017-2019,2017-01-01,7.0,,2017,1,1,2
827600,650,Respiratory hospitalizations due to PM2.5 (age 20+),Estimated annual rate,"per 100,000 adults",UHF42,301,Washington Heights,2017-2019,2017-01-01,6.0,,2017,1,1,2
827490,651,Cardiovascular hospitalizations due to PM2.5 (age 40+),Estimated annual rate,"per 100,000 adults",UHF42,105,Crotona -Tremont,2017-2019,2017-01-01,13.0,,2017,1,1,2
547726,365,Fine particles (PM 2.5),Mean,mcg/m3,CD,401,Long Island City and Astoria (CD1),Annual Average 2017,2017-01-01,7.69,,2017,1,1,2
547681,365,Fine particles (PM 2.5),Mean,mcg/m3,CD,304,Bushwick (CD4),Annual Average 2017,2017-01-01,7.66,,2017,1,1,2
828175,652,Cardiac and respiratory deaths due to Ozone,Estimated annual rate,"per 100,000",UHF42,301,Washington Heights,2017-2019,2017-01-01,4.0,,2017,1,1,2
547387,365,Fine particles (PM 2.5),Mean,mcg/m3,UHF42,107,Hunts Point - Mott Haven,Annual Average 2017,2017-01-01,8.26,,2017,1,1,2
828164,652,Cardiac and respiratory deaths due to Ozone,Estimated annual rate,"per 100,000",UHF42,201,Greenpoint,2017-2019,2017-01-01,4.0,,2017,1,1,2
828195,652,Cardiac and respiratory deaths due to Ozone,Estimated annual rate,"per 100,000",UHF42,501,Port Richmond,2017-2019,2017-01-01,5.0,,2017,1,1,2
547495,365,Fine particles (PM 2.5),Mean,mcg/m3,UHF34,101,Kingsbridge - Riverdale,Annual Average 2017,2017-01-01,7.41,,2017,1,1,2
828185,652,Cardiac and respiratory deaths due to Ozone,Estimated annual rate,"per 100,000",UHF42,401,Long Island City - Astoria,2017-2019,2017-01-01,4.0,,2017,1,1,2
827528,651,Cardiovascular hospitalizations due to PM2.5 (age 40+),Estimated annual rate,"per 100,000 adults",Citywide,1,New York City,2017-2019,2017-01-01,10.0,,2017,1,1,2
827624,650,Respiratory hospitalizations due to PM2.5 (age 20+),Estimated annual rate,"per 100,000 adults",Citywide,1,New York City,2017-2019,2017-01-01,7.0,,2017,1,1,2
549746,375,Nitrogen dioxide (NO2),Mean,ppb,Borough,1,Bronx,Annual Average 2017,2017-01-01,19.35,,2017,1,1,2
827907,659,Asthma emergency departments visits due to Ozone,Estimated annual rate (age 18+),"per 100,000 adults",UHF42,410,Rockaways,2017-2019,2017-01-01,52.0,,2017,1,1,2
547567,365,Fine particles (PM 2.5),Mean,mcg/m3,UHF34,408,Jamaica,Annual Average 2017,2017-01-01,7.08,,2017,1,1,2
547528,365,Fine particles (PM 2.5),Mean,mcg/m3,UHF34,208,Canarsie - Flatlands,Annual Average 2017,2017-01-01,7.02,,2017,1,1,2
547636,365,Fine particles (PM 2.5),Mean,mcg/m3,CD,201,Mott Haven and Melrose (CD1),Annual Average 2017,2017-01-01,8.54,,2017,1,1,2
547555,365,Fine particles (PM 2.5),Mean,mcg/m3,UHF34,402,West Queens,Annual Average 2017,2017-01-01,7.93,,2017,1,1,2
549911,375,Nitrogen dioxide (NO2),Mean,ppb,UHF34,205,Sunset Park,Annual Average 2017,2017-01-01,18.87,,2017,1,1,2
547537,365,Fine particles (PM 2.5),Mean,mcg/m3,UHF34,211,Williamsburg - Bushwick,Annual Average 2017,2017-01-01,8.22,,2017,1,1,2
827583,650,Respiratory hospitalizations due to PM2.5 (age 20+),Estimated annual rate,"per 100,000 adults",UHF42,102,Northeast Bronx,2017-2019,2017-01-01,10.0,,2017,1,1,2
547444,365,Fine particles (PM 2.5),Mean,mcg/m3,UHF42,308,Greenwich Village - SoHo,Annual Average 2017,2017-01-01,9.02,,2017,1,1,2
547672,365,Fine particles (PM 2.5),Mean,mcg/m3,CD,301,Greenpoint and Williamsburg (CD1),Annual Average 2017,2017-01-01,9.06,,2017,1,1,2
547459,365,Fine particles (PM 2.5),Mean,mcg/m3,UHF42,403,Flushing - Clearview,Annual Average 2017,2017-01-01,7.27,,2017,1,1,2
550019,375,Nitrogen dioxide (NO2),Mean,ppb,CD,110,Central Harlem (CD10),Annual Average 2017,2017-01-01,22.74,,2017,1,1,2
547408,365,Fine particles (PM 2.5),Mean,mcg/m3,UHF42,207,East Flatbush - Flatbush,Annual Average 2017,2017-01-01,7.36,,2017,1,1,2
547465,365,Fine particles (PM 2.5),Mean,mcg/m3,UHF42,405,Ridgewood - Forest Hills,Annual Average 2017,2017-01-01,7.32,,2017,1,1,2
547765,365,Fine particles (PM 2.5),Mean,mcg/m3,CD,414,Rockaway and Broad Channel (CD14),Annual Average 2017,2017-01-01,6.32,,2017,1,1,2
827502,651,Cardiovascular hospitalizations due to PM2.5 (age 40+),Estimated annual rate,"per 100,000 adults",UHF42,210,Coney Island - Sheepshead Bay,2017-2019,2017-01-01,12.0,,2017,1,1,2
827469,648,Asthma emergency department visits due to PM2.5,Estimated annual rate (under age 18),"per 100,000 children",UHF42,107,Hunts Point - Mott Haven,2017-2019,2017-01-01,147.0,,2017,1,1,2
547711,365,Fine particles (PM 2.5),Mean,mcg/m3,CD,314,Flatbush and Midwood (CD14),Annual Average 2017,2017-01-01,7.25,,2017,1,1,2
827497,651,Cardiovascular hospitalizations due to PM2.5 (age 40+),Estimated annual rate,"per 100,000 adults",UHF42,205,Sunset Park,2017-2019,2017-01-01,8.0,,2017,1,1,2
547690,365,Fine particles (PM 2.5),Mean,mcg/m3,CD,307,Sunset Park (CD7),Annual Average 2017,2017-01-01,8.17,,2017,1,1,2
828166,652,Cardiac and respiratory deaths due to Ozone,Estimated annual rate,"per 100,000",UHF42,203,Bedford Stuyvesant - Crown Heights,2017-2019,2017-01-01,5.0,,2017,1,1,2
828168,652,Cardiac and respiratory deaths due to Ozone,Estimated annual rate,"per 100,000",UHF42,205,Sunset Park,2017-2019,2017-01-01,3.0,,2017,1,1,2
827408,657,Asthma emergency department visits due to PM2.5,Estimated annual rate (age 18+),"per 100,000 adults",UHF42,302,Central Harlem - Morningside Heights,2017-2019,2017-01-01,75.0,,2017,1,1,2
827394,657,Asthma emergency department visits due to PM2.5,Estimated annual rate (age 18+),"per 100,000 adults",UHF42,406,Fresh Meadows,2017-2019,2017-01-01,10.0,,2017,1,1,2
547693,365,Fine particles (PM 2.5),Mean,mcg/m3,CD,308,Crown Heights and Prospect Heights (CD8),Annual Average 2017,2017-01-01,7.54,,2017,1,1,2
547615,365,Fine particles (PM 2.5),Mean,mcg/m3,CD,106,Stuyvesant Town and Turtle Bay (CD6),Annual Average 2017,2017-01-01,9.77,,2017,1,1,2
547486,365,Fine particles (PM 2.5),Mean,mcg/m3,UHF42,502,Stapleton - St. George,Annual Average 2017,2017-01-01,6.8,,2017,1,1,2
547585,365,Fine particles (PM 2.5),Mean,mcg/m3,UHF34,404406,Bayside Little Neck-Fresh Meadows,Annual Average 2017,2017-01-01,7.04,,2017,1,1,2
828177,652,Cardiac and respiratory deaths due to Ozone,Estimated annual rate,"per 100,000",UHF42,303,East Harlem,2017-2019,2017-01-01,5.0,,2017,1,1,2
827439,648,Asthma emergency department visits due to PM2.5,Estimated annual rate (under age 18),"per 100,000 children",UHF42,409,Southeast Queens,2017-2019,2017-01-01,35.0,,2017,1,1,2
547651,365,Fine particles (PM 2.5),Mean,mcg/m3,CD,206,Belmont and East Tremont (CD6),Annual Average 2017,2017-01-01,7.94,,2017,1,1,2
827438,648,Asthma emergency department visits due to PM2.5,Estimated annual rate (under age 18),"per 100,000 children",UHF42,410,Rockaways,2017-2019,2017-01-01,46.0,,2017,1,1,2
827460,648,Asthma emergency department visits due to PM2.5,Estimated annual rate (under age 18),"per 100,000 children",UHF42,209,Bensonhurst - Bay Ridge,2017-2019,2017-01-01,14.0,,2017,1,1,2
827424,657,Asthma emergency department visits due to PM2.5,Estimated annual rate (age 18+),"per 100,000 adults",UHF42,104,Pelham - Throgs Neck,2017-2019,2017-01-01,34.0,,2017,1,1,2
827428,657,Asthma emergency department visits due to PM2.5,Estimated annual rate (age 18+),"per 100,000 adults",Borough,5,Staten Island,2017-2019,2017-01-01,19.0,,2017,1,1,2
827396,657,Asthma emergency department visits due to PM2.5,Estimated annual rate (age 18+),"per 100,000 adults",UHF42,404,Bayside - Little Neck,2017-2019,2017-01-01,2.0,,2017,1,1,2
828102,661,Asthma hospitalizations due to Ozone,Estimated annual rate (age 18+),"per 100,000 adults",UHF42,504,South Beach - Tottenville,2017-2019,2017-01-01,1.0,,2017,1,1,2
549881,375,Nitrogen dioxide (NO2),Mean,ppb,UHF42,503,Willowbrook,Annual Average 2017,2017-01-01,13.86,,2017,1,1,2
827832,653,Asthma emergency departments visits due to Ozone,Estimated annual rate (under age 18),"per 100,000 children",UHF42,204,East New York,2017-2019,2017-01-01,136.0,,2017,1,1,2
827843,653,Asthma emergency departments visits due to Ozone,Estimated annual rate (under age 18),"per 100,000 children",UHF42,304,Upper West Side,2017-2019,2017-01-01,51.0,,2017,1,1,2
828034,655,Asthma hospitalizations due to Ozone,Estimated annual rate (under age 18),"per 100,000 children",UHF42,304,Upper West Side,2017-2019,2017-01-01,6.0,,2017,1,1,2
547510,365,Fine particles (PM 2.5),Mean,mcg/m3,UHF34,202,Downtown - Heights - Slope,Annual Average 2017,2017-01-01,8.35,,2017,1,1,2
827596,650,Respiratory hospitalizations due to PM2.5 (age 20+),Estimated annual rate,"per 100,000 adults",UHF42,208,Canarsie - Flatlands,2017-2019,2017-01-01,8.0,,2017,1,1,2
827606,650,Respiratory hospitalizations due to PM2.5 (age 20+),Estimated annual rate,"per 100,000 adults",UHF42,307,Gramercy Park - Murray Hill,2017-2019,2017-01-01,5.0,,2017,1,1,2
828191,652,Cardiac and respiratory deaths due to Ozone,Estimated annual rate,"per 100,000",UHF42,407,Southwest Queens,2017-2019,2017-01-01,4.0,,2017,1,1,2
828030,655,Asthma hospitalizations due to Ozone,Estimated annual rate (under age 18),"per 100,000 children",UHF42,211,Williamsburg - Bushwick,2017-2019,2017-01-01,16.0,,2017,1,1,2
828171,652,Cardiac and respiratory deaths due to Ozone,Estimated annual rate,"per 100,000",UHF42,208,Canarsie - Flatlands,2017-2019,2017-01-01,6.0,,2017,1,1,2
827464,648,Asthma emergency department visits due to PM2.5,Estimated annual rate (under age 18),"per 100,000 children",UHF42,205,Sunset Park,2017-2019,2017-01-01,33.0,,2017,1,1,2
827466,648,Asthma emergency department visits due to PM2.5,Estimated annual rate (under age 18),"per 100,000 children",UHF42,203,Bedford Stuyvesant - Crown Heights,2017-2019,2017-01-01,107.0,,2017,1,1,2
827388,657,Asthma emergency department visits due to PM2.5,Estimated annual rate (age 18+),"per 100,000 adults",UHF42,502,Stapleton - St. George,2017-2019,2017-01-01,30.0,,2017,1,1,2
828099,661,Asthma hospitalizations due to Ozone,Estimated annual rate (age 18+),"per 100,000 adults",UHF42,501,Port Richmond,2017-2019,2017-01-01,4.0,,2017,1,1,2
550061,375,Nitrogen dioxide (NO2),Mean,ppb,CD,212,Williamsbridge and Baychester (CD12),Annual Average 2017,2017-01-01,18.35,,2017,1,1,2
547504,365,Fine particles (PM 2.5),Mean,mcg/m3,UHF34,104,Pelham - Throgs Neck,Annual Average 2017,2017-01-01,7.52,,2017,1,1,2
550025,375,Nitrogen dioxide (NO2),Mean,ppb,CD,112,Washington Heights and Inwood (CD12),Annual Average 2017,2017-01-01,20.14,,2017,1,1,2
547516,365,Fine particles (PM 2.5),Mean,mcg/m3,UHF34,204,East New York,Annual Average 2017,2017-01-01,7.52,,2017,1,1,2
828199,652,Cardiac and respiratory deaths due to Ozone,Estimated annual rate,"per 100,000",Citywide,1,New York City,2017-2019,2017-01-01,5.0,,2017,1,1,2
547417,365,Fine particles (PM 2.5),Mean,mcg/m3,UHF42,210,Coney Island - Sheepshead Bay,Annual Average 2017,2017-01-01,6.83,,2017,1,1,2
547540,365,Fine particles (PM 2.5),Mean,mcg/m3,UHF34,301,Washington Heights,Annual Average 2017,2017-01-01,7.79,,2017,1,1,2
547759,365,Fine particles (PM 2.5),Mean,mcg/m3,CD,412,Jamaica and Hollis (CD12),Annual Average 2017,2017-01-01,7.08,,2017,1,1,2
547753,365,Fine particles (PM 2.5),Mean,mcg/m3,CD,410,South Ozone Park and Howard Beach (CD10),Annual Average 2017,2017-01-01,6.79,,2017,1,1,2
547402,365,Fine particles (PM 2.5),Mean,mcg/m3,UHF42,205,Sunset Park,Annual Average 2017,2017-01-01,8.09,,2017,1,1,2
827881,659,Asthma emergency departments visits due to Ozone,Estimated annual rate (age 18+),"per 100,000 adults",UHF42,205,Sunset Park,2017-2019,2017-01-01,25.0,,2017,1,1,2
827910,659,Asthma emergency departments visits due to Ozone,Estimated annual rate (age 18+),"per 100,000 adults",UHF42,503,Willowbrook,2017-2019,2017-01-01,19.0,,2017,1,1,2
547480,365,Fine particles (PM 2.5),Mean,mcg/m3,UHF42,410,Rockaways,Annual Average 2017,2017-01-01,6.32,,2017,1,1,2
550052,375,Nitrogen dioxide (NO2),Mean,ppb,CD,209,Parkchester and Soundview (CD9),Annual Average 2017,2017-01-01,19.49,,2017,1,1,2
550016,375,Nitrogen dioxide (NO2),Mean,ppb,CD,109,Morningside Heights and Hamilton Heights (CD9),Annual Average 2017,2017-01-01,22.44,,2017,1,1,2
547462,365,Fine particles (PM 2.5),Mean,mcg/m3,UHF42,404,Bayside - Little Neck,Annual Average 2017,2017-01-01,7.03,,2017,1,1,2
828349,655,Asthma hospitalizations due to Ozone,Estimated annual rate (under age 18),"per 100,000 children",Borough,1,Bronx,2017-2019,2017-01-01,27.0,,2017,1,1,2
827487,651,Cardiovascular hospitalizations due to PM2.5 (age 40+),Estimated annual rate,"per 100,000 adults",UHF42,102,Northeast Bronx,2017-2019,2017-01-01,10.0,,2017,1,1,2
827831,653,Asthma emergency departments visits due to Ozone,Estimated annual rate (under age 18),"per 100,000 children",UHF42,203,Bedford Stuyvesant - Crown Heights,2017-2019,2017-01-01,144.0,,2017,1,1,2
828344,653,Asthma emergency departments visits due to Ozone,Estimated annual rate (under age 18),"per 100,000 children",Borough,1,Bronx,2017-2019,2017-01-01,145.0,,2017,1,1,2
828026,655,Asthma hospitalizations due to Ozone,Estimated annual rate (under age 18),"per 100,000 children",UHF42,207,East Flatbush - Flatbush,2017-2019,2017-01-01,22.0,,2017,1,1,2
828345,653,Asthma emergency departments visits due to Ozone,Estimated annual rate (under age 18),"per 100,000 children",Borough,2,Brooklyn,2017-2019,2017-01-01,74.0,,2017,1,1,2
827833,653,Asthma emergency departments visits due to Ozone,Estimated annual rate (under age 18),"per 100,000 children",UHF42,205,Sunset Park,2017-2019,2017-01-01,44.0,,2017,1,1,2
828033,655,Asthma hospitalizations due to Ozone,Estimated annual rate (under age 18),"per 100,000 children",UHF42,303,East Harlem,2017-2019,2017-01-01,31.0,,2017,1,1,2
827842,653,Asthma emergency departments visits due to Ozone,Estimated annual rate (under age 18),"per 100,000 children",UHF42,303,East Harlem,2017-2019,2017-01-01,214.0,,2017,1,1,2
549836,375,Nitrogen dioxide (NO2),Mean,ppb,UHF42,308,Greenwich Village - SoHo,Annual Average 2017,2017-01-01,25.62,,2017,1,1,2
828350,655,Asthma hospitalizations due to Ozone,Estimated annual rate (under age 18),"per 100,000 children",Borough,2,Brooklyn,2017-2019,2017-01-01,14.0,,2017,1,1,2
549935,375,Nitrogen dioxide (NO2),Mean,ppb,UHF34,302,Central Harlem - Morningside Heights,Annual Average 2017,2017-01-01,22.64,,2017,1,1,2
549887,375,Nitrogen dioxide (NO2),Mean,ppb,UHF34,101,Kingsbridge - Riverdale,Annual Average 2017,2017-01-01,17.28,,2017,1,1,2
827412,657,Asthma emergency department visits due to PM2.5,Estimated annual rate (age 18+),"per 100,000 adults",UHF42,209,Bensonhurst - Bay Ridge,2017-2019,2017-01-01,8.0,,2017,1,1,2
547573,365,Fine particles (PM 2.5),Mean,mcg/m3,UHF34,410,Rockaways,Annual Average 2017,2017-01-01,6.32,,2017,1,1,2
550010,375,Nitrogen dioxide (NO2),Mean,ppb,CD,107,Upper West Side (CD7),Annual Average 2017,2017-01-01,23.39,,2017,1,1,2
827425,657,Asthma emergency department visits due to PM2.5,Estimated annual rate (age 18+),"per 100,000 adults",UHF42,103,Fordham - Bronx Pk,2017-2019,2017-01-01,49.0,,2017,1,1,2
828198,652,Cardiac and respiratory deaths due to Ozone,Estimated annual rate,"per 100,000",UHF42,504,South Beach - Tottenville,2017-2019,2017-01-01,7.0,,2017,1,1,2
828160,652,Cardiac and respiratory deaths due to Ozone,Estimated annual rate,"per 100,000",UHF42,104,Pelham - Throgs Neck,2017-2019,2017-01-01,5.0,,2017,1,1,2
827478,648,Asthma emergency department visits due to PM2.5,Estimated annual rate (under age 18),"per 100,000 children",Borough,3,Manhattan,2017-2019,2017-01-01,71.0,,2017,1,1,2
827448,648,Asthma emergency department visits due to PM2.5,Estimated annual rate (under age 18),"per 100,000 children",UHF42,310,Lower Manhattan,2017-2019,2017-01-01,33.0,,2017,1,1,2
827463,648,Asthma emergency department visits due to PM2.5,Estimated annual rate (under age 18),"per 100,000 children",UHF42,206,Borough Park,2017-2019,2017-01-01,14.0,,2017,1,1,2
827830,653,Asthma emergency departments visits due to Ozone,Estimated annual rate (under age 18),"per 100,000 children",UHF42,202,Downtown - Heights - Slope,2017-2019,2017-01-01,55.0,,2017,1,1,2
827444,648,Asthma emergency department visits due to PM2.5,Estimated annual rate (under age 18),"per 100,000 children",UHF42,404,Bayside - Little Neck,2017-2019,2017-01-01,10.0,,2017,1,1,2
547564,365,Fine particles (PM 2.5),Mean,mcg/m3,UHF34,407,Southwest Queens,Annual Average 2017,2017-01-01,6.94,,2017,1,1,2
828021,655,Asthma hospitalizations due to Ozone,Estimated annual rate (under age 18),"per 100,000 children",UHF42,202,Downtown - Heights - Slope,2017-2019,2017-01-01,9.0,,2017,1,1,2
827839,653,Asthma emergency departments visits due to Ozone,Estimated annual rate (under age 18),"per 100,000 children",UHF42,211,Williamsburg - Bushwick,2017-2019,2017-01-01,118.0,,2017,1,1,2
828353,655,Asthma hospitalizations due to Ozone,Estimated annual rate (under age 18),"per 100,000 children",Borough,5,Staten Island,2017-2019,2017-01-01,10.0,,2017,1,1,2
547411,365,Fine particles (PM 2.5),Mean,mcg/m3,UHF42,208,Canarsie - Flatlands,Annual Average 2017,2017-01-01,7.02,,2017,1,1,2
547393,365,Fine particles (PM 2.5),Mean,mcg/m3,UHF42,202,Downtown - Heights - Slope,Annual Average 2017,2017-01-01,8.35,,2017,1,1,2
828041,655,Asthma hospitalizations due to Ozone,Estimated annual rate (under age 18),"per 100,000 children",UHF42,401,Long Island City - Astoria,2017-2019,2017-01-01,6.0,,2017,1,1,2
547702,365,Fine particles (PM 2.5),Mean,mcg/m3,CD,311,Bensonhurst (CD11),Annual Average 2017,2017-01-01,7.0,,2017,1,1,2
828352,655,Asthma hospitalizations due to Ozone,Estimated annual rate (under age 18),"per 100,000 children",Borough,4,Queens,2017-2019,2017-01-01,10.0,,2017,1,1,2
827500,651,Cardiovascular hospitalizations due to PM2.5 (age 40+),Estimated annual rate,"per 100,000 adults",UHF42,208,Canarsie - Flatlands,2017-2019,2017-01-01,11.0,,2017,1,1,2
828347,653,Asthma emergency departments visits due to Ozone,Estimated annual rate (under age 18),"per 100,000 children",Borough,4,Queens,2017-2019,2017-01-01,60.0,,2017,1,1,2
828059,661,Asthma hospitalizations due to Ozone,Estimated annual rate (age 18+),"per 100,000 adults",Borough,4,Queens,2017-2019,2017-01-01,2.0,,2017,1,1,2
828029,655,Asthma hospitalizations due to Ozone,Estimated annual rate (under age 18),"per 100,000 children",UHF42,210,Coney Island - Sheepshead Bay,2017-2019,2017-01-01,8.0,,2017,1,1,2
827836,653,Asthma emergency departments visits due to Ozone,Estimated annual rate (under age 18),"per 100,000 children",UHF42,208,Canarsie - Flatlands,2017-2019,2017-01-01,76.0,,2017,1,1,2
827856,653,Asthma emergency departments visits due to Ozone,Estimated annual rate (under age 18),"per 100,000 children",UHF42,407,Southwest Queens,2017-2019,2017-01-01,54.0,,2017,1,1,2
827837,653,Asthma emergency departments visits due to Ozone,Estimated annual rate (under age 18),"per 100,000 children",UHF42,209,Bensonhurst - Bay Ridge,2017-2019,2017-01-01,20.0,,2017,1,1,2
828047,655,Asthma hospitalizations due to Ozone,Estimated annual rate (under age 18),"per 100,000 children",UHF42,407,Southwest Queens,2017-2019,2017-01-01,11.0,,2017,1,1,2
828028,655,Asthma hospitalizations due to Ozone,Estimated annual rate (under age 18),"per 100,000 children",UHF42,209,Bensonhurst - Bay Ridge,2017-2019,2017-01-01,4.0,,2017,1,1,2
827849,653,Asthma emergency departments visits due to Ozone,Estimated annual rate (under age 18),"per 100,000 children",UHF42,310,Lower Manhattan,2017-2019,2017-01-01,40.0,,2017,1,1,2
828084,661,Asthma hospitalizations due to Ozone,Estimated annual rate (age 18+),"per 100,000 adults",UHF42,306,Chelsea - Clinton,2017-2019,2017-01-01,1.0,,2017,1,1,2
827827,653,Asthma emergency departments visits due to Ozone,Estimated annual rate (under age 18),"per 100,000 children",UHF42,106,High Bridge - Morrisania,2017-2019,2017-01-01,181.0,,2017,1,1,2
549974,375,Nitrogen dioxide (NO2),Mean,ppb,UHF34,309310,Union Square-Lower Manhattan,Annual Average 2017,2017-01-01,24.71,,2017,1,1,2
828080,661,Asthma hospitalizations due to Ozone,Estimated annual rate (age 18+),"per 100,000 adults",UHF42,302,Central Harlem - Morningside Heights,2017-2019,2017-01-01,4.0,,2017,1,1,2
549923,375,Nitrogen dioxide (NO2),Mean,ppb,UHF34,209,Bensonhurst - Bay Ridge,Annual Average 2017,2017-01-01,17.69,,2017,1,1,2
827834,653,Asthma emergency departments visits due to Ozone,Estimated annual rate (under age 18),"per 100,000 children",UHF42,206,Borough Park,2017-2019,2017-01-01,20.0,,2017,1,1,2
547489,365,Fine particles (PM 2.5),Mean,mcg/m3,UHF42,503,Willowbrook,Annual Average 2017,2017-01-01,7.05,,2017,1,1,2
827475,648,Asthma emergency department visits due to PM2.5,Estimated annual rate (under age 18),"per 100,000 children",UHF42,101,Kingsbridge - Riverdale,2017-2019,2017-01-01,48.0,,2017,1,1,2
827616,650,Respiratory hospitalizations due to PM2.5 (age 20+),Estimated annual rate,"per 100,000 adults",UHF42,407,Southwest Queens,2017-2019,2017-01-01,5.0,,2017,1,1,2
550013,375,Nitrogen dioxide (NO2),Mean,ppb,CD,108,Upper East Side (CD8),Annual Average 2017,2017-01-01,25.14,,2017,1,1,2
828181,652,Cardiac and respiratory deaths due to Ozone,Estimated annual rate,"per 100,000",UHF42,307,Gramercy Park - Murray Hill,2017-2019,2017-01-01,3.0,,2017,1,1,2
547723,365,Fine particles (PM 2.5),Mean,mcg/m3,CD,318,Flatlands and Canarsie (CD18),Annual Average 2017,2017-01-01,6.99,,2017,1,1,2
547699,365,Fine particles (PM 2.5),Mean,mcg/m3,CD,310,Bay Ridge and Dyker Heights (CD10),Annual Average 2017,2017-01-01,7.26,,2017,1,1,2
827595,650,Respiratory hospitalizations due to PM2.5 (age 20+),Estimated annual rate,"per 100,000 adults",UHF42,207,East Flatbush - Flatbush,2017-2019,2017-01-01,6.0,,2017,1,1,2
827607,650,Respiratory hospitalizations due to PM2.5 (age 20+),Estimated annual rate,"per 100,000 adults",UHF42,308,Greenwich Village - SoHo,2017-2019,2017-01-01,3.0,,2017,1,1,2
827584,650,Respiratory hospitalizations due to PM2.5 (age 20+),Estimated annual rate,"per 100,000 adults",UHF42,103,Fordham - Bronx Pk,2017-2019,2017-01-01,11.0,,2017,1,1,2
827593,650,Respiratory hospitalizations due to PM2.5 (age 20+),Estimated annual rate,"per 100,000 adults",UHF42,205,Sunset Park,2017-2019,2017-01-01,6.0,,2017,1,1,2
827535,639,Deaths due to PM2.5,Estimated annual rate (age 30+),"per 100,000 adults",UHF42,409,Southeast Queens,2017-2019,2017-01-01,22.0,,2017,1,1,2
828100,661,Asthma hospitalizations due to Ozone,Estimated annual rate (age 18+),"per 100,000 adults",UHF42,502,Stapleton - St. George,2017-2019,2017-01-01,3.0,,2017,1,1,2
828090,661,Asthma hospitalizations due to Ozone,Estimated annual rate (age 18+),"per 100,000 adults",UHF42,402,West Queens,2017-2019,2017-01-01,2.0,,2017,1,1,2
828061,661,Asthma hospitalizations due to Ozone,Estimated annual rate (age 18+),"per 100,000 adults",UHF42,101,Kingsbridge - Riverdale,2017-2019,2017-01-01,3.0,,2017,1,1,2
827420,657,Asthma emergency department visits due to PM2.5,Estimated annual rate (age 18+),"per 100,000 adults",UHF42,201,Greenpoint,2017-2019,2017-01-01,14.0,,2017,1,1,2
828068,661,Asthma hospitalizations due to Ozone,Estimated annual rate (age 18+),"per 100,000 adults",UHF42,201,Greenpoint,2017-2019,2017-01-01,1.0,,2017,1,1,2
828079,661,Asthma hospitalizations due to Ozone,Estimated annual rate (age 18+),"per 100,000 adults",UHF42,301,Washington Heights,2017-2019,2017-01-01,3.0,,2017,1,1,2
827903,659,Asthma emergency departments visits due to Ozone,Estimated annual rate (age 18+),"per 100,000 adults",UHF42,406,Fresh Meadows,2017-2019,2017-01-01,17.0,,2017,1,1,2
827893,659,Asthma emergency departments visits due to Ozone,Estimated annual rate (age 18+),"per 100,000 adults",UHF42,306,Chelsea - Clinton,2017-2019,2017-01-01,23.0,,2017,1,1,2
827409,657,Asthma emergency department visits due to PM2.5,Estimated annual rate (age 18+),"per 100,000 adults",UHF42,301,Washington Heights,2017-2019,2017-01-01,23.0,,2017,1,1,2
827589,650,Respiratory hospitalizations due to PM2.5 (age 20+),Estimated annual rate,"per 100,000 adults",UHF42,201,Greenpoint,2017-2019,2017-01-01,4.0,,2017,1,1,2
827889,659,Asthma emergency departments visits due to Ozone,Estimated annual rate (age 18+),"per 100,000 adults",UHF42,302,Central Harlem - Morningside Heights,2017-2019,2017-01-01,105.0,,2017,1,1,2
547744,365,Fine particles (PM 2.5),Mean,mcg/m3,CD,407,Flushing and Whitestone (CD7),Annual Average 2017,2017-01-01,7.3,,2017,1,1,2
547762,365,Fine particles (PM 2.5),Mean,mcg/m3,CD,413,Queens Village (CD13),Annual Average 2017,2017-01-01,6.77,,2017,1,1,2
828194,652,Cardiac and respiratory deaths due to Ozone,Estimated annual rate,"per 100,000",UHF42,410,Rockaways,2017-2019,2017-01-01,8.0,,2017,1,1,2
828162,652,Cardiac and respiratory deaths due to Ozone,Estimated annual rate,"per 100,000",UHF42,106,High Bridge - Morrisania,2017-2019,2017-01-01,4.0,,2017,1,1,2
827543,639,Deaths due to PM2.5,Estimated annual rate (age 30+),"per 100,000 adults",UHF42,401,Long Island City - Astoria,2017-2019,2017-01-01,27.0,,2017,1,1,2
827895,659,Asthma emergency departments visits due to Ozone,Estimated annual rate (age 18+),"per 100,000 adults",UHF42,308,Greenwich Village - SoHo,2017-2019,2017-01-01,7.0,,2017,1,1,2
827612,650,Respiratory hospitalizations due to PM2.5 (age 20+),Estimated annual rate,"per 100,000 adults",UHF42,403,Flushing - Clearview,2017-2019,2017-01-01,5.0,,2017,1,1,2
827871,659,Asthma emergency departments visits due to Ozone,Estimated annual rate (age 18+),"per 100,000 adults",UHF42,102,Northeast Bronx,2017-2019,2017-01-01,55.0,,2017,1,1,2
827416,657,Asthma emergency department visits due to PM2.5,Estimated annual rate (age 18+),"per 100,000 adults",UHF42,205,Sunset Park,2017-2019,2017-01-01,18.0,,2017,1,1,2
550148,375,Nitrogen dioxide (NO2),Mean,ppb,CD,411,Bayside and Little Neck (CD11),Annual Average 2017,2017-01-01,16.94,,2017,1,1,2
549965,375,Nitrogen dioxide (NO2),Mean,ppb,UHF34,410,Rockaways,Annual Average 2017,2017-01-01,12.66,,2017,1,1,2
828101,661,Asthma hospitalizations due to Ozone,Estimated annual rate (age 18+),"per 100,000 adults",UHF42,503,Willowbrook,2017-2019,2017-01-01,2.0,,2017,1,1,2
827418,657,Asthma emergency department visits due to PM2.5,Estimated annual rate (age 18+),"per 100,000 adults",UHF42,203,Bedford Stuyvesant - Crown Heights,2017-2019,2017-01-01,55.0,,2017,1,1,2
827590,650,Respiratory hospitalizations due to PM2.5 (age 20+),Estimated annual rate,"per 100,000 adults",UHF42,202,Downtown - Heights - Slope,2017-2019,2017-01-01,6.0,,2017,1,1,2
827854,653,Asthma emergency departments visits due to Ozone,Estimated annual rate (under age 18),"per 100,000 children",UHF42,405,Ridgewood - Forest Hills,2017-2019,2017-01-01,35.0,,2017,1,1,2
828045,655,Asthma hospitalizations due to Ozone,Estimated annual rate (under age 18),"per 100,000 children",UHF42,405,Ridgewood - Forest Hills,2017-2019,2017-01-01,9.0,,2017,1,1,2
827433,648,Asthma emergency department visits due to PM2.5,Estimated annual rate (under age 18),"per 100,000 children",Citywide,1,New York City,2017-2019,2017-01-01,62.0,,2017,1,1,2
547525,365,Fine particles (PM 2.5),Mean,mcg/m3,UHF34,207,East Flatbush - Flatbush,Annual Average 2017,2017-01-01,7.36,,2017,1,1,2
547354,365,Fine particles (PM 2.5),Mean,mcg/m3,Borough,1,Bronx,Annual Average 2017,2017-01-01,7.72,,2017,1,1,2
827899,659,Asthma emergency departments visits due to Ozone,Estimated annual rate (age 18+),"per 100,000 adults",UHF42,402,West Queens,2017-2019,2017-01-01,19.0,,2017,1,1,2
827884,659,Asthma emergency departments visits due to Ozone,Estimated annual rate (age 18+),"per 100,000 adults",UHF42,208,Canarsie - Flatlands,2017-2019,2017-01-01,39.0,,2017,1,1,2
827618,650,Respiratory hospitalizations due to PM2.5 (age 20+),Estimated annual rate,"per 100,000 adults",UHF42,409,Southeast Queens,2017-2019,2017-01-01,3.0,,2017,1,1,2
547357,365,Fine particles (PM 2.5),Mean,mcg/m3,Borough,2,Brooklyn,Annual Average 2017,2017-01-01,7.52,,2017,1,1,2
827905,659,Asthma emergency departments visits due to Ozone,Estimated annual rate (age 18+),"per 100,000 adults",UHF42,408,Jamaica,2017-2019,2017-01-01,40.0,,2017,1,1,2
828189,652,Cardiac and respiratory deaths due to Ozone,Estimated annual rate,"per 100,000",UHF42,405,Ridgewood - Forest Hills,2017-2019,2017-01-01,5.0,,2017,1,1,2
550100,375,Nitrogen dioxide (NO2),Mean,ppb,CD,313,Coney Island (CD13),Annual Average 2017,2017-01-01,15.09,,2017,1,1,2
827411,657,Asthma emergency department visits due to PM2.5,Estimated annual rate (age 18+),"per 100,000 adults",UHF42,210,Coney Island - Sheepshead Bay,2017-2019,2017-01-01,18.0,,2017,1,1,2
828190,652,Cardiac and respiratory deaths due to Ozone,Estimated annual rate,"per 100,000",UHF42,406,Fresh Meadows,2017-2019,2017-01-01,5.0,,2017,1,1,2
828097,661,Asthma hospitalizations due to Ozone,Estimated annual rate (age 18+),"per 100,000 adults",UHF42,409,Southeast Queens,2017-2019,2017-01-01,1.0,,2017,1,1,2
828098,661,Asthma hospitalizations due to Ozone,Estimated annual rate (age 18+),"per 100,000 adults",UHF42,410,Rockaways,2017-2019,2017-01-01,2.0,,2017,1,1,2
828066,661,Asthma hospitalizations due to Ozone,Estimated annual rate (age 18+),"per 100,000 adults",UHF42,106,High Bridge - Morrisania,2017-2019,2017-01-01,9.0,,2017,1,1,2
827390,657,Asthma emergency department visits due to PM2.5,Estimated annual rate (age 18+),"per 100,000 adults",UHF42,410,Rockaways,2017-2019,2017-01-01,33.0,,2017,1,1,2
827534,639,Deaths due to PM2.5,Estimated annual rate (age 30+),"per 100,000 adults",UHF42,410,Rockaways,2017-2019,2017-01-01,44.0,,2017,1,1,2
828158,652,Cardiac and respiratory deaths due to Ozone,Estimated annual rate,"per 100,000",UHF42,102,Northeast Bronx,2017-2019,2017-01-01,6.0,,2017,1,1,2
828055,655,Asthma hospitalizations due to Ozone,Estimated annual rate (under age 18),"per 100,000 children",Citywide,1,New York City,2017-2019,2017-01-01,16.0,,2017,1,1,2
828176,652,Cardiac and respiratory deaths due to Ozone,Estimated annual rate,"per 100,000",UHF42,302,Central Harlem - Morningside Heights,2017-2019,2017-01-01,4.0,,2017,1,1,2
827393,657,Asthma emergency department visits due to PM2.5,Estimated annual rate (age 18+),"per 100,000 adults",UHF42,407,Southwest Queens,2017-2019,2017-01-01,16.0,,2017,1,1,2
827421,657,Asthma emergency department visits due to PM2.5,Estimated annual rate (age 18+),"per 100,000 adults",UHF42,107,Hunts Point - Mott Haven,2017-2019,2017-01-01,83.0,,2017,1,1,2
827841,653,Asthma emergency departments visits due to Ozone,Estimated annual rate (under age 18),"per 100,000 children",UHF42,302,Central Harlem - Morningside Heights,2017-2019,2017-01-01,181.0,,2017,1,1,2
828161,652,Cardiac and respiratory deaths due to Ozone,Estimated annual rate,"per 100,000",UHF42,105,Crotona -Tremont,2017-2019,2017-01-01,4.0,,2017,1,1,2
547732,365,Fine particles (PM 2.5),Mean,mcg/m3,CD,403,Jackson Heights (CD3),Annual Average 2017,2017-01-01,7.18,,2017,1,1,2
827482,651,Cardiovascular hospitalizations due to PM2.5 (age 40+),Estimated annual rate,"per 100,000 adults",Borough,2,Brooklyn,2017-2019,2017-01-01,11.0,,2017,1,1,2
550001,375,Nitrogen dioxide (NO2),Mean,ppb,CD,104,Clinton and Chelsea (CD4),Annual Average 2017,2017-01-01,26.64,,2017,1,1,2
547360,365,Fine particles (PM 2.5),Mean,mcg/m3,Borough,3,Manhattan,Annual Average 2017,2017-01-01,8.72,,2017,1,1,2
547450,365,Fine particles (PM 2.5),Mean,mcg/m3,UHF42,310,Lower Manhattan,Annual Average 2017,2017-01-01,9.01,,2017,1,1,2
547612,365,Fine particles (PM 2.5),Mean,mcg/m3,CD,105,Midtown (CD5),Annual Average 2017,2017-01-01,10.92,,2017,1,1,2
550007,375,Nitrogen dioxide (NO2),Mean,ppb,CD,106,Stuyvesant Town and Turtle Bay (CD6),Annual Average 2017,2017-01-01,28.44,,2017,1,1,2
828351,655,Asthma hospitalizations due to Ozone,Estimated annual rate (under age 18),"per 100,000 children",Borough,3,Manhattan,2017-2019,2017-01-01,15.0,,2017,1,1,2
827398,657,Asthma emergency department visits due to PM2.5,Estimated annual rate (age 18+),"per 100,000 adults",UHF42,402,West Queens,2017-2019,2017-01-01,12.0,,2017,1,1,2
547714,365,Fine particles (PM 2.5),Mean,mcg/m3,CD,315,Sheepshead Bay (CD15),Annual Average 2017,2017-01-01,6.85,,2017,1,1,2
827385,657,Asthma emergency department visits due to PM2.5,Estimated annual rate (age 18+),"per 100,000 adults",Citywide,1,New York City,2017-2019,2017-01-01,28.0,,2017,1,1,2
549995,375,Nitrogen dioxide (NO2),Mean,ppb,CD,102,Greenwich Village and Soho (CD2),Annual Average 2017,2017-01-01,25.68,,2017,1,1,2
547414,365,Fine particles (PM 2.5),Mean,mcg/m3,UHF42,209,Bensonhurst - Bay Ridge,Annual Average 2017,2017-01-01,7.06,,2017,1,1,2
547477,365,Fine particles (PM 2.5),Mean,mcg/m3,UHF42,409,Southeast Queens,Annual Average 2017,2017-01-01,6.75,,2017,1,1,2
827397,657,Asthma emergency department visits due to PM2.5,Estimated annual rate (age 18+),"per 100,000 adults",UHF42,403,Flushing - Clearview,2017-2019,2017-01-01,6.0,,2017,1,1,2
827406,657,Asthma emergency department visits due to PM2.5,Estimated annual rate (age 18+),"per 100,000 adults",UHF42,304,Upper West Side,2017-2019,2017-01-01,18.0,,2017,1,1,2
547705,365,Fine particles (PM 2.5),Mean,mcg/m3,CD,312,Borough Park (CD12),Annual Average 2017,2017-01-01,7.29,,2017,1,1,2
828155,652,Cardiac and respiratory deaths due to Ozone,Estimated annual rate,"per 100,000",Borough,4,Queens,2017-2019,2017-01-01,5.0,,2017,1,1,2
827580,650,Respiratory hospitalizations due to PM2.5 (age 20+),Estimated annual rate,"per 100,000 adults",Borough,4,Queens,2017-2019,2017-01-01,5.0,,2017,1,1,2
827387,657,Asthma emergency department visits due to PM2.5,Estimated annual rate (age 18+),"per 100,000 adults",UHF42,503,Willowbrook,2017-2019,2017-01-01,13.0,,2017,1,1,2
547432,365,Fine particles (PM 2.5),Mean,mcg/m3,UHF42,304,Upper West Side,Annual Average 2017,2017-01-01,8.33,,2017,1,1,2
549863,375,Nitrogen dioxide (NO2),Mean,ppb,UHF42,407,Southwest Queens,Annual Average 2017,2017-01-01,17.95,,2017,1,1,2
827620,650,Respiratory hospitalizations due to PM2.5 (age 20+),Estimated annual rate,"per 100,000 adults",UHF42,501,Port Richmond,2017-2019,2017-01-01,10.0,,2017,1,1,2
549866,375,Nitrogen dioxide (NO2),Mean,ppb,UHF42,408,Jamaica,Annual Average 2017,2017-01-01,17.69,,2017,1,1,2
547678,365,Fine particles (PM 2.5),Mean,mcg/m3,CD,303,Bedford Stuyvesant (CD3),Annual Average 2017,2017-01-01,7.63,,2017,1,1,2
828031,655,Asthma hospitalizations due to Ozone,Estimated annual rate (under age 18),"per 100,000 children",UHF42,301,Washington Heights,2017-2019,2017-01-01,20.0,,2017,1,1,2
827410,657,Asthma emergency department visits due to PM2.5,Estimated annual rate (age 18+),"per 100,000 adults",UHF42,211,Williamsburg - Bushwick,2017-2019,2017-01-01,51.0,,2017,1,1,2
550154,375,Nitrogen dioxide (NO2),Mean,ppb,CD,413,Queens Village (CD13),Annual Average 2017,2017-01-01,16.49,,2017,1,1,2
827912,659,Asthma emergency departments visits due to Ozone,Estimated annual rate (age 18+),"per 100,000 adults",Citywide,1,New York City,2017-2019,2017-01-01,41.0,,2017,1,1,2
827573,639,Deaths due to PM2.5,Estimated annual rate (age 30+),"per 100,000 adults",Borough,4,Queens,2017-2019,2017-01-01,27.0,,2017,1,1,2
550004,375,Nitrogen dioxide (NO2),Mean,ppb,CD,105,Midtown (CD5),Annual Average 2017,2017-01-01,32.0,,2017,1,1,2
827877,659,Asthma emergency departments visits due to Ozone,Estimated annual rate (age 18+),"per 100,000 adults",UHF42,201,Greenpoint,2017-2019,2017-01-01,20.0,,2017,1,1,2
827888,659,Asthma emergency departments visits due to Ozone,Estimated annual rate (age 18+),"per 100,000 adults",UHF42,301,Washington Heights,2017-2019,2017-01-01,34.0,,2017,1,1,2
827850,653,Asthma emergency departments visits due to Ozone,Estimated annual rate (under age 18),"per 100,000 children",UHF42,401,Long Island City - Astoria,2017-2019,2017-01-01,56.0,,2017,1,1,2
827554,639,Deaths due to PM2.5,Estimated annual rate (age 30+),"per 100,000 adults",UHF42,211,Williamsburg - Bushwick,2017-2019,2017-01-01,32.0,,2017,1,1,2
550157,375,Nitrogen dioxide (NO2),Mean,ppb,CD,414,Rockaway and Broad Channel (CD14),Annual Average 2017,2017-01-01,12.55,,2017,1,1,2
550106,375,Nitrogen dioxide (NO2),Mean,ppb,CD,315,Sheepshead Bay (CD15),Annual Average 2017,2017-01-01,16.39,,2017,1,1,2
828089,661,Asthma hospitalizations due to Ozone,Estimated annual rate (age 18+),"per 100,000 adults",UHF42,401,Long Island City - Astoria,2017-2019,2017-01-01,1.0,,2017,1,1,2
547378,365,Fine particles (PM 2.5),Mean,mcg/m3,UHF42,104,Pelham - Throgs Neck,Annual Average 2017,2017-01-01,7.52,,2017,1,1,2
827552,639,Deaths due to PM2.5,Estimated annual rate (age 30+),"per 100,000 adults",UHF42,302,Central Harlem - Morningside Heights,2017-2019,2017-01-01,38.0,,2017,1,1,2
550139,375,Nitrogen dioxide (NO2),Mean,ppb,CD,408,Hillcrest and Fresh Meadows (CD8),Annual Average 2017,2017-01-01,17.66,,2017,1,1,2
827548,639,Deaths due to PM2.5,Estimated annual rate (age 30+),"per 100,000 adults",UHF42,306,Chelsea - Clinton,2017-2019,2017-01-01,26.0,,2017,1,1,2
827864,653,Asthma emergency departments visits due to Ozone,Estimated annual rate (under age 18),"per 100,000 children",Citywide,1,New York City,2017-2019,2017-01-01,85.0,,2017,1,1,2
550133,375,Nitrogen dioxide (NO2),Mean,ppb,CD,406,Rego Park and Forest Hills (CD6),Annual Average 2017,2017-01-01,19.33,,2017,1,1,2
828036,655,Asthma hospitalizations due to Ozone,Estimated annual rate (under age 18),"per 100,000 children",UHF42,306,Chelsea - Clinton,2017-2019,2017-01-01,9.0,,2017,1,1,2
827845,653,Asthma emergency departments visits due to Ozone,Estimated annual rate (under age 18),"per 100,000 children",UHF42,306,Chelsea - Clinton,2017-2019,2017-01-01,64.0,,2017,1,1,2
549842,375,Nitrogen dioxide (NO2),Mean,ppb,UHF42,310,Lower Manhattan,Annual Average 2017,2017-01-01,25.82,,2017,1,1,2
827882,659,Asthma emergency departments visits due to Ozone,Estimated annual rate (age 18+),"per 100,000 adults",UHF42,206,Borough Park,2017-2019,2017-01-01,13.0,,2017,1,1,2
827867,659,Asthma emergency departments visits due to Ozone,Estimated annual rate (age 18+),"per 100,000 adults",Borough,3,Manhattan,2017-2019,2017-01-01,39.0,,2017,1,1,2
550076,375,Nitrogen dioxide (NO2),Mean,ppb,CD,305,East New York and Starrett City (CD5),Annual Average 2017,2017-01-01,17.92,,2017,1,1,2
827461,648,Asthma emergency department visits due to PM2.5,Estimated annual rate (under age 18),"per 100,000 children",UHF42,208,Canarsie - Flatlands,2017-2019,2017-01-01,55.0,,2017,1,1,2
827906,659,Asthma emergency departments visits due to Ozone,Estimated annual rate (age 18+),"per 100,000 adults",UHF42,409,Southeast Queens,2017-2019,2017-01-01,19.0,,2017,1,1,2
549890,375,Nitrogen dioxide (NO2),Mean,ppb,UHF34,102,Northeast Bronx,Annual Average 2017,2017-01-01,18.87,,2017,1,1,2
828042,655,Asthma hospitalizations due to Ozone,Estimated annual rate (under age 18),"per 100,000 children",UHF42,402,West Queens,2017-2019,2017-01-01,10.0,,2017,1,1,2
549932,375,Nitrogen dioxide (NO2),Mean,ppb,UHF34,301,Washington Heights,Annual Average 2017,2017-01-01,20.56,,2017,1,1,2
827875,659,Asthma emergency departments visits due to Ozone,Estimated annual rate (age 18+),"per 100,000 adults",UHF42,106,High Bridge - Morrisania,2017-2019,2017-01-01,110.0,,2017,1,1,2
547735,365,Fine particles (PM 2.5),Mean,mcg/m3,CD,404,Elmhurst and Corona (CD4),Annual Average 2017,2017-01-01,7.54,,2017,1,1,2
827407,657,Asthma emergency department visits due to PM2.5,Estimated annual rate (age 18+),"per 100,000 adults",UHF42,303,East Harlem,2017-2019,2017-01-01,90.0,,2017,1,1,2
828081,661,Asthma hospitalizations due to Ozone,Estimated annual rate (age 18+),"per 100,000 adults",UHF42,303,East Harlem,2017-2019,2017-01-01,5.0,,2017,1,1,2
828091,661,Asthma hospitalizations due to Ozone,Estimated annual rate (age 18+),"per 100,000 adults",UHF42,403,Flushing - Clearview,2017-2019,2017-01-01,1.0,,2017,1,1,2
827604,650,Respiratory hospitalizations due to PM2.5 (age 20+),Estimated annual rate,"per 100,000 adults",UHF42,305,Upper East Side,2017-2019,2017-01-01,5.0,,2017,1,1,2
547747,365,Fine particles (PM 2.5),Mean,mcg/m3,CD,408,Hillcrest and Fresh Meadows (CD8),Annual Average 2017,2017-01-01,7.05,,2017,1,1,2
827530,639,Deaths due to PM2.5,Estimated annual rate (age 30+),"per 100,000 adults",UHF42,504,South Beach - Tottenville,2017-2019,2017-01-01,42.0,,2017,1,1,2
547741,365,Fine particles (PM 2.5),Mean,mcg/m3,CD,406,Rego Park and Forest Hills (CD6),Annual Average 2017,2017-01-01,7.35,,2017,1,1,2
828165,652,Cardiac and respiratory deaths due to Ozone,Estimated annual rate,"per 100,000",UHF42,202,Downtown - Heights - Slope,2017-2019,2017-01-01,3.0,,2017,1,1,2
827886,659,Asthma emergency departments visits due to Ozone,Estimated annual rate (age 18+),"per 100,000 adults",UHF42,210,Coney Island - Sheepshead Bay,2017-2019,2017-01-01,26.0,,2017,1,1,2
828180,652,Cardiac and respiratory deaths due to Ozone,Estimated annual rate,"per 100,000",UHF42,306,Chelsea - Clinton,2017-2019,2017-01-01,3.0,,2017,1,1,2
827557,639,Deaths due to PM2.5,Estimated annual rate (age 30+),"per 100,000 adults",UHF42,208,Canarsie - Flatlands,2017-2019,2017-01-01,37.0,,2017,1,1,2
827601,650,Respiratory hospitalizations due to PM2.5 (age 20+),Estimated annual rate,"per 100,000 adults",UHF42,302,Central Harlem - Morningside Heights,2017-2019,2017-01-01,8.0,,2017,1,1,2
827484,651,Cardiovascular hospitalizations due to PM2.5 (age 40+),Estimated annual rate,"per 100,000 adults",Borough,4,Queens,2017-2019,2017-01-01,8.0,,2017,1,1,2
827527,651,Cardiovascular hospitalizations due to PM2.5 (age 40+),Estimated annual rate,"per 100,000 adults",UHF42,504,South Beach - Tottenville,2017-2019,2017-01-01,10.0,,2017,1,1,2
828035,655,Asthma hospitalizations due to Ozone,Estimated annual rate (under age 18),"per 100,000 children",UHF42,305,Upper East Side,2017-2019,2017-01-01,5.0,,2017,1,1,2
827826,653,Asthma emergency departments visits due to Ozone,Estimated annual rate (under age 18),"per 100,000 children",UHF42,105,Crotona -Tremont,2017-2019,2017-01-01,157.0,,2017,1,1,2
827532,639,Deaths due to PM2.5,Estimated annual rate (age 30+),"per 100,000 adults",UHF42,502,Stapleton - St. George,2017-2019,2017-01-01,47.0,,2017,1,1,2
828024,655,Asthma hospitalizations due to Ozone,Estimated annual rate (under age 18),"per 100,000 children",UHF42,205,Sunset Park,2017-2019,2017-01-01,7.0,,2017,1,1,2
828022,655,Asthma hospitalizations due to Ozone,Estimated annual rate (under age 18),"per 100,000 children",UHF42,203,Bedford Stuyvesant - Crown Heights,2017-2019,2017-01-01,28.0,,2017,1,1,2
549857,375,Nitrogen dioxide (NO2),Mean,ppb,UHF42,405,Ridgewood - Forest Hills,Annual Average 2017,2017-01-01,18.65,,2017,1,1,2
549794,375,Nitrogen dioxide (NO2),Mean,ppb,UHF42,205,Sunset Park,Annual Average 2017,2017-01-01,18.87,,2017,1,1,2
549788,375,Nitrogen dioxide (NO2),Mean,ppb,UHF42,203,Bedford Stuyvesant - Crown Heights,Annual Average 2017,2017-01-01,20.08,,2017,1,1,2
549929,375,Nitrogen dioxide (NO2),Mean,ppb,UHF34,211,Williamsburg - Bushwick,Annual Average 2017,2017-01-01,20.69,,2017,1,1,2
827828,653,Asthma emergency departments visits due to Ozone,Estimated annual rate (under age 18),"per 100,000 children",UHF42,107,Hunts Point - Mott Haven,2017-2019,2017-01-01,192.0,,2017,1,1,2
549908,375,Nitrogen dioxide (NO2),Mean,ppb,UHF34,204,East New York,Annual Average 2017,2017-01-01,18.31,,2017,1,1,2
549893,375,Nitrogen dioxide (NO2),Mean,ppb,UHF34,103,Fordham - Bronx Pk,Annual Average 2017,2017-01-01,19.15,,2017,1,1,2
550034,375,Nitrogen dioxide (NO2),Mean,ppb,CD,203,Morrisania and Crotona (CD3),Annual Average 2017,2017-01-01,20.78,,2017,1,1,2
550115,375,Nitrogen dioxide (NO2),Mean,ppb,CD,318,Flatlands and Canarsie (CD18),Annual Average 2017,2017-01-01,15.71,,2017,1,1,2
547399,365,Fine particles (PM 2.5),Mean,mcg/m3,UHF42,204,East New York,Annual Average 2017,2017-01-01,7.52,,2017,1,1,2
547483,365,Fine particles (PM 2.5),Mean,mcg/m3,UHF42,501,Port Richmond,Annual Average 2017,2017-01-01,7.19,,2017,1,1,2
549770,375,Nitrogen dioxide (NO2),Mean,ppb,UHF42,104,Pelham - Throgs Neck,Annual Average 2017,2017-01-01,18.72,,2017,1,1,2
828103,661,Asthma hospitalizations due to Ozone,Estimated annual rate (age 18+),"per 100,000 adults",Citywide,1,New York City,2017-2019,2017-01-01,3.0,,2017,1,1,2
827851,653,Asthma emergency departments visits due to Ozone,Estimated annual rate (under age 18),"per 100,000 children",UHF42,402,West Queens,2017-2019,2017-01-01,73.0,,2017,1,1,2
827481,651,Cardiovascular hospitalizations due to PM2.5 (age 40+),Estimated annual rate,"per 100,000 adults",Borough,1,Bronx,2017-2019,2017-01-01,12.0,,2017,1,1,2
550037,375,Nitrogen dioxide (NO2),Mean,ppb,CD,204,Highbridge and Concourse (CD4),Annual Average 2017,2017-01-01,21.8,,2017,1,1,2
827513,651,Cardiovascular hospitalizations due to PM2.5 (age 40+),Estimated annual rate,"per 100,000 adults",UHF42,310,Lower Manhattan,2017-2019,2017-01-01,7.0,,2017,1,1,2
550160,375,Nitrogen dioxide (NO2),Mean,ppb,CD,501,St. George and Stapleton (CD1),Annual Average 2017,2017-01-01,16.4,,2017,1,1,2
827483,651,Cardiovascular hospitalizations due to PM2.5 (age 40+),Estimated annual rate,"per 100,000 adults",Borough,3,Manhattan,2017-2019,2017-01-01,9.0,,2017,1,1,2
549899,375,Nitrogen dioxide (NO2),Mean,ppb,UHF34,201,Greenpoint,Annual Average 2017,2017-01-01,21.19,,2017,1,1,2
547381,365,Fine particles (PM 2.5),Mean,mcg/m3,UHF42,105,Crotona -Tremont,Annual Average 2017,2017-01-01,8.16,,2017,1,1,2
827608,650,Respiratory hospitalizations due to PM2.5 (age 20+),Estimated annual rate,"per 100,000 adults",UHF42,309,Union Square - Lower East Side,2017-2019,2017-01-01,7.0,,2017,1,1,2
547552,365,Fine particles (PM 2.5),Mean,mcg/m3,UHF34,401,Long Island City - Astoria,Annual Average 2017,2017-01-01,8.42,,2017,1,1,2
550070,375,Nitrogen dioxide (NO2),Mean,ppb,CD,303,Bedford Stuyvesant (CD3),Annual Average 2017,2017-01-01,20.59,,2017,1,1,2
549773,375,Nitrogen dioxide (NO2),Mean,ppb,UHF42,105,Crotona -Tremont,Annual Average 2017,2017-01-01,21.12,,2017,1,1,2
827521,651,Cardiovascular hospitalizations due to PM2.5 (age 40+),Estimated annual rate,"per 100,000 adults",UHF42,408,Jamaica,2017-2019,2017-01-01,9.0,,2017,1,1,2
827597,650,Respiratory hospitalizations due to PM2.5 (age 20+),Estimated annual rate,"per 100,000 adults",UHF42,209,Bensonhurst - Bay Ridge,2017-2019,2017-01-01,6.0,,2017,1,1,2
828193,652,Cardiac and respiratory deaths due to Ozone,Estimated annual rate,"per 100,000",UHF42,409,Southeast Queens,2017-2019,2017-01-01,4.0,,2017,1,1,2
828095,661,Asthma hospitalizations due to Ozone,Estimated annual rate (age 18+),"per 100,000 adults",UHF42,407,Southwest Queens,2017-2019,2017-01-01,2.0,,2017,1,1,2
828067,661,Asthma hospitalizations due to Ozone,Estimated annual rate (age 18+),"per 100,000 adults",UHF42,107,Hunts Point - Mott Haven,2017-2019,2017-01-01,11.0,,2017,1,1,2
828074,661,Asthma hospitalizations due to Ozone,Estimated annual rate (age 18+),"per 100,000 adults",UHF42,207,East Flatbush - Flatbush,2017-2019,2017-01-01,2.0,,2017,1,1,2
549896,375,Nitrogen dioxide (NO2),Mean,ppb,UHF34,104,Pelham - Throgs Neck,Annual Average 2017,2017-01-01,18.72,,2017,1,1,2
547405,365,Fine particles (PM 2.5),Mean,mcg/m3,UHF42,206,Borough Park,Annual Average 2017,2017-01-01,7.27,,2017,1,1,2
550064,375,Nitrogen dioxide (NO2),Mean,ppb,CD,301,Greenpoint and Williamsburg (CD1),Annual Average 2017,2017-01-01,21.15,,2017,1,1,2
828072,661,Asthma hospitalizations due to Ozone,Estimated annual rate (age 18+),"per 100,000 adults",UHF42,205,Sunset Park,2017-2019,2017-01-01,2.0,,2017,1,1,2
828083,661,Asthma hospitalizations due to Ozone,Estimated annual rate (age 18+),"per 100,000 adults",UHF42,305,Upper East Side,2017-2019,2017-01-01,1.0,,2017,1,1,2
827510,651,Cardiovascular hospitalizations due to PM2.5 (age 40+),Estimated annual rate,"per 100,000 adults",UHF42,307,Gramercy Park - Murray Hill,2017-2019,2017-01-01,7.0,,2017,1,1,2
828063,661,Asthma hospitalizations due to Ozone,Estimated annual rate (age 18+),"per 100,000 adults",UHF42,103,Fordham - Bronx Pk,2017-2019,2017-01-01,7.0,,2017,1,1,2
827829,653,Asthma emergency departments visits due to Ozone,Estimated annual rate (under age 18),"per 100,000 children",UHF42,201,Greenpoint,2017-2019,2017-01-01,29.0,,2017,1,1,2
827472,648,Asthma emergency department visits due to PM2.5,Estimated annual rate (under age 18),"per 100,000 children",UHF42,104,Pelham - Throgs Neck,2017-2019,2017-01-01,80.0,,2017,1,1,2
827623,650,Respiratory hospitalizations due to PM2.5 (age 20+),Estimated annual rate,"per 100,000 adults",UHF42,504,South Beach - Tottenville,2017-2019,2017-01-01,10.0,,2017,1,1,2
827540,639,Deaths due to PM2.5,Estimated annual rate (age 30+),"per 100,000 adults",UHF42,404,Bayside - Little Neck,2017-2019,2017-01-01,24.0,,2017,1,1,2
549884,375,Nitrogen dioxide (NO2),Mean,ppb,UHF42,504,South Beach - Tottenville,Annual Average 2017,2017-01-01,11.7,,2017,1,1,2
547648,365,Fine particles (PM 2.5),Mean,mcg/m3,CD,205,Fordham and University Heights (CD5),Annual Average 2017,2017-01-01,8.3,,2017,1,1,2
828016,655,Asthma hospitalizations due to Ozone,Estimated annual rate (under age 18),"per 100,000 children",UHF42,104,Pelham - Throgs Neck,2017-2019,2017-01-01,22.0,,2017,1,1,2
827863,653,Asthma emergency departments visits due to Ozone,Estimated annual rate (under age 18),"per 100,000 children",UHF42,504,South Beach - Tottenville,2017-2019,2017-01-01,15.0,,2017,1,1,2
828054,655,Asthma hospitalizations due to Ozone,Estimated annual rate (under age 18),"per 100,000 children",UHF42,504,South Beach - Tottenville,2017-2019,2017-01-01,3.0,,2017,1,1,2
828020,655,Asthma hospitalizations due to Ozone,Estimated annual rate (under age 18),"per 100,000 children",UHF42,201,Greenpoint,2017-2019,2017-01-01,3.0,,2017,1,1,2
549977,375,Nitrogen dioxide (NO2),Mean,ppb,UHF34,404406,Bayside Little Neck-Fresh Meadows,Annual Average 2017,2017-01-01,17.2,,2017,1,1,2
549779,375,Nitrogen dioxide (NO2),Mean,ppb,UHF42,107,Hunts Point - Mott Haven,Annual Average 2017,2017-01-01,20.39,,2017,1,1,2
549749,375,Nitrogen dioxide (NO2),Mean,ppb,Borough,2,Brooklyn,Annual Average 2017,2017-01-01,18.46,,2017,1,1,2
828023,655,Asthma hospitalizations due to Ozone,Estimated annual rate (under age 18),"per 100,000 children",UHF42,204,East New York,2017-2019,2017-01-01,30.0,,2017,1,1,2
828044,655,Asthma hospitalizations due to Ozone,Estimated annual rate (under age 18),"per 100,000 children",UHF42,404,Bayside - Little Neck,2017-2019,2017-01-01,3.0,,2017,1,1,2
827555,639,Deaths due to PM2.5,Estimated annual rate (age 30+),"per 100,000 adults",UHF42,210,Coney Island - Sheepshead Bay,2017-2019,2017-01-01,47.0,,2017,1,1,2
827853,653,Asthma emergency departments visits due to Ozone,Estimated annual rate (under age 18),"per 100,000 children",UHF42,404,Bayside - Little Neck,2017-2019,2017-01-01,18.0,,2017,1,1,2
547522,365,Fine particles (PM 2.5),Mean,mcg/m3,UHF34,206,Borough Park,Annual Average 2017,2017-01-01,7.27,,2017,1,1,2
827825,653,Asthma emergency departments visits due to Ozone,Estimated annual rate (under age 18),"per 100,000 children",UHF42,104,Pelham - Throgs Neck,2017-2019,2017-01-01,111.0,,2017,1,1,2
827524,651,Cardiovascular hospitalizations due to PM2.5 (age 40+),Estimated annual rate,"per 100,000 adults",UHF42,501,Port Richmond,2017-2019,2017-01-01,11.0,,2017,1,1,2
827514,651,Cardiovascular hospitalizations due to PM2.5 (age 40+),Estimated annual rate,"per 100,000 adults",UHF42,401,Long Island City - Astoria,2017-2019,2017-01-01,9.0,,2017,1,1,2
549851,375,Nitrogen dioxide (NO2),Mean,ppb,UHF42,403,Flushing - Clearview,Annual Average 2017,2017-01-01,18.5,,2017,1,1,2
547453,365,Fine particles (PM 2.5),Mean,mcg/m3,UHF42,401,Long Island City - Astoria,Annual Average 2017,2017-01-01,8.42,,2017,1,1,2
827822,653,Asthma emergency departments visits due to Ozone,Estimated annual rate (under age 18),"per 100,000 children",UHF42,101,Kingsbridge - Riverdale,2017-2019,2017-01-01,66.0,,2017,1,1,2
827622,650,Respiratory hospitalizations due to PM2.5 (age 20+),Estimated annual rate,"per 100,000 adults",UHF42,503,Willowbrook,2017-2019,2017-01-01,10.0,,2017,1,1,2
827443,648,Asthma emergency department visits due to PM2.5,Estimated annual rate (under age 18),"per 100,000 children",UHF42,405,Ridgewood - Forest Hills,2017-2019,2017-01-01,24.0,,2017,1,1,2
549947,375,Nitrogen dioxide (NO2),Mean,ppb,UHF34,402,West Queens,Annual Average 2017,2017-01-01,20.56,,2017,1,1,2
828051,655,Asthma hospitalizations due to Ozone,Estimated annual rate (under age 18),"per 100,000 children",UHF42,501,Port Richmond,2017-2019,2017-01-01,20.0,,2017,1,1,2
549878,375,Nitrogen dioxide (NO2),Mean,ppb,UHF42,502,Stapleton - St. George,Annual Average 2017,2017-01-01,14.63,,2017,1,1,2
827621,650,Respiratory hospitalizations due to PM2.5 (age 20+),Estimated annual rate,"per 100,000 adults",UHF42,502,Stapleton - St. George,2017-2019,2017-01-01,12.0,,2017,1,1,2
549845,375,Nitrogen dioxide (NO2),Mean,ppb,UHF42,401,Long Island City - Astoria,Annual Average 2017,2017-01-01,20.99,,2017,1,1,2
549914,375,Nitrogen dioxide (NO2),Mean,ppb,UHF34,206,Borough Park,Annual Average 2017,2017-01-01,18.81,,2017,1,1,2
547594,365,Fine particles (PM 2.5),Mean,mcg/m3,UHF34,105106107,South Bronx,Annual Average 2017,2017-01-01,8.2,,2017,1,1,2
547558,365,Fine particles (PM 2.5),Mean,mcg/m3,UHF34,403,Flushing - Clearview,Annual Average 2017,2017-01-01,7.27,,2017,1,1,2
547513,365,Fine particles (PM 2.5),Mean,mcg/m3,UHF34,203,Bedford Stuyvesant - Crown Heights,Annual Average 2017,2017-01-01,7.53,,2017,1,1,2
549938,375,Nitrogen dioxide (NO2),Mean,ppb,UHF34,303,East Harlem,Annual Average 2017,2017-01-01,22.41,,2017,1,1,2
549950,375,Nitrogen dioxide (NO2),Mean,ppb,UHF34,403,Flushing - Clearview,Annual Average 2017,2017-01-01,18.5,,2017,1,1,2
549944,375,Nitrogen dioxide (NO2),Mean,ppb,UHF34,401,Long Island City - Astoria,Annual Average 2017,2017-01-01,20.99,,2017,1,1,2
828014,655,Asthma hospitalizations due to Ozone,Estimated annual rate (under age 18),"per 100,000 children",UHF42,102,Northeast Bronx,2017-2019,2017-01-01,26.0,,2017,1,1,2
827477,648,Asthma emergency department visits due to PM2.5,Estimated annual rate (under age 18),"per 100,000 children",Borough,4,Queens,2017-2019,2017-01-01,40.0,,2017,1,1,2
827429,657,Asthma emergency department visits due to PM2.5,Estimated annual rate (age 18+),"per 100,000 adults",Borough,4,Queens,2017-2019,2017-01-01,14.0,,2017,1,1,2
549869,375,Nitrogen dioxide (NO2),Mean,ppb,UHF42,409,Southeast Queens,Annual Average 2017,2017-01-01,16.44,,2017,1,1,2
550142,375,Nitrogen dioxide (NO2),Mean,ppb,CD,409,Kew Gardens and Woodhaven (CD9),Annual Average 2017,2017-01-01,18.76,,2017,1,1,2
828167,652,Cardiac and respiratory deaths due to Ozone,Estimated annual rate,"per 100,000",UHF42,204,East New York,2017-2019,2017-01-01,4.0,,2017,1,1,2
827860,653,Asthma emergency departments visits due to Ozone,Estimated annual rate (under age 18),"per 100,000 children",UHF42,501,Port Richmond,2017-2019,2017-01-01,84.0,,2017,1,1,2
827522,651,Cardiovascular hospitalizations due to PM2.5 (age 40+),Estimated annual rate,"per 100,000 adults",UHF42,409,Southeast Queens,2017-2019,2017-01-01,6.0,,2017,1,1,2
828174,652,Cardiac and respiratory deaths due to Ozone,Estimated annual rate,"per 100,000",UHF42,211,Williamsburg - Bushwick,2017-2019,2017-01-01,4.0,,2017,1,1,2
827576,639,Deaths due to PM2.5,Estimated annual rate (age 30+),"per 100,000 adults",Borough,1,Bronx,2017-2019,2017-01-01,37.0,,2017,1,1,2
827575,639,Deaths due to PM2.5,Estimated annual rate (age 30+),"per 100,000 adults",Borough,2,Brooklyn,2017-2019,2017-01-01,35.0,,2017,1,1,2
827565,639,Deaths due to PM2.5,Estimated annual rate (age 30+),"per 100,000 adults",UHF42,107,Hunts Point - Mott Haven,2017-2019,2017-01-01,39.0,,2017,1,1,2
827546,639,Deaths due to PM2.5,Estimated annual rate (age 30+),"per 100,000 adults",UHF42,308,Greenwich Village - SoHo,2017-2019,2017-01-01,26.0,,2017,1,1,2
827480,648,Asthma emergency department visits due to PM2.5,Estimated annual rate (under age 18),"per 100,000 children",Borough,1,Bronx,2017-2019,2017-01-01,108.0,,2017,1,1,2
827479,648,Asthma emergency department visits due to PM2.5,Estimated annual rate (under age 18),"per 100,000 children",Borough,2,Brooklyn,2017-2019,2017-01-01,54.0,,2017,1,1,2
827570,639,Deaths due to PM2.5,Estimated annual rate (age 30+),"per 100,000 adults",UHF42,102,Northeast Bronx,2017-2019,2017-01-01,39.0,,2017,1,1,2
827563,639,Deaths due to PM2.5,Estimated annual rate (age 30+),"per 100,000 adults",UHF42,202,Downtown - Heights - Slope,2017-2019,2017-01-01,24.0,,2017,1,1,2
827909,659,Asthma emergency departments visits due to Ozone,Estimated annual rate (age 18+),"per 100,000 adults",UHF42,502,Stapleton - St. George,2017-2019,2017-01-01,45.0,,2017,1,1,2
547531,365,Fine particles (PM 2.5),Mean,mcg/m3,UHF34,209,Bensonhurst - Bay Ridge,Annual Average 2017,2017-01-01,7.06,,2017,1,1,2
828032,655,Asthma hospitalizations due to Ozone,Estimated annual rate (under age 18),"per 100,000 children",UHF42,302,Central Harlem - Morningside Heights,2017-2019,2017-01-01,32.0,,2017,1,1,2
827542,639,Deaths due to PM2.5,Estimated annual rate (age 30+),"per 100,000 adults",UHF42,402,West Queens,2017-2019,2017-01-01,24.0,,2017,1,1,2
827474,648,Asthma emergency department visits due to PM2.5,Estimated annual rate (under age 18),"per 100,000 children",UHF42,102,Northeast Bronx,2017-2019,2017-01-01,81.0,,2017,1,1,2
828154,652,Cardiac and respiratory deaths due to Ozone,Estimated annual rate,"per 100,000",Borough,3,Manhattan,2017-2019,2017-01-01,4.0,,2017,1,1,2
827459,648,Asthma emergency department visits due to PM2.5,Estimated annual rate (under age 18),"per 100,000 children",UHF42,210,Coney Island - Sheepshead Bay,2017-2019,2017-01-01,30.0,,2017,1,1,2
827470,648,Asthma emergency department visits due to PM2.5,Estimated annual rate (under age 18),"per 100,000 children",UHF42,106,High Bridge - Morrisania,2017-2019,2017-01-01,138.0,,2017,1,1,2
827515,651,Cardiovascular hospitalizations due to PM2.5 (age 40+),Estimated annual rate,"per 100,000 adults",UHF42,402,West Queens,2017-2019,2017-01-01,7.0,,2017,1,1,2
828196,652,Cardiac and respiratory deaths due to Ozone,Estimated annual rate,"per 100,000",UHF42,502,Stapleton - St. George,2017-2019,2017-01-01,8.0,,2017,1,1,2
827391,657,Asthma emergency department visits due to PM2.5,Estimated annual rate (age 18+),"per 100,000 adults",UHF42,409,Southeast Queens,2017-2019,2017-01-01,11.0,,2017,1,1,2
827823,653,Asthma emergency departments visits due to Ozone,Estimated annual rate (under age 18),"per 100,000 children",UHF42,102,Northeast Bronx,2017-2019,2017-01-01,116.0,,2017,1,1,2
827452,648,Asthma emergency department visits due to PM2.5,Estimated annual rate (under age 18),"per 100,000 children",UHF42,306,Chelsea - Clinton,2017-2019,2017-01-01,50.0,,2017,1,1,2
827467,648,Asthma emergency department visits due to PM2.5,Estimated annual rate (under age 18),"per 100,000 children",UHF42,202,Downtown - Heights - Slope,2017-2019,2017-01-01,43.0,,2017,1,1,2
549953,375,Nitrogen dioxide (NO2),Mean,ppb,UHF34,405,Ridgewood - Forest Hills,Annual Average 2017,2017-01-01,18.65,,2017,1,1,2
549902,375,Nitrogen dioxide (NO2),Mean,ppb,UHF34,202,Downtown - Heights - Slope,Annual Average 2017,2017-01-01,21.12,,2017,1,1,2
549848,375,Nitrogen dioxide (NO2),Mean,ppb,UHF42,402,West Queens,Annual Average 2017,2017-01-01,20.56,,2017,1,1,2
827902,659,Asthma emergency departments visits due to Ozone,Estimated annual rate (age 18+),"per 100,000 adults",UHF42,405,Ridgewood - Forest Hills,2017-2019,2017-01-01,13.0,,2017,1,1,2
827890,659,Asthma emergency departments visits due to Ozone,Estimated annual rate (age 18+),"per 100,000 adults",UHF42,303,East Harlem,2017-2019,2017-01-01,127.0,,2017,1,1,2
828094,661,Asthma hospitalizations due to Ozone,Estimated annual rate (age 18+),"per 100,000 adults",UHF42,406,Fresh Meadows,2017-2019,2017-01-01,2.0,,2017,1,1,2
827458,648,Asthma emergency department visits due to PM2.5,Estimated annual rate (under age 18),"per 100,000 children",UHF42,211,Williamsburg - Bushwick,2017-2019,2017-01-01,88.0,,2017,1,1,2
828062,661,Asthma hospitalizations due to Ozone,Estimated annual rate (age 18+),"per 100,000 adults",UHF42,102,Northeast Bronx,2017-2019,2017-01-01,5.0,,2017,1,1,2
827879,659,Asthma emergency departments visits due to Ozone,Estimated annual rate (age 18+),"per 100,000 adults",UHF42,203,Bedford Stuyvesant - Crown Heights,2017-2019,2017-01-01,78.0,,2017,1,1,2
547492,365,Fine particles (PM 2.5),Mean,mcg/m3,UHF42,504,South Beach - Tottenville,Annual Average 2017,2017-01-01,6.58,,2017,1,1,2
827900,659,Asthma emergency departments visits due to Ozone,Estimated annual rate (age 18+),"per 100,000 adults",UHF42,403,Flushing - Clearview,2017-2019,2017-01-01,10.0,,2017,1,1,2
827453,648,Asthma emergency department visits due to PM2.5,Estimated annual rate (under age 18),"per 100,000 children",UHF42,305,Upper East Side,2017-2019,2017-01-01,16.0,,2017,1,1,2
827455,648,Asthma emergency department visits due to PM2.5,Estimated annual rate (under age 18),"per 100,000 children",UHF42,303,East Harlem,2017-2019,2017-01-01,160.0,,2017,1,1,2
828093,661,Asthma hospitalizations due to Ozone,Estimated annual rate (age 18+),"per 100,000 adults",UHF42,405,Ridgewood - Forest Hills,2017-2019,2017-01-01,1.0,,2017,1,1,2
827582,650,Respiratory hospitalizations due to PM2.5 (age 20+),Estimated annual rate,"per 100,000 adults",UHF42,101,Kingsbridge - Riverdale,2017-2019,2017-01-01,9.0,,2017,1,1,2
827610,650,Respiratory hospitalizations due to PM2.5 (age 20+),Estimated annual rate,"per 100,000 adults",UHF42,401,Long Island City - Astoria,2017-2019,2017-01-01,5.0,,2017,1,1,2
550073,375,Nitrogen dioxide (NO2),Mean,ppb,CD,304,Bushwick (CD4),Annual Average 2017,2017-01-01,19.75,,2017,1,1,2
549998,375,Nitrogen dioxide (NO2),Mean,ppb,CD,103,Lower East Side and Chinatown (CD3),Annual Average 2017,2017-01-01,23.65,,2017,1,1,2
827519,651,Cardiovascular hospitalizations due to PM2.5 (age 40+),Estimated annual rate,"per 100,000 adults",UHF42,406,Fresh Meadows,2017-2019,2017-01-01,6.0,,2017,1,1,2
827494,651,Cardiovascular hospitalizations due to PM2.5 (age 40+),Estimated annual rate,"per 100,000 adults",UHF42,202,Downtown - Heights - Slope,2017-2019,2017-01-01,9.0,,2017,1,1,2
827509,651,Cardiovascular hospitalizations due to PM2.5 (age 40+),Estimated annual rate,"per 100,000 adults",UHF42,306,Chelsea - Clinton,2017-2019,2017-01-01,8.0,,2017,1,1,2
827405,657,Asthma emergency department visits due to PM2.5,Estimated annual rate (age 18+),"per 100,000 adults",UHF42,305,Upper East Side,2017-2019,2017-01-01,6.0,,2017,1,1,2
828065,661,Asthma hospitalizations due to Ozone,Estimated annual rate (age 18+),"per 100,000 adults",UHF42,105,Crotona -Tremont,2017-2019,2017-01-01,7.0,,2017,1,1,2
828070,661,Asthma hospitalizations due to Ozone,Estimated annual rate (age 18+),"per 100,000 adults",UHF42,203,Bedford Stuyvesant - Crown Heights,2017-2019,2017-01-01,3.0,,2017,1,1,2
827415,657,Asthma emergency department visits due to PM2.5,Estimated annual rate (age 18+),"per 100,000 adults",UHF42,206,Borough Park,2017-2019,2017-01-01,10.0,,2017,1,1,2
827454,648,Asthma emergency department visits due to PM2.5,Estimated annual rate (under age 18),"per 100,000 children",UHF42,304,Upper West Side,2017-2019,2017-01-01,40.0,,2017,1,1,2
549761,375,Nitrogen dioxide (NO2),Mean,ppb,UHF42,101,Kingsbridge - Riverdale,Annual Average 2017,2017-01-01,17.28,,2017,1,1,2
550127,375,Nitrogen dioxide (NO2),Mean,ppb,CD,404,Elmhurst and Corona (CD4),Annual Average 2017,2017-01-01,21.26,,2017,1,1,2
827440,648,Asthma emergency department visits due to PM2.5,Estimated annual rate (under age 18),"per 100,000 children",UHF42,408,Jamaica,2017-2019,2017-01-01,59.0,,2017,1,1,2
827441,648,Asthma emergency department visits due to PM2.5,Estimated annual rate (under age 18),"per 100,000 children",UHF42,407,Southwest Queens,2017-2019,2017-01-01,38.0,,2017,1,1,2
549830,375,Nitrogen dioxide (NO2),Mean,ppb,UHF42,306,Chelsea - Clinton,Annual Average 2017,2017-01-01,28.46,,2017,1,1,2
827908,659,Asthma emergency departments visits due to Ozone,Estimated annual rate (age 18+),"per 100,000 adults",UHF42,501,Port Richmond,2017-2019,2017-01-01,64.0,,2017,1,1,2
549860,375,Nitrogen dioxide (NO2),Mean,ppb,UHF42,406,Fresh Meadows,Annual Average 2017,2017-01-01,18.11,,2017,1,1,2
550118,375,Nitrogen dioxide (NO2),Mean,ppb,CD,401,Long Island City and Astoria (CD1),Annual Average 2017,2017-01-01,20.26,,2017,1,1,2
827413,657,Asthma emergency department visits due to PM2.5,Estimated annual rate (age 18+),"per 100,000 adults",UHF42,208,Canarsie - Flatlands,2017-2019,2017-01-01,27.0,,2017,1,1,2
827392,657,Asthma emergency department visits due to PM2.5,Estimated annual rate (age 18+),"per 100,000 adults",UHF42,408,Jamaica,2017-2019,2017-01-01,23.0,,2017,1,1,2
827435,648,Asthma emergency department visits due to PM2.5,Estimated annual rate (under age 18),"per 100,000 children",UHF42,503,Willowbrook,2017-2019,2017-01-01,15.0,,2017,1,1,2
827431,657,Asthma emergency department visits due to PM2.5,Estimated annual rate (age 18+),"per 100,000 adults",Borough,2,Brooklyn,2017-2019,2017-01-01,30.0,,2017,1,1,2
827445,648,Asthma emergency department visits due to PM2.5,Estimated annual rate (under age 18),"per 100,000 children",UHF42,403,Flushing - Clearview,2017-2019,2017-01-01,25.0,,2017,1,1,2
549941,375,Nitrogen dioxide (NO2),Mean,ppb,UHF34,304,Upper West Side,Annual Average 2017,2017-01-01,23.39,,2017,1,1,2
827432,657,Asthma emergency department visits due to PM2.5,Estimated annual rate (age 18+),"per 100,000 adults",Borough,1,Bronx,2017-2019,2017-01-01,52.0,,2017,1,1,2
547687,365,Fine particles (PM 2.5),Mean,mcg/m3,CD,306,Park Slope and Carroll Gardens (CD6),Annual Average 2017,2017-01-01,8.38,,2017,1,1,2
828085,661,Asthma hospitalizations due to Ozone,Estimated annual rate (age 18+),"per 100,000 adults",UHF42,307,Gramercy Park - Murray Hill,2017-2019,2017-01-01,1.0,,2017,1,1,2
828057,661,Asthma hospitalizations due to Ozone,Estimated annual rate (age 18+),"per 100,000 adults",Borough,2,Brooklyn,2017-2019,2017-01-01,2.0,,2017,1,1,2
828056,661,Asthma hospitalizations due to Ozone,Estimated annual rate (age 18+),"per 100,000 adults",Borough,1,Bronx,2017-2019,2017-01-01,7.0,,2017,1,1,2
827887,659,Asthma emergency departments visits due to Ozone,Estimated annual rate (age 18+),"per 100,000 adults",UHF42,211,Williamsburg - Bushwick,2017-2019,2017-01-01,71.0,,2017,1,1,2
550112,375,Nitrogen dioxide (NO2),Mean,ppb,CD,317,East Flatbush (CD17),Annual Average 2017,2017-01-01,18.93,,2017,1,1,2
827911,659,Asthma emergency departments visits due to Ozone,Estimated annual rate (age 18+),"per 100,000 adults",UHF42,504,South Beach - Tottenville,2017-2019,2017-01-01,10.0,,2017,1,1,2
827873,659,Asthma emergency departments visits due to Ozone,Estimated annual rate (age 18+),"per 100,000 adults",UHF42,104,Pelham - Throgs Neck,2017-2019,2017-01-01,50.0,,2017,1,1,2
550124,375,Nitrogen dioxide (NO2),Mean,ppb,CD,403,Jackson Heights (CD3),Annual Average 2017,2017-01-01,20.48,,2017,1,1,2
828075,661,Asthma hospitalizations due to Ozone,Estimated annual rate (age 18+),"per 100,000 adults",UHF42,208,Canarsie - Flatlands,2017-2019,2017-01-01,2.0,,2017,1,1,2
827578,650,Respiratory hospitalizations due to PM2.5 (age 20+),Estimated annual rate,"per 100,000 adults",Borough,2,Brooklyn,2017-2019,2017-01-01,7.0,,2017,1,1,2
827577,650,Respiratory hospitalizations due to PM2.5 (age 20+),Estimated annual rate,"per 100,000 adults",Borough,1,Bronx,2017-2019,2017-01-01,12.0,,2017,1,1,2
827865,659,Asthma emergency departments visits due to Ozone,Estimated annual rate (age 18+),"per 100,000 adults",Borough,1,Bronx,2017-2019,2017-01-01,74.0,,2017,1,1,2
827824,653,Asthma emergency departments visits due to Ozone,Estimated annual rate (under age 18),"per 100,000 children",UHF42,103,Fordham - Bronx Pk,2017-2019,2017-01-01,150.0,,2017,1,1,2
547369,365,Fine particles (PM 2.5),Mean,mcg/m3,UHF42,101,Kingsbridge - Riverdale,Annual Average 2017,2017-01-01,7.41,,2017,1,1,2
828073,661,Asthma hospitalizations due to Ozone,Estimated annual rate (age 18+),"per 100,000 adults",UHF42,206,Borough Park,2017-2019,2017-01-01,1.0,,2017,1,1,2
828076,661,Asthma hospitalizations due to Ozone,Estimated annual rate (age 18+),"per 100,000 adults",UHF42,209,Bensonhurst - Bay Ridge,2017-2019,2017-01-01,1.0,,2017,1,1,2
828087,661,Asthma hospitalizations due to Ozone,Estimated annual rate (age 18+),"per 100,000 adults",UHF42,309,Union Square - Lower East Side,2017-2019,2017-01-01,2.0,,2017,1,1,2
550085,375,Nitrogen dioxide (NO2),Mean,ppb,CD,308,Crown Heights and Prospect Heights (CD8),Annual Average 2017,2017-01-01,20.54,,2017,1,1,2
827614,650,Respiratory hospitalizations due to PM2.5 (age 20+),Estimated annual rate,"per 100,000 adults",UHF42,405,Ridgewood - Forest Hills,2017-2019,2017-01-01,5.0,,2017,1,1,2
827586,650,Respiratory hospitalizations due to PM2.5 (age 20+),Estimated annual rate,"per 100,000 adults",UHF42,105,Crotona -Tremont,2017-2019,2017-01-01,13.0,,2017,1,1,2
827868,659,Asthma emergency departments visits due to Ozone,Estimated annual rate (age 18+),"per 100,000 adults",Borough,4,Queens,2017-2019,2017-01-01,22.0,,2017,1,1,2
547729,365,Fine particles (PM 2.5),Mean,mcg/m3,CD,402,Woodside and Sunnyside (CD2),Annual Average 2017,2017-01-01,8.93,,2017,1,1,2
828015,655,Asthma hospitalizations due to Ozone,Estimated annual rate (under age 18),"per 100,000 children",UHF42,103,Fordham - Bronx Pk,2017-2019,2017-01-01,31.0,,2017,1,1,2
827844,653,Asthma emergency departments visits due to Ozone,Estimated annual rate (under age 18),"per 100,000 children",UHF42,305,Upper East Side,2017-2019,2017-01-01,21.0,,2017,1,1,2
549854,375,Nitrogen dioxide (NO2),Mean,ppb,UHF42,404,Bayside - Little Neck,Annual Average 2017,2017-01-01,16.59,,2017,1,1,2
827457,648,Asthma emergency department visits due to PM2.5,Estimated annual rate (under age 18),"per 100,000 children",UHF42,301,Washington Heights,2017-2019,2017-01-01,62.0,,2017,1,1,2
547654,365,Fine particles (PM 2.5),Mean,mcg/m3,CD,207,Kingsbridge Heights and Bedford (CD7),Annual Average 2017,2017-01-01,7.73,,2017,1,1,2
549815,375,Nitrogen dioxide (NO2),Mean,ppb,UHF42,301,Washington Heights,Annual Average 2017,2017-01-01,20.56,,2017,1,1,2
827437,648,Asthma emergency department visits due to PM2.5,Estimated annual rate (under age 18),"per 100,000 children",UHF42,501,Port Richmond,2017-2019,2017-01-01,58.0,,2017,1,1,2
549782,375,Nitrogen dioxide (NO2),Mean,ppb,UHF42,201,Greenpoint,Annual Average 2017,2017-01-01,21.19,,2017,1,1,2
549875,375,Nitrogen dioxide (NO2),Mean,ppb,UHF42,501,Port Richmond,Annual Average 2017,2017-01-01,16.98,,2017,1,1,2
549791,375,Nitrogen dioxide (NO2),Mean,ppb,UHF42,204,East New York,Annual Average 2017,2017-01-01,18.31,,2017,1,1,2
827866,659,Asthma emergency departments visits due to Ozone,Estimated annual rate (age 18+),"per 100,000 adults",Borough,2,Brooklyn,2017-2019,2017-01-01,43.0,,2017,1,1,2
550121,375,Nitrogen dioxide (NO2),Mean,ppb,CD,402,Woodside and Sunnyside (CD2),Annual Average 2017,2017-01-01,20.72,,2017,1,1,2
827436,648,Asthma emergency department visits due to PM2.5,Estimated annual rate (under age 18),"per 100,000 children",UHF42,502,Stapleton - St. George,2017-2019,2017-01-01,49.0,,2017,1,1,2
827446,648,Asthma emergency department visits due to PM2.5,Estimated annual rate (under age 18),"per 100,000 children",UHF42,402,West Queens,2017-2019,2017-01-01,51.0,,2017,1,1,2
827447,648,Asthma emergency department visits due to PM2.5,Estimated annual rate (under age 18),"per 100,000 children",UHF42,401,Long Island City - Astoria,2017-2019,2017-01-01,42.0,,2017,1,1,2
827468,648,Asthma emergency department visits due to PM2.5,Estimated annual rate (under age 18),"per 100,000 children",UHF42,201,Greenpoint,2017-2019,2017-01-01,21.0,,2017,1,1,2
827609,650,Respiratory hospitalizations due to PM2.5 (age 20+),Estimated annual rate,"per 100,000 adults",UHF42,310,Lower Manhattan,2017-2019,2017-01-01,4.0,,2017,1,1,2
827529,639,Deaths due to PM2.5,Estimated annual rate (age 30+),"per 100,000 adults",Citywide,1,New York City,2017-2019,2017-01-01,33.0,,2017,1,1,2
827870,659,Asthma emergency departments visits due to Ozone,Estimated annual rate (age 18+),"per 100,000 adults",UHF42,101,Kingsbridge - Riverdale,2017-2019,2017-01-01,24.0,,2017,1,1,2
827898,659,Asthma emergency departments visits due to Ozone,Estimated annual rate (age 18+),"per 100,000 adults",UHF42,401,Long Island City - Astoria,2017-2019,2017-01-01,23.0,,2017,1,1,2
827876,659,Asthma emergency departments visits due to Ozone,Estimated annual rate (age 18+),"per 100,000 adults",UHF42,107,Hunts Point - Mott Haven,2017-2019,2017-01-01,116.0,,2017,1,1,2
827564,639,Deaths due to PM2.5,Estimated annual rate (age 30+),"per 100,000 adults",UHF42,201,Greenpoint,2017-2019,2017-01-01,33.0,,2017,1,1,2
547549,365,Fine particles (PM 2.5),Mean,mcg/m3,UHF34,304,Upper West Side,Annual Average 2017,2017-01-01,8.33,,2017,1,1,2
827571,639,Deaths due to PM2.5,Estimated annual rate (age 30+),"per 100,000 adults",UHF42,101,Kingsbridge - Riverdale,2017-2019,2017-01-01,50.0,,2017,1,1,2
827533,639,Deaths due to PM2.5,Estimated annual rate (age 30+),"per 100,000 adults",UHF42,501,Port Richmond,2017-2019,2017-01-01,38.0,,2017,1,1,2
827598,650,Respiratory hospitalizations due to PM2.5 (age 20+),Estimated annual rate,"per 100,000 adults",UHF42,210,Coney Island - Sheepshead Bay,2017-2019,2017-01-01,10.0,,2017,1,1,2
828077,661,Asthma hospitalizations due to Ozone,Estimated annual rate (age 18+),"per 100,000 adults",UHF42,210,Coney Island - Sheepshead Bay,2017-2019,2017-01-01,2.0,,2017,1,1,2
827587,650,Respiratory hospitalizations due to PM2.5 (age 20+),Estimated annual rate,"per 100,000 adults",UHF42,106,High Bridge - Morrisania,2017-2019,2017-01-01,15.0,,2017,1,1,2
549926,375,Nitrogen dioxide (NO2),Mean,ppb,UHF34,210,Coney Island - Sheepshead Bay,Annual Average 2017,2017-01-01,16.08,,2017,1,1,2
550091,375,Nitrogen dioxide (NO2),Mean,ppb,CD,310,Bay Ridge and Dyker Heights (CD10),Annual Average 2017,2017-01-01,18.24,,2017,1,1,2
827486,651,Cardiovascular hospitalizations due to PM2.5 (age 40+),Estimated annual rate,"per 100,000 adults",UHF42,101,Kingsbridge - Riverdale,2017-2019,2017-01-01,10.0,,2017,1,1,2
827894,659,Asthma emergency departments visits due to Ozone,Estimated annual rate (age 18+),"per 100,000 adults",UHF42,307,Gramercy Park - Murray Hill,2017-2019,2017-01-01,16.0,,2017,1,1,2
547543,365,Fine particles (PM 2.5),Mean,mcg/m3,UHF34,302,Central Harlem - Morningside Heights,Annual Average 2017,2017-01-01,7.93,,2017,1,1,2
827617,650,Respiratory hospitalizations due to PM2.5 (age 20+),Estimated annual rate,"per 100,000 adults",UHF42,408,Jamaica,2017-2019,2017-01-01,6.0,,2017,1,1,2
549894,375,Nitrogen dioxide (NO2),Mean,ppb,UHF34,103,Fordham - Bronx Pk,Winter 2016-17,2016-12-01,26.33,,2016,12,4,2
550080,375,Nitrogen dioxide (NO2),Mean,ppb,CD,306,Park Slope and Carroll Gardens (CD6),Winter 2016-17,2016-12-01,25.83,,2016,12,4,2
547610,365,Fine particles (PM 2.5),Mean,mcg/m3,CD,104,Clinton and Chelsea (CD4),Winter 2016-17,2016-12-01,9.5,,2016,12,4,2
550122,375,Nitrogen dioxide (NO2),Mean,ppb,CD,402,Woodside and Sunnyside (CD2),Winter 2016-17,2016-12-01,26.54,,2016,12,4,2
549909,375,Nitrogen dioxide (NO2),Mean,ppb,UHF34,204,East New York,Winter 2016-17,2016-12-01,24.86,,2016,12,4,2
549933,375,Nitrogen dioxide (NO2),Mean,ppb,UHF34,301,Washington Heights,Winter 2016-17,2016-12-01,26.85,,2016,12,4,2
547529,365,Fine particles (PM 2.5),Mean,mcg/m3,UHF34,208,Canarsie - Flatlands,Winter 2016-17,2016-12-01,7.61,,2016,12,4,2
549903,375,Nitrogen dioxide (NO2),Mean,ppb,UHF34,202,Downtown - Heights - Slope,Winter 2016-17,2016-12-01,26.27,,2016,12,4,2
547709,365,Fine particles (PM 2.5),Mean,mcg/m3,CD,313,Coney Island (CD13),Winter 2016-17,2016-12-01,7.31,,2016,12,4,2
547595,365,Fine particles (PM 2.5),Mean,mcg/m3,UHF34,105106107,South Bronx,Winter 2016-17,2016-12-01,8.68,,2016,12,4,2
549942,375,Nitrogen dioxide (NO2),Mean,ppb,UHF34,304,Upper West Side,Winter 2016-17,2016-12-01,28.64,,2016,12,4,2
547568,365,Fine particles (PM 2.5),Mean,mcg/m3,UHF34,408,Jamaica,Winter 2016-17,2016-12-01,7.93,,2016,12,4,2
547460,365,Fine particles (PM 2.5),Mean,mcg/m3,UHF42,403,Flushing - Clearview,Winter 2016-17,2016-12-01,8.01,,2016,12,4,2
547382,365,Fine particles (PM 2.5),Mean,mcg/m3,UHF42,105,Crotona -Tremont,Winter 2016-17,2016-12-01,8.63,,2016,12,4,2
549882,375,Nitrogen dioxide (NO2),Mean,ppb,UHF42,503,Willowbrook,Winter 2016-17,2016-12-01,18.77,,2016,12,4,2
547466,365,Fine particles (PM 2.5),Mean,mcg/m3,UHF42,405,Ridgewood - Forest Hills,Winter 2016-17,2016-12-01,7.93,,2016,12,4,2
549801,375,Nitrogen dioxide (NO2),Mean,ppb,UHF42,207,East Flatbush - Flatbush,Winter 2016-17,2016-12-01,25.18,,2016,12,4,2
547766,365,Fine particles (PM 2.5),Mean,mcg/m3,CD,414,Rockaway and Broad Channel (CD14),Winter 2016-17,2016-12-01,7.29,,2016,12,4,2
547496,365,Fine particles (PM 2.5),Mean,mcg/m3,UHF34,101,Kingsbridge - Riverdale,Winter 2016-17,2016-12-01,7.91,,2016,12,4,2
547571,365,Fine particles (PM 2.5),Mean,mcg/m3,UHF34,409,Southeast Queens,Winter 2016-17,2016-12-01,7.7,,2016,12,4,2
549885,375,Nitrogen dioxide (NO2),Mean,ppb,UHF42,504,South Beach - Tottenville,Winter 2016-17,2016-12-01,17.51,,2016,12,4,2
550104,375,Nitrogen dioxide (NO2),Mean,ppb,CD,314,Flatbush and Midwood (CD14),Winter 2016-17,2016-12-01,24.72,,2016,12,4,2
549771,375,Nitrogen dioxide (NO2),Mean,ppb,UHF42,104,Pelham - Throgs Neck,Winter 2016-17,2016-12-01,25.91,,2016,12,4,2
549843,375,Nitrogen dioxide (NO2),Mean,ppb,UHF42,310,Lower Manhattan,Winter 2016-17,2016-12-01,30.24,,2016,12,4,2
549807,375,Nitrogen dioxide (NO2),Mean,ppb,UHF42,209,Bensonhurst - Bay Ridge,Winter 2016-17,2016-12-01,23.78,,2016,12,4,2
547472,365,Fine particles (PM 2.5),Mean,mcg/m3,UHF42,407,Southwest Queens,Winter 2016-17,2016-12-01,7.69,,2016,12,4,2
547442,365,Fine particles (PM 2.5),Mean,mcg/m3,UHF42,307,Gramercy Park - Murray Hill,Winter 2016-17,2016-12-01,10.47,,2016,12,4,2
550014,375,Nitrogen dioxide (NO2),Mean,ppb,CD,108,Upper East Side (CD8),Winter 2016-17,2016-12-01,30.3,,2016,12,4,2
549795,375,Nitrogen dioxide (NO2),Mean,ppb,UHF42,205,Sunset Park,Winter 2016-17,2016-12-01,24.33,,2016,12,4,2
550074,375,Nitrogen dioxide (NO2),Mean,ppb,CD,304,Bushwick (CD4),Winter 2016-17,2016-12-01,25.93,,2016,12,4,2
549813,375,Nitrogen dioxide (NO2),Mean,ppb,UHF42,211,Williamsburg - Bushwick,Winter 2016-17,2016-12-01,26.64,,2016,12,4,2
549966,375,Nitrogen dioxide (NO2),Mean,ppb,UHF34,410,Rockaways,Winter 2016-17,2016-12-01,21.06,,2016,12,4,2
549858,375,Nitrogen dioxide (NO2),Mean,ppb,UHF42,405,Ridgewood - Forest Hills,Winter 2016-17,2016-12-01,25.06,,2016,12,4,2
547622,365,Fine particles (PM 2.5),Mean,mcg/m3,CD,108,Upper East Side (CD8),Winter 2016-17,2016-12-01,9.15,,2016,12,4,2
549768,375,Nitrogen dioxide (NO2),Mean,ppb,UHF42,103,Fordham - Bronx Pk,Winter 2016-17,2016-12-01,26.33,,2016,12,4,2
549792,375,Nitrogen dioxide (NO2),Mean,ppb,UHF42,204,East New York,Winter 2016-17,2016-12-01,24.86,,2016,12,4,2
547538,365,Fine particles (PM 2.5),Mean,mcg/m3,UHF34,211,Williamsburg - Bushwick,Winter 2016-17,2016-12-01,8.62,,2016,12,4,2
547463,365,Fine particles (PM 2.5),Mean,mcg/m3,UHF42,404,Bayside - Little Neck,Winter 2016-17,2016-12-01,7.87,,2016,12,4,2
549996,375,Nitrogen dioxide (NO2),Mean,ppb,CD,102,Greenwich Village and Soho (CD2),Winter 2016-17,2016-12-01,30.22,,2016,12,4,2
550035,375,Nitrogen dioxide (NO2),Mean,ppb,CD,203,Morrisania and Crotona (CD3),Winter 2016-17,2016-12-01,27.46,,2016,12,4,2
547763,365,Fine particles (PM 2.5),Mean,mcg/m3,CD,413,Queens Village (CD13),Winter 2016-17,2016-12-01,7.72,,2016,12,4,2
550155,375,Nitrogen dioxide (NO2),Mean,ppb,CD,413,Queens Village (CD13),Winter 2016-17,2016-12-01,24.09,,2016,12,4,2
550020,375,Nitrogen dioxide (NO2),Mean,ppb,CD,110,Central Harlem (CD10),Winter 2016-17,2016-12-01,28.69,,2016,12,4,2
549822,375,Nitrogen dioxide (NO2),Mean,ppb,UHF42,303,East Harlem,Winter 2016-17,2016-12-01,28.06,,2016,12,4,2
547715,365,Fine particles (PM 2.5),Mean,mcg/m3,CD,315,Sheepshead Bay (CD15),Winter 2016-17,2016-12-01,7.4,,2016,12,4,2
550158,375,Nitrogen dioxide (NO2),Mean,ppb,CD,414,Rockaway and Broad Channel (CD14),Winter 2016-17,2016-12-01,20.94,,2016,12,4,2
549855,375,Nitrogen dioxide (NO2),Mean,ppb,UHF42,404,Bayside - Little Neck,Winter 2016-17,2016-12-01,23.82,,2016,12,4,2
550152,375,Nitrogen dioxide (NO2),Mean,ppb,CD,412,Jamaica and Hollis (CD12),Winter 2016-17,2016-12-01,24.97,,2016,12,4,2
547370,365,Fine particles (PM 2.5),Mean,mcg/m3,UHF42,101,Kingsbridge - Riverdale,Winter 2016-17,2016-12-01,7.91,,2016,12,4,2
550146,375,Nitrogen dioxide (NO2),Mean,ppb,CD,410,South Ozone Park and Howard Beach (CD10),Winter 2016-17,2016-12-01,24.45,,2016,12,4,2
550149,375,Nitrogen dioxide (NO2),Mean,ppb,CD,411,Bayside and Little Neck (CD11),Winter 2016-17,2016-12-01,24.15,,2016,12,4,2
547586,365,Fine particles (PM 2.5),Mean,mcg/m3,UHF34,404406,Bayside Little Neck-Fresh Meadows,Winter 2016-17,2016-12-01,7.85,,2016,12,4,2
547631,365,Fine particles (PM 2.5),Mean,mcg/m3,CD,111,East Harlem (CD11),Winter 2016-17,2016-12-01,8.43,,2016,12,4,2
547355,365,Fine particles (PM 2.5),Mean,mcg/m3,Borough,1,Bronx,Winter 2016-17,2016-12-01,8.3,,2016,12,4,2
549825,375,Nitrogen dioxide (NO2),Mean,ppb,UHF42,304,Upper West Side,Winter 2016-17,2016-12-01,28.64,,2016,12,4,2
547685,365,Fine particles (PM 2.5),Mean,mcg/m3,CD,305,East New York and Starrett City (CD5),Winter 2016-17,2016-12-01,8.09,,2016,12,4,2
547475,365,Fine particles (PM 2.5),Mean,mcg/m3,UHF42,408,Jamaica,Winter 2016-17,2016-12-01,7.93,,2016,12,4,2
547577,365,Fine particles (PM 2.5),Mean,mcg/m3,UHF34,305307,Upper East Side-Gramercy,Winter 2016-17,2016-12-01,9.76,,2016,12,4,2
547550,365,Fine particles (PM 2.5),Mean,mcg/m3,UHF34,304,Upper West Side,Winter 2016-17,2016-12-01,8.59,,2016,12,4,2
547376,365,Fine particles (PM 2.5),Mean,mcg/m3,UHF42,103,Fordham - Bronx Pk,Winter 2016-17,2016-12-01,8.09,,2016,12,4,2
547727,365,Fine particles (PM 2.5),Mean,mcg/m3,CD,401,Long Island City and Astoria (CD1),Winter 2016-17,2016-12-01,8.19,,2016,12,4,2
547670,365,Fine particles (PM 2.5),Mean,mcg/m3,CD,212,Williamsbridge and Baychester (CD12),Winter 2016-17,2016-12-01,8.04,,2016,12,4,2
547616,365,Fine particles (PM 2.5),Mean,mcg/m3,CD,106,Stuyvesant Town and Turtle Bay (CD6),Winter 2016-17,2016-12-01,9.92,,2016,12,4,2
547673,365,Fine particles (PM 2.5),Mean,mcg/m3,CD,301,Greenpoint and Williamsburg (CD1),Winter 2016-17,2016-12-01,9.4,,2016,12,4,2
547643,365,Fine particles (PM 2.5),Mean,mcg/m3,CD,203,Morrisania and Crotona (CD3),Winter 2016-17,2016-12-01,8.38,,2016,12,4,2
547625,365,Fine particles (PM 2.5),Mean,mcg/m3,CD,109,Morningside Heights and Hamilton Heights (CD9),Winter 2016-17,2016-12-01,8.3,,2016,12,4,2
547700,365,Fine particles (PM 2.5),Mean,mcg/m3,CD,310,Bay Ridge and Dyker Heights (CD10),Winter 2016-17,2016-12-01,7.53,,2016,12,4,2
549759,375,Nitrogen dioxide (NO2),Mean,ppb,Borough,5,Staten Island,Winter 2016-17,2016-12-01,18.72,,2016,12,4,2
547580,365,Fine particles (PM 2.5),Mean,mcg/m3,UHF34,306308,Chelsea-Village,Winter 2016-17,2016-12-01,9.74,,2016,12,4,2
550095,375,Nitrogen dioxide (NO2),Mean,ppb,CD,311,Bensonhurst (CD11),Winter 2016-17,2016-12-01,24.63,,2016,12,4,2
547703,365,Fine particles (PM 2.5),Mean,mcg/m3,CD,311,Bensonhurst (CD11),Winter 2016-17,2016-12-01,7.4,,2016,12,4,2
547367,365,Fine particles (PM 2.5),Mean,mcg/m3,Borough,5,Staten Island,Winter 2016-17,2016-12-01,7.07,,2016,12,4,2
547394,365,Fine particles (PM 2.5),Mean,mcg/m3,UHF42,202,Downtown - Heights - Slope,Winter 2016-17,2016-12-01,8.52,,2016,12,4,2
549831,375,Nitrogen dioxide (NO2),Mean,ppb,UHF42,306,Chelsea - Clinton,Winter 2016-17,2016-12-01,32.93,,2016,12,4,2
547649,365,Fine particles (PM 2.5),Mean,mcg/m3,CD,205,Fordham and University Heights (CD5),Winter 2016-17,2016-12-01,8.72,,2016,12,4,2
547697,365,Fine particles (PM 2.5),Mean,mcg/m3,CD,309,South Crown Heights and Lefferts Gardens (CD9),Winter 2016-17,2016-12-01,7.74,,2016,12,4,2
550056,375,Nitrogen dioxide (NO2),Mean,ppb,CD,210,Throgs Neck and Co-op City (CD10),Winter 2016-17,2016-12-01,25.37,,2016,12,4,2
549888,375,Nitrogen dioxide (NO2),Mean,ppb,UHF34,101,Kingsbridge - Riverdale,Winter 2016-17,2016-12-01,24.27,,2016,12,4,2
549765,375,Nitrogen dioxide (NO2),Mean,ppb,UHF42,102,Northeast Bronx,Winter 2016-17,2016-12-01,26.39,,2016,12,4,2
547652,365,Fine particles (PM 2.5),Mean,mcg/m3,CD,206,Belmont and East Tremont (CD6),Winter 2016-17,2016-12-01,8.45,,2016,12,4,2
547658,365,Fine particles (PM 2.5),Mean,mcg/m3,CD,208,Riverdale and Fieldston (CD8),Winter 2016-17,2016-12-01,7.91,,2016,12,4,2
549828,375,Nitrogen dioxide (NO2),Mean,ppb,UHF42,305,Upper East Side,Winter 2016-17,2016-12-01,30.22,,2016,12,4,2
549999,375,Nitrogen dioxide (NO2),Mean,ppb,CD,103,Lower East Side and Chinatown (CD3),Winter 2016-17,2016-12-01,28.44,,2016,12,4,2
547502,365,Fine particles (PM 2.5),Mean,mcg/m3,UHF34,103,Fordham - Bronx Pk,Winter 2016-17,2016-12-01,8.09,,2016,12,4,2
547745,365,Fine particles (PM 2.5),Mean,mcg/m3,CD,407,Flushing and Whitestone (CD7),Winter 2016-17,2016-12-01,8.04,,2016,12,4,2
547361,365,Fine particles (PM 2.5),Mean,mcg/m3,Borough,3,Manhattan,Winter 2016-17,2016-12-01,8.96,,2016,12,4,2
547505,365,Fine particles (PM 2.5),Mean,mcg/m3,UHF34,104,Pelham - Throgs Neck,Winter 2016-17,2016-12-01,8.18,,2016,12,4,2
547511,365,Fine particles (PM 2.5),Mean,mcg/m3,UHF34,202,Downtown - Heights - Slope,Winter 2016-17,2016-12-01,8.52,,2016,12,4,2
547514,365,Fine particles (PM 2.5),Mean,mcg/m3,UHF34,203,Bedford Stuyvesant - Crown Heights,Winter 2016-17,2016-12-01,7.94,,2016,12,4,2
547655,365,Fine particles (PM 2.5),Mean,mcg/m3,CD,207,Kingsbridge Heights and Bedford (CD7),Winter 2016-17,2016-12-01,8.26,,2016,12,4,2
547637,365,Fine particles (PM 2.5),Mean,mcg/m3,CD,201,Mott Haven and Melrose (CD1),Winter 2016-17,2016-12-01,8.98,,2016,12,4,2
547451,365,Fine particles (PM 2.5),Mean,mcg/m3,UHF42,310,Lower Manhattan,Winter 2016-17,2016-12-01,9.08,,2016,12,4,2
547526,365,Fine particles (PM 2.5),Mean,mcg/m3,UHF34,207,East Flatbush - Flatbush,Winter 2016-17,2016-12-01,7.76,,2016,12,4,2
547373,365,Fine particles (PM 2.5),Mean,mcg/m3,UHF42,102,Northeast Bronx,Winter 2016-17,2016-12-01,8.14,,2016,12,4,2
549798,375,Nitrogen dioxide (NO2),Mean,ppb,UHF42,206,Borough Park,Winter 2016-17,2016-12-01,25.04,,2016,12,4,2
549954,375,Nitrogen dioxide (NO2),Mean,ppb,UHF34,405,Ridgewood - Forest Hills,Winter 2016-17,2016-12-01,25.06,,2016,12,4,2
547748,365,Fine particles (PM 2.5),Mean,mcg/m3,CD,408,Hillcrest and Fresh Meadows (CD8),Winter 2016-17,2016-12-01,7.83,,2016,12,4,2
547385,365,Fine particles (PM 2.5),Mean,mcg/m3,UHF42,106,High Bridge - Morrisania,Winter 2016-17,2016-12-01,8.59,,2016,12,4,2
547478,365,Fine particles (PM 2.5),Mean,mcg/m3,UHF42,409,Southeast Queens,Winter 2016-17,2016-12-01,7.7,,2016,12,4,2
550110,375,Nitrogen dioxide (NO2),Mean,ppb,CD,316,Brownsville (CD16),Winter 2016-17,2016-12-01,25.7,,2016,12,4,2
550101,375,Nitrogen dioxide (NO2),Mean,ppb,CD,313,Coney Island (CD13),Winter 2016-17,2016-12-01,22.23,,2016,12,4,2
550137,375,Nitrogen dioxide (NO2),Mean,ppb,CD,407,Flushing and Whitestone (CD7),Winter 2016-17,2016-12-01,25.43,,2016,12,4,2
550032,375,Nitrogen dioxide (NO2),Mean,ppb,CD,202,Hunts Point and Longwood (CD2),Winter 2016-17,2016-12-01,27.0,,2016,12,4,2
549876,375,Nitrogen dioxide (NO2),Mean,ppb,UHF42,501,Port Richmond,Winter 2016-17,2016-12-01,21.5,,2016,12,4,2
549912,375,Nitrogen dioxide (NO2),Mean,ppb,UHF34,205,Sunset Park,Winter 2016-17,2016-12-01,24.33,,2016,12,4,2
547562,365,Fine particles (PM 2.5),Mean,mcg/m3,UHF34,405,Ridgewood - Forest Hills,Winter 2016-17,2016-12-01,7.93,,2016,12,4,2
547589,365,Fine particles (PM 2.5),Mean,mcg/m3,UHF34,501502,Northern SI,Winter 2016-17,2016-12-01,7.18,,2016,12,4,2
549780,375,Nitrogen dioxide (NO2),Mean,ppb,UHF42,107,Hunts Point - Mott Haven,Winter 2016-17,2016-12-01,26.96,,2016,12,4,2
547520,365,Fine particles (PM 2.5),Mean,mcg/m3,UHF34,205,Sunset Park,Winter 2016-17,2016-12-01,8.3,,2016,12,4,2
549939,375,Nitrogen dioxide (NO2),Mean,ppb,UHF34,303,East Harlem,Winter 2016-17,2016-12-01,28.06,,2016,12,4,2
550047,375,Nitrogen dioxide (NO2),Mean,ppb,CD,207,Kingsbridge Heights and Bedford (CD7),Winter 2016-17,2016-12-01,27.28,,2016,12,4,2
547628,365,Fine particles (PM 2.5),Mean,mcg/m3,CD,110,Central Harlem (CD10),Winter 2016-17,2016-12-01,8.24,,2016,12,4,2
549915,375,Nitrogen dioxide (NO2),Mean,ppb,UHF34,206,Borough Park,Winter 2016-17,2016-12-01,25.04,,2016,12,4,2
550041,375,Nitrogen dioxide (NO2),Mean,ppb,CD,205,Fordham and University Heights (CD5),Winter 2016-17,2016-12-01,28.39,,2016,12,4,2
547619,365,Fine particles (PM 2.5),Mean,mcg/m3,CD,107,Upper West Side (CD7),Winter 2016-17,2016-12-01,8.58,,2016,12,4,2
550011,375,Nitrogen dioxide (NO2),Mean,ppb,CD,107,Upper West Side (CD7),Winter 2016-17,2016-12-01,28.62,,2016,12,4,2
547391,365,Fine particles (PM 2.5),Mean,mcg/m3,UHF42,201,Greenpoint,Winter 2016-17,2016-12-01,9.3,,2016,12,4,2
549984,375,Nitrogen dioxide (NO2),Mean,ppb,UHF34,503504,Southern SI,Winter 2016-17,2016-12-01,17.98,,2016,12,4,2
549816,375,Nitrogen dioxide (NO2),Mean,ppb,UHF42,301,Washington Heights,Winter 2016-17,2016-12-01,26.85,,2016,12,4,2
549747,375,Nitrogen dioxide (NO2),Mean,ppb,Borough,1,Bronx,Winter 2016-17,2016-12-01,26.37,,2016,12,4,2
550134,375,Nitrogen dioxide (NO2),Mean,ppb,CD,406,Rego Park and Forest Hills (CD6),Winter 2016-17,2016-12-01,25.77,,2016,12,4,2
547661,365,Fine particles (PM 2.5),Mean,mcg/m3,CD,209,Parkchester and Soundview (CD9),Winter 2016-17,2016-12-01,8.23,,2016,12,4,2
549897,375,Nitrogen dioxide (NO2),Mean,ppb,UHF34,104,Pelham - Throgs Neck,Winter 2016-17,2016-12-01,25.91,,2016,12,4,2
549969,375,Nitrogen dioxide (NO2),Mean,ppb,UHF34,305307,Upper East Side-Gramercy,Winter 2016-17,2016-12-01,32.3,,2016,12,4,2
549972,375,Nitrogen dioxide (NO2),Mean,ppb,UHF34,306308,Chelsea-Village,Winter 2016-17,2016-12-01,31.99,,2016,12,4,2
549810,375,Nitrogen dioxide (NO2),Mean,ppb,UHF42,210,Coney Island - Sheepshead Bay,Winter 2016-17,2016-12-01,23.25,,2016,12,4,2
547733,365,Fine particles (PM 2.5),Mean,mcg/m3,CD,403,Jackson Heights (CD3),Winter 2016-17,2016-12-01,7.79,,2016,12,4,2
550089,375,Nitrogen dioxide (NO2),Mean,ppb,CD,309,South Crown Heights and Lefferts Gardens (CD9),Winter 2016-17,2016-12-01,26.02,,2016,12,4,2
549777,375,Nitrogen dioxide (NO2),Mean,ppb,UHF42,106,High Bridge - Morrisania,Winter 2016-17,2016-12-01,27.97,,2016,12,4,2
549948,375,Nitrogen dioxide (NO2),Mean,ppb,UHF34,402,West Queens,Winter 2016-17,2016-12-01,26.77,,2016,12,4,2
550005,375,Nitrogen dioxide (NO2),Mean,ppb,CD,105,Midtown (CD5),Winter 2016-17,2016-12-01,36.31,,2016,12,4,2
547448,365,Fine particles (PM 2.5),Mean,mcg/m3,UHF42,309,Union Square - Lower East Side,Winter 2016-17,2016-12-01,8.68,,2016,12,4,2
549900,375,Nitrogen dioxide (NO2),Mean,ppb,UHF34,201,Greenpoint,Winter 2016-17,2016-12-01,26.74,,2016,12,4,2
549750,375,Nitrogen dioxide (NO2),Mean,ppb,Borough,2,Brooklyn,Winter 2016-17,2016-12-01,24.74,,2016,12,4,2
547598,365,Fine particles (PM 2.5),Mean,mcg/m3,Citywide,1,New York City,Winter 2016-17,2016-12-01,7.89,,2016,12,4,2
550044,375,Nitrogen dioxide (NO2),Mean,ppb,CD,206,Belmont and East Tremont (CD6),Winter 2016-17,2016-12-01,27.51,,2016,12,4,2
549891,375,Nitrogen dioxide (NO2),Mean,ppb,UHF34,102,Northeast Bronx,Winter 2016-17,2016-12-01,26.39,,2016,12,4,2
549918,375,Nitrogen dioxide (NO2),Mean,ppb,UHF34,207,East Flatbush - Flatbush,Winter 2016-17,2016-12-01,25.18,,2016,12,4,2
547412,365,Fine particles (PM 2.5),Mean,mcg/m3,UHF42,208,Canarsie - Flatlands,Winter 2016-17,2016-12-01,7.61,,2016,12,4,2
550125,375,Nitrogen dioxide (NO2),Mean,ppb,CD,403,Jackson Heights (CD3),Winter 2016-17,2016-12-01,26.95,,2016,12,4,2
549834,375,Nitrogen dioxide (NO2),Mean,ppb,UHF42,307,Gramercy Park - Murray Hill,Winter 2016-17,2016-12-01,34.66,,2016,12,4,2
550083,375,Nitrogen dioxide (NO2),Mean,ppb,CD,307,Sunset Park (CD7),Winter 2016-17,2016-12-01,24.43,,2016,12,4,2
549756,375,Nitrogen dioxide (NO2),Mean,ppb,Borough,4,Queens,Winter 2016-17,2016-12-01,24.83,,2016,12,4,2
550116,375,Nitrogen dioxide (NO2),Mean,ppb,CD,318,Flatlands and Canarsie (CD18),Winter 2016-17,2016-12-01,22.83,,2016,12,4,2
547613,365,Fine particles (PM 2.5),Mean,mcg/m3,CD,105,Midtown (CD5),Winter 2016-17,2016-12-01,11.05,,2016,12,4,2
549921,375,Nitrogen dioxide (NO2),Mean,ppb,UHF34,208,Canarsie - Flatlands,Winter 2016-17,2016-12-01,22.76,,2016,12,4,2
547406,365,Fine particles (PM 2.5),Mean,mcg/m3,UHF42,206,Borough Park,Winter 2016-17,2016-12-01,7.62,,2016,12,4,2
547736,365,Fine particles (PM 2.5),Mean,mcg/m3,CD,404,Elmhurst and Corona (CD4),Winter 2016-17,2016-12-01,8.15,,2016,12,4,2
550107,375,Nitrogen dioxide (NO2),Mean,ppb,CD,315,Sheepshead Bay (CD15),Winter 2016-17,2016-12-01,23.61,,2016,12,4,2
550161,375,Nitrogen dioxide (NO2),Mean,ppb,CD,501,St. George and Stapleton (CD1),Winter 2016-17,2016-12-01,21.17,,2016,12,4,2
547676,365,Fine particles (PM 2.5),Mean,mcg/m3,CD,302,Fort Greene and Brooklyn Heights (CD2),Winter 2016-17,2016-12-01,8.45,,2016,12,4,2
547583,365,Fine particles (PM 2.5),Mean,mcg/m3,UHF34,309310,Union Square-Lower Manhattan,Winter 2016-17,2016-12-01,8.81,,2016,12,4,2
547730,365,Fine particles (PM 2.5),Mean,mcg/m3,CD,402,Woodside and Sunnyside (CD2),Winter 2016-17,2016-12-01,9.36,,2016,12,4,2
547754,365,Fine particles (PM 2.5),Mean,mcg/m3,CD,410,South Ozone Park and Howard Beach (CD10),Winter 2016-17,2016-12-01,7.57,,2016,12,4,2
547760,365,Fine particles (PM 2.5),Mean,mcg/m3,CD,412,Jamaica and Hollis (CD12),Winter 2016-17,2016-12-01,7.95,,2016,12,4,2
549852,375,Nitrogen dioxide (NO2),Mean,ppb,UHF42,403,Flushing - Clearview,Winter 2016-17,2016-12-01,25.52,,2016,12,4,2
547544,365,Fine particles (PM 2.5),Mean,mcg/m3,UHF34,302,Central Harlem - Morningside Heights,Winter 2016-17,2016-12-01,8.28,,2016,12,4,2
547388,365,Fine particles (PM 2.5),Mean,mcg/m3,UHF42,107,Hunts Point - Mott Haven,Winter 2016-17,2016-12-01,8.78,,2016,12,4,2
549861,375,Nitrogen dioxide (NO2),Mean,ppb,UHF42,406,Fresh Meadows,Winter 2016-17,2016-12-01,24.91,,2016,12,4,2
547400,365,Fine particles (PM 2.5),Mean,mcg/m3,UHF42,204,East New York,Winter 2016-17,2016-12-01,8.11,,2016,12,4,2
550113,375,Nitrogen dioxide (NO2),Mean,ppb,CD,317,East Flatbush (CD17),Winter 2016-17,2016-12-01,25.34,,2016,12,4,2
547421,365,Fine particles (PM 2.5),Mean,mcg/m3,UHF42,211,Williamsburg - Bushwick,Winter 2016-17,2016-12-01,8.62,,2016,12,4,2
547712,365,Fine particles (PM 2.5),Mean,mcg/m3,CD,314,Flatbush and Midwood (CD14),Winter 2016-17,2016-12-01,7.64,,2016,12,4,2
547592,365,Fine particles (PM 2.5),Mean,mcg/m3,UHF34,503504,Southern SI,Winter 2016-17,2016-12-01,7.02,,2016,12,4,2
549762,375,Nitrogen dioxide (NO2),Mean,ppb,UHF42,101,Kingsbridge - Riverdale,Winter 2016-17,2016-12-01,24.27,,2016,12,4,2
549789,375,Nitrogen dioxide (NO2),Mean,ppb,UHF42,203,Bedford Stuyvesant - Crown Heights,Winter 2016-17,2016-12-01,26.17,,2016,12,4,2
549870,375,Nitrogen dioxide (NO2),Mean,ppb,UHF42,409,Southeast Queens,Winter 2016-17,2016-12-01,24.02,,2016,12,4,2
549990,375,Nitrogen dioxide (NO2),Mean,ppb,Citywide,1,New York City,Winter 2016-17,2016-12-01,24.12,,2016,12,4,2
547481,365,Fine particles (PM 2.5),Mean,mcg/m3,UHF42,410,Rockaways,Winter 2016-17,2016-12-01,7.3,,2016,12,4,2
549981,375,Nitrogen dioxide (NO2),Mean,ppb,UHF34,501502,Northern SI,Winter 2016-17,2016-12-01,20.47,,2016,12,4,2
547559,365,Fine particles (PM 2.5),Mean,mcg/m3,UHF34,403,Flushing - Clearview,Winter 2016-17,2016-12-01,8.01,,2016,12,4,2
547691,365,Fine particles (PM 2.5),Mean,mcg/m3,CD,307,Sunset Park (CD7),Winter 2016-17,2016-12-01,8.37,,2016,12,4,2
550065,375,Nitrogen dioxide (NO2),Mean,ppb,CD,301,Greenpoint and Williamsburg (CD1),Winter 2016-17,2016-12-01,26.77,,2016,12,4,2
550167,375,Nitrogen dioxide (NO2),Mean,ppb,CD,503,Tottenville and Great Kills (CD3),Winter 2016-17,2016-12-01,17.47,,2016,12,4,2
550086,375,Nitrogen dioxide (NO2),Mean,ppb,CD,308,Crown Heights and Prospect Heights (CD8),Winter 2016-17,2016-12-01,26.45,,2016,12,4,2
547775,365,Fine particles (PM 2.5),Mean,mcg/m3,CD,503,Tottenville and Great Kills (CD3),Winter 2016-17,2016-12-01,6.87,,2016,12,4,2
549975,375,Nitrogen dioxide (NO2),Mean,ppb,UHF34,309310,Union Square-Lower Manhattan,Winter 2016-17,2016-12-01,29.38,,2016,12,4,2
547445,365,Fine particles (PM 2.5),Mean,mcg/m3,UHF42,308,Greenwich Village - SoHo,Winter 2016-17,2016-12-01,9.12,,2016,12,4,2
547556,365,Fine particles (PM 2.5),Mean,mcg/m3,UHF34,402,West Queens,Winter 2016-17,2016-12-01,8.48,,2016,12,4,2
549993,375,Nitrogen dioxide (NO2),Mean,ppb,CD,101,Financial District (CD1),Winter 2016-17,2016-12-01,30.37,,2016,12,4,2
549753,375,Nitrogen dioxide (NO2),Mean,ppb,Borough,3,Manhattan,Winter 2016-17,2016-12-01,29.74,,2016,12,4,2
549804,375,Nitrogen dioxide (NO2),Mean,ppb,UHF42,208,Canarsie - Flatlands,Winter 2016-17,2016-12-01,22.76,,2016,12,4,2
550062,375,Nitrogen dioxide (NO2),Mean,ppb,CD,212,Williamsbridge and Baychester (CD12),Winter 2016-17,2016-12-01,25.89,,2016,12,4,2
549774,375,Nitrogen dioxide (NO2),Mean,ppb,UHF42,105,Crotona -Tremont,Winter 2016-17,2016-12-01,27.7,,2016,12,4,2
547706,365,Fine particles (PM 2.5),Mean,mcg/m3,CD,312,Borough Park (CD12),Winter 2016-17,2016-12-01,7.63,,2016,12,4,2
549849,375,Nitrogen dioxide (NO2),Mean,ppb,UHF42,402,West Queens,Winter 2016-17,2016-12-01,26.77,,2016,12,4,2
549879,375,Nitrogen dioxide (NO2),Mean,ppb,UHF42,502,Stapleton - St. George,Winter 2016-17,2016-12-01,19.92,,2016,12,4,2
547424,365,Fine particles (PM 2.5),Mean,mcg/m3,UHF42,301,Washington Heights,Winter 2016-17,2016-12-01,8.17,,2016,12,4,2
550077,375,Nitrogen dioxide (NO2),Mean,ppb,CD,305,East New York and Starrett City (CD5),Winter 2016-17,2016-12-01,24.55,,2016,12,4,2
549924,375,Nitrogen dioxide (NO2),Mean,ppb,UHF34,209,Bensonhurst - Bay Ridge,Winter 2016-17,2016-12-01,23.78,,2016,12,4,2
547499,365,Fine particles (PM 2.5),Mean,mcg/m3,UHF34,102,Northeast Bronx,Winter 2016-17,2016-12-01,8.14,,2016,12,4,2
550092,375,Nitrogen dioxide (NO2),Mean,ppb,CD,310,Bay Ridge and Dyker Heights (CD10),Winter 2016-17,2016-12-01,23.91,,2016,12,4,2
550131,375,Nitrogen dioxide (NO2),Mean,ppb,CD,405,Ridgewood and Maspeth (CD5),Winter 2016-17,2016-12-01,25.1,,2016,12,4,2
547772,365,Fine particles (PM 2.5),Mean,mcg/m3,CD,502,South Beach and Willowbrook (CD2),Winter 2016-17,2016-12-01,7.17,,2016,12,4,2
550029,375,Nitrogen dioxide (NO2),Mean,ppb,CD,201,Mott Haven and Melrose (CD1),Winter 2016-17,2016-12-01,27.5,,2016,12,4,2
550140,375,Nitrogen dioxide (NO2),Mean,ppb,CD,408,Hillcrest and Fresh Meadows (CD8),Winter 2016-17,2016-12-01,24.51,,2016,12,4,2
549906,375,Nitrogen dioxide (NO2),Mean,ppb,UHF34,203,Bedford Stuyvesant - Crown Heights,Winter 2016-17,2016-12-01,26.17,,2016,12,4,2
547574,365,Fine particles (PM 2.5),Mean,mcg/m3,UHF34,410,Rockaways,Winter 2016-17,2016-12-01,7.3,,2016,12,4,2
547640,365,Fine particles (PM 2.5),Mean,mcg/m3,CD,202,Hunts Point and Longwood (CD2),Winter 2016-17,2016-12-01,9.04,,2016,12,4,2
547679,365,Fine particles (PM 2.5),Mean,mcg/m3,CD,303,Bedford Stuyvesant (CD3),Winter 2016-17,2016-12-01,7.99,,2016,12,4,2
547487,365,Fine particles (PM 2.5),Mean,mcg/m3,UHF42,502,Stapleton - St. George,Winter 2016-17,2016-12-01,7.08,,2016,12,4,2
550008,375,Nitrogen dioxide (NO2),Mean,ppb,CD,106,Stuyvesant Town and Turtle Bay (CD6),Winter 2016-17,2016-12-01,32.89,,2016,12,4,2
550098,375,Nitrogen dioxide (NO2),Mean,ppb,CD,312,Borough Park (CD12),Winter 2016-17,2016-12-01,25.19,,2016,12,4,2
547724,365,Fine particles (PM 2.5),Mean,mcg/m3,CD,318,Flatlands and Canarsie (CD18),Winter 2016-17,2016-12-01,7.58,,2016,12,4,2
547721,365,Fine particles (PM 2.5),Mean,mcg/m3,CD,317,East Flatbush (CD17),Winter 2016-17,2016-12-01,7.92,,2016,12,4,2
547493,365,Fine particles (PM 2.5),Mean,mcg/m3,UHF42,504,South Beach - Tottenville,Winter 2016-17,2016-12-01,6.87,,2016,12,4,2
550002,375,Nitrogen dioxide (NO2),Mean,ppb,CD,104,Clinton and Chelsea (CD4),Winter 2016-17,2016-12-01,31.19,,2016,12,4,2
547547,365,Fine particles (PM 2.5),Mean,mcg/m3,UHF34,303,East Harlem,Winter 2016-17,2016-12-01,8.45,,2016,12,4,2
549846,375,Nitrogen dioxide (NO2),Mean,ppb,UHF42,401,Long Island City - Astoria,Winter 2016-17,2016-12-01,26.93,,2016,12,4,2
547769,365,Fine particles (PM 2.5),Mean,mcg/m3,CD,501,St. George and Stapleton (CD1),Winter 2016-17,2016-12-01,7.23,,2016,12,4,2
547517,365,Fine particles (PM 2.5),Mean,mcg/m3,UHF34,204,East New York,Winter 2016-17,2016-12-01,8.11,,2016,12,4,2
550164,375,Nitrogen dioxide (NO2),Mean,ppb,CD,502,South Beach and Willowbrook (CD2),Winter 2016-17,2016-12-01,18.41,,2016,12,4,2
549819,375,Nitrogen dioxide (NO2),Mean,ppb,UHF42,302,Central Harlem - Morningside Heights,Winter 2016-17,2016-12-01,28.51,,2016,12,4,2
547433,365,Fine particles (PM 2.5),Mean,mcg/m3,UHF42,304,Upper West Side,Winter 2016-17,2016-12-01,8.59,,2016,12,4,2
547436,365,Fine particles (PM 2.5),Mean,mcg/m3,UHF42,305,Upper East Side,Winter 2016-17,2016-12-01,9.13,,2016,12,4,2
547430,365,Fine particles (PM 2.5),Mean,mcg/m3,UHF42,303,East Harlem,Winter 2016-17,2016-12-01,8.45,,2016,12,4,2
547409,365,Fine particles (PM 2.5),Mean,mcg/m3,UHF42,207,East Flatbush - Flatbush,Winter 2016-17,2016-12-01,7.76,,2016,12,4,2
549837,375,Nitrogen dioxide (NO2),Mean,ppb,UHF42,308,Greenwich Village - SoHo,Winter 2016-17,2016-12-01,30.12,,2016,12,4,2
549987,375,Nitrogen dioxide (NO2),Mean,ppb,UHF34,105106107,South Bronx,Winter 2016-17,2016-12-01,27.47,,2016,12,4,2
549960,375,Nitrogen dioxide (NO2),Mean,ppb,UHF34,408,Jamaica,Winter 2016-17,2016-12-01,24.81,,2016,12,4,2
549783,375,Nitrogen dioxide (NO2),Mean,ppb,UHF42,201,Greenpoint,Winter 2016-17,2016-12-01,26.74,,2016,12,4,2
549945,375,Nitrogen dioxide (NO2),Mean,ppb,UHF34,401,Long Island City - Astoria,Winter 2016-17,2016-12-01,26.93,,2016,12,4,2
547541,365,Fine particles (PM 2.5),Mean,mcg/m3,UHF34,301,Washington Heights,Winter 2016-17,2016-12-01,8.17,,2016,12,4,2
547601,365,Fine particles (PM 2.5),Mean,mcg/m3,CD,101,Financial District (CD1),Winter 2016-17,2016-12-01,9.11,,2016,12,4,2
547508,365,Fine particles (PM 2.5),Mean,mcg/m3,UHF34,201,Greenpoint,Winter 2016-17,2016-12-01,9.3,,2016,12,4,2
547742,365,Fine particles (PM 2.5),Mean,mcg/m3,CD,406,Rego Park and Forest Hills (CD6),Winter 2016-17,2016-12-01,8.02,,2016,12,4,2
547469,365,Fine particles (PM 2.5),Mean,mcg/m3,UHF42,406,Fresh Meadows,Winter 2016-17,2016-12-01,7.81,,2016,12,4,2
547682,365,Fine particles (PM 2.5),Mean,mcg/m3,CD,304,Bushwick (CD4),Winter 2016-17,2016-12-01,8.14,,2016,12,4,2
547634,365,Fine particles (PM 2.5),Mean,mcg/m3,CD,112,Washington Heights and Inwood (CD12),Winter 2016-17,2016-12-01,8.17,,2016,12,4,2
547484,365,Fine particles (PM 2.5),Mean,mcg/m3,UHF42,501,Port Richmond,Winter 2016-17,2016-12-01,7.36,,2016,12,4,2
550143,375,Nitrogen dioxide (NO2),Mean,ppb,CD,409,Kew Gardens and Woodhaven (CD9),Winter 2016-17,2016-12-01,25.48,,2016,12,4,2
547415,365,Fine particles (PM 2.5),Mean,mcg/m3,UHF42,209,Bensonhurst - Bay Ridge,Winter 2016-17,2016-12-01,7.4,,2016,12,4,2
549873,375,Nitrogen dioxide (NO2),Mean,ppb,UHF42,410,Rockaways,Winter 2016-17,2016-12-01,21.06,,2016,12,4,2
549840,375,Nitrogen dioxide (NO2),Mean,ppb,UHF42,309,Union Square - Lower East Side,Winter 2016-17,2016-12-01,28.98,,2016,12,4,2
547751,365,Fine particles (PM 2.5),Mean,mcg/m3,CD,409,Kew Gardens and Woodhaven (CD9),Winter 2016-17,2016-12-01,7.89,,2016,12,4,2
547454,365,Fine particles (PM 2.5),Mean,mcg/m3,UHF42,401,Long Island City - Astoria,Winter 2016-17,2016-12-01,8.85,,2016,12,4,2
549930,375,Nitrogen dioxide (NO2),Mean,ppb,UHF34,211,Williamsburg - Bushwick,Winter 2016-17,2016-12-01,26.64,,2016,12,4,2
547553,365,Fine particles (PM 2.5),Mean,mcg/m3,UHF34,401,Long Island City - Astoria,Winter 2016-17,2016-12-01,8.85,,2016,12,4,2
547523,365,Fine particles (PM 2.5),Mean,mcg/m3,UHF34,206,Borough Park,Winter 2016-17,2016-12-01,7.62,,2016,12,4,2
547757,365,Fine particles (PM 2.5),Mean,mcg/m3,CD,411,Bayside and Little Neck (CD11),Winter 2016-17,2016-12-01,7.84,,2016,12,4,2
547532,365,Fine particles (PM 2.5),Mean,mcg/m3,UHF34,209,Bensonhurst - Bay Ridge,Winter 2016-17,2016-12-01,7.4,,2016,12,4,2
547718,365,Fine particles (PM 2.5),Mean,mcg/m3,CD,316,Brownsville (CD16),Winter 2016-17,2016-12-01,8.12,,2016,12,4,2
547418,365,Fine particles (PM 2.5),Mean,mcg/m3,UHF42,210,Coney Island - Sheepshead Bay,Winter 2016-17,2016-12-01,7.37,,2016,12,4,2
547646,365,Fine particles (PM 2.5),Mean,mcg/m3,CD,204,Highbridge and Concourse (CD4),Winter 2016-17,2016-12-01,8.66,,2016,12,4,2
547535,365,Fine particles (PM 2.5),Mean,mcg/m3,UHF34,210,Coney Island - Sheepshead Bay,Winter 2016-17,2016-12-01,7.37,,2016,12,4,2
547604,365,Fine particles (PM 2.5),Mean,mcg/m3,CD,102,Greenwich Village and Soho (CD2),Winter 2016-17,2016-12-01,9.16,,2016,12,4,2
547667,365,Fine particles (PM 2.5),Mean,mcg/m3,CD,211,Morris Park and Bronxdale (CD11),Winter 2016-17,2016-12-01,8.06,,2016,12,4,2
550026,375,Nitrogen dioxide (NO2),Mean,ppb,CD,112,Washington Heights and Inwood (CD12),Winter 2016-17,2016-12-01,26.51,,2016,12,4,2
547565,365,Fine particles (PM 2.5),Mean,mcg/m3,UHF34,407,Southwest Queens,Winter 2016-17,2016-12-01,7.69,,2016,12,4,2
549957,375,Nitrogen dioxide (NO2),Mean,ppb,UHF34,407,Southwest Queens,Winter 2016-17,2016-12-01,24.86,,2016,12,4,2
547607,365,Fine particles (PM 2.5),Mean,mcg/m3,CD,103,Lower East Side and Chinatown (CD3),Winter 2016-17,2016-12-01,8.55,,2016,12,4,2
547457,365,Fine particles (PM 2.5),Mean,mcg/m3,UHF42,402,West Queens,Winter 2016-17,2016-12-01,8.48,,2016,12,4,2
547364,365,Fine particles (PM 2.5),Mean,mcg/m3,Borough,4,Queens,Winter 2016-17,2016-12-01,7.95,,2016,12,4,2
547664,365,Fine particles (PM 2.5),Mean,mcg/m3,CD,210,Throgs Neck and Co-op City (CD10),Winter 2016-17,2016-12-01,8.21,,2016,12,4,2
550071,375,Nitrogen dioxide (NO2),Mean,ppb,CD,303,Bedford Stuyvesant (CD3),Winter 2016-17,2016-12-01,26.45,,2016,12,4,2
549936,375,Nitrogen dioxide (NO2),Mean,ppb,UHF34,302,Central Harlem - Morningside Heights,Winter 2016-17,2016-12-01,28.51,,2016,12,4,2
547439,365,Fine particles (PM 2.5),Mean,mcg/m3,UHF42,306,Chelsea - Clinton,Winter 2016-17,2016-12-01,10.05,,2016,12,4,2
549927,375,Nitrogen dioxide (NO2),Mean,ppb,UHF34,210,Coney Island - Sheepshead Bay,Winter 2016-17,2016-12-01,23.25,,2016,12,4,2
549864,375,Nitrogen dioxide (NO2),Mean,ppb,UHF42,407,Southwest Queens,Winter 2016-17,2016-12-01,24.86,,2016,12,4,2
549867,375,Nitrogen dioxide (NO2),Mean,ppb,UHF42,408,Jamaica,Winter 2016-17,2016-12-01,24.81,,2016,12,4,2
547397,365,Fine particles (PM 2.5),Mean,mcg/m3,UHF42,203,Bedford Stuyvesant - Crown Heights,Winter 2016-17,2016-12-01,7.94,,2016,12,4,2
547403,365,Fine particles (PM 2.5),Mean,mcg/m3,UHF42,205,Sunset Park,Winter 2016-17,2016-12-01,8.3,,2016,12,4,2
547694,365,Fine particles (PM 2.5),Mean,mcg/m3,CD,308,Crown Heights and Prospect Heights (CD8),Winter 2016-17,2016-12-01,7.88,,2016,12,4,2
547490,365,Fine particles (PM 2.5),Mean,mcg/m3,UHF42,503,Willowbrook,Winter 2016-17,2016-12-01,7.28,,2016,12,4,2
550053,375,Nitrogen dioxide (NO2),Mean,ppb,CD,209,Parkchester and Soundview (CD9),Winter 2016-17,2016-12-01,26.45,,2016,12,4,2
550023,375,Nitrogen dioxide (NO2),Mean,ppb,CD,111,East Harlem (CD11),Winter 2016-17,2016-12-01,28.01,,2016,12,4,2
550050,375,Nitrogen dioxide (NO2),Mean,ppb,CD,208,Riverdale and Fieldston (CD8),Winter 2016-17,2016-12-01,24.31,,2016,12,4,2
550038,375,Nitrogen dioxide (NO2),Mean,ppb,CD,204,Highbridge and Concourse (CD4),Winter 2016-17,2016-12-01,28.05,,2016,12,4,2
549786,375,Nitrogen dioxide (NO2),Mean,ppb,UHF42,202,Downtown - Heights - Slope,Winter 2016-17,2016-12-01,26.27,,2016,12,4,2
550059,375,Nitrogen dioxide (NO2),Mean,ppb,CD,211,Morris Park and Bronxdale (CD11),Winter 2016-17,2016-12-01,26.47,,2016,12,4,2
550068,375,Nitrogen dioxide (NO2),Mean,ppb,CD,302,Fort Greene and Brooklyn Heights (CD2),Winter 2016-17,2016-12-01,26.73,,2016,12,4,2
547379,365,Fine particles (PM 2.5),Mean,mcg/m3,UHF42,104,Pelham - Throgs Neck,Winter 2016-17,2016-12-01,8.18,,2016,12,4,2
547427,365,Fine particles (PM 2.5),Mean,mcg/m3,UHF42,302,Central Harlem - Morningside Heights,Winter 2016-17,2016-12-01,8.28,,2016,12,4,2
550017,375,Nitrogen dioxide (NO2),Mean,ppb,CD,109,Morningside Heights and Hamilton Heights (CD9),Winter 2016-17,2016-12-01,28.23,,2016,12,4,2
547739,365,Fine particles (PM 2.5),Mean,mcg/m3,CD,405,Ridgewood and Maspeth (CD5),Winter 2016-17,2016-12-01,8.23,,2016,12,4,2
549963,375,Nitrogen dioxide (NO2),Mean,ppb,UHF34,409,Southeast Queens,Winter 2016-17,2016-12-01,24.02,,2016,12,4,2
549951,375,Nitrogen dioxide (NO2),Mean,ppb,UHF34,403,Flushing - Clearview,Winter 2016-17,2016-12-01,25.51,,2016,12,4,2
549978,375,Nitrogen dioxide (NO2),Mean,ppb,UHF34,404406,Bayside Little Neck-Fresh Meadows,Winter 2016-17,2016-12-01,24.26,,2016,12,4,2
547688,365,Fine particles (PM 2.5),Mean,mcg/m3,CD,306,Park Slope and Carroll Gardens (CD6),Winter 2016-17,2016-12-01,8.54,,2016,12,4,2
547358,365,Fine particles (PM 2.5),Mean,mcg/m3,Borough,2,Brooklyn,Winter 2016-17,2016-12-01,7.94,,2016,12,4,2
550128,375,Nitrogen dioxide (NO2),Mean,ppb,CD,404,Elmhurst and Corona (CD4),Winter 2016-17,2016-12-01,27.56,,2016,12,4,2
550119,375,Nitrogen dioxide (NO2),Mean,ppb,CD,401,Long Island City and Astoria (CD1),Winter 2016-17,2016-12-01,26.48,,2016,12,4,2
410904,365,Fine particles (PM 2.5),Mean,mcg/m3,UHF34,211,Williamsburg - Bushwick,Summer 2016,2016-06-01,8.99,,2016,6,2,2
411003,365,Fine particles (PM 2.5),Mean,mcg/m3,CD,201,Mott Haven and Melrose (CD1),Summer 2016,2016-06-01,9.28,,2016,6,2,2
412091,386,Ozone (O3),Mean,ppb,CD,209,Parkchester and Soundview (CD9),Summer 2016,2016-06-01,33.25,,2016,6,2,2
412079,386,Ozone (O3),Mean,ppb,CD,109,Morningside Heights and Hamilton Heights (CD9),Summer 2016,2016-06-01,31.29,,2016,6,2,2
410805,365,Fine particles (PM 2.5),Mean,mcg/m3,UHF42,306,Chelsea - Clinton,Summer 2016,2016-06-01,10.75,,2016,6,2,2
411051,365,Fine particles (PM 2.5),Mean,mcg/m3,CD,305,East New York and Starrett City (CD5),Summer 2016,2016-06-01,8.22,,2016,6,2,2
411015,365,Fine particles (PM 2.5),Mean,mcg/m3,CD,205,Fordham and University Heights (CD5),Summer 2016,2016-06-01,8.95,,2016,6,2,2
411081,365,Fine particles (PM 2.5),Mean,mcg/m3,CD,315,Sheepshead Bay (CD15),Summer 2016,2016-06-01,7.66,,2016,6,2,2
412071,386,Ozone (O3),Mean,ppb,CD,101,Financial District (CD1),Summer 2016,2016-06-01,29.81,,2016,6,2,2
410760,365,Fine particles (PM 2.5),Mean,mcg/m3,UHF42,202,Downtown - Heights - Slope,Summer 2016,2016-06-01,9.15,,2016,6,2,2
410739,365,Fine particles (PM 2.5),Mean,mcg/m3,UHF42,102,Northeast Bronx,Summer 2016,2016-06-01,7.93,,2016,6,2,2
412578,375,Nitrogen dioxide (NO2),Mean,ppb,UHF34,205,Sunset Park,Summer 2016,2016-06-01,15.07,,2016,6,2,2
412061,386,Ozone (O3),Mean,ppb,UHF34,409,Southeast Queens,Summer 2016,2016-06-01,34.29,,2016,6,2,2
412013,386,Ozone (O3),Mean,ppb,UHF42,302,Central Harlem - Morningside Heights,Summer 2016,2016-06-01,31.35,,2016,6,2,2
410721,365,Fine particles (PM 2.5),Mean,mcg/m3,Borough,1,Bronx,Summer 2016,2016-06-01,8.29,,2016,6,2,2
412019,386,Ozone (O3),Mean,ppb,UHF42,308,Greenwich Village - SoHo,Summer 2016,2016-06-01,30.03,,2016,6,2,2
412007,386,Ozone (O3),Mean,ppb,UHF42,207,East Flatbush - Flatbush,Summer 2016,2016-06-01,33.66,,2016,6,2,2
411989,386,Ozone (O3),Mean,ppb,Borough,1,Bronx,Summer 2016,2016-06-01,33.09,,2016,6,2,2
411997,386,Ozone (O3),Mean,ppb,UHF42,104,Pelham - Throgs Neck,Summer 2016,2016-06-01,33.63,,2016,6,2,2
410886,365,Fine particles (PM 2.5),Mean,mcg/m3,UHF34,205,Sunset Park,Summer 2016,2016-06-01,8.93,,2016,6,2,2
410976,365,Fine particles (PM 2.5),Mean,mcg/m3,CD,104,Clinton and Chelsea (CD4),Summer 2016,2016-06-01,10.21,,2016,6,2,2
410982,365,Fine particles (PM 2.5),Mean,mcg/m3,CD,106,Stuyvesant Town and Turtle Bay (CD6),Summer 2016,2016-06-01,10.61,,2016,6,2,2
410772,365,Fine particles (PM 2.5),Mean,mcg/m3,UHF42,206,Borough Park,Summer 2016,2016-06-01,8.08,,2016,6,2,2
411054,365,Fine particles (PM 2.5),Mean,mcg/m3,CD,306,Park Slope and Carroll Gardens (CD6),Summer 2016,2016-06-01,9.18,,2016,6,2,2
410994,365,Fine particles (PM 2.5),Mean,mcg/m3,CD,110,Central Harlem (CD10),Summer 2016,2016-06-01,8.6,,2016,6,2,2
410988,365,Fine particles (PM 2.5),Mean,mcg/m3,CD,108,Upper East Side (CD8),Summer 2016,2016-06-01,9.68,,2016,6,2,2
411036,365,Fine particles (PM 2.5),Mean,mcg/m3,CD,212,Williamsbridge and Baychester (CD12),Summer 2016,2016-06-01,7.84,,2016,6,2,2
411009,365,Fine particles (PM 2.5),Mean,mcg/m3,CD,203,Morrisania and Crotona (CD3),Summer 2016,2016-06-01,8.52,,2016,6,2,2
411090,365,Fine particles (PM 2.5),Mean,mcg/m3,CD,318,Flatlands and Canarsie (CD18),Summer 2016,2016-06-01,7.75,,2016,6,2,2
411087,365,Fine particles (PM 2.5),Mean,mcg/m3,CD,317,East Flatbush (CD17),Summer 2016,2016-06-01,8.26,,2016,6,2,2
410970,365,Fine particles (PM 2.5),Mean,mcg/m3,CD,102,Greenwich Village and Soho (CD2),Summer 2016,2016-06-01,9.86,,2016,6,2,2
412014,386,Ozone (O3),Mean,ppb,UHF42,303,East Harlem,Summer 2016,2016-06-01,31.62,,2016,6,2,2
412024,386,Ozone (O3),Mean,ppb,UHF42,403,Flushing - Clearview,Summer 2016,2016-06-01,33.44,,2016,6,2,2
412000,386,Ozone (O3),Mean,ppb,UHF42,107,Hunts Point - Mott Haven,Summer 2016,2016-06-01,33.57,,2016,6,2,2
411030,365,Fine particles (PM 2.5),Mean,mcg/m3,CD,210,Throgs Neck and Co-op City (CD10),Summer 2016,2016-06-01,8.01,,2016,6,2,2
410997,365,Fine particles (PM 2.5),Mean,mcg/m3,CD,111,East Harlem (CD11),Summer 2016,2016-06-01,8.88,,2016,6,2,2
412093,386,Ozone (O3),Mean,ppb,CD,211,Morris Park and Bronxdale (CD11),Summer 2016,2016-06-01,33.21,,2016,6,2,2
412051,386,Ozone (O3),Mean,ppb,UHF34,301,Washington Heights,Summer 2016,2016-06-01,31.92,,2016,6,2,2
410889,365,Fine particles (PM 2.5),Mean,mcg/m3,UHF34,206,Borough Park,Summer 2016,2016-06-01,8.08,,2016,6,2,2
412053,386,Ozone (O3),Mean,ppb,UHF34,303,East Harlem,Summer 2016,2016-06-01,31.62,,2016,6,2,2
412010,386,Ozone (O3),Mean,ppb,UHF42,210,Coney Island - Sheepshead Bay,Summer 2016,2016-06-01,35.62,,2016,6,2,2
412086,386,Ozone (O3),Mean,ppb,CD,204,Highbridge and Concourse (CD4),Summer 2016,2016-06-01,32.2,,2016,6,2,2
412098,386,Ozone (O3),Mean,ppb,CD,304,Bushwick (CD4),Summer 2016,2016-06-01,33.47,,2016,6,2,2
411084,365,Fine particles (PM 2.5),Mean,mcg/m3,CD,316,Brownsville (CD16),Summer 2016,2016-06-01,8.38,,2016,6,2,2
412042,386,Ozone (O3),Mean,ppb,UHF34,203,Bedford Stuyvesant - Crown Heights,Summer 2016,2016-06-01,32.98,,2016,6,2,2
412084,386,Ozone (O3),Mean,ppb,CD,202,Hunts Point and Longwood (CD2),Summer 2016,2016-06-01,33.74,,2016,6,2,2
412095,386,Ozone (O3),Mean,ppb,CD,301,Greenpoint and Williamsburg (CD1),Summer 2016,2016-06-01,32.99,,2016,6,2,2
412491,375,Nitrogen dioxide (NO2),Mean,ppb,UHF42,304,Upper West Side,Summer 2016,2016-06-01,19.1,,2016,6,2,2
412770,375,Nitrogen dioxide (NO2),Mean,ppb,CD,314,Flatbush and Midwood (CD14),Summer 2016,2016-06-01,13.49,,2016,6,2,2
412089,386,Ozone (O3),Mean,ppb,CD,207,Kingsbridge Heights and Bedford (CD7),Summer 2016,2016-06-01,32.46,,2016,6,2,2
412126,386,Ozone (O3),Mean,ppb,CD,414,Rockaway and Broad Channel (CD14),Summer 2016,2016-06-01,38.26,,2016,6,2,2
410790,365,Fine particles (PM 2.5),Mean,mcg/m3,UHF42,301,Washington Heights,Summer 2016,2016-06-01,8.45,,2016,6,2,2
411994,386,Ozone (O3),Mean,ppb,UHF42,101,Kingsbridge - Riverdale,Summer 2016,2016-06-01,32.46,,2016,6,2,2
412668,375,Nitrogen dioxide (NO2),Mean,ppb,CD,104,Clinton and Chelsea (CD4),Summer 2016,2016-06-01,22.98,,2016,6,2,2
411024,365,Fine particles (PM 2.5),Mean,mcg/m3,CD,208,Riverdale and Fieldston (CD8),Summer 2016,2016-06-01,7.94,,2016,6,2,2
412078,386,Ozone (O3),Mean,ppb,CD,108,Upper East Side (CD8),Summer 2016,2016-06-01,30.12,,2016,6,2,2
412113,386,Ozone (O3),Mean,ppb,CD,401,Long Island City and Astoria (CD1),Summer 2016,2016-06-01,33.44,,2016,6,2,2
410937,365,Fine particles (PM 2.5),Mean,mcg/m3,UHF34,409,Southeast Queens,Summer 2016,2016-06-01,7.06,,2016,6,2,2
412695,375,Nitrogen dioxide (NO2),Mean,ppb,CD,201,Mott Haven and Melrose (CD1),Summer 2016,2016-06-01,16.51,,2016,6,2,2
412046,386,Ozone (O3),Mean,ppb,UHF34,207,East Flatbush - Flatbush,Summer 2016,2016-06-01,33.66,,2016,6,2,2
412779,375,Nitrogen dioxide (NO2),Mean,ppb,CD,317,East Flatbush (CD17),Summer 2016,2016-06-01,13.96,,2016,6,2,2
412737,375,Nitrogen dioxide (NO2),Mean,ppb,CD,303,Bedford Stuyvesant (CD3),Summer 2016,2016-06-01,16.02,,2016,6,2,2
412029,386,Ozone (O3),Mean,ppb,UHF42,408,Jamaica,Summer 2016,2016-06-01,33.86,,2016,6,2,2
412710,375,Nitrogen dioxide (NO2),Mean,ppb,CD,206,Belmont and East Tremont (CD6),Summer 2016,2016-06-01,16.3,,2016,6,2,2
412016,386,Ozone (O3),Mean,ppb,UHF42,305,Upper East Side,Summer 2016,2016-06-01,30.17,,2016,6,2,2
412518,375,Nitrogen dioxide (NO2),Mean,ppb,UHF42,403,Flushing - Clearview,Summer 2016,2016-06-01,14.08,,2016,6,2,2
412082,386,Ozone (O3),Mean,ppb,CD,112,Washington Heights and Inwood (CD12),Summer 2016,2016-06-01,32.01,,2016,6,2,2
412512,375,Nitrogen dioxide (NO2),Mean,ppb,UHF42,401,Long Island City - Astoria,Summer 2016,2016-06-01,16.02,,2016,6,2,2
410730,365,Fine particles (PM 2.5),Mean,mcg/m3,Borough,4,Queens,Summer 2016,2016-06-01,7.75,,2016,6,2,2
412767,375,Nitrogen dioxide (NO2),Mean,ppb,CD,313,Coney Island (CD13),Summer 2016,2016-06-01,9.5,,2016,6,2,2
412773,375,Nitrogen dioxide (NO2),Mean,ppb,CD,315,Sheepshead Bay (CD15),Summer 2016,2016-06-01,10.67,,2016,6,2,2
412656,375,Nitrogen dioxide (NO2),Mean,ppb,Citywide,1,New York City,Summer 2016,2016-06-01,13.2,,2016,6,2,2
412070,386,Ozone (O3),Mean,ppb,Citywide,1,New York City,Summer 2016,2016-06-01,33.82,,2016,6,2,2
410745,365,Fine particles (PM 2.5),Mean,mcg/m3,UHF42,104,Pelham - Throgs Neck,Summer 2016,2016-06-01,8.06,,2016,6,2,2
410799,365,Fine particles (PM 2.5),Mean,mcg/m3,UHF42,304,Upper West Side,Summer 2016,2016-06-01,9.12,,2016,6,2,2
411057,365,Fine particles (PM 2.5),Mean,mcg/m3,CD,307,Sunset Park (CD7),Summer 2016,2016-06-01,9.0,,2016,6,2,2
411078,365,Fine particles (PM 2.5),Mean,mcg/m3,CD,314,Flatbush and Midwood (CD14),Summer 2016,2016-06-01,8.03,,2016,6,2,2
412101,386,Ozone (O3),Mean,ppb,CD,307,Sunset Park (CD7),Summer 2016,2016-06-01,33.19,,2016,6,2,2
412087,386,Ozone (O3),Mean,ppb,CD,205,Fordham and University Heights (CD5),Summer 2016,2016-06-01,32.06,,2016,6,2,2
412075,386,Ozone (O3),Mean,ppb,CD,105,Midtown (CD5),Summer 2016,2016-06-01,26.92,,2016,6,2,2
412017,386,Ozone (O3),Mean,ppb,UHF42,306,Chelsea - Clinton,Summer 2016,2016-06-01,28.76,,2016,6,2,2
412575,375,Nitrogen dioxide (NO2),Mean,ppb,UHF34,204,East New York,Summer 2016,2016-06-01,13.07,,2016,6,2,2
412054,386,Ozone (O3),Mean,ppb,UHF34,304,Upper West Side,Summer 2016,2016-06-01,30.54,,2016,6,2,2
412590,375,Nitrogen dioxide (NO2),Mean,ppb,UHF34,209,Bensonhurst - Bay Ridge,Summer 2016,2016-06-01,13.27,,2016,6,2,2
412048,386,Ozone (O3),Mean,ppb,UHF34,209,Bensonhurst - Bay Ridge,Summer 2016,2016-06-01,34.25,,2016,6,2,2
410892,365,Fine particles (PM 2.5),Mean,mcg/m3,UHF34,207,East Flatbush - Flatbush,Summer 2016,2016-06-01,8.12,,2016,6,2,2
410910,365,Fine particles (PM 2.5),Mean,mcg/m3,UHF34,302,Central Harlem - Morningside Heights,Summer 2016,2016-06-01,8.67,,2016,6,2,2
412485,375,Nitrogen dioxide (NO2),Mean,ppb,UHF42,302,Central Harlem - Morningside Heights,Summer 2016,2016-06-01,18.13,,2016,6,2,2
411021,365,Fine particles (PM 2.5),Mean,mcg/m3,CD,207,Kingsbridge Heights and Bedford (CD7),Summer 2016,2016-06-01,8.28,,2016,6,2,2
410985,365,Fine particles (PM 2.5),Mean,mcg/m3,CD,107,Upper West Side (CD7),Summer 2016,2016-06-01,9.12,,2016,6,2,2
412040,386,Ozone (O3),Mean,ppb,UHF34,201,Greenpoint,Summer 2016,2016-06-01,32.96,,2016,6,2,2
412045,386,Ozone (O3),Mean,ppb,UHF34,206,Borough Park,Summer 2016,2016-06-01,33.54,,2016,6,2,2
412055,386,Ozone (O3),Mean,ppb,UHF34,401,Long Island City - Astoria,Summer 2016,2016-06-01,33.15,,2016,6,2,2
412063,386,Ozone (O3),Mean,ppb,UHF34,305307,Upper East Side-Gramercy,Summer 2016,2016-06-01,28.92,,2016,6,2,2
412039,386,Ozone (O3),Mean,ppb,UHF34,104,Pelham - Throgs Neck,Summer 2016,2016-06-01,33.63,,2016,6,2,2
412560,375,Nitrogen dioxide (NO2),Mean,ppb,UHF34,103,Fordham - Bronx Pk,Summer 2016,2016-06-01,14.79,,2016,6,2,2
412620,375,Nitrogen dioxide (NO2),Mean,ppb,UHF34,405,Ridgewood - Forest Hills,Summer 2016,2016-06-01,13.62,,2016,6,2,2
412602,375,Nitrogen dioxide (NO2),Mean,ppb,UHF34,302,Central Harlem - Morningside Heights,Summer 2016,2016-06-01,18.13,,2016,6,2,2
410961,365,Fine particles (PM 2.5),Mean,mcg/m3,UHF34,105106107,South Bronx,Summer 2016,2016-06-01,8.89,,2016,6,2,2
412611,375,Nitrogen dioxide (NO2),Mean,ppb,UHF34,401,Long Island City - Astoria,Summer 2016,2016-06-01,16.02,,2016,6,2,2
412002,386,Ozone (O3),Mean,ppb,UHF42,202,Downtown - Heights - Slope,Summer 2016,2016-06-01,31.98,,2016,6,2,2
412596,375,Nitrogen dioxide (NO2),Mean,ppb,UHF34,211,Williamsburg - Bushwick,Summer 2016,2016-06-01,15.94,,2016,6,2,2
412058,386,Ozone (O3),Mean,ppb,UHF34,405,Ridgewood - Forest Hills,Summer 2016,2016-06-01,33.48,,2016,6,2,2
412554,375,Nitrogen dioxide (NO2),Mean,ppb,UHF34,101,Kingsbridge - Riverdale,Summer 2016,2016-06-01,12.99,,2016,6,2,2
412036,386,Ozone (O3),Mean,ppb,UHF34,101,Kingsbridge - Riverdale,Summer 2016,2016-06-01,32.46,,2016,6,2,2
412052,386,Ozone (O3),Mean,ppb,UHF34,302,Central Harlem - Morningside Heights,Summer 2016,2016-06-01,31.35,,2016,6,2,2
412041,386,Ozone (O3),Mean,ppb,UHF34,202,Downtown - Heights - Slope,Summer 2016,2016-06-01,31.98,,2016,6,2,2
412749,375,Nitrogen dioxide (NO2),Mean,ppb,CD,307,Sunset Park (CD7),Summer 2016,2016-06-01,15.13,,2016,6,2,2
412009,386,Ozone (O3),Mean,ppb,UHF42,209,Bensonhurst - Bay Ridge,Summer 2016,2016-06-01,34.25,,2016,6,2,2
412021,386,Ozone (O3),Mean,ppb,UHF42,310,Lower Manhattan,Summer 2016,2016-06-01,29.73,,2016,6,2,2
410964,365,Fine particles (PM 2.5),Mean,mcg/m3,Citywide,1,New York City,Summer 2016,2016-06-01,8.1,,2016,6,2,2
412032,386,Ozone (O3),Mean,ppb,UHF42,501,Port Richmond,Summer 2016,2016-06-01,33.42,,2016,6,2,2
412001,386,Ozone (O3),Mean,ppb,UHF42,201,Greenpoint,Summer 2016,2016-06-01,32.96,,2016,6,2,2
412018,386,Ozone (O3),Mean,ppb,UHF42,307,Gramercy Park - Murray Hill,Summer 2016,2016-06-01,27.51,,2016,6,2,2
411990,386,Ozone (O3),Mean,ppb,Borough,2,Brooklyn,Summer 2016,2016-06-01,33.98,,2016,6,2,2
412028,386,Ozone (O3),Mean,ppb,UHF42,407,Southwest Queens,Summer 2016,2016-06-01,34.34,,2016,6,2,2
412569,375,Nitrogen dioxide (NO2),Mean,ppb,UHF34,202,Downtown - Heights - Slope,Summer 2016,2016-06-01,17.32,,2016,6,2,2
412037,386,Ozone (O3),Mean,ppb,UHF34,102,Northeast Bronx,Summer 2016,2016-06-01,33.21,,2016,6,2,2
412473,375,Nitrogen dioxide (NO2),Mean,ppb,UHF42,209,Bensonhurst - Bay Ridge,Summer 2016,2016-06-01,13.27,,2016,6,2,2
412006,386,Ozone (O3),Mean,ppb,UHF42,206,Borough Park,Summer 2016,2016-06-01,33.54,,2016,6,2,2
412049,386,Ozone (O3),Mean,ppb,UHF34,210,Coney Island - Sheepshead Bay,Summer 2016,2016-06-01,35.62,,2016,6,2,2
412527,375,Nitrogen dioxide (NO2),Mean,ppb,UHF42,406,Fresh Meadows,Summer 2016,2016-06-01,13.7,,2016,6,2,2
412059,386,Ozone (O3),Mean,ppb,UHF34,407,Southwest Queens,Summer 2016,2016-06-01,34.34,,2016,6,2,2
412440,375,Nitrogen dioxide (NO2),Mean,ppb,UHF42,105,Crotona -Tremont,Summer 2016,2016-06-01,16.73,,2016,6,2,2
412005,386,Ozone (O3),Mean,ppb,UHF42,205,Sunset Park,Summer 2016,2016-06-01,33.28,,2016,6,2,2
412026,386,Ozone (O3),Mean,ppb,UHF42,405,Ridgewood - Forest Hills,Summer 2016,2016-06-01,33.48,,2016,6,2,2
412003,386,Ozone (O3),Mean,ppb,UHF42,203,Bedford Stuyvesant - Crown Heights,Summer 2016,2016-06-01,32.98,,2016,6,2,2
412076,386,Ozone (O3),Mean,ppb,CD,106,Stuyvesant Town and Turtle Bay (CD6),Summer 2016,2016-06-01,28.23,,2016,6,2,2
412746,375,Nitrogen dioxide (NO2),Mean,ppb,CD,306,Park Slope and Carroll Gardens (CD6),Summer 2016,2016-06-01,16.89,,2016,6,2,2
412674,375,Nitrogen dioxide (NO2),Mean,ppb,CD,106,Stuyvesant Town and Turtle Bay (CD6),Summer 2016,2016-06-01,24.88,,2016,6,2,2
412047,386,Ozone (O3),Mean,ppb,UHF34,208,Canarsie - Flatlands,Summer 2016,2016-06-01,35.79,,2016,6,2,2
411992,386,Ozone (O3),Mean,ppb,Borough,4,Queens,Summer 2016,2016-06-01,33.98,,2016,6,2,2
412722,375,Nitrogen dioxide (NO2),Mean,ppb,CD,210,Throgs Neck and Co-op City (CD10),Summer 2016,2016-06-01,13.75,,2016,6,2,2
412686,375,Nitrogen dioxide (NO2),Mean,ppb,CD,110,Central Harlem (CD10),Summer 2016,2016-06-01,18.21,,2016,6,2,2
412117,386,Ozone (O3),Mean,ppb,CD,405,Ridgewood and Maspeth (CD5),Summer 2016,2016-06-01,33.76,,2016,6,2,2
411039,365,Fine particles (PM 2.5),Mean,mcg/m3,CD,301,Greenpoint and Williamsburg (CD1),Summer 2016,2016-06-01,9.88,,2016,6,2,2
412662,375,Nitrogen dioxide (NO2),Mean,ppb,CD,102,Greenwich Village and Soho (CD2),Summer 2016,2016-06-01,22.17,,2016,6,2,2
412815,375,Nitrogen dioxide (NO2),Mean,ppb,CD,411,Bayside and Little Neck (CD11),Summer 2016,2016-06-01,13.03,,2016,6,2,2
412809,375,Nitrogen dioxide (NO2),Mean,ppb,CD,409,Kew Gardens and Woodhaven (CD9),Summer 2016,2016-06-01,13.75,,2016,6,2,2
412123,386,Ozone (O3),Mean,ppb,CD,411,Bayside and Little Neck (CD11),Summer 2016,2016-06-01,33.06,,2016,6,2,2
412545,375,Nitrogen dioxide (NO2),Mean,ppb,UHF42,502,Stapleton - St. George,Summer 2016,2016-06-01,10.91,,2016,6,2,2
412033,386,Ozone (O3),Mean,ppb,UHF42,502,Stapleton - St. George,Summer 2016,2016-06-01,34.18,,2016,6,2,2
412827,375,Nitrogen dioxide (NO2),Mean,ppb,CD,501,St. George and Stapleton (CD1),Summer 2016,2016-06-01,13.12,,2016,6,2,2
412830,375,Nitrogen dioxide (NO2),Mean,ppb,CD,502,South Beach and Willowbrook (CD2),Summer 2016,2016-06-01,9.26,,2016,6,2,2
412128,386,Ozone (O3),Mean,ppb,CD,502,South Beach and Willowbrook (CD2),Summer 2016,2016-06-01,35.11,,2016,6,2,2
412734,375,Nitrogen dioxide (NO2),Mean,ppb,CD,302,Fort Greene and Brooklyn Heights (CD2),Summer 2016,2016-06-01,17.83,,2016,6,2,2
412455,375,Nitrogen dioxide (NO2),Mean,ppb,UHF42,203,Bedford Stuyvesant - Crown Heights,Summer 2016,2016-06-01,15.36,,2016,6,2,2
412524,375,Nitrogen dioxide (NO2),Mean,ppb,UHF42,405,Ridgewood - Forest Hills,Summer 2016,2016-06-01,13.62,,2016,6,2,2
410856,365,Fine particles (PM 2.5),Mean,mcg/m3,UHF42,503,Willowbrook,Summer 2016,2016-06-01,8.09,,2016,6,2,2
410802,365,Fine particles (PM 2.5),Mean,mcg/m3,UHF42,305,Upper East Side,Summer 2016,2016-06-01,9.66,,2016,6,2,2
411141,365,Fine particles (PM 2.5),Mean,mcg/m3,CD,503,Tottenville and Great Kills (CD3),Summer 2016,2016-06-01,7.54,,2016,6,2,2
412833,375,Nitrogen dioxide (NO2),Mean,ppb,CD,503,Tottenville and Great Kills (CD3),Summer 2016,2016-06-01,6.6,,2016,6,2,2
410931,365,Fine particles (PM 2.5),Mean,mcg/m3,UHF34,407,Southwest Queens,Summer 2016,2016-06-01,7.59,,2016,6,2,2
411135,365,Fine particles (PM 2.5),Mean,mcg/m3,CD,501,St. George and Stapleton (CD1),Summer 2016,2016-06-01,8.04,,2016,6,2,2
412129,386,Ozone (O3),Mean,ppb,CD,503,Tottenville and Great Kills (CD3),Summer 2016,2016-06-01,36.19,,2016,6,2,2
412115,386,Ozone (O3),Mean,ppb,CD,403,Jackson Heights (CD3),Summer 2016,2016-06-01,32.97,,2016,6,2,2
410763,365,Fine particles (PM 2.5),Mean,mcg/m3,UHF42,203,Bedford Stuyvesant - Crown Heights,Summer 2016,2016-06-01,8.28,,2016,6,2,2
410832,365,Fine particles (PM 2.5),Mean,mcg/m3,UHF42,405,Ridgewood - Forest Hills,Summer 2016,2016-06-01,8.05,,2016,6,2,2
412521,375,Nitrogen dioxide (NO2),Mean,ppb,UHF42,404,Bayside - Little Neck,Summer 2016,2016-06-01,12.73,,2016,6,2,2
411138,365,Fine particles (PM 2.5),Mean,mcg/m3,CD,502,South Beach and Willowbrook (CD2),Summer 2016,2016-06-01,7.92,,2016,6,2,2
412030,386,Ozone (O3),Mean,ppb,UHF42,409,Southeast Queens,Summer 2016,2016-06-01,34.3,,2016,6,2,2
411999,386,Ozone (O3),Mean,ppb,UHF42,106,High Bridge - Morrisania,Summer 2016,2016-06-01,32.34,,2016,6,2,2
411042,365,Fine particles (PM 2.5),Mean,mcg/m3,CD,302,Fort Greene and Brooklyn Heights (CD2),Summer 2016,2016-06-01,9.07,,2016,6,2,2
410967,365,Fine particles (PM 2.5),Mean,mcg/m3,CD,101,Financial District (CD1),Summer 2016,2016-06-01,9.83,,2016,6,2,2
410955,365,Fine particles (PM 2.5),Mean,mcg/m3,UHF34,501502,Northern SI,Summer 2016,2016-06-01,7.94,,2016,6,2,2
412533,375,Nitrogen dioxide (NO2),Mean,ppb,UHF42,408,Jamaica,Summer 2016,2016-06-01,13.11,,2016,6,2,2
412470,375,Nitrogen dioxide (NO2),Mean,ppb,UHF42,208,Canarsie - Flatlands,Summer 2016,2016-06-01,9.96,,2016,6,2,2
411102,365,Fine particles (PM 2.5),Mean,mcg/m3,CD,404,Elmhurst and Corona (CD4),Summer 2016,2016-06-01,8.28,,2016,6,2,2
411099,365,Fine particles (PM 2.5),Mean,mcg/m3,CD,403,Jackson Heights (CD3),Summer 2016,2016-06-01,7.9,,2016,6,2,2
410958,365,Fine particles (PM 2.5),Mean,mcg/m3,UHF34,503504,Southern SI,Summer 2016,2016-06-01,7.74,,2016,6,2,2
412494,375,Nitrogen dioxide (NO2),Mean,ppb,UHF42,305,Upper East Side,Summer 2016,2016-06-01,20.78,,2016,6,2,2
412647,375,Nitrogen dioxide (NO2),Mean,ppb,UHF34,501502,Northern SI,Summer 2016,2016-06-01,11.93,,2016,6,2,2
410973,365,Fine particles (PM 2.5),Mean,mcg/m3,CD,103,Lower East Side and Chinatown (CD3),Summer 2016,2016-06-01,9.19,,2016,6,2,2
412509,375,Nitrogen dioxide (NO2),Mean,ppb,UHF42,310,Lower Manhattan,Summer 2016,2016-06-01,22.76,,2016,6,2,2
412536,375,Nitrogen dioxide (NO2),Mean,ppb,UHF42,409,Southeast Queens,Summer 2016,2016-06-01,12.13,,2016,6,2,2
410814,365,Fine particles (PM 2.5),Mean,mcg/m3,UHF42,309,Union Square - Lower East Side,Summer 2016,2016-06-01,9.32,,2016,6,2,2
412488,375,Nitrogen dioxide (NO2),Mean,ppb,UHF42,303,East Harlem,Summer 2016,2016-06-01,17.82,,2016,6,2,2
412461,375,Nitrogen dioxide (NO2),Mean,ppb,UHF42,205,Sunset Park,Summer 2016,2016-06-01,15.07,,2016,6,2,2
412434,375,Nitrogen dioxide (NO2),Mean,ppb,UHF42,103,Fordham - Bronx Pk,Summer 2016,2016-06-01,14.79,,2016,6,2,2
412716,375,Nitrogen dioxide (NO2),Mean,ppb,CD,208,Riverdale and Fieldston (CD8),Summer 2016,2016-06-01,13.0,,2016,6,2,2
412068,386,Ozone (O3),Mean,ppb,UHF34,503504,Southern SI,Summer 2016,2016-06-01,35.62,,2016,6,2,2
412074,386,Ozone (O3),Mean,ppb,CD,104,Clinton and Chelsea (CD4),Summer 2016,2016-06-01,29.76,,2016,6,2,2
412090,386,Ozone (O3),Mean,ppb,CD,208,Riverdale and Fieldston (CD8),Summer 2016,2016-06-01,32.52,,2016,6,2,2
412124,386,Ozone (O3),Mean,ppb,CD,412,Jamaica and Hollis (CD12),Summer 2016,2016-06-01,34.03,,2016,6,2,2
412122,386,Ozone (O3),Mean,ppb,CD,410,South Ozone Park and Howard Beach (CD10),Summer 2016,2016-06-01,34.86,,2016,6,2,2
412080,386,Ozone (O3),Mean,ppb,CD,110,Central Harlem (CD10),Summer 2016,2016-06-01,31.42,,2016,6,2,2
412109,386,Ozone (O3),Mean,ppb,CD,315,Sheepshead Bay (CD15),Summer 2016,2016-06-01,35.37,,2016,6,2,2
412500,375,Nitrogen dioxide (NO2),Mean,ppb,UHF42,307,Gramercy Park - Murray Hill,Summer 2016,2016-06-01,26.92,,2016,6,2,2
410844,365,Fine particles (PM 2.5),Mean,mcg/m3,UHF42,409,Southeast Queens,Summer 2016,2016-06-01,7.06,,2016,6,2,2
410811,365,Fine particles (PM 2.5),Mean,mcg/m3,UHF42,308,Greenwich Village - SoHo,Summer 2016,2016-06-01,9.84,,2016,6,2,2
410808,365,Fine particles (PM 2.5),Mean,mcg/m3,UHF42,307,Gramercy Park - Murray Hill,Summer 2016,2016-06-01,11.17,,2016,6,2,2
410925,365,Fine particles (PM 2.5),Mean,mcg/m3,UHF34,403,Flushing - Clearview,Summer 2016,2016-06-01,7.8,,2016,6,2,2
411129,365,Fine particles (PM 2.5),Mean,mcg/m3,CD,413,Queens Village (CD13),Summer 2016,2016-06-01,7.08,,2016,6,2,2
412062,386,Ozone (O3),Mean,ppb,UHF34,410,Rockaways,Summer 2016,2016-06-01,38.18,,2016,6,2,2
412542,375,Nitrogen dioxide (NO2),Mean,ppb,UHF42,501,Port Richmond,Summer 2016,2016-06-01,13.86,,2016,6,2,2
411126,365,Fine particles (PM 2.5),Mean,mcg/m3,CD,412,Jamaica and Hollis (CD12),Summer 2016,2016-06-01,7.55,,2016,6,2,2
412083,386,Ozone (O3),Mean,ppb,CD,201,Mott Haven and Melrose (CD1),Summer 2016,2016-06-01,32.81,,2016,6,2,2
412044,386,Ozone (O3),Mean,ppb,UHF34,205,Sunset Park,Summer 2016,2016-06-01,33.28,,2016,6,2,2
412015,386,Ozone (O3),Mean,ppb,UHF42,304,Upper West Side,Summer 2016,2016-06-01,30.54,,2016,6,2,2
412449,375,Nitrogen dioxide (NO2),Mean,ppb,UHF42,201,Greenpoint,Summer 2016,2016-06-01,16.59,,2016,6,2,2
410850,365,Fine particles (PM 2.5),Mean,mcg/m3,UHF42,501,Port Richmond,Summer 2016,2016-06-01,8.22,,2016,6,2,2
410733,365,Fine particles (PM 2.5),Mean,mcg/m3,Borough,5,Staten Island,Summer 2016,2016-06-01,7.8,,2016,6,2,2
412557,375,Nitrogen dioxide (NO2),Mean,ppb,UHF34,102,Northeast Bronx,Summer 2016,2016-06-01,14.6,,2016,6,2,2
412617,375,Nitrogen dioxide (NO2),Mean,ppb,UHF34,403,Flushing - Clearview,Summer 2016,2016-06-01,14.07,,2016,6,2,2
412064,386,Ozone (O3),Mean,ppb,UHF34,306308,Chelsea-Village,Summer 2016,2016-06-01,29.19,,2016,6,2,2
412057,386,Ozone (O3),Mean,ppb,UHF34,403,Flushing - Clearview,Summer 2016,2016-06-01,33.45,,2016,6,2,2
410757,365,Fine particles (PM 2.5),Mean,mcg/m3,UHF42,201,Greenpoint,Summer 2016,2016-06-01,9.8,,2016,6,2,2
412116,386,Ozone (O3),Mean,ppb,CD,404,Elmhurst and Corona (CD4),Summer 2016,2016-06-01,32.75,,2016,6,2,2
412428,375,Nitrogen dioxide (NO2),Mean,ppb,UHF42,101,Kingsbridge - Riverdale,Summer 2016,2016-06-01,12.99,,2016,6,2,2
412065,386,Ozone (O3),Mean,ppb,UHF34,309310,Union Square-Lower Manhattan,Summer 2016,2016-06-01,30.01,,2016,6,2,2
412067,386,Ozone (O3),Mean,ppb,UHF34,501502,Northern SI,Summer 2016,2016-06-01,33.91,,2016,6,2,2
412644,375,Nitrogen dioxide (NO2),Mean,ppb,UHF34,404406,Bayside Little Neck-Fresh Meadows,Summer 2016,2016-06-01,13.13,,2016,6,2,2
412629,375,Nitrogen dioxide (NO2),Mean,ppb,UHF34,409,Southeast Queens,Summer 2016,2016-06-01,12.13,,2016,6,2,2
410871,365,Fine particles (PM 2.5),Mean,mcg/m3,UHF34,104,Pelham - Throgs Neck,Summer 2016,2016-06-01,8.06,,2016,6,2,2
410865,365,Fine particles (PM 2.5),Mean,mcg/m3,UHF34,102,Northeast Bronx,Summer 2016,2016-06-01,7.93,,2016,6,2,2
410922,365,Fine particles (PM 2.5),Mean,mcg/m3,UHF34,402,West Queens,Summer 2016,2016-06-01,8.71,,2016,6,2,2
410874,365,Fine particles (PM 2.5),Mean,mcg/m3,UHF34,201,Greenpoint,Summer 2016,2016-06-01,9.8,,2016,6,2,2
411111,365,Fine particles (PM 2.5),Mean,mcg/m3,CD,407,Flushing and Whitestone (CD7),Summer 2016,2016-06-01,7.85,,2016,6,2,2
410766,365,Fine particles (PM 2.5),Mean,mcg/m3,UHF42,204,East New York,Summer 2016,2016-06-01,8.27,,2016,6,2,2
412605,375,Nitrogen dioxide (NO2),Mean,ppb,UHF34,303,East Harlem,Summer 2016,2016-06-01,17.82,,2016,6,2,2
412566,375,Nitrogen dioxide (NO2),Mean,ppb,UHF34,201,Greenpoint,Summer 2016,2016-06-01,16.59,,2016,6,2,2
412614,375,Nitrogen dioxide (NO2),Mean,ppb,UHF34,402,West Queens,Summer 2016,2016-06-01,15.6,,2016,6,2,2
412599,375,Nitrogen dioxide (NO2),Mean,ppb,UHF34,301,Washington Heights,Summer 2016,2016-06-01,16.19,,2016,6,2,2
410787,365,Fine particles (PM 2.5),Mean,mcg/m3,UHF42,211,Williamsburg - Bushwick,Summer 2016,2016-06-01,8.99,,2016,6,2,2
412572,375,Nitrogen dioxide (NO2),Mean,ppb,UHF34,203,Bedford Stuyvesant - Crown Heights,Summer 2016,2016-06-01,15.36,,2016,6,2,2
412563,375,Nitrogen dioxide (NO2),Mean,ppb,UHF34,104,Pelham - Throgs Neck,Summer 2016,2016-06-01,14.25,,2016,6,2,2
412632,375,Nitrogen dioxide (NO2),Mean,ppb,UHF34,410,Rockaways,Summer 2016,2016-06-01,6.22,,2016,6,2,2
412593,375,Nitrogen dioxide (NO2),Mean,ppb,UHF34,210,Coney Island - Sheepshead Bay,Summer 2016,2016-06-01,10.44,,2016,6,2,2
412119,386,Ozone (O3),Mean,ppb,CD,407,Flushing and Whitestone (CD7),Summer 2016,2016-06-01,33.48,,2016,6,2,2
412077,386,Ozone (O3),Mean,ppb,CD,107,Upper West Side (CD7),Summer 2016,2016-06-01,30.55,,2016,6,2,2
412824,375,Nitrogen dioxide (NO2),Mean,ppb,CD,414,Rockaway and Broad Channel (CD14),Summer 2016,2016-06-01,6.1,,2016,6,2,2
412092,386,Ozone (O3),Mean,ppb,CD,210,Throgs Neck and Co-op City (CD10),Summer 2016,2016-06-01,34.0,,2016,6,2,2
412551,375,Nitrogen dioxide (NO2),Mean,ppb,UHF42,504,South Beach - Tottenville,Summer 2016,2016-06-01,6.73,,2016,6,2,2
411132,365,Fine particles (PM 2.5),Mean,mcg/m3,CD,414,Rockaway and Broad Channel (CD14),Summer 2016,2016-06-01,6.87,,2016,6,2,2
412025,386,Ozone (O3),Mean,ppb,UHF42,404,Bayside - Little Neck,Summer 2016,2016-06-01,32.99,,2016,6,2,2
412110,386,Ozone (O3),Mean,ppb,CD,316,Brownsville (CD16),Summer 2016,2016-06-01,33.74,,2016,6,2,2
412103,386,Ozone (O3),Mean,ppb,CD,309,South Crown Heights and Lefferts Gardens (CD9),Summer 2016,2016-06-01,32.98,,2016,6,2,2
412105,386,Ozone (O3),Mean,ppb,CD,311,Bensonhurst (CD11),Summer 2016,2016-06-01,34.51,,2016,6,2,2
412023,386,Ozone (O3),Mean,ppb,UHF42,402,West Queens,Summer 2016,2016-06-01,33.12,,2016,6,2,2
412581,375,Nitrogen dioxide (NO2),Mean,ppb,UHF34,206,Borough Park,Summer 2016,2016-06-01,14.25,,2016,6,2,2
410724,365,Fine particles (PM 2.5),Mean,mcg/m3,Borough,2,Brooklyn,Summer 2016,2016-06-01,8.32,,2016,6,2,2
411096,365,Fine particles (PM 2.5),Mean,mcg/m3,CD,402,Woodside and Sunnyside (CD2),Summer 2016,2016-06-01,9.77,,2016,6,2,2
412112,386,Ozone (O3),Mean,ppb,CD,318,Flatlands and Canarsie (CD18),Summer 2016,2016-06-01,35.71,,2016,6,2,2
412111,386,Ozone (O3),Mean,ppb,CD,317,East Flatbush (CD17),Summer 2016,2016-06-01,33.88,,2016,6,2,2
412085,386,Ozone (O3),Mean,ppb,CD,203,Morrisania and Crotona (CD3),Summer 2016,2016-06-01,32.58,,2016,6,2,2
411000,365,Fine particles (PM 2.5),Mean,mcg/m3,CD,112,Washington Heights and Inwood (CD12),Summer 2016,2016-06-01,8.42,,2016,6,2,2
410817,365,Fine particles (PM 2.5),Mean,mcg/m3,UHF42,310,Lower Manhattan,Summer 2016,2016-06-01,9.8,,2016,6,2,2
410847,365,Fine particles (PM 2.5),Mean,mcg/m3,UHF42,410,Rockaways,Summer 2016,2016-06-01,6.87,,2016,6,2,2
410952,365,Fine particles (PM 2.5),Mean,mcg/m3,UHF34,404406,Bayside Little Neck-Fresh Meadows,Summer 2016,2016-06-01,7.47,,2016,6,2,2
412659,375,Nitrogen dioxide (NO2),Mean,ppb,CD,101,Financial District (CD1),Summer 2016,2016-06-01,22.85,,2016,6,2,2
412698,375,Nitrogen dioxide (NO2),Mean,ppb,CD,202,Hunts Point and Longwood (CD2),Summer 2016,2016-06-01,15.53,,2016,6,2,2
412035,386,Ozone (O3),Mean,ppb,UHF42,504,South Beach - Tottenville,Summer 2016,2016-06-01,36.17,,2016,6,2,2
412680,375,Nitrogen dioxide (NO2),Mean,ppb,CD,108,Upper East Side (CD8),Summer 2016,2016-06-01,20.89,,2016,6,2,2
412740,375,Nitrogen dioxide (NO2),Mean,ppb,CD,304,Bushwick (CD4),Summer 2016,2016-06-01,14.8,,2016,6,2,2
412785,375,Nitrogen dioxide (NO2),Mean,ppb,CD,401,Long Island City and Astoria (CD1),Summer 2016,2016-06-01,15.23,,2016,6,2,2
412788,375,Nitrogen dioxide (NO2),Mean,ppb,CD,402,Woodside and Sunnyside (CD2),Summer 2016,2016-06-01,15.8,,2016,6,2,2
412506,375,Nitrogen dioxide (NO2),Mean,ppb,UHF42,309,Union Square - Lower East Side,Summer 2016,2016-06-01,20.44,,2016,6,2,2
412812,375,Nitrogen dioxide (NO2),Mean,ppb,CD,410,South Ozone Park and Howard Beach (CD10),Summer 2016,2016-06-01,12.12,,2016,6,2,2
412692,375,Nitrogen dioxide (NO2),Mean,ppb,CD,112,Washington Heights and Inwood (CD12),Summer 2016,2016-06-01,15.78,,2016,6,2,2
412803,375,Nitrogen dioxide (NO2),Mean,ppb,CD,407,Flushing and Whitestone (CD7),Summer 2016,2016-06-01,14.0,,2016,6,2,2
412671,375,Nitrogen dioxide (NO2),Mean,ppb,CD,105,Midtown (CD5),Summer 2016,2016-06-01,28.83,,2016,6,2,2
412419,375,Nitrogen dioxide (NO2),Mean,ppb,Borough,3,Manhattan,Summer 2016,2016-06-01,20.56,,2016,6,2,2
412791,375,Nitrogen dioxide (NO2),Mean,ppb,CD,403,Jackson Heights (CD3),Summer 2016,2016-06-01,15.5,,2016,6,2,2
412704,375,Nitrogen dioxide (NO2),Mean,ppb,CD,204,Highbridge and Concourse (CD4),Summer 2016,2016-06-01,17.34,,2016,6,2,2
412503,375,Nitrogen dioxide (NO2),Mean,ppb,UHF42,308,Greenwich Village - SoHo,Summer 2016,2016-06-01,22.17,,2016,6,2,2
412446,375,Nitrogen dioxide (NO2),Mean,ppb,UHF42,107,Hunts Point - Mott Haven,Summer 2016,2016-06-01,15.59,,2016,6,2,2
412416,375,Nitrogen dioxide (NO2),Mean,ppb,Borough,2,Brooklyn,Summer 2016,2016-06-01,13.62,,2016,6,2,2
410793,365,Fine particles (PM 2.5),Mean,mcg/m3,UHF42,302,Central Harlem - Morningside Heights,Summer 2016,2016-06-01,8.67,,2016,6,2,2
412725,375,Nitrogen dioxide (NO2),Mean,ppb,CD,211,Morris Park and Bronxdale (CD11),Summer 2016,2016-06-01,14.57,,2016,6,2,2
412515,375,Nitrogen dioxide (NO2),Mean,ppb,UHF42,402,West Queens,Summer 2016,2016-06-01,15.6,,2016,6,2,2
410859,365,Fine particles (PM 2.5),Mean,mcg/m3,UHF42,504,South Beach - Tottenville,Summer 2016,2016-06-01,7.54,,2016,6,2,2
411093,365,Fine particles (PM 2.5),Mean,mcg/m3,CD,401,Long Island City and Astoria (CD1),Summer 2016,2016-06-01,8.46,,2016,6,2,2
410769,365,Fine particles (PM 2.5),Mean,mcg/m3,UHF42,205,Sunset Park,Summer 2016,2016-06-01,8.93,,2016,6,2,2
410742,365,Fine particles (PM 2.5),Mean,mcg/m3,UHF42,103,Fordham - Bronx Pk,Summer 2016,2016-06-01,8.05,,2016,6,2,2
410775,365,Fine particles (PM 2.5),Mean,mcg/m3,UHF42,207,East Flatbush - Flatbush,Summer 2016,2016-06-01,8.12,,2016,6,2,2
410754,365,Fine particles (PM 2.5),Mean,mcg/m3,UHF42,107,Hunts Point - Mott Haven,Summer 2016,2016-06-01,8.97,,2016,6,2,2
411048,365,Fine particles (PM 2.5),Mean,mcg/m3,CD,304,Bushwick (CD4),Summer 2016,2016-06-01,8.42,,2016,6,2,2
412743,375,Nitrogen dioxide (NO2),Mean,ppb,CD,305,East New York and Starrett City (CD5),Summer 2016,2016-06-01,12.62,,2016,6,2,2
412776,375,Nitrogen dioxide (NO2),Mean,ppb,CD,316,Brownsville (CD16),Summer 2016,2016-06-01,14.24,,2016,6,2,2
410736,365,Fine particles (PM 2.5),Mean,mcg/m3,UHF42,101,Kingsbridge - Riverdale,Summer 2016,2016-06-01,7.95,,2016,6,2,2
411120,365,Fine particles (PM 2.5),Mean,mcg/m3,CD,410,South Ozone Park and Howard Beach (CD10),Summer 2016,2016-06-01,7.43,,2016,6,2,2
411072,365,Fine particles (PM 2.5),Mean,mcg/m3,CD,312,Borough Park (CD12),Summer 2016,2016-06-01,8.1,,2016,6,2,2
412100,386,Ozone (O3),Mean,ppb,CD,306,Park Slope and Carroll Gardens (CD6),Summer 2016,2016-06-01,32.27,,2016,6,2,2
412102,386,Ozone (O3),Mean,ppb,CD,308,Crown Heights and Prospect Heights (CD8),Summer 2016,2016-06-01,32.54,,2016,6,2,2
412088,386,Ozone (O3),Mean,ppb,CD,206,Belmont and East Tremont (CD6),Summer 2016,2016-06-01,32.5,,2016,6,2,2
410823,365,Fine particles (PM 2.5),Mean,mcg/m3,UHF42,402,West Queens,Summer 2016,2016-06-01,8.71,,2016,6,2,2
412107,386,Ozone (O3),Mean,ppb,CD,313,Coney Island (CD13),Summer 2016,2016-06-01,36.33,,2016,6,2,2
410913,365,Fine particles (PM 2.5),Mean,mcg/m3,UHF34,303,East Harlem,Summer 2016,2016-06-01,8.9,,2016,6,2,2
410880,365,Fine particles (PM 2.5),Mean,mcg/m3,UHF34,203,Bedford Stuyvesant - Crown Heights,Summer 2016,2016-06-01,8.28,,2016,6,2,2
410907,365,Fine particles (PM 2.5),Mean,mcg/m3,UHF34,301,Washington Heights,Summer 2016,2016-06-01,8.45,,2016,6,2,2
411012,365,Fine particles (PM 2.5),Mean,mcg/m3,CD,204,Highbridge and Concourse (CD4),Summer 2016,2016-06-01,8.94,,2016,6,2,2
412066,386,Ozone (O3),Mean,ppb,UHF34,404406,Bayside Little Neck-Fresh Meadows,Summer 2016,2016-06-01,33.05,,2016,6,2,2
411066,365,Fine particles (PM 2.5),Mean,mcg/m3,CD,310,Bay Ridge and Dyker Heights (CD10),Summer 2016,2016-06-01,8.15,,2016,6,2,2
411006,365,Fine particles (PM 2.5),Mean,mcg/m3,CD,202,Hunts Point and Longwood (CD2),Summer 2016,2016-06-01,9.19,,2016,6,2,2
410862,365,Fine particles (PM 2.5),Mean,mcg/m3,UHF34,101,Kingsbridge - Riverdale,Summer 2016,2016-06-01,7.95,,2016,6,2,2
410940,365,Fine particles (PM 2.5),Mean,mcg/m3,UHF34,410,Rockaways,Summer 2016,2016-06-01,6.87,,2016,6,2,2
410901,365,Fine particles (PM 2.5),Mean,mcg/m3,UHF34,210,Coney Island - Sheepshead Bay,Summer 2016,2016-06-01,7.66,,2016,6,2,2
411027,365,Fine particles (PM 2.5),Mean,mcg/m3,CD,209,Parkchester and Soundview (CD9),Summer 2016,2016-06-01,8.23,,2016,6,2,2
412072,386,Ozone (O3),Mean,ppb,CD,102,Greenwich Village and Soho (CD2),Summer 2016,2016-06-01,29.87,,2016,6,2,2
411033,365,Fine particles (PM 2.5),Mean,mcg/m3,CD,211,Morris Park and Bronxdale (CD11),Summer 2016,2016-06-01,7.9,,2016,6,2,2
411069,365,Fine particles (PM 2.5),Mean,mcg/m3,CD,311,Bensonhurst (CD11),Summer 2016,2016-06-01,7.85,,2016,6,2,2
411063,365,Fine particles (PM 2.5),Mean,mcg/m3,CD,309,South Crown Heights and Lefferts Gardens (CD9),Summer 2016,2016-06-01,8.12,,2016,6,2,2
410991,365,Fine particles (PM 2.5),Mean,mcg/m3,CD,109,Morningside Heights and Hamilton Heights (CD9),Summer 2016,2016-06-01,8.71,,2016,6,2,2
410979,365,Fine particles (PM 2.5),Mean,mcg/m3,CD,105,Midtown (CD5),Summer 2016,2016-06-01,11.74,,2016,6,2,2
412701,375,Nitrogen dioxide (NO2),Mean,ppb,CD,203,Morrisania and Crotona (CD3),Summer 2016,2016-06-01,16.19,,2016,6,2,2
412097,386,Ozone (O3),Mean,ppb,CD,303,Bedford Stuyvesant (CD3),Summer 2016,2016-06-01,32.55,,2016,6,2,2
412677,375,Nitrogen dioxide (NO2),Mean,ppb,CD,107,Upper West Side (CD7),Summer 2016,2016-06-01,19.1,,2016,6,2,2
411060,365,Fine particles (PM 2.5),Mean,mcg/m3,CD,308,Crown Heights and Prospect Heights (CD8),Summer 2016,2016-06-01,8.28,,2016,6,2,2
410829,365,Fine particles (PM 2.5),Mean,mcg/m3,UHF42,404,Bayside - Little Neck,Summer 2016,2016-06-01,7.38,,2016,6,2,2
412665,375,Nitrogen dioxide (NO2),Mean,ppb,CD,103,Lower East Side and Chinatown (CD3),Summer 2016,2016-06-01,19.89,,2016,6,2,2
412689,375,Nitrogen dioxide (NO2),Mean,ppb,CD,111,East Harlem (CD11),Summer 2016,2016-06-01,17.74,,2016,6,2,2
412683,375,Nitrogen dioxide (NO2),Mean,ppb,CD,109,Morningside Heights and Hamilton Heights (CD9),Summer 2016,2016-06-01,17.99,,2016,6,2,2
412099,386,Ozone (O3),Mean,ppb,CD,305,East New York and Starrett City (CD5),Summer 2016,2016-06-01,34.57,,2016,6,2,2
412482,375,Nitrogen dioxide (NO2),Mean,ppb,UHF42,301,Washington Heights,Summer 2016,2016-06-01,16.19,,2016,6,2,2
412104,386,Ozone (O3),Mean,ppb,CD,310,Bay Ridge and Dyker Heights (CD10),Summer 2016,2016-06-01,33.51,,2016,6,2,2
412106,386,Ozone (O3),Mean,ppb,CD,312,Borough Park (CD12),Summer 2016,2016-06-01,33.45,,2016,6,2,2
412056,386,Ozone (O3),Mean,ppb,UHF34,402,West Queens,Summer 2016,2016-06-01,33.12,,2016,6,2,2
412422,375,Nitrogen dioxide (NO2),Mean,ppb,Borough,4,Queens,Summer 2016,2016-06-01,13.08,,2016,6,2,2
411075,365,Fine particles (PM 2.5),Mean,mcg/m3,CD,313,Coney Island (CD13),Summer 2016,2016-06-01,7.65,,2016,6,2,2
410919,365,Fine particles (PM 2.5),Mean,mcg/m3,UHF34,401,Long Island City - Astoria,Summer 2016,2016-06-01,9.23,,2016,6,2,2
412027,386,Ozone (O3),Mean,ppb,UHF42,406,Fresh Meadows,Summer 2016,2016-06-01,33.16,,2016,6,2,2
412452,375,Nitrogen dioxide (NO2),Mean,ppb,UHF42,202,Downtown - Heights - Slope,Summer 2016,2016-06-01,17.32,,2016,6,2,2
412584,375,Nitrogen dioxide (NO2),Mean,ppb,UHF34,207,East Flatbush - Flatbush,Summer 2016,2016-06-01,13.98,,2016,6,2,2
412060,386,Ozone (O3),Mean,ppb,UHF34,408,Jamaica,Summer 2016,2016-06-01,33.86,,2016,6,2,2
412022,386,Ozone (O3),Mean,ppb,UHF42,401,Long Island City - Astoria,Summer 2016,2016-06-01,33.15,,2016,6,2,2
412012,386,Ozone (O3),Mean,ppb,UHF42,301,Washington Heights,Summer 2016,2016-06-01,31.92,,2016,6,2,2
412467,375,Nitrogen dioxide (NO2),Mean,ppb,UHF42,207,East Flatbush - Flatbush,Summer 2016,2016-06-01,13.98,,2016,6,2,2
412464,375,Nitrogen dioxide (NO2),Mean,ppb,UHF42,206,Borough Park,Summer 2016,2016-06-01,14.25,,2016,6,2,2
411996,386,Ozone (O3),Mean,ppb,UHF42,103,Fordham - Bronx Pk,Summer 2016,2016-06-01,32.78,,2016,6,2,2
411998,386,Ozone (O3),Mean,ppb,UHF42,105,Crotona -Tremont,Summer 2016,2016-06-01,32.31,,2016,6,2,2
412719,375,Nitrogen dioxide (NO2),Mean,ppb,CD,209,Parkchester and Soundview (CD9),Summer 2016,2016-06-01,14.9,,2016,6,2,2
412761,375,Nitrogen dioxide (NO2),Mean,ppb,CD,311,Bensonhurst (CD11),Summer 2016,2016-06-01,13.34,,2016,6,2,2
412755,375,Nitrogen dioxide (NO2),Mean,ppb,CD,309,South Crown Heights and Lefferts Gardens (CD9),Summer 2016,2016-06-01,15.37,,2016,6,2,2
412069,386,Ozone (O3),Mean,ppb,UHF34,105106107,South Bronx,Summer 2016,2016-06-01,32.84,,2016,6,2,2
412114,386,Ozone (O3),Mean,ppb,CD,402,Woodside and Sunnyside (CD2),Summer 2016,2016-06-01,33.37,,2016,6,2,2
412752,375,Nitrogen dioxide (NO2),Mean,ppb,CD,308,Crown Heights and Prospect Heights (CD8),Summer 2016,2016-06-01,16.04,,2016,6,2,2
412120,386,Ozone (O3),Mean,ppb,CD,408,Hillcrest and Fresh Meadows (CD8),Summer 2016,2016-06-01,32.98,,2016,6,2,2
412797,375,Nitrogen dioxide (NO2),Mean,ppb,CD,405,Ridgewood and Maspeth (CD5),Summer 2016,2016-06-01,13.7,,2016,6,2,2
412764,375,Nitrogen dioxide (NO2),Mean,ppb,CD,312,Borough Park (CD12),Summer 2016,2016-06-01,14.56,,2016,6,2,2
412758,375,Nitrogen dioxide (NO2),Mean,ppb,CD,310,Bay Ridge and Dyker Heights (CD10),Summer 2016,2016-06-01,14.26,,2016,6,2,2
412782,375,Nitrogen dioxide (NO2),Mean,ppb,CD,318,Flatlands and Canarsie (CD18),Summer 2016,2016-06-01,10.03,,2016,6,2,2
412073,386,Ozone (O3),Mean,ppb,CD,103,Lower East Side and Chinatown (CD3),Summer 2016,2016-06-01,30.41,,2016,6,2,2
411018,365,Fine particles (PM 2.5),Mean,mcg/m3,CD,206,Belmont and East Tremont (CD6),Summer 2016,2016-06-01,8.55,,2016,6,2,2
412094,386,Ozone (O3),Mean,ppb,CD,212,Williamsbridge and Baychester (CD12),Summer 2016,2016-06-01,33.19,,2016,6,2,2
410727,365,Fine particles (PM 2.5),Mean,mcg/m3,Borough,3,Manhattan,Summer 2016,2016-06-01,9.49,,2016,6,2,2
412121,386,Ozone (O3),Mean,ppb,CD,409,Kew Gardens and Woodhaven (CD9),Summer 2016,2016-06-01,33.58,,2016,6,2,2
410781,365,Fine particles (PM 2.5),Mean,mcg/m3,UHF42,209,Bensonhurst - Bay Ridge,Summer 2016,2016-06-01,7.94,,2016,6,2,2
412713,375,Nitrogen dioxide (NO2),Mean,ppb,CD,207,Kingsbridge Heights and Bedford (CD7),Summer 2016,2016-06-01,15.98,,2016,6,2,2
412437,375,Nitrogen dioxide (NO2),Mean,ppb,UHF42,104,Pelham - Throgs Neck,Summer 2016,2016-06-01,14.25,,2016,6,2,2
410826,365,Fine particles (PM 2.5),Mean,mcg/m3,UHF42,403,Flushing - Clearview,Summer 2016,2016-06-01,7.8,,2016,6,2,2
411105,365,Fine particles (PM 2.5),Mean,mcg/m3,CD,405,Ridgewood and Maspeth (CD5),Summer 2016,2016-06-01,8.43,,2016,6,2,2
412127,386,Ozone (O3),Mean,ppb,CD,501,St. George and Stapleton (CD1),Summer 2016,2016-06-01,33.4,,2016,6,2,2
412096,386,Ozone (O3),Mean,ppb,CD,302,Fort Greene and Brooklyn Heights (CD2),Summer 2016,2016-06-01,31.63,,2016,6,2,2
412731,375,Nitrogen dioxide (NO2),Mean,ppb,CD,301,Greenpoint and Williamsburg (CD1),Summer 2016,2016-06-01,16.53,,2016,6,2,2
412020,386,Ozone (O3),Mean,ppb,UHF42,309,Union Square - Lower East Side,Summer 2016,2016-06-01,30.14,,2016,6,2,2
412038,386,Ozone (O3),Mean,ppb,UHF34,103,Fordham - Bronx Pk,Summer 2016,2016-06-01,32.78,,2016,6,2,2
412043,386,Ozone (O3),Mean,ppb,UHF34,204,East New York,Summer 2016,2016-06-01,34.26,,2016,6,2,2
412608,375,Nitrogen dioxide (NO2),Mean,ppb,UHF34,304,Upper West Side,Summer 2016,2016-06-01,19.1,,2016,6,2,2
412794,375,Nitrogen dioxide (NO2),Mean,ppb,CD,404,Elmhurst and Corona (CD4),Summer 2016,2016-06-01,16.37,,2016,6,2,2
412050,386,Ozone (O3),Mean,ppb,UHF34,211,Williamsburg - Bushwick,Summer 2016,2016-06-01,32.99,,2016,6,2,2
411995,386,Ozone (O3),Mean,ppb,UHF42,102,Northeast Bronx,Summer 2016,2016-06-01,33.21,,2016,6,2,2
412008,386,Ozone (O3),Mean,ppb,UHF42,208,Canarsie - Flatlands,Summer 2016,2016-06-01,35.79,,2016,6,2,2
412031,386,Ozone (O3),Mean,ppb,UHF42,410,Rockaways,Summer 2016,2016-06-01,38.18,,2016,6,2,2
411991,386,Ozone (O3),Mean,ppb,Borough,3,Manhattan,Summer 2016,2016-06-01,30.3,,2016,6,2,2
412081,386,Ozone (O3),Mean,ppb,CD,111,East Harlem (CD11),Summer 2016,2016-06-01,31.66,,2016,6,2,2
412548,375,Nitrogen dioxide (NO2),Mean,ppb,UHF42,503,Willowbrook,Summer 2016,2016-06-01,10.16,,2016,6,2,2
410820,365,Fine particles (PM 2.5),Mean,mcg/m3,UHF42,401,Long Island City - Astoria,Summer 2016,2016-06-01,9.23,,2016,6,2,2
410898,365,Fine particles (PM 2.5),Mean,mcg/m3,UHF34,209,Bensonhurst - Bay Ridge,Summer 2016,2016-06-01,7.94,,2016,6,2,2
410868,365,Fine particles (PM 2.5),Mean,mcg/m3,UHF34,103,Fordham - Bronx Pk,Summer 2016,2016-06-01,8.05,,2016,6,2,2
412626,375,Nitrogen dioxide (NO2),Mean,ppb,UHF34,408,Jamaica,Summer 2016,2016-06-01,13.11,,2016,6,2,2
410916,365,Fine particles (PM 2.5),Mean,mcg/m3,UHF34,304,Upper West Side,Summer 2016,2016-06-01,9.12,,2016,6,2,2
410883,365,Fine particles (PM 2.5),Mean,mcg/m3,UHF34,204,East New York,Summer 2016,2016-06-01,8.27,,2016,6,2,2
412653,375,Nitrogen dioxide (NO2),Mean,ppb,UHF34,105106107,South Bronx,Summer 2016,2016-06-01,16.36,,2016,6,2,2
411045,365,Fine particles (PM 2.5),Mean,mcg/m3,CD,303,Bedford Stuyvesant (CD3),Summer 2016,2016-06-01,8.38,,2016,6,2,2
410928,365,Fine particles (PM 2.5),Mean,mcg/m3,UHF34,405,Ridgewood - Forest Hills,Summer 2016,2016-06-01,8.05,,2016,6,2,2
410877,365,Fine particles (PM 2.5),Mean,mcg/m3,UHF34,202,Downtown - Heights - Slope,Summer 2016,2016-06-01,9.15,,2016,6,2,2
410835,365,Fine particles (PM 2.5),Mean,mcg/m3,UHF42,406,Fresh Meadows,Summer 2016,2016-06-01,7.59,,2016,6,2,2
410748,365,Fine particles (PM 2.5),Mean,mcg/m3,UHF42,105,Crotona -Tremont,Summer 2016,2016-06-01,8.8,,2016,6,2,2
410778,365,Fine particles (PM 2.5),Mean,mcg/m3,UHF42,208,Canarsie - Flatlands,Summer 2016,2016-06-01,7.77,,2016,6,2,2
412125,386,Ozone (O3),Mean,ppb,CD,413,Queens Village (CD13),Summer 2016,2016-06-01,34.43,,2016,6,2,2
412800,375,Nitrogen dioxide (NO2),Mean,ppb,CD,406,Rego Park and Forest Hills (CD6),Summer 2016,2016-06-01,14.49,,2016,6,2,2
411108,365,Fine particles (PM 2.5),Mean,mcg/m3,CD,406,Rego Park and Forest Hills (CD6),Summer 2016,2016-06-01,8.05,,2016,6,2,2
412728,375,Nitrogen dioxide (NO2),Mean,ppb,CD,212,Williamsbridge and Baychester (CD12),Summer 2016,2016-06-01,14.07,,2016,6,2,2
412818,375,Nitrogen dioxide (NO2),Mean,ppb,CD,412,Jamaica and Hollis (CD12),Summer 2016,2016-06-01,13.19,,2016,6,2,2
412623,375,Nitrogen dioxide (NO2),Mean,ppb,UHF34,407,Southwest Queens,Summer 2016,2016-06-01,12.77,,2016,6,2,2
412431,375,Nitrogen dioxide (NO2),Mean,ppb,UHF42,102,Northeast Bronx,Summer 2016,2016-06-01,14.6,,2016,6,2,2
412497,375,Nitrogen dioxide (NO2),Mean,ppb,UHF42,306,Chelsea - Clinton,Summer 2016,2016-06-01,24.97,,2016,6,2,2
412108,386,Ozone (O3),Mean,ppb,CD,314,Flatbush and Midwood (CD14),Summer 2016,2016-06-01,33.56,,2016,6,2,2
412443,375,Nitrogen dioxide (NO2),Mean,ppb,UHF42,106,High Bridge - Morrisania,Summer 2016,2016-06-01,17.13,,2016,6,2,2
412476,375,Nitrogen dioxide (NO2),Mean,ppb,UHF42,210,Coney Island - Sheepshead Bay,Summer 2016,2016-06-01,10.44,,2016,6,2,2
412539,375,Nitrogen dioxide (NO2),Mean,ppb,UHF42,410,Rockaways,Summer 2016,2016-06-01,6.22,,2016,6,2,2
410946,365,Fine particles (PM 2.5),Mean,mcg/m3,UHF34,306308,Chelsea-Village,Summer 2016,2016-06-01,10.44,,2016,6,2,2
410943,365,Fine particles (PM 2.5),Mean,mcg/m3,UHF34,305307,Upper East Side-Gramercy,Summer 2016,2016-06-01,10.37,,2016,6,2,2
412641,375,Nitrogen dioxide (NO2),Mean,ppb,UHF34,309310,Union Square-Lower Manhattan,Summer 2016,2016-06-01,21.17,,2016,6,2,2
410784,365,Fine particles (PM 2.5),Mean,mcg/m3,UHF42,210,Coney Island - Sheepshead Bay,Summer 2016,2016-06-01,7.66,,2016,6,2,2
410751,365,Fine particles (PM 2.5),Mean,mcg/m3,UHF42,106,High Bridge - Morrisania,Summer 2016,2016-06-01,8.85,,2016,6,2,2
410796,365,Fine particles (PM 2.5),Mean,mcg/m3,UHF42,303,East Harlem,Summer 2016,2016-06-01,8.9,,2016,6,2,2
412650,375,Nitrogen dioxide (NO2),Mean,ppb,UHF34,503504,Southern SI,Summer 2016,2016-06-01,8.0,,2016,6,2,2
410949,365,Fine particles (PM 2.5),Mean,mcg/m3,UHF34,309310,Union Square-Lower Manhattan,Summer 2016,2016-06-01,9.47,,2016,6,2,2
412425,375,Nitrogen dioxide (NO2),Mean,ppb,Borough,5,Staten Island,Summer 2016,2016-06-01,9.17,,2016,6,2,2
412479,375,Nitrogen dioxide (NO2),Mean,ppb,UHF42,211,Williamsburg - Bushwick,Summer 2016,2016-06-01,15.94,,2016,6,2,2
410853,365,Fine particles (PM 2.5),Mean,mcg/m3,UHF42,502,Stapleton - St. George,Summer 2016,2016-06-01,7.79,,2016,6,2,2
411993,386,Ozone (O3),Mean,ppb,Borough,5,Staten Island,Summer 2016,2016-06-01,35.11,,2016,6,2,2
412011,386,Ozone (O3),Mean,ppb,UHF42,211,Williamsburg - Bushwick,Summer 2016,2016-06-01,32.99,,2016,6,2,2
412530,375,Nitrogen dioxide (NO2),Mean,ppb,UHF42,407,Southwest Queens,Summer 2016,2016-06-01,12.77,,2016,6,2,2
412821,375,Nitrogen dioxide (NO2),Mean,ppb,CD,413,Queens Village (CD13),Summer 2016,2016-06-01,12.15,,2016,6,2,2
412458,375,Nitrogen dioxide (NO2),Mean,ppb,UHF42,204,East New York,Summer 2016,2016-06-01,13.07,,2016,6,2,2
412118,386,Ozone (O3),Mean,ppb,CD,406,Rego Park and Forest Hills (CD6),Summer 2016,2016-06-01,32.7,,2016,6,2,2
412806,375,Nitrogen dioxide (NO2),Mean,ppb,CD,408,Hillcrest and Fresh Meadows (CD8),Summer 2016,2016-06-01,13.27,,2016,6,2,2
410934,365,Fine particles (PM 2.5),Mean,mcg/m3,UHF34,408,Jamaica,Summer 2016,2016-06-01,7.57,,2016,6,2,2
410895,365,Fine particles (PM 2.5),Mean,mcg/m3,UHF34,208,Canarsie - Flatlands,Summer 2016,2016-06-01,7.77,,2016,6,2,2
410838,365,Fine particles (PM 2.5),Mean,mcg/m3,UHF42,407,Southwest Queens,Summer 2016,2016-06-01,7.59,,2016,6,2,2
410841,365,Fine particles (PM 2.5),Mean,mcg/m3,UHF42,408,Jamaica,Summer 2016,2016-06-01,7.57,,2016,6,2,2
412707,375,Nitrogen dioxide (NO2),Mean,ppb,CD,205,Fordham and University Heights (CD5),Summer 2016,2016-06-01,17.67,,2016,6,2,2
411123,365,Fine particles (PM 2.5),Mean,mcg/m3,CD,411,Bayside and Little Neck (CD11),Summer 2016,2016-06-01,7.37,,2016,6,2,2
411117,365,Fine particles (PM 2.5),Mean,mcg/m3,CD,409,Kew Gardens and Woodhaven (CD9),Summer 2016,2016-06-01,7.83,,2016,6,2,2
412638,375,Nitrogen dioxide (NO2),Mean,ppb,UHF34,306308,Chelsea-Village,Summer 2016,2016-06-01,24.03,,2016,6,2,2
412635,375,Nitrogen dioxide (NO2),Mean,ppb,UHF34,305307,Upper East Side-Gramercy,Summer 2016,2016-06-01,23.66,,2016,6,2,2
411114,365,Fine particles (PM 2.5),Mean,mcg/m3,CD,408,Hillcrest and Fresh Meadows (CD8),Summer 2016,2016-06-01,7.56,,2016,6,2,2
412034,386,Ozone (O3),Mean,ppb,UHF42,503,Willowbrook,Summer 2016,2016-06-01,34.68,,2016,6,2,2
412004,386,Ozone (O3),Mean,ppb,UHF42,204,East New York,Summer 2016,2016-06-01,34.26,,2016,6,2,2
412587,375,Nitrogen dioxide (NO2),Mean,ppb,UHF34,208,Canarsie - Flatlands,Summer 2016,2016-06-01,9.96,,2016,6,2,2
412413,375,Nitrogen dioxide (NO2),Mean,ppb,Borough,1,Bronx,Summer 2016,2016-06-01,14.92,,2016,6,2,2
412663,375,Nitrogen dioxide (NO2),Mean,ppb,CD,102,Greenwich Village and Soho (CD2),Annual Average 2016,2015-12-31,25.94,,2015,12,4,2
412612,375,Nitrogen dioxide (NO2),Mean,ppb,UHF34,401,Long Island City - Astoria,Annual Average 2016,2015-12-31,20.91,,2015,12,4,2
410941,365,Fine particles (PM 2.5),Mean,mcg/m3,UHF34,410,Rockaways,Annual Average 2016,2015-12-31,5.98,,2015,12,4,2
410833,365,Fine particles (PM 2.5),Mean,mcg/m3,UHF42,405,Ridgewood - Forest Hills,Annual Average 2016,2015-12-31,7.56,,2015,12,4,2
410902,365,Fine particles (PM 2.5),Mean,mcg/m3,UHF34,210,Coney Island - Sheepshead Bay,Annual Average 2016,2015-12-31,6.75,,2015,12,4,2
411076,365,Fine particles (PM 2.5),Mean,mcg/m3,CD,313,Coney Island (CD13),Annual Average 2016,2015-12-31,6.65,,2015,12,4,2
410953,365,Fine particles (PM 2.5),Mean,mcg/m3,UHF34,404406,Bayside Little Neck-Fresh Meadows,Annual Average 2016,2015-12-31,6.94,,2015,12,4,2
411094,365,Fine particles (PM 2.5),Mean,mcg/m3,CD,401,Long Island City and Astoria (CD1),Annual Average 2016,2015-12-31,7.82,,2015,12,4,2
410761,365,Fine particles (PM 2.5),Mean,mcg/m3,UHF42,202,Downtown - Heights - Slope,Annual Average 2016,2015-12-31,8.86,,2015,12,4,2
410875,365,Fine particles (PM 2.5),Mean,mcg/m3,UHF34,201,Greenpoint,Annual Average 2016,2015-12-31,9.46,,2015,12,4,2
412594,375,Nitrogen dioxide (NO2),Mean,ppb,UHF34,210,Coney Island - Sheepshead Bay,Annual Average 2016,2015-12-31,15.62,,2015,12,4,2
412633,375,Nitrogen dioxide (NO2),Mean,ppb,UHF34,410,Rockaways,Annual Average 2016,2015-12-31,11.72,,2015,12,4,2
411046,365,Fine particles (PM 2.5),Mean,mcg/m3,CD,303,Bedford Stuyvesant (CD3),Annual Average 2016,2015-12-31,8.09,,2015,12,4,2
410863,365,Fine particles (PM 2.5),Mean,mcg/m3,UHF34,101,Kingsbridge - Riverdale,Annual Average 2016,2015-12-31,7.5,,2015,12,4,2
412423,375,Nitrogen dioxide (NO2),Mean,ppb,Borough,4,Queens,Annual Average 2016,2015-12-31,17.65,,2015,12,4,2
410785,365,Fine particles (PM 2.5),Mean,mcg/m3,UHF42,210,Coney Island - Sheepshead Bay,Annual Average 2016,2015-12-31,6.75,,2015,12,4,2
410734,365,Fine particles (PM 2.5),Mean,mcg/m3,Borough,5,Staten Island,Annual Average 2016,2015-12-31,6.84,,2015,12,4,2
412564,375,Nitrogen dioxide (NO2),Mean,ppb,UHF34,104,Pelham - Throgs Neck,Annual Average 2016,2015-12-31,17.92,,2015,12,4,2
412606,375,Nitrogen dioxide (NO2),Mean,ppb,UHF34,303,East Harlem,Annual Average 2016,2015-12-31,22.19,,2015,12,4,2
412492,375,Nitrogen dioxide (NO2),Mean,ppb,UHF42,304,Upper West Side,Annual Average 2016,2015-12-31,23.15,,2015,12,4,2
412573,375,Nitrogen dioxide (NO2),Mean,ppb,UHF34,203,Bedford Stuyvesant - Crown Heights,Annual Average 2016,2015-12-31,20.2,,2015,12,4,2
412720,375,Nitrogen dioxide (NO2),Mean,ppb,CD,209,Parkchester and Soundview (CD9),Annual Average 2016,2015-12-31,18.81,,2015,12,4,2
410779,365,Fine particles (PM 2.5),Mean,mcg/m3,UHF42,208,Canarsie - Flatlands,Annual Average 2016,2015-12-31,7.12,,2015,12,4,2
410977,365,Fine particles (PM 2.5),Mean,mcg/m3,CD,104,Clinton and Chelsea (CD4),Annual Average 2016,2015-12-31,9.76,,2015,12,4,2
410929,365,Fine particles (PM 2.5),Mean,mcg/m3,UHF34,405,Ridgewood - Forest Hills,Annual Average 2016,2015-12-31,7.56,,2015,12,4,2
412528,375,Nitrogen dioxide (NO2),Mean,ppb,UHF42,406,Fresh Meadows,Annual Average 2016,2015-12-31,18.09,,2015,12,4,2
410905,365,Fine particles (PM 2.5),Mean,mcg/m3,UHF34,211,Williamsburg - Bushwick,Annual Average 2016,2015-12-31,8.67,,2015,12,4,2
410923,365,Fine particles (PM 2.5),Mean,mcg/m3,UHF34,402,West Queens,Annual Average 2016,2015-12-31,8.14,,2015,12,4,2
412822,375,Nitrogen dioxide (NO2),Mean,ppb,CD,413,Queens Village (CD13),Annual Average 2016,2015-12-31,16.21,,2015,12,4,2
412444,375,Nitrogen dioxide (NO2),Mean,ppb,UHF42,106,High Bridge - Morrisania,Annual Average 2016,2015-12-31,21.08,,2015,12,4,2
412465,375,Nitrogen dioxide (NO2),Mean,ppb,UHF42,206,Borough Park,Annual Average 2016,2015-12-31,18.87,,2015,12,4,2
410860,365,Fine particles (PM 2.5),Mean,mcg/m3,UHF42,504,South Beach - Tottenville,Annual Average 2016,2015-12-31,6.59,,2015,12,4,2
410962,365,Fine particles (PM 2.5),Mean,mcg/m3,UHF34,105106107,South Bronx,Annual Average 2016,2015-12-31,8.21,,2015,12,4,2
410965,365,Fine particles (PM 2.5),Mean,mcg/m3,Citywide,1,New York City,Annual Average 2016,2015-12-31,7.45,,2015,12,4,2
411091,365,Fine particles (PM 2.5),Mean,mcg/m3,CD,318,Flatlands and Canarsie (CD18),Annual Average 2016,2015-12-31,7.08,,2015,12,4,2
412591,375,Nitrogen dioxide (NO2),Mean,ppb,UHF34,209,Bensonhurst - Bay Ridge,Annual Average 2016,2015-12-31,17.78,,2015,12,4,2
412597,375,Nitrogen dioxide (NO2),Mean,ppb,UHF34,211,Williamsburg - Bushwick,Annual Average 2016,2015-12-31,20.82,,2015,12,4,2
412675,375,Nitrogen dioxide (NO2),Mean,ppb,CD,106,Stuyvesant Town and Turtle Bay (CD6),Annual Average 2016,2015-12-31,28.4,,2015,12,4,2
411088,365,Fine particles (PM 2.5),Mean,mcg/m3,CD,317,East Flatbush (CD17),Annual Average 2016,2015-12-31,7.79,,2015,12,4,2
411103,365,Fine particles (PM 2.5),Mean,mcg/m3,CD,404,Elmhurst and Corona (CD4),Annual Average 2016,2015-12-31,7.71,,2015,12,4,2
412630,375,Nitrogen dioxide (NO2),Mean,ppb,UHF34,409,Southeast Queens,Annual Average 2016,2015-12-31,16.16,,2015,12,4,2
412747,375,Nitrogen dioxide (NO2),Mean,ppb,CD,306,Park Slope and Carroll Gardens (CD6),Annual Average 2016,2015-12-31,21.17,,2015,12,4,2
411052,365,Fine particles (PM 2.5),Mean,mcg/m3,CD,305,East New York and Starrett City (CD5),Annual Average 2016,2015-12-31,7.73,,2015,12,4,2
412555,375,Nitrogen dioxide (NO2),Mean,ppb,UHF34,101,Kingsbridge - Riverdale,Annual Average 2016,2015-12-31,16.04,,2015,12,4,2
411010,365,Fine particles (PM 2.5),Mean,mcg/m3,CD,203,Morrisania and Crotona (CD3),Annual Average 2016,2015-12-31,7.85,,2015,12,4,2
412696,375,Nitrogen dioxide (NO2),Mean,ppb,CD,201,Mott Haven and Melrose (CD1),Annual Average 2016,2015-12-31,20.84,,2015,12,4,2
410884,365,Fine particles (PM 2.5),Mean,mcg/m3,UHF34,204,East New York,Annual Average 2016,2015-12-31,7.8,,2015,12,4,2
412801,375,Nitrogen dioxide (NO2),Mean,ppb,CD,406,Rego Park and Forest Hills (CD6),Annual Average 2016,2015-12-31,19.31,,2015,12,4,2
412786,375,Nitrogen dioxide (NO2),Mean,ppb,CD,401,Long Island City and Astoria (CD1),Annual Average 2016,2015-12-31,20.07,,2015,12,4,2
412789,375,Nitrogen dioxide (NO2),Mean,ppb,CD,402,Woodside and Sunnyside (CD2),Annual Average 2016,2015-12-31,20.79,,2015,12,4,2
411115,365,Fine particles (PM 2.5),Mean,mcg/m3,CD,408,Hillcrest and Fresh Meadows (CD8),Annual Average 2016,2015-12-31,7.01,,2015,12,4,2
412699,375,Nitrogen dioxide (NO2),Mean,ppb,CD,202,Hunts Point and Longwood (CD2),Annual Average 2016,2015-12-31,19.79,,2015,12,4,2
410728,365,Fine particles (PM 2.5),Mean,mcg/m3,Borough,3,Manhattan,Annual Average 2016,2015-12-31,8.97,,2015,12,4,2
412687,375,Nitrogen dioxide (NO2),Mean,ppb,CD,110,Central Harlem (CD10),Annual Average 2016,2015-12-31,22.27,,2015,12,4,2
410926,365,Fine particles (PM 2.5),Mean,mcg/m3,UHF34,403,Flushing - Clearview,Annual Average 2016,2015-12-31,7.22,,2015,12,4,2
412729,375,Nitrogen dioxide (NO2),Mean,ppb,CD,212,Williamsbridge and Baychester (CD12),Annual Average 2016,2015-12-31,16.93,,2015,12,4,2
412819,375,Nitrogen dioxide (NO2),Mean,ppb,CD,412,Jamaica and Hollis (CD12),Annual Average 2016,2015-12-31,17.63,,2015,12,4,2
411121,365,Fine particles (PM 2.5),Mean,mcg/m3,CD,410,South Ozone Park and Howard Beach (CD10),Annual Average 2016,2015-12-31,6.85,,2015,12,4,2
412429,375,Nitrogen dioxide (NO2),Mean,ppb,UHF42,101,Kingsbridge - Riverdale,Annual Average 2016,2015-12-31,16.04,,2015,12,4,2
411079,365,Fine particles (PM 2.5),Mean,mcg/m3,CD,314,Flatbush and Midwood (CD14),Annual Average 2016,2015-12-31,7.45,,2015,12,4,2
410920,365,Fine particles (PM 2.5),Mean,mcg/m3,UHF34,401,Long Island City - Astoria,Annual Average 2016,2015-12-31,8.65,,2015,12,4,2
412834,375,Nitrogen dioxide (NO2),Mean,ppb,CD,503,Tottenville and Great Kills (CD3),Annual Average 2016,2015-12-31,11.44,,2015,12,4,2
410917,365,Fine particles (PM 2.5),Mean,mcg/m3,UHF34,304,Upper West Side,Annual Average 2016,2015-12-31,8.49,,2015,12,4,2
411127,365,Fine particles (PM 2.5),Mean,mcg/m3,CD,412,Jamaica and Hollis (CD12),Annual Average 2016,2015-12-31,6.98,,2015,12,4,2
411031,365,Fine particles (PM 2.5),Mean,mcg/m3,CD,210,Throgs Neck and Co-op City (CD10),Annual Average 2016,2015-12-31,7.51,,2015,12,4,2
412588,375,Nitrogen dioxide (NO2),Mean,ppb,UHF34,208,Canarsie - Flatlands,Annual Average 2016,2015-12-31,15.3,,2015,12,4,2
412828,375,Nitrogen dioxide (NO2),Mean,ppb,CD,501,St. George and Stapleton (CD1),Annual Average 2016,2015-12-31,16.86,,2015,12,4,2
412585,375,Nitrogen dioxide (NO2),Mean,ppb,UHF34,207,East Flatbush - Flatbush,Annual Average 2016,2015-12-31,18.86,,2015,12,4,2
412744,375,Nitrogen dioxide (NO2),Mean,ppb,CD,305,East New York and Starrett City (CD5),Annual Average 2016,2015-12-31,17.83,,2015,12,4,2
412543,375,Nitrogen dioxide (NO2),Mean,ppb,UHF42,501,Port Richmond,Annual Average 2016,2015-12-31,17.47,,2015,12,4,2
412519,375,Nitrogen dioxide (NO2),Mean,ppb,UHF42,403,Flushing - Clearview,Annual Average 2016,2015-12-31,18.24,,2015,12,4,2
412462,375,Nitrogen dioxide (NO2),Mean,ppb,UHF42,205,Sunset Park,Annual Average 2016,2015-12-31,19.32,,2015,12,4,2
412456,375,Nitrogen dioxide (NO2),Mean,ppb,UHF42,203,Bedford Stuyvesant - Crown Heights,Annual Average 2016,2015-12-31,20.2,,2015,12,4,2
412435,375,Nitrogen dioxide (NO2),Mean,ppb,UHF42,103,Fordham - Bronx Pk,Annual Average 2016,2015-12-31,17.93,,2015,12,4,2
412438,375,Nitrogen dioxide (NO2),Mean,ppb,UHF42,104,Pelham - Throgs Neck,Annual Average 2016,2015-12-31,17.92,,2015,12,4,2
410938,365,Fine particles (PM 2.5),Mean,mcg/m3,UHF34,409,Southeast Queens,Annual Average 2016,2015-12-31,6.51,,2015,12,4,2
412741,375,Nitrogen dioxide (NO2),Mean,ppb,CD,304,Bushwick (CD4),Annual Average 2016,2015-12-31,19.82,,2015,12,4,2
412624,375,Nitrogen dioxide (NO2),Mean,ppb,UHF34,407,Southwest Queens,Annual Average 2016,2015-12-31,17.8,,2015,12,4,2
412645,375,Nitrogen dioxide (NO2),Mean,ppb,UHF34,404406,Bayside Little Neck-Fresh Meadows,Annual Average 2016,2015-12-31,17.1,,2015,12,4,2
412561,375,Nitrogen dioxide (NO2),Mean,ppb,UHF34,103,Fordham - Bronx Pk,Annual Average 2016,2015-12-31,17.93,,2015,12,4,2
411004,365,Fine particles (PM 2.5),Mean,mcg/m3,CD,201,Mott Haven and Melrose (CD1),Annual Average 2016,2015-12-31,8.55,,2015,12,4,2
412609,375,Nitrogen dioxide (NO2),Mean,ppb,UHF34,304,Upper West Side,Annual Average 2016,2015-12-31,23.15,,2015,12,4,2
412486,375,Nitrogen dioxide (NO2),Mean,ppb,UHF42,302,Central Harlem - Morningside Heights,Annual Average 2016,2015-12-31,22.19,,2015,12,4,2
410986,365,Fine particles (PM 2.5),Mean,mcg/m3,CD,107,Upper West Side (CD7),Annual Average 2016,2015-12-31,8.49,,2015,12,4,2
410893,365,Fine particles (PM 2.5),Mean,mcg/m3,UHF34,207,East Flatbush - Flatbush,Annual Average 2016,2015-12-31,7.64,,2015,12,4,2
410794,365,Fine particles (PM 2.5),Mean,mcg/m3,UHF42,302,Central Harlem - Morningside Heights,Annual Average 2016,2015-12-31,7.95,,2015,12,4,2
410827,365,Fine particles (PM 2.5),Mean,mcg/m3,UHF42,403,Flushing - Clearview,Annual Average 2016,2015-12-31,7.22,,2015,12,4,2
410749,365,Fine particles (PM 2.5),Mean,mcg/m3,UHF42,105,Crotona -Tremont,Annual Average 2016,2015-12-31,8.18,,2015,12,4,2
412441,375,Nitrogen dioxide (NO2),Mean,ppb,UHF42,105,Crotona -Tremont,Annual Average 2016,2015-12-31,20.37,,2015,12,4,2
410824,365,Fine particles (PM 2.5),Mean,mcg/m3,UHF42,402,West Queens,Annual Average 2016,2015-12-31,8.14,,2015,12,4,2
412570,375,Nitrogen dioxide (NO2),Mean,ppb,UHF34,202,Downtown - Heights - Slope,Annual Average 2016,2015-12-31,21.65,,2015,12,4,2
411106,365,Fine particles (PM 2.5),Mean,mcg/m3,CD,405,Ridgewood and Maspeth (CD5),Annual Average 2016,2015-12-31,7.97,,2015,12,4,2
412672,375,Nitrogen dioxide (NO2),Mean,ppb,CD,105,Midtown (CD5),Annual Average 2016,2015-12-31,31.64,,2015,12,4,2
412717,375,Nitrogen dioxide (NO2),Mean,ppb,CD,208,Riverdale and Fieldston (CD8),Annual Average 2016,2015-12-31,16.04,,2015,12,4,2
411136,365,Fine particles (PM 2.5),Mean,mcg/m3,CD,501,St. George and Stapleton (CD1),Annual Average 2016,2015-12-31,7.11,,2015,12,4,2
410818,365,Fine particles (PM 2.5),Mean,mcg/m3,UHF42,310,Lower Manhattan,Annual Average 2016,2015-12-31,9.53,,2015,12,4,2
412420,375,Nitrogen dioxide (NO2),Mean,ppb,Borough,3,Manhattan,Annual Average 2016,2015-12-31,24.35,,2015,12,4,2
412798,375,Nitrogen dioxide (NO2),Mean,ppb,CD,405,Ridgewood and Maspeth (CD5),Annual Average 2016,2015-12-31,18.83,,2015,12,4,2
412537,375,Nitrogen dioxide (NO2),Mean,ppb,UHF42,409,Southeast Queens,Annual Average 2016,2015-12-31,16.16,,2015,12,4,2
412654,375,Nitrogen dioxide (NO2),Mean,ppb,UHF34,105106107,South Bronx,Annual Average 2016,2015-12-31,20.38,,2015,12,4,2
410746,365,Fine particles (PM 2.5),Mean,mcg/m3,UHF42,104,Pelham - Throgs Neck,Annual Average 2016,2015-12-31,7.5,,2015,12,4,2
412510,375,Nitrogen dioxide (NO2),Mean,ppb,UHF42,310,Lower Manhattan,Annual Average 2016,2015-12-31,26.15,,2015,12,4,2
410725,365,Fine particles (PM 2.5),Mean,mcg/m3,Borough,2,Brooklyn,Annual Average 2016,2015-12-31,7.76,,2015,12,4,2
410782,365,Fine particles (PM 2.5),Mean,mcg/m3,UHF42,209,Bensonhurst - Bay Ridge,Annual Average 2016,2015-12-31,7.11,,2015,12,4,2
412678,375,Nitrogen dioxide (NO2),Mean,ppb,CD,107,Upper West Side (CD7),Annual Average 2016,2015-12-31,23.15,,2015,12,4,2
410770,365,Fine particles (PM 2.5),Mean,mcg/m3,UHF42,205,Sunset Park,Annual Average 2016,2015-12-31,8.4,,2015,12,4,2
410971,365,Fine particles (PM 2.5),Mean,mcg/m3,CD,102,Greenwich Village and Soho (CD2),Annual Average 2016,2015-12-31,9.53,,2015,12,4,2
412750,375,Nitrogen dioxide (NO2),Mean,ppb,CD,307,Sunset Park (CD7),Annual Average 2016,2015-12-31,19.44,,2015,12,4,2
412579,375,Nitrogen dioxide (NO2),Mean,ppb,UHF34,205,Sunset Park,Annual Average 2016,2015-12-31,19.32,,2015,12,4,2
410764,365,Fine particles (PM 2.5),Mean,mcg/m3,UHF42,203,Bedford Stuyvesant - Crown Heights,Annual Average 2016,2015-12-31,7.94,,2015,12,4,2
412714,375,Nitrogen dioxide (NO2),Mean,ppb,CD,207,Kingsbridge Heights and Bedford (CD7),Annual Average 2016,2015-12-31,19.15,,2015,12,4,2
410743,365,Fine particles (PM 2.5),Mean,mcg/m3,UHF42,103,Fordham - Bronx Pk,Annual Average 2016,2015-12-31,7.57,,2015,12,4,2
411124,365,Fine particles (PM 2.5),Mean,mcg/m3,CD,411,Bayside and Little Neck (CD11),Annual Average 2016,2015-12-31,6.87,,2015,12,4,2
411040,365,Fine particles (PM 2.5),Mean,mcg/m3,CD,301,Greenpoint and Williamsburg (CD1),Annual Average 2016,2015-12-31,9.55,,2015,12,4,2
411055,365,Fine particles (PM 2.5),Mean,mcg/m3,CD,306,Park Slope and Carroll Gardens (CD6),Annual Average 2016,2015-12-31,8.86,,2015,12,4,2
411058,365,Fine particles (PM 2.5),Mean,mcg/m3,CD,307,Sunset Park (CD7),Annual Average 2016,2015-12-31,8.52,,2015,12,4,2
411118,365,Fine particles (PM 2.5),Mean,mcg/m3,CD,409,Kew Gardens and Woodhaven (CD9),Annual Average 2016,2015-12-31,7.29,,2015,12,4,2
410887,365,Fine particles (PM 2.5),Mean,mcg/m3,UHF34,205,Sunset Park,Annual Average 2016,2015-12-31,8.4,,2015,12,4,2
410851,365,Fine particles (PM 2.5),Mean,mcg/m3,UHF42,501,Port Richmond,Annual Average 2016,2015-12-31,7.3,,2015,12,4,2
412501,375,Nitrogen dioxide (NO2),Mean,ppb,UHF42,307,Gramercy Park - Murray Hill,Annual Average 2016,2015-12-31,30.14,,2015,12,4,2
410776,365,Fine particles (PM 2.5),Mean,mcg/m3,UHF42,207,East Flatbush - Flatbush,Annual Average 2016,2015-12-31,7.64,,2015,12,4,2
410998,365,Fine particles (PM 2.5),Mean,mcg/m3,CD,111,East Harlem (CD11),Annual Average 2016,2015-12-31,8.17,,2015,12,4,2
410914,365,Fine particles (PM 2.5),Mean,mcg/m3,UHF34,303,East Harlem,Annual Average 2016,2015-12-31,8.19,,2015,12,4,2
410992,365,Fine particles (PM 2.5),Mean,mcg/m3,CD,109,Morningside Heights and Hamilton Heights (CD9),Annual Average 2016,2015-12-31,8.01,,2015,12,4,2
411064,365,Fine particles (PM 2.5),Mean,mcg/m3,CD,309,South Crown Heights and Lefferts Gardens (CD9),Annual Average 2016,2015-12-31,7.77,,2015,12,4,2
412639,375,Nitrogen dioxide (NO2),Mean,ppb,UHF34,306308,Chelsea-Village,Annual Average 2016,2015-12-31,27.55,,2015,12,4,2
412477,375,Nitrogen dioxide (NO2),Mean,ppb,UHF42,210,Coney Island - Sheepshead Bay,Annual Average 2016,2015-12-31,15.62,,2015,12,4,2
412540,375,Nitrogen dioxide (NO2),Mean,ppb,UHF42,410,Rockaways,Annual Average 2016,2015-12-31,11.72,,2015,12,4,2
410755,365,Fine particles (PM 2.5),Mean,mcg/m3,UHF42,107,Hunts Point - Mott Haven,Annual Average 2016,2015-12-31,8.26,,2015,12,4,2
411016,365,Fine particles (PM 2.5),Mean,mcg/m3,CD,205,Fordham and University Heights (CD5),Annual Average 2016,2015-12-31,8.34,,2015,12,4,2
412792,375,Nitrogen dioxide (NO2),Mean,ppb,CD,403,Jackson Heights (CD3),Annual Average 2016,2015-12-31,20.32,,2015,12,4,2
412552,375,Nitrogen dioxide (NO2),Mean,ppb,UHF42,504,South Beach - Tottenville,Annual Average 2016,2015-12-31,11.52,,2015,12,4,2
412504,375,Nitrogen dioxide (NO2),Mean,ppb,UHF42,308,Greenwich Village - SoHo,Annual Average 2016,2015-12-31,25.93,,2015,12,4,2
410896,365,Fine particles (PM 2.5),Mean,mcg/m3,UHF34,208,Canarsie - Flatlands,Annual Average 2016,2015-12-31,7.12,,2015,12,4,2
412732,375,Nitrogen dioxide (NO2),Mean,ppb,CD,301,Greenpoint and Williamsburg (CD1),Annual Average 2016,2015-12-31,21.38,,2015,12,4,2
410980,365,Fine particles (PM 2.5),Mean,mcg/m3,CD,105,Midtown (CD5),Annual Average 2016,2015-12-31,11.34,,2015,12,4,2
412705,375,Nitrogen dioxide (NO2),Mean,ppb,CD,204,Highbridge and Concourse (CD4),Annual Average 2016,2015-12-31,21.21,,2015,12,4,2
412693,375,Nitrogen dioxide (NO2),Mean,ppb,CD,112,Washington Heights and Inwood (CD12),Annual Average 2016,2015-12-31,19.36,,2015,12,4,2
412417,375,Nitrogen dioxide (NO2),Mean,ppb,Borough,2,Brooklyn,Annual Average 2016,2015-12-31,18.48,,2015,12,4,2
412603,375,Nitrogen dioxide (NO2),Mean,ppb,UHF34,302,Central Harlem - Morningside Heights,Annual Average 2016,2015-12-31,22.19,,2015,12,4,2
412621,375,Nitrogen dioxide (NO2),Mean,ppb,UHF34,405,Ridgewood - Forest Hills,Annual Average 2016,2015-12-31,18.65,,2015,12,4,2
412468,375,Nitrogen dioxide (NO2),Mean,ppb,UHF42,207,East Flatbush - Flatbush,Annual Average 2016,2015-12-31,18.86,,2015,12,4,2
412813,375,Nitrogen dioxide (NO2),Mean,ppb,CD,410,South Ozone Park and Howard Beach (CD10),Annual Average 2016,2015-12-31,17.21,,2015,12,4,2
411070,365,Fine particles (PM 2.5),Mean,mcg/m3,CD,311,Bensonhurst (CD11),Annual Average 2016,2015-12-31,7.03,,2015,12,4,2
411037,365,Fine particles (PM 2.5),Mean,mcg/m3,CD,212,Williamsbridge and Baychester (CD12),Annual Average 2016,2015-12-31,7.46,,2015,12,4,2
412426,375,Nitrogen dioxide (NO2),Mean,ppb,Borough,5,Staten Island,Annual Average 2016,2015-12-31,13.47,,2015,12,4,2
411019,365,Fine particles (PM 2.5),Mean,mcg/m3,CD,206,Belmont and East Tremont (CD6),Annual Average 2016,2015-12-31,7.96,,2015,12,4,2
411109,365,Fine particles (PM 2.5),Mean,mcg/m3,CD,406,Rego Park and Forest Hills (CD6),Annual Average 2016,2015-12-31,7.5,,2015,12,4,2
411013,365,Fine particles (PM 2.5),Mean,mcg/m3,CD,204,Highbridge and Concourse (CD4),Annual Average 2016,2015-12-31,8.25,,2015,12,4,2
412489,375,Nitrogen dioxide (NO2),Mean,ppb,UHF42,303,East Harlem,Annual Average 2016,2015-12-31,22.19,,2015,12,4,2
412549,375,Nitrogen dioxide (NO2),Mean,ppb,UHF42,503,Willowbrook,Annual Average 2016,2015-12-31,14.11,,2015,12,4,2
412474,375,Nitrogen dioxide (NO2),Mean,ppb,UHF42,209,Bensonhurst - Bay Ridge,Annual Average 2016,2015-12-31,17.78,,2015,12,4,2
411073,365,Fine particles (PM 2.5),Mean,mcg/m3,CD,312,Borough Park (CD12),Annual Average 2016,2015-12-31,7.49,,2015,12,4,2
410737,365,Fine particles (PM 2.5),Mean,mcg/m3,UHF42,101,Kingsbridge - Riverdale,Annual Average 2016,2015-12-31,7.5,,2015,12,4,2
412636,375,Nitrogen dioxide (NO2),Mean,ppb,UHF34,305307,Upper East Side-Gramercy,Annual Average 2016,2015-12-31,27.31,,2015,12,4,2
412804,375,Nitrogen dioxide (NO2),Mean,ppb,CD,407,Flushing and Whitestone (CD7),Annual Average 2016,2015-12-31,18.2,,2015,12,4,2
410773,365,Fine particles (PM 2.5),Mean,mcg/m3,UHF42,206,Borough Park,Annual Average 2016,2015-12-31,7.45,,2015,12,4,2
412756,375,Nitrogen dioxide (NO2),Mean,ppb,CD,309,South Crown Heights and Lefferts Gardens (CD9),Annual Average 2016,2015-12-31,20.11,,2015,12,4,2
411100,365,Fine particles (PM 2.5),Mean,mcg/m3,CD,403,Jackson Heights (CD3),Annual Average 2016,2015-12-31,7.27,,2015,12,4,2
412762,375,Nitrogen dioxide (NO2),Mean,ppb,CD,311,Bensonhurst (CD11),Annual Average 2016,2015-12-31,18.05,,2015,12,4,2
412726,375,Nitrogen dioxide (NO2),Mean,ppb,CD,211,Morris Park and Bronxdale (CD11),Annual Average 2016,2015-12-31,17.91,,2015,12,4,2
412516,375,Nitrogen dioxide (NO2),Mean,ppb,UHF42,402,West Queens,Annual Average 2016,2015-12-31,20.53,,2015,12,4,2
410947,365,Fine particles (PM 2.5),Mean,mcg/m3,UHF34,306308,Chelsea-Village,Annual Average 2016,2015-12-31,10.05,,2015,12,4,2
410944,365,Fine particles (PM 2.5),Mean,mcg/m3,UHF34,305307,Upper East Side-Gramercy,Annual Average 2016,2015-12-31,9.86,,2015,12,4,2
412447,375,Nitrogen dioxide (NO2),Mean,ppb,UHF42,107,Hunts Point - Mott Haven,Annual Average 2016,2015-12-31,19.91,,2015,12,4,2
412414,375,Nitrogen dioxide (NO2),Mean,ppb,Borough,1,Bronx,Annual Average 2016,2015-12-31,18.42,,2015,12,4,2
412651,375,Nitrogen dioxide (NO2),Mean,ppb,UHF34,503504,Southern SI,Annual Average 2016,2015-12-31,12.48,,2015,12,4,2
410797,365,Fine particles (PM 2.5),Mean,mcg/m3,UHF42,303,East Harlem,Annual Average 2016,2015-12-31,8.19,,2015,12,4,2
410812,365,Fine particles (PM 2.5),Mean,mcg/m3,UHF42,308,Greenwich Village - SoHo,Annual Average 2016,2015-12-31,9.52,,2015,12,4,2
410959,365,Fine particles (PM 2.5),Mean,mcg/m3,UHF34,503504,Southern SI,Annual Average 2016,2015-12-31,6.78,,2015,12,4,2
411049,365,Fine particles (PM 2.5),Mean,mcg/m3,CD,304,Bushwick (CD4),Annual Average 2016,2015-12-31,8.07,,2015,12,4,2
412480,375,Nitrogen dioxide (NO2),Mean,ppb,UHF42,211,Williamsburg - Bushwick,Annual Average 2016,2015-12-31,20.82,,2015,12,4,2
412507,375,Nitrogen dioxide (NO2),Mean,ppb,UHF42,309,Union Square - Lower East Side,Annual Average 2016,2015-12-31,24.49,,2015,12,4,2
410989,365,Fine particles (PM 2.5),Mean,mcg/m3,CD,108,Upper East Side (CD8),Annual Average 2016,2015-12-31,9.1,,2015,12,4,2
412642,375,Nitrogen dioxide (NO2),Mean,ppb,UHF34,309310,Union Square-Lower Manhattan,Annual Average 2016,2015-12-31,25.01,,2015,12,4,2
410791,365,Fine particles (PM 2.5),Mean,mcg/m3,UHF42,301,Washington Heights,Annual Average 2016,2015-12-31,7.81,,2015,12,4,2
410803,365,Fine particles (PM 2.5),Mean,mcg/m3,UHF42,305,Upper East Side,Annual Average 2016,2015-12-31,9.07,,2015,12,4,2
411142,365,Fine particles (PM 2.5),Mean,mcg/m3,CD,503,Tottenville and Great Kills (CD3),Annual Average 2016,2015-12-31,6.62,,2015,12,4,2
412660,375,Nitrogen dioxide (NO2),Mean,ppb,CD,101,Financial District (CD1),Annual Average 2016,2015-12-31,26.27,,2015,12,4,2
412525,375,Nitrogen dioxide (NO2),Mean,ppb,UHF42,405,Ridgewood - Forest Hills,Annual Average 2016,2015-12-31,18.65,,2015,12,4,2
410899,365,Fine particles (PM 2.5),Mean,mcg/m3,UHF34,209,Bensonhurst - Bay Ridge,Annual Average 2016,2015-12-31,7.11,,2015,12,4,2
412432,375,Nitrogen dioxide (NO2),Mean,ppb,UHF42,102,Northeast Bronx,Annual Average 2016,2015-12-31,17.52,,2015,12,4,2
412453,375,Nitrogen dioxide (NO2),Mean,ppb,UHF42,202,Downtown - Heights - Slope,Annual Average 2016,2015-12-31,21.65,,2015,12,4,2
412735,375,Nitrogen dioxide (NO2),Mean,ppb,CD,302,Fort Greene and Brooklyn Heights (CD2),Annual Average 2016,2015-12-31,22.16,,2015,12,4,2
411043,365,Fine particles (PM 2.5),Mean,mcg/m3,CD,302,Fort Greene and Brooklyn Heights (CD2),Annual Average 2016,2015-12-31,8.83,,2015,12,4,2
411097,365,Fine particles (PM 2.5),Mean,mcg/m3,CD,402,Woodside and Sunnyside (CD2),Annual Average 2016,2015-12-31,9.27,,2015,12,4,2
411139,365,Fine particles (PM 2.5),Mean,mcg/m3,CD,502,South Beach and Willowbrook (CD2),Annual Average 2016,2015-12-31,6.89,,2015,12,4,2
410800,365,Fine particles (PM 2.5),Mean,mcg/m3,UHF42,304,Upper West Side,Annual Average 2016,2015-12-31,8.49,,2015,12,4,2
412498,375,Nitrogen dioxide (NO2),Mean,ppb,UHF42,306,Chelsea - Clinton,Annual Average 2016,2015-12-31,28.36,,2015,12,4,2
411001,365,Fine particles (PM 2.5),Mean,mcg/m3,CD,112,Washington Heights and Inwood (CD12),Annual Average 2016,2015-12-31,7.79,,2015,12,4,2
410722,365,Fine particles (PM 2.5),Mean,mcg/m3,Borough,1,Bronx,Annual Average 2016,2015-12-31,7.75,,2015,12,4,2
410932,365,Fine particles (PM 2.5),Mean,mcg/m3,UHF34,407,Southwest Queens,Annual Average 2016,2015-12-31,7.02,,2015,12,4,2
410881,365,Fine particles (PM 2.5),Mean,mcg/m3,UHF34,203,Bedford Stuyvesant - Crown Heights,Annual Average 2016,2015-12-31,7.94,,2015,12,4,2
412759,375,Nitrogen dioxide (NO2),Mean,ppb,CD,310,Bay Ridge and Dyker Heights (CD10),Annual Average 2016,2015-12-31,18.54,,2015,12,4,2
412765,375,Nitrogen dioxide (NO2),Mean,ppb,CD,312,Borough Park (CD12),Annual Average 2016,2015-12-31,19.12,,2015,12,4,2
410872,365,Fine particles (PM 2.5),Mean,mcg/m3,UHF34,104,Pelham - Throgs Neck,Annual Average 2016,2015-12-31,7.5,,2015,12,4,2
410740,365,Fine particles (PM 2.5),Mean,mcg/m3,UHF42,102,Northeast Bronx,Annual Average 2016,2015-12-31,7.55,,2015,12,4,2
410836,365,Fine particles (PM 2.5),Mean,mcg/m3,UHF42,406,Fresh Meadows,Annual Average 2016,2015-12-31,7.03,,2015,12,4,2
412771,375,Nitrogen dioxide (NO2),Mean,ppb,CD,314,Flatbush and Midwood (CD14),Annual Average 2016,2015-12-31,18.29,,2015,12,4,2
412666,375,Nitrogen dioxide (NO2),Mean,ppb,CD,103,Lower East Side and Chinatown (CD3),Annual Average 2016,2015-12-31,24.0,,2015,12,4,2
411022,365,Fine particles (PM 2.5),Mean,mcg/m3,CD,207,Kingsbridge Heights and Bedford (CD7),Annual Average 2016,2015-12-31,7.78,,2015,12,4,2
411007,365,Fine particles (PM 2.5),Mean,mcg/m3,CD,202,Hunts Point and Longwood (CD2),Annual Average 2016,2015-12-31,8.49,,2015,12,4,2
410731,365,Fine particles (PM 2.5),Mean,mcg/m3,Borough,4,Queens,Annual Average 2016,2015-12-31,7.17,,2015,12,4,2
410857,365,Fine particles (PM 2.5),Mean,mcg/m3,UHF42,503,Willowbrook,Annual Average 2016,2015-12-31,7.1,,2015,12,4,2
412831,375,Nitrogen dioxide (NO2),Mean,ppb,CD,502,South Beach and Willowbrook (CD2),Annual Average 2016,2015-12-31,13.36,,2015,12,4,2
412690,375,Nitrogen dioxide (NO2),Mean,ppb,CD,111,East Harlem (CD11),Annual Average 2016,2015-12-31,22.09,,2015,12,4,2
412522,375,Nitrogen dioxide (NO2),Mean,ppb,UHF42,404,Bayside - Little Neck,Annual Average 2016,2015-12-31,16.43,,2015,12,4,2
412777,375,Nitrogen dioxide (NO2),Mean,ppb,CD,316,Brownsville (CD16),Annual Average 2016,2015-12-31,19.29,,2015,12,4,2
412783,375,Nitrogen dioxide (NO2),Mean,ppb,CD,318,Flatlands and Canarsie (CD18),Annual Average 2016,2015-12-31,15.36,,2015,12,4,2
412627,375,Nitrogen dioxide (NO2),Mean,ppb,UHF34,408,Jamaica,Annual Average 2016,2015-12-31,17.56,,2015,12,4,2
412768,375,Nitrogen dioxide (NO2),Mean,ppb,CD,313,Coney Island (CD13),Annual Average 2016,2015-12-31,14.64,,2015,12,4,2
412600,375,Nitrogen dioxide (NO2),Mean,ppb,UHF34,301,Washington Heights,Annual Average 2016,2015-12-31,19.85,,2015,12,4,2
410821,365,Fine particles (PM 2.5),Mean,mcg/m3,UHF42,401,Long Island City - Astoria,Annual Average 2016,2015-12-31,8.65,,2015,12,4,2
412531,375,Nitrogen dioxide (NO2),Mean,ppb,UHF42,407,Southwest Queens,Annual Average 2016,2015-12-31,17.8,,2015,12,4,2
412471,375,Nitrogen dioxide (NO2),Mean,ppb,UHF42,208,Canarsie - Flatlands,Annual Average 2016,2015-12-31,15.3,,2015,12,4,2
412534,375,Nitrogen dioxide (NO2),Mean,ppb,UHF42,408,Jamaica,Annual Average 2016,2015-12-31,17.56,,2015,12,4,2
411085,365,Fine particles (PM 2.5),Mean,mcg/m3,CD,316,Brownsville (CD16),Annual Average 2016,2015-12-31,7.97,,2015,12,4,2
411067,365,Fine particles (PM 2.5),Mean,mcg/m3,CD,310,Bay Ridge and Dyker Heights (CD10),Annual Average 2016,2015-12-31,7.39,,2015,12,4,2
412795,375,Nitrogen dioxide (NO2),Mean,ppb,CD,404,Elmhurst and Corona (CD4),Annual Average 2016,2015-12-31,21.21,,2015,12,4,2
410956,365,Fine particles (PM 2.5),Mean,mcg/m3,UHF34,501502,Northern SI,Annual Average 2016,2015-12-31,6.97,,2015,12,4,2
410911,365,Fine particles (PM 2.5),Mean,mcg/m3,UHF34,302,Central Harlem - Morningside Heights,Annual Average 2016,2015-12-31,7.95,,2015,12,4,2
410950,365,Fine particles (PM 2.5),Mean,mcg/m3,UHF34,309310,Union Square-Lower Manhattan,Annual Average 2016,2015-12-31,9.18,,2015,12,4,2
410866,365,Fine particles (PM 2.5),Mean,mcg/m3,UHF34,102,Northeast Bronx,Annual Average 2016,2015-12-31,7.55,,2015,12,4,2
410983,365,Fine particles (PM 2.5),Mean,mcg/m3,CD,106,Stuyvesant Town and Turtle Bay (CD6),Annual Average 2016,2015-12-31,10.21,,2015,12,4,2
412459,375,Nitrogen dioxide (NO2),Mean,ppb,UHF42,204,East New York,Annual Average 2016,2015-12-31,18.26,,2015,12,4,2
410758,365,Fine particles (PM 2.5),Mean,mcg/m3,UHF42,201,Greenpoint,Annual Average 2016,2015-12-31,9.46,,2015,12,4,2
412681,375,Nitrogen dioxide (NO2),Mean,ppb,CD,108,Upper East Side (CD8),Annual Average 2016,2015-12-31,24.91,,2015,12,4,2
411028,365,Fine particles (PM 2.5),Mean,mcg/m3,CD,209,Parkchester and Soundview (CD9),Annual Average 2016,2015-12-31,7.6,,2015,12,4,2
411034,365,Fine particles (PM 2.5),Mean,mcg/m3,CD,211,Morris Park and Bronxdale (CD11),Annual Average 2016,2015-12-31,7.4,,2015,12,4,2
412684,375,Nitrogen dioxide (NO2),Mean,ppb,CD,109,Morningside Heights and Hamilton Heights (CD9),Annual Average 2016,2015-12-31,22.0,,2015,12,4,2
412648,375,Nitrogen dioxide (NO2),Mean,ppb,UHF34,501502,Northern SI,Annual Average 2016,2015-12-31,15.81,,2015,12,4,2
411082,365,Fine particles (PM 2.5),Mean,mcg/m3,CD,315,Sheepshead Bay (CD15),Annual Average 2016,2015-12-31,6.78,,2015,12,4,2
410968,365,Fine particles (PM 2.5),Mean,mcg/m3,CD,101,Financial District (CD1),Annual Average 2016,2015-12-31,9.56,,2015,12,4,2
410854,365,Fine particles (PM 2.5),Mean,mcg/m3,UHF42,502,Stapleton - St. George,Annual Average 2016,2015-12-31,6.8,,2015,12,4,2
412753,375,Nitrogen dioxide (NO2),Mean,ppb,CD,308,Crown Heights and Prospect Heights (CD8),Annual Average 2016,2015-12-31,20.74,,2015,12,4,2
412723,375,Nitrogen dioxide (NO2),Mean,ppb,CD,210,Throgs Neck and Co-op City (CD10),Annual Average 2016,2015-12-31,17.23,,2015,12,4,2
411061,365,Fine particles (PM 2.5),Mean,mcg/m3,CD,308,Crown Heights and Prospect Heights (CD8),Annual Average 2016,2015-12-31,7.98,,2015,12,4,2
411112,365,Fine particles (PM 2.5),Mean,mcg/m3,CD,407,Flushing and Whitestone (CD7),Annual Average 2016,2015-12-31,7.26,,2015,12,4,2
410830,365,Fine particles (PM 2.5),Mean,mcg/m3,UHF42,404,Bayside - Little Neck,Annual Average 2016,2015-12-31,6.88,,2015,12,4,2
412702,375,Nitrogen dioxide (NO2),Mean,ppb,CD,203,Morrisania and Crotona (CD3),Annual Average 2016,2015-12-31,20.07,,2015,12,4,2
412618,375,Nitrogen dioxide (NO2),Mean,ppb,UHF34,403,Flushing - Clearview,Annual Average 2016,2015-12-31,18.23,,2015,12,4,2
412576,375,Nitrogen dioxide (NO2),Mean,ppb,UHF34,204,East New York,Annual Average 2016,2015-12-31,18.26,,2015,12,4,2
412816,375,Nitrogen dioxide (NO2),Mean,ppb,CD,411,Bayside and Little Neck (CD11),Annual Average 2016,2015-12-31,16.78,,2015,12,4,2
411025,365,Fine particles (PM 2.5),Mean,mcg/m3,CD,208,Riverdale and Fieldston (CD8),Annual Average 2016,2015-12-31,7.49,,2015,12,4,2
412810,375,Nitrogen dioxide (NO2),Mean,ppb,CD,409,Kew Gardens and Woodhaven (CD9),Annual Average 2016,2015-12-31,18.69,,2015,12,4,2
412711,375,Nitrogen dioxide (NO2),Mean,ppb,CD,206,Belmont and East Tremont (CD6),Annual Average 2016,2015-12-31,19.86,,2015,12,4,2
412546,375,Nitrogen dioxide (NO2),Mean,ppb,UHF42,502,Stapleton - St. George,Annual Average 2016,2015-12-31,14.93,,2015,12,4,2
410869,365,Fine particles (PM 2.5),Mean,mcg/m3,UHF34,103,Fordham - Bronx Pk,Annual Average 2016,2015-12-31,7.57,,2015,12,4,2
412738,375,Nitrogen dioxide (NO2),Mean,ppb,CD,303,Bedford Stuyvesant (CD3),Annual Average 2016,2015-12-31,20.79,,2015,12,4,2
412558,375,Nitrogen dioxide (NO2),Mean,ppb,UHF34,102,Northeast Bronx,Annual Average 2016,2015-12-31,17.52,,2015,12,4,2
412780,375,Nitrogen dioxide (NO2),Mean,ppb,CD,317,East Flatbush (CD17),Annual Average 2016,2015-12-31,18.94,,2015,12,4,2
412615,375,Nitrogen dioxide (NO2),Mean,ppb,UHF34,402,West Queens,Annual Average 2016,2015-12-31,20.53,,2015,12,4,2
410842,365,Fine particles (PM 2.5),Mean,mcg/m3,UHF42,408,Jamaica,Annual Average 2016,2015-12-31,6.99,,2015,12,4,2
412708,375,Nitrogen dioxide (NO2),Mean,ppb,CD,205,Fordham and University Heights (CD5),Annual Average 2016,2015-12-31,21.18,,2015,12,4,2
411133,365,Fine particles (PM 2.5),Mean,mcg/m3,CD,414,Rockaway and Broad Channel (CD14),Annual Average 2016,2015-12-31,5.98,,2015,12,4,2
410788,365,Fine particles (PM 2.5),Mean,mcg/m3,UHF42,211,Williamsburg - Bushwick,Annual Average 2016,2015-12-31,8.67,,2015,12,4,2
412669,375,Nitrogen dioxide (NO2),Mean,ppb,CD,104,Clinton and Chelsea (CD4),Annual Average 2016,2015-12-31,26.68,,2015,12,4,2
412807,375,Nitrogen dioxide (NO2),Mean,ppb,CD,408,Hillcrest and Fresh Meadows (CD8),Annual Average 2016,2015-12-31,17.63,,2015,12,4,2
412657,375,Nitrogen dioxide (NO2),Mean,ppb,Citywide,1,New York City,Annual Average 2016,2015-12-31,17.58,,2015,12,4,2
410809,365,Fine particles (PM 2.5),Mean,mcg/m3,UHF42,307,Gramercy Park - Murray Hill,Annual Average 2016,2015-12-31,10.76,,2015,12,4,2
410839,365,Fine particles (PM 2.5),Mean,mcg/m3,UHF42,407,Southwest Queens,Annual Average 2016,2015-12-31,7.02,,2015,12,4,2
410974,365,Fine particles (PM 2.5),Mean,mcg/m3,CD,103,Lower East Side and Chinatown (CD3),Annual Average 2016,2015-12-31,8.9,,2015,12,4,2
410908,365,Fine particles (PM 2.5),Mean,mcg/m3,UHF34,301,Washington Heights,Annual Average 2016,2015-12-31,7.81,,2015,12,4,2
410845,365,Fine particles (PM 2.5),Mean,mcg/m3,UHF42,409,Southeast Queens,Annual Average 2016,2015-12-31,6.51,,2015,12,4,2
411130,365,Fine particles (PM 2.5),Mean,mcg/m3,CD,413,Queens Village (CD13),Annual Average 2016,2015-12-31,6.53,,2015,12,4,2
410767,365,Fine particles (PM 2.5),Mean,mcg/m3,UHF42,204,East New York,Annual Average 2016,2015-12-31,7.8,,2015,12,4,2
410752,365,Fine particles (PM 2.5),Mean,mcg/m3,UHF42,106,High Bridge - Morrisania,Annual Average 2016,2015-12-31,8.16,,2015,12,4,2
410890,365,Fine particles (PM 2.5),Mean,mcg/m3,UHF34,206,Borough Park,Annual Average 2016,2015-12-31,7.45,,2015,12,4,2
410935,365,Fine particles (PM 2.5),Mean,mcg/m3,UHF34,408,Jamaica,Annual Average 2016,2015-12-31,6.99,,2015,12,4,2
410878,365,Fine particles (PM 2.5),Mean,mcg/m3,UHF34,202,Downtown - Heights - Slope,Annual Average 2016,2015-12-31,8.86,,2015,12,4,2
412567,375,Nitrogen dioxide (NO2),Mean,ppb,UHF34,201,Greenpoint,Annual Average 2016,2015-12-31,21.44,,2015,12,4,2
412495,375,Nitrogen dioxide (NO2),Mean,ppb,UHF42,305,Upper East Side,Annual Average 2016,2015-12-31,24.81,,2015,12,4,2
412825,375,Nitrogen dioxide (NO2),Mean,ppb,CD,414,Rockaway and Broad Channel (CD14),Annual Average 2016,2015-12-31,11.6,,2015,12,4,2
410806,365,Fine particles (PM 2.5),Mean,mcg/m3,UHF42,306,Chelsea - Clinton,Annual Average 2016,2015-12-31,10.32,,2015,12,4,2
412582,375,Nitrogen dioxide (NO2),Mean,ppb,UHF34,206,Borough Park,Annual Average 2016,2015-12-31,18.87,,2015,12,4,2
412450,375,Nitrogen dioxide (NO2),Mean,ppb,UHF42,201,Greenpoint,Annual Average 2016,2015-12-31,21.44,,2015,12,4,2
412513,375,Nitrogen dioxide (NO2),Mean,ppb,UHF42,401,Long Island City - Astoria,Annual Average 2016,2015-12-31,20.91,,2015,12,4,2
412483,375,Nitrogen dioxide (NO2),Mean,ppb,UHF42,301,Washington Heights,Annual Average 2016,2015-12-31,19.85,,2015,12,4,2
410815,365,Fine particles (PM 2.5),Mean,mcg/m3,UHF42,309,Union Square - Lower East Side,Annual Average 2016,2015-12-31,9.02,,2015,12,4,2
410848,365,Fine particles (PM 2.5),Mean,mcg/m3,UHF42,410,Rockaways,Annual Average 2016,2015-12-31,5.98,,2015,12,4,2
412774,375,Nitrogen dioxide (NO2),Mean,ppb,CD,315,Sheepshead Bay (CD15),Annual Average 2016,2015-12-31,15.91,,2015,12,4,2
410995,365,Fine particles (PM 2.5),Mean,mcg/m3,CD,110,Central Harlem (CD10),Annual Average 2016,2015-12-31,7.89,,2015,12,4,2
411044,365,Fine particles (PM 2.5),Mean,mcg/m3,CD,303,Bedford Stuyvesant (CD3),Winter 2015-16,2015-12-01,8.93,,2015,12,4,2
410768,365,Fine particles (PM 2.5),Mean,mcg/m3,UHF42,205,Sunset Park,Winter 2015-16,2015-12-01,9.32,,2015,12,4,2
412769,375,Nitrogen dioxide (NO2),Mean,ppb,CD,314,Flatbush and Midwood (CD14),Winter 2015-16,2015-12-01,23.27,,2015,12,4,2
410831,365,Fine particles (PM 2.5),Mean,mcg/m3,UHF42,405,Ridgewood - Forest Hills,Winter 2015-16,2015-12-01,8.12,,2015,12,4,2
412412,375,Nitrogen dioxide (NO2),Mean,ppb,Borough,1,Bronx,Winter 2015-16,2015-12-01,22.28,,2015,12,4,2
412487,375,Nitrogen dioxide (NO2),Mean,ppb,UHF42,303,East Harlem,Winter 2015-16,2015-12-01,25.95,,2015,12,4,2
412730,375,Nitrogen dioxide (NO2),Mean,ppb,CD,301,Greenpoint and Williamsburg (CD1),Winter 2015-16,2015-12-01,25.68,,2015,12,4,2
410804,365,Fine particles (PM 2.5),Mean,mcg/m3,UHF42,306,Chelsea - Clinton,Winter 2015-16,2015-12-01,10.66,,2015,12,4,2
410915,365,Fine particles (PM 2.5),Mean,mcg/m3,UHF34,304,Upper West Side,Winter 2015-16,2015-12-01,8.85,,2015,12,4,2
412508,375,Nitrogen dioxide (NO2),Mean,ppb,UHF42,310,Lower Manhattan,Winter 2015-16,2015-12-01,28.96,,2015,12,4,2
412502,375,Nitrogen dioxide (NO2),Mean,ppb,UHF42,308,Greenwich Village - SoHo,Winter 2015-16,2015-12-01,29.03,,2015,12,4,2
411059,365,Fine particles (PM 2.5),Mean,mcg/m3,CD,308,Crown Heights and Prospect Heights (CD8),Winter 2015-16,2015-12-01,8.84,,2015,12,4,2
410828,365,Fine particles (PM 2.5),Mean,mcg/m3,UHF42,404,Bayside - Little Neck,Winter 2015-16,2015-12-01,7.37,,2015,12,4,2
411083,365,Fine particles (PM 2.5),Mean,mcg/m3,CD,316,Brownsville (CD16),Winter 2015-16,2015-12-01,8.69,,2015,12,4,2
411131,365,Fine particles (PM 2.5),Mean,mcg/m3,CD,414,Rockaway and Broad Channel (CD14),Winter 2015-16,2015-12-01,5.92,,2015,12,4,2
412499,375,Nitrogen dioxide (NO2),Mean,ppb,UHF42,307,Gramercy Park - Murray Hill,Winter 2015-16,2015-12-01,32.41,,2015,12,4,2
410909,365,Fine particles (PM 2.5),Mean,mcg/m3,UHF34,302,Central Harlem - Morningside Heights,Winter 2015-16,2015-12-01,8.42,,2015,12,4,2
410720,365,Fine particles (PM 2.5),Mean,mcg/m3,Borough,1,Bronx,Winter 2015-16,2015-12-01,8.4,,2015,12,4,2
411047,365,Fine particles (PM 2.5),Mean,mcg/m3,CD,304,Bushwick (CD4),Winter 2015-16,2015-12-01,8.8,,2015,12,4,2
410774,365,Fine particles (PM 2.5),Mean,mcg/m3,UHF42,207,East Flatbush - Flatbush,Winter 2015-16,2015-12-01,8.37,,2015,12,4,2
412691,375,Nitrogen dioxide (NO2),Mean,ppb,CD,112,Washington Heights and Inwood (CD12),Winter 2015-16,2015-12-01,22.91,,2015,12,4,2
412595,375,Nitrogen dioxide (NO2),Mean,ppb,UHF34,211,Williamsburg - Bushwick,Winter 2015-16,2015-12-01,25.28,,2015,12,4,2
410834,365,Fine particles (PM 2.5),Mean,mcg/m3,UHF42,406,Fresh Meadows,Winter 2015-16,2015-12-01,7.5,,2015,12,4,2
412607,375,Nitrogen dioxide (NO2),Mean,ppb,UHF34,304,Upper West Side,Winter 2015-16,2015-12-01,26.42,,2015,12,4,2
412736,375,Nitrogen dioxide (NO2),Mean,ppb,CD,303,Bedford Stuyvesant (CD3),Winter 2015-16,2015-12-01,25.21,,2015,12,4,2
410777,365,Fine particles (PM 2.5),Mean,mcg/m3,UHF42,208,Canarsie - Flatlands,Winter 2015-16,2015-12-01,7.6,,2015,12,4,2
412793,375,Nitrogen dioxide (NO2),Mean,ppb,CD,404,Elmhurst and Corona (CD4),Winter 2015-16,2015-12-01,25.68,,2015,12,4,2
412811,375,Nitrogen dioxide (NO2),Mean,ppb,CD,410,South Ozone Park and Howard Beach (CD10),Winter 2015-16,2015-12-01,22.46,,2015,12,4,2
411137,365,Fine particles (PM 2.5),Mean,mcg/m3,CD,502,South Beach and Willowbrook (CD2),Winter 2015-16,2015-12-01,7.49,,2015,12,4,2
412505,375,Nitrogen dioxide (NO2),Mean,ppb,UHF42,309,Union Square - Lower East Side,Winter 2015-16,2015-12-01,27.88,,2015,12,4,2
410843,365,Fine particles (PM 2.5),Mean,mcg/m3,UHF42,409,Southeast Queens,Winter 2015-16,2015-12-01,6.89,,2015,12,4,2
411125,365,Fine particles (PM 2.5),Mean,mcg/m3,CD,412,Jamaica and Hollis (CD12),Winter 2015-16,2015-12-01,7.4,,2015,12,4,2
411035,365,Fine particles (PM 2.5),Mean,mcg/m3,CD,212,Williamsbridge and Baychester (CD12),Winter 2015-16,2015-12-01,8.27,,2015,12,4,2
412424,375,Nitrogen dioxide (NO2),Mean,ppb,Borough,5,Staten Island,Winter 2015-16,2015-12-01,18.07,,2015,12,4,2
411041,365,Fine particles (PM 2.5),Mean,mcg/m3,CD,302,Fort Greene and Brooklyn Heights (CD2),Winter 2015-16,2015-12-01,9.76,,2015,12,4,2
412742,375,Nitrogen dioxide (NO2),Mean,ppb,CD,305,East New York and Starrett City (CD5),Winter 2015-16,2015-12-01,22.98,,2015,12,4,2
412529,375,Nitrogen dioxide (NO2),Mean,ppb,UHF42,407,Southwest Queens,Winter 2015-16,2015-12-01,22.91,,2015,12,4,2
412817,375,Nitrogen dioxide (NO2),Mean,ppb,CD,412,Jamaica and Hollis (CD12),Winter 2015-16,2015-12-01,22.56,,2015,12,4,2
412727,375,Nitrogen dioxide (NO2),Mean,ppb,CD,212,Williamsbridge and Baychester (CD12),Winter 2015-16,2015-12-01,20.61,,2015,12,4,2
412685,375,Nitrogen dioxide (NO2),Mean,ppb,CD,110,Central Harlem (CD10),Winter 2015-16,2015-12-01,25.82,,2015,12,4,2
412451,375,Nitrogen dioxide (NO2),Mean,ppb,UHF42,202,Downtown - Heights - Slope,Winter 2015-16,2015-12-01,25.72,,2015,12,4,2
410942,365,Fine particles (PM 2.5),Mean,mcg/m3,UHF34,305307,Upper East Side-Gramercy,Winter 2015-16,2015-12-01,10.1,,2015,12,4,2
410807,365,Fine particles (PM 2.5),Mean,mcg/m3,UHF42,307,Gramercy Park - Murray Hill,Winter 2015-16,2015-12-01,10.99,,2015,12,4,2
410966,365,Fine particles (PM 2.5),Mean,mcg/m3,CD,101,Financial District (CD1),Winter 2015-16,2015-12-01,10.29,,2015,12,4,2
412598,375,Nitrogen dioxide (NO2),Mean,ppb,UHF34,301,Washington Heights,Winter 2015-16,2015-12-01,23.4,,2015,12,4,2
412589,375,Nitrogen dioxide (NO2),Mean,ppb,UHF34,209,Bensonhurst - Bay Ridge,Winter 2015-16,2015-12-01,22.68,,2015,12,4,2
410876,365,Fine particles (PM 2.5),Mean,mcg/m3,UHF34,202,Downtown - Heights - Slope,Winter 2015-16,2015-12-01,9.84,,2015,12,4,2
411107,365,Fine particles (PM 2.5),Mean,mcg/m3,CD,406,Rego Park and Forest Hills (CD6),Winter 2015-16,2015-12-01,7.96,,2015,12,4,2
412556,375,Nitrogen dioxide (NO2),Mean,ppb,UHF34,102,Northeast Bronx,Winter 2015-16,2015-12-01,21.25,,2015,12,4,2
412775,375,Nitrogen dioxide (NO2),Mean,ppb,CD,316,Brownsville (CD16),Winter 2015-16,2015-12-01,24.18,,2015,12,4,2
412697,375,Nitrogen dioxide (NO2),Mean,ppb,CD,202,Hunts Point and Longwood (CD2),Winter 2015-16,2015-12-01,23.94,,2015,12,4,2
412745,375,Nitrogen dioxide (NO2),Mean,ppb,CD,306,Park Slope and Carroll Gardens (CD6),Winter 2015-16,2015-12-01,25.29,,2015,12,4,2
412799,375,Nitrogen dioxide (NO2),Mean,ppb,CD,406,Rego Park and Forest Hills (CD6),Winter 2015-16,2015-12-01,23.94,,2015,12,4,2
412433,375,Nitrogen dioxide (NO2),Mean,ppb,UHF42,103,Fordham - Bronx Pk,Winter 2015-16,2015-12-01,21.54,,2015,12,4,2
412784,375,Nitrogen dioxide (NO2),Mean,ppb,CD,401,Long Island City and Astoria (CD1),Winter 2015-16,2015-12-01,24.39,,2015,12,4,2
412454,375,Nitrogen dioxide (NO2),Mean,ppb,UHF42,203,Bedford Stuyvesant - Crown Heights,Winter 2015-16,2015-12-01,24.83,,2015,12,4,2
410759,365,Fine particles (PM 2.5),Mean,mcg/m3,UHF42,202,Downtown - Heights - Slope,Winter 2015-16,2015-12-01,9.84,,2015,12,4,2
412802,375,Nitrogen dioxide (NO2),Mean,ppb,CD,407,Flushing and Whitestone (CD7),Winter 2015-16,2015-12-01,22.63,,2015,12,4,2
411029,365,Fine particles (PM 2.5),Mean,mcg/m3,CD,210,Throgs Neck and Co-op City (CD10),Winter 2015-16,2015-12-01,8.1,,2015,12,4,2
410912,365,Fine particles (PM 2.5),Mean,mcg/m3,UHF34,303,East Harlem,Winter 2015-16,2015-12-01,8.59,,2015,12,4,2
410993,365,Fine particles (PM 2.5),Mean,mcg/m3,CD,110,Central Harlem (CD10),Winter 2015-16,2015-12-01,8.35,,2015,12,4,2
412490,375,Nitrogen dioxide (NO2),Mean,ppb,UHF42,304,Upper West Side,Winter 2015-16,2015-12-01,26.42,,2015,12,4,2
410879,365,Fine particles (PM 2.5),Mean,mcg/m3,UHF34,203,Bedford Stuyvesant - Crown Heights,Winter 2015-16,2015-12-01,8.75,,2015,12,4,2
410738,365,Fine particles (PM 2.5),Mean,mcg/m3,UHF42,102,Northeast Bronx,Winter 2015-16,2015-12-01,8.31,,2015,12,4,2
412547,375,Nitrogen dioxide (NO2),Mean,ppb,UHF42,503,Willowbrook,Winter 2015-16,2015-12-01,18.34,,2015,12,4,2
412637,375,Nitrogen dioxide (NO2),Mean,ppb,UHF34,306308,Chelsea-Village,Winter 2015-16,2015-12-01,30.24,,2015,12,4,2
412418,375,Nitrogen dioxide (NO2),Mean,ppb,Borough,3,Manhattan,Winter 2015-16,2015-12-01,27.51,,2015,12,4,2
412655,375,Nitrogen dioxide (NO2),Mean,ppb,Citywide,1,New York City,Winter 2015-16,2015-12-01,22.12,,2015,12,4,2
410858,365,Fine particles (PM 2.5),Mean,mcg/m3,UHF42,504,South Beach - Tottenville,Winter 2015-16,2015-12-01,7.13,,2015,12,4,2
410771,365,Fine particles (PM 2.5),Mean,mcg/m3,UHF42,206,Borough Park,Winter 2015-16,2015-12-01,8.15,,2015,12,4,2
412706,375,Nitrogen dioxide (NO2),Mean,ppb,CD,205,Fordham and University Heights (CD5),Winter 2015-16,2015-12-01,24.77,,2015,12,4,2
412640,375,Nitrogen dioxide (NO2),Mean,ppb,UHF34,309310,Union Square-Lower Manhattan,Winter 2015-16,2015-12-01,28.22,,2015,12,4,2
410969,365,Fine particles (PM 2.5),Mean,mcg/m3,CD,102,Greenwich Village and Soho (CD2),Winter 2015-16,2015-12-01,10.17,,2015,12,4,2
411086,365,Fine particles (PM 2.5),Mean,mcg/m3,CD,317,East Flatbush (CD17),Winter 2015-16,2015-12-01,8.52,,2015,12,4,2
411089,365,Fine particles (PM 2.5),Mean,mcg/m3,CD,318,Flatlands and Canarsie (CD18),Winter 2015-16,2015-12-01,7.56,,2015,12,4,2
410795,365,Fine particles (PM 2.5),Mean,mcg/m3,UHF42,303,East Harlem,Winter 2015-16,2015-12-01,8.59,,2015,12,4,2
412676,375,Nitrogen dioxide (NO2),Mean,ppb,CD,107,Upper West Side (CD7),Winter 2015-16,2015-12-01,26.43,,2015,12,4,2
410927,365,Fine particles (PM 2.5),Mean,mcg/m3,UHF34,405,Ridgewood - Forest Hills,Winter 2015-16,2015-12-01,8.12,,2015,12,4,2
412604,375,Nitrogen dioxide (NO2),Mean,ppb,UHF34,303,East Harlem,Winter 2015-16,2015-12-01,25.95,,2015,12,4,2
412421,375,Nitrogen dioxide (NO2),Mean,ppb,Borough,4,Queens,Winter 2015-16,2015-12-01,22.45,,2015,12,4,2
410957,365,Fine particles (PM 2.5),Mean,mcg/m3,UHF34,503504,Southern SI,Winter 2015-16,2015-12-01,7.37,,2015,12,4,2
412718,375,Nitrogen dioxide (NO2),Mean,ppb,CD,209,Parkchester and Soundview (CD9),Winter 2015-16,2015-12-01,22.92,,2015,12,4,2
410840,365,Fine particles (PM 2.5),Mean,mcg/m3,UHF42,408,Jamaica,Winter 2015-16,2015-12-01,7.42,,2015,12,4,2
410837,365,Fine particles (PM 2.5),Mean,mcg/m3,UHF42,407,Southwest Queens,Winter 2015-16,2015-12-01,7.51,,2015,12,4,2
412760,375,Nitrogen dioxide (NO2),Mean,ppb,CD,311,Bensonhurst (CD11),Winter 2015-16,2015-12-01,23.16,,2015,12,4,2
412823,375,Nitrogen dioxide (NO2),Mean,ppb,CD,414,Rockaway and Broad Channel (CD14),Winter 2015-16,2015-12-01,17.89,,2015,12,4,2
412754,375,Nitrogen dioxide (NO2),Mean,ppb,CD,309,South Crown Heights and Lefferts Gardens (CD9),Winter 2015-16,2015-12-01,24.73,,2015,12,4,2
410981,365,Fine particles (PM 2.5),Mean,mcg/m3,CD,106,Stuyvesant Town and Turtle Bay (CD6),Winter 2015-16,2015-12-01,10.55,,2015,12,4,2
411011,365,Fine particles (PM 2.5),Mean,mcg/m3,CD,204,Highbridge and Concourse (CD4),Winter 2015-16,2015-12-01,8.83,,2015,12,4,2
411053,365,Fine particles (PM 2.5),Mean,mcg/m3,CD,306,Park Slope and Carroll Gardens (CD6),Winter 2015-16,2015-12-01,9.89,,2015,12,4,2
412733,375,Nitrogen dioxide (NO2),Mean,ppb,CD,302,Fort Greene and Brooklyn Heights (CD2),Winter 2015-16,2015-12-01,26.13,,2015,12,4,2
412478,375,Nitrogen dioxide (NO2),Mean,ppb,UHF42,211,Williamsburg - Bushwick,Winter 2015-16,2015-12-01,25.28,,2015,12,4,2
410744,365,Fine particles (PM 2.5),Mean,mcg/m3,UHF42,104,Pelham - Throgs Neck,Winter 2015-16,2015-12-01,8.07,,2015,12,4,2
410810,365,Fine particles (PM 2.5),Mean,mcg/m3,UHF42,308,Greenwich Village - SoHo,Winter 2015-16,2015-12-01,10.21,,2015,12,4,2
412805,375,Nitrogen dioxide (NO2),Mean,ppb,CD,408,Hillcrest and Fresh Meadows (CD8),Winter 2015-16,2015-12-01,22.27,,2015,12,4,2
410978,365,Fine particles (PM 2.5),Mean,mcg/m3,CD,105,Midtown (CD5),Winter 2015-16,2015-12-01,11.48,,2015,12,4,2
410987,365,Fine particles (PM 2.5),Mean,mcg/m3,CD,108,Upper East Side (CD8),Winter 2015-16,2015-12-01,9.34,,2015,12,4,2
410906,365,Fine particles (PM 2.5),Mean,mcg/m3,UHF34,301,Washington Heights,Winter 2015-16,2015-12-01,8.5,,2015,12,4,2
412565,375,Nitrogen dioxide (NO2),Mean,ppb,UHF34,201,Greenpoint,Winter 2015-16,2015-12-01,25.71,,2015,12,4,2
410933,365,Fine particles (PM 2.5),Mean,mcg/m3,UHF34,408,Jamaica,Winter 2015-16,2015-12-01,7.42,,2015,12,4,2
412436,375,Nitrogen dioxide (NO2),Mean,ppb,UHF42,104,Pelham - Throgs Neck,Winter 2015-16,2015-12-01,22.02,,2015,12,4,2
412544,375,Nitrogen dioxide (NO2),Mean,ppb,UHF42,502,Stapleton - St. George,Winter 2015-16,2015-12-01,19.35,,2015,12,4,2
410747,365,Fine particles (PM 2.5),Mean,mcg/m3,UHF42,105,Crotona -Tremont,Winter 2015-16,2015-12-01,8.82,,2015,12,4,2
411056,365,Fine particles (PM 2.5),Mean,mcg/m3,CD,307,Sunset Park (CD7),Winter 2015-16,2015-12-01,9.47,,2015,12,4,2
410732,365,Fine particles (PM 2.5),Mean,mcg/m3,Borough,5,Staten Island,Winter 2015-16,2015-12-01,7.46,,2015,12,4,2
412493,375,Nitrogen dioxide (NO2),Mean,ppb,UHF42,305,Upper East Side,Winter 2015-16,2015-12-01,28.02,,2015,12,4,2
411023,365,Fine particles (PM 2.5),Mean,mcg/m3,CD,208,Riverdale and Fieldston (CD8),Winter 2015-16,2015-12-01,8.4,,2015,12,4,2
410846,365,Fine particles (PM 2.5),Mean,mcg/m3,UHF42,410,Rockaways,Winter 2015-16,2015-12-01,5.92,,2015,12,4,2
412484,375,Nitrogen dioxide (NO2),Mean,ppb,UHF42,302,Central Harlem - Morningside Heights,Winter 2015-16,2015-12-01,25.73,,2015,12,4,2
410951,365,Fine particles (PM 2.5),Mean,mcg/m3,UHF34,404406,Bayside Little Neck-Fresh Meadows,Winter 2015-16,2015-12-01,7.43,,2015,12,4,2
412472,375,Nitrogen dioxide (NO2),Mean,ppb,UHF42,209,Bensonhurst - Bay Ridge,Winter 2015-16,2015-12-01,22.68,,2015,12,4,2
410864,365,Fine particles (PM 2.5),Mean,mcg/m3,UHF34,102,Northeast Bronx,Winter 2015-16,2015-12-01,8.31,,2015,12,4,2
410783,365,Fine particles (PM 2.5),Mean,mcg/m3,UHF42,210,Coney Island - Sheepshead Bay,Winter 2015-16,2015-12-01,7.03,,2015,12,4,2
410885,365,Fine particles (PM 2.5),Mean,mcg/m3,UHF34,205,Sunset Park,Winter 2015-16,2015-12-01,9.32,,2015,12,4,2
410849,365,Fine particles (PM 2.5),Mean,mcg/m3,UHF42,501,Port Richmond,Winter 2015-16,2015-12-01,8.12,,2015,12,4,2
412448,375,Nitrogen dioxide (NO2),Mean,ppb,UHF42,201,Greenpoint,Winter 2015-16,2015-12-01,25.71,,2015,12,4,2
412652,375,Nitrogen dioxide (NO2),Mean,ppb,UHF34,105106107,South Bronx,Winter 2015-16,2015-12-01,24.29,,2015,12,4,2
412583,375,Nitrogen dioxide (NO2),Mean,ppb,UHF34,207,East Flatbush - Flatbush,Winter 2015-16,2015-12-01,23.79,,2015,12,4,2
412766,375,Nitrogen dioxide (NO2),Mean,ppb,CD,313,Coney Island (CD13),Winter 2015-16,2015-12-01,20.33,,2015,12,4,2
410930,365,Fine particles (PM 2.5),Mean,mcg/m3,UHF34,407,Southwest Queens,Winter 2015-16,2015-12-01,7.51,,2015,12,4,2
411098,365,Fine particles (PM 2.5),Mean,mcg/m3,CD,403,Jackson Heights (CD3),Winter 2015-16,2015-12-01,7.67,,2015,12,4,2
412532,375,Nitrogen dioxide (NO2),Mean,ppb,UHF42,408,Jamaica,Winter 2015-16,2015-12-01,22.45,,2015,12,4,2
412646,375,Nitrogen dioxide (NO2),Mean,ppb,UHF34,501502,Northern SI,Winter 2015-16,2015-12-01,20.02,,2015,12,4,2
410870,365,Fine particles (PM 2.5),Mean,mcg/m3,UHF34,104,Pelham - Throgs Neck,Winter 2015-16,2015-12-01,8.07,,2015,12,4,2
412814,375,Nitrogen dioxide (NO2),Mean,ppb,CD,411,Bayside and Little Neck (CD11),Winter 2015-16,2015-12-01,21.25,,2015,12,4,2
411119,365,Fine particles (PM 2.5),Mean,mcg/m3,CD,410,South Ozone Park and Howard Beach (CD10),Winter 2015-16,2015-12-01,7.32,,2015,12,4,2
412829,375,Nitrogen dioxide (NO2),Mean,ppb,CD,502,South Beach and Willowbrook (CD2),Winter 2015-16,2015-12-01,17.81,,2015,12,4,2
412712,375,Nitrogen dioxide (NO2),Mean,ppb,CD,207,Kingsbridge Heights and Bedford (CD7),Winter 2015-16,2015-12-01,22.7,,2015,12,4,2
410960,365,Fine particles (PM 2.5),Mean,mcg/m3,UHF34,105106107,South Bronx,Winter 2015-16,2015-12-01,8.76,,2015,12,4,2
412481,375,Nitrogen dioxide (NO2),Mean,ppb,UHF42,301,Washington Heights,Winter 2015-16,2015-12-01,23.4,,2015,12,4,2
410765,365,Fine particles (PM 2.5),Mean,mcg/m3,UHF42,204,East New York,Winter 2015-16,2015-12-01,8.42,,2015,12,4,2
412427,375,Nitrogen dioxide (NO2),Mean,ppb,UHF42,101,Kingsbridge - Riverdale,Winter 2015-16,2015-12-01,19.54,,2015,12,4,2
412466,375,Nitrogen dioxide (NO2),Mean,ppb,UHF42,207,East Flatbush - Flatbush,Winter 2015-16,2015-12-01,23.79,,2015,12,4,2
412700,375,Nitrogen dioxide (NO2),Mean,ppb,CD,203,Morrisania and Crotona (CD3),Winter 2015-16,2015-12-01,23.92,,2015,12,4,2
411095,365,Fine particles (PM 2.5),Mean,mcg/m3,CD,402,Woodside and Sunnyside (CD2),Winter 2015-16,2015-12-01,9.78,,2015,12,4,2
410996,365,Fine particles (PM 2.5),Mean,mcg/m3,CD,111,East Harlem (CD11),Winter 2015-16,2015-12-01,8.57,,2015,12,4,2
410786,365,Fine particles (PM 2.5),Mean,mcg/m3,UHF42,211,Williamsburg - Bushwick,Winter 2015-16,2015-12-01,9.44,,2015,12,4,2
412559,375,Nitrogen dioxide (NO2),Mean,ppb,UHF34,103,Fordham - Bronx Pk,Winter 2015-16,2015-12-01,21.54,,2015,12,4,2
410990,365,Fine particles (PM 2.5),Mean,mcg/m3,CD,109,Morningside Heights and Hamilton Heights (CD9),Winter 2015-16,2015-12-01,8.51,,2015,12,4,2
411062,365,Fine particles (PM 2.5),Mean,mcg/m3,CD,309,South Crown Heights and Lefferts Gardens (CD9),Winter 2015-16,2015-12-01,8.61,,2015,12,4,2
411068,365,Fine particles (PM 2.5),Mean,mcg/m3,CD,311,Bensonhurst (CD11),Winter 2015-16,2015-12-01,7.54,,2015,12,4,2
411032,365,Fine particles (PM 2.5),Mean,mcg/m3,CD,211,Morris Park and Bronxdale (CD11),Winter 2015-16,2015-12-01,8.07,,2015,12,4,2
412832,375,Nitrogen dioxide (NO2),Mean,ppb,CD,503,Tottenville and Great Kills (CD3),Winter 2015-16,2015-12-01,16.56,,2015,12,4,2
412826,375,Nitrogen dioxide (NO2),Mean,ppb,CD,501,St. George and Stapleton (CD1),Winter 2015-16,2015-12-01,20.87,,2015,12,4,2
412475,375,Nitrogen dioxide (NO2),Mean,ppb,UHF42,210,Coney Island - Sheepshead Bay,Winter 2015-16,2015-12-01,21.29,,2015,12,4,2
411017,365,Fine particles (PM 2.5),Mean,mcg/m3,CD,206,Belmont and East Tremont (CD6),Winter 2015-16,2015-12-01,8.61,,2015,12,4,2
411140,365,Fine particles (PM 2.5),Mean,mcg/m3,CD,503,Tottenville and Great Kills (CD3),Winter 2015-16,2015-12-01,7.17,,2015,12,4,2
412592,375,Nitrogen dioxide (NO2),Mean,ppb,UHF34,210,Coney Island - Sheepshead Bay,Winter 2015-16,2015-12-01,21.29,,2015,12,4,2
412772,375,Nitrogen dioxide (NO2),Mean,ppb,CD,315,Sheepshead Bay (CD15),Winter 2015-16,2015-12-01,21.6,,2015,12,4,2
412610,375,Nitrogen dioxide (NO2),Mean,ppb,UHF34,401,Long Island City - Astoria,Winter 2015-16,2015-12-01,25.17,,2015,12,4,2
412673,375,Nitrogen dioxide (NO2),Mean,ppb,CD,106,Stuyvesant Town and Turtle Bay (CD6),Winter 2015-16,2015-12-01,31.05,,2015,12,4,2
412658,375,Nitrogen dioxide (NO2),Mean,ppb,CD,101,Financial District (CD1),Winter 2015-16,2015-12-01,29.1,,2015,12,4,2
412571,375,Nitrogen dioxide (NO2),Mean,ppb,UHF34,203,Bedford Stuyvesant - Crown Heights,Winter 2015-16,2015-12-01,24.83,,2015,12,4,2
412562,375,Nitrogen dioxide (NO2),Mean,ppb,UHF34,104,Pelham - Throgs Neck,Winter 2015-16,2015-12-01,22.02,,2015,12,4,2
412787,375,Nitrogen dioxide (NO2),Mean,ppb,CD,402,Woodside and Sunnyside (CD2),Winter 2015-16,2015-12-01,25.18,,2015,12,4,2
412445,375,Nitrogen dioxide (NO2),Mean,ppb,UHF42,107,Hunts Point - Mott Haven,Winter 2015-16,2015-12-01,24.04,,2015,12,4,2
412631,375,Nitrogen dioxide (NO2),Mean,ppb,UHF34,410,Rockaways,Winter 2015-16,2015-12-01,18.0,,2015,12,4,2
412739,375,Nitrogen dioxide (NO2),Mean,ppb,CD,304,Bushwick (CD4),Winter 2015-16,2015-12-01,24.46,,2015,12,4,2
412568,375,Nitrogen dioxide (NO2),Mean,ppb,UHF34,202,Downtown - Heights - Slope,Winter 2015-16,2015-12-01,25.72,,2015,12,4,2
410954,365,Fine particles (PM 2.5),Mean,mcg/m3,UHF34,501502,Northern SI,Winter 2015-16,2015-12-01,7.67,,2015,12,4,2
412694,375,Nitrogen dioxide (NO2),Mean,ppb,CD,201,Mott Haven and Melrose (CD1),Winter 2015-16,2015-12-01,24.83,,2015,12,4,2
412703,375,Nitrogen dioxide (NO2),Mean,ppb,CD,204,Highbridge and Concourse (CD4),Winter 2015-16,2015-12-01,24.9,,2015,12,4,2
412469,375,Nitrogen dioxide (NO2),Mean,ppb,UHF42,208,Canarsie - Flatlands,Winter 2015-16,2015-12-01,20.86,,2015,12,4,2
410861,365,Fine particles (PM 2.5),Mean,mcg/m3,UHF34,101,Kingsbridge - Riverdale,Winter 2015-16,2015-12-01,8.41,,2015,12,4,2
412667,375,Nitrogen dioxide (NO2),Mean,ppb,CD,104,Clinton and Chelsea (CD4),Winter 2015-16,2015-12-01,29.55,,2015,12,4,2
410792,365,Fine particles (PM 2.5),Mean,mcg/m3,UHF42,302,Central Harlem - Morningside Heights,Winter 2015-16,2015-12-01,8.42,,2015,12,4,2
412442,375,Nitrogen dioxide (NO2),Mean,ppb,UHF42,106,High Bridge - Morrisania,Winter 2015-16,2015-12-01,24.83,,2015,12,4,2
412721,375,Nitrogen dioxide (NO2),Mean,ppb,CD,210,Throgs Neck and Co-op City (CD10),Winter 2015-16,2015-12-01,21.35,,2015,12,4,2
412601,375,Nitrogen dioxide (NO2),Mean,ppb,UHF34,302,Central Harlem - Morningside Heights,Winter 2015-16,2015-12-01,25.73,,2015,12,4,2
412619,375,Nitrogen dioxide (NO2),Mean,ppb,UHF34,405,Ridgewood - Forest Hills,Winter 2015-16,2015-12-01,23.39,,2015,12,4,2
412538,375,Nitrogen dioxide (NO2),Mean,ppb,UHF42,410,Rockaways,Winter 2015-16,2015-12-01,18.0,,2015,12,4,2
412541,375,Nitrogen dioxide (NO2),Mean,ppb,UHF42,501,Port Richmond,Winter 2015-16,2015-12-01,21.29,,2015,12,4,2
410963,365,Fine particles (PM 2.5),Mean,mcg/m3,Citywide,1,New York City,Winter 2015-16,2015-12-01,8.01,,2015,12,4,2
412679,375,Nitrogen dioxide (NO2),Mean,ppb,CD,108,Upper East Side (CD8),Winter 2015-16,2015-12-01,28.1,,2015,12,4,2
410918,365,Fine particles (PM 2.5),Mean,mcg/m3,UHF34,401,Long Island City - Astoria,Winter 2015-16,2015-12-01,9.1,,2015,12,4,2
412463,375,Nitrogen dioxide (NO2),Mean,ppb,UHF42,206,Borough Park,Winter 2015-16,2015-12-01,23.73,,2015,12,4,2
411050,365,Fine particles (PM 2.5),Mean,mcg/m3,CD,305,East New York and Starrett City (CD5),Winter 2015-16,2015-12-01,8.33,,2015,12,4,2
412526,375,Nitrogen dioxide (NO2),Mean,ppb,UHF42,406,Fresh Meadows,Winter 2015-16,2015-12-01,22.71,,2015,12,4,2
410921,365,Fine particles (PM 2.5),Mean,mcg/m3,UHF34,402,West Queens,Winter 2015-16,2015-12-01,8.6,,2015,12,4,2
412757,375,Nitrogen dioxide (NO2),Mean,ppb,CD,310,Bay Ridge and Dyker Heights (CD10),Winter 2015-16,2015-12-01,23.15,,2015,12,4,2
410762,365,Fine particles (PM 2.5),Mean,mcg/m3,UHF42,203,Bedford Stuyvesant - Crown Heights,Winter 2015-16,2015-12-01,8.75,,2015,12,4,2
412748,375,Nitrogen dioxide (NO2),Mean,ppb,CD,307,Sunset Park (CD7),Winter 2015-16,2015-12-01,23.82,,2015,12,4,2
411110,365,Fine particles (PM 2.5),Mean,mcg/m3,CD,407,Flushing and Whitestone (CD7),Winter 2015-16,2015-12-01,7.72,,2015,12,4,2
410723,365,Fine particles (PM 2.5),Mean,mcg/m3,Borough,2,Brooklyn,Winter 2015-16,2015-12-01,8.42,,2015,12,4,2
410726,365,Fine particles (PM 2.5),Mean,mcg/m3,Borough,3,Manhattan,Winter 2015-16,2015-12-01,9.45,,2015,12,4,2
410801,365,Fine particles (PM 2.5),Mean,mcg/m3,UHF42,305,Upper East Side,Winter 2015-16,2015-12-01,9.31,,2015,12,4,2
410741,365,Fine particles (PM 2.5),Mean,mcg/m3,UHF42,103,Fordham - Bronx Pk,Winter 2015-16,2015-12-01,8.33,,2015,12,4,2
412820,375,Nitrogen dioxide (NO2),Mean,ppb,CD,413,Queens Village (CD13),Winter 2015-16,2015-12-01,21.13,,2015,12,4,2
410855,365,Fine particles (PM 2.5),Mean,mcg/m3,UHF42,503,Willowbrook,Winter 2015-16,2015-12-01,7.78,,2015,12,4,2
412511,375,Nitrogen dioxide (NO2),Mean,ppb,UHF42,401,Long Island City - Astoria,Winter 2015-16,2015-12-01,25.17,,2015,12,4,2
412439,375,Nitrogen dioxide (NO2),Mean,ppb,UHF42,105,Crotona -Tremont,Winter 2015-16,2015-12-01,24.13,,2015,12,4,2
410789,365,Fine particles (PM 2.5),Mean,mcg/m3,UHF42,301,Washington Heights,Winter 2015-16,2015-12-01,8.5,,2015,12,4,2
412415,375,Nitrogen dioxide (NO2),Mean,ppb,Borough,2,Brooklyn,Winter 2015-16,2015-12-01,23.38,,2015,12,4,2
410753,365,Fine particles (PM 2.5),Mean,mcg/m3,UHF42,107,Hunts Point - Mott Haven,Winter 2015-16,2015-12-01,8.75,,2015,12,4,2
412517,375,Nitrogen dioxide (NO2),Mean,ppb,UHF42,403,Flushing - Clearview,Winter 2015-16,2015-12-01,22.66,,2015,12,4,2
410891,365,Fine particles (PM 2.5),Mean,mcg/m3,UHF34,207,East Flatbush - Flatbush,Winter 2015-16,2015-12-01,8.37,,2015,12,4,2
410924,365,Fine particles (PM 2.5),Mean,mcg/m3,UHF34,403,Flushing - Clearview,Winter 2015-16,2015-12-01,7.68,,2015,12,4,2
411005,365,Fine particles (PM 2.5),Mean,mcg/m3,CD,202,Hunts Point and Longwood (CD2),Winter 2015-16,2015-12-01,8.99,,2015,12,4,2
410816,365,Fine particles (PM 2.5),Mean,mcg/m3,UHF42,310,Lower Manhattan,Winter 2015-16,2015-12-01,10.28,,2015,12,4,2
412709,375,Nitrogen dioxide (NO2),Mean,ppb,CD,206,Belmont and East Tremont (CD6),Winter 2015-16,2015-12-01,23.64,,2015,12,4,2
411092,365,Fine particles (PM 2.5),Mean,mcg/m3,CD,401,Long Island City and Astoria (CD1),Winter 2015-16,2015-12-01,8.23,,2015,12,4,2
410882,365,Fine particles (PM 2.5),Mean,mcg/m3,UHF34,204,East New York,Winter 2015-16,2015-12-01,8.42,,2015,12,4,2
410867,365,Fine particles (PM 2.5),Mean,mcg/m3,UHF34,103,Fordham - Bronx Pk,Winter 2015-16,2015-12-01,8.33,,2015,12,4,2
412523,375,Nitrogen dioxide (NO2),Mean,ppb,UHF42,405,Ridgewood - Forest Hills,Winter 2015-16,2015-12-01,23.39,,2015,12,4,2
412430,375,Nitrogen dioxide (NO2),Mean,ppb,UHF42,102,Northeast Bronx,Winter 2015-16,2015-12-01,21.25,,2015,12,4,2
412628,375,Nitrogen dioxide (NO2),Mean,ppb,UHF34,409,Southeast Queens,Winter 2015-16,2015-12-01,21.05,,2015,12,4,2
412643,375,Nitrogen dioxide (NO2),Mean,ppb,UHF34,404406,Bayside Little Neck-Fresh Meadows,Winter 2015-16,2015-12-01,21.62,,2015,12,4,2
410948,365,Fine particles (PM 2.5),Mean,mcg/m3,UHF34,309310,Union Square-Lower Manhattan,Winter 2015-16,2015-12-01,9.89,,2015,12,4,2
410945,365,Fine particles (PM 2.5),Mean,mcg/m3,UHF34,306308,Chelsea-Village,Winter 2015-16,2015-12-01,10.51,,2015,12,4,2
412457,375,Nitrogen dioxide (NO2),Mean,ppb,UHF42,204,East New York,Winter 2015-16,2015-12-01,23.34,,2015,12,4,2
411026,365,Fine particles (PM 2.5),Mean,mcg/m3,CD,209,Parkchester and Soundview (CD9),Winter 2015-16,2015-12-01,8.14,,2015,12,4,2
411065,365,Fine particles (PM 2.5),Mean,mcg/m3,CD,310,Bay Ridge and Dyker Heights (CD10),Winter 2015-16,2015-12-01,8.1,,2015,12,4,2
410999,365,Fine particles (PM 2.5),Mean,mcg/m3,CD,112,Washington Heights and Inwood (CD12),Winter 2015-16,2015-12-01,8.52,,2015,12,4,2
410780,365,Fine particles (PM 2.5),Mean,mcg/m3,UHF42,209,Bensonhurst - Bay Ridge,Winter 2015-16,2015-12-01,7.71,,2015,12,4,2
412580,375,Nitrogen dioxide (NO2),Mean,ppb,UHF34,206,Borough Park,Winter 2015-16,2015-12-01,23.73,,2015,12,4,2
411104,365,Fine particles (PM 2.5),Mean,mcg/m3,CD,405,Ridgewood and Maspeth (CD5),Winter 2015-16,2015-12-01,8.57,,2015,12,4,2
412586,375,Nitrogen dioxide (NO2),Mean,ppb,UHF34,208,Canarsie - Flatlands,Winter 2015-16,2015-12-01,20.86,,2015,12,4,2
412553,375,Nitrogen dioxide (NO2),Mean,ppb,UHF34,101,Kingsbridge - Riverdale,Winter 2015-16,2015-12-01,19.54,,2015,12,4,2
411134,365,Fine particles (PM 2.5),Mean,mcg/m3,CD,501,St. George and Stapleton (CD1),Winter 2015-16,2015-12-01,7.87,,2015,12,4,2
412688,375,Nitrogen dioxide (NO2),Mean,ppb,CD,111,East Harlem (CD11),Winter 2015-16,2015-12-01,25.86,,2015,12,4,2
411002,365,Fine particles (PM 2.5),Mean,mcg/m3,CD,201,Mott Haven and Melrose (CD1),Winter 2015-16,2015-12-01,9.03,,2015,12,4,2
412649,375,Nitrogen dioxide (NO2),Mean,ppb,UHF34,503504,Southern SI,Winter 2015-16,2015-12-01,17.25,,2015,12,4,2
411038,365,Fine particles (PM 2.5),Mean,mcg/m3,CD,301,Greenpoint and Williamsburg (CD1),Winter 2015-16,2015-12-01,10.28,,2015,12,4,2
411014,365,Fine particles (PM 2.5),Mean,mcg/m3,CD,205,Fordham and University Heights (CD5),Winter 2015-16,2015-12-01,9.01,,2015,12,4,2
410756,365,Fine particles (PM 2.5),Mean,mcg/m3,UHF42,201,Greenpoint,Winter 2015-16,2015-12-01,10.19,,2015,12,4,2
410852,365,Fine particles (PM 2.5),Mean,mcg/m3,UHF42,502,Stapleton - St. George,Winter 2015-16,2015-12-01,7.43,,2015,12,4,2
412781,375,Nitrogen dioxide (NO2),Mean,ppb,CD,318,Flatlands and Canarsie (CD18),Winter 2015-16,2015-12-01,20.94,,2015,12,4,2
412715,375,Nitrogen dioxide (NO2),Mean,ppb,CD,208,Riverdale and Fieldston (CD8),Winter 2015-16,2015-12-01,19.54,,2015,12,4,2
410900,365,Fine particles (PM 2.5),Mean,mcg/m3,UHF34,210,Coney Island - Sheepshead Bay,Winter 2015-16,2015-12-01,7.03,,2015,12,4,2
412763,375,Nitrogen dioxide (NO2),Mean,ppb,CD,312,Borough Park (CD12),Winter 2015-16,2015-12-01,23.9,,2015,12,4,2
411071,365,Fine particles (PM 2.5),Mean,mcg/m3,CD,312,Borough Park (CD12),Winter 2015-16,2015-12-01,8.22,,2015,12,4,2
412460,375,Nitrogen dioxide (NO2),Mean,ppb,UHF42,205,Sunset Park,Winter 2015-16,2015-12-01,23.69,,2015,12,4,2
410873,365,Fine particles (PM 2.5),Mean,mcg/m3,UHF34,201,Greenpoint,Winter 2015-16,2015-12-01,10.19,,2015,12,4,2
411128,365,Fine particles (PM 2.5),Mean,mcg/m3,CD,413,Queens Village (CD13),Winter 2015-16,2015-12-01,6.9,,2015,12,4,2
411080,365,Fine particles (PM 2.5),Mean,mcg/m3,CD,315,Sheepshead Bay (CD15),Winter 2015-16,2015-12-01,7.08,,2015,12,4,2
410750,365,Fine particles (PM 2.5),Mean,mcg/m3,UHF42,106,High Bridge - Morrisania,Winter 2015-16,2015-12-01,8.71,,2015,12,4,2
411074,365,Fine particles (PM 2.5),Mean,mcg/m3,CD,313,Coney Island (CD13),Winter 2015-16,2015-12-01,6.89,,2015,12,4,2
412625,375,Nitrogen dioxide (NO2),Mean,ppb,UHF34,408,Jamaica,Winter 2015-16,2015-12-01,22.45,,2015,12,4,2
412622,375,Nitrogen dioxide (NO2),Mean,ppb,UHF34,407,Southwest Queens,Winter 2015-16,2015-12-01,22.91,,2015,12,4,2
412514,375,Nitrogen dioxide (NO2),Mean,ppb,UHF42,402,West Queens,Winter 2015-16,2015-12-01,25.02,,2015,12,4,2
410729,365,Fine particles (PM 2.5),Mean,mcg/m3,Borough,4,Queens,Winter 2015-16,2015-12-01,7.59,,2015,12,4,2
410984,365,Fine particles (PM 2.5),Mean,mcg/m3,CD,107,Upper West Side (CD7),Winter 2015-16,2015-12-01,8.85,,2015,12,4,2
412496,375,Nitrogen dioxide (NO2),Mean,ppb,UHF42,306,Chelsea - Clinton,Winter 2015-16,2015-12-01,30.85,,2015,12,4,2
410822,365,Fine particles (PM 2.5),Mean,mcg/m3,UHF42,402,West Queens,Winter 2015-16,2015-12-01,8.6,,2015,12,4,2
410813,365,Fine particles (PM 2.5),Mean,mcg/m3,UHF42,309,Union Square - Lower East Side,Winter 2015-16,2015-12-01,9.71,,2015,12,4,2
412796,375,Nitrogen dioxide (NO2),Mean,ppb,CD,405,Ridgewood and Maspeth (CD5),Winter 2015-16,2015-12-01,23.59,,2015,12,4,2
412664,375,Nitrogen dioxide (NO2),Mean,ppb,CD,103,Lower East Side and Chinatown (CD3),Winter 2015-16,2015-12-01,27.5,,2015,12,4,2
410819,365,Fine particles (PM 2.5),Mean,mcg/m3,UHF42,401,Long Island City - Astoria,Winter 2015-16,2015-12-01,9.1,,2015,12,4,2
410939,365,Fine particles (PM 2.5),Mean,mcg/m3,UHF34,410,Rockaways,Winter 2015-16,2015-12-01,5.92,,2015,12,4,2
411113,365,Fine particles (PM 2.5),Mean,mcg/m3,CD,408,Hillcrest and Fresh Meadows (CD8),Winter 2015-16,2015-12-01,7.48,,2015,12,4,2
412577,375,Nitrogen dioxide (NO2),Mean,ppb,UHF34,205,Sunset Park,Winter 2015-16,2015-12-01,23.69,,2015,12,4,2
412661,375,Nitrogen dioxide (NO2),Mean,ppb,CD,102,Greenwich Village and Soho (CD2),Winter 2015-16,2015-12-01,29.02,,2015,12,4,2
411020,365,Fine particles (PM 2.5),Mean,mcg/m3,CD,207,Kingsbridge Heights and Bedford (CD7),Winter 2015-16,2015-12-01,8.52,,2015,12,4,2
412670,375,Nitrogen dioxide (NO2),Mean,ppb,CD,105,Midtown (CD5),Winter 2015-16,2015-12-01,33.44,,2015,12,4,2
412574,375,Nitrogen dioxide (NO2),Mean,ppb,UHF34,204,East New York,Winter 2015-16,2015-12-01,23.34,,2015,12,4,2
412808,375,Nitrogen dioxide (NO2),Mean,ppb,CD,409,Kew Gardens and Woodhaven (CD9),Winter 2015-16,2015-12-01,23.62,,2015,12,4,2
412634,375,Nitrogen dioxide (NO2),Mean,ppb,UHF34,305307,Upper East Side-Gramercy,Winter 2015-16,2015-12-01,30.08,,2015,12,4,2
410903,365,Fine particles (PM 2.5),Mean,mcg/m3,UHF34,211,Williamsburg - Bushwick,Winter 2015-16,2015-12-01,9.44,,2015,12,4,2
412535,375,Nitrogen dioxide (NO2),Mean,ppb,UHF42,409,Southeast Queens,Winter 2015-16,2015-12-01,21.05,,2015,12,4,2
410798,365,Fine particles (PM 2.5),Mean,mcg/m3,UHF42,304,Upper West Side,Winter 2015-16,2015-12-01,8.85,,2015,12,4,2
412751,375,Nitrogen dioxide (NO2),Mean,ppb,CD,308,Crown Heights and Prospect Heights (CD8),Winter 2015-16,2015-12-01,25.21,,2015,12,4,2
410894,365,Fine particles (PM 2.5),Mean,mcg/m3,UHF34,208,Canarsie - Flatlands,Winter 2015-16,2015-12-01,7.6,,2015,12,4,2
411008,365,Fine particles (PM 2.5),Mean,mcg/m3,CD,203,Morrisania and Crotona (CD3),Winter 2015-16,2015-12-01,8.42,,2015,12,4,2
412616,375,Nitrogen dioxide (NO2),Mean,ppb,UHF34,403,Flushing - Clearview,Winter 2015-16,2015-12-01,22.66,,2015,12,4,2
412778,375,Nitrogen dioxide (NO2),Mean,ppb,CD,317,East Flatbush (CD17),Winter 2015-16,2015-12-01,23.94,,2015,12,4,2
412682,375,Nitrogen dioxide (NO2),Mean,ppb,CD,109,Morningside Heights and Hamilton Heights (CD9),Winter 2015-16,2015-12-01,25.49,,2015,12,4,2
410936,365,Fine particles (PM 2.5),Mean,mcg/m3,UHF34,409,Southeast Queens,Winter 2015-16,2015-12-01,6.89,,2015,12,4,2
412520,375,Nitrogen dioxide (NO2),Mean,ppb,UHF42,404,Bayside - Little Neck,Winter 2015-16,2015-12-01,20.9,,2015,12,4,2
411116,365,Fine particles (PM 2.5),Mean,mcg/m3,CD,409,Kew Gardens and Woodhaven (CD9),Winter 2015-16,2015-12-01,7.8,,2015,12,4,2
410897,365,Fine particles (PM 2.5),Mean,mcg/m3,UHF34,209,Bensonhurst - Bay Ridge,Winter 2015-16,2015-12-01,7.71,,2015,12,4,2
411122,365,Fine particles (PM 2.5),Mean,mcg/m3,CD,411,Bayside and Little Neck (CD11),Winter 2015-16,2015-12-01,7.35,,2015,12,4,2
410825,365,Fine particles (PM 2.5),Mean,mcg/m3,UHF42,403,Flushing - Clearview,Winter 2015-16,2015-12-01,7.68,,2015,12,4,2
410735,365,Fine particles (PM 2.5),Mean,mcg/m3,UHF42,101,Kingsbridge - Riverdale,Winter 2015-16,2015-12-01,8.41,,2015,12,4,2
412613,375,Nitrogen dioxide (NO2),Mean,ppb,UHF34,402,West Queens,Winter 2015-16,2015-12-01,25.02,,2015,12,4,2
410888,365,Fine particles (PM 2.5),Mean,mcg/m3,UHF34,206,Borough Park,Winter 2015-16,2015-12-01,8.15,,2015,12,4,2
411077,365,Fine particles (PM 2.5),Mean,mcg/m3,CD,314,Flatbush and Midwood (CD14),Winter 2015-16,2015-12-01,8.12,,2015,12,4,2
412550,375,Nitrogen dioxide (NO2),Mean,ppb,UHF42,504,South Beach - Tottenville,Winter 2015-16,2015-12-01,16.6,,2015,12,4,2
412790,375,Nitrogen dioxide (NO2),Mean,ppb,CD,403,Jackson Heights (CD3),Winter 2015-16,2015-12-01,24.76,,2015,12,4,2
410972,365,Fine particles (PM 2.5),Mean,mcg/m3,CD,103,Lower East Side and Chinatown (CD3),Winter 2015-16,2015-12-01,9.65,,2015,12,4,2
410975,365,Fine particles (PM 2.5),Mean,mcg/m3,CD,104,Clinton and Chelsea (CD4),Winter 2015-16,2015-12-01,10.21,,2015,12,4,2
412724,375,Nitrogen dioxide (NO2),Mean,ppb,CD,211,Morris Park and Bronxdale (CD11),Winter 2015-16,2015-12-01,21.79,,2015,12,4,2
411101,365,Fine particles (PM 2.5),Mean,mcg/m3,CD,404,Elmhurst and Corona (CD4),Winter 2015-16,2015-12-01,8.13,,2015,12,4,2
336845,375,Nitrogen dioxide (NO2),Mean,ppb,CD,318,Flatlands and Canarsie (CD18),Summer 2015,2015-06-01,10.83,,2015,6,2,2
334145,365,Fine particles (PM 2.5),Mean,mcg/m3,UHF34,405,Ridgewood - Forest Hills,Summer 2015,2015-06-01,9.33,,2015,6,2,2
336620,375,Nitrogen dioxide (NO2),Mean,ppb,UHF34,102,Northeast Bronx,Summer 2015,2015-06-01,15.79,,2015,6,2,2
333980,365,Fine particles (PM 2.5),Mean,mcg/m3,UHF42,203,Bedford Stuyvesant - Crown Heights,Summer 2015,2015-06-01,9.49,,2015,6,2,2
338293,386,Ozone (O3),Mean,ppb,CD,403,Jackson Heights (CD3),Summer 2015,2015-06-01,31.53,,2015,6,2,2
338227,386,Ozone (O3),Mean,ppb,UHF34,210,Coney Island - Sheepshead Bay,Summer 2015,2015-06-01,35.01,,2015,6,2,2
338294,386,Ozone (O3),Mean,ppb,CD,404,Elmhurst and Corona (CD4),Summer 2015,2015-06-01,31.23,,2015,6,2,2
338307,386,Ozone (O3),Mean,ppb,CD,503,Tottenville and Great Kills (CD3),Summer 2015,2015-06-01,34.09,,2015,6,2,2
338207,386,Ozone (O3),Mean,ppb,UHF42,408,Jamaica,Summer 2015,2015-06-01,32.04,,2015,6,2,2
338271,386,Ozone (O3),Mean,ppb,CD,211,Morris Park and Bronxdale (CD11),Summer 2015,2015-06-01,30.48,,2015,6,2,2
338197,386,Ozone (O3),Mean,ppb,UHF42,308,Greenwich Village - SoHo,Summer 2015,2015-06-01,27.35,,2015,6,2,2
338186,386,Ozone (O3),Mean,ppb,UHF42,208,Canarsie - Flatlands,Summer 2015,2015-06-01,34.7,,2015,6,2,2
338269,386,Ozone (O3),Mean,ppb,CD,209,Parkchester and Soundview (CD9),Summer 2015,2015-06-01,31.19,,2015,6,2,2
338206,386,Ozone (O3),Mean,ppb,UHF42,407,Southwest Queens,Summer 2015,2015-06-01,32.59,,2015,6,2,2
338178,386,Ozone (O3),Mean,ppb,UHF42,107,Hunts Point - Mott Haven,Summer 2015,2015-06-01,31.66,,2015,6,2,2
334100,365,Fine particles (PM 2.5),Mean,mcg/m3,UHF34,204,East New York,Summer 2015,2015-06-01,9.52,,2015,6,2,2
336746,375,Nitrogen dioxide (NO2),Mean,ppb,CD,109,Morningside Heights and Hamilton Heights (CD9),Summer 2015,2015-06-01,18.88,,2015,6,2,2
338257,386,Ozone (O3),Mean,ppb,CD,109,Morningside Heights and Hamilton Heights (CD9),Summer 2015,2015-06-01,28.77,,2015,6,2,2
338173,386,Ozone (O3),Mean,ppb,UHF42,102,Northeast Bronx,Summer 2015,2015-06-01,29.93,,2015,6,2,2
336680,375,Nitrogen dioxide (NO2),Mean,ppb,UHF34,403,Flushing - Clearview,Summer 2015,2015-06-01,14.46,,2015,6,2,2
336668,375,Nitrogen dioxide (NO2),Mean,ppb,UHF34,303,East Harlem,Summer 2015,2015-06-01,18.63,,2015,6,2,2
338167,386,Ozone (O3),Mean,ppb,Borough,1,Bronx,Summer 2015,2015-06-01,30.39,,2015,6,2,2
338306,386,Ozone (O3),Mean,ppb,CD,502,South Beach and Willowbrook (CD2),Summer 2015,2015-06-01,32.47,,2015,6,2,2
338299,386,Ozone (O3),Mean,ppb,CD,409,Kew Gardens and Woodhaven (CD9),Summer 2015,2015-06-01,31.8,,2015,6,2,2
338249,386,Ozone (O3),Mean,ppb,CD,101,Financial District (CD1),Summer 2015,2015-06-01,27.06,,2015,6,2,2
336797,375,Nitrogen dioxide (NO2),Mean,ppb,CD,302,Fort Greene and Brooklyn Heights (CD2),Summer 2015,2015-06-01,18.02,,2015,6,2,2
338177,386,Ozone (O3),Mean,ppb,UHF42,106,High Bridge - Morrisania,Summer 2015,2015-06-01,29.93,,2015,6,2,2
338246,386,Ozone (O3),Mean,ppb,UHF34,503504,Southern SI,Summer 2015,2015-06-01,33.18,,2015,6,2,2
334280,365,Fine particles (PM 2.5),Mean,mcg/m3,CD,309,South Crown Heights and Lefferts Gardens (CD9),Summer 2015,2015-06-01,9.31,,2015,6,2,2
333941,365,Fine particles (PM 2.5),Mean,mcg/m3,Borough,2,Brooklyn,Summer 2015,2015-06-01,9.46,,2015,6,2,2
338296,386,Ozone (O3),Mean,ppb,CD,406,Rego Park and Forest Hills (CD6),Summer 2015,2015-06-01,31.08,,2015,6,2,2
338298,386,Ozone (O3),Mean,ppb,CD,408,Hillcrest and Fresh Meadows (CD8),Summer 2015,2015-06-01,31.3,,2015,6,2,2
336611,375,Nitrogen dioxide (NO2),Mean,ppb,UHF42,503,Willowbrook,Summer 2015,2015-06-01,9.64,,2015,6,2,2
338300,386,Ozone (O3),Mean,ppb,CD,410,South Ozone Park and Howard Beach (CD10),Summer 2015,2015-06-01,33.12,,2015,6,2,2
338210,386,Ozone (O3),Mean,ppb,UHF42,501,Port Richmond,Summer 2015,2015-06-01,29.99,,2015,6,2,2
334229,365,Fine particles (PM 2.5),Mean,mcg/m3,CD,204,Highbridge and Concourse (CD4),Summer 2015,2015-06-01,10.37,,2015,6,2,2
336803,375,Nitrogen dioxide (NO2),Mean,ppb,CD,304,Bushwick (CD4),Summer 2015,2015-06-01,15.48,,2015,6,2,2
336881,375,Nitrogen dioxide (NO2),Mean,ppb,CD,412,Jamaica and Hollis (CD12),Summer 2015,2015-06-01,13.39,,2015,6,2,2
333989,365,Fine particles (PM 2.5),Mean,mcg/m3,UHF42,206,Borough Park,Summer 2015,2015-06-01,9.17,,2015,6,2,2
338209,386,Ozone (O3),Mean,ppb,UHF42,410,Rockaways,Summer 2015,2015-06-01,37.44,,2015,6,2,2
338208,386,Ozone (O3),Mean,ppb,UHF42,409,Southeast Queens,Summer 2015,2015-06-01,32.51,,2015,6,2,2
334016,365,Fine particles (PM 2.5),Mean,mcg/m3,UHF42,304,Upper West Side,Summer 2015,2015-06-01,10.39,,2015,6,2,2
336569,375,Nitrogen dioxide (NO2),Mean,ppb,UHF42,309,Union Square - Lower East Side,Summer 2015,2015-06-01,20.75,,2015,6,2,2
334103,365,Fine particles (PM 2.5),Mean,mcg/m3,UHF34,205,Sunset Park,Summer 2015,2015-06-01,9.99,,2015,6,2,2
336572,375,Nitrogen dioxide (NO2),Mean,ppb,UHF42,310,Lower Manhattan,Summer 2015,2015-06-01,22.93,,2015,6,2,2
336893,375,Nitrogen dioxide (NO2),Mean,ppb,CD,502,South Beach and Willowbrook (CD2),Summer 2015,2015-06-01,8.83,,2015,6,2,2
336890,375,Nitrogen dioxide (NO2),Mean,ppb,CD,501,St. George and Stapleton (CD1),Summer 2015,2015-06-01,12.48,,2015,6,2,2
338238,386,Ozone (O3),Mean,ppb,UHF34,408,Jamaica,Summer 2015,2015-06-01,32.04,,2015,6,2,2
336650,375,Nitrogen dioxide (NO2),Mean,ppb,UHF34,208,Canarsie - Flatlands,Summer 2015,2015-06-01,10.77,,2015,6,2,2
333998,365,Fine particles (PM 2.5),Mean,mcg/m3,UHF42,209,Bensonhurst - Bay Ridge,Summer 2015,2015-06-01,8.95,,2015,6,2,2
336593,375,Nitrogen dioxide (NO2),Mean,ppb,UHF42,407,Southwest Queens,Summer 2015,2015-06-01,13.42,,2015,6,2,2
336596,375,Nitrogen dioxide (NO2),Mean,ppb,UHF42,408,Jamaica,Summer 2015,2015-06-01,13.33,,2015,6,2,2
336767,375,Nitrogen dioxide (NO2),Mean,ppb,CD,204,Highbridge and Concourse (CD4),Summer 2015,2015-06-01,18.38,,2015,6,2,2
336728,375,Nitrogen dioxide (NO2),Mean,ppb,CD,103,Lower East Side and Chinatown (CD3),Summer 2015,2015-06-01,20.15,,2015,6,2,2
336854,375,Nitrogen dioxide (NO2),Mean,ppb,CD,403,Jackson Heights (CD3),Summer 2015,2015-06-01,16.21,,2015,6,2,2
336857,375,Nitrogen dioxide (NO2),Mean,ppb,CD,404,Elmhurst and Corona (CD4),Summer 2015,2015-06-01,17.09,,2015,6,2,2
334190,365,Fine particles (PM 2.5),Mean,mcg/m3,CD,103,Lower East Side and Chinatown (CD3),Summer 2015,2015-06-01,10.39,,2015,6,2,2
334343,365,Fine particles (PM 2.5),Mean,mcg/m3,CD,412,Jamaica and Hollis (CD12),Summer 2015,2015-06-01,9.08,,2015,6,2,2
334049,365,Fine particles (PM 2.5),Mean,mcg/m3,UHF42,405,Ridgewood - Forest Hills,Summer 2015,2015-06-01,9.33,,2015,6,2,2
334022,365,Fine particles (PM 2.5),Mean,mcg/m3,UHF42,306,Chelsea - Clinton,Summer 2015,2015-06-01,12.01,,2015,6,2,2
333956,365,Fine particles (PM 2.5),Mean,mcg/m3,UHF42,102,Northeast Bronx,Summer 2015,2015-06-01,9.73,,2015,6,2,2
336524,375,Nitrogen dioxide (NO2),Mean,ppb,UHF42,205,Sunset Park,Summer 2015,2015-06-01,14.98,,2015,6,2,2
333977,365,Fine particles (PM 2.5),Mean,mcg/m3,UHF42,202,Downtown - Heights - Slope,Summer 2015,2015-06-01,10.29,,2015,6,2,2
334019,365,Fine particles (PM 2.5),Mean,mcg/m3,UHF42,305,Upper East Side,Summer 2015,2015-06-01,10.94,,2015,6,2,2
333944,365,Fine particles (PM 2.5),Mean,mcg/m3,Borough,3,Manhattan,Summer 2015,2015-06-01,10.79,,2015,6,2,2
334274,365,Fine particles (PM 2.5),Mean,mcg/m3,CD,307,Sunset Park (CD7),Summer 2015,2015-06-01,10.08,,2015,6,2,2
334061,365,Fine particles (PM 2.5),Mean,mcg/m3,UHF42,409,Southeast Queens,Summer 2015,2015-06-01,8.75,,2015,6,2,2
334034,365,Fine particles (PM 2.5),Mean,mcg/m3,UHF42,310,Lower Manhattan,Summer 2015,2015-06-01,11.01,,2015,6,2,2
336554,375,Nitrogen dioxide (NO2),Mean,ppb,UHF42,304,Upper West Side,Summer 2015,2015-06-01,19.79,,2015,6,2,2
336809,375,Nitrogen dioxide (NO2),Mean,ppb,CD,306,Park Slope and Carroll Gardens (CD6),Summer 2015,2015-06-01,16.88,,2015,6,2,2
334301,365,Fine particles (PM 2.5),Mean,mcg/m3,CD,316,Brownsville (CD16),Summer 2015,2015-06-01,9.6,,2015,6,2,2
333986,365,Fine particles (PM 2.5),Mean,mcg/m3,UHF42,205,Sunset Park,Summer 2015,2015-06-01,9.99,,2015,6,2,2
336731,375,Nitrogen dioxide (NO2),Mean,ppb,CD,104,Clinton and Chelsea (CD4),Summer 2015,2015-06-01,23.42,,2015,6,2,2
333959,365,Fine particles (PM 2.5),Mean,mcg/m3,UHF42,103,Fordham - Bronx Pk,Summer 2015,2015-06-01,9.73,,2015,6,2,2
336779,375,Nitrogen dioxide (NO2),Mean,ppb,CD,208,Riverdale and Fieldston (CD8),Summer 2015,2015-06-01,14.29,,2015,6,2,2
334316,365,Fine particles (PM 2.5),Mean,mcg/m3,CD,403,Jackson Heights (CD3),Summer 2015,2015-06-01,9.21,,2015,6,2,2
334319,365,Fine particles (PM 2.5),Mean,mcg/m3,CD,404,Elmhurst and Corona (CD4),Summer 2015,2015-06-01,9.58,,2015,6,2,2
336848,375,Nitrogen dioxide (NO2),Mean,ppb,CD,401,Long Island City and Astoria (CD1),Summer 2015,2015-06-01,15.93,,2015,6,2,2
336605,375,Nitrogen dioxide (NO2),Mean,ppb,UHF42,501,Port Richmond,Summer 2015,2015-06-01,13.13,,2015,6,2,2
334304,365,Fine particles (PM 2.5),Mean,mcg/m3,CD,317,East Flatbush (CD17),Summer 2015,2015-06-01,9.44,,2015,6,2,2
334355,365,Fine particles (PM 2.5),Mean,mcg/m3,CD,502,South Beach and Willowbrook (CD2),Summer 2015,2015-06-01,8.77,,2015,6,2,2
334313,365,Fine particles (PM 2.5),Mean,mcg/m3,CD,402,Woodside and Sunnyside (CD2),Summer 2015,2015-06-01,10.99,,2015,6,2,2
334232,365,Fine particles (PM 2.5),Mean,mcg/m3,CD,205,Fordham and University Heights (CD5),Summer 2015,2015-06-01,10.47,,2015,6,2,2
334271,365,Fine particles (PM 2.5),Mean,mcg/m3,CD,306,Park Slope and Carroll Gardens (CD6),Summer 2015,2015-06-01,10.3,,2015,6,2,2
336875,375,Nitrogen dioxide (NO2),Mean,ppb,CD,410,South Ozone Park and Howard Beach (CD10),Summer 2015,2015-06-01,12.79,,2015,6,2,2
334193,365,Fine particles (PM 2.5),Mean,mcg/m3,CD,104,Clinton and Chelsea (CD4),Summer 2015,2015-06-01,11.44,,2015,6,2,2
336755,375,Nitrogen dioxide (NO2),Mean,ppb,CD,112,Washington Heights and Inwood (CD12),Summer 2015,2015-06-01,16.89,,2015,6,2,2
334172,365,Fine particles (PM 2.5),Mean,mcg/m3,UHF34,501502,Northern SI,Summer 2015,2015-06-01,8.81,,2015,6,2,2
334037,365,Fine particles (PM 2.5),Mean,mcg/m3,UHF42,401,Long Island City - Astoria,Summer 2015,2015-06-01,10.46,,2015,6,2,2
336800,375,Nitrogen dioxide (NO2),Mean,ppb,CD,303,Bedford Stuyvesant (CD3),Summer 2015,2015-06-01,16.56,,2015,6,2,2
336851,375,Nitrogen dioxide (NO2),Mean,ppb,CD,402,Woodside and Sunnyside (CD2),Summer 2015,2015-06-01,16.44,,2015,6,2,2
336761,375,Nitrogen dioxide (NO2),Mean,ppb,CD,202,Hunts Point and Longwood (CD2),Summer 2015,2015-06-01,16.41,,2015,6,2,2
334226,365,Fine particles (PM 2.5),Mean,mcg/m3,CD,203,Morrisania and Crotona (CD3),Summer 2015,2015-06-01,9.99,,2015,6,2,2
334064,365,Fine particles (PM 2.5),Mean,mcg/m3,UHF42,410,Rockaways,Summer 2015,2015-06-01,8.29,,2015,6,2,2
338224,386,Ozone (O3),Mean,ppb,UHF34,207,East Flatbush - Flatbush,Summer 2015,2015-06-01,32.2,,2015,6,2,2
334181,365,Fine particles (PM 2.5),Mean,mcg/m3,Citywide,1,New York City,Summer 2015,2015-06-01,9.3688,,2015,6,2,2
336734,375,Nitrogen dioxide (NO2),Mean,ppb,CD,105,Midtown (CD5),Summer 2015,2015-06-01,29.69,,2015,6,2,2
336677,375,Nitrogen dioxide (NO2),Mean,ppb,UHF34,402,West Queens,Summer 2015,2015-06-01,16.3,,2015,6,2,2
338225,386,Ozone (O3),Mean,ppb,UHF34,208,Canarsie - Flatlands,Summer 2015,2015-06-01,34.7,,2015,6,2,2
338247,386,Ozone (O3),Mean,ppb,UHF34,105106107,South Bronx,Summer 2015,2015-06-01,30.57,,2015,6,2,2
338216,386,Ozone (O3),Mean,ppb,UHF34,103,Fordham - Bronx Pk,Summer 2015,2015-06-01,29.53,,2015,6,2,2
336497,375,Nitrogen dioxide (NO2),Mean,ppb,UHF42,103,Fordham - Bronx Pk,Summer 2015,2015-06-01,16.04,,2015,6,2,2
338276,386,Ozone (O3),Mean,ppb,CD,304,Bushwick (CD4),Summer 2015,2015-06-01,31.66,,2015,6,2,2
336503,375,Nitrogen dioxide (NO2),Mean,ppb,UHF42,105,Crotona -Tremont,Summer 2015,2015-06-01,17.85,,2015,6,2,2
338221,386,Ozone (O3),Mean,ppb,UHF34,204,East New York,Summer 2015,2015-06-01,32.58,,2015,6,2,2
336884,375,Nitrogen dioxide (NO2),Mean,ppb,CD,413,Queens Village (CD13),Summer 2015,2015-06-01,12.07,,2015,6,2,2
334211,365,Fine particles (PM 2.5),Mean,mcg/m3,CD,110,Central Harlem (CD10),Summer 2015,2015-06-01,9.94,,2015,6,2,2
338232,386,Ozone (O3),Mean,ppb,UHF34,304,Upper West Side,Summer 2015,2015-06-01,28.12,,2015,6,2,2
336725,375,Nitrogen dioxide (NO2),Mean,ppb,CD,102,Greenwich Village and Soho (CD2),Summer 2015,2015-06-01,22.41,,2015,6,2,2
336671,375,Nitrogen dioxide (NO2),Mean,ppb,UHF34,304,Upper West Side,Summer 2015,2015-06-01,19.79,,2015,6,2,2
338237,386,Ozone (O3),Mean,ppb,UHF34,407,Southwest Queens,Summer 2015,2015-06-01,32.59,,2015,6,2,2
338189,386,Ozone (O3),Mean,ppb,UHF42,211,Williamsburg - Bushwick,Summer 2015,2015-06-01,31.1,,2015,6,2,2
338182,386,Ozone (O3),Mean,ppb,UHF42,204,East New York,Summer 2015,2015-06-01,32.58,,2015,6,2,2
334166,365,Fine particles (PM 2.5),Mean,mcg/m3,UHF34,309310,Union Square-Lower Manhattan,Summer 2015,2015-06-01,10.68,,2015,6,2,2
336653,375,Nitrogen dioxide (NO2),Mean,ppb,UHF34,209,Bensonhurst - Bay Ridge,Summer 2015,2015-06-01,13.33,,2015,6,2,2
338194,386,Ozone (O3),Mean,ppb,UHF42,305,Upper East Side,Summer 2015,2015-06-01,28.07,,2015,6,2,2
334358,365,Fine particles (PM 2.5),Mean,mcg/m3,CD,503,Tottenville and Great Kills (CD3),Summer 2015,2015-06-01,8.44,,2015,6,2,2
338204,386,Ozone (O3),Mean,ppb,UHF42,405,Ridgewood - Forest Hills,Summer 2015,2015-06-01,31.81,,2015,6,2,2
338174,386,Ozone (O3),Mean,ppb,UHF42,103,Fordham - Bronx Pk,Summer 2015,2015-06-01,29.53,,2015,6,2,2
334244,365,Fine particles (PM 2.5),Mean,mcg/m3,CD,209,Parkchester and Soundview (CD9),Summer 2015,2015-06-01,9.76,,2015,6,2,2
334295,365,Fine particles (PM 2.5),Mean,mcg/m3,CD,314,Flatbush and Midwood (CD14),Summer 2015,2015-06-01,9.16,,2015,6,2,2
338183,386,Ozone (O3),Mean,ppb,UHF42,205,Sunset Park,Summer 2015,2015-06-01,31.29,,2015,6,2,2
338169,386,Ozone (O3),Mean,ppb,Borough,3,Manhattan,Summer 2015,2015-06-01,27.77,,2015,6,2,2
334247,365,Fine particles (PM 2.5),Mean,mcg/m3,CD,210,Throgs Neck and Co-op City (CD10),Summer 2015,2015-06-01,9.7,,2015,6,2,2
334169,365,Fine particles (PM 2.5),Mean,mcg/m3,UHF34,404406,Bayside Little Neck-Fresh Meadows,Summer 2015,2015-06-01,9.07,,2015,6,2,2
334253,365,Fine particles (PM 2.5),Mean,mcg/m3,CD,212,Williamsbridge and Baychester (CD12),Summer 2015,2015-06-01,9.65,,2015,6,2,2
334142,365,Fine particles (PM 2.5),Mean,mcg/m3,UHF34,403,Flushing - Clearview,Summer 2015,2015-06-01,9.32,,2015,6,2,2
334352,365,Fine particles (PM 2.5),Mean,mcg/m3,CD,501,St. George and Stapleton (CD1),Summer 2015,2015-06-01,8.91,,2015,6,2,2
334076,365,Fine particles (PM 2.5),Mean,mcg/m3,UHF42,504,South Beach - Tottenville,Summer 2015,2015-06-01,8.43,,2015,6,2,2
338203,386,Ozone (O3),Mean,ppb,UHF42,404,Bayside - Little Neck,Summer 2015,2015-06-01,31.27,,2015,6,2,2
338185,386,Ozone (O3),Mean,ppb,UHF42,207,East Flatbush - Flatbush,Summer 2015,2015-06-01,32.2,,2015,6,2,2
338193,386,Ozone (O3),Mean,ppb,UHF42,304,Upper West Side,Summer 2015,2015-06-01,28.12,,2015,6,2,2
336821,375,Nitrogen dioxide (NO2),Mean,ppb,CD,310,Bay Ridge and Dyker Heights (CD10),Summer 2015,2015-06-01,14.15,,2015,6,2,2
334055,365,Fine particles (PM 2.5),Mean,mcg/m3,UHF42,407,Southwest Queens,Summer 2015,2015-06-01,8.94,,2015,6,2,2
338218,386,Ozone (O3),Mean,ppb,UHF34,201,Greenpoint,Summer 2015,2015-06-01,30.97,,2015,6,2,2
338215,386,Ozone (O3),Mean,ppb,UHF34,102,Northeast Bronx,Summer 2015,2015-06-01,29.93,,2015,6,2,2
338234,386,Ozone (O3),Mean,ppb,UHF34,402,West Queens,Summer 2015,2015-06-01,31.57,,2015,6,2,2
336617,375,Nitrogen dioxide (NO2),Mean,ppb,UHF34,101,Kingsbridge - Riverdale,Summer 2015,2015-06-01,14.28,,2015,6,2,2
336530,375,Nitrogen dioxide (NO2),Mean,ppb,UHF42,207,East Flatbush - Flatbush,Summer 2015,2015-06-01,14.54,,2015,6,2,2
336551,375,Nitrogen dioxide (NO2),Mean,ppb,UHF42,303,East Harlem,Summer 2015,2015-06-01,18.63,,2015,6,2,2
336647,375,Nitrogen dioxide (NO2),Mean,ppb,UHF34,207,East Flatbush - Flatbush,Summer 2015,2015-06-01,14.54,,2015,6,2,2
338260,386,Ozone (O3),Mean,ppb,CD,112,Washington Heights and Inwood (CD12),Summer 2015,2015-06-01,28.95,,2015,6,2,2
334058,365,Fine particles (PM 2.5),Mean,mcg/m3,UHF42,408,Jamaica,Summer 2015,2015-06-01,9.08,,2015,6,2,2
336830,375,Nitrogen dioxide (NO2),Mean,ppb,CD,313,Coney Island (CD13),Summer 2015,2015-06-01,10.01,,2015,6,2,2
334298,365,Fine particles (PM 2.5),Mean,mcg/m3,CD,315,Sheepshead Bay (CD15),Summer 2015,2015-06-01,8.77,,2015,6,2,2
338187,386,Ozone (O3),Mean,ppb,UHF42,209,Bensonhurst - Bay Ridge,Summer 2015,2015-06-01,32.83,,2015,6,2,2
334292,365,Fine particles (PM 2.5),Mean,mcg/m3,CD,313,Coney Island (CD13),Summer 2015,2015-06-01,8.69,,2015,6,2,2
334310,365,Fine particles (PM 2.5),Mean,mcg/m3,CD,401,Long Island City and Astoria (CD1),Summer 2015,2015-06-01,9.72,,2015,6,2,2
333947,365,Fine particles (PM 2.5),Mean,mcg/m3,Borough,4,Queens,Summer 2015,2015-06-01,9.21,,2015,6,2,2
338184,386,Ozone (O3),Mean,ppb,UHF42,206,Borough Park,Summer 2015,2015-06-01,32.14,,2015,6,2,2
338188,386,Ozone (O3),Mean,ppb,UHF42,210,Coney Island - Sheepshead Bay,Summer 2015,2015-06-01,35.01,,2015,6,2,2
336482,375,Nitrogen dioxide (NO2),Mean,ppb,Borough,3,Manhattan,Summer 2015,2015-06-01,21.25,,2015,6,2,2
336584,375,Nitrogen dioxide (NO2),Mean,ppb,UHF42,404,Bayside - Little Neck,Summer 2015,2015-06-01,12.65,,2015,6,2,2
338233,386,Ozone (O3),Mean,ppb,UHF34,401,Long Island City - Astoria,Summer 2015,2015-06-01,31.43,,2015,6,2,2
338200,386,Ozone (O3),Mean,ppb,UHF42,401,Long Island City - Astoria,Summer 2015,2015-06-01,31.43,,2015,6,2,2
334046,365,Fine particles (PM 2.5),Mean,mcg/m3,UHF42,404,Bayside - Little Neck,Summer 2015,2015-06-01,9.07,,2015,6,2,2
336539,375,Nitrogen dioxide (NO2),Mean,ppb,UHF42,210,Coney Island - Sheepshead Bay,Summer 2015,2015-06-01,11.07,,2015,6,2,2
336500,375,Nitrogen dioxide (NO2),Mean,ppb,UHF42,104,Pelham - Throgs Neck,Summer 2015,2015-06-01,15.12,,2015,6,2,2
338180,386,Ozone (O3),Mean,ppb,UHF42,202,Downtown - Heights - Slope,Summer 2015,2015-06-01,29.76,,2015,6,2,2
338195,386,Ozone (O3),Mean,ppb,UHF42,306,Chelsea - Clinton,Summer 2015,2015-06-01,26.11,,2015,6,2,2
336560,375,Nitrogen dioxide (NO2),Mean,ppb,UHF42,306,Chelsea - Clinton,Summer 2015,2015-06-01,25.55,,2015,6,2,2
336515,375,Nitrogen dioxide (NO2),Mean,ppb,UHF42,202,Downtown - Heights - Slope,Summer 2015,2015-06-01,17.42,,2015,6,2,2
338205,386,Ozone (O3),Mean,ppb,UHF42,406,Fresh Meadows,Summer 2015,2015-06-01,31.53,,2015,6,2,2
334187,365,Fine particles (PM 2.5),Mean,mcg/m3,CD,102,Greenwich Village and Soho (CD2),Summer 2015,2015-06-01,11.07,,2015,6,2,2
334067,365,Fine particles (PM 2.5),Mean,mcg/m3,UHF42,501,Port Richmond,Summer 2015,2015-06-01,9.08,,2015,6,2,2
334322,365,Fine particles (PM 2.5),Mean,mcg/m3,CD,405,Ridgewood and Maspeth (CD5),Summer 2015,2015-06-01,9.68,,2015,6,2,2
336860,375,Nitrogen dioxide (NO2),Mean,ppb,CD,405,Ridgewood and Maspeth (CD5),Summer 2015,2015-06-01,14.42,,2015,6,2,2
334157,365,Fine particles (PM 2.5),Mean,mcg/m3,UHF34,410,Rockaways,Summer 2015,2015-06-01,8.29,,2015,6,2,2
334223,365,Fine particles (PM 2.5),Mean,mcg/m3,CD,202,Hunts Point and Longwood (CD2),Summer 2015,2015-06-01,10.6,,2015,6,2,2
336752,375,Nitrogen dioxide (NO2),Mean,ppb,CD,111,East Harlem (CD11),Summer 2015,2015-06-01,18.55,,2015,6,2,2
334259,365,Fine particles (PM 2.5),Mean,mcg/m3,CD,302,Fort Greene and Brooklyn Heights (CD2),Summer 2015,2015-06-01,10.25,,2015,6,2,2
334250,365,Fine particles (PM 2.5),Mean,mcg/m3,CD,211,Morris Park and Bronxdale (CD11),Summer 2015,2015-06-01,9.59,,2015,6,2,2
334286,365,Fine particles (PM 2.5),Mean,mcg/m3,CD,311,Bensonhurst (CD11),Summer 2015,2015-06-01,8.89,,2015,6,2,2
334184,365,Fine particles (PM 2.5),Mean,mcg/m3,CD,101,Financial District (CD1),Summer 2015,2015-06-01,11.04,,2015,6,2,2
333965,365,Fine particles (PM 2.5),Mean,mcg/m3,UHF42,105,Crotona -Tremont,Summer 2015,2015-06-01,10.33,,2015,6,2,2
334238,365,Fine particles (PM 2.5),Mean,mcg/m3,CD,207,Kingsbridge Heights and Bedford (CD7),Summer 2015,2015-06-01,9.94,,2015,6,2,2
338274,386,Ozone (O3),Mean,ppb,CD,302,Fort Greene and Brooklyn Heights (CD2),Summer 2015,2015-06-01,29.39,,2015,6,2,2
338280,386,Ozone (O3),Mean,ppb,CD,308,Crown Heights and Prospect Heights (CD8),Summer 2015,2015-06-01,30.67,,2015,6,2,2
334133,365,Fine particles (PM 2.5),Mean,mcg/m3,UHF34,304,Upper West Side,Summer 2015,2015-06-01,10.39,,2015,6,2,2
338175,386,Ozone (O3),Mean,ppb,UHF42,104,Pelham - Throgs Neck,Summer 2015,2015-06-01,31.41,,2015,6,2,2
338217,386,Ozone (O3),Mean,ppb,UHF34,104,Pelham - Throgs Neck,Summer 2015,2015-06-01,31.41,,2015,6,2,2
334121,365,Fine particles (PM 2.5),Mean,mcg/m3,UHF34,211,Williamsburg - Bushwick,Summer 2015,2015-06-01,10.2,,2015,6,2,2
338213,386,Ozone (O3),Mean,ppb,UHF42,504,South Beach - Tottenville,Summer 2015,2015-06-01,34.07,,2015,6,2,2
336776,375,Nitrogen dioxide (NO2),Mean,ppb,CD,207,Kingsbridge Heights and Bedford (CD7),Summer 2015,2015-06-01,17.25,,2015,6,2,2
334241,365,Fine particles (PM 2.5),Mean,mcg/m3,CD,208,Riverdale and Fieldston (CD8),Summer 2015,2015-06-01,9.62,,2015,6,2,2
336812,375,Nitrogen dioxide (NO2),Mean,ppb,CD,307,Sunset Park (CD7),Summer 2015,2015-06-01,15.09,,2015,6,2,2
338244,386,Ozone (O3),Mean,ppb,UHF34,404406,Bayside Little Neck-Fresh Meadows,Summer 2015,2015-06-01,31.37,,2015,6,2,2
336896,375,Nitrogen dioxide (NO2),Mean,ppb,CD,503,Tottenville and Great Kills (CD3),Summer 2015,2015-06-01,6.59,,2015,6,2,2
338222,386,Ozone (O3),Mean,ppb,UHF34,205,Sunset Park,Summer 2015,2015-06-01,31.29,,2015,6,2,2
336743,375,Nitrogen dioxide (NO2),Mean,ppb,CD,108,Upper East Side (CD8),Summer 2015,2015-06-01,21.68,,2015,6,2,2
338297,386,Ozone (O3),Mean,ppb,CD,407,Flushing and Whitestone (CD7),Summer 2015,2015-06-01,31.92,,2015,6,2,2
333968,365,Fine particles (PM 2.5),Mean,mcg/m3,UHF42,106,High Bridge - Morrisania,Summer 2015,2015-06-01,10.27,,2015,6,2,2
338267,386,Ozone (O3),Mean,ppb,CD,207,Kingsbridge Heights and Bedford (CD7),Summer 2015,2015-06-01,29.2,,2015,6,2,2
338279,386,Ozone (O3),Mean,ppb,CD,307,Sunset Park (CD7),Summer 2015,2015-06-01,31.2,,2015,6,2,2
334256,365,Fine particles (PM 2.5),Mean,mcg/m3,CD,301,Greenpoint and Williamsburg (CD1),Summer 2015,2015-06-01,11.08,,2015,6,2,2
334220,365,Fine particles (PM 2.5),Mean,mcg/m3,CD,201,Mott Haven and Melrose (CD1),Summer 2015,2015-06-01,10.63,,2015,6,2,2
334307,365,Fine particles (PM 2.5),Mean,mcg/m3,CD,318,Flatlands and Canarsie (CD18),Summer 2015,2015-06-01,8.94,,2015,6,2,2
334148,365,Fine particles (PM 2.5),Mean,mcg/m3,UHF34,407,Southwest Queens,Summer 2015,2015-06-01,8.94,,2015,6,2,2
336590,375,Nitrogen dioxide (NO2),Mean,ppb,UHF42,406,Fresh Meadows,Summer 2015,2015-06-01,13.97,,2015,6,2,2
333992,365,Fine particles (PM 2.5),Mean,mcg/m3,UHF42,207,East Flatbush - Flatbush,Summer 2015,2015-06-01,9.29,,2015,6,2,2
336806,375,Nitrogen dioxide (NO2),Mean,ppb,CD,305,East New York and Starrett City (CD5),Summer 2015,2015-06-01,13.44,,2015,6,2,2
338304,386,Ozone (O3),Mean,ppb,CD,414,Rockaway and Broad Channel (CD14),Summer 2015,2015-06-01,37.54,,2015,6,2,2
334199,365,Fine particles (PM 2.5),Mean,mcg/m3,CD,106,Stuyvesant Town and Turtle Bay (CD6),Summer 2015,2015-06-01,11.88,,2015,6,2,2
334235,365,Fine particles (PM 2.5),Mean,mcg/m3,CD,206,Belmont and East Tremont (CD6),Summer 2015,2015-06-01,10.11,,2015,6,2,2
334130,365,Fine particles (PM 2.5),Mean,mcg/m3,UHF34,303,East Harlem,Summer 2015,2015-06-01,10.18,,2015,6,2,2
336536,375,Nitrogen dioxide (NO2),Mean,ppb,UHF42,209,Bensonhurst - Bay Ridge,Summer 2015,2015-06-01,13.33,,2015,6,2,2
336794,375,Nitrogen dioxide (NO2),Mean,ppb,CD,301,Greenpoint and Williamsburg (CD1),Summer 2015,2015-06-01,17.0,,2015,6,2,2
334151,365,Fine particles (PM 2.5),Mean,mcg/m3,UHF34,408,Jamaica,Summer 2015,2015-06-01,9.08,,2015,6,2,2
334205,365,Fine particles (PM 2.5),Mean,mcg/m3,CD,108,Upper East Side (CD8),Summer 2015,2015-06-01,10.96,,2015,6,2,2
336713,375,Nitrogen dioxide (NO2),Mean,ppb,UHF34,503504,Southern SI,Summer 2015,2015-06-01,7.78,,2015,6,2,2
336641,375,Nitrogen dioxide (NO2),Mean,ppb,UHF34,205,Sunset Park,Summer 2015,2015-06-01,14.98,,2015,6,2,2
336587,375,Nitrogen dioxide (NO2),Mean,ppb,UHF42,405,Ridgewood - Forest Hills,Summer 2015,2015-06-01,14.32,,2015,6,2,2
336557,375,Nitrogen dioxide (NO2),Mean,ppb,UHF42,305,Upper East Side,Summer 2015,2015-06-01,21.57,,2015,6,2,2
334277,365,Fine particles (PM 2.5),Mean,mcg/m3,CD,308,Crown Heights and Prospect Heights (CD8),Summer 2015,2015-06-01,9.48,,2015,6,2,2
334214,365,Fine particles (PM 2.5),Mean,mcg/m3,CD,111,East Harlem (CD11),Summer 2015,2015-06-01,10.17,,2015,6,2,2
334040,365,Fine particles (PM 2.5),Mean,mcg/m3,UHF42,402,West Queens,Summer 2015,2015-06-01,9.98,,2015,6,2,2
338253,386,Ozone (O3),Mean,ppb,CD,105,Midtown (CD5),Summer 2015,2015-06-01,24.3,,2015,6,2,2
336839,375,Nitrogen dioxide (NO2),Mean,ppb,CD,316,Brownsville (CD16),Summer 2015,2015-06-01,15.0,,2015,6,2,2
336770,375,Nitrogen dioxide (NO2),Mean,ppb,CD,205,Fordham and University Heights (CD5),Summer 2015,2015-06-01,18.84,,2015,6,2,2
334337,365,Fine particles (PM 2.5),Mean,mcg/m3,CD,410,South Ozone Park and Howard Beach (CD10),Summer 2015,2015-06-01,8.78,,2015,6,2,2
336740,375,Nitrogen dioxide (NO2),Mean,ppb,CD,107,Upper West Side (CD7),Summer 2015,2015-06-01,19.77,,2015,6,2,2
338286,386,Ozone (O3),Mean,ppb,CD,314,Flatbush and Midwood (CD14),Summer 2015,2015-06-01,32.26,,2015,6,2,2
336866,375,Nitrogen dioxide (NO2),Mean,ppb,CD,407,Flushing and Whitestone (CD7),Summer 2015,2015-06-01,14.4,,2015,6,2,2
338191,386,Ozone (O3),Mean,ppb,UHF42,302,Central Harlem - Morningside Heights,Summer 2015,2015-06-01,28.98,,2015,6,2,2
334043,365,Fine particles (PM 2.5),Mean,mcg/m3,UHF42,403,Flushing - Clearview,Summer 2015,2015-06-01,9.32,,2015,6,2,2
338170,386,Ozone (O3),Mean,ppb,Borough,4,Queens,Summer 2015,2015-06-01,32.36,,2015,6,2,2
334346,365,Fine particles (PM 2.5),Mean,mcg/m3,CD,413,Queens Village (CD13),Summer 2015,2015-06-01,8.76,,2015,6,2,2
334106,365,Fine particles (PM 2.5),Mean,mcg/m3,UHF34,206,Borough Park,Summer 2015,2015-06-01,9.17,,2015,6,2,2
334031,365,Fine particles (PM 2.5),Mean,mcg/m3,UHF42,309,Union Square - Lower East Side,Summer 2015,2015-06-01,10.53,,2015,6,2,2
336701,375,Nitrogen dioxide (NO2),Mean,ppb,UHF34,306308,Chelsea-Village,Summer 2015,2015-06-01,24.49,,2015,6,2,2
336698,375,Nitrogen dioxide (NO2),Mean,ppb,UHF34,305307,Upper East Side-Gramercy,Summer 2015,2015-06-01,24.45,,2015,6,2,2
336545,375,Nitrogen dioxide (NO2),Mean,ppb,UHF42,301,Washington Heights,Summer 2015,2015-06-01,17.27,,2015,6,2,2
333995,365,Fine particles (PM 2.5),Mean,mcg/m3,UHF42,208,Canarsie - Flatlands,Summer 2015,2015-06-01,8.97,,2015,6,2,2
336842,375,Nitrogen dioxide (NO2),Mean,ppb,CD,317,East Flatbush (CD17),Summer 2015,2015-06-01,14.6,,2015,6,2,2
334025,365,Fine particles (PM 2.5),Mean,mcg/m3,UHF42,307,Gramercy Park - Murray Hill,Summer 2015,2015-06-01,12.47,,2015,6,2,2
334028,365,Fine particles (PM 2.5),Mean,mcg/m3,UHF42,308,Greenwich Village - SoHo,Summer 2015,2015-06-01,11.04,,2015,6,2,2
338303,386,Ozone (O3),Mean,ppb,CD,413,Queens Village (CD13),Summer 2015,2015-06-01,32.64,,2015,6,2,2
336521,375,Nitrogen dioxide (NO2),Mean,ppb,UHF42,204,East New York,Summer 2015,2015-06-01,13.88,,2015,6,2,2
338223,386,Ozone (O3),Mean,ppb,UHF34,206,Borough Park,Summer 2015,2015-06-01,32.14,,2015,6,2,2
336773,375,Nitrogen dioxide (NO2),Mean,ppb,CD,206,Belmont and East Tremont (CD6),Summer 2015,2015-06-01,17.43,,2015,6,2,2
334178,365,Fine particles (PM 2.5),Mean,mcg/m3,UHF34,105106107,South Bronx,Summer 2015,2015-06-01,10.32,,2015,6,2,2
338239,386,Ozone (O3),Mean,ppb,UHF34,409,Southeast Queens,Summer 2015,2015-06-01,32.5,,2015,6,2,2
334154,365,Fine particles (PM 2.5),Mean,mcg/m3,UHF34,409,Southeast Queens,Summer 2015,2015-06-01,8.75,,2015,6,2,2
338288,386,Ozone (O3),Mean,ppb,CD,316,Brownsville (CD16),Summer 2015,2015-06-01,32.07,,2015,6,2,2
338265,386,Ozone (O3),Mean,ppb,CD,205,Fordham and University Heights (CD5),Summer 2015,2015-06-01,29.15,,2015,6,2,2
338277,386,Ozone (O3),Mean,ppb,CD,305,East New York and Starrett City (CD5),Summer 2015,2015-06-01,32.92,,2015,6,2,2
336488,375,Nitrogen dioxide (NO2),Mean,ppb,Borough,5,Staten Island,Summer 2015,2015-06-01,8.85,,2015,6,2,2
338295,386,Ozone (O3),Mean,ppb,CD,405,Ridgewood and Maspeth (CD5),Summer 2015,2015-06-01,32.08,,2015,6,2,2
336494,375,Nitrogen dioxide (NO2),Mean,ppb,UHF42,102,Northeast Bronx,Summer 2015,2015-06-01,15.79,,2015,6,2,2
336887,375,Nitrogen dioxide (NO2),Mean,ppb,CD,414,Rockaway and Broad Channel (CD14),Summer 2015,2015-06-01,6.87,,2015,6,2,2
338252,386,Ozone (O3),Mean,ppb,CD,104,Clinton and Chelsea (CD4),Summer 2015,2015-06-01,27.11,,2015,6,2,2
338278,386,Ozone (O3),Mean,ppb,CD,306,Park Slope and Carroll Gardens (CD6),Summer 2015,2015-06-01,30.03,,2015,6,2,2
336563,375,Nitrogen dioxide (NO2),Mean,ppb,UHF42,307,Gramercy Park - Murray Hill,Summer 2015,2015-06-01,27.72,,2015,6,2,2
336566,375,Nitrogen dioxide (NO2),Mean,ppb,UHF42,308,Greenwich Village - SoHo,Summer 2015,2015-06-01,22.38,,2015,6,2,2
336749,375,Nitrogen dioxide (NO2),Mean,ppb,CD,110,Central Harlem (CD10),Summer 2015,2015-06-01,19.12,,2015,6,2,2
338266,386,Ozone (O3),Mean,ppb,CD,206,Belmont and East Tremont (CD6),Summer 2015,2015-06-01,29.8,,2015,6,2,2
338268,386,Ozone (O3),Mean,ppb,CD,208,Riverdale and Fieldston (CD8),Summer 2015,2015-06-01,28.79,,2015,6,2,2
338254,386,Ozone (O3),Mean,ppb,CD,106,Stuyvesant Town and Turtle Bay (CD6),Summer 2015,2015-06-01,25.84,,2015,6,2,2
336542,375,Nitrogen dioxide (NO2),Mean,ppb,UHF42,211,Williamsburg - Bushwick,Summer 2015,2015-06-01,16.54,,2015,6,2,2
338176,386,Ozone (O3),Mean,ppb,UHF42,105,Crotona -Tremont,Summer 2015,2015-06-01,29.65,,2015,6,2,2
338230,386,Ozone (O3),Mean,ppb,UHF34,302,Central Harlem - Morningside Heights,Summer 2015,2015-06-01,28.98,,2015,6,2,2
334289,365,Fine particles (PM 2.5),Mean,mcg/m3,CD,312,Borough Park (CD12),Summer 2015,2015-06-01,9.19,,2015,6,2,2
338179,386,Ozone (O3),Mean,ppb,UHF42,201,Greenpoint,Summer 2015,2015-06-01,30.97,,2015,6,2,2
336599,375,Nitrogen dioxide (NO2),Mean,ppb,UHF42,409,Southeast Queens,Summer 2015,2015-06-01,12.04,,2015,6,2,2
334124,365,Fine particles (PM 2.5),Mean,mcg/m3,UHF34,301,Washington Heights,Summer 2015,2015-06-01,9.91,,2015,6,2,2
334013,365,Fine particles (PM 2.5),Mean,mcg/m3,UHF42,303,East Harlem,Summer 2015,2015-06-01,10.18,,2015,6,2,2
338281,386,Ozone (O3),Mean,ppb,CD,309,South Crown Heights and Lefferts Gardens (CD9),Summer 2015,2015-06-01,31.24,,2015,6,2,2
338283,386,Ozone (O3),Mean,ppb,CD,311,Bensonhurst (CD11),Summer 2015,2015-06-01,33.38,,2015,6,2,2
338259,386,Ozone (O3),Mean,ppb,CD,111,East Harlem (CD11),Summer 2015,2015-06-01,29.61,,2015,6,2,2
334136,365,Fine particles (PM 2.5),Mean,mcg/m3,UHF34,401,Long Island City - Astoria,Summer 2015,2015-06-01,10.46,,2015,6,2,2
338272,386,Ozone (O3),Mean,ppb,CD,212,Williamsbridge and Baychester (CD12),Summer 2015,2015-06-01,29.75,,2015,6,2,2
336791,375,Nitrogen dioxide (NO2),Mean,ppb,CD,212,Williamsbridge and Baychester (CD12),Summer 2015,2015-06-01,15.3,,2015,6,2,2
336785,375,Nitrogen dioxide (NO2),Mean,ppb,CD,210,Throgs Neck and Co-op City (CD10),Summer 2015,2015-06-01,14.56,,2015,6,2,2
336575,375,Nitrogen dioxide (NO2),Mean,ppb,UHF42,401,Long Island City - Astoria,Summer 2015,2015-06-01,16.67,,2015,6,2,2
338251,386,Ozone (O3),Mean,ppb,CD,103,Lower East Side and Chinatown (CD3),Summer 2015,2015-06-01,28.0,,2015,6,2,2
336674,375,Nitrogen dioxide (NO2),Mean,ppb,UHF34,401,Long Island City - Astoria,Summer 2015,2015-06-01,16.67,,2015,6,2,2
336833,375,Nitrogen dioxide (NO2),Mean,ppb,CD,314,Flatbush and Midwood (CD14),Summer 2015,2015-06-01,13.99,,2015,6,2,2
338270,386,Ozone (O3),Mean,ppb,CD,210,Throgs Neck and Co-op City (CD10),Summer 2015,2015-06-01,31.68,,2015,6,2,2
338258,386,Ozone (O3),Mean,ppb,CD,110,Central Harlem (CD10),Summer 2015,2015-06-01,29.07,,2015,6,2,2
336863,375,Nitrogen dioxide (NO2),Mean,ppb,CD,406,Rego Park and Forest Hills (CD6),Summer 2015,2015-06-01,15.15,,2015,6,2,2
338287,386,Ozone (O3),Mean,ppb,CD,315,Sheepshead Bay (CD15),Summer 2015,2015-06-01,34.76,,2015,6,2,2
336623,375,Nitrogen dioxide (NO2),Mean,ppb,UHF34,103,Fordham - Bronx Pk,Summer 2015,2015-06-01,16.04,,2015,6,2,2
338285,386,Ozone (O3),Mean,ppb,CD,313,Coney Island (CD13),Summer 2015,2015-06-01,35.76,,2015,6,2,2
336638,375,Nitrogen dioxide (NO2),Mean,ppb,UHF34,204,East New York,Summer 2015,2015-06-01,13.88,,2015,6,2,2
334325,365,Fine particles (PM 2.5),Mean,mcg/m3,CD,406,Rego Park and Forest Hills (CD6),Summer 2015,2015-06-01,9.39,,2015,6,2,2
338305,386,Ozone (O3),Mean,ppb,CD,501,St. George and Stapleton (CD1),Summer 2015,2015-06-01,30.39,,2015,6,2,2
338241,386,Ozone (O3),Mean,ppb,UHF34,305307,Upper East Side-Gramercy,Summer 2015,2015-06-01,26.66,,2015,6,2,2
338220,386,Ozone (O3),Mean,ppb,UHF34,203,Bedford Stuyvesant - Crown Heights,Summer 2015,2015-06-01,31.18,,2015,6,2,2
338201,386,Ozone (O3),Mean,ppb,UHF42,402,West Queens,Summer 2015,2015-06-01,31.57,,2015,6,2,2
336827,375,Nitrogen dioxide (NO2),Mean,ppb,CD,312,Borough Park (CD12),Summer 2015,2015-06-01,14.82,,2015,6,2,2
334070,365,Fine particles (PM 2.5),Mean,mcg/m3,UHF42,502,Stapleton - St. George,Summer 2015,2015-06-01,8.68,,2015,6,2,2
336689,375,Nitrogen dioxide (NO2),Mean,ppb,UHF34,408,Jamaica,Summer 2015,2015-06-01,13.33,,2015,6,2,2
336644,375,Nitrogen dioxide (NO2),Mean,ppb,UHF34,206,Borough Park,Summer 2015,2015-06-01,14.55,,2015,6,2,2
336716,375,Nitrogen dioxide (NO2),Mean,ppb,UHF34,105106107,South Bronx,Summer 2015,2015-06-01,17.36,,2015,6,2,2
334196,365,Fine particles (PM 2.5),Mean,mcg/m3,CD,105,Midtown (CD5),Summer 2015,2015-06-01,13.07,,2015,6,2,2
338261,386,Ozone (O3),Mean,ppb,CD,201,Mott Haven and Melrose (CD1),Summer 2015,2015-06-01,30.79,,2015,6,2,2
338250,386,Ozone (O3),Mean,ppb,CD,102,Greenwich Village and Soho (CD2),Summer 2015,2015-06-01,27.21,,2015,6,2,2
336758,375,Nitrogen dioxide (NO2),Mean,ppb,CD,201,Mott Haven and Melrose (CD1),Summer 2015,2015-06-01,17.41,,2015,6,2,2
336719,375,Nitrogen dioxide (NO2),Mean,ppb,Citywide,1,New York City,Summer 2015,2015-06-01,13.5728,,2015,6,2,2
338248,386,Ozone (O3),Mean,ppb,Citywide,1,New York City,Summer 2015,2015-06-01,31.8377,,2015,6,2,2
338273,386,Ozone (O3),Mean,ppb,CD,301,Greenpoint and Williamsburg (CD1),Summer 2015,2015-06-01,31.01,,2015,6,2,2
338226,386,Ozone (O3),Mean,ppb,UHF34,209,Bensonhurst - Bay Ridge,Summer 2015,2015-06-01,32.83,,2015,6,2,2
338228,386,Ozone (O3),Mean,ppb,UHF34,211,Williamsburg - Bushwick,Summer 2015,2015-06-01,31.1,,2015,6,2,2
334139,365,Fine particles (PM 2.5),Mean,mcg/m3,UHF34,402,West Queens,Summer 2015,2015-06-01,9.98,,2015,6,2,2
336659,375,Nitrogen dioxide (NO2),Mean,ppb,UHF34,211,Williamsburg - Bushwick,Summer 2015,2015-06-01,16.54,,2015,6,2,2
336824,375,Nitrogen dioxide (NO2),Mean,ppb,CD,311,Bensonhurst (CD11),Summer 2015,2015-06-01,13.62,,2015,6,2,2
338199,386,Ozone (O3),Mean,ppb,UHF42,310,Lower Manhattan,Summer 2015,2015-06-01,26.98,,2015,6,2,2
338290,386,Ozone (O3),Mean,ppb,CD,318,Flatlands and Canarsie (CD18),Summer 2015,2015-06-01,34.66,,2015,6,2,2
338289,386,Ozone (O3),Mean,ppb,CD,317,East Flatbush (CD17),Summer 2015,2015-06-01,32.39,,2015,6,2,2
336491,375,Nitrogen dioxide (NO2),Mean,ppb,UHF42,101,Kingsbridge - Riverdale,Summer 2015,2015-06-01,14.28,,2015,6,2,2
338198,386,Ozone (O3),Mean,ppb,UHF42,309,Union Square - Lower East Side,Summer 2015,2015-06-01,27.73,,2015,6,2,2
338263,386,Ozone (O3),Mean,ppb,CD,203,Morrisania and Crotona (CD3),Summer 2015,2015-06-01,30.24,,2015,6,2,2
334085,365,Fine particles (PM 2.5),Mean,mcg/m3,UHF34,103,Fordham - Bronx Pk,Summer 2015,2015-06-01,9.73,,2015,6,2,2
336608,375,Nitrogen dioxide (NO2),Mean,ppb,UHF42,502,Stapleton - St. George,Summer 2015,2015-06-01,10.43,,2015,6,2,2
336764,375,Nitrogen dioxide (NO2),Mean,ppb,CD,203,Morrisania and Crotona (CD3),Summer 2015,2015-06-01,17.23,,2015,6,2,2
338275,386,Ozone (O3),Mean,ppb,CD,303,Bedford Stuyvesant (CD3),Summer 2015,2015-06-01,30.64,,2015,6,2,2
338264,386,Ozone (O3),Mean,ppb,CD,204,Highbridge and Concourse (CD4),Summer 2015,2015-06-01,29.68,,2015,6,2,2
334073,365,Fine particles (PM 2.5),Mean,mcg/m3,UHF42,503,Willowbrook,Summer 2015,2015-06-01,8.94,,2015,6,2,2
336506,375,Nitrogen dioxide (NO2),Mean,ppb,UHF42,106,High Bridge - Morrisania,Summer 2015,2015-06-01,18.15,,2015,6,2,2
338168,386,Ozone (O3),Mean,ppb,Borough,2,Brooklyn,Summer 2015,2015-06-01,32.48,,2015,6,2,2
336527,375,Nitrogen dioxide (NO2),Mean,ppb,UHF42,206,Borough Park,Summer 2015,2015-06-01,14.55,,2015,6,2,2
338214,386,Ozone (O3),Mean,ppb,UHF34,101,Kingsbridge - Riverdale,Summer 2015,2015-06-01,28.72,,2015,6,2,2
336479,375,Nitrogen dioxide (NO2),Mean,ppb,Borough,2,Brooklyn,Summer 2015,2015-06-01,14.09,,2015,6,2,2
336533,375,Nitrogen dioxide (NO2),Mean,ppb,UHF42,208,Canarsie - Flatlands,Summer 2015,2015-06-01,10.77,,2015,6,2,2
338282,386,Ozone (O3),Mean,ppb,CD,310,Bay Ridge and Dyker Heights (CD10),Summer 2015,2015-06-01,31.77,,2015,6,2,2
338284,386,Ozone (O3),Mean,ppb,CD,312,Borough Park (CD12),Summer 2015,2015-06-01,31.98,,2015,6,2,2
338256,386,Ozone (O3),Mean,ppb,CD,108,Upper East Side (CD8),Summer 2015,2015-06-01,28.01,,2015,6,2,2
336665,375,Nitrogen dioxide (NO2),Mean,ppb,UHF34,302,Central Harlem - Morningside Heights,Summer 2015,2015-06-01,19.02,,2015,6,2,2
336662,375,Nitrogen dioxide (NO2),Mean,ppb,UHF34,301,Washington Heights,Summer 2015,2015-06-01,17.27,,2015,6,2,2
338292,386,Ozone (O3),Mean,ppb,CD,402,Woodside and Sunnyside (CD2),Summer 2015,2015-06-01,31.65,,2015,6,2,2
334115,365,Fine particles (PM 2.5),Mean,mcg/m3,UHF34,209,Bensonhurst - Bay Ridge,Summer 2015,2015-06-01,8.95,,2015,6,2,2
338190,386,Ozone (O3),Mean,ppb,UHF42,301,Washington Heights,Summer 2015,2015-06-01,28.95,,2015,6,2,2
334334,365,Fine particles (PM 2.5),Mean,mcg/m3,CD,409,Kew Gardens and Woodhaven (CD9),Summer 2015,2015-06-01,9.17,,2015,6,2,2
334340,365,Fine particles (PM 2.5),Mean,mcg/m3,CD,411,Bayside and Little Neck (CD11),Summer 2015,2015-06-01,9.05,,2015,6,2,2
336683,375,Nitrogen dioxide (NO2),Mean,ppb,UHF34,405,Ridgewood - Forest Hills,Summer 2015,2015-06-01,14.32,,2015,6,2,2
336548,375,Nitrogen dioxide (NO2),Mean,ppb,UHF42,302,Central Harlem - Morningside Heights,Summer 2015,2015-06-01,19.02,,2015,6,2,2
334079,365,Fine particles (PM 2.5),Mean,mcg/m3,UHF34,101,Kingsbridge - Riverdale,Summer 2015,2015-06-01,9.63,,2015,6,2,2
338229,386,Ozone (O3),Mean,ppb,UHF34,301,Washington Heights,Summer 2015,2015-06-01,28.95,,2015,6,2,2
338236,386,Ozone (O3),Mean,ppb,UHF34,405,Ridgewood - Forest Hills,Summer 2015,2015-06-01,31.81,,2015,6,2,2
338219,386,Ozone (O3),Mean,ppb,UHF34,202,Downtown - Heights - Slope,Summer 2015,2015-06-01,29.76,,2015,6,2,2
336632,375,Nitrogen dioxide (NO2),Mean,ppb,UHF34,202,Downtown - Heights - Slope,Summer 2015,2015-06-01,17.42,,2015,6,2,2
336509,375,Nitrogen dioxide (NO2),Mean,ppb,UHF42,107,Hunts Point - Mott Haven,Summer 2015,2015-06-01,16.47,,2015,6,2,2
338172,386,Ozone (O3),Mean,ppb,UHF42,101,Kingsbridge - Riverdale,Summer 2015,2015-06-01,28.72,,2015,6,2,2
334265,365,Fine particles (PM 2.5),Mean,mcg/m3,CD,304,Bushwick (CD4),Summer 2015,2015-06-01,9.64,,2015,6,2,2
334163,365,Fine particles (PM 2.5),Mean,mcg/m3,UHF34,306308,Chelsea-Village,Summer 2015,2015-06-01,11.69,,2015,6,2,2
334160,365,Fine particles (PM 2.5),Mean,mcg/m3,UHF34,305307,Upper East Side-Gramercy,Summer 2015,2015-06-01,11.66,,2015,6,2,2
336704,375,Nitrogen dioxide (NO2),Mean,ppb,UHF34,309310,Union Square-Lower Manhattan,Summer 2015,2015-06-01,21.44,,2015,6,2,2
334109,365,Fine particles (PM 2.5),Mean,mcg/m3,UHF34,207,East Flatbush - Flatbush,Summer 2015,2015-06-01,9.29,,2015,6,2,2
336476,375,Nitrogen dioxide (NO2),Mean,ppb,Borough,1,Bronx,Summer 2015,2015-06-01,15.96,,2015,6,2,2
336710,375,Nitrogen dioxide (NO2),Mean,ppb,UHF34,501502,Northern SI,Summer 2015,2015-06-01,11.37,,2015,6,2,2
338202,386,Ozone (O3),Mean,ppb,UHF42,403,Flushing - Clearview,Summer 2015,2015-06-01,31.88,,2015,6,2,2
336788,375,Nitrogen dioxide (NO2),Mean,ppb,CD,211,Morris Park and Bronxdale (CD11),Summer 2015,2015-06-01,15.65,,2015,6,2,2
334082,365,Fine particles (PM 2.5),Mean,mcg/m3,UHF34,102,Northeast Bronx,Summer 2015,2015-06-01,9.73,,2015,6,2,2
338181,386,Ozone (O3),Mean,ppb,UHF42,203,Bedford Stuyvesant - Crown Heights,Summer 2015,2015-06-01,31.18,,2015,6,2,2
336485,375,Nitrogen dioxide (NO2),Mean,ppb,Borough,4,Queens,Summer 2015,2015-06-01,13.47,,2015,6,2,2
338171,386,Ozone (O3),Mean,ppb,Borough,5,Staten Island,Summer 2015,2015-06-01,32.59,,2015,6,2,2
336836,375,Nitrogen dioxide (NO2),Mean,ppb,CD,315,Sheepshead Bay (CD15),Summer 2015,2015-06-01,11.38,,2015,6,2,2
334175,365,Fine particles (PM 2.5),Mean,mcg/m3,UHF34,503504,Southern SI,Summer 2015,2015-06-01,8.62,,2015,6,2,2
336878,375,Nitrogen dioxide (NO2),Mean,ppb,CD,411,Bayside and Little Neck (CD11),Summer 2015,2015-06-01,12.98,,2015,6,2,2
338212,386,Ozone (O3),Mean,ppb,UHF42,503,Willowbrook,Summer 2015,2015-06-01,31.66,,2015,6,2,2
338192,386,Ozone (O3),Mean,ppb,UHF42,303,East Harlem,Summer 2015,2015-06-01,29.58,,2015,6,2,2
338302,386,Ozone (O3),Mean,ppb,CD,412,Jamaica and Hollis (CD12),Summer 2015,2015-06-01,32.18,,2015,6,2,2
336518,375,Nitrogen dioxide (NO2),Mean,ppb,UHF42,203,Bedford Stuyvesant - Crown Heights,Summer 2015,2015-06-01,15.97,,2015,6,2,2
336581,375,Nitrogen dioxide (NO2),Mean,ppb,UHF42,403,Flushing - Clearview,Summer 2015,2015-06-01,14.46,,2015,6,2,2
338242,386,Ozone (O3),Mean,ppb,UHF34,306308,Chelsea-Village,Summer 2015,2015-06-01,26.52,,2015,6,2,2
338235,386,Ozone (O3),Mean,ppb,UHF34,403,Flushing - Clearview,Summer 2015,2015-06-01,31.88,,2015,6,2,2
336635,375,Nitrogen dioxide (NO2),Mean,ppb,UHF34,203,Bedford Stuyvesant - Crown Heights,Summer 2015,2015-06-01,15.97,,2015,6,2,2
336626,375,Nitrogen dioxide (NO2),Mean,ppb,UHF34,104,Pelham - Throgs Neck,Summer 2015,2015-06-01,15.12,,2015,6,2,2
334001,365,Fine particles (PM 2.5),Mean,mcg/m3,UHF42,210,Coney Island - Sheepshead Bay,Summer 2015,2015-06-01,8.75,,2015,6,2,2
334268,365,Fine particles (PM 2.5),Mean,mcg/m3,CD,305,East New York and Starrett City (CD5),Summer 2015,2015-06-01,9.48,,2015,6,2,2
334052,365,Fine particles (PM 2.5),Mean,mcg/m3,UHF42,406,Fresh Meadows,Summer 2015,2015-06-01,9.07,,2015,6,2,2
336686,375,Nitrogen dioxide (NO2),Mean,ppb,UHF34,407,Southwest Queens,Summer 2015,2015-06-01,13.43,,2015,6,2,2
338196,386,Ozone (O3),Mean,ppb,UHF42,307,Gramercy Park - Murray Hill,Summer 2015,2015-06-01,25.06,,2015,6,2,2
334262,365,Fine particles (PM 2.5),Mean,mcg/m3,CD,303,Bedford Stuyvesant (CD3),Summer 2015,2015-06-01,9.59,,2015,6,2,2
334331,365,Fine particles (PM 2.5),Mean,mcg/m3,CD,408,Hillcrest and Fresh Meadows (CD8),Summer 2015,2015-06-01,9.06,,2015,6,2,2
336818,375,Nitrogen dioxide (NO2),Mean,ppb,CD,309,South Crown Heights and Lefferts Gardens (CD9),Summer 2015,2015-06-01,15.88,,2015,6,2,2
336872,375,Nitrogen dioxide (NO2),Mean,ppb,CD,409,Kew Gardens and Woodhaven (CD9),Summer 2015,2015-06-01,14.39,,2015,6,2,2
338211,386,Ozone (O3),Mean,ppb,UHF42,502,Stapleton - St. George,Summer 2015,2015-06-01,31.84,,2015,6,2,2
336782,375,Nitrogen dioxide (NO2),Mean,ppb,CD,209,Parkchester and Soundview (CD9),Summer 2015,2015-06-01,15.82,,2015,6,2,2
338301,386,Ozone (O3),Mean,ppb,CD,411,Bayside and Little Neck (CD11),Summer 2015,2015-06-01,31.36,,2015,6,2,2
336602,375,Nitrogen dioxide (NO2),Mean,ppb,UHF42,410,Rockaways,Summer 2015,2015-06-01,6.99,,2015,6,2,2
338245,386,Ozone (O3),Mean,ppb,UHF34,501502,Northern SI,Summer 2015,2015-06-01,31.19,,2015,6,2,2
336695,375,Nitrogen dioxide (NO2),Mean,ppb,UHF34,410,Rockaways,Summer 2015,2015-06-01,6.99,,2015,6,2,2
338243,386,Ozone (O3),Mean,ppb,UHF34,309310,Union Square-Lower Manhattan,Summer 2015,2015-06-01,27.49,,2015,6,2,2
336512,375,Nitrogen dioxide (NO2),Mean,ppb,UHF42,201,Greenpoint,Summer 2015,2015-06-01,17.04,,2015,6,2,2
336656,375,Nitrogen dioxide (NO2),Mean,ppb,UHF34,210,Coney Island - Sheepshead Bay,Summer 2015,2015-06-01,11.07,,2015,6,2,2
333953,365,Fine particles (PM 2.5),Mean,mcg/m3,UHF42,101,Kingsbridge - Riverdale,Summer 2015,2015-06-01,9.63,,2015,6,2,2
338240,386,Ozone (O3),Mean,ppb,UHF34,410,Rockaways,Summer 2015,2015-06-01,37.44,,2015,6,2,2
334112,365,Fine particles (PM 2.5),Mean,mcg/m3,UHF34,208,Canarsie - Flatlands,Summer 2015,2015-06-01,8.97,,2015,6,2,2
334007,365,Fine particles (PM 2.5),Mean,mcg/m3,UHF42,301,Washington Heights,Summer 2015,2015-06-01,9.91,,2015,6,2,2
334208,365,Fine particles (PM 2.5),Mean,mcg/m3,CD,109,Morningside Heights and Hamilton Heights (CD9),Summer 2015,2015-06-01,10.04,,2015,6,2,2
336629,375,Nitrogen dioxide (NO2),Mean,ppb,UHF34,201,Greenpoint,Summer 2015,2015-06-01,17.04,,2015,6,2,2
333974,365,Fine particles (PM 2.5),Mean,mcg/m3,UHF42,201,Greenpoint,Summer 2015,2015-06-01,11.0,,2015,6,2,2
336737,375,Nitrogen dioxide (NO2),Mean,ppb,CD,106,Stuyvesant Town and Turtle Bay (CD6),Summer 2015,2015-06-01,25.57,,2015,6,2,2
336815,375,Nitrogen dioxide (NO2),Mean,ppb,CD,308,Crown Heights and Prospect Heights (CD8),Summer 2015,2015-06-01,16.55,,2015,6,2,2
334349,365,Fine particles (PM 2.5),Mean,mcg/m3,CD,414,Rockaway and Broad Channel (CD14),Summer 2015,2015-06-01,8.28,,2015,6,2,2
336692,375,Nitrogen dioxide (NO2),Mean,ppb,UHF34,409,Southeast Queens,Summer 2015,2015-06-01,12.04,,2015,6,2,2
336707,375,Nitrogen dioxide (NO2),Mean,ppb,UHF34,404406,Bayside Little Neck-Fresh Meadows,Summer 2015,2015-06-01,13.18,,2015,6,2,2
334328,365,Fine particles (PM 2.5),Mean,mcg/m3,CD,407,Flushing and Whitestone (CD7),Summer 2015,2015-06-01,9.36,,2015,6,2,2
336578,375,Nitrogen dioxide (NO2),Mean,ppb,UHF42,402,West Queens,Summer 2015,2015-06-01,16.3,,2015,6,2,2
334097,365,Fine particles (PM 2.5),Mean,mcg/m3,UHF34,203,Bedford Stuyvesant - Crown Heights,Summer 2015,2015-06-01,9.49,,2015,6,2,2
334088,365,Fine particles (PM 2.5),Mean,mcg/m3,UHF34,104,Pelham - Throgs Neck,Summer 2015,2015-06-01,9.68,,2015,6,2,2
336869,375,Nitrogen dioxide (NO2),Mean,ppb,CD,408,Hillcrest and Fresh Meadows (CD8),Summer 2015,2015-06-01,13.5,,2015,6,2,2
334202,365,Fine particles (PM 2.5),Mean,mcg/m3,CD,107,Upper West Side (CD7),Summer 2015,2015-06-01,10.39,,2015,6,2,2
333950,365,Fine particles (PM 2.5),Mean,mcg/m3,Borough,5,Staten Island,Summer 2015,2015-06-01,8.68,,2015,6,2,2
334217,365,Fine particles (PM 2.5),Mean,mcg/m3,CD,112,Washington Heights and Inwood (CD12),Summer 2015,2015-06-01,9.9,,2015,6,2,2
334283,365,Fine particles (PM 2.5),Mean,mcg/m3,CD,310,Bay Ridge and Dyker Heights (CD10),Summer 2015,2015-06-01,9.15,,2015,6,2,2
334091,365,Fine particles (PM 2.5),Mean,mcg/m3,UHF34,201,Greenpoint,Summer 2015,2015-06-01,11.0,,2015,6,2,2
333938,365,Fine particles (PM 2.5),Mean,mcg/m3,Borough,1,Bronx,Summer 2015,2015-06-01,9.9,,2015,6,2,2
334004,365,Fine particles (PM 2.5),Mean,mcg/m3,UHF42,211,Williamsburg - Bushwick,Summer 2015,2015-06-01,10.2,,2015,6,2,2
333971,365,Fine particles (PM 2.5),Mean,mcg/m3,UHF42,107,Hunts Point - Mott Haven,Summer 2015,2015-06-01,10.35,,2015,6,2,2
338291,386,Ozone (O3),Mean,ppb,CD,401,Long Island City and Astoria (CD1),Summer 2015,2015-06-01,31.83,,2015,6,2,2
336614,375,Nitrogen dioxide (NO2),Mean,ppb,UHF42,504,South Beach - Tottenville,Summer 2015,2015-06-01,6.69,,2015,6,2,2
338255,386,Ozone (O3),Mean,ppb,CD,107,Upper West Side (CD7),Summer 2015,2015-06-01,28.13,,2015,6,2,2
333983,365,Fine particles (PM 2.5),Mean,mcg/m3,UHF42,204,East New York,Summer 2015,2015-06-01,9.52,,2015,6,2,2
333962,365,Fine particles (PM 2.5),Mean,mcg/m3,UHF42,104,Pelham - Throgs Neck,Summer 2015,2015-06-01,9.68,,2015,6,2,2
334010,365,Fine particles (PM 2.5),Mean,mcg/m3,UHF42,302,Central Harlem - Morningside Heights,Summer 2015,2015-06-01,9.99,,2015,6,2,2
336722,375,Nitrogen dioxide (NO2),Mean,ppb,CD,101,Financial District (CD1),Summer 2015,2015-06-01,23.01,,2015,6,2,2
334127,365,Fine particles (PM 2.5),Mean,mcg/m3,UHF34,302,Central Harlem - Morningside Heights,Summer 2015,2015-06-01,9.99,,2015,6,2,2
338262,386,Ozone (O3),Mean,ppb,CD,202,Hunts Point and Longwood (CD2),Summer 2015,2015-06-01,31.83,,2015,6,2,2
334094,365,Fine particles (PM 2.5),Mean,mcg/m3,UHF34,202,Downtown - Heights - Slope,Summer 2015,2015-06-01,10.29,,2015,6,2,2
334118,365,Fine particles (PM 2.5),Mean,mcg/m3,UHF34,210,Coney Island - Sheepshead Bay,Summer 2015,2015-06-01,8.75,,2015,6,2,2
338231,386,Ozone (O3),Mean,ppb,UHF34,303,East Harlem,Summer 2015,2015-06-01,29.58,,2015,6,2,2
628901,653,Asthma emergency departments visits due to Ozone,Estimated annual rate (under age 18),"per 100,000 children",UHF42,405,Ridgewood - Forest Hills,2015-2017,2015-01-01,43.3,,2015,1,1,2
628987,655,Asthma hospitalizations due to Ozone,Estimated annual rate (under age 18),"per 100,000 children",UHF42,305,Upper East Side,2015-2017,2015-01-01,5.6,,2015,1,1,2
628997,655,Asthma hospitalizations due to Ozone,Estimated annual rate (under age 18),"per 100,000 children",UHF42,405,Ridgewood - Forest Hills,2015-2017,2015-01-01,10.0,,2015,1,1,2
628482,657,Asthma emergency department visits due to PM2.5,Estimated annual rate (age 18+),"per 100,000 adults",Borough,3,Manhattan,2015-2017,2015-01-01,34.8,,2015,1,1,2
179806,640,Boiler Emissions- Total SO2 Emissions,Number per km2,number,UHF42,305,Upper East Side,2015,2015-01-01,39.4,,2015,1,1,2
628590,651,Cardiovascular hospitalizations due to PM2.5 (age 40+),Estimated annual rate,"per 100,000 adults",UHF42,203,Bedford Stuyvesant - Crown Heights,2015-2017,2015-01-01,22.3,,2015,1,1,2
628599,651,Cardiovascular hospitalizations due to PM2.5 (age 40+),Estimated annual rate,"per 100,000 adults",UHF42,301,Washington Heights,2015-2017,2015-01-01,17.1,,2015,1,1,2
628425,639,Deaths due to PM2.5,Estimated annual rate (age 30+),"per 100,000 adults",UHF42,409,Southeast Queens,2015-2017,2015-01-01,26.3,,2015,1,1,2
628592,651,Cardiovascular hospitalizations due to PM2.5 (age 40+),Estimated annual rate,"per 100,000 adults",UHF42,205,Sunset Park,2015-2017,2015-01-01,12.4,,2015,1,1,2
628609,651,Cardiovascular hospitalizations due to PM2.5 (age 40+),Estimated annual rate,"per 100,000 adults",UHF42,401,Long Island City - Astoria,2015-2017,2015-01-01,14.7,,2015,1,1,2
336625,375,Nitrogen dioxide (NO2),Mean,ppb,UHF34,104,Pelham - Throgs Neck,Annual Average 2015,2015-01-01,19.36,,2015,1,1,2
336523,375,Nitrogen dioxide (NO2),Mean,ppb,UHF42,205,Sunset Park,Annual Average 2015,2015-01-01,19.71,,2015,1,1,2
336556,375,Nitrogen dioxide (NO2),Mean,ppb,UHF42,305,Upper East Side,Annual Average 2015,2015-01-01,25.67,,2015,1,1,2
336580,375,Nitrogen dioxide (NO2),Mean,ppb,UHF42,403,Flushing - Clearview,Annual Average 2015,2015-01-01,19.09,,2015,1,1,2
336628,375,Nitrogen dioxide (NO2),Mean,ppb,UHF34,201,Greenpoint,Annual Average 2015,2015-01-01,21.69,,2015,1,1,2
179786,640,Boiler Emissions- Total SO2 Emissions,Number per km2,number,UHF42,211,Williamsburg - Bushwick,2015,2015-01-01,0.3,,2015,1,1,2
629048,661,Asthma hospitalizations due to Ozone,Estimated annual rate (age 18+),"per 100,000 adults",UHF42,408,Jamaica,2015-2017,2015-01-01,4.3,,2015,1,1,2
336517,375,Nitrogen dioxide (NO2),Mean,ppb,UHF42,203,Bedford Stuyvesant - Crown Heights,Annual Average 2015,2015-01-01,20.83,,2015,1,1,2
336718,375,Nitrogen dioxide (NO2),Mean,ppb,Citywide,1,New York City,Annual Average 2015,2015-01-01,18.396,,2015,1,1,2
336709,375,Nitrogen dioxide (NO2),Mean,ppb,UHF34,501502,Northern SI,Annual Average 2015,2015-01-01,16.0,,2015,1,1,2
629039,661,Asthma hospitalizations due to Ozone,Estimated annual rate (age 18+),"per 100,000 adults",UHF42,309,Union Square - Lower East Side,2015-2017,2015-01-01,2.8,,2015,1,1,2
628444,648,Asthma emergency department visits due to PM2.5,Estimated annual rate (under age 18),"per 100,000 children",UHF42,201,Greenpoint,2015-2017,2015-01-01,27.4,,2015,1,1,2
179814,641,Boiler Emissions- Total PM2.5 Emissions,Number per km2,number,UHF42,504,South Beach - Tottenville,2015,2015-01-01,0.0,,2015,1,1,2
179826,641,Boiler Emissions- Total PM2.5 Emissions,Number per km2,number,UHF42,204,East New York,2015,2015-01-01,0.0,,2015,1,1,2
179834,641,Boiler Emissions- Total PM2.5 Emissions,Number per km2,number,UHF42,211,Williamsburg - Bushwick,2015,2015-01-01,0.1,,2015,1,1,2
628543,650,Respiratory hospitalizations due to PM2.5 (age 20+),Estimated annual rate,"per 100,000 adults",UHF42,204,East New York,2015-2017,2015-01-01,13.2,,2015,1,1,2
179718,642,Boiler Emissions- Total NOx Emissions,Number per km2,number,UHF42,504,South Beach - Tottenville,2015,2015-01-01,2.0,,2015,1,1,2
179725,642,Boiler Emissions- Total NOx Emissions,Number per km2,number,UHF42,404,Bayside - Little Neck,2015,2015-01-01,9.8,,2015,1,1,2
179773,640,Boiler Emissions- Total SO2 Emissions,Number per km2,number,UHF42,404,Bayside - Little Neck,2015,2015-01-01,0.9,,2015,1,1,2
336829,375,Nitrogen dioxide (NO2),Mean,ppb,CD,313,Coney Island (CD13),Annual Average 2015,2015-01-01,16.07,,2015,1,1,2
628981,655,Asthma hospitalizations due to Ozone,Estimated annual rate (under age 18),"per 100,000 children",UHF42,210,Coney Island - Sheepshead Bay,2015-2017,2015-01-01,6.7,,2015,1,1,2
628920,659,Asthma emergency departments visits due to Ozone,Estimated annual rate (age 18+),"per 100,000 adults",UHF42,104,Pelham - Throgs Neck,2015-2017,2015-01-01,60.2,,2015,1,1,2
336538,375,Nitrogen dioxide (NO2),Mean,ppb,UHF42,210,Coney Island - Sheepshead Bay,Annual Average 2015,2015-01-01,17.08,,2015,1,1,2
336655,375,Nitrogen dioxide (NO2),Mean,ppb,UHF34,210,Coney Island - Sheepshead Bay,Annual Average 2015,2015-01-01,17.08,,2015,1,1,2
334243,365,Fine particles (PM 2.5),Mean,mcg/m3,CD,209,Parkchester and Soundview (CD9),Annual Average 2015,2015-01-01,8.99,,2015,1,1,2
628418,639,Deaths due to PM2.5,Estimated annual rate (age 30+),"per 100,000 adults",UHF42,402,West Queens,2015-2017,2015-01-01,27.1,,2015,1,1,2
628586,651,Cardiovascular hospitalizations due to PM2.5 (age 40+),Estimated annual rate,"per 100,000 adults",UHF42,106,High Bridge - Morrisania,2015-2017,2015-01-01,23.5,,2015,1,1,2
628935,659,Asthma emergency departments visits due to Ozone,Estimated annual rate (age 18+),"per 100,000 adults",UHF42,301,Washington Heights,2015-2017,2015-01-01,42.6,,2015,1,1,2
334093,365,Fine particles (PM 2.5),Mean,mcg/m3,UHF34,202,Downtown - Heights - Slope,Annual Average 2015,2015-01-01,9.89,,2015,1,1,2
628475,648,Asthma emergency department visits due to PM2.5,Estimated annual rate (under age 18),"per 100,000 children",UHF42,501,Port Richmond,2015-2017,2015-01-01,66.9,,2015,1,1,2
628607,651,Cardiovascular hospitalizations due to PM2.5 (age 40+),Estimated annual rate,"per 100,000 adults",UHF42,309,Union Square - Lower East Side,2015-2017,2015-01-01,15.6,,2015,1,1,2
628618,651,Cardiovascular hospitalizations due to PM2.5 (age 40+),Estimated annual rate,"per 100,000 adults",UHF42,410,Rockaways,2015-2017,2015-01-01,21.0,,2015,1,1,2
628992,655,Asthma hospitalizations due to Ozone,Estimated annual rate (under age 18),"per 100,000 children",UHF42,310,Lower Manhattan,2015-2017,2015-01-01,5.8,,2015,1,1,2
336697,375,Nitrogen dioxide (NO2),Mean,ppb,UHF34,305307,Upper East Side-Gramercy,Annual Average 2015,2015-01-01,28.28,,2015,1,1,2
628991,655,Asthma hospitalizations due to Ozone,Estimated annual rate (under age 18),"per 100,000 children",UHF42,309,Union Square - Lower East Side,2015-2017,2015-01-01,15.5,,2015,1,1,2
628874,653,Asthma emergency departments visits due to Ozone,Estimated annual rate (under age 18),"per 100,000 children",UHF42,106,High Bridge - Morrisania,2015-2017,2015-01-01,220.8,,2015,1,1,2
336544,375,Nitrogen dioxide (NO2),Mean,ppb,UHF42,301,Washington Heights,Annual Average 2015,2015-01-01,21.14,,2015,1,1,2
336847,375,Nitrogen dioxide (NO2),Mean,ppb,CD,401,Long Island City and Astoria (CD1),Annual Average 2015,2015-01-01,20.65,,2015,1,1,2
628431,639,Deaths due to PM2.5,Estimated annual rate (age 30+),"per 100,000 adults",Citywide,1,New York City,2015-2017,2015-01-01,37.7,,2015,1,1,2
628483,657,Asthma emergency department visits due to PM2.5,Estimated annual rate (age 18+),"per 100,000 adults",Borough,4,Queens,2015-2017,2015-01-01,17.9,,2015,1,1,2
179781,640,Boiler Emissions- Total SO2 Emissions,Number per km2,number,UHF42,405,Ridgewood - Forest Hills,2015,2015-01-01,1.3,,2015,1,1,2
336850,375,Nitrogen dioxide (NO2),Mean,ppb,CD,402,Woodside and Sunnyside (CD2),Annual Average 2015,2015-01-01,21.21,,2015,1,1,2
628904,653,Asthma emergency departments visits due to Ozone,Estimated annual rate (under age 18),"per 100,000 children",UHF42,408,Jamaica,2015-2017,2015-01-01,105.7,,2015,1,1,2
336700,375,Nitrogen dioxide (NO2),Mean,ppb,UHF34,306308,Chelsea-Village,Annual Average 2015,2015-01-01,28.2,,2015,1,1,2
334087,365,Fine particles (PM 2.5),Mean,mcg/m3,UHF34,104,Pelham - Throgs Neck,Annual Average 2015,2015-01-01,8.93,,2015,1,1,2
334183,365,Fine particles (PM 2.5),Mean,mcg/m3,CD,101,Financial District (CD1),Annual Average 2015,2015-01-01,10.57,,2015,1,1,2
179782,640,Boiler Emissions- Total SO2 Emissions,Number per km2,number,UHF42,210,Coney Island - Sheepshead Bay,2015,2015-01-01,0.7,,2015,1,1,2
179798,640,Boiler Emissions- Total SO2 Emissions,Number per km2,number,UHF42,106,High Bridge - Morrisania,2015,2015-01-01,12.9,,2015,1,1,2
334159,365,Fine particles (PM 2.5),Mean,mcg/m3,UHF34,305307,Upper East Side-Gramercy,Annual Average 2015,2015-01-01,10.91,,2015,1,1,2
334162,365,Fine particles (PM 2.5),Mean,mcg/m3,UHF34,306308,Chelsea-Village,Annual Average 2015,2015-01-01,11.13,,2015,1,1,2
334219,365,Fine particles (PM 2.5),Mean,mcg/m3,CD,201,Mott Haven and Melrose (CD1),Annual Average 2015,2015-01-01,9.93,,2015,1,1,2
628571,650,Respiratory hospitalizations due to PM2.5 (age 20+),Estimated annual rate,"per 100,000 adults",UHF42,501,Port Richmond,2015-2017,2015-01-01,17.4,,2015,1,1,2
628539,650,Respiratory hospitalizations due to PM2.5 (age 20+),Estimated annual rate,"per 100,000 adults",UHF42,107,Hunts Point - Mott Haven,2015-2017,2015-01-01,26.5,,2015,1,1,2
336601,375,Nitrogen dioxide (NO2),Mean,ppb,UHF42,410,Rockaways,Annual Average 2015,2015-01-01,13.55,,2015,1,1,2
628989,655,Asthma hospitalizations due to Ozone,Estimated annual rate (under age 18),"per 100,000 children",UHF42,307,Gramercy Park - Murray Hill,2015-2017,2015-01-01,9.0,,2015,1,1,2
628875,653,Asthma emergency departments visits due to Ozone,Estimated annual rate (under age 18),"per 100,000 children",UHF42,107,Hunts Point - Mott Haven,2015-2017,2015-01-01,225.0,,2015,1,1,2
179788,640,Boiler Emissions- Total SO2 Emissions,Number per km2,number,UHF42,203,Bedford Stuyvesant - Crown Heights,2015,2015-01-01,1.0,,2015,1,1,2
334054,365,Fine particles (PM 2.5),Mean,mcg/m3,UHF42,407,Southwest Queens,Annual Average 2015,2015-01-01,8.05,,2015,1,1,2
334096,365,Fine particles (PM 2.5),Mean,mcg/m3,UHF34,203,Bedford Stuyvesant - Crown Heights,Annual Average 2015,2015-01-01,8.87,,2015,1,1,2
628584,651,Cardiovascular hospitalizations due to PM2.5 (age 40+),Estimated annual rate,"per 100,000 adults",UHF42,104,Pelham - Throgs Neck,2015-2017,2015-01-01,19.2,,2015,1,1,2
628923,659,Asthma emergency departments visits due to Ozone,Estimated annual rate (age 18+),"per 100,000 adults",UHF42,107,Hunts Point - Mott Haven,2015-2017,2015-01-01,130.1,,2015,1,1,2
628580,651,Cardiovascular hospitalizations due to PM2.5 (age 40+),Estimated annual rate,"per 100,000 adults",Borough,5,Staten Island,2015-2017,2015-01-01,17.0,,2015,1,1,2
628930,659,Asthma emergency departments visits due to Ozone,Estimated annual rate (age 18+),"per 100,000 adults",UHF42,207,East Flatbush - Flatbush,2015-2017,2015-01-01,62.8,,2015,1,1,2
628951,659,Asthma emergency departments visits due to Ozone,Estimated annual rate (age 18+),"per 100,000 adults",UHF42,407,Southwest Queens,2015-2017,2015-01-01,28.3,,2015,1,1,2
628931,659,Asthma emergency departments visits due to Ozone,Estimated annual rate (age 18+),"per 100,000 adults",UHF42,208,Canarsie - Flatlands,2015-2017,2015-01-01,48.5,,2015,1,1,2
336757,375,Nitrogen dioxide (NO2),Mean,ppb,CD,201,Mott Haven and Melrose (CD1),Annual Average 2015,2015-01-01,21.8,,2015,1,1,2
334189,365,Fine particles (PM 2.5),Mean,mcg/m3,CD,103,Lower East Side and Chinatown (CD3),Annual Average 2015,2015-01-01,9.95,,2015,1,1,2
628423,639,Deaths due to PM2.5,Estimated annual rate (age 30+),"per 100,000 adults",UHF42,407,Southwest Queens,2015-2017,2015-01-01,27.6,,2015,1,1,2
628615,651,Cardiovascular hospitalizations due to PM2.5 (age 40+),Estimated annual rate,"per 100,000 adults",UHF42,407,Southwest Queens,2015-2017,2015-01-01,18.5,,2015,1,1,2
628606,651,Cardiovascular hospitalizations due to PM2.5 (age 40+),Estimated annual rate,"per 100,000 adults",UHF42,308,Greenwich Village - SoHo,2015-2017,2015-01-01,8.3,,2015,1,1,2
628605,651,Cardiovascular hospitalizations due to PM2.5 (age 40+),Estimated annual rate,"per 100,000 adults",UHF42,307,Gramercy Park - Murray Hill,2015-2017,2015-01-01,12.0,,2015,1,1,2
334060,365,Fine particles (PM 2.5),Mean,mcg/m3,UHF42,409,Southeast Queens,Annual Average 2015,2015-01-01,7.9,,2015,1,1,2
628442,648,Asthma emergency department visits due to PM2.5,Estimated annual rate (under age 18),"per 100,000 children",UHF42,106,High Bridge - Morrisania,2015-2017,2015-01-01,188.6,,2015,1,1,2
336748,375,Nitrogen dioxide (NO2),Mean,ppb,CD,110,Central Harlem (CD10),Annual Average 2015,2015-01-01,23.25,,2015,1,1,2
628404,639,Deaths due to PM2.5,Estimated annual rate (age 30+),"per 100,000 adults",UHF42,209,Bensonhurst - Bay Ridge,2015-2017,2015-01-01,40.5,,2015,1,1,2
336871,375,Nitrogen dioxide (NO2),Mean,ppb,CD,409,Kew Gardens and Woodhaven (CD9),Annual Average 2015,2015-01-01,19.47,,2015,1,1,2
336877,375,Nitrogen dioxide (NO2),Mean,ppb,CD,411,Bayside and Little Neck (CD11),Annual Average 2015,2015-01-01,17.64,,2015,1,1,2
628530,650,Respiratory hospitalizations due to PM2.5 (age 20+),Estimated annual rate,"per 100,000 adults",Borough,3,Manhattan,2015-2017,2015-01-01,9.6,,2015,1,1,2
629054,661,Asthma hospitalizations due to Ozone,Estimated annual rate (age 18+),"per 100,000 adults",UHF42,504,South Beach - Tottenville,2015-2017,2015-01-01,1.7,,2015,1,1,2
628582,651,Cardiovascular hospitalizations due to PM2.5 (age 40+),Estimated annual rate,"per 100,000 adults",UHF42,102,Northeast Bronx,2015-2017,2015-01-01,18.5,,2015,1,1,2
336808,375,Nitrogen dioxide (NO2),Mean,ppb,CD,306,Park Slope and Carroll Gardens (CD6),Annual Average 2015,2015-01-01,21.35,,2015,1,1,2
334252,365,Fine particles (PM 2.5),Mean,mcg/m3,CD,212,Williamsbridge and Baychester (CD12),Annual Average 2015,2015-01-01,9.08,,2015,1,1,2
334246,365,Fine particles (PM 2.5),Mean,mcg/m3,CD,210,Throgs Neck and Co-op City (CD10),Annual Average 2015,2015-01-01,8.96,,2015,1,1,2
334204,365,Fine particles (PM 2.5),Mean,mcg/m3,CD,108,Upper East Side (CD8),Annual Average 2015,2015-01-01,10.22,,2015,1,1,2
334231,365,Fine particles (PM 2.5),Mean,mcg/m3,CD,205,Fordham and University Heights (CD5),Annual Average 2015,2015-01-01,9.85,,2015,1,1,2
628612,651,Cardiovascular hospitalizations due to PM2.5 (age 40+),Estimated annual rate,"per 100,000 adults",UHF42,404,Bayside - Little Neck,2015-2017,2015-01-01,11.7,,2015,1,1,2
336649,375,Nitrogen dioxide (NO2),Mean,ppb,UHF34,208,Canarsie - Flatlands,Annual Average 2015,2015-01-01,16.52,,2015,1,1,2
334327,365,Fine particles (PM 2.5),Mean,mcg/m3,CD,407,Flushing and Whitestone (CD7),Annual Average 2015,2015-01-01,8.48,,2015,1,1,2
334012,365,Fine particles (PM 2.5),Mean,mcg/m3,UHF42,303,East Harlem,Annual Average 2015,2015-01-01,9.51,,2015,1,1,2
628914,659,Asthma emergency departments visits due to Ozone,Estimated annual rate (age 18+),"per 100,000 adults",Borough,3,Manhattan,2015-2017,2015-01-01,45.0,,2015,1,1,2
628932,659,Asthma emergency departments visits due to Ozone,Estimated annual rate (age 18+),"per 100,000 adults",UHF42,209,Bensonhurst - Bay Ridge,2015-2017,2015-01-01,12.8,,2015,1,1,2
334018,365,Fine particles (PM 2.5),Mean,mcg/m3,UHF42,305,Upper East Side,Annual Average 2015,2015-01-01,10.2,,2015,1,1,2
628982,655,Asthma hospitalizations due to Ozone,Estimated annual rate (under age 18),"per 100,000 children",UHF42,211,Williamsburg - Bushwick,2015-2017,2015-01-01,20.5,,2015,1,1,2
179794,640,Boiler Emissions- Total SO2 Emissions,Number per km2,number,UHF42,101,Kingsbridge - Riverdale,2015,2015-01-01,9.1,,2015,1,1,2
628568,650,Respiratory hospitalizations due to PM2.5 (age 20+),Estimated annual rate,"per 100,000 adults",UHF42,408,Jamaica,2015-2017,2015-01-01,10.5,,2015,1,1,2
628953,659,Asthma emergency departments visits due to Ozone,Estimated annual rate (age 18+),"per 100,000 adults",UHF42,409,Southeast Queens,2015-2017,2015-01-01,28.9,,2015,1,1,2
334339,365,Fine particles (PM 2.5),Mean,mcg/m3,CD,411,Bayside and Little Neck (CD11),Annual Average 2015,2015-01-01,8.22,,2015,1,1,2
334333,365,Fine particles (PM 2.5),Mean,mcg/m3,CD,409,Kew Gardens and Woodhaven (CD9),Annual Average 2015,2015-01-01,8.29,,2015,1,1,2
629028,661,Asthma hospitalizations due to Ozone,Estimated annual rate (age 18+),"per 100,000 adults",UHF42,209,Bensonhurst - Bay Ridge,2015-2017,2015-01-01,1.4,,2015,1,1,2
336790,375,Nitrogen dioxide (NO2),Mean,ppb,CD,212,Williamsbridge and Baychester (CD12),Annual Average 2015,2015-01-01,18.97,,2015,1,1,2
334264,365,Fine particles (PM 2.5),Mean,mcg/m3,CD,304,Bushwick (CD4),Annual Average 2015,2015-01-01,8.98,,2015,1,1,2
336685,375,Nitrogen dioxide (NO2),Mean,ppb,UHF34,407,Southwest Queens,Annual Average 2015,2015-01-01,18.68,,2015,1,1,2
628528,650,Respiratory hospitalizations due to PM2.5 (age 20+),Estimated annual rate,"per 100,000 adults",Borough,1,Bronx,2015-2017,2015-01-01,19.6,,2015,1,1,2
628567,650,Respiratory hospitalizations due to PM2.5 (age 20+),Estimated annual rate,"per 100,000 adults",UHF42,407,Southwest Queens,2015-2017,2015-01-01,9.0,,2015,1,1,2
628421,639,Deaths due to PM2.5,Estimated annual rate (age 30+),"per 100,000 adults",UHF42,405,Ridgewood - Forest Hills,2015-2017,2015-01-01,34.7,,2015,1,1,2
628464,648,Asthma emergency department visits due to PM2.5,Estimated annual rate (under age 18),"per 100,000 children",UHF42,310,Lower Manhattan,2015-2017,2015-01-01,35.4,,2015,1,1,2
628975,655,Asthma hospitalizations due to Ozone,Estimated annual rate (under age 18),"per 100,000 children",UHF42,204,East New York,2015-2017,2015-01-01,34.4,,2015,1,1,2
336859,375,Nitrogen dioxide (NO2),Mean,ppb,CD,405,Ridgewood and Maspeth (CD5),Annual Average 2015,2015-01-01,19.37,,2015,1,1,2
336805,375,Nitrogen dioxide (NO2),Mean,ppb,CD,305,East New York and Starrett City (CD5),Annual Average 2015,2015-01-01,18.71,,2015,1,1,2
336607,375,Nitrogen dioxide (NO2),Mean,ppb,UHF42,502,Stapleton - St. George,Annual Average 2015,2015-01-01,15.28,,2015,1,1,2
628879,653,Asthma emergency departments visits due to Ozone,Estimated annual rate (under age 18),"per 100,000 children",UHF42,204,East New York,2015-2017,2015-01-01,163.6,,2015,1,1,2
629159,652,Cardiac and respiratory deaths due to Ozone,Estimated annual rate,"per 100,000",UHF42,103,Fordham - Bronx Pk,2015-2017,2015-01-01,4.0,,2015,1,1,2
628936,659,Asthma emergency departments visits due to Ozone,Estimated annual rate (age 18+),"per 100,000 adults",UHF42,302,Central Harlem - Morningside Heights,2015-2017,2015-01-01,121.4,,2015,1,1,2
336694,375,Nitrogen dioxide (NO2),Mean,ppb,UHF34,410,Rockaways,Annual Average 2015,2015-01-01,13.55,,2015,1,1,2
628905,653,Asthma emergency departments visits due to Ozone,Estimated annual rate (under age 18),"per 100,000 children",UHF42,409,Southeast Queens,2015-2017,2015-01-01,60.1,,2015,1,1,2
336772,375,Nitrogen dioxide (NO2),Mean,ppb,CD,206,Belmont and East Tremont (CD6),Annual Average 2015,2015-01-01,21.41,,2015,1,1,2
628478,648,Asthma emergency department visits due to PM2.5,Estimated annual rate (under age 18),"per 100,000 children",UHF42,504,South Beach - Tottenville,2015-2017,2015-01-01,13.7,,2015,1,1,2
628868,653,Asthma emergency departments visits due to Ozone,Estimated annual rate (under age 18),"per 100,000 children",Borough,5,Staten Island,2015-2017,2015-01-01,52.0,,2015,1,1,2
334057,365,Fine particles (PM 2.5),Mean,mcg/m3,UHF42,408,Jamaica,Annual Average 2015,2015-01-01,8.2,,2015,1,1,2
628574,650,Respiratory hospitalizations due to PM2.5 (age 20+),Estimated annual rate,"per 100,000 adults",UHF42,504,South Beach - Tottenville,2015-2017,2015-01-01,12.9,,2015,1,1,2
629188,652,Cardiac and respiratory deaths due to Ozone,Estimated annual rate,"per 100,000",UHF42,404,Bayside - Little Neck,2015-2017,2015-01-01,5.3,,2015,1,1,2
336652,375,Nitrogen dioxide (NO2),Mean,ppb,UHF34,209,Bensonhurst - Bay Ridge,Annual Average 2015,2015-01-01,18.62,,2015,1,1,2
629174,652,Cardiac and respiratory deaths due to Ozone,Estimated annual rate,"per 100,000",UHF42,211,Williamsburg - Bushwick,2015-2017,2015-01-01,3.7,,2015,1,1,2
628964,655,Asthma hospitalizations due to Ozone,Estimated annual rate (under age 18),"per 100,000 children",Borough,5,Staten Island,2015-2017,2015-01-01,11.2,,2015,1,1,2
629026,661,Asthma hospitalizations due to Ozone,Estimated annual rate (age 18+),"per 100,000 adults",UHF42,207,East Flatbush - Flatbush,2015-2017,2015-01-01,3.8,,2015,1,1,2
336658,375,Nitrogen dioxide (NO2),Mean,ppb,UHF34,211,Williamsburg - Bushwick,Annual Average 2015,2015-01-01,21.27,,2015,1,1,2
336766,375,Nitrogen dioxide (NO2),Mean,ppb,CD,204,Highbridge and Concourse (CD4),Annual Average 2015,2015-01-01,22.44,,2015,1,1,2
336487,375,Nitrogen dioxide (NO2),Mean,ppb,Borough,5,Staten Island,Annual Average 2015,2015-01-01,13.72,,2015,1,1,2
334090,365,Fine particles (PM 2.5),Mean,mcg/m3,UHF34,201,Greenpoint,Annual Average 2015,2015-01-01,10.49,,2015,1,1,2
628900,653,Asthma emergency departments visits due to Ozone,Estimated annual rate (under age 18),"per 100,000 children",UHF42,404,Bayside - Little Neck,2015-2017,2015-01-01,19.0,,2015,1,1,2
179807,640,Boiler Emissions- Total SO2 Emissions,Number per km2,number,UHF42,307,Gramercy Park - Murray Hill,2015,2015-01-01,41.5,,2015,1,1,2
628866,653,Asthma emergency departments visits due to Ozone,Estimated annual rate (under age 18),"per 100,000 children",Borough,3,Manhattan,2015-2017,2015-01-01,113.3,,2015,1,1,2
629008,661,Asthma hospitalizations due to Ozone,Estimated annual rate (age 18+),"per 100,000 adults",Borough,1,Bronx,2015-2017,2015-01-01,9.1,,2015,1,1,2
179778,640,Boiler Emissions- Total SO2 Emissions,Number per km2,number,UHF42,204,East New York,2015,2015-01-01,0.1,,2015,1,1,2
334021,365,Fine particles (PM 2.5),Mean,mcg/m3,UHF42,306,Chelsea - Clinton,Annual Average 2015,2015-01-01,11.39,,2015,1,1,2
628396,639,Deaths due to PM2.5,Estimated annual rate (age 30+),"per 100,000 adults",UHF42,201,Greenpoint,2015-2017,2015-01-01,29.9,,2015,1,1,2
628949,659,Asthma emergency departments visits due to Ozone,Estimated annual rate (age 18+),"per 100,000 adults",UHF42,405,Ridgewood - Forest Hills,2015-2017,2015-01-01,18.4,,2015,1,1,2
336820,375,Nitrogen dioxide (NO2),Mean,ppb,CD,310,Bay Ridge and Dyker Heights (CD10),Annual Average 2015,2015-01-01,19.16,,2015,1,1,2
336826,375,Nitrogen dioxide (NO2),Mean,ppb,CD,312,Borough Park (CD12),Annual Average 2015,2015-01-01,19.93,,2015,1,1,2
628937,659,Asthma emergency departments visits due to Ozone,Estimated annual rate (age 18+),"per 100,000 adults",UHF42,303,East Harlem,2015-2017,2015-01-01,141.5,,2015,1,1,2
629198,652,Cardiac and respiratory deaths due to Ozone,Estimated annual rate,"per 100,000",UHF42,504,South Beach - Tottenville,2015-2017,2015-01-01,7.7,,2015,1,1,2
628427,639,Deaths due to PM2.5,Estimated annual rate (age 30+),"per 100,000 adults",UHF42,501,Port Richmond,2015-2017,2015-01-01,41.9,,2015,1,1,2
336574,375,Nitrogen dioxide (NO2),Mean,ppb,UHF42,401,Long Island City - Astoria,Annual Average 2015,2015-01-01,21.39,,2015,1,1,2
628470,648,Asthma emergency department visits due to PM2.5,Estimated annual rate (under age 18),"per 100,000 children",UHF42,406,Fresh Meadows,2015-2017,2015-01-01,36.2,,2015,1,1,2
334267,365,Fine particles (PM 2.5),Mean,mcg/m3,CD,305,East New York and Starrett City (CD5),Annual Average 2015,2015-01-01,8.66,,2015,1,1,2
628460,648,Asthma emergency department visits due to PM2.5,Estimated annual rate (under age 18),"per 100,000 children",UHF42,306,Chelsea - Clinton,2015-2017,2015-01-01,53.6,,2015,1,1,2
179766,640,Boiler Emissions- Total SO2 Emissions,Number per km2,number,UHF42,504,South Beach - Tottenville,2015,2015-01-01,0.0,,2015,1,1,2
629053,661,Asthma hospitalizations due to Ozone,Estimated annual rate (age 18+),"per 100,000 adults",UHF42,503,Willowbrook,2015-2017,2015-01-01,2.6,,2015,1,1,2
629180,652,Cardiac and respiratory deaths due to Ozone,Estimated annual rate,"per 100,000",UHF42,306,Chelsea - Clinton,2015-2017,2015-01-01,3.4,,2015,1,1,2
629045,661,Asthma hospitalizations due to Ozone,Estimated annual rate (age 18+),"per 100,000 adults",UHF42,405,Ridgewood - Forest Hills,2015-2017,2015-01-01,1.9,,2015,1,1,2
179825,641,Boiler Emissions- Total PM2.5 Emissions,Number per km2,number,UHF42,406,Fresh Meadows,2015,2015-01-01,0.4,,2015,1,1,2
628466,648,Asthma emergency department visits due to PM2.5,Estimated annual rate (under age 18),"per 100,000 children",UHF42,402,West Queens,2015-2017,2015-01-01,60.2,,2015,1,1,2
334168,365,Fine particles (PM 2.5),Mean,mcg/m3,UHF34,404406,Bayside Little Neck-Fresh Meadows,Annual Average 2015,2015-01-01,8.23,,2015,1,1,2
336778,375,Nitrogen dioxide (NO2),Mean,ppb,CD,208,Riverdale and Fieldston (CD8),Annual Average 2015,2015-01-01,17.83,,2015,1,1,2
336610,375,Nitrogen dioxide (NO2),Mean,ppb,UHF42,503,Willowbrook,Annual Average 2015,2015-01-01,14.21,,2015,1,1,2
336862,375,Nitrogen dioxide (NO2),Mean,ppb,CD,406,Rego Park and Forest Hills (CD6),Annual Average 2015,2015-01-01,20.01,,2015,1,1,2
628453,648,Asthma emergency department visits due to PM2.5,Estimated annual rate (under age 18),"per 100,000 children",UHF42,210,Coney Island - Sheepshead Bay,2015-2017,2015-01-01,31.4,,2015,1,1,2
179829,641,Boiler Emissions- Total PM2.5 Emissions,Number per km2,number,UHF42,405,Ridgewood - Forest Hills,2015,2015-01-01,0.2,,2015,1,1,2
629160,652,Cardiac and respiratory deaths due to Ozone,Estimated annual rate,"per 100,000",UHF42,104,Pelham - Throgs Neck,2015-2017,2015-01-01,4.8,,2015,1,1,2
179809,640,Boiler Emissions- Total SO2 Emissions,Number per km2,number,Borough,3,Manhattan,2015,2015-01-01,26.8,,2015,1,1,2
629167,652,Cardiac and respiratory deaths due to Ozone,Estimated annual rate,"per 100,000",UHF42,204,East New York,2015-2017,2015-01-01,4.1,,2015,1,1,2
628449,648,Asthma emergency department visits due to PM2.5,Estimated annual rate (under age 18),"per 100,000 children",UHF42,206,Borough Park,2015-2017,2015-01-01,15.8,,2015,1,1,2
334192,365,Fine particles (PM 2.5),Mean,mcg/m3,CD,104,Clinton and Chelsea (CD4),Annual Average 2015,2015-01-01,10.91,,2015,1,1,2
179828,641,Boiler Emissions- Total PM2.5 Emissions,Number per km2,number,UHF42,201,Greenpoint,2015,2015-01-01,0.0,,2015,1,1,2
629181,652,Cardiac and respiratory deaths due to Ozone,Estimated annual rate,"per 100,000",UHF42,307,Gramercy Park - Murray Hill,2015-2017,2015-01-01,3.6,,2015,1,1,2
628529,650,Respiratory hospitalizations due to PM2.5 (age 20+),Estimated annual rate,"per 100,000 adults",Borough,2,Brooklyn,2015-2017,2015-01-01,10.5,,2015,1,1,2
628570,650,Respiratory hospitalizations due to PM2.5 (age 20+),Estimated annual rate,"per 100,000 adults",UHF42,410,Rockaways,2015-2017,2015-01-01,16.9,,2015,1,1,2
629182,652,Cardiac and respiratory deaths due to Ozone,Estimated annual rate,"per 100,000",UHF42,308,Greenwich Village - SoHo,2015-2017,2015-01-01,2.9,,2015,1,1,2
629191,652,Cardiac and respiratory deaths due to Ozone,Estimated annual rate,"per 100,000",UHF42,407,Southwest Queens,2015-2017,2015-01-01,3.8,,2015,1,1,2
336589,375,Nitrogen dioxide (NO2),Mean,ppb,UHF42,406,Fresh Meadows,Annual Average 2015,2015-01-01,18.78,,2015,1,1,2
336673,375,Nitrogen dioxide (NO2),Mean,ppb,UHF34,401,Long Island City - Astoria,Annual Average 2015,2015-01-01,21.39,,2015,1,1,2
628428,639,Deaths due to PM2.5,Estimated annual rate (age 30+),"per 100,000 adults",UHF42,502,Stapleton - St. George,2015-2017,2015-01-01,50.0,,2015,1,1,2
179754,642,Boiler Emissions- Total NOx Emissions,Number per km2,number,UHF42,309,Union Square - Lower East Side,2015,2015-01-01,117.5,,2015,1,1,2
179850,641,Boiler Emissions- Total PM2.5 Emissions,Number per km2,number,UHF42,309,Union Square - Lower East Side,2015,2015-01-01,2.0,,2015,1,1,2
334285,365,Fine particles (PM 2.5),Mean,mcg/m3,CD,311,Bensonhurst (CD11),Annual Average 2015,2015-01-01,8.02,,2015,1,1,2
334081,365,Fine particles (PM 2.5),Mean,mcg/m3,UHF34,102,Northeast Bronx,Annual Average 2015,2015-01-01,9.13,,2015,1,1,2
334213,365,Fine particles (PM 2.5),Mean,mcg/m3,CD,111,East Harlem (CD11),Annual Average 2015,2015-01-01,9.5,,2015,1,1,2
334297,365,Fine particles (PM 2.5),Mean,mcg/m3,CD,315,Sheepshead Bay (CD15),Annual Average 2015,2015-01-01,7.76,,2015,1,1,2
628430,639,Deaths due to PM2.5,Estimated annual rate (age 30+),"per 100,000 adults",UHF42,504,South Beach - Tottenville,2015-2017,2015-01-01,45.9,,2015,1,1,2
334063,365,Fine particles (PM 2.5),Mean,mcg/m3,UHF42,410,Rockaways,Annual Average 2015,2015-01-01,7.16,,2015,1,1,2
334141,365,Fine particles (PM 2.5),Mean,mcg/m3,UHF34,403,Flushing - Clearview,Annual Average 2015,2015-01-01,8.45,,2015,1,1,2
334309,365,Fine particles (PM 2.5),Mean,mcg/m3,CD,401,Long Island City and Astoria (CD1),Annual Average 2015,2015-01-01,8.99,,2015,1,1,2
628387,639,Deaths due to PM2.5,Estimated annual rate (age 30+),"per 100,000 adults",Borough,4,Queens,2015-2017,2015-01-01,31.4,,2015,1,1,2
628927,659,Asthma emergency departments visits due to Ozone,Estimated annual rate (age 18+),"per 100,000 adults",UHF42,204,East New York,2015-2017,2015-01-01,107.8,,2015,1,1,2
628958,659,Asthma emergency departments visits due to Ozone,Estimated annual rate (age 18+),"per 100,000 adults",UHF42,504,South Beach - Tottenville,2015-2017,2015-01-01,13.9,,2015,1,1,2
628934,659,Asthma emergency departments visits due to Ozone,Estimated annual rate (age 18+),"per 100,000 adults",UHF42,211,Williamsburg - Bushwick,2015-2017,2015-01-01,96.7,,2015,1,1,2
179764,642,Boiler Emissions- Total NOx Emissions,Number per km2,number,Borough,4,Queens,2015,2015-01-01,15.6,,2015,1,1,2
628938,659,Asthma emergency departments visits due to Ozone,Estimated annual rate (age 18+),"per 100,000 adults",UHF42,304,Upper West Side,2015-2017,2015-01-01,30.6,,2015,1,1,2
333949,365,Fine particles (PM 2.5),Mean,mcg/m3,Borough,5,Staten Island,Annual Average 2015,2015-01-01,7.69,,2015,1,1,2
334105,365,Fine particles (PM 2.5),Mean,mcg/m3,UHF34,206,Borough Park,Annual Average 2015,2015-01-01,8.44,,2015,1,1,2
334135,365,Fine particles (PM 2.5),Mean,mcg/m3,UHF34,401,Long Island City - Astoria,Annual Average 2015,2015-01-01,9.78,,2015,1,1,2
334015,365,Fine particles (PM 2.5),Mean,mcg/m3,UHF42,304,Upper West Side,Annual Average 2015,2015-01-01,9.78,,2015,1,1,2
629194,652,Cardiac and respiratory deaths due to Ozone,Estimated annual rate,"per 100,000",UHF42,410,Rockaways,2015-2017,2015-01-01,7.7,,2015,1,1,2
336742,375,Nitrogen dioxide (NO2),Mean,ppb,CD,108,Upper East Side (CD8),Annual Average 2015,2015-01-01,25.77,,2015,1,1,2
628918,659,Asthma emergency departments visits due to Ozone,Estimated annual rate (age 18+),"per 100,000 adults",UHF42,102,Northeast Bronx,2015-2017,2015-01-01,66.9,,2015,1,1,2
334102,365,Fine particles (PM 2.5),Mean,mcg/m3,UHF34,205,Sunset Park,Annual Average 2015,2015-01-01,9.45,,2015,1,1,2
336754,375,Nitrogen dioxide (NO2),Mean,ppb,CD,112,Washington Heights and Inwood (CD12),Annual Average 2015,2015-01-01,20.72,,2015,1,1,2
628563,650,Respiratory hospitalizations due to PM2.5 (age 20+),Estimated annual rate,"per 100,000 adults",UHF42,403,Flushing - Clearview,2015-2017,2015-01-01,10.2,,2015,1,1,2
628979,655,Asthma hospitalizations due to Ozone,Estimated annual rate (under age 18),"per 100,000 children",UHF42,208,Canarsie - Flatlands,2015-2017,2015-01-01,19.8,,2015,1,1,2
629184,652,Cardiac and respiratory deaths due to Ozone,Estimated annual rate,"per 100,000",UHF42,310,Lower Manhattan,2015-2017,2015-01-01,2.7,,2015,1,1,2
628903,653,Asthma emergency departments visits due to Ozone,Estimated annual rate (under age 18),"per 100,000 children",UHF42,407,Southwest Queens,2015-2017,2015-01-01,61.2,,2015,1,1,2
336856,375,Nitrogen dioxide (NO2),Mean,ppb,CD,404,Elmhurst and Corona (CD4),Annual Average 2015,2015-01-01,21.87,,2015,1,1,2
179780,640,Boiler Emissions- Total SO2 Emissions,Number per km2,number,UHF42,201,Greenpoint,2015,2015-01-01,0.3,,2015,1,1,2
336844,375,Nitrogen dioxide (NO2),Mean,ppb,CD,318,Flatlands and Canarsie (CD18),Annual Average 2015,2015-01-01,16.61,,2015,1,1,2
628411,639,Deaths due to PM2.5,Estimated annual rate (age 30+),"per 100,000 adults",UHF42,305,Upper East Side,2015-2017,2015-01-01,35.4,,2015,1,1,2
628893,653,Asthma emergency departments visits due to Ozone,Estimated annual rate (under age 18),"per 100,000 children",UHF42,307,Gramercy Park - Murray Hill,2015-2017,2015-01-01,56.6,,2015,1,1,2
336868,375,Nitrogen dioxide (NO2),Mean,ppb,CD,408,Hillcrest and Fresh Meadows (CD8),Annual Average 2015,2015-01-01,18.34,,2015,1,1,2
628410,639,Deaths due to PM2.5,Estimated annual rate (age 30+),"per 100,000 adults",UHF42,304,Upper West Side,2015-2017,2015-01-01,40.5,,2015,1,1,2
628537,650,Respiratory hospitalizations due to PM2.5 (age 20+),Estimated annual rate,"per 100,000 adults",UHF42,105,Crotona -Tremont,2015-2017,2015-01-01,21.4,,2015,1,1,2
628420,639,Deaths due to PM2.5,Estimated annual rate (age 30+),"per 100,000 adults",UHF42,404,Bayside - Little Neck,2015-2017,2015-01-01,29.7,,2015,1,1,2
336802,375,Nitrogen dioxide (NO2),Mean,ppb,CD,304,Bushwick (CD4),Annual Average 2015,2015-01-01,20.34,,2015,1,1,2
628392,639,Deaths due to PM2.5,Estimated annual rate (age 30+),"per 100,000 adults",UHF42,104,Pelham - Throgs Neck,2015-2017,2015-01-01,42.8,,2015,1,1,2
179785,640,Boiler Emissions- Total SO2 Emissions,Number per km2,number,UHF42,209,Bensonhurst - Bay Ridge,2015,2015-01-01,1.2,,2015,1,1,2
628535,650,Respiratory hospitalizations due to PM2.5 (age 20+),Estimated annual rate,"per 100,000 adults",UHF42,103,Fordham - Bronx Pk,2015-2017,2015-01-01,19.4,,2015,1,1,2
179830,641,Boiler Emissions- Total PM2.5 Emissions,Number per km2,number,UHF42,210,Coney Island - Sheepshead Bay,2015,2015-01-01,0.1,,2015,1,1,2
179734,642,Boiler Emissions- Total NOx Emissions,Number per km2,number,UHF42,210,Coney Island - Sheepshead Bay,2015,2015-01-01,23.5,,2015,1,1,2
628400,639,Deaths due to PM2.5,Estimated annual rate (age 30+),"per 100,000 adults",UHF42,205,Sunset Park,2015-2017,2015-01-01,28.0,,2015,1,1,2
628398,639,Deaths due to PM2.5,Estimated annual rate (age 30+),"per 100,000 adults",UHF42,203,Bedford Stuyvesant - Crown Heights,2015-2017,2015-01-01,41.8,,2015,1,1,2
628429,639,Deaths due to PM2.5,Estimated annual rate (age 30+),"per 100,000 adults",UHF42,503,Willowbrook,2015-2017,2015-01-01,48.4,,2015,1,1,2
628391,639,Deaths due to PM2.5,Estimated annual rate (age 30+),"per 100,000 adults",UHF42,103,Fordham - Bronx Pk,2015-2017,2015-01-01,41.4,,2015,1,1,2
334030,365,Fine particles (PM 2.5),Mean,mcg/m3,UHF42,309,Union Square - Lower East Side,Annual Average 2015,2015-01-01,10.06,,2015,1,1,2
336793,375,Nitrogen dioxide (NO2),Mean,ppb,CD,301,Greenpoint and Williamsburg (CD1),Annual Average 2015,2015-01-01,21.66,,2015,1,1,2
334150,365,Fine particles (PM 2.5),Mean,mcg/m3,UHF34,408,Jamaica,Annual Average 2015,2015-01-01,8.2,,2015,1,1,2
179787,640,Boiler Emissions- Total SO2 Emissions,Number per km2,number,UHF42,401,Long Island City - Astoria,2015,2015-01-01,5.0,,2015,1,1,2
336568,375,Nitrogen dioxide (NO2),Mean,ppb,UHF42,309,Union Square - Lower East Side,Annual Average 2015,2015-01-01,24.84,,2015,1,1,2
628484,657,Asthma emergency department visits due to PM2.5,Estimated annual rate (age 18+),"per 100,000 adults",Borough,5,Staten Island,2015-2017,2015-01-01,20.8,,2015,1,1,2
336598,375,Nitrogen dioxide (NO2),Mean,ppb,UHF42,409,Southeast Queens,Annual Average 2015,2015-01-01,17.16,,2015,1,1,2
628502,657,Asthma emergency department visits due to PM2.5,Estimated annual rate (age 18+),"per 100,000 adults",UHF42,211,Williamsburg - Bushwick,2015-2017,2015-01-01,67.3,,2015,1,1,2
179810,640,Boiler Emissions- Total SO2 Emissions,Number per km2,number,Borough,2,Brooklyn,2015,2015-01-01,0.7,,2015,1,1,2
179741,642,Boiler Emissions- Total NOx Emissions,Number per km2,number,UHF42,202,Downtown - Heights - Slope,2015,2015-01-01,32.5,,2015,1,1,2
628389,639,Deaths due to PM2.5,Estimated annual rate (age 30+),"per 100,000 adults",UHF42,101,Kingsbridge - Riverdale,2015-2017,2015-01-01,63.0,,2015,1,1,2
628417,639,Deaths due to PM2.5,Estimated annual rate (age 30+),"per 100,000 adults",UHF42,401,Long Island City - Astoria,2015-2017,2015-01-01,31.4,,2015,1,1,2
179837,641,Boiler Emissions- Total PM2.5 Emissions,Number per km2,number,UHF42,202,Downtown - Heights - Slope,2015,2015-01-01,0.2,,2015,1,1,2
628463,648,Asthma emergency department visits due to PM2.5,Estimated annual rate (under age 18),"per 100,000 children",UHF42,309,Union Square - Lower East Side,2015-2017,2015-01-01,102.2,,2015,1,1,2
336634,375,Nitrogen dioxide (NO2),Mean,ppb,UHF34,203,Bedford Stuyvesant - Crown Heights,Annual Average 2015,2015-01-01,20.83,,2015,1,1,2
179751,642,Boiler Emissions- Total NOx Emissions,Number per km2,number,UHF42,302,Central Harlem - Morningside Heights,2015,2015-01-01,77.8,,2015,1,1,2
628445,648,Asthma emergency department visits due to PM2.5,Estimated annual rate (under age 18),"per 100,000 children",UHF42,202,Downtown - Heights - Slope,2015-2017,2015-01-01,46.4,,2015,1,1,2
179789,640,Boiler Emissions- Total SO2 Emissions,Number per km2,number,UHF42,202,Downtown - Heights - Slope,2015,2015-01-01,1.2,,2015,1,1,2
629025,661,Asthma hospitalizations due to Ozone,Estimated annual rate (age 18+),"per 100,000 adults",UHF42,206,Borough Park,2015-2017,2015-01-01,1.6,,2015,1,1,2
179847,641,Boiler Emissions- Total PM2.5 Emissions,Number per km2,number,UHF42,302,Central Harlem - Morningside Heights,2015,2015-01-01,1.6,,2015,1,1,2
336667,375,Nitrogen dioxide (NO2),Mean,ppb,UHF34,303,East Harlem,Annual Average 2015,2015-01-01,22.99,,2015,1,1,2
336640,375,Nitrogen dioxide (NO2),Mean,ppb,UHF34,205,Sunset Park,Annual Average 2015,2015-01-01,19.71,,2015,1,1,2
179799,640,Boiler Emissions- Total SO2 Emissions,Number per km2,number,UHF42,302,Central Harlem - Morningside Heights,2015,2015-01-01,10.7,,2015,1,1,2
179729,642,Boiler Emissions- Total NOx Emissions,Number per km2,number,UHF42,406,Fresh Meadows,2015,2015-01-01,14.3,,2015,1,1,2
628523,657,Asthma emergency department visits due to PM2.5,Estimated annual rate (age 18+),"per 100,000 adults",UHF42,501,Port Richmond,2015-2017,2015-01-01,45.6,,2015,1,1,2
628955,659,Asthma emergency departments visits due to Ozone,Estimated annual rate (age 18+),"per 100,000 adults",UHF42,501,Port Richmond,2015-2017,2015-01-01,74.6,,2015,1,1,2
628962,655,Asthma hospitalizations due to Ozone,Estimated annual rate (under age 18),"per 100,000 children",Borough,3,Manhattan,2015-2017,2015-01-01,18.0,,2015,1,1,2
334156,365,Fine particles (PM 2.5),Mean,mcg/m3,UHF34,410,Rockaways,Annual Average 2015,2015-01-01,7.16,,2015,1,1,2
333994,365,Fine particles (PM 2.5),Mean,mcg/m3,UHF42,208,Canarsie - Flatlands,Annual Average 2015,2015-01-01,8.1,,2015,1,1,2
628894,653,Asthma emergency departments visits due to Ozone,Estimated annual rate (under age 18),"per 100,000 children",UHF42,308,Greenwich Village - SoHo,2015-2017,2015-01-01,18.0,,2015,1,1,2
628873,653,Asthma emergency departments visits due to Ozone,Estimated annual rate (under age 18),"per 100,000 children",UHF42,105,Crotona -Tremont,2015-2017,2015-01-01,199.6,,2015,1,1,2
334024,365,Fine particles (PM 2.5),Mean,mcg/m3,UHF42,307,Gramercy Park - Murray Hill,Annual Average 2015,2015-01-01,11.72,,2015,1,1,2
628402,639,Deaths due to PM2.5,Estimated annual rate (age 30+),"per 100,000 adults",UHF42,207,East Flatbush - Flatbush,2015-2017,2015-01-01,36.2,,2015,1,1,2
334027,365,Fine particles (PM 2.5),Mean,mcg/m3,UHF42,308,Greenwich Village - SoHo,Annual Average 2015,2015-01-01,10.6,,2015,1,1,2
179797,640,Boiler Emissions- Total SO2 Emissions,Number per km2,number,UHF42,103,Fordham - Bronx Pk,2015,2015-01-01,16.6,,2015,1,1,2
179775,640,Boiler Emissions- Total SO2 Emissions,Number per km2,number,UHF42,205,Sunset Park,2015,2015-01-01,0.5,,2015,1,1,2
179836,641,Boiler Emissions- Total PM2.5 Emissions,Number per km2,number,UHF42,203,Bedford Stuyvesant - Crown Heights,2015,2015-01-01,0.2,,2015,1,1,2
179823,641,Boiler Emissions- Total PM2.5 Emissions,Number per km2,number,UHF42,205,Sunset Park,2015,2015-01-01,0.1,,2015,1,1,2
179727,642,Boiler Emissions- Total NOx Emissions,Number per km2,number,UHF42,205,Sunset Park,2015,2015-01-01,13.9,,2015,1,1,2
179827,641,Boiler Emissions- Total PM2.5 Emissions,Number per km2,number,UHF42,403,Flushing - Clearview,2015,2015-01-01,0.4,,2015,1,1,2
179731,642,Boiler Emissions- Total NOx Emissions,Number per km2,number,UHF42,403,Flushing - Clearview,2015,2015-01-01,17.0,,2015,1,1,2
179843,641,Boiler Emissions- Total PM2.5 Emissions,Number per km2,number,UHF42,303,East Harlem,2015,2015-01-01,0.7,,2015,1,1,2
179747,642,Boiler Emissions- Total NOx Emissions,Number per km2,number,UHF42,303,East Harlem,2015,2015-01-01,50.1,,2015,1,1,2
336745,375,Nitrogen dioxide (NO2),Mean,ppb,CD,109,Morningside Heights and Hamilton Heights (CD9),Annual Average 2015,2015-01-01,22.95,,2015,1,1,2
628424,639,Deaths due to PM2.5,Estimated annual rate (age 30+),"per 100,000 adults",UHF42,408,Jamaica,2015-2017,2015-01-01,31.7,,2015,1,1,2
629186,652,Cardiac and respiratory deaths due to Ozone,Estimated annual rate,"per 100,000",UHF42,402,West Queens,2015-2017,2015-01-01,3.5,,2015,1,1,2
179758,642,Boiler Emissions- Total NOx Emissions,Number per km2,number,UHF42,305,Upper East Side,2015,2015-01-01,225.9,,2015,1,1,2
179854,641,Boiler Emissions- Total PM2.5 Emissions,Number per km2,number,UHF42,305,Upper East Side,2015,2015-01-01,5.7,,2015,1,1,2
628414,639,Deaths due to PM2.5,Estimated annual rate (age 30+),"per 100,000 adults",UHF42,308,Greenwich Village - SoHo,2015-2017,2015-01-01,25.5,,2015,1,1,2
628395,639,Deaths due to PM2.5,Estimated annual rate (age 30+),"per 100,000 adults",UHF42,107,Hunts Point - Mott Haven,2015-2017,2015-01-01,45.4,,2015,1,1,2
629036,661,Asthma hospitalizations due to Ozone,Estimated annual rate (age 18+),"per 100,000 adults",UHF42,306,Chelsea - Clinton,2015-2017,2015-01-01,1.1,,2015,1,1,2
628384,639,Deaths due to PM2.5,Estimated annual rate (age 30+),"per 100,000 adults",Borough,1,Bronx,2015-2017,2015-01-01,44.4,,2015,1,1,2
628890,653,Asthma emergency departments visits due to Ozone,Estimated annual rate (under age 18),"per 100,000 children",UHF42,304,Upper West Side,2015-2017,2015-01-01,60.6,,2015,1,1,2
628569,650,Respiratory hospitalizations due to PM2.5 (age 20+),Estimated annual rate,"per 100,000 adults",UHF42,409,Southeast Queens,2015-2017,2015-01-01,8.2,,2015,1,1,2
629161,652,Cardiac and respiratory deaths due to Ozone,Estimated annual rate,"per 100,000",UHF42,105,Crotona -Tremont,2015-2017,2015-01-01,3.4,,2015,1,1,2
628473,648,Asthma emergency department visits due to PM2.5,Estimated annual rate (under age 18),"per 100,000 children",UHF42,409,Southeast Queens,2015-2017,2015-01-01,39.5,,2015,1,1,2
334144,365,Fine particles (PM 2.5),Mean,mcg/m3,UHF34,405,Ridgewood - Forest Hills,Annual Average 2015,2015-01-01,8.51,,2015,1,1,2
628416,639,Deaths due to PM2.5,Estimated annual rate (age 30+),"per 100,000 adults",UHF42,310,Lower Manhattan,2015-2017,2015-01-01,27.3,,2015,1,1,2
628401,639,Deaths due to PM2.5,Estimated annual rate (age 30+),"per 100,000 adults",UHF42,206,Borough Park,2015-2017,2015-01-01,39.2,,2015,1,1,2
628415,639,Deaths due to PM2.5,Estimated annual rate (age 30+),"per 100,000 adults",UHF42,309,Union Square - Lower East Side,2015-2017,2015-01-01,45.1,,2015,1,1,2
629196,652,Cardiac and respiratory deaths due to Ozone,Estimated annual rate,"per 100,000",UHF42,502,Stapleton - St. George,2015-2017,2015-01-01,8.4,,2015,1,1,2
336733,375,Nitrogen dioxide (NO2),Mean,ppb,CD,105,Midtown (CD5),Annual Average 2015,2015-01-01,32.91,,2015,1,1,2
628986,655,Asthma hospitalizations due to Ozone,Estimated annual rate (under age 18),"per 100,000 children",UHF42,304,Upper West Side,2015-2017,2015-01-01,6.6,,2015,1,1,2
628886,653,Asthma emergency departments visits due to Ozone,Estimated annual rate (under age 18),"per 100,000 children",UHF42,211,Williamsburg - Bushwick,2015-2017,2015-01-01,145.3,,2015,1,1,2
629029,661,Asthma hospitalizations due to Ozone,Estimated annual rate (age 18+),"per 100,000 adults",UHF42,210,Coney Island - Sheepshead Bay,2015-2017,2015-01-01,2.8,,2015,1,1,2
179739,642,Boiler Emissions- Total NOx Emissions,Number per km2,number,UHF42,401,Long Island City - Astoria,2015,2015-01-01,29.3,,2015,1,1,2
179835,641,Boiler Emissions- Total PM2.5 Emissions,Number per km2,number,UHF42,401,Long Island City - Astoria,2015,2015-01-01,0.7,,2015,1,1,2
628548,650,Respiratory hospitalizations due to PM2.5 (age 20+),Estimated annual rate,"per 100,000 adults",UHF42,209,Bensonhurst - Bay Ridge,2015-2017,2015-01-01,8.9,,2015,1,1,2
629010,661,Asthma hospitalizations due to Ozone,Estimated annual rate (age 18+),"per 100,000 adults",Borough,3,Manhattan,2015-2017,2015-01-01,2.8,,2015,1,1,2
629040,661,Asthma hospitalizations due to Ozone,Estimated annual rate (age 18+),"per 100,000 adults",UHF42,310,Lower Manhattan,2015-2017,2015-01-01,2.2,,2015,1,1,2
628915,659,Asthma emergency departments visits due to Ozone,Estimated annual rate (age 18+),"per 100,000 adults",Borough,4,Queens,2015-2017,2015-01-01,27.2,,2015,1,1,2
179784,640,Boiler Emissions- Total SO2 Emissions,Number per km2,number,UHF42,402,West Queens,2015,2015-01-01,1.1,,2015,1,1,2
334174,365,Fine particles (PM 2.5),Mean,mcg/m3,UHF34,503504,Southern SI,Annual Average 2015,2015-01-01,7.56,,2015,1,1,2
336865,375,Nitrogen dioxide (NO2),Mean,ppb,CD,407,Flushing and Whitestone (CD7),Annual Average 2015,2015-01-01,19.04,,2015,1,1,2
334078,365,Fine particles (PM 2.5),Mean,mcg/m3,UHF34,101,Kingsbridge - Riverdale,Annual Average 2015,2015-01-01,9.17,,2015,1,1,2
334321,365,Fine particles (PM 2.5),Mean,mcg/m3,CD,405,Ridgewood and Maspeth (CD5),Annual Average 2015,2015-01-01,8.91,,2015,1,1,2
336550,375,Nitrogen dioxide (NO2),Mean,ppb,UHF42,303,East Harlem,Annual Average 2015,2015-01-01,22.99,,2015,1,1,2
628452,648,Asthma emergency department visits due to PM2.5,Estimated annual rate (under age 18),"per 100,000 children",UHF42,209,Bensonhurst - Bay Ridge,2015-2017,2015-01-01,16.8,,2015,1,1,2
628864,653,Asthma emergency departments visits due to Ozone,Estimated annual rate (under age 18),"per 100,000 children",Borough,1,Bronx,2015-2017,2015-01-01,177.5,,2015,1,1,2
336880,375,Nitrogen dioxide (NO2),Mean,ppb,CD,412,Jamaica and Hollis (CD12),Annual Average 2015,2015-01-01,18.53,,2015,1,1,2
336646,375,Nitrogen dioxide (NO2),Mean,ppb,UHF34,207,East Flatbush - Flatbush,Annual Average 2015,2015-01-01,19.72,,2015,1,1,2
333970,365,Fine particles (PM 2.5),Mean,mcg/m3,UHF42,107,Hunts Point - Mott Haven,Annual Average 2015,2015-01-01,9.62,,2015,1,1,2
336763,375,Nitrogen dioxide (NO2),Mean,ppb,CD,203,Morrisania and Crotona (CD3),Annual Average 2015,2015-01-01,21.37,,2015,1,1,2
334228,365,Fine particles (PM 2.5),Mean,mcg/m3,CD,204,Highbridge and Concourse (CD4),Annual Average 2015,2015-01-01,9.72,,2015,1,1,2
628912,659,Asthma emergency departments visits due to Ozone,Estimated annual rate (age 18+),"per 100,000 adults",Borough,1,Bronx,2015-2017,2015-01-01,87.6,,2015,1,1,2
628495,657,Asthma emergency department visits due to PM2.5,Estimated annual rate (age 18+),"per 100,000 adults",UHF42,204,East New York,2015-2017,2015-01-01,71.4,,2015,1,1,2
628913,659,Asthma emergency departments visits due to Ozone,Estimated annual rate (age 18+),"per 100,000 adults",Borough,2,Brooklyn,2015-2017,2015-01-01,51.7,,2015,1,1,2
628909,653,Asthma emergency departments visits due to Ozone,Estimated annual rate (under age 18),"per 100,000 children",UHF42,503,Willowbrook,2015-2017,2015-01-01,30.4,,2015,1,1,2
336799,375,Nitrogen dioxide (NO2),Mean,ppb,CD,303,Bedford Stuyvesant (CD3),Annual Average 2015,2015-01-01,21.26,,2015,1,1,2
629005,655,Asthma hospitalizations due to Ozone,Estimated annual rate (under age 18),"per 100,000 children",UHF42,503,Willowbrook,2015-2017,2015-01-01,5.6,,2015,1,1,2
628942,659,Asthma emergency departments visits due to Ozone,Estimated annual rate (age 18+),"per 100,000 adults",UHF42,308,Greenwich Village - SoHo,2015-2017,2015-01-01,8.6,,2015,1,1,2
629027,661,Asthma hospitalizations due to Ozone,Estimated annual rate (age 18+),"per 100,000 adults",UHF42,208,Canarsie - Flatlands,2015-2017,2015-01-01,2.9,,2015,1,1,2
629044,661,Asthma hospitalizations due to Ozone,Estimated annual rate (age 18+),"per 100,000 adults",UHF42,404,Bayside - Little Neck,2015-2017,2015-01-01,1.2,,2015,1,1,2
179852,641,Boiler Emissions- Total PM2.5 Emissions,Number per km2,number,UHF42,306,Chelsea - Clinton,2015,2015-01-01,4.9,,2015,1,1,2
336562,375,Nitrogen dioxide (NO2),Mean,ppb,UHF42,307,Gramercy Park - Murray Hill,Annual Average 2015,2015-01-01,31.23,,2015,1,1,2
628451,648,Asthma emergency department visits due to PM2.5,Estimated annual rate (under age 18),"per 100,000 children",UHF42,208,Canarsie - Flatlands,2015-2017,2015-01-01,61.4,,2015,1,1,2
628471,648,Asthma emergency department visits due to PM2.5,Estimated annual rate (under age 18),"per 100,000 children",UHF42,407,Southwest Queens,2015-2017,2015-01-01,43.0,,2015,1,1,2
334123,365,Fine particles (PM 2.5),Mean,mcg/m3,UHF34,301,Washington Heights,Annual Average 2015,2015-01-01,9.36,,2015,1,1,2
179761,642,Boiler Emissions- Total NOx Emissions,Number per km2,number,Borough,3,Manhattan,2015,2015-01-01,142.8,,2015,1,1,2
336784,375,Nitrogen dioxide (NO2),Mean,ppb,CD,210,Throgs Neck and Co-op City (CD10),Annual Average 2015,2015-01-01,18.76,,2015,1,1,2
628388,639,Deaths due to PM2.5,Estimated annual rate (age 30+),"per 100,000 adults",Borough,5,Staten Island,2015-2017,2015-01-01,46.9,,2015,1,1,2
179816,641,Boiler Emissions- Total PM2.5 Emissions,Number per km2,number,UHF42,501,Port Richmond,2015,2015-01-01,0.0,,2015,1,1,2
179720,642,Boiler Emissions- Total NOx Emissions,Number per km2,number,UHF42,501,Port Richmond,2015,2015-01-01,2.8,,2015,1,1,2
628963,655,Asthma hospitalizations due to Ozone,Estimated annual rate (under age 18),"per 100,000 children",Borough,4,Queens,2015-2017,2015-01-01,11.4,,2015,1,1,2
628924,659,Asthma emergency departments visits due to Ozone,Estimated annual rate (age 18+),"per 100,000 adults",UHF42,201,Greenpoint,2015-2017,2015-01-01,27.6,,2015,1,1,2
628939,659,Asthma emergency departments visits due to Ozone,Estimated annual rate (age 18+),"per 100,000 adults",UHF42,305,Upper East Side,2015-2017,2015-01-01,8.6,,2015,1,1,2
628867,653,Asthma emergency departments visits due to Ozone,Estimated annual rate (under age 18),"per 100,000 children",Borough,4,Queens,2015-2017,2015-01-01,67.3,,2015,1,1,2
628435,648,Asthma emergency department visits due to PM2.5,Estimated annual rate (under age 18),"per 100,000 children",Borough,4,Queens,2015-2017,2015-01-01,47.3,,2015,1,1,2
628472,648,Asthma emergency department visits due to PM2.5,Estimated annual rate (under age 18),"per 100,000 children",UHF42,408,Jamaica,2015-2017,2015-01-01,69.6,,2015,1,1,2
333952,365,Fine particles (PM 2.5),Mean,mcg/m3,UHF42,101,Kingsbridge - Riverdale,Annual Average 2015,2015-01-01,9.17,,2015,1,1,2
628880,653,Asthma emergency departments visits due to Ozone,Estimated annual rate (under age 18),"per 100,000 children",UHF42,205,Sunset Park,2015-2017,2015-01-01,47.4,,2015,1,1,2
179733,642,Boiler Emissions- Total NOx Emissions,Number per km2,number,UHF42,405,Ridgewood - Forest Hills,2015,2015-01-01,22.5,,2015,1,1,2
628976,655,Asthma hospitalizations due to Ozone,Estimated annual rate (under age 18),"per 100,000 children",UHF42,205,Sunset Park,2015-2017,2015-01-01,6.3,,2015,1,1,2
179740,642,Boiler Emissions- Total NOx Emissions,Number per km2,number,UHF42,203,Bedford Stuyvesant - Crown Heights,2015,2015-01-01,31.9,,2015,1,1,2
179719,642,Boiler Emissions- Total NOx Emissions,Number per km2,number,UHF42,503,Willowbrook,2015,2015-01-01,2.1,,2015,1,1,2
628999,655,Asthma hospitalizations due to Ozone,Estimated annual rate (under age 18),"per 100,000 children",UHF42,407,Southwest Queens,2015-2017,2015-01-01,11.3,,2015,1,1,2
334045,365,Fine particles (PM 2.5),Mean,mcg/m3,UHF42,404,Bayside - Little Neck,Annual Average 2015,2015-01-01,8.26,,2015,1,1,2
179812,640,Boiler Emissions- Total SO2 Emissions,Number per km2,number,Borough,4,Queens,2015,2015-01-01,1.4,,2015,1,1,2
179815,641,Boiler Emissions- Total PM2.5 Emissions,Number per km2,number,UHF42,503,Willowbrook,2015,2015-01-01,0.0,,2015,1,1,2
628990,655,Asthma hospitalizations due to Ozone,Estimated annual rate (under age 18),"per 100,000 children",UHF42,308,Greenwich Village - SoHo,2015-2017,2015-01-01,1.5,,2015,1,1,2
628966,655,Asthma hospitalizations due to Ozone,Estimated annual rate (under age 18),"per 100,000 children",UHF42,102,Northeast Bronx,2015-2017,2015-01-01,33.3,,2015,1,1,2
628988,655,Asthma hospitalizations due to Ozone,Estimated annual rate (under age 18),"per 100,000 children",UHF42,306,Chelsea - Clinton,2015-2017,2015-01-01,9.4,,2015,1,1,2
628560,650,Respiratory hospitalizations due to PM2.5 (age 20+),Estimated annual rate,"per 100,000 adults",UHF42,310,Lower Manhattan,2015-2017,2015-01-01,6.6,,2015,1,1,2
629177,652,Cardiac and respiratory deaths due to Ozone,Estimated annual rate,"per 100,000",UHF42,303,East Harlem,2015-2017,2015-01-01,5.2,,2015,1,1,2
628564,650,Respiratory hospitalizations due to PM2.5 (age 20+),Estimated annual rate,"per 100,000 adults",UHF42,404,Bayside - Little Neck,2015-2017,2015-01-01,8.2,,2015,1,1,2
179765,642,Boiler Emissions- Total NOx Emissions,Number per km2,number,Borough,5,Staten Island,2015,2015-01-01,2.7,,2015,1,1,2
628534,650,Respiratory hospitalizations due to PM2.5 (age 20+),Estimated annual rate,"per 100,000 adults",UHF42,102,Northeast Bronx,2015-2017,2015-01-01,15.4,,2015,1,1,2
334237,365,Fine particles (PM 2.5),Mean,mcg/m3,CD,207,Kingsbridge Heights and Bedford (CD7),Annual Average 2015,2015-01-01,9.34,,2015,1,1,2
629193,652,Cardiac and respiratory deaths due to Ozone,Estimated annual rate,"per 100,000",UHF42,409,Southeast Queens,2015-2017,2015-01-01,4.1,,2015,1,1,2
334036,365,Fine particles (PM 2.5),Mean,mcg/m3,UHF42,401,Long Island City - Astoria,Annual Average 2015,2015-01-01,9.78,,2015,1,1,2
334210,365,Fine particles (PM 2.5),Mean,mcg/m3,CD,110,Central Harlem (CD10),Annual Average 2015,2015-01-01,9.29,,2015,1,1,2
628970,655,Asthma hospitalizations due to Ozone,Estimated annual rate (under age 18),"per 100,000 children",UHF42,106,High Bridge - Morrisania,2015-2017,2015-01-01,39.4,,2015,1,1,2
629018,661,Asthma hospitalizations due to Ozone,Estimated annual rate (age 18+),"per 100,000 adults",UHF42,106,High Bridge - Morrisania,2015-2017,2015-01-01,12.0,,2015,1,1,2
628996,655,Asthma hospitalizations due to Ozone,Estimated annual rate (under age 18),"per 100,000 children",UHF42,404,Bayside - Little Neck,2015-2017,2015-01-01,4.4,,2015,1,1,2
628493,657,Asthma emergency department visits due to PM2.5,Estimated annual rate (age 18+),"per 100,000 adults",UHF42,202,Downtown - Heights - Slope,2015-2017,2015-01-01,24.1,,2015,1,1,2
629173,652,Cardiac and respiratory deaths due to Ozone,Estimated annual rate,"per 100,000",UHF42,210,Coney Island - Sheepshead Bay,2015-2017,2015-01-01,8.5,,2015,1,1,2
334348,365,Fine particles (PM 2.5),Mean,mcg/m3,CD,414,Rockaway and Broad Channel (CD14),Annual Average 2015,2015-01-01,7.15,,2015,1,1,2
179821,641,Boiler Emissions- Total PM2.5 Emissions,Number per km2,number,UHF42,404,Bayside - Little Neck,2015,2015-01-01,0.2,,2015,1,1,2
179730,642,Boiler Emissions- Total NOx Emissions,Number per km2,number,UHF42,204,East New York,2015,2015-01-01,14.7,,2015,1,1,2
628895,653,Asthma emergency departments visits due to Ozone,Estimated annual rate (under age 18),"per 100,000 children",UHF42,309,Union Square - Lower East Side,2015-2017,2015-01-01,124.9,,2015,1,1,2
334132,365,Fine particles (PM 2.5),Mean,mcg/m3,UHF34,304,Upper West Side,Annual Average 2015,2015-01-01,9.78,,2015,1,1,2
628884,653,Asthma emergency departments visits due to Ozone,Estimated annual rate (under age 18),"per 100,000 children",UHF42,209,Bensonhurst - Bay Ridge,2015-2017,2015-01-01,25.9,,2015,1,1,2
179861,641,Boiler Emissions- Total PM2.5 Emissions,Number per km2,number,Borough,5,Staten Island,2015,2015-01-01,0.0,,2015,1,1,2
628456,648,Asthma emergency department visits due to PM2.5,Estimated annual rate (under age 18),"per 100,000 children",UHF42,302,Central Harlem - Morningside Heights,2015-2017,2015-01-01,193.1,,2015,1,1,2
628572,650,Respiratory hospitalizations due to PM2.5 (age 20+),Estimated annual rate,"per 100,000 adults",UHF42,502,Stapleton - St. George,2015-2017,2015-01-01,17.6,,2015,1,1,2
334255,365,Fine particles (PM 2.5),Mean,mcg/m3,CD,301,Greenpoint and Williamsburg (CD1),Annual Average 2015,2015-01-01,10.56,,2015,1,1,2
334108,365,Fine particles (PM 2.5),Mean,mcg/m3,UHF34,207,East Flatbush - Flatbush,Annual Average 2015,2015-01-01,8.59,,2015,1,1,2
336712,375,Nitrogen dioxide (NO2),Mean,ppb,UHF34,503504,Southern SI,Annual Average 2015,2015-01-01,12.76,,2015,1,1,2
628547,650,Respiratory hospitalizations due to PM2.5 (age 20+),Estimated annual rate,"per 100,000 adults",UHF42,208,Canarsie - Flatlands,2015-2017,2015-01-01,11.9,,2015,1,1,2
628476,648,Asthma emergency department visits due to PM2.5,Estimated annual rate (under age 18),"per 100,000 children",UHF42,502,Stapleton - St. George,2015-2017,2015-01-01,49.5,,2015,1,1,2
629000,655,Asthma hospitalizations due to Ozone,Estimated annual rate (under age 18),"per 100,000 children",UHF42,408,Jamaica,2015-2017,2015-01-01,18.0,,2015,1,1,2
628984,655,Asthma hospitalizations due to Ozone,Estimated annual rate (under age 18),"per 100,000 children",UHF42,302,Central Harlem - Morningside Heights,2015-2017,2015-01-01,39.2,,2015,1,1,2
628892,653,Asthma emergency departments visits due to Ozone,Estimated annual rate (under age 18),"per 100,000 children",UHF42,306,Chelsea - Clinton,2015-2017,2015-01-01,67.9,,2015,1,1,2
629175,652,Cardiac and respiratory deaths due to Ozone,Estimated annual rate,"per 100,000",UHF42,301,Washington Heights,2015-2017,2015-01-01,3.3,,2015,1,1,2
628468,648,Asthma emergency department visits due to PM2.5,Estimated annual rate (under age 18),"per 100,000 children",UHF42,404,Bayside - Little Neck,2015-2017,2015-01-01,12.2,,2015,1,1,2
628888,653,Asthma emergency departments visits due to Ozone,Estimated annual rate (under age 18),"per 100,000 children",UHF42,302,Central Harlem - Morningside Heights,2015-2017,2015-01-01,228.6,,2015,1,1,2
179757,642,Boiler Emissions- Total NOx Emissions,Number per km2,number,UHF42,304,Upper West Side,2015,2015-01-01,210.5,,2015,1,1,2
179738,642,Boiler Emissions- Total NOx Emissions,Number per km2,number,UHF42,211,Williamsburg - Bushwick,2015,2015-01-01,27.8,,2015,1,1,2
179853,641,Boiler Emissions- Total PM2.5 Emissions,Number per km2,number,UHF42,304,Upper West Side,2015,2015-01-01,7.0,,2015,1,1,2
179783,640,Boiler Emissions- Total SO2 Emissions,Number per km2,number,UHF42,104,Pelham - Throgs Neck,2015,2015-01-01,2.8,,2015,1,1,2
628562,650,Respiratory hospitalizations due to PM2.5 (age 20+),Estimated annual rate,"per 100,000 adults",UHF42,402,West Queens,2015-2017,2015-01-01,8.6,,2015,1,1,2
179813,640,Boiler Emissions- Total SO2 Emissions,Number per km2,number,Borough,5,Staten Island,2015,2015-01-01,0.1,,2015,1,1,2
628925,659,Asthma emergency departments visits due to Ozone,Estimated annual rate (age 18+),"per 100,000 adults",UHF42,202,Downtown - Heights - Slope,2015-2017,2015-01-01,34.3,,2015,1,1,2
628950,659,Asthma emergency departments visits due to Ozone,Estimated annual rate (age 18+),"per 100,000 adults",UHF42,406,Fresh Meadows,2015-2017,2015-01-01,20.5,,2015,1,1,2
629164,652,Cardiac and respiratory deaths due to Ozone,Estimated annual rate,"per 100,000",UHF42,201,Greenpoint,2015-2017,2015-01-01,3.1,,2015,1,1,2
628557,650,Respiratory hospitalizations due to PM2.5 (age 20+),Estimated annual rate,"per 100,000 adults",UHF42,307,Gramercy Park - Murray Hill,2015-2017,2015-01-01,6.9,,2015,1,1,2
628477,648,Asthma emergency department visits due to PM2.5,Estimated annual rate (under age 18),"per 100,000 children",UHF42,503,Willowbrook,2015-2017,2015-01-01,18.8,,2015,1,1,2
179759,642,Boiler Emissions- Total NOx Emissions,Number per km2,number,UHF42,307,Gramercy Park - Murray Hill,2015,2015-01-01,256.2,,2015,1,1,2
179755,642,Boiler Emissions- Total NOx Emissions,Number per km2,number,UHF42,308,Greenwich Village - SoHo,2015,2015-01-01,121.3,,2015,1,1,2
628948,659,Asthma emergency departments visits due to Ozone,Estimated annual rate (age 18+),"per 100,000 adults",UHF42,404,Bayside - Little Neck,2015-2017,2015-01-01,7.0,,2015,1,1,2
629178,652,Cardiac and respiratory deaths due to Ozone,Estimated annual rate,"per 100,000",UHF42,304,Upper West Side,2015-2017,2015-01-01,4.6,,2015,1,1,2
179803,640,Boiler Emissions- Total SO2 Emissions,Number per km2,number,UHF42,308,Greenwich Village - SoHo,2015,2015-01-01,17.8,,2015,1,1,2
179851,641,Boiler Emissions- Total PM2.5 Emissions,Number per km2,number,UHF42,308,Greenwich Village - SoHo,2015,2015-01-01,2.6,,2015,1,1,2
179768,640,Boiler Emissions- Total SO2 Emissions,Number per km2,number,UHF42,501,Port Richmond,2015,2015-01-01,0.0,,2015,1,1,2
179745,642,Boiler Emissions- Total NOx Emissions,Number per km2,number,UHF42,107,Hunts Point - Mott Haven,2015,2015-01-01,35.5,,2015,1,1,2
334126,365,Fine particles (PM 2.5),Mean,mcg/m3,UHF34,302,Central Harlem - Morningside Heights,Annual Average 2015,2015-01-01,9.36,,2015,1,1,2
179841,641,Boiler Emissions- Total PM2.5 Emissions,Number per km2,number,UHF42,107,Hunts Point - Mott Haven,2015,2015-01-01,0.3,,2015,1,1,2
628961,655,Asthma hospitalizations due to Ozone,Estimated annual rate (under age 18),"per 100,000 children",Borough,2,Brooklyn,2015-2017,2015-01-01,16.5,,2015,1,1,2
628865,653,Asthma emergency departments visits due to Ozone,Estimated annual rate (under age 18),"per 100,000 children",Borough,2,Brooklyn,2015-2017,2015-01-01,87.3,,2015,1,1,2
628978,655,Asthma hospitalizations due to Ozone,Estimated annual rate (under age 18),"per 100,000 children",UHF42,207,East Flatbush - Flatbush,2015-2017,2015-01-01,27.6,,2015,1,1,2
628882,653,Asthma emergency departments visits due to Ozone,Estimated annual rate (under age 18),"per 100,000 children",UHF42,207,East Flatbush - Flatbush,2015-2017,2015-01-01,119.3,,2015,1,1,2
628960,655,Asthma hospitalizations due to Ozone,Estimated annual rate (under age 18),"per 100,000 children",Borough,1,Bronx,2015-2017,2015-01-01,34.3,,2015,1,1,2
336691,375,Nitrogen dioxide (NO2),Mean,ppb,UHF34,409,Southeast Queens,Annual Average 2015,2015-01-01,17.16,,2015,1,1,2
334345,365,Fine particles (PM 2.5),Mean,mcg/m3,CD,413,Queens Village (CD13),Annual Average 2015,2015-01-01,7.91,,2015,1,1,2
629046,661,Asthma hospitalizations due to Ozone,Estimated annual rate (age 18+),"per 100,000 adults",UHF42,406,Fresh Meadows,2015-2017,2015-01-01,2.5,,2015,1,1,2
336775,375,Nitrogen dioxide (NO2),Mean,ppb,CD,207,Kingsbridge Heights and Bedford (CD7),Annual Average 2015,2015-01-01,20.94,,2015,1,1,2
334342,365,Fine particles (PM 2.5),Mean,mcg/m3,CD,412,Jamaica and Hollis (CD12),Annual Average 2015,2015-01-01,8.21,,2015,1,1,2
629195,652,Cardiac and respiratory deaths due to Ozone,Estimated annual rate,"per 100,000",UHF42,501,Port Richmond,2015-2017,2015-01-01,5.2,,2015,1,1,2
179753,642,Boiler Emissions- Total NOx Emissions,Number per km2,number,UHF42,310,Lower Manhattan,2015,2015-01-01,114.9,,2015,1,1,2
179750,642,Boiler Emissions- Total NOx Emissions,Number per km2,number,UHF42,106,High Bridge - Morrisania,2015,2015-01-01,72.2,,2015,1,1,2
179762,642,Boiler Emissions- Total NOx Emissions,Number per km2,number,Borough,2,Brooklyn,2015,2015-01-01,22.8,,2015,1,1,2
179819,641,Boiler Emissions- Total PM2.5 Emissions,Number per km2,number,UHF42,208,Canarsie - Flatlands,2015,2015-01-01,0.0,,2015,1,1,2
336883,375,Nitrogen dioxide (NO2),Mean,ppb,CD,413,Queens Village (CD13),Annual Average 2015,2015-01-01,17.22,,2015,1,1,2
628434,648,Asthma emergency department visits due to PM2.5,Estimated annual rate (under age 18),"per 100,000 children",Borough,3,Manhattan,2015-2017,2015-01-01,93.5,,2015,1,1,2
179831,641,Boiler Emissions- Total PM2.5 Emissions,Number per km2,number,UHF42,104,Pelham - Throgs Neck,2015,2015-01-01,0.4,,2015,1,1,2
628896,653,Asthma emergency departments visits due to Ozone,Estimated annual rate (under age 18),"per 100,000 children",UHF42,310,Lower Manhattan,2015-2017,2015-01-01,47.4,,2015,1,1,2
179735,642,Boiler Emissions- Total NOx Emissions,Number per km2,number,UHF42,104,Pelham - Throgs Neck,2015,2015-01-01,23.6,,2015,1,1,2
336553,375,Nitrogen dioxide (NO2),Mean,ppb,UHF42,304,Upper West Side,Annual Average 2015,2015-01-01,23.86,,2015,1,1,2
628507,657,Asthma emergency department visits due to PM2.5,Estimated annual rate (age 18+),"per 100,000 adults",UHF42,305,Upper East Side,2015-2017,2015-01-01,6.6,,2015,1,1,2
334147,365,Fine particles (PM 2.5),Mean,mcg/m3,UHF34,407,Southwest Queens,Annual Average 2015,2015-01-01,8.05,,2015,1,1,2
334051,365,Fine particles (PM 2.5),Mean,mcg/m3,UHF42,406,Fresh Meadows,Annual Average 2015,2015-01-01,8.19,,2015,1,1,2
628871,653,Asthma emergency departments visits due to Ozone,Estimated annual rate (under age 18),"per 100,000 children",UHF42,103,Fordham - Bronx Pk,2015-2017,2015-01-01,187.8,,2015,1,1,2
628554,650,Respiratory hospitalizations due to PM2.5 (age 20+),Estimated annual rate,"per 100,000 adults",UHF42,304,Upper West Side,2015-2017,2015-01-01,8.5,,2015,1,1,2
334195,365,Fine particles (PM 2.5),Mean,mcg/m3,CD,105,Midtown (CD5),Annual Average 2015,2015-01-01,12.28,,2015,1,1,2
179808,640,Boiler Emissions- Total SO2 Emissions,Number per km2,number,Citywide,1,New York City,2015,2015-01-01,3.5,,2015,1,1,2
334033,365,Fine particles (PM 2.5),Mean,mcg/m3,UHF42,310,Lower Manhattan,Annual Average 2015,2015-01-01,10.54,,2015,1,1,2
628967,655,Asthma hospitalizations due to Ozone,Estimated annual rate (under age 18),"per 100,000 children",UHF42,103,Fordham - Bronx Pk,2015-2017,2015-01-01,39.1,,2015,1,1,2
179792,640,Boiler Emissions- Total SO2 Emissions,Number per km2,number,UHF42,206,Borough Park,2015,2015-01-01,1.1,,2015,1,1,2
336583,375,Nitrogen dioxide (NO2),Mean,ppb,UHF42,404,Bayside - Little Neck,Annual Average 2015,2015-01-01,17.3,,2015,1,1,2
629001,655,Asthma hospitalizations due to Ozone,Estimated annual rate (under age 18),"per 100,000 children",UHF42,409,Southeast Queens,2015-2017,2015-01-01,16.1,,2015,1,1,2
628885,653,Asthma emergency departments visits due to Ozone,Estimated annual rate (under age 18),"per 100,000 children",UHF42,210,Coney Island - Sheepshead Bay,2015-2017,2015-01-01,46.2,,2015,1,1,2
179856,641,Boiler Emissions- Total PM2.5 Emissions,Number per km2,number,Citywide,1,New York City,2015,2015-01-01,0.5,,2015,1,1,2
628969,655,Asthma hospitalizations due to Ozone,Estimated annual rate (under age 18),"per 100,000 children",UHF42,105,Crotona -Tremont,2015-2017,2015-01-01,32.5,,2015,1,1,2
628455,648,Asthma emergency department visits due to PM2.5,Estimated annual rate (under age 18),"per 100,000 children",UHF42,301,Washington Heights,2015-2017,2015-01-01,81.6,,2015,1,1,2
334249,365,Fine particles (PM 2.5),Mean,mcg/m3,CD,211,Morris Park and Bronxdale (CD11),Annual Average 2015,2015-01-01,8.91,,2015,1,1,2
334084,365,Fine particles (PM 2.5),Mean,mcg/m3,UHF34,103,Fordham - Bronx Pk,Annual Average 2015,2015-01-01,9.14,,2015,1,1,2
628479,648,Asthma emergency department visits due to PM2.5,Estimated annual rate (under age 18),"per 100,000 children",Citywide,1,New York City,2015-2017,2015-01-01,78.2,,2015,1,1,2
628911,653,Asthma emergency departments visits due to Ozone,Estimated annual rate (under age 18),"per 100,000 children",Citywide,1,New York City,2015-2017,2015-01-01,101.9,,2015,1,1,2
334138,365,Fine particles (PM 2.5),Mean,mcg/m3,UHF34,402,West Queens,Annual Average 2015,2015-01-01,9.17,,2015,1,1,2
628933,659,Asthma emergency departments visits due to Ozone,Estimated annual rate (age 18+),"per 100,000 adults",UHF42,210,Coney Island - Sheepshead Bay,2015-2017,2015-01-01,27.7,,2015,1,1,2
336730,375,Nitrogen dioxide (NO2),Mean,ppb,CD,104,Clinton and Chelsea (CD4),Annual Average 2015,2015-01-01,27.25,,2015,1,1,2
628536,650,Respiratory hospitalizations due to PM2.5 (age 20+),Estimated annual rate,"per 100,000 adults",UHF42,104,Pelham - Throgs Neck,2015-2017,2015-01-01,15.9,,2015,1,1,2
628922,659,Asthma emergency departments visits due to Ozone,Estimated annual rate (age 18+),"per 100,000 adults",UHF42,106,High Bridge - Morrisania,2015-2017,2015-01-01,124.9,,2015,1,1,2
628944,659,Asthma emergency departments visits due to Ozone,Estimated annual rate (age 18+),"per 100,000 adults",UHF42,310,Lower Manhattan,2015-2017,2015-01-01,28.9,,2015,1,1,2
628550,650,Respiratory hospitalizations due to PM2.5 (age 20+),Estimated annual rate,"per 100,000 adults",UHF42,211,Williamsburg - Bushwick,2015-2017,2015-01-01,11.0,,2015,1,1,2
334279,365,Fine particles (PM 2.5),Mean,mcg/m3,CD,309,South Crown Heights and Lefferts Gardens (CD9),Annual Average 2015,2015-01-01,8.7,,2015,1,1,2
628943,659,Asthma emergency departments visits due to Ozone,Estimated annual rate (age 18+),"per 100,000 adults",UHF42,309,Union Square - Lower East Side,2015-2017,2015-01-01,40.7,,2015,1,1,2
628954,659,Asthma emergency departments visits due to Ozone,Estimated annual rate (age 18+),"per 100,000 adults",UHF42,410,Rockaways,2015-2017,2015-01-01,63.0,,2015,1,1,2
628441,648,Asthma emergency department visits due to PM2.5,Estimated annual rate (under age 18),"per 100,000 children",UHF42,105,Crotona -Tremont,2015-2017,2015-01-01,167.2,,2015,1,1,2
336787,375,Nitrogen dioxide (NO2),Mean,ppb,CD,211,Morris Park and Bronxdale (CD11),Annual Average 2015,2015-01-01,19.63,,2015,1,1,2
628469,648,Asthma emergency department visits due to PM2.5,Estimated annual rate (under age 18),"per 100,000 children",UHF42,405,Ridgewood - Forest Hills,2015-2017,2015-01-01,32.2,,2015,1,1,2
179772,640,Boiler Emissions- Total SO2 Emissions,Number per km2,number,UHF42,409,Southeast Queens,2015,2015-01-01,0.3,,2015,1,1,2
628980,655,Asthma hospitalizations due to Ozone,Estimated annual rate (under age 18),"per 100,000 children",UHF42,209,Bensonhurst - Bay Ridge,2015-2017,2015-01-01,4.7,,2015,1,1,2
628881,653,Asthma emergency departments visits due to Ozone,Estimated annual rate (under age 18),"per 100,000 children",UHF42,206,Borough Park,2015-2017,2015-01-01,22.5,,2015,1,1,2
628977,655,Asthma hospitalizations due to Ozone,Estimated annual rate (under age 18),"per 100,000 children",UHF42,206,Borough Park,2015-2017,2015-01-01,3.0,,2015,1,1,2
628438,648,Asthma emergency department visits due to PM2.5,Estimated annual rate (under age 18),"per 100,000 children",UHF42,102,Northeast Bronx,2015-2017,2015-01-01,108.6,,2015,1,1,2
628583,651,Cardiovascular hospitalizations due to PM2.5 (age 40+),Estimated annual rate,"per 100,000 adults",UHF42,103,Fordham - Bronx Pk,2015-2017,2015-01-01,21.2,,2015,1,1,2
333997,365,Fine particles (PM 2.5),Mean,mcg/m3,UHF42,209,Bensonhurst - Bay Ridge,Annual Average 2015,2015-01-01,8.13,,2015,1,1,2
628585,651,Cardiovascular hospitalizations due to PM2.5 (age 40+),Estimated annual rate,"per 100,000 adults",UHF42,105,Crotona -Tremont,2015-2017,2015-01-01,23.3,,2015,1,1,2
179767,640,Boiler Emissions- Total SO2 Emissions,Number per km2,number,UHF42,503,Willowbrook,2015,2015-01-01,0.0,,2015,1,1,2
629007,655,Asthma hospitalizations due to Ozone,Estimated annual rate (under age 18),"per 100,000 children",Citywide,1,New York City,2015-2017,2015-01-01,18.7,,2015,1,1,2
629014,661,Asthma hospitalizations due to Ozone,Estimated annual rate (age 18+),"per 100,000 adults",UHF42,102,Northeast Bronx,2015-2017,2015-01-01,6.6,,2015,1,1,2
628611,651,Cardiovascular hospitalizations due to PM2.5 (age 40+),Estimated annual rate,"per 100,000 adults",UHF42,403,Flushing - Clearview,2015-2017,2015-01-01,12.8,,2015,1,1,2
628928,659,Asthma emergency departments visits due to Ozone,Estimated annual rate (age 18+),"per 100,000 adults",UHF42,205,Sunset Park,2015-2017,2015-01-01,26.9,,2015,1,1,2
628869,653,Asthma emergency departments visits due to Ozone,Estimated annual rate (under age 18),"per 100,000 children",UHF42,101,Kingsbridge - Riverdale,2015-2017,2015-01-01,79.5,,2015,1,1,2
628621,651,Cardiovascular hospitalizations due to PM2.5 (age 40+),Estimated annual rate,"per 100,000 adults",UHF42,503,Willowbrook,2015-2017,2015-01-01,16.8,,2015,1,1,2
333958,365,Fine particles (PM 2.5),Mean,mcg/m3,UHF42,103,Fordham - Bronx Pk,Annual Average 2015,2015-01-01,9.14,,2015,1,1,2
179846,641,Boiler Emissions- Total PM2.5 Emissions,Number per km2,number,UHF42,106,High Bridge - Morrisania,2015,2015-01-01,1.9,,2015,1,1,2
179833,641,Boiler Emissions- Total PM2.5 Emissions,Number per km2,number,UHF42,209,Bensonhurst - Bay Ridge,2015,2015-01-01,0.2,,2015,1,1,2
179737,642,Boiler Emissions- Total NOx Emissions,Number per km2,number,UHF42,209,Bensonhurst - Bay Ridge,2015,2015-01-01,26.1,,2015,1,1,2
629052,661,Asthma hospitalizations due to Ozone,Estimated annual rate (age 18+),"per 100,000 adults",UHF42,502,Stapleton - St. George,2015-2017,2015-01-01,5.7,,2015,1,1,2
334069,365,Fine particles (PM 2.5),Mean,mcg/m3,UHF42,502,Stapleton - St. George,Annual Average 2015,2015-01-01,7.82,,2015,1,1,2
629153,652,Cardiac and respiratory deaths due to Ozone,Estimated annual rate,"per 100,000",Borough,2,Brooklyn,2015-2017,2015-01-01,5.0,,2015,1,1,2
179760,642,Boiler Emissions- Total NOx Emissions,Number per km2,number,Citywide,1,New York City,2015,2015-01-01,27.4,,2015,1,1,2
628506,657,Asthma emergency department visits due to PM2.5,Estimated annual rate (age 18+),"per 100,000 adults",UHF42,304,Upper West Side,2015-2017,2015-01-01,23.2,,2015,1,1,2
334000,365,Fine particles (PM 2.5),Mean,mcg/m3,UHF42,210,Coney Island - Sheepshead Bay,Annual Average 2015,2015-01-01,7.72,,2015,1,1,2
336682,375,Nitrogen dioxide (NO2),Mean,ppb,UHF34,405,Ridgewood - Forest Hills,Annual Average 2015,2015-01-01,19.25,,2015,1,1,2
179800,640,Boiler Emissions- Total SO2 Emissions,Number per km2,number,UHF42,301,Washington Heights,2015,2015-01-01,32.0,,2015,1,1,2
336886,375,Nitrogen dioxide (NO2),Mean,ppb,CD,414,Rockaway and Broad Channel (CD14),Annual Average 2015,2015-01-01,13.44,,2015,1,1,2
179858,641,Boiler Emissions- Total PM2.5 Emissions,Number per km2,number,Borough,2,Brooklyn,2015,2015-01-01,0.1,,2015,1,1,2
336817,375,Nitrogen dioxide (NO2),Mean,ppb,CD,309,South Crown Heights and Lefferts Gardens (CD9),Annual Average 2015,2015-01-01,20.76,,2015,1,1,2
334099,365,Fine particles (PM 2.5),Mean,mcg/m3,UHF34,204,East New York,Annual Average 2015,2015-01-01,8.72,,2015,1,1,2
336619,375,Nitrogen dioxide (NO2),Mean,ppb,UHF34,102,Northeast Bronx,Annual Average 2015,2015-01-01,19.52,,2015,1,1,2
628399,639,Deaths due to PM2.5,Estimated annual rate (age 30+),"per 100,000 adults",UHF42,204,East New York,2015-2017,2015-01-01,37.1,,2015,1,1,2
336577,375,Nitrogen dioxide (NO2),Mean,ppb,UHF42,402,West Queens,Annual Average 2015,2015-01-01,21.11,,2015,1,1,2
629003,655,Asthma hospitalizations due to Ozone,Estimated annual rate (under age 18),"per 100,000 children",UHF42,501,Port Richmond,2015-2017,2015-01-01,24.7,,2015,1,1,2
334072,365,Fine particles (PM 2.5),Mean,mcg/m3,UHF42,503,Willowbrook,Annual Average 2015,2015-01-01,8.01,,2015,1,1,2
628907,653,Asthma emergency departments visits due to Ozone,Estimated annual rate (under age 18),"per 100,000 children",UHF42,501,Port Richmond,2015-2017,2015-01-01,107.9,,2015,1,1,2
628450,648,Asthma emergency department visits due to PM2.5,Estimated annual rate (under age 18),"per 100,000 children",UHF42,207,East Flatbush - Flatbush,2015-2017,2015-01-01,84.2,,2015,1,1,2
336616,375,Nitrogen dioxide (NO2),Mean,ppb,UHF34,101,Kingsbridge - Riverdale,Annual Average 2015,2015-01-01,17.82,,2015,1,1,2
628565,650,Respiratory hospitalizations due to PM2.5 (age 20+),Estimated annual rate,"per 100,000 adults",UHF42,405,Ridgewood - Forest Hills,2015-2017,2015-01-01,10.0,,2015,1,1,2
628872,653,Asthma emergency departments visits due to Ozone,Estimated annual rate (under age 18),"per 100,000 children",UHF42,104,Pelham - Throgs Neck,2015-2017,2015-01-01,131.3,,2015,1,1,2
628870,653,Asthma emergency departments visits due to Ozone,Estimated annual rate (under age 18),"per 100,000 children",UHF42,102,Northeast Bronx,2015-2017,2015-01-01,143.0,,2015,1,1,2
336631,375,Nitrogen dioxide (NO2),Mean,ppb,UHF34,202,Downtown - Heights - Slope,Annual Average 2015,2015-01-01,21.87,,2015,1,1,2
628432,648,Asthma emergency department visits due to PM2.5,Estimated annual rate (under age 18),"per 100,000 children",Borough,1,Bronx,2015-2017,2015-01-01,146.9,,2015,1,1,2
628968,655,Asthma hospitalizations due to Ozone,Estimated annual rate (under age 18),"per 100,000 children",UHF42,104,Pelham - Throgs Neck,2015-2017,2015-01-01,28.7,,2015,1,1,2
334258,365,Fine particles (PM 2.5),Mean,mcg/m3,CD,302,Fort Greene and Brooklyn Heights (CD2),Annual Average 2015,2015-01-01,9.83,,2015,1,1,2
336769,375,Nitrogen dioxide (NO2),Mean,ppb,CD,205,Fordham and University Heights (CD5),Annual Average 2015,2015-01-01,22.7,,2015,1,1,2
628973,655,Asthma hospitalizations due to Ozone,Estimated annual rate (under age 18),"per 100,000 children",UHF42,202,Downtown - Heights - Slope,2015-2017,2015-01-01,12.5,,2015,1,1,2
628591,651,Cardiovascular hospitalizations due to PM2.5 (age 40+),Estimated annual rate,"per 100,000 adults",UHF42,204,East New York,2015-2017,2015-01-01,22.8,,2015,1,1,2
628622,651,Cardiovascular hospitalizations due to PM2.5 (age 40+),Estimated annual rate,"per 100,000 adults",UHF42,504,South Beach - Tottenville,2015-2017,2015-01-01,15.6,,2015,1,1,2
336547,375,Nitrogen dioxide (NO2),Mean,ppb,UHF42,302,Central Harlem - Morningside Heights,Annual Average 2015,2015-01-01,23.15,,2015,1,1,2
334129,365,Fine particles (PM 2.5),Mean,mcg/m3,UHF34,303,East Harlem,Annual Average 2015,2015-01-01,9.51,,2015,1,1,2
628393,639,Deaths due to PM2.5,Estimated annual rate (age 30+),"per 100,000 adults",UHF42,105,Crotona -Tremont,2015-2017,2015-01-01,38.4,,2015,1,1,2
334114,365,Fine particles (PM 2.5),Mean,mcg/m3,UHF34,209,Bensonhurst - Bay Ridge,Annual Average 2015,2015-01-01,8.13,,2015,1,1,2
629176,652,Cardiac and respiratory deaths due to Ozone,Estimated annual rate,"per 100,000",UHF42,302,Central Harlem - Morningside Heights,2015-2017,2015-01-01,4.4,,2015,1,1,2
628972,655,Asthma hospitalizations due to Ozone,Estimated annual rate (under age 18),"per 100,000 children",UHF42,201,Greenpoint,2015-2017,2015-01-01,4.8,,2015,1,1,2
628983,655,Asthma hospitalizations due to Ozone,Estimated annual rate (under age 18),"per 100,000 children",UHF42,301,Washington Heights,2015-2017,2015-01-01,19.7,,2015,1,1,2
628887,653,Asthma emergency departments visits due to Ozone,Estimated annual rate (under age 18),"per 100,000 children",UHF42,301,Washington Heights,2015-2017,2015-01-01,99.8,,2015,1,1,2
628917,659,Asthma emergency departments visits due to Ozone,Estimated annual rate (age 18+),"per 100,000 adults",UHF42,101,Kingsbridge - Riverdale,2015-2017,2015-01-01,36.2,,2015,1,1,2
628390,639,Deaths due to PM2.5,Estimated annual rate (age 30+),"per 100,000 adults",UHF42,102,Northeast Bronx,2015-2017,2015-01-01,47.3,,2015,1,1,2
628906,653,Asthma emergency departments visits due to Ozone,Estimated annual rate (under age 18),"per 100,000 children",UHF42,410,Rockaways,2015-2017,2015-01-01,84.8,,2015,1,1,2
628397,639,Deaths due to PM2.5,Estimated annual rate (age 30+),"per 100,000 adults",UHF42,202,Downtown - Heights - Slope,2015-2017,2015-01-01,26.5,,2015,1,1,2
628540,650,Respiratory hospitalizations due to PM2.5 (age 20+),Estimated annual rate,"per 100,000 adults",UHF42,201,Greenpoint,2015-2017,2015-01-01,6.6,,2015,1,1,2
629043,661,Asthma hospitalizations due to Ozone,Estimated annual rate (age 18+),"per 100,000 adults",UHF42,403,Flushing - Clearview,2015-2017,2015-01-01,1.4,,2015,1,1,2
179756,642,Boiler Emissions- Total NOx Emissions,Number per km2,number,UHF42,306,Chelsea - Clinton,2015,2015-01-01,181.5,,2015,1,1,2
629002,655,Asthma hospitalizations due to Ozone,Estimated annual rate (under age 18),"per 100,000 children",UHF42,410,Rockaways,2015-2017,2015-01-01,11.0,,2015,1,1,2
628462,648,Asthma emergency department visits due to PM2.5,Estimated annual rate (under age 18),"per 100,000 children",UHF42,308,Greenwich Village - SoHo,2015-2017,2015-01-01,14.2,,2015,1,1,2
179805,640,Boiler Emissions- Total SO2 Emissions,Number per km2,number,UHF42,304,Upper West Side,2015,2015-01-01,50.9,,2015,1,1,2
334294,365,Fine particles (PM 2.5),Mean,mcg/m3,CD,314,Flatbush and Midwood (CD14),Annual Average 2015,2015-01-01,8.42,,2015,1,1,2
334273,365,Fine particles (PM 2.5),Mean,mcg/m3,CD,307,Sunset Park (CD7),Annual Average 2015,2015-01-01,9.56,,2015,1,1,2
629042,661,Asthma hospitalizations due to Ozone,Estimated annual rate (age 18+),"per 100,000 adults",UHF42,402,West Queens,2015-2017,2015-01-01,2.3,,2015,1,1,2
179793,640,Boiler Emissions- Total SO2 Emissions,Number per km2,number,UHF42,107,Hunts Point - Mott Haven,2015,2015-01-01,1.7,,2015,1,1,2
628876,653,Asthma emergency departments visits due to Ozone,Estimated annual rate (under age 18),"per 100,000 children",UHF42,201,Greenpoint,2015-2017,2015-01-01,36.5,,2015,1,1,2
628566,650,Respiratory hospitalizations due to PM2.5 (age 20+),Estimated annual rate,"per 100,000 adults",UHF42,406,Fresh Meadows,2015-2017,2015-01-01,8.5,,2015,1,1,2
179811,640,Boiler Emissions- Total SO2 Emissions,Number per km2,number,Borough,1,Bronx,2015,2015-01-01,6.3,,2015,1,1,2
179790,640,Boiler Emissions- Total SO2 Emissions,Number per km2,number,UHF42,207,East Flatbush - Flatbush,2015,2015-01-01,1.7,,2015,1,1,2
179859,641,Boiler Emissions- Total PM2.5 Emissions,Number per km2,number,Borough,1,Bronx,2015,2015-01-01,0.9,,2015,1,1,2
336679,375,Nitrogen dioxide (NO2),Mean,ppb,UHF34,403,Flushing - Clearview,Annual Average 2015,2015-01-01,19.09,,2015,1,1,2
179763,642,Boiler Emissions- Total NOx Emissions,Number per km2,number,Borough,1,Bronx,2015,2015-01-01,39.5,,2015,1,1,2
179770,640,Boiler Emissions- Total SO2 Emissions,Number per km2,number,UHF42,410,Rockaways,2015,2015-01-01,0.0,,2015,1,1,2
179723,642,Boiler Emissions- Total NOx Emissions,Number per km2,number,UHF42,208,Canarsie - Flatlands,2015,2015-01-01,6.6,,2015,1,1,2
628552,650,Respiratory hospitalizations due to PM2.5 (age 20+),Estimated annual rate,"per 100,000 adults",UHF42,302,Central Harlem - Morningside Heights,2015-2017,2015-01-01,14.9,,2015,1,1,2
334222,365,Fine particles (PM 2.5),Mean,mcg/m3,CD,202,Hunts Point and Longwood (CD2),Annual Average 2015,2015-01-01,9.85,,2015,1,1,2
334312,365,Fine particles (PM 2.5),Mean,mcg/m3,CD,402,Woodside and Sunnyside (CD2),Annual Average 2015,2015-01-01,10.31,,2015,1,1,2
179824,641,Boiler Emissions- Total PM2.5 Emissions,Number per km2,number,UHF42,407,Southwest Queens,2015,2015-01-01,0.1,,2015,1,1,2
179728,642,Boiler Emissions- Total NOx Emissions,Number per km2,number,UHF42,407,Southwest Queens,2015,2015-01-01,14.3,,2015,1,1,2
336514,375,Nitrogen dioxide (NO2),Mean,ppb,UHF42,202,Downtown - Heights - Slope,Annual Average 2015,2015-01-01,21.87,,2015,1,1,2
179742,642,Boiler Emissions- Total NOx Emissions,Number per km2,number,UHF42,207,East Flatbush - Flatbush,2015,2015-01-01,33.2,,2015,1,1,2
336535,375,Nitrogen dioxide (NO2),Mean,ppb,UHF42,209,Bensonhurst - Bay Ridge,Annual Average 2015,2015-01-01,18.62,,2015,1,1,2
628994,655,Asthma hospitalizations due to Ozone,Estimated annual rate (under age 18),"per 100,000 children",UHF42,402,West Queens,2015-2017,2015-01-01,9.0,,2015,1,1,2
179855,641,Boiler Emissions- Total PM2.5 Emissions,Number per km2,number,UHF42,307,Gramercy Park - Murray Hill,2015,2015-01-01,5.5,,2015,1,1,2
628413,639,Deaths due to PM2.5,Estimated annual rate (age 30+),"per 100,000 adults",UHF42,307,Gramercy Park - Murray Hill,2015-2017,2015-01-01,35.7,,2015,1,1,2
179736,642,Boiler Emissions- Total NOx Emissions,Number per km2,number,UHF42,402,West Queens,2015,2015-01-01,23.7,,2015,1,1,2
179832,641,Boiler Emissions- Total PM2.5 Emissions,Number per km2,number,UHF42,402,West Queens,2015,2015-01-01,0.2,,2015,1,1,2
336751,375,Nitrogen dioxide (NO2),Mean,ppb,CD,111,East Harlem (CD11),Annual Average 2015,2015-01-01,22.9,,2015,1,1,2
628898,653,Asthma emergency departments visits due to Ozone,Estimated annual rate (under age 18),"per 100,000 children",UHF42,402,West Queens,2015-2017,2015-01-01,80.7,,2015,1,1,2
628531,650,Respiratory hospitalizations due to PM2.5 (age 20+),Estimated annual rate,"per 100,000 adults",Borough,4,Queens,2015-2017,2015-01-01,9.6,,2015,1,1,2
336811,375,Nitrogen dioxide (NO2),Mean,ppb,CD,307,Sunset Park (CD7),Annual Average 2015,2015-01-01,19.81,,2015,1,1,2
336478,375,Nitrogen dioxide (NO2),Mean,ppb,Borough,2,Brooklyn,Annual Average 2015,2015-01-01,19.29,,2015,1,1,2
629012,661,Asthma hospitalizations due to Ozone,Estimated annual rate (age 18+),"per 100,000 adults",Borough,5,Staten Island,2015-2017,2015-01-01,3.7,,2015,1,1,2
336622,375,Nitrogen dioxide (NO2),Mean,ppb,UHF34,103,Fordham - Bronx Pk,Annual Average 2015,2015-01-01,19.76,,2015,1,1,2
629152,652,Cardiac and respiratory deaths due to Ozone,Estimated annual rate,"per 100,000",Borough,1,Bronx,2015-2017,2015-01-01,4.6,,2015,1,1,2
333985,365,Fine particles (PM 2.5),Mean,mcg/m3,UHF42,205,Sunset Park,Annual Average 2015,2015-01-01,9.45,,2015,1,1,2
336526,375,Nitrogen dioxide (NO2),Mean,ppb,UHF42,206,Borough Park,Annual Average 2015,2015-01-01,19.74,,2015,1,1,2
179840,641,Boiler Emissions- Total PM2.5 Emissions,Number per km2,number,UHF42,206,Borough Park,2015,2015-01-01,0.2,,2015,1,1,2
628426,639,Deaths due to PM2.5,Estimated annual rate (age 30+),"per 100,000 adults",UHF42,410,Rockaways,2015-2017,2015-01-01,50.2,,2015,1,1,2
628541,650,Respiratory hospitalizations due to PM2.5 (age 20+),Estimated annual rate,"per 100,000 adults",UHF42,202,Downtown - Heights - Slope,2015-2017,2015-01-01,7.8,,2015,1,1,2
336484,375,Nitrogen dioxide (NO2),Mean,ppb,Borough,4,Queens,Annual Average 2015,2015-01-01,18.51,,2015,1,1,2
628546,650,Respiratory hospitalizations due to PM2.5 (age 20+),Estimated annual rate,"per 100,000 adults",UHF42,207,East Flatbush - Flatbush,2015-2017,2015-01-01,9.7,,2015,1,1,2
334042,365,Fine particles (PM 2.5),Mean,mcg/m3,UHF42,403,Flushing - Clearview,Annual Average 2015,2015-01-01,8.45,,2015,1,1,2
628558,650,Respiratory hospitalizations due to PM2.5 (age 20+),Estimated annual rate,"per 100,000 adults",UHF42,308,Greenwich Village - SoHo,2015-2017,2015-01-01,4.7,,2015,1,1,2
179820,641,Boiler Emissions- Total PM2.5 Emissions,Number per km2,number,UHF42,409,Southeast Queens,2015,2015-01-01,0.0,,2015,1,1,2
179724,642,Boiler Emissions- Total NOx Emissions,Number per km2,number,UHF42,409,Southeast Queens,2015,2015-01-01,8.1,,2015,1,1,2
336781,375,Nitrogen dioxide (NO2),Mean,ppb,CD,209,Parkchester and Soundview (CD9),Annual Average 2015,2015-01-01,20.12,,2015,1,1,2
628394,639,Deaths due to PM2.5,Estimated annual rate (age 30+),"per 100,000 adults",UHF42,106,High Bridge - Morrisania,2015-2017,2015-01-01,43.0,,2015,1,1,2
336721,375,Nitrogen dioxide (NO2),Mean,ppb,CD,101,Financial District (CD1),Annual Average 2015,2015-01-01,26.7,,2015,1,1,2
628946,659,Asthma emergency departments visits due to Ozone,Estimated annual rate (age 18+),"per 100,000 adults",UHF42,402,West Queens,2015-2017,2015-01-01,20.7,,2015,1,1,2
333937,365,Fine particles (PM 2.5),Mean,mcg/m3,Borough,1,Bronx,Annual Average 2015,2015-01-01,9.24,,2015,1,1,2
333991,365,Fine particles (PM 2.5),Mean,mcg/m3,UHF42,207,East Flatbush - Flatbush,Annual Average 2015,2015-01-01,8.59,,2015,1,1,2
628508,657,Asthma emergency department visits due to PM2.5,Estimated annual rate (age 18+),"per 100,000 adults",UHF42,306,Chelsea - Clinton,2015-2017,2015-01-01,20.4,,2015,1,1,2
628561,650,Respiratory hospitalizations due to PM2.5 (age 20+),Estimated annual rate,"per 100,000 adults",UHF42,401,Long Island City - Astoria,2015-2017,2015-01-01,9.3,,2015,1,1,2
333940,365,Fine particles (PM 2.5),Mean,mcg/m3,Borough,2,Brooklyn,Annual Average 2015,2015-01-01,8.74,,2015,1,1,2
628518,657,Asthma emergency department visits due to PM2.5,Estimated annual rate (age 18+),"per 100,000 adults",UHF42,406,Fresh Meadows,2015-2017,2015-01-01,12.7,,2015,1,1,2
629171,652,Cardiac and respiratory deaths due to Ozone,Estimated annual rate,"per 100,000",UHF42,208,Canarsie - Flatlands,2015-2017,2015-01-01,6.0,,2015,1,1,2
629163,652,Cardiac and respiratory deaths due to Ozone,Estimated annual rate,"per 100,000",UHF42,107,Hunts Point - Mott Haven,2015-2017,2015-01-01,3.6,,2015,1,1,2
336613,375,Nitrogen dioxide (NO2),Mean,ppb,UHF42,504,South Beach - Tottenville,Annual Average 2015,2015-01-01,11.91,,2015,1,1,2
629192,652,Cardiac and respiratory deaths due to Ozone,Estimated annual rate,"per 100,000",UHF42,408,Jamaica,2015-2017,2015-01-01,5.1,,2015,1,1,2
334276,365,Fine particles (PM 2.5),Mean,mcg/m3,CD,308,Crown Heights and Prospect Heights (CD8),Annual Average 2015,2015-01-01,8.91,,2015,1,1,2
628556,650,Respiratory hospitalizations due to PM2.5 (age 20+),Estimated annual rate,"per 100,000 adults",UHF42,306,Chelsea - Clinton,2015-2017,2015-01-01,6.9,,2015,1,1,2
628916,659,Asthma emergency departments visits due to Ozone,Estimated annual rate (age 18+),"per 100,000 adults",Borough,5,Staten Island,2015-2017,2015-01-01,33.9,,2015,1,1,2
629190,652,Cardiac and respiratory deaths due to Ozone,Estimated annual rate,"per 100,000",UHF42,406,Fresh Meadows,2015-2017,2015-01-01,5.1,,2015,1,1,2
336796,375,Nitrogen dioxide (NO2),Mean,ppb,CD,302,Fort Greene and Brooklyn Heights (CD2),Annual Average 2015,2015-01-01,22.4,,2015,1,1,2
629154,652,Cardiac and respiratory deaths due to Ozone,Estimated annual rate,"per 100,000",Borough,3,Manhattan,2015-2017,2015-01-01,3.9,,2015,1,1,2
179774,640,Boiler Emissions- Total SO2 Emissions,Number per km2,number,UHF42,408,Jamaica,2015,2015-01-01,0.4,,2015,1,1,2
179744,642,Boiler Emissions- Total NOx Emissions,Number per km2,number,UHF42,206,Borough Park,2015,2015-01-01,34.4,,2015,1,1,2
628486,657,Asthma emergency department visits due to PM2.5,Estimated annual rate (age 18+),"per 100,000 adults",UHF42,102,Northeast Bronx,2015-2017,2015-01-01,48.4,,2015,1,1,2
336736,375,Nitrogen dioxide (NO2),Mean,ppb,CD,106,Stuyvesant Town and Turtle Bay (CD6),Annual Average 2015,2015-01-01,29.29,,2015,1,1,2
628593,651,Cardiovascular hospitalizations due to PM2.5 (age 40+),Estimated annual rate,"per 100,000 adults",UHF42,206,Borough Park,2015-2017,2015-01-01,16.1,,2015,1,1,2
334186,365,Fine particles (PM 2.5),Mean,mcg/m3,CD,102,Greenwich Village and Soho (CD2),Annual Average 2015,2015-01-01,10.61,,2015,1,1,2
628617,651,Cardiovascular hospitalizations due to PM2.5 (age 40+),Estimated annual rate,"per 100,000 adults",UHF42,409,Southeast Queens,2015-2017,2015-01-01,17.3,,2015,1,1,2
179795,640,Boiler Emissions- Total SO2 Emissions,Number per km2,number,UHF42,303,East Harlem,2015,2015-01-01,4.8,,2015,1,1,2
179779,640,Boiler Emissions- Total SO2 Emissions,Number per km2,number,UHF42,403,Flushing - Clearview,2015,2015-01-01,3.0,,2015,1,1,2
628929,659,Asthma emergency departments visits due to Ozone,Estimated annual rate (age 18+),"per 100,000 adults",UHF42,206,Borough Park,2015-2017,2015-01-01,14.2,,2015,1,1,2
336814,375,Nitrogen dioxide (NO2),Mean,ppb,CD,308,Crown Heights and Prospect Heights (CD8),Annual Average 2015,2015-01-01,21.29,,2015,1,1,2
629187,652,Cardiac and respiratory deaths due to Ozone,Estimated annual rate,"per 100,000",UHF42,403,Flushing - Clearview,2015-2017,2015-01-01,5.8,,2015,1,1,2
336841,375,Nitrogen dioxide (NO2),Mean,ppb,CD,317,East Flatbush (CD17),Annual Average 2015,2015-01-01,19.81,,2015,1,1,2
629156,652,Cardiac and respiratory deaths due to Ozone,Estimated annual rate,"per 100,000",Borough,5,Staten Island,2015-2017,2015-01-01,7.5,,2015,1,1,2
628457,648,Asthma emergency department visits due to PM2.5,Estimated annual rate (under age 18),"per 100,000 children",UHF42,303,East Harlem,2015-2017,2015-01-01,215.5,,2015,1,1,2
628496,657,Asthma emergency department visits due to PM2.5,Estimated annual rate (age 18+),"per 100,000 adults",UHF42,205,Sunset Park,2015-2017,2015-01-01,18.6,,2015,1,1,2
628544,650,Respiratory hospitalizations due to PM2.5 (age 20+),Estimated annual rate,"per 100,000 adults",UHF42,205,Sunset Park,2015-2017,2015-01-01,7.4,,2015,1,1,2
628447,648,Asthma emergency department visits due to PM2.5,Estimated annual rate (under age 18),"per 100,000 children",UHF42,204,East New York,2015-2017,2015-01-01,118.4,,2015,1,1,2
628581,651,Cardiovascular hospitalizations due to PM2.5 (age 40+),Estimated annual rate,"per 100,000 adults",UHF42,101,Kingsbridge - Riverdale,2015-2017,2015-01-01,18.2,,2015,1,1,2
628437,648,Asthma emergency department visits due to PM2.5,Estimated annual rate (under age 18),"per 100,000 children",UHF42,101,Kingsbridge - Riverdale,2015-2017,2015-01-01,65.8,,2015,1,1,2
334216,365,Fine particles (PM 2.5),Mean,mcg/m3,CD,112,Washington Heights and Inwood (CD12),Annual Average 2015,2015-01-01,9.36,,2015,1,1,2
628588,651,Cardiovascular hospitalizations due to PM2.5 (age 40+),Estimated annual rate,"per 100,000 adults",UHF42,201,Greenpoint,2015-2017,2015-01-01,15.9,,2015,1,1,2
628514,657,Asthma emergency department visits due to PM2.5,Estimated annual rate (age 18+),"per 100,000 adults",UHF42,402,West Queens,2015-2017,2015-01-01,14.7,,2015,1,1,2
334234,365,Fine particles (PM 2.5),Mean,mcg/m3,CD,206,Belmont and East Tremont (CD6),Annual Average 2015,2015-01-01,9.45,,2015,1,1,2
334324,365,Fine particles (PM 2.5),Mean,mcg/m3,CD,406,Rego Park and Forest Hills (CD6),Annual Average 2015,2015-01-01,8.48,,2015,1,1,2
628555,650,Respiratory hospitalizations due to PM2.5 (age 20+),Estimated annual rate,"per 100,000 adults",UHF42,305,Upper East Side,2015-2017,2015-01-01,6.7,,2015,1,1,2
628494,657,Asthma emergency department visits due to PM2.5,Estimated annual rate (age 18+),"per 100,000 adults",UHF42,203,Bedford Stuyvesant - Crown Heights,2015-2017,2015-01-01,68.1,,2015,1,1,2
336496,375,Nitrogen dioxide (NO2),Mean,ppb,UHF42,103,Fordham - Bronx Pk,Annual Average 2015,2015-01-01,19.76,,2015,1,1,2
628897,653,Asthma emergency departments visits due to Ozone,Estimated annual rate (under age 18),"per 100,000 children",UHF42,401,Long Island City - Astoria,2015-2017,2015-01-01,58.8,,2015,1,1,2
629197,652,Cardiac and respiratory deaths due to Ozone,Estimated annual rate,"per 100,000",UHF42,503,Willowbrook,2015-2017,2015-01-01,7.7,,2015,1,1,2
628524,657,Asthma emergency department visits due to PM2.5,Estimated annual rate (age 18+),"per 100,000 adults",UHF42,502,Stapleton - St. George,2015-2017,2015-01-01,32.0,,2015,1,1,2
628501,657,Asthma emergency department visits due to PM2.5,Estimated annual rate (age 18+),"per 100,000 adults",UHF42,210,Coney Island - Sheepshead Bay,2015-2017,2015-01-01,18.2,,2015,1,1,2
179769,640,Boiler Emissions- Total SO2 Emissions,Number per km2,number,UHF42,502,Stapleton - St. George,2015,2015-01-01,0.2,,2015,1,1,2
628521,657,Asthma emergency department visits due to PM2.5,Estimated annual rate (age 18+),"per 100,000 adults",UHF42,409,Southeast Queens,2015-2017,2015-01-01,17.9,,2015,1,1,2
628440,648,Asthma emergency department visits due to PM2.5,Estimated annual rate (under age 18),"per 100,000 children",UHF42,104,Pelham - Throgs Neck,2015-2017,2015-01-01,105.2,,2015,1,1,2
628500,657,Asthma emergency department visits due to PM2.5,Estimated annual rate (age 18+),"per 100,000 adults",UHF42,209,Bensonhurst - Bay Ridge,2015-2017,2015-01-01,8.5,,2015,1,1,2
628910,653,Asthma emergency departments visits due to Ozone,Estimated annual rate (under age 18),"per 100,000 children",UHF42,504,South Beach - Tottenville,2015-2017,2015-01-01,19.3,,2015,1,1,2
628620,651,Cardiovascular hospitalizations due to PM2.5 (age 40+),Estimated annual rate,"per 100,000 adults",UHF42,502,Stapleton - St. George,2015-2017,2015-01-01,19.1,,2015,1,1,2
629172,652,Cardiac and respiratory deaths due to Ozone,Estimated annual rate,"per 100,000",UHF42,209,Bensonhurst - Bay Ridge,2015-2017,2015-01-01,6.3,,2015,1,1,2
628594,651,Cardiovascular hospitalizations due to PM2.5 (age 40+),Estimated annual rate,"per 100,000 adults",UHF42,207,East Flatbush - Flatbush,2015-2017,2015-01-01,18.3,,2015,1,1,2
333976,365,Fine particles (PM 2.5),Mean,mcg/m3,UHF42,202,Downtown - Heights - Slope,Annual Average 2015,2015-01-01,9.89,,2015,1,1,2
628576,651,Cardiovascular hospitalizations due to PM2.5 (age 40+),Estimated annual rate,"per 100,000 adults",Borough,1,Bronx,2015-2017,2015-01-01,21.0,,2015,1,1,2
628940,659,Asthma emergency departments visits due to Ozone,Estimated annual rate (age 18+),"per 100,000 adults",UHF42,306,Chelsea - Clinton,2015-2017,2015-01-01,27.3,,2015,1,1,2
628577,651,Cardiovascular hospitalizations due to PM2.5 (age 40+),Estimated annual rate,"per 100,000 adults",Borough,2,Brooklyn,2015-2017,2015-01-01,18.2,,2015,1,1,2
629183,652,Cardiac and respiratory deaths due to Ozone,Estimated annual rate,"per 100,000",UHF42,309,Union Square - Lower East Side,2015-2017,2015-01-01,4.5,,2015,1,1,2
628595,651,Cardiovascular hospitalizations due to PM2.5 (age 40+),Estimated annual rate,"per 100,000 adults",UHF42,208,Canarsie - Flatlands,2015-2017,2015-01-01,18.3,,2015,1,1,2
334009,365,Fine particles (PM 2.5),Mean,mcg/m3,UHF42,302,Central Harlem - Morningside Heights,Annual Average 2015,2015-01-01,9.36,,2015,1,1,2
334336,365,Fine particles (PM 2.5),Mean,mcg/m3,CD,410,South Ozone Park and Howard Beach (CD10),Annual Average 2015,2015-01-01,7.89,,2015,1,1,2
628490,657,Asthma emergency department visits due to PM2.5,Estimated annual rate (age 18+),"per 100,000 adults",UHF42,106,High Bridge - Morrisania,2015-2017,2015-01-01,98.1,,2015,1,1,2
336520,375,Nitrogen dioxide (NO2),Mean,ppb,UHF42,204,East New York,Annual Average 2015,2015-01-01,19.09,,2015,1,1,2
628522,657,Asthma emergency department visits due to PM2.5,Estimated annual rate (age 18+),"per 100,000 adults",UHF42,410,Rockaways,2015-2017,2015-01-01,39.0,,2015,1,1,2
334003,365,Fine particles (PM 2.5),Mean,mcg/m3,UHF42,211,Williamsburg - Bushwick,Annual Average 2015,2015-01-01,9.61,,2015,1,1,2
179743,642,Boiler Emissions- Total NOx Emissions,Number per km2,number,UHF42,102,Northeast Bronx,2015,2015-01-01,33.3,,2015,1,1,2
179839,641,Boiler Emissions- Total PM2.5 Emissions,Number per km2,number,UHF42,102,Northeast Bronx,2015,2015-01-01,0.3,,2015,1,1,2
629006,655,Asthma hospitalizations due to Ozone,Estimated annual rate (under age 18),"per 100,000 children",UHF42,504,South Beach - Tottenville,2015-2017,2015-01-01,5.1,,2015,1,1,2
629169,652,Cardiac and respiratory deaths due to Ozone,Estimated annual rate,"per 100,000",UHF42,206,Borough Park,2015-2017,2015-01-01,4.8,,2015,1,1,2
628497,657,Asthma emergency department visits due to PM2.5,Estimated annual rate (age 18+),"per 100,000 adults",UHF42,206,Borough Park,2015-2017,2015-01-01,9.3,,2015,1,1,2
629155,652,Cardiac and respiratory deaths due to Ozone,Estimated annual rate,"per 100,000",Borough,4,Queens,2015-2017,2015-01-01,4.7,,2015,1,1,2
334165,365,Fine particles (PM 2.5),Mean,mcg/m3,UHF34,309310,Union Square-Lower Manhattan,Annual Average 2015,2015-01-01,10.21,,2015,1,1,2
628578,651,Cardiovascular hospitalizations due to PM2.5 (age 40+),Estimated annual rate,"per 100,000 adults",Borough,3,Manhattan,2015-2017,2015-01-01,14.6,,2015,1,1,2
334198,365,Fine particles (PM 2.5),Mean,mcg/m3,CD,106,Stuyvesant Town and Turtle Bay (CD6),Annual Average 2015,2015-01-01,11.21,,2015,1,1,2
334171,365,Fine particles (PM 2.5),Mean,mcg/m3,UHF34,501502,Northern SI,Annual Average 2015,2015-01-01,8.0,,2015,1,1,2
334177,365,Fine particles (PM 2.5),Mean,mcg/m3,UHF34,105106107,South Bronx,Annual Average 2015,2015-01-01,9.63,,2015,1,1,2
628515,657,Asthma emergency department visits due to PM2.5,Estimated annual rate (age 18+),"per 100,000 adults",UHF42,403,Flushing - Clearview,2015-2017,2015-01-01,7.9,,2015,1,1,2
336688,375,Nitrogen dioxide (NO2),Mean,ppb,UHF34,408,Jamaica,Annual Average 2015,2015-01-01,18.42,,2015,1,1,2
179848,641,Boiler Emissions- Total PM2.5 Emissions,Number per km2,number,UHF42,301,Washington Heights,2015,2015-01-01,4.2,,2015,1,1,2
179752,642,Boiler Emissions- Total NOx Emissions,Number per km2,number,UHF42,301,Washington Heights,2015,2015-01-01,100.6,,2015,1,1,2
179842,641,Boiler Emissions- Total PM2.5 Emissions,Number per km2,number,UHF42,101,Kingsbridge - Riverdale,2015,2015-01-01,1.3,,2015,1,1,2
333967,365,Fine particles (PM 2.5),Mean,mcg/m3,UHF42,106,High Bridge - Morrisania,Annual Average 2015,2015-01-01,9.6,,2015,1,1,2
628899,653,Asthma emergency departments visits due to Ozone,Estimated annual rate (under age 18),"per 100,000 children",UHF42,403,Flushing - Clearview,2015-2017,2015-01-01,39.7,,2015,1,1,2
628610,651,Cardiovascular hospitalizations due to PM2.5 (age 40+),Estimated annual rate,"per 100,000 adults",UHF42,402,West Queens,2015-2017,2015-01-01,12.7,,2015,1,1,2
628525,657,Asthma emergency department visits due to PM2.5,Estimated annual rate (age 18+),"per 100,000 adults",UHF42,503,Willowbrook,2015-2017,2015-01-01,12.9,,2015,1,1,2
628458,648,Asthma emergency department visits due to PM2.5,Estimated annual rate (under age 18),"per 100,000 children",UHF42,304,Upper West Side,2015-2017,2015-01-01,51.9,,2015,1,1,2
179746,642,Boiler Emissions- Total NOx Emissions,Number per km2,number,UHF42,101,Kingsbridge - Riverdale,2015,2015-01-01,35.8,,2015,1,1,2
628505,657,Asthma emergency department visits due to PM2.5,Estimated annual rate (age 18+),"per 100,000 adults",UHF42,303,East Harlem,2015-2017,2015-01-01,111.6,,2015,1,1,2
334207,365,Fine particles (PM 2.5),Mean,mcg/m3,CD,109,Morningside Heights and Hamilton Heights (CD9),Annual Average 2015,2015-01-01,9.44,,2015,1,1,2
334111,365,Fine particles (PM 2.5),Mean,mcg/m3,UHF34,208,Canarsie - Flatlands,Annual Average 2015,2015-01-01,8.1,,2015,1,1,2
333946,365,Fine particles (PM 2.5),Mean,mcg/m3,Borough,4,Queens,Annual Average 2015,2015-01-01,8.35,,2015,1,1,2
628439,648,Asthma emergency department visits due to PM2.5,Estimated annual rate (under age 18),"per 100,000 children",UHF42,103,Fordham - Bronx Pk,2015-2017,2015-01-01,153.6,,2015,1,1,2
334039,365,Fine particles (PM 2.5),Mean,mcg/m3,UHF42,402,West Queens,Annual Average 2015,2015-01-01,9.17,,2015,1,1,2
629157,652,Cardiac and respiratory deaths due to Ozone,Estimated annual rate,"per 100,000",UHF42,101,Kingsbridge - Riverdale,2015-2017,2015-01-01,8.3,,2015,1,1,2
628619,651,Cardiovascular hospitalizations due to PM2.5 (age 40+),Estimated annual rate,"per 100,000 adults",UHF42,501,Port Richmond,2015-2017,2015-01-01,17.9,,2015,1,1,2
628971,655,Asthma hospitalizations due to Ozone,Estimated annual rate (under age 18),"per 100,000 children",UHF42,107,Hunts Point - Mott Haven,2015-2017,2015-01-01,40.7,,2015,1,1,2
629034,661,Asthma hospitalizations due to Ozone,Estimated annual rate (age 18+),"per 100,000 adults",UHF42,304,Upper West Side,2015-2017,2015-01-01,1.5,,2015,1,1,2
333943,365,Fine particles (PM 2.5),Mean,mcg/m3,Borough,3,Manhattan,Annual Average 2015,2015-01-01,10.19,,2015,1,1,2
629168,652,Cardiac and respiratory deaths due to Ozone,Estimated annual rate,"per 100,000",UHF42,205,Sunset Park,2015-2017,2015-01-01,3.1,,2015,1,1,2
628436,648,Asthma emergency department visits due to PM2.5,Estimated annual rate (under age 18),"per 100,000 children",Borough,5,Staten Island,2015-2017,2015-01-01,33.1,,2015,1,1,2
629051,661,Asthma hospitalizations due to Ozone,Estimated annual rate (age 18+),"per 100,000 adults",UHF42,501,Port Richmond,2015-2017,2015-01-01,7.7,,2015,1,1,2
333973,365,Fine particles (PM 2.5),Mean,mcg/m3,UHF42,201,Greenpoint,Annual Average 2015,2015-01-01,10.49,,2015,1,1,2
628485,657,Asthma emergency department visits due to PM2.5,Estimated annual rate (age 18+),"per 100,000 adults",UHF42,101,Kingsbridge - Riverdale,2015-2017,2015-01-01,25.8,,2015,1,1,2
333988,365,Fine particles (PM 2.5),Mean,mcg/m3,UHF42,206,Borough Park,Annual Average 2015,2015-01-01,8.44,,2015,1,1,2
629179,652,Cardiac and respiratory deaths due to Ozone,Estimated annual rate,"per 100,000",UHF42,305,Upper East Side,2015-2017,2015-01-01,3.8,,2015,1,1,2
334006,365,Fine particles (PM 2.5),Mean,mcg/m3,UHF42,301,Washington Heights,Annual Average 2015,2015-01-01,9.36,,2015,1,1,2
336481,375,Nitrogen dioxide (NO2),Mean,ppb,Borough,3,Manhattan,Annual Average 2015,2015-01-01,25.18,,2015,1,1,2
628408,639,Deaths due to PM2.5,Estimated annual rate (age 30+),"per 100,000 adults",UHF42,302,Central Harlem - Morningside Heights,2015-2017,2015-01-01,45.4,,2015,1,1,2
629023,661,Asthma hospitalizations due to Ozone,Estimated annual rate (age 18+),"per 100,000 adults",UHF42,204,East New York,2015-2017,2015-01-01,5.0,,2015,1,1,2
628945,659,Asthma emergency departments visits due to Ozone,Estimated annual rate (age 18+),"per 100,000 adults",UHF42,401,Long Island City - Astoria,2015-2017,2015-01-01,28.7,,2015,1,1,2
628513,657,Asthma emergency department visits due to PM2.5,Estimated annual rate (age 18+),"per 100,000 adults",UHF42,401,Long Island City - Astoria,2015-2017,2015-01-01,21.8,,2015,1,1,2
334306,365,Fine particles (PM 2.5),Mean,mcg/m3,CD,318,Flatlands and Canarsie (CD18),Annual Average 2015,2015-01-01,8.06,,2015,1,1,2
628520,657,Asthma emergency department visits due to PM2.5,Estimated annual rate (age 18+),"per 100,000 adults",UHF42,408,Jamaica,2015-2017,2015-01-01,29.7,,2015,1,1,2
628519,657,Asthma emergency department visits due to PM2.5,Estimated annual rate (age 18+),"per 100,000 adults",UHF42,407,Southwest Queens,2015-2017,2015-01-01,18.6,,2015,1,1,2
336889,375,Nitrogen dioxide (NO2),Mean,ppb,CD,501,St. George and Stapleton (CD1),Annual Average 2015,2015-01-01,16.91,,2015,1,1,2
628492,657,Asthma emergency department visits due to PM2.5,Estimated annual rate (age 18+),"per 100,000 adults",UHF42,201,Greenpoint,2015-2017,2015-01-01,19.9,,2015,1,1,2
336703,375,Nitrogen dioxide (NO2),Mean,ppb,UHF34,309310,Union Square-Lower Manhattan,Annual Average 2015,2015-01-01,25.4,,2015,1,1,2
334330,365,Fine particles (PM 2.5),Mean,mcg/m3,CD,408,Hillcrest and Fresh Meadows (CD8),Annual Average 2015,2015-01-01,8.18,,2015,1,1,2
629199,652,Cardiac and respiratory deaths due to Ozone,Estimated annual rate,"per 100,000",Citywide,1,New York City,2015-2017,2015-01-01,4.8,,2015,1,1,2
336490,375,Nitrogen dioxide (NO2),Mean,ppb,UHF42,101,Kingsbridge - Riverdale,Annual Average 2015,2015-01-01,17.82,,2015,1,1,2
628422,639,Deaths due to PM2.5,Estimated annual rate (age 30+),"per 100,000 adults",UHF42,406,Fresh Meadows,2015-2017,2015-01-01,30.7,,2015,1,1,2
336499,375,Nitrogen dioxide (NO2),Mean,ppb,UHF42,104,Pelham - Throgs Neck,Annual Average 2015,2015-01-01,19.36,,2015,1,1,2
628883,653,Asthma emergency departments visits due to Ozone,Estimated annual rate (under age 18),"per 100,000 children",UHF42,208,Canarsie - Flatlands,2015-2017,2015-01-01,88.9,,2015,1,1,2
629030,661,Asthma hospitalizations due to Ozone,Estimated annual rate (age 18+),"per 100,000 adults",UHF42,211,Williamsburg - Bushwick,2015-2017,2015-01-01,4.6,,2015,1,1,2
629016,661,Asthma hospitalizations due to Ozone,Estimated annual rate (age 18+),"per 100,000 adults",UHF42,104,Pelham - Throgs Neck,2015-2017,2015-01-01,7.0,,2015,1,1,2
629185,652,Cardiac and respiratory deaths due to Ozone,Estimated annual rate,"per 100,000",UHF42,401,Long Island City - Astoria,2015-2017,2015-01-01,4.3,,2015,1,1,2
179776,640,Boiler Emissions- Total SO2 Emissions,Number per km2,number,UHF42,407,Southwest Queens,2015,2015-01-01,0.5,,2015,1,1,2
629189,652,Cardiac and respiratory deaths due to Ozone,Estimated annual rate,"per 100,000",UHF42,405,Ridgewood - Forest Hills,2015-2017,2015-01-01,5.3,,2015,1,1,2
334225,365,Fine particles (PM 2.5),Mean,mcg/m3,CD,203,Morrisania and Crotona (CD3),Annual Average 2015,2015-01-01,9.3,,2015,1,1,2
628433,648,Asthma emergency department visits due to PM2.5,Estimated annual rate (under age 18),"per 100,000 children",Borough,2,Brooklyn,2015-2017,2015-01-01,62.5,,2015,1,1,2
629019,661,Asthma hospitalizations due to Ozone,Estimated annual rate (age 18+),"per 100,000 adults",UHF42,107,Hunts Point - Mott Haven,2015-2017,2015-01-01,14.2,,2015,1,1,2
629166,652,Cardiac and respiratory deaths due to Ozone,Estimated annual rate,"per 100,000",UHF42,203,Bedford Stuyvesant - Crown Heights,2015-2017,2015-01-01,4.9,,2015,1,1,2
628919,659,Asthma emergency departments visits due to Ozone,Estimated annual rate (age 18+),"per 100,000 adults",UHF42,103,Fordham - Bronx Pk,2015-2017,2015-01-01,85.5,,2015,1,1,2
336670,375,Nitrogen dioxide (NO2),Mean,ppb,UHF34,304,Upper West Side,Annual Average 2015,2015-01-01,23.86,,2015,1,1,2
628481,657,Asthma emergency department visits due to PM2.5,Estimated annual rate (age 18+),"per 100,000 adults",Borough,2,Brooklyn,2015-2017,2015-01-01,34.9,,2015,1,1,2
628443,648,Asthma emergency department visits due to PM2.5,Estimated annual rate (under age 18),"per 100,000 children",UHF42,107,Hunts Point - Mott Haven,2015-2017,2015-01-01,194.7,,2015,1,1,2
336511,375,Nitrogen dioxide (NO2),Mean,ppb,UHF42,201,Greenpoint,Annual Average 2015,2015-01-01,21.69,,2015,1,1,2
629055,661,Asthma hospitalizations due to Ozone,Estimated annual rate (age 18+),"per 100,000 adults",Citywide,1,New York City,2015-2017,2015-01-01,3.9,,2015,1,1,2
336604,375,Nitrogen dioxide (NO2),Mean,ppb,UHF42,501,Port Richmond,Annual Average 2015,2015-01-01,17.36,,2015,1,1,2
629170,652,Cardiac and respiratory deaths due to Ozone,Estimated annual rate,"per 100,000",UHF42,207,East Flatbush - Flatbush,2015-2017,2015-01-01,4.8,,2015,1,1,2
628461,648,Asthma emergency department visits due to PM2.5,Estimated annual rate (under age 18),"per 100,000 children",UHF42,307,Gramercy Park - Murray Hill,2015-2017,2015-01-01,44.5,,2015,1,1,2
629037,661,Asthma hospitalizations due to Ozone,Estimated annual rate (age 18+),"per 100,000 adults",UHF42,307,Gramercy Park - Murray Hill,2015-2017,2015-01-01,1.0,,2015,1,1,2
628465,648,Asthma emergency department visits due to PM2.5,Estimated annual rate (under age 18),"per 100,000 children",UHF42,401,Long Island City - Astoria,2015-2017,2015-01-01,46.1,,2015,1,1,2
628419,639,Deaths due to PM2.5,Estimated annual rate (age 30+),"per 100,000 adults",UHF42,403,Flushing - Clearview,2015-2017,2015-01-01,36.1,,2015,1,1,2
628542,650,Respiratory hospitalizations due to PM2.5 (age 20+),Estimated annual rate,"per 100,000 adults",UHF42,203,Bedford Stuyvesant - Crown Heights,2015-2017,2015-01-01,12.4,,2015,1,1,2
628412,639,Deaths due to PM2.5,Estimated annual rate (age 30+),"per 100,000 adults",UHF42,306,Chelsea - Clinton,2015-2017,2015-01-01,31.7,,2015,1,1,2
628877,653,Asthma emergency departments visits due to Ozone,Estimated annual rate (under age 18),"per 100,000 children",UHF42,202,Downtown - Heights - Slope,2015-2017,2015-01-01,62.6,,2015,1,1,2
628589,651,Cardiovascular hospitalizations due to PM2.5 (age 40+),Estimated annual rate,"per 100,000 adults",UHF42,202,Downtown - Heights - Slope,2015-2017,2015-01-01,14.4,,2015,1,1,2
628448,648,Asthma emergency department visits due to PM2.5,Estimated annual rate (under age 18),"per 100,000 children",UHF42,205,Sunset Park,2015-2017,2015-01-01,34.4,,2015,1,1,2
628600,651,Cardiovascular hospitalizations due to PM2.5 (age 40+),Estimated annual rate,"per 100,000 adults",UHF42,302,Central Harlem - Morningside Heights,2015-2017,2015-01-01,20.2,,2015,1,1,2
628459,648,Asthma emergency department visits due to PM2.5,Estimated annual rate (under age 18),"per 100,000 children",UHF42,305,Upper East Side,2015-2017,2015-01-01,18.6,,2015,1,1,2
333964,365,Fine particles (PM 2.5),Mean,mcg/m3,UHF42,105,Crotona -Tremont,Annual Average 2015,2015-01-01,9.67,,2015,1,1,2
628947,659,Asthma emergency departments visits due to Ozone,Estimated annual rate (age 18+),"per 100,000 adults",UHF42,403,Flushing - Clearview,2015-2017,2015-01-01,11.9,,2015,1,1,2
336838,375,Nitrogen dioxide (NO2),Mean,ppb,CD,316,Brownsville (CD16),Annual Average 2015,2015-01-01,20.08,,2015,1,1,2
628614,651,Cardiovascular hospitalizations due to PM2.5 (age 40+),Estimated annual rate,"per 100,000 adults",UHF42,406,Fresh Meadows,2015-2017,2015-01-01,11.7,,2015,1,1,2
628959,659,Asthma emergency departments visits due to Ozone,Estimated annual rate (age 18+),"per 100,000 adults",Citywide,1,New York City,2015-2017,2015-01-01,48.3,,2015,1,1,2
628491,657,Asthma emergency department visits due to PM2.5,Estimated annual rate (age 18+),"per 100,000 adults",UHF42,107,Hunts Point - Mott Haven,2015-2017,2015-01-01,104.6,,2015,1,1,2
628510,657,Asthma emergency department visits due to PM2.5,Estimated annual rate (age 18+),"per 100,000 adults",UHF42,308,Greenwich Village - SoHo,2015-2017,2015-01-01,6.5,,2015,1,1,2
333955,365,Fine particles (PM 2.5),Mean,mcg/m3,UHF42,102,Northeast Bronx,Annual Average 2015,2015-01-01,9.13,,2015,1,1,2
336664,375,Nitrogen dioxide (NO2),Mean,ppb,UHF34,302,Central Harlem - Morningside Heights,Annual Average 2015,2015-01-01,23.15,,2015,1,1,2
336892,375,Nitrogen dioxide (NO2),Mean,ppb,CD,502,South Beach and Willowbrook (CD2),Annual Average 2015,2015-01-01,13.62,,2015,1,1,2
628957,659,Asthma emergency departments visits due to Ozone,Estimated annual rate (age 18+),"per 100,000 adults",UHF42,503,Willowbrook,2015-2017,2015-01-01,21.4,,2015,1,1,2
629032,661,Asthma hospitalizations due to Ozone,Estimated annual rate (age 18+),"per 100,000 adults",UHF42,302,Central Harlem - Morningside Heights,2015-2017,2015-01-01,6.1,,2015,1,1,2
628504,657,Asthma emergency department visits due to PM2.5,Estimated annual rate (age 18+),"per 100,000 adults",UHF42,302,Central Harlem - Morningside Heights,2015-2017,2015-01-01,95.1,,2015,1,1,2
628921,659,Asthma emergency departments visits due to Ozone,Estimated annual rate (age 18+),"per 100,000 adults",UHF42,105,Crotona -Tremont,2015-2017,2015-01-01,112.0,,2015,1,1,2
628480,657,Asthma emergency department visits due to PM2.5,Estimated annual rate (age 18+),"per 100,000 adults",Borough,1,Bronx,2015-2017,2015-01-01,67.0,,2015,1,1,2
628499,657,Asthma emergency department visits due to PM2.5,Estimated annual rate (age 18+),"per 100,000 adults",UHF42,208,Canarsie - Flatlands,2015-2017,2015-01-01,31.4,,2015,1,1,2
336505,375,Nitrogen dioxide (NO2),Mean,ppb,UHF42,106,High Bridge - Morrisania,Annual Average 2015,2015-01-01,22.28,,2015,1,1,2
336571,375,Nitrogen dioxide (NO2),Mean,ppb,UHF42,310,Lower Manhattan,Annual Average 2015,2015-01-01,26.61,,2015,1,1,2
179721,642,Boiler Emissions- Total NOx Emissions,Number per km2,number,UHF42,502,Stapleton - St. George,2015,2015-01-01,4.6,,2015,1,1,2
179817,641,Boiler Emissions- Total PM2.5 Emissions,Number per km2,number,UHF42,502,Stapleton - St. George,2015,2015-01-01,0.0,,2015,1,1,2
628573,650,Respiratory hospitalizations due to PM2.5 (age 20+),Estimated annual rate,"per 100,000 adults",UHF42,503,Willowbrook,2015-2017,2015-01-01,14.1,,2015,1,1,2
629038,661,Asthma hospitalizations due to Ozone,Estimated annual rate (age 18+),"per 100,000 adults",UHF42,308,Greenwich Village - SoHo,2015-2017,2015-01-01,0.6,,2015,1,1,2
628602,651,Cardiovascular hospitalizations due to PM2.5 (age 40+),Estimated annual rate,"per 100,000 adults",UHF42,304,Upper West Side,2015-2017,2015-01-01,12.3,,2015,1,1,2
629165,652,Cardiac and respiratory deaths due to Ozone,Estimated annual rate,"per 100,000",UHF42,202,Downtown - Heights - Slope,2015-2017,2015-01-01,3.2,,2015,1,1,2
336637,375,Nitrogen dioxide (NO2),Mean,ppb,UHF34,204,East New York,Annual Average 2015,2015-01-01,19.09,,2015,1,1,2
628474,648,Asthma emergency department visits due to PM2.5,Estimated annual rate (under age 18),"per 100,000 children",UHF42,410,Rockaways,2015-2017,2015-01-01,55.0,,2015,1,1,2
336676,375,Nitrogen dioxide (NO2),Mean,ppb,UHF34,402,West Queens,Annual Average 2015,2015-01-01,21.11,,2015,1,1,2
179860,641,Boiler Emissions- Total PM2.5 Emissions,Number per km2,number,Borough,4,Queens,2015,2015-01-01,0.2,,2015,1,1,2
628995,655,Asthma hospitalizations due to Ozone,Estimated annual rate (under age 18),"per 100,000 children",UHF42,403,Flushing - Clearview,2015-2017,2015-01-01,8.5,,2015,1,1,2
628467,648,Asthma emergency department visits due to PM2.5,Estimated annual rate (under age 18),"per 100,000 children",UHF42,403,Flushing - Clearview,2015-2017,2015-01-01,29.4,,2015,1,1,2
628553,650,Respiratory hospitalizations due to PM2.5 (age 20+),Estimated annual rate,"per 100,000 adults",UHF42,303,East Harlem,2015-2017,2015-01-01,20.3,,2015,1,1,2
628608,651,Cardiovascular hospitalizations due to PM2.5 (age 40+),Estimated annual rate,"per 100,000 adults",UHF42,310,Lower Manhattan,2015-2017,2015-01-01,10.9,,2015,1,1,2
179732,642,Boiler Emissions- Total NOx Emissions,Number per km2,number,UHF42,201,Greenpoint,2015,2015-01-01,18.8,,2015,1,1,2
629009,661,Asthma hospitalizations due to Ozone,Estimated annual rate (age 18+),"per 100,000 adults",Borough,2,Brooklyn,2015-2017,2015-01-01,3.1,,2015,1,1,2
628596,651,Cardiovascular hospitalizations due to PM2.5 (age 40+),Estimated annual rate,"per 100,000 adults",UHF42,209,Bensonhurst - Bay Ridge,2015-2017,2015-01-01,14.2,,2015,1,1,2
628597,651,Cardiovascular hospitalizations due to PM2.5 (age 40+),Estimated annual rate,"per 100,000 adults",UHF42,210,Coney Island - Sheepshead Bay,2015-2017,2015-01-01,20.0,,2015,1,1,2
628538,650,Respiratory hospitalizations due to PM2.5 (age 20+),Estimated annual rate,"per 100,000 adults",UHF42,106,High Bridge - Morrisania,2015-2017,2015-01-01,25.8,,2015,1,1,2
628545,650,Respiratory hospitalizations due to PM2.5 (age 20+),Estimated annual rate,"per 100,000 adults",UHF42,206,Borough Park,2015-2017,2015-01-01,8.8,,2015,1,1,2
336661,375,Nitrogen dioxide (NO2),Mean,ppb,UHF34,301,Washington Heights,Annual Average 2015,2015-01-01,21.14,,2015,1,1,2
628902,653,Asthma emergency departments visits due to Ozone,Estimated annual rate (under age 18),"per 100,000 children",UHF42,406,Fresh Meadows,2015-2017,2015-01-01,54.8,,2015,1,1,2
179726,642,Boiler Emissions- Total NOx Emissions,Number per km2,number,UHF42,408,Jamaica,2015,2015-01-01,13.1,,2015,1,1,2
629013,661,Asthma hospitalizations due to Ozone,Estimated annual rate (age 18+),"per 100,000 adults",UHF42,101,Kingsbridge - Riverdale,2015-2017,2015-01-01,4.0,,2015,1,1,2
629020,661,Asthma hospitalizations due to Ozone,Estimated annual rate (age 18+),"per 100,000 adults",UHF42,201,Greenpoint,2015-2017,2015-01-01,1.0,,2015,1,1,2
628503,657,Asthma emergency department visits due to PM2.5,Estimated annual rate (age 18+),"per 100,000 adults",UHF42,301,Washington Heights,2015-2017,2015-01-01,32.9,,2015,1,1,2
334075,365,Fine particles (PM 2.5),Mean,mcg/m3,UHF42,504,South Beach - Tottenville,Annual Average 2015,2015-01-01,7.29,,2015,1,1,2
629021,661,Asthma hospitalizations due to Ozone,Estimated annual rate (age 18+),"per 100,000 adults",UHF42,202,Downtown - Heights - Slope,2015-2017,2015-01-01,2.3,,2015,1,1,2
628956,659,Asthma emergency departments visits due to Ozone,Estimated annual rate (age 18+),"per 100,000 adults",UHF42,502,Stapleton - St. George,2015-2017,2015-01-01,53.8,,2015,1,1,2
179822,641,Boiler Emissions- Total PM2.5 Emissions,Number per km2,number,UHF42,408,Jamaica,2015,2015-01-01,0.1,,2015,1,1,2
179838,641,Boiler Emissions- Total PM2.5 Emissions,Number per km2,number,UHF42,207,East Flatbush - Flatbush,2015,2015-01-01,0.2,,2015,1,1,2
629004,655,Asthma hospitalizations due to Ozone,Estimated annual rate (under age 18),"per 100,000 children",UHF42,502,Stapleton - St. George,2015-2017,2015-01-01,15.0,,2015,1,1,2
628941,659,Asthma emergency departments visits due to Ozone,Estimated annual rate (age 18+),"per 100,000 adults",UHF42,307,Gramercy Park - Murray Hill,2015-2017,2015-01-01,21.5,,2015,1,1,2
334300,365,Fine particles (PM 2.5),Mean,mcg/m3,CD,316,Brownsville (CD16),Annual Average 2015,2015-01-01,8.88,,2015,1,1,2
628908,653,Asthma emergency departments visits due to Ozone,Estimated annual rate (under age 18),"per 100,000 children",UHF42,502,Stapleton - St. George,2015-2017,2015-01-01,78.7,,2015,1,1,2
628952,659,Asthma emergency departments visits due to Ozone,Estimated annual rate (age 18+),"per 100,000 adults",UHF42,408,Jamaica,2015-2017,2015-01-01,49.0,,2015,1,1,2
336832,375,Nitrogen dioxide (NO2),Mean,ppb,CD,314,Flatbush and Midwood (CD14),Annual Average 2015,2015-01-01,19.26,,2015,1,1,2
628406,639,Deaths due to PM2.5,Estimated annual rate (age 30+),"per 100,000 adults",UHF42,211,Williamsburg - Bushwick,2015-2017,2015-01-01,34.7,,2015,1,1,2
336541,375,Nitrogen dioxide (NO2),Mean,ppb,UHF42,211,Williamsburg - Bushwick,Annual Average 2015,2015-01-01,21.27,,2015,1,1,2
179777,640,Boiler Emissions- Total SO2 Emissions,Number per km2,number,UHF42,406,Fresh Meadows,2015,2015-01-01,3.1,,2015,1,1,2
628446,648,Asthma emergency department visits due to PM2.5,Estimated annual rate (under age 18),"per 100,000 children",UHF42,203,Bedford Stuyvesant - Crown Heights,2015-2017,2015-01-01,124.6,,2015,1,1,2
179796,640,Boiler Emissions- Total SO2 Emissions,Number per km2,number,UHF42,105,Crotona -Tremont,2015,2015-01-01,8.8,,2015,1,1,2
179801,640,Boiler Emissions- Total SO2 Emissions,Number per km2,number,UHF42,310,Lower Manhattan,2015,2015-01-01,8.3,,2015,1,1,2
179802,640,Boiler Emissions- Total SO2 Emissions,Number per km2,number,UHF42,309,Union Square - Lower East Side,2015,2015-01-01,14.1,,2015,1,1,2
628526,657,Asthma emergency department visits due to PM2.5,Estimated annual rate (age 18+),"per 100,000 adults",UHF42,504,South Beach - Tottenville,2015-2017,2015-01-01,9.2,,2015,1,1,2
179818,641,Boiler Emissions- Total PM2.5 Emissions,Number per km2,number,UHF42,410,Rockaways,2015,2015-01-01,0.0,,2015,1,1,2
179849,641,Boiler Emissions- Total PM2.5 Emissions,Number per km2,number,UHF42,310,Lower Manhattan,2015,2015-01-01,1.2,,2015,1,1,2
336493,375,Nitrogen dioxide (NO2),Mean,ppb,UHF42,102,Northeast Bronx,Annual Average 2015,2015-01-01,19.52,,2015,1,1,2
628527,657,Asthma emergency department visits due to PM2.5,Estimated annual rate (age 18+),"per 100,000 adults",Citywide,1,New York City,2015-2017,2015-01-01,34.6,,2015,1,1,2
334354,365,Fine particles (PM 2.5),Mean,mcg/m3,CD,502,South Beach and Willowbrook (CD2),Annual Average 2015,2015-01-01,7.8,,2015,1,1,2
628598,651,Cardiovascular hospitalizations due to PM2.5 (age 40+),Estimated annual rate,"per 100,000 adults",UHF42,211,Williamsburg - Bushwick,2015-2017,2015-01-01,21.0,,2015,1,1,2
628926,659,Asthma emergency departments visits due to Ozone,Estimated annual rate (age 18+),"per 100,000 adults",UHF42,203,Bedford Stuyvesant - Crown Heights,2015-2017,2015-01-01,100.2,,2015,1,1,2
628516,657,Asthma emergency department visits due to PM2.5,Estimated annual rate (age 18+),"per 100,000 adults",UHF42,404,Bayside - Little Neck,2015-2017,2015-01-01,4.9,,2015,1,1,2
628405,639,Deaths due to PM2.5,Estimated annual rate (age 30+),"per 100,000 adults",UHF42,210,Coney Island - Sheepshead Bay,2015-2017,2015-01-01,53.1,,2015,1,1,2
336502,375,Nitrogen dioxide (NO2),Mean,ppb,UHF42,105,Crotona -Tremont,Annual Average 2015,2015-01-01,21.84,,2015,1,1,2
336715,375,Nitrogen dioxide (NO2),Mean,ppb,UHF34,105106107,South Bronx,Annual Average 2015,2015-01-01,21.57,,2015,1,1,2
628488,657,Asthma emergency department visits due to PM2.5,Estimated annual rate (age 18+),"per 100,000 adults",UHF42,104,Pelham - Throgs Neck,2015-2017,2015-01-01,44.6,,2015,1,1,2
628385,639,Deaths due to PM2.5,Estimated annual rate (age 30+),"per 100,000 adults",Borough,2,Brooklyn,2015-2017,2015-01-01,38.3,,2015,1,1,2
334357,365,Fine particles (PM 2.5),Mean,mcg/m3,CD,503,Tottenville and Great Kills (CD3),Annual Average 2015,2015-01-01,7.29,,2015,1,1,2
179771,640,Boiler Emissions- Total SO2 Emissions,Number per km2,number,UHF42,208,Canarsie - Flatlands,2015,2015-01-01,0.0,,2015,1,1,2
628409,639,Deaths due to PM2.5,Estimated annual rate (age 30+),"per 100,000 adults",UHF42,303,East Harlem,2015-2017,2015-01-01,54.2,,2015,1,1,2
628386,639,Deaths due to PM2.5,Estimated annual rate (age 30+),"per 100,000 adults",Borough,3,Manhattan,2015-2017,2015-01-01,38.0,,2015,1,1,2
336895,375,Nitrogen dioxide (NO2),Mean,ppb,CD,503,Tottenville and Great Kills (CD3),Annual Average 2015,2015-01-01,11.81,,2015,1,1,2
628407,639,Deaths due to PM2.5,Estimated annual rate (age 30+),"per 100,000 adults",UHF42,301,Washington Heights,2015-2017,2015-01-01,33.2,,2015,1,1,2
179722,642,Boiler Emissions- Total NOx Emissions,Number per km2,number,UHF42,410,Rockaways,2015,2015-01-01,6.1,,2015,1,1,2
179857,641,Boiler Emissions- Total PM2.5 Emissions,Number per km2,number,Borough,3,Manhattan,2015,2015-01-01,3.7,,2015,1,1,2
336823,375,Nitrogen dioxide (NO2),Mean,ppb,CD,311,Bensonhurst (CD11),Annual Average 2015,2015-01-01,19.1,,2015,1,1,2
334066,365,Fine particles (PM 2.5),Mean,mcg/m3,UHF42,501,Port Richmond,Annual Average 2015,2015-01-01,8.34,,2015,1,1,2
334117,365,Fine particles (PM 2.5),Mean,mcg/m3,UHF34,210,Coney Island - Sheepshead Bay,Annual Average 2015,2015-01-01,7.72,,2015,1,1,2
179791,640,Boiler Emissions- Total SO2 Emissions,Number per km2,number,UHF42,102,Northeast Bronx,2015,2015-01-01,1.6,,2015,1,1,2
179804,640,Boiler Emissions- Total SO2 Emissions,Number per km2,number,UHF42,306,Chelsea - Clinton,2015,2015-01-01,36.4,,2015,1,1,2
334282,365,Fine particles (PM 2.5),Mean,mcg/m3,CD,310,Bay Ridge and Dyker Heights (CD10),Annual Average 2015,2015-01-01,8.42,,2015,1,1,2
629031,661,Asthma hospitalizations due to Ozone,Estimated annual rate (age 18+),"per 100,000 adults",UHF42,301,Washington Heights,2015-2017,2015-01-01,3.6,,2015,1,1,2
628532,650,Respiratory hospitalizations due to PM2.5 (age 20+),Estimated annual rate,"per 100,000 adults",Borough,5,Staten Island,2015-2017,2015-01-01,15.0,,2015,1,1,2
628965,655,Asthma hospitalizations due to Ozone,Estimated annual rate (under age 18),"per 100,000 children",UHF42,101,Kingsbridge - Riverdale,2015-2017,2015-01-01,15.1,,2015,1,1,2
336853,375,Nitrogen dioxide (NO2),Mean,ppb,CD,403,Jackson Heights (CD3),Annual Average 2015,2015-01-01,20.98,,2015,1,1,2
336727,375,Nitrogen dioxide (NO2),Mean,ppb,CD,103,Lower East Side and Chinatown (CD3),Annual Average 2015,2015-01-01,24.3,,2015,1,1,2
334288,365,Fine particles (PM 2.5),Mean,mcg/m3,CD,312,Borough Park (CD12),Annual Average 2015,2015-01-01,8.49,,2015,1,1,2
628604,651,Cardiovascular hospitalizations due to PM2.5 (age 40+),Estimated annual rate,"per 100,000 adults",UHF42,306,Chelsea - Clinton,2015-2017,2015-01-01,11.7,,2015,1,1,2
334261,365,Fine particles (PM 2.5),Mean,mcg/m3,CD,303,Bedford Stuyvesant (CD3),Annual Average 2015,2015-01-01,9.03,,2015,1,1,2
336595,375,Nitrogen dioxide (NO2),Mean,ppb,UHF42,408,Jamaica,Annual Average 2015,2015-01-01,18.42,,2015,1,1,2
628998,655,Asthma hospitalizations due to Ozone,Estimated annual rate (under age 18),"per 100,000 children",UHF42,406,Fresh Meadows,2015-2017,2015-01-01,13.8,,2015,1,1,2
336592,375,Nitrogen dioxide (NO2),Mean,ppb,UHF42,407,Southwest Queens,Annual Average 2015,2015-01-01,18.68,,2015,1,1,2
336643,375,Nitrogen dioxide (NO2),Mean,ppb,UHF34,206,Borough Park,Annual Average 2015,2015-01-01,19.74,,2015,1,1,2
628993,655,Asthma hospitalizations due to Ozone,Estimated annual rate (under age 18),"per 100,000 children",UHF42,401,Long Island City - Astoria,2015-2017,2015-01-01,6.4,,2015,1,1,2
336532,375,Nitrogen dioxide (NO2),Mean,ppb,UHF42,208,Canarsie - Flatlands,Annual Average 2015,2015-01-01,16.52,,2015,1,1,2
629041,661,Asthma hospitalizations due to Ozone,Estimated annual rate (age 18+),"per 100,000 adults",UHF42,401,Long Island City - Astoria,2015-2017,2015-01-01,2.3,,2015,1,1,2
336565,375,Nitrogen dioxide (NO2),Mean,ppb,UHF42,308,Greenwich Village - SoHo,Annual Average 2015,2015-01-01,26.27,,2015,1,1,2
334318,365,Fine particles (PM 2.5),Mean,mcg/m3,CD,404,Elmhurst and Corona (CD4),Annual Average 2015,2015-01-01,8.7,,2015,1,1,2
628403,639,Deaths due to PM2.5,Estimated annual rate (age 30+),"per 100,000 adults",UHF42,208,Canarsie - Flatlands,2015-2017,2015-01-01,40.0,,2015,1,1,2
334315,365,Fine particles (PM 2.5),Mean,mcg/m3,CD,403,Jackson Heights (CD3),Annual Average 2015,2015-01-01,8.34,,2015,1,1,2
336874,375,Nitrogen dioxide (NO2),Mean,ppb,CD,410,South Ozone Park and Howard Beach (CD10),Annual Average 2015,2015-01-01,18.17,,2015,1,1,2
334180,365,Fine particles (PM 2.5),Mean,mcg/m3,Citywide,1,New York City,Annual Average 2015,2015-01-01,8.5604,,2015,1,1,2
628587,651,Cardiovascular hospitalizations due to PM2.5 (age 40+),Estimated annual rate,"per 100,000 adults",UHF42,107,Hunts Point - Mott Haven,2015-2017,2015-01-01,24.3,,2015,1,1,2
629033,661,Asthma hospitalizations due to Ozone,Estimated annual rate (age 18+),"per 100,000 adults",UHF42,303,East Harlem,2015-2017,2015-01-01,9.1,,2015,1,1,2
629017,661,Asthma hospitalizations due to Ozone,Estimated annual rate (age 18+),"per 100,000 adults",UHF42,105,Crotona -Tremont,2015-2017,2015-01-01,9.8,,2015,1,1,2
629035,661,Asthma hospitalizations due to Ozone,Estimated annual rate (age 18+),"per 100,000 adults",UHF42,305,Upper East Side,2015-2017,2015-01-01,0.7,,2015,1,1,2
629015,661,Asthma hospitalizations due to Ozone,Estimated annual rate (age 18+),"per 100,000 adults",UHF42,103,Fordham - Bronx Pk,2015-2017,2015-01-01,10.0,,2015,1,1,2
629022,661,Asthma hospitalizations due to Ozone,Estimated annual rate (age 18+),"per 100,000 adults",UHF42,203,Bedford Stuyvesant - Crown Heights,2015-2017,2015-01-01,5.4,,2015,1,1,2
629024,661,Asthma hospitalizations due to Ozone,Estimated annual rate (age 18+),"per 100,000 adults",UHF42,205,Sunset Park,2015-2017,2015-01-01,2.9,,2015,1,1,2
336559,375,Nitrogen dioxide (NO2),Mean,ppb,UHF42,306,Chelsea - Clinton,Annual Average 2015,2015-01-01,29.17,,2015,1,1,2
628489,657,Asthma emergency department visits due to PM2.5,Estimated annual rate (age 18+),"per 100,000 adults",UHF42,105,Crotona -Tremont,2015-2017,2015-01-01,87.1,,2015,1,1,2
334048,365,Fine particles (PM 2.5),Mean,mcg/m3,UHF42,405,Ridgewood - Forest Hills,Annual Average 2015,2015-01-01,8.51,,2015,1,1,2
628517,657,Asthma emergency department visits due to PM2.5,Estimated annual rate (age 18+),"per 100,000 adults",UHF42,405,Ridgewood - Forest Hills,2015-2017,2015-01-01,12.8,,2015,1,1,2
336475,375,Nitrogen dioxide (NO2),Mean,ppb,Borough,1,Bronx,Annual Average 2015,2015-01-01,19.97,,2015,1,1,2
628487,657,Asthma emergency department visits due to PM2.5,Estimated annual rate (age 18+),"per 100,000 adults",UHF42,103,Fordham - Bronx Pk,2015-2017,2015-01-01,64.1,,2015,1,1,2
336529,375,Nitrogen dioxide (NO2),Mean,ppb,UHF42,207,East Flatbush - Flatbush,Annual Average 2015,2015-01-01,19.72,,2015,1,1,2
333982,365,Fine particles (PM 2.5),Mean,mcg/m3,UHF42,204,East New York,Annual Average 2015,2015-01-01,8.72,,2015,1,1,2
628551,650,Respiratory hospitalizations due to PM2.5 (age 20+),Estimated annual rate,"per 100,000 adults",UHF42,301,Washington Heights,2015-2017,2015-01-01,10.3,,2015,1,1,2
628616,651,Cardiovascular hospitalizations due to PM2.5 (age 40+),Estimated annual rate,"per 100,000 adults",UHF42,408,Jamaica,2015-2017,2015-01-01,19.4,,2015,1,1,2
179749,642,Boiler Emissions- Total NOx Emissions,Number per km2,number,UHF42,103,Fordham - Bronx Pk,2015,2015-01-01,65.0,,2015,1,1,2
629162,652,Cardiac and respiratory deaths due to Ozone,Estimated annual rate,"per 100,000",UHF42,106,High Bridge - Morrisania,2015-2017,2015-01-01,3.9,,2015,1,1,2
333961,365,Fine particles (PM 2.5),Mean,mcg/m3,UHF42,104,Pelham - Throgs Neck,Annual Average 2015,2015-01-01,8.93,,2015,1,1,2
179845,641,Boiler Emissions- Total PM2.5 Emissions,Number per km2,number,UHF42,103,Fordham - Bronx Pk,2015,2015-01-01,2.3,,2015,1,1,2
628623,651,Cardiovascular hospitalizations due to PM2.5 (age 40+),Estimated annual rate,"per 100,000 adults",Citywide,1,New York City,2015-2017,2015-01-01,17.0,,2015,1,1,2
628974,655,Asthma hospitalizations due to Ozone,Estimated annual rate (under age 18),"per 100,000 children",UHF42,203,Bedford Stuyvesant - Crown Heights,2015-2017,2015-01-01,33.9,,2015,1,1,2
628575,650,Respiratory hospitalizations due to PM2.5 (age 20+),Estimated annual rate,"per 100,000 adults",Citywide,1,New York City,2015-2017,2015-01-01,11.8,,2015,1,1,2
336724,375,Nitrogen dioxide (NO2),Mean,ppb,CD,102,Greenwich Village and Soho (CD2),Annual Average 2015,2015-01-01,26.31,,2015,1,1,2
628878,653,Asthma emergency departments visits due to Ozone,Estimated annual rate (under age 18),"per 100,000 children",UHF42,203,Bedford Stuyvesant - Crown Heights,2015-2017,2015-01-01,173.9,,2015,1,1,2
628891,653,Asthma emergency departments visits due to Ozone,Estimated annual rate (under age 18),"per 100,000 children",UHF42,305,Upper East Side,2015-2017,2015-01-01,24.6,,2015,1,1,2
628985,655,Asthma hospitalizations due to Ozone,Estimated annual rate (under age 18),"per 100,000 children",UHF42,303,East Harlem,2015-2017,2015-01-01,36.9,,2015,1,1,2
628889,653,Asthma emergency departments visits due to Ozone,Estimated annual rate (under age 18),"per 100,000 children",UHF42,303,East Harlem,2015-2017,2015-01-01,262.3,,2015,1,1,2
334120,365,Fine particles (PM 2.5),Mean,mcg/m3,UHF34,211,Williamsburg - Bushwick,Annual Average 2015,2015-01-01,9.61,,2015,1,1,2
179748,642,Boiler Emissions- Total NOx Emissions,Number per km2,number,UHF42,105,Crotona -Tremont,2015,2015-01-01,56.0,,2015,1,1,2
334291,365,Fine particles (PM 2.5),Mean,mcg/m3,CD,313,Coney Island (CD13),Annual Average 2015,2015-01-01,7.62,,2015,1,1,2
336760,375,Nitrogen dioxide (NO2),Mean,ppb,CD,202,Hunts Point and Longwood (CD2),Annual Average 2015,2015-01-01,20.85,,2015,1,1,2
628579,651,Cardiovascular hospitalizations due to PM2.5 (age 40+),Estimated annual rate,"per 100,000 adults",Borough,4,Queens,2015-2017,2015-01-01,15.5,,2015,1,1,2
179844,641,Boiler Emissions- Total PM2.5 Emissions,Number per km2,number,UHF42,105,Crotona -Tremont,2015,2015-01-01,1.3,,2015,1,1,2
336835,375,Nitrogen dioxide (NO2),Mean,ppb,CD,315,Sheepshead Bay (CD15),Annual Average 2015,2015-01-01,17.4,,2015,1,1,2
628533,650,Respiratory hospitalizations due to PM2.5 (age 20+),Estimated annual rate,"per 100,000 adults",UHF42,101,Kingsbridge - Riverdale,2015-2017,2015-01-01,14.8,,2015,1,1,2
336586,375,Nitrogen dioxide (NO2),Mean,ppb,UHF42,405,Ridgewood - Forest Hills,Annual Average 2015,2015-01-01,19.25,,2015,1,1,2
629011,661,Asthma hospitalizations due to Ozone,Estimated annual rate (age 18+),"per 100,000 adults",Borough,4,Queens,2015-2017,2015-01-01,2.6,,2015,1,1,2
334351,365,Fine particles (PM 2.5),Mean,mcg/m3,CD,501,St. George and Stapleton (CD1),Annual Average 2015,2015-01-01,8.15,,2015,1,1,2
333979,365,Fine particles (PM 2.5),Mean,mcg/m3,UHF42,203,Bedford Stuyvesant - Crown Heights,Annual Average 2015,2015-01-01,8.87,,2015,1,1,2
334240,365,Fine particles (PM 2.5),Mean,mcg/m3,CD,208,Riverdale and Fieldston (CD8),Annual Average 2015,2015-01-01,9.16,,2015,1,1,2
334303,365,Fine particles (PM 2.5),Mean,mcg/m3,CD,317,East Flatbush (CD17),Annual Average 2015,2015-01-01,8.73,,2015,1,1,2
334270,365,Fine particles (PM 2.5),Mean,mcg/m3,CD,306,Park Slope and Carroll Gardens (CD6),Annual Average 2015,2015-01-01,9.91,,2015,1,1,2
628549,650,Respiratory hospitalizations due to PM2.5 (age 20+),Estimated annual rate,"per 100,000 adults",UHF42,210,Coney Island - Sheepshead Bay,2015-2017,2015-01-01,14.7,,2015,1,1,2
628613,651,Cardiovascular hospitalizations due to PM2.5 (age 40+),Estimated annual rate,"per 100,000 adults",UHF42,405,Ridgewood - Forest Hills,2015-2017,2015-01-01,14.5,,2015,1,1,2
336508,375,Nitrogen dioxide (NO2),Mean,ppb,UHF42,107,Hunts Point - Mott Haven,Annual Average 2015,2015-01-01,20.91,,2015,1,1,2
334201,365,Fine particles (PM 2.5),Mean,mcg/m3,CD,107,Upper West Side (CD7),Annual Average 2015,2015-01-01,9.77,,2015,1,1,2
629047,661,Asthma hospitalizations due to Ozone,Estimated annual rate (age 18+),"per 100,000 adults",UHF42,407,Southwest Queens,2015-2017,2015-01-01,2.8,,2015,1,1,2
628601,651,Cardiovascular hospitalizations due to PM2.5 (age 40+),Estimated annual rate,"per 100,000 adults",UHF42,303,East Harlem,2015-2017,2015-01-01,25.5,,2015,1,1,2
628603,651,Cardiovascular hospitalizations due to PM2.5 (age 40+),Estimated annual rate,"per 100,000 adults",UHF42,305,Upper East Side,2015-2017,2015-01-01,11.0,,2015,1,1,2
628509,657,Asthma emergency department visits due to PM2.5,Estimated annual rate (age 18+),"per 100,000 adults",UHF42,307,Gramercy Park - Murray Hill,2015-2017,2015-01-01,16.5,,2015,1,1,2
336739,375,Nitrogen dioxide (NO2),Mean,ppb,CD,107,Upper West Side (CD7),Annual Average 2015,2015-01-01,23.85,,2015,1,1,2
628498,657,Asthma emergency department visits due to PM2.5,Estimated annual rate (age 18+),"per 100,000 adults",UHF42,207,East Flatbush - Flatbush,2015-2017,2015-01-01,41.9,,2015,1,1,2
628454,648,Asthma emergency department visits due to PM2.5,Estimated annual rate (under age 18),"per 100,000 children",UHF42,211,Williamsburg - Bushwick,2015-2017,2015-01-01,107.9,,2015,1,1,2
334153,365,Fine particles (PM 2.5),Mean,mcg/m3,UHF34,409,Southeast Queens,Annual Average 2015,2015-01-01,7.9,,2015,1,1,2
629050,661,Asthma hospitalizations due to Ozone,Estimated annual rate (age 18+),"per 100,000 adults",UHF42,410,Rockaways,2015-2017,2015-01-01,4.8,,2015,1,1,2
628559,650,Respiratory hospitalizations due to PM2.5 (age 20+),Estimated annual rate,"per 100,000 adults",UHF42,309,Union Square - Lower East Side,2015-2017,2015-01-01,10.7,,2015,1,1,2
629158,652,Cardiac and respiratory deaths due to Ozone,Estimated annual rate,"per 100,000",UHF42,102,Northeast Bronx,2015-2017,2015-01-01,6.2,,2015,1,1,2
629049,661,Asthma hospitalizations due to Ozone,Estimated annual rate (age 18+),"per 100,000 adults",UHF42,409,Southeast Queens,2015-2017,2015-01-01,3.0,,2015,1,1,2
628511,657,Asthma emergency department visits due to PM2.5,Estimated annual rate (age 18+),"per 100,000 adults",UHF42,309,Union Square - Lower East Side,2015-2017,2015-01-01,31.6,,2015,1,1,2
336706,375,Nitrogen dioxide (NO2),Mean,ppb,UHF34,404406,Bayside Little Neck-Fresh Meadows,Annual Average 2015,2015-01-01,17.89,,2015,1,1,2
628512,657,Asthma emergency department visits due to PM2.5,Estimated annual rate (age 18+),"per 100,000 adults",UHF42,310,Lower Manhattan,2015-2017,2015-01-01,19.2,,2015,1,1,2
336687,375,Nitrogen dioxide (NO2),Mean,ppb,UHF34,407,Southwest Queens,Winter 2014-15,2014-12-01,24.5,,2014,12,4,2
336813,375,Nitrogen dioxide (NO2),Mean,ppb,CD,307,Sunset Park (CD7),Winter 2014-15,2014-12-01,25.46,,2014,12,4,2
336486,375,Nitrogen dioxide (NO2),Mean,ppb,Borough,4,Queens,Winter 2014-15,2014-12-01,23.93,,2014,12,4,2
336792,375,Nitrogen dioxide (NO2),Mean,ppb,CD,212,Williamsbridge and Baychester (CD12),Winter 2014-15,2014-12-01,22.72,,2014,12,4,2
334326,365,Fine particles (PM 2.5),Mean,mcg/m3,CD,406,Rego Park and Forest Hills (CD6),Winter 2014-15,2014-12-01,9.17,,2014,12,4,2
336696,375,Nitrogen dioxide (NO2),Mean,ppb,UHF34,410,Rockaways,Winter 2014-15,2014-12-01,20.67,,2014,12,4,2
336726,375,Nitrogen dioxide (NO2),Mean,ppb,CD,102,Greenwich Village and Soho (CD2),Winter 2014-15,2014-12-01,30.18,,2014,12,4,2
334119,365,Fine particles (PM 2.5),Mean,mcg/m3,UHF34,210,Coney Island - Sheepshead Bay,Winter 2014-15,2014-12-01,8.1,,2014,12,4,2
336795,375,Nitrogen dioxide (NO2),Mean,ppb,CD,301,Greenpoint and Williamsburg (CD1),Winter 2014-15,2014-12-01,26.81,,2014,12,4,2
336798,375,Nitrogen dioxide (NO2),Mean,ppb,CD,302,Fort Greene and Brooklyn Heights (CD2),Winter 2014-15,2014-12-01,27.38,,2014,12,4,2
334260,365,Fine particles (PM 2.5),Mean,mcg/m3,CD,302,Fort Greene and Brooklyn Heights (CD2),Winter 2014-15,2014-12-01,10.03,,2014,12,4,2
336777,375,Nitrogen dioxide (NO2),Mean,ppb,CD,207,Kingsbridge Heights and Bedford (CD7),Winter 2014-15,2014-12-01,24.41,,2014,12,4,2
336615,375,Nitrogen dioxide (NO2),Mean,ppb,UHF42,504,South Beach - Tottenville,Winter 2014-15,2014-12-01,18.29,,2014,12,4,2
334083,365,Fine particles (PM 2.5),Mean,mcg/m3,UHF34,102,Northeast Bronx,Winter 2014-15,2014-12-01,10.14,,2014,12,4,2
336864,375,Nitrogen dioxide (NO2),Mean,ppb,CD,406,Rego Park and Forest Hills (CD6),Winter 2014-15,2014-12-01,25.25,,2014,12,4,2
333942,365,Fine particles (PM 2.5),Mean,mcg/m3,Borough,2,Brooklyn,Winter 2014-15,2014-12-01,9.03,,2014,12,4,2
336495,375,Nitrogen dioxide (NO2),Mean,ppb,UHF42,102,Northeast Bronx,Winter 2014-15,2014-12-01,23.37,,2014,12,4,2
336543,375,Nitrogen dioxide (NO2),Mean,ppb,UHF42,211,Williamsburg - Bushwick,Winter 2014-15,2014-12-01,26.59,,2014,12,4,2
334218,365,Fine particles (PM 2.5),Mean,mcg/m3,CD,112,Washington Heights and Inwood (CD12),Winter 2014-15,2014-12-01,10.31,,2014,12,4,2
333966,365,Fine particles (PM 2.5),Mean,mcg/m3,UHF42,105,Crotona -Tremont,Winter 2014-15,2014-12-01,10.65,,2014,12,4,2
334065,365,Fine particles (PM 2.5),Mean,mcg/m3,UHF42,410,Rockaways,Winter 2014-15,2014-12-01,7.4,,2014,12,4,2
336621,375,Nitrogen dioxide (NO2),Mean,ppb,UHF34,102,Northeast Bronx,Winter 2014-15,2014-12-01,23.37,,2014,12,4,2
336840,375,Nitrogen dioxide (NO2),Mean,ppb,CD,316,Brownsville (CD16),Winter 2014-15,2014-12-01,25.85,,2014,12,4,2
334086,365,Fine particles (PM 2.5),Mean,mcg/m3,UHF34,103,Fordham - Bronx Pk,Winter 2014-15,2014-12-01,10.16,,2014,12,4,2
334338,365,Fine particles (PM 2.5),Mean,mcg/m3,CD,410,South Ozone Park and Howard Beach (CD10),Winter 2014-15,2014-12-01,8.3,,2014,12,4,2
334332,365,Fine particles (PM 2.5),Mean,mcg/m3,CD,408,Hillcrest and Fresh Meadows (CD8),Winter 2014-15,2014-12-01,8.76,,2014,12,4,2
334221,365,Fine particles (PM 2.5),Mean,mcg/m3,CD,201,Mott Haven and Melrose (CD1),Winter 2014-15,2014-12-01,10.81,,2014,12,4,2
334032,365,Fine particles (PM 2.5),Mean,mcg/m3,UHF42,309,Union Square - Lower East Side,Winter 2014-15,2014-12-01,10.46,,2014,12,4,2
336576,375,Nitrogen dioxide (NO2),Mean,ppb,UHF42,401,Long Island City - Astoria,Winter 2014-15,2014-12-01,26.22,,2014,12,4,2
334359,365,Fine particles (PM 2.5),Mean,mcg/m3,CD,503,Tottenville and Great Kills (CD3),Winter 2014-15,2014-12-01,8.06,,2014,12,4,2
333990,365,Fine particles (PM 2.5),Mean,mcg/m3,UHF42,206,Borough Park,Winter 2014-15,2014-12-01,8.7,,2014,12,4,2
333972,365,Fine particles (PM 2.5),Mean,mcg/m3,UHF42,107,Hunts Point - Mott Haven,Winter 2014-15,2014-12-01,10.51,,2014,12,4,2
334116,365,Fine particles (PM 2.5),Mean,mcg/m3,UHF34,209,Bensonhurst - Bay Ridge,Winter 2014-15,2014-12-01,8.48,,2014,12,4,2
334317,365,Fine particles (PM 2.5),Mean,mcg/m3,CD,403,Jackson Heights (CD3),Winter 2014-15,2014-12-01,9.15,,2014,12,4,2
336585,375,Nitrogen dioxide (NO2),Mean,ppb,UHF42,404,Bayside - Little Neck,Winter 2014-15,2014-12-01,22.34,,2014,12,4,2
336897,375,Nitrogen dioxide (NO2),Mean,ppb,CD,503,Tottenville and Great Kills (CD3),Winter 2014-15,2014-12-01,18.2,,2014,12,4,2
336867,375,Nitrogen dioxide (NO2),Mean,ppb,CD,407,Flushing and Whitestone (CD7),Winter 2014-15,2014-12-01,23.97,,2014,12,4,2
334014,365,Fine particles (PM 2.5),Mean,mcg/m3,UHF42,303,East Harlem,Winter 2014-15,2014-12-01,10.33,,2014,12,4,2
336480,375,Nitrogen dioxide (NO2),Mean,ppb,Borough,2,Brooklyn,Winter 2014-15,2014-12-01,25.26,,2014,12,4,2
336684,375,Nitrogen dioxide (NO2),Mean,ppb,UHF34,405,Ridgewood - Forest Hills,Winter 2014-15,2014-12-01,24.7,,2014,12,4,2
334110,365,Fine particles (PM 2.5),Mean,mcg/m3,UHF34,207,East Flatbush - Flatbush,Winter 2014-15,2014-12-01,8.84,,2014,12,4,2
334173,365,Fine particles (PM 2.5),Mean,mcg/m3,UHF34,501502,Northern SI,Winter 2014-15,2014-12-01,8.57,,2014,12,4,2
334251,365,Fine particles (PM 2.5),Mean,mcg/m3,CD,211,Morris Park and Bronxdale (CD11),Winter 2014-15,2014-12-01,9.9,,2014,12,4,2
334140,365,Fine particles (PM 2.5),Mean,mcg/m3,UHF34,402,West Queens,Winter 2014-15,2014-12-01,9.87,,2014,12,4,2
336888,375,Nitrogen dioxide (NO2),Mean,ppb,CD,414,Rockaway and Broad Channel (CD14),Winter 2014-15,2014-12-01,20.58,,2014,12,4,2
336858,375,Nitrogen dioxide (NO2),Mean,ppb,CD,404,Elmhurst and Corona (CD4),Winter 2014-15,2014-12-01,26.92,,2014,12,4,2
336504,375,Nitrogen dioxide (NO2),Mean,ppb,UHF42,105,Crotona -Tremont,Winter 2014-15,2014-12-01,25.56,,2014,12,4,2
336855,375,Nitrogen dioxide (NO2),Mean,ppb,CD,403,Jackson Heights (CD3),Winter 2014-15,2014-12-01,25.94,,2014,12,4,2
336822,375,Nitrogen dioxide (NO2),Mean,ppb,CD,310,Bay Ridge and Dyker Heights (CD10),Winter 2014-15,2014-12-01,25.17,,2014,12,4,2
336735,375,Nitrogen dioxide (NO2),Mean,ppb,CD,105,Midtown (CD5),Winter 2014-15,2014-12-01,35.01,,2014,12,4,2
336729,375,Nitrogen dioxide (NO2),Mean,ppb,CD,103,Lower East Side and Chinatown (CD3),Winter 2014-15,2014-12-01,28.66,,2014,12,4,2
336828,375,Nitrogen dioxide (NO2),Mean,ppb,CD,312,Borough Park (CD12),Winter 2014-15,2014-12-01,25.93,,2014,12,4,2
334323,365,Fine particles (PM 2.5),Mean,mcg/m3,CD,405,Ridgewood and Maspeth (CD5),Winter 2014-15,2014-12-01,9.45,,2014,12,4,2
336678,375,Nitrogen dioxide (NO2),Mean,ppb,UHF34,402,West Queens,Winter 2014-15,2014-12-01,26.21,,2014,12,4,2
334344,365,Fine particles (PM 2.5),Mean,mcg/m3,CD,412,Jamaica and Hollis (CD12),Winter 2014-15,2014-12-01,8.6,,2014,12,4,2
334008,365,Fine particles (PM 2.5),Mean,mcg/m3,UHF42,301,Washington Heights,Winter 2014-15,2014-12-01,10.29,,2014,12,4,2
334287,365,Fine particles (PM 2.5),Mean,mcg/m3,CD,311,Bensonhurst (CD11),Winter 2014-15,2014-12-01,8.37,,2014,12,4,2
336477,375,Nitrogen dioxide (NO2),Mean,ppb,Borough,1,Bronx,Winter 2014-15,2014-12-01,23.92,,2014,12,4,2
334281,365,Fine particles (PM 2.5),Mean,mcg/m3,CD,309,South Crown Heights and Lefferts Gardens (CD9),Winter 2014-15,2014-12-01,8.94,,2014,12,4,2
336648,375,Nitrogen dioxide (NO2),Mean,ppb,UHF34,207,East Flatbush - Flatbush,Winter 2014-15,2014-12-01,25.7,,2014,12,4,2
334341,365,Fine particles (PM 2.5),Mean,mcg/m3,CD,411,Bayside and Little Neck (CD11),Winter 2014-15,2014-12-01,8.8,,2014,12,4,2
334215,365,Fine particles (PM 2.5),Mean,mcg/m3,CD,111,East Harlem (CD11),Winter 2014-15,2014-12-01,10.32,,2014,12,4,2
336717,375,Nitrogen dioxide (NO2),Mean,ppb,UHF34,105106107,South Bronx,Winter 2014-15,2014-12-01,25.54,,2014,12,4,2
336660,375,Nitrogen dioxide (NO2),Mean,ppb,UHF34,211,Williamsburg - Bushwick,Winter 2014-15,2014-12-01,26.59,,2014,12,4,2
334134,365,Fine particles (PM 2.5),Mean,mcg/m3,UHF34,304,Upper West Side,Winter 2014-15,2014-12-01,10.57,,2014,12,4,2
333969,365,Fine particles (PM 2.5),Mean,mcg/m3,UHF42,106,High Bridge - Morrisania,Winter 2014-15,2014-12-01,10.55,,2014,12,4,2
333984,365,Fine particles (PM 2.5),Mean,mcg/m3,UHF42,204,East New York,Winter 2014-15,2014-12-01,9.12,,2014,12,4,2
334128,365,Fine particles (PM 2.5),Mean,mcg/m3,UHF34,302,Central Harlem - Morningside Heights,Winter 2014-15,2014-12-01,10.23,,2014,12,4,2
336783,375,Nitrogen dioxide (NO2),Mean,ppb,CD,209,Parkchester and Soundview (CD9),Winter 2014-15,2014-12-01,24.41,,2014,12,4,2
336753,375,Nitrogen dioxide (NO2),Mean,ppb,CD,111,East Harlem (CD11),Winter 2014-15,2014-12-01,26.86,,2014,12,4,2
336816,375,Nitrogen dioxide (NO2),Mean,ppb,CD,308,Crown Heights and Prospect Heights (CD8),Winter 2014-15,2014-12-01,26.73,,2014,12,4,2
336555,375,Nitrogen dioxide (NO2),Mean,ppb,UHF42,304,Upper West Side,Winter 2014-15,2014-12-01,27.42,,2014,12,4,2
334188,365,Fine particles (PM 2.5),Mean,mcg/m3,CD,102,Greenwich Village and Soho (CD2),Winter 2014-15,2014-12-01,11.05,,2014,12,4,2
334035,365,Fine particles (PM 2.5),Mean,mcg/m3,UHF42,310,Lower Manhattan,Winter 2014-15,2014-12-01,10.94,,2014,12,4,2
336693,375,Nitrogen dioxide (NO2),Mean,ppb,UHF34,409,Southeast Queens,Winter 2014-15,2014-12-01,22.67,,2014,12,4,2
333975,365,Fine particles (PM 2.5),Mean,mcg/m3,UHF42,201,Greenpoint,Winter 2014-15,2014-12-01,10.85,,2014,12,4,2
336612,375,Nitrogen dioxide (NO2),Mean,ppb,UHF42,503,Willowbrook,Winter 2014-15,2014-12-01,19.93,,2014,12,4,2
334023,365,Fine particles (PM 2.5),Mean,mcg/m3,UHF42,306,Chelsea - Clinton,Winter 2014-15,2014-12-01,12.11,,2014,12,4,2
336765,375,Nitrogen dioxide (NO2),Mean,ppb,CD,203,Morrisania and Crotona (CD3),Winter 2014-15,2014-12-01,25.23,,2014,12,4,2
336537,375,Nitrogen dioxide (NO2),Mean,ppb,UHF42,209,Bensonhurst - Bay Ridge,Winter 2014-15,2014-12-01,24.9,,2014,12,4,2
334152,365,Fine particles (PM 2.5),Mean,mcg/m3,UHF34,408,Jamaica,Winter 2014-15,2014-12-01,8.63,,2014,12,4,2
336702,375,Nitrogen dioxide (NO2),Mean,ppb,UHF34,306308,Chelsea-Village,Winter 2014-15,2014-12-01,31.49,,2014,12,4,2
336483,375,Nitrogen dioxide (NO2),Mean,ppb,Borough,3,Manhattan,Winter 2014-15,2014-12-01,28.69,,2014,12,4,2
334092,365,Fine particles (PM 2.5),Mean,mcg/m3,UHF34,201,Greenpoint,Winter 2014-15,2014-12-01,10.85,,2014,12,4,2
336513,375,Nitrogen dioxide (NO2),Mean,ppb,UHF42,201,Greenpoint,Winter 2014-15,2014-12-01,26.82,,2014,12,4,2
336789,375,Nitrogen dioxide (NO2),Mean,ppb,CD,211,Morris Park and Bronxdale (CD11),Winter 2014-15,2014-12-01,23.64,,2014,12,4,2
336588,375,Nitrogen dioxide (NO2),Mean,ppb,UHF42,405,Ridgewood - Forest Hills,Winter 2014-15,2014-12-01,24.7,,2014,12,4,2
334176,365,Fine particles (PM 2.5),Mean,mcg/m3,UHF34,503504,Southern SI,Winter 2014-15,2014-12-01,8.31,,2014,12,4,2
336540,375,Nitrogen dioxide (NO2),Mean,ppb,UHF42,210,Coney Island - Sheepshead Bay,Winter 2014-15,2014-12-01,23.96,,2014,12,4,2
336528,375,Nitrogen dioxide (NO2),Mean,ppb,UHF42,206,Borough Park,Winter 2014-15,2014-12-01,25.8,,2014,12,4,2
336747,375,Nitrogen dioxide (NO2),Mean,ppb,CD,109,Morningside Heights and Hamilton Heights (CD9),Winter 2014-15,2014-12-01,26.47,,2014,12,4,2
334122,365,Fine particles (PM 2.5),Mean,mcg/m3,UHF34,211,Williamsburg - Bushwick,Winter 2014-15,2014-12-01,9.96,,2014,12,4,2
334089,365,Fine particles (PM 2.5),Mean,mcg/m3,UHF34,104,Pelham - Throgs Neck,Winter 2014-15,2014-12-01,9.87,,2014,12,4,2
334257,365,Fine particles (PM 2.5),Mean,mcg/m3,CD,301,Greenpoint and Williamsburg (CD1),Winter 2014-15,2014-12-01,10.91,,2014,12,4,2
336501,375,Nitrogen dioxide (NO2),Mean,ppb,UHF42,104,Pelham - Throgs Neck,Winter 2014-15,2014-12-01,23.7,,2014,12,4,2
336630,375,Nitrogen dioxide (NO2),Mean,ppb,UHF34,201,Greenpoint,Winter 2014-15,2014-12-01,26.82,,2014,12,4,2
336810,375,Nitrogen dioxide (NO2),Mean,ppb,CD,306,Park Slope and Carroll Gardens (CD6),Winter 2014-15,2014-12-01,26.63,,2014,12,4,2
334062,365,Fine particles (PM 2.5),Mean,mcg/m3,UHF42,409,Southeast Queens,Winter 2014-15,2014-12-01,8.23,,2014,12,4,2
333951,365,Fine particles (PM 2.5),Mean,mcg/m3,Borough,5,Staten Island,Winter 2014-15,2014-12-01,8.39,,2014,12,4,2
334200,365,Fine particles (PM 2.5),Mean,mcg/m3,CD,106,Stuyvesant Town and Turtle Bay (CD6),Winter 2014-15,2014-12-01,11.92,,2014,12,4,2
334056,365,Fine particles (PM 2.5),Mean,mcg/m3,UHF42,407,Southwest Queens,Winter 2014-15,2014-12-01,8.51,,2014,12,4,2
334047,365,Fine particles (PM 2.5),Mean,mcg/m3,UHF42,404,Bayside - Little Neck,Winter 2014-15,2014-12-01,8.81,,2014,12,4,2
334230,365,Fine particles (PM 2.5),Mean,mcg/m3,CD,204,Highbridge and Concourse (CD4),Winter 2014-15,2014-12-01,10.67,,2014,12,4,2
334314,365,Fine particles (PM 2.5),Mean,mcg/m3,CD,402,Woodside and Sunnyside (CD2),Winter 2014-15,2014-12-01,10.9,,2014,12,4,2
336633,375,Nitrogen dioxide (NO2),Mean,ppb,UHF34,202,Downtown - Heights - Slope,Winter 2014-15,2014-12-01,27.03,,2014,12,4,2
334224,365,Fine particles (PM 2.5),Mean,mcg/m3,CD,202,Hunts Point and Longwood (CD2),Winter 2014-15,2014-12-01,10.76,,2014,12,4,2
336681,375,Nitrogen dioxide (NO2),Mean,ppb,UHF34,403,Flushing - Clearview,Winter 2014-15,2014-12-01,24.0,,2014,12,4,2
336705,375,Nitrogen dioxide (NO2),Mean,ppb,UHF34,309310,Union Square-Lower Manhattan,Winter 2014-15,2014-12-01,29.44,,2014,12,4,2
336732,375,Nitrogen dioxide (NO2),Mean,ppb,CD,104,Clinton and Chelsea (CD4),Winter 2014-15,2014-12-01,30.68,,2014,12,4,2
334353,365,Fine particles (PM 2.5),Mean,mcg/m3,CD,501,St. George and Stapleton (CD1),Winter 2014-15,2014-12-01,8.72,,2014,12,4,2
336720,375,Nitrogen dioxide (NO2),Mean,ppb,Citywide,1,New York City,Winter 2014-15,2014-12-01,23.7404,,2014,12,4,2
334335,365,Fine particles (PM 2.5),Mean,mcg/m3,CD,409,Kew Gardens and Woodhaven (CD9),Winter 2014-15,2014-12-01,8.82,,2014,12,4,2
336849,375,Nitrogen dioxide (NO2),Mean,ppb,CD,401,Long Island City and Astoria (CD1),Winter 2014-15,2014-12-01,25.43,,2014,12,4,2
333999,365,Fine particles (PM 2.5),Mean,mcg/m3,UHF42,209,Bensonhurst - Bay Ridge,Winter 2014-15,2014-12-01,8.48,,2014,12,4,2
334149,365,Fine particles (PM 2.5),Mean,mcg/m3,UHF34,407,Southwest Queens,Winter 2014-15,2014-12-01,8.51,,2014,12,4,2
334098,365,Fine particles (PM 2.5),Mean,mcg/m3,UHF34,203,Bedford Stuyvesant - Crown Heights,Winter 2014-15,2014-12-01,9.14,,2014,12,4,2
336786,375,Nitrogen dioxide (NO2),Mean,ppb,CD,210,Throgs Neck and Co-op City (CD10),Winter 2014-15,2014-12-01,23.17,,2014,12,4,2
333978,365,Fine particles (PM 2.5),Mean,mcg/m3,UHF42,202,Downtown - Heights - Slope,Winter 2014-15,2014-12-01,10.05,,2014,12,4,2
334266,365,Fine particles (PM 2.5),Mean,mcg/m3,CD,304,Bushwick (CD4),Winter 2014-15,2014-12-01,9.37,,2014,12,4,2
334191,365,Fine particles (PM 2.5),Mean,mcg/m3,CD,103,Lower East Side and Chinatown (CD3),Winter 2014-15,2014-12-01,10.3,,2014,12,4,2
336663,375,Nitrogen dioxide (NO2),Mean,ppb,UHF34,301,Washington Heights,Winter 2014-15,2014-12-01,24.58,,2014,12,4,2
334254,365,Fine particles (PM 2.5),Mean,mcg/m3,CD,212,Williamsbridge and Baychester (CD12),Winter 2014-15,2014-12-01,10.09,,2014,12,4,2
334104,365,Fine particles (PM 2.5),Mean,mcg/m3,UHF34,205,Sunset Park,Winter 2014-15,2014-12-01,9.64,,2014,12,4,2
334053,365,Fine particles (PM 2.5),Mean,mcg/m3,UHF42,406,Fresh Meadows,Winter 2014-15,2014-12-01,8.81,,2014,12,4,2
336750,375,Nitrogen dioxide (NO2),Mean,ppb,CD,110,Central Harlem (CD10),Winter 2014-15,2014-12-01,26.84,,2014,12,4,2
334248,365,Fine particles (PM 2.5),Mean,mcg/m3,CD,210,Throgs Neck and Co-op City (CD10),Winter 2014-15,2014-12-01,9.89,,2014,12,4,2
336567,375,Nitrogen dioxide (NO2),Mean,ppb,UHF42,308,Greenwich Village - SoHo,Winter 2014-15,2014-12-01,30.19,,2014,12,4,2
336546,375,Nitrogen dioxide (NO2),Mean,ppb,UHF42,301,Washington Heights,Winter 2014-15,2014-12-01,24.58,,2014,12,4,2
334311,365,Fine particles (PM 2.5),Mean,mcg/m3,CD,401,Long Island City and Astoria (CD1),Winter 2014-15,2014-12-01,9.74,,2014,12,4,2
334356,365,Fine particles (PM 2.5),Mean,mcg/m3,CD,502,South Beach and Willowbrook (CD2),Winter 2014-15,2014-12-01,8.51,,2014,12,4,2
336852,375,Nitrogen dioxide (NO2),Mean,ppb,CD,402,Woodside and Sunnyside (CD2),Winter 2014-15,2014-12-01,26.28,,2014,12,4,2
336885,375,Nitrogen dioxide (NO2),Mean,ppb,CD,413,Queens Village (CD13),Winter 2014-15,2014-12-01,22.77,,2014,12,4,2
336738,375,Nitrogen dioxide (NO2),Mean,ppb,CD,106,Stuyvesant Town and Turtle Bay (CD6),Winter 2014-15,2014-12-01,32.43,,2014,12,4,2
336657,375,Nitrogen dioxide (NO2),Mean,ppb,UHF34,210,Coney Island - Sheepshead Bay,Winter 2014-15,2014-12-01,23.96,,2014,12,4,2
334146,365,Fine particles (PM 2.5),Mean,mcg/m3,UHF34,405,Ridgewood - Forest Hills,Winter 2014-15,2014-12-01,9.09,,2014,12,4,2
334041,365,Fine particles (PM 2.5),Mean,mcg/m3,UHF42,402,West Queens,Winter 2014-15,2014-12-01,9.87,,2014,12,4,2
334308,365,Fine particles (PM 2.5),Mean,mcg/m3,CD,318,Flatlands and Canarsie (CD18),Winter 2014-15,2014-12-01,8.35,,2014,12,4,2
336774,375,Nitrogen dioxide (NO2),Mean,ppb,CD,206,Belmont and East Tremont (CD6),Winter 2014-15,2014-12-01,25.18,,2014,12,4,2
334161,365,Fine particles (PM 2.5),Mean,mcg/m3,UHF34,305307,Upper East Side-Gramercy,Winter 2014-15,2014-12-01,11.75,,2014,12,4,2
334233,365,Fine particles (PM 2.5),Mean,mcg/m3,CD,205,Fordham and University Heights (CD5),Winter 2014-15,2014-12-01,10.85,,2014,12,4,2
336639,375,Nitrogen dioxide (NO2),Mean,ppb,UHF34,204,East New York,Winter 2014-15,2014-12-01,24.99,,2014,12,4,2
334302,365,Fine particles (PM 2.5),Mean,mcg/m3,CD,316,Brownsville (CD16),Winter 2014-15,2014-12-01,9.21,,2014,12,4,2
336870,375,Nitrogen dioxide (NO2),Mean,ppb,CD,408,Hillcrest and Fresh Meadows (CD8),Winter 2014-15,2014-12-01,23.58,,2014,12,4,2
334029,365,Fine particles (PM 2.5),Mean,mcg/m3,UHF42,308,Greenwich Village - SoHo,Winter 2014-15,2014-12-01,11.01,,2014,12,4,2
336759,375,Nitrogen dioxide (NO2),Mean,ppb,CD,201,Mott Haven and Melrose (CD1),Winter 2014-15,2014-12-01,25.9,,2014,12,4,2
336708,375,Nitrogen dioxide (NO2),Mean,ppb,UHF34,404406,Bayside Little Neck-Fresh Meadows,Winter 2014-15,2014-12-01,23.0,,2014,12,4,2
333945,365,Fine particles (PM 2.5),Mean,mcg/m3,Borough,3,Manhattan,Winter 2014-15,2014-12-01,10.93,,2014,12,4,2
333963,365,Fine particles (PM 2.5),Mean,mcg/m3,UHF42,104,Pelham - Throgs Neck,Winter 2014-15,2014-12-01,9.87,,2014,12,4,2
334164,365,Fine particles (PM 2.5),Mean,mcg/m3,UHF34,306308,Chelsea-Village,Winter 2014-15,2014-12-01,11.74,,2014,12,4,2
334044,365,Fine particles (PM 2.5),Mean,mcg/m3,UHF42,403,Flushing - Clearview,Winter 2014-15,2014-12-01,9.23,,2014,12,4,2
334269,365,Fine particles (PM 2.5),Mean,mcg/m3,CD,305,East New York and Starrett City (CD5),Winter 2014-15,2014-12-01,9.05,,2014,12,4,2
334242,365,Fine particles (PM 2.5),Mean,mcg/m3,CD,208,Riverdale and Fieldston (CD8),Winter 2014-15,2014-12-01,10.15,,2014,12,4,2
334194,365,Fine particles (PM 2.5),Mean,mcg/m3,CD,104,Clinton and Chelsea (CD4),Winter 2014-15,2014-12-01,11.52,,2014,12,4,2
334278,365,Fine particles (PM 2.5),Mean,mcg/m3,CD,308,Crown Heights and Prospect Heights (CD8),Winter 2014-15,2014-12-01,9.15,,2014,12,4,2
334272,365,Fine particles (PM 2.5),Mean,mcg/m3,CD,306,Park Slope and Carroll Gardens (CD6),Winter 2014-15,2014-12-01,10.03,,2014,12,4,2
336894,375,Nitrogen dioxide (NO2),Mean,ppb,CD,502,South Beach and Willowbrook (CD2),Winter 2014-15,2014-12-01,19.58,,2014,12,4,2
336762,375,Nitrogen dioxide (NO2),Mean,ppb,CD,202,Hunts Point and Longwood (CD2),Winter 2014-15,2014-12-01,25.17,,2014,12,4,2
336582,375,Nitrogen dioxide (NO2),Mean,ppb,UHF42,403,Flushing - Clearview,Winter 2014-15,2014-12-01,24.01,,2014,12,4,2
334320,365,Fine particles (PM 2.5),Mean,mcg/m3,CD,404,Elmhurst and Corona (CD4),Winter 2014-15,2014-12-01,9.46,,2014,12,4,2
334011,365,Fine particles (PM 2.5),Mean,mcg/m3,UHF42,302,Central Harlem - Morningside Heights,Winter 2014-15,2014-12-01,10.23,,2014,12,4,2
336549,375,Nitrogen dioxide (NO2),Mean,ppb,UHF42,302,Central Harlem - Morningside Heights,Winter 2014-15,2014-12-01,26.74,,2014,12,4,2
336498,375,Nitrogen dioxide (NO2),Mean,ppb,UHF42,103,Fordham - Bronx Pk,Winter 2014-15,2014-12-01,23.33,,2014,12,4,2
334284,365,Fine particles (PM 2.5),Mean,mcg/m3,CD,310,Bay Ridge and Dyker Heights (CD10),Winter 2014-15,2014-12-01,8.74,,2014,12,4,2
336489,375,Nitrogen dioxide (NO2),Mean,ppb,Borough,5,Staten Island,Winter 2014-15,2014-12-01,19.75,,2014,12,4,2
334113,365,Fine particles (PM 2.5),Mean,mcg/m3,UHF34,208,Canarsie - Flatlands,Winter 2014-15,2014-12-01,8.39,,2014,12,4,2
336741,375,Nitrogen dioxide (NO2),Mean,ppb,CD,107,Upper West Side (CD7),Winter 2014-15,2014-12-01,27.42,,2014,12,4,2
334038,365,Fine particles (PM 2.5),Mean,mcg/m3,UHF42,401,Long Island City - Astoria,Winter 2014-15,2014-12-01,10.44,,2014,12,4,2
336507,375,Nitrogen dioxide (NO2),Mean,ppb,UHF42,106,High Bridge - Morrisania,Winter 2014-15,2014-12-01,26.0,,2014,12,4,2
334236,365,Fine particles (PM 2.5),Mean,mcg/m3,CD,206,Belmont and East Tremont (CD6),Winter 2014-15,2014-12-01,10.44,,2014,12,4,2
336669,375,Nitrogen dioxide (NO2),Mean,ppb,UHF34,303,East Harlem,Winter 2014-15,2014-12-01,26.96,,2014,12,4,2
334026,365,Fine particles (PM 2.5),Mean,mcg/m3,UHF42,307,Gramercy Park - Murray Hill,Winter 2014-15,2014-12-01,12.55,,2014,12,4,2
336807,375,Nitrogen dioxide (NO2),Mean,ppb,CD,305,East New York and Starrett City (CD5),Winter 2014-15,2014-12-01,24.66,,2014,12,4,2
334017,365,Fine particles (PM 2.5),Mean,mcg/m3,UHF42,304,Upper West Side,Winter 2014-15,2014-12-01,10.57,,2014,12,4,2
336492,375,Nitrogen dioxide (NO2),Mean,ppb,UHF42,101,Kingsbridge - Riverdale,Winter 2014-15,2014-12-01,21.19,,2014,12,4,2
333960,365,Fine particles (PM 2.5),Mean,mcg/m3,UHF42,103,Fordham - Bronx Pk,Winter 2014-15,2014-12-01,10.16,,2014,12,4,2
333987,365,Fine particles (PM 2.5),Mean,mcg/m3,UHF42,205,Sunset Park,Winter 2014-15,2014-12-01,9.64,,2014,12,4,2
334002,365,Fine particles (PM 2.5),Mean,mcg/m3,UHF42,210,Coney Island - Sheepshead Bay,Winter 2014-15,2014-12-01,8.1,,2014,12,4,2
336831,375,Nitrogen dioxide (NO2),Mean,ppb,CD,313,Coney Island (CD13),Winter 2014-15,2014-12-01,23.05,,2014,12,4,2
336771,375,Nitrogen dioxide (NO2),Mean,ppb,CD,205,Fordham and University Heights (CD5),Winter 2014-15,2014-12-01,26.18,,2014,12,4,2
336552,375,Nitrogen dioxide (NO2),Mean,ppb,UHF42,303,East Harlem,Winter 2014-15,2014-12-01,26.96,,2014,12,4,2
334290,365,Fine particles (PM 2.5),Mean,mcg/m3,CD,312,Borough Park (CD12),Winter 2014-15,2014-12-01,8.73,,2014,12,4,2
334329,365,Fine particles (PM 2.5),Mean,mcg/m3,CD,407,Flushing and Whitestone (CD7),Winter 2014-15,2014-12-01,9.27,,2014,12,4,2
333948,365,Fine particles (PM 2.5),Mean,mcg/m3,Borough,4,Queens,Winter 2014-15,2014-12-01,8.89,,2014,12,4,2
334050,365,Fine particles (PM 2.5),Mean,mcg/m3,UHF42,405,Ridgewood - Forest Hills,Winter 2014-15,2014-12-01,9.09,,2014,12,4,2
336558,375,Nitrogen dioxide (NO2),Mean,ppb,UHF42,305,Upper East Side,Winter 2014-15,2014-12-01,29.21,,2014,12,4,2
336522,375,Nitrogen dioxide (NO2),Mean,ppb,UHF42,204,East New York,Winter 2014-15,2014-12-01,24.99,,2014,12,4,2
334077,365,Fine particles (PM 2.5),Mean,mcg/m3,UHF42,504,South Beach - Tottenville,Winter 2014-15,2014-12-01,8.05,,2014,12,4,2
336861,375,Nitrogen dioxide (NO2),Mean,ppb,CD,405,Ridgewood and Maspeth (CD5),Winter 2014-15,2014-12-01,24.87,,2014,12,4,2
336804,375,Nitrogen dioxide (NO2),Mean,ppb,CD,304,Bushwick (CD4),Winter 2014-15,2014-12-01,25.82,,2014,12,4,2
336591,375,Nitrogen dioxide (NO2),Mean,ppb,UHF42,406,Fresh Meadows,Winter 2014-15,2014-12-01,23.98,,2014,12,4,2
336843,375,Nitrogen dioxide (NO2),Mean,ppb,CD,317,East Flatbush (CD17),Winter 2014-15,2014-12-01,25.82,,2014,12,4,2
334293,365,Fine particles (PM 2.5),Mean,mcg/m3,CD,313,Coney Island (CD13),Winter 2014-15,2014-12-01,8.04,,2014,12,4,2
336525,375,Nitrogen dioxide (NO2),Mean,ppb,UHF42,205,Sunset Park,Winter 2014-15,2014-12-01,25.37,,2014,12,4,2
334209,365,Fine particles (PM 2.5),Mean,mcg/m3,CD,109,Morningside Heights and Hamilton Heights (CD9),Winter 2014-15,2014-12-01,10.31,,2014,12,4,2
336519,375,Nitrogen dioxide (NO2),Mean,ppb,UHF42,203,Bedford Stuyvesant - Crown Heights,Winter 2014-15,2014-12-01,26.39,,2014,12,4,2
336603,375,Nitrogen dioxide (NO2),Mean,ppb,UHF42,410,Rockaways,Winter 2014-15,2014-12-01,20.67,,2014,12,4,2
334107,365,Fine particles (PM 2.5),Mean,mcg/m3,UHF34,206,Borough Park,Winter 2014-15,2014-12-01,8.7,,2014,12,4,2
334197,365,Fine particles (PM 2.5),Mean,mcg/m3,CD,105,Midtown (CD5),Winter 2014-15,2014-12-01,13.2,,2014,12,4,2
334137,365,Fine particles (PM 2.5),Mean,mcg/m3,UHF34,401,Long Island City - Astoria,Winter 2014-15,2014-12-01,10.44,,2014,12,4,2
336636,375,Nitrogen dioxide (NO2),Mean,ppb,UHF34,203,Bedford Stuyvesant - Crown Heights,Winter 2014-15,2014-12-01,26.39,,2014,12,4,2
336666,375,Nitrogen dioxide (NO2),Mean,ppb,UHF34,302,Central Harlem - Morningside Heights,Winter 2014-15,2014-12-01,26.74,,2014,12,4,2
334185,365,Fine particles (PM 2.5),Mean,mcg/m3,CD,101,Financial District (CD1),Winter 2014-15,2014-12-01,10.98,,2014,12,4,2
336531,375,Nitrogen dioxide (NO2),Mean,ppb,UHF42,207,East Flatbush - Flatbush,Winter 2014-15,2014-12-01,25.7,,2014,12,4,2
336564,375,Nitrogen dioxide (NO2),Mean,ppb,UHF42,307,Gramercy Park - Murray Hill,Winter 2014-15,2014-12-01,33.9,,2014,12,4,2
336510,375,Nitrogen dioxide (NO2),Mean,ppb,UHF42,107,Hunts Point - Mott Haven,Winter 2014-15,2014-12-01,25.21,,2014,12,4,2
336834,375,Nitrogen dioxide (NO2),Mean,ppb,CD,314,Flatbush and Midwood (CD14),Winter 2014-15,2014-12-01,25.35,,2014,12,4,2
336579,375,Nitrogen dioxide (NO2),Mean,ppb,UHF42,402,West Queens,Winter 2014-15,2014-12-01,26.21,,2014,12,4,2
333981,365,Fine particles (PM 2.5),Mean,mcg/m3,UHF42,203,Bedford Stuyvesant - Crown Heights,Winter 2014-15,2014-12-01,9.14,,2014,12,4,2
336627,375,Nitrogen dioxide (NO2),Mean,ppb,UHF34,104,Pelham - Throgs Neck,Winter 2014-15,2014-12-01,23.7,,2014,12,4,2
336891,375,Nitrogen dioxide (NO2),Mean,ppb,CD,501,St. George and Stapleton (CD1),Winter 2014-15,2014-12-01,22.47,,2014,12,4,2
334059,365,Fine particles (PM 2.5),Mean,mcg/m3,UHF42,408,Jamaica,Winter 2014-15,2014-12-01,8.63,,2014,12,4,2
336672,375,Nitrogen dioxide (NO2),Mean,ppb,UHF34,304,Upper West Side,Winter 2014-15,2014-12-01,27.42,,2014,12,4,2
333996,365,Fine particles (PM 2.5),Mean,mcg/m3,UHF42,208,Canarsie - Flatlands,Winter 2014-15,2014-12-01,8.39,,2014,12,4,2
336573,375,Nitrogen dioxide (NO2),Mean,ppb,UHF42,310,Lower Manhattan,Winter 2014-15,2014-12-01,30.29,,2014,12,4,2
336654,375,Nitrogen dioxide (NO2),Mean,ppb,UHF34,209,Bensonhurst - Bay Ridge,Winter 2014-15,2014-12-01,24.9,,2014,12,4,2
336711,375,Nitrogen dioxide (NO2),Mean,ppb,UHF34,501502,Northern SI,Winter 2014-15,2014-12-01,21.77,,2014,12,4,2
336744,375,Nitrogen dioxide (NO2),Mean,ppb,CD,108,Upper East Side (CD8),Winter 2014-15,2014-12-01,29.3,,2014,12,4,2
336882,375,Nitrogen dioxide (NO2),Mean,ppb,CD,412,Jamaica and Hollis (CD12),Winter 2014-15,2014-12-01,24.09,,2014,12,4,2
336600,375,Nitrogen dioxide (NO2),Mean,ppb,UHF42,409,Southeast Queens,Winter 2014-15,2014-12-01,22.67,,2014,12,4,2
336618,375,Nitrogen dioxide (NO2),Mean,ppb,UHF34,101,Kingsbridge - Riverdale,Winter 2014-15,2014-12-01,21.19,,2014,12,4,2
336837,375,Nitrogen dioxide (NO2),Mean,ppb,CD,315,Sheepshead Bay (CD15),Winter 2014-15,2014-12-01,24.25,,2014,12,4,2
334206,365,Fine particles (PM 2.5),Mean,mcg/m3,CD,108,Upper East Side (CD8),Winter 2014-15,2014-12-01,11.07,,2014,12,4,2
334212,365,Fine particles (PM 2.5),Mean,mcg/m3,CD,110,Central Harlem (CD10),Winter 2014-15,2014-12-01,10.18,,2014,12,4,2
336516,375,Nitrogen dioxide (NO2),Mean,ppb,UHF42,202,Downtown - Heights - Slope,Winter 2014-15,2014-12-01,27.03,,2014,12,4,2
334074,365,Fine particles (PM 2.5),Mean,mcg/m3,UHF42,503,Willowbrook,Winter 2014-15,2014-12-01,8.75,,2014,12,4,2
336624,375,Nitrogen dioxide (NO2),Mean,ppb,UHF34,103,Fordham - Bronx Pk,Winter 2014-15,2014-12-01,23.33,,2014,12,4,2
336714,375,Nitrogen dioxide (NO2),Mean,ppb,UHF34,503504,Southern SI,Winter 2014-15,2014-12-01,18.89,,2014,12,4,2
334170,365,Fine particles (PM 2.5),Mean,mcg/m3,UHF34,404406,Bayside Little Neck-Fresh Meadows,Winter 2014-15,2014-12-01,8.82,,2014,12,4,2
334125,365,Fine particles (PM 2.5),Mean,mcg/m3,UHF34,301,Washington Heights,Winter 2014-15,2014-12-01,10.29,,2014,12,4,2
334158,365,Fine particles (PM 2.5),Mean,mcg/m3,UHF34,410,Rockaways,Winter 2014-15,2014-12-01,7.4,,2014,12,4,2
336561,375,Nitrogen dioxide (NO2),Mean,ppb,UHF42,306,Chelsea - Clinton,Winter 2014-15,2014-12-01,32.14,,2014,12,4,2
336876,375,Nitrogen dioxide (NO2),Mean,ppb,CD,410,South Ozone Park and Howard Beach (CD10),Winter 2014-15,2014-12-01,24.13,,2014,12,4,2
336534,375,Nitrogen dioxide (NO2),Mean,ppb,UHF42,208,Canarsie - Flatlands,Winter 2014-15,2014-12-01,23.07,,2014,12,4,2
336801,375,Nitrogen dioxide (NO2),Mean,ppb,CD,303,Bedford Stuyvesant (CD3),Winter 2014-15,2014-12-01,26.6,,2014,12,4,2
336879,375,Nitrogen dioxide (NO2),Mean,ppb,CD,411,Bayside and Little Neck (CD11),Winter 2014-15,2014-12-01,22.67,,2014,12,4,2
334182,365,Fine particles (PM 2.5),Mean,mcg/m3,Citywide,1,New York City,Winter 2014-15,2014-12-01,9.1446,,2014,12,4,2
334101,365,Fine particles (PM 2.5),Mean,mcg/m3,UHF34,204,East New York,Winter 2014-15,2014-12-01,9.12,,2014,12,4,2
334227,365,Fine particles (PM 2.5),Mean,mcg/m3,CD,203,Morrisania and Crotona (CD3),Winter 2014-15,2014-12-01,10.26,,2014,12,4,2
336651,375,Nitrogen dioxide (NO2),Mean,ppb,UHF34,208,Canarsie - Flatlands,Winter 2014-15,2014-12-01,23.07,,2014,12,4,2
334155,365,Fine particles (PM 2.5),Mean,mcg/m3,UHF34,409,Southeast Queens,Winter 2014-15,2014-12-01,8.23,,2014,12,4,2
336723,375,Nitrogen dioxide (NO2),Mean,ppb,CD,101,Financial District (CD1),Winter 2014-15,2014-12-01,30.4,,2014,12,4,2
334095,365,Fine particles (PM 2.5),Mean,mcg/m3,UHF34,202,Downtown - Heights - Slope,Winter 2014-15,2014-12-01,10.05,,2014,12,4,2
334305,365,Fine particles (PM 2.5),Mean,mcg/m3,CD,317,East Flatbush (CD17),Winter 2014-15,2014-12-01,8.98,,2014,12,4,2
336873,375,Nitrogen dioxide (NO2),Mean,ppb,CD,409,Kew Gardens and Woodhaven (CD9),Winter 2014-15,2014-12-01,25.06,,2014,12,4,2
336645,375,Nitrogen dioxide (NO2),Mean,ppb,UHF34,206,Borough Park,Winter 2014-15,2014-12-01,25.8,,2014,12,4,2
336780,375,Nitrogen dioxide (NO2),Mean,ppb,CD,208,Riverdale and Fieldston (CD8),Winter 2014-15,2014-12-01,21.2,,2014,12,4,2
333954,365,Fine particles (PM 2.5),Mean,mcg/m3,UHF42,101,Kingsbridge - Riverdale,Winter 2014-15,2014-12-01,10.16,,2014,12,4,2
334005,365,Fine particles (PM 2.5),Mean,mcg/m3,UHF42,211,Williamsburg - Bushwick,Winter 2014-15,2014-12-01,9.96,,2014,12,4,2
334020,365,Fine particles (PM 2.5),Mean,mcg/m3,UHF42,305,Upper East Side,Winter 2014-15,2014-12-01,11.05,,2014,12,4,2
336846,375,Nitrogen dioxide (NO2),Mean,ppb,CD,318,Flatlands and Canarsie (CD18),Winter 2014-15,2014-12-01,23.19,,2014,12,4,2
334071,365,Fine particles (PM 2.5),Mean,mcg/m3,UHF42,502,Stapleton - St. George,Winter 2014-15,2014-12-01,8.36,,2014,12,4,2
334296,365,Fine particles (PM 2.5),Mean,mcg/m3,CD,314,Flatbush and Midwood (CD14),Winter 2014-15,2014-12-01,8.68,,2014,12,4,2
334263,365,Fine particles (PM 2.5),Mean,mcg/m3,CD,303,Bedford Stuyvesant (CD3),Winter 2014-15,2014-12-01,9.31,,2014,12,4,2
336606,375,Nitrogen dioxide (NO2),Mean,ppb,UHF42,501,Port Richmond,Winter 2014-15,2014-12-01,22.69,,2014,12,4,2
334179,365,Fine particles (PM 2.5),Mean,mcg/m3,UHF34,105106107,South Bronx,Winter 2014-15,2014-12-01,10.57,,2014,12,4,2
334080,365,Fine particles (PM 2.5),Mean,mcg/m3,UHF34,101,Kingsbridge - Riverdale,Winter 2014-15,2014-12-01,10.16,,2014,12,4,2
336642,375,Nitrogen dioxide (NO2),Mean,ppb,UHF34,205,Sunset Park,Winter 2014-15,2014-12-01,25.37,,2014,12,4,2
334167,365,Fine particles (PM 2.5),Mean,mcg/m3,UHF34,309310,Union Square-Lower Manhattan,Winter 2014-15,2014-12-01,10.61,,2014,12,4,2
334275,365,Fine particles (PM 2.5),Mean,mcg/m3,CD,307,Sunset Park (CD7),Winter 2014-15,2014-12-01,9.73,,2014,12,4,2
336609,375,Nitrogen dioxide (NO2),Mean,ppb,UHF42,502,Stapleton - St. George,Winter 2014-15,2014-12-01,21.27,,2014,12,4,2
334245,365,Fine particles (PM 2.5),Mean,mcg/m3,CD,209,Parkchester and Soundview (CD9),Winter 2014-15,2014-12-01,9.95,,2014,12,4,2
336819,375,Nitrogen dioxide (NO2),Mean,ppb,CD,309,South Crown Heights and Lefferts Gardens (CD9),Winter 2014-15,2014-12-01,26.38,,2014,12,4,2
334239,365,Fine particles (PM 2.5),Mean,mcg/m3,CD,207,Kingsbridge Heights and Bedford (CD7),Winter 2014-15,2014-12-01,10.37,,2014,12,4,2
336825,375,Nitrogen dioxide (NO2),Mean,ppb,CD,311,Bensonhurst (CD11),Winter 2014-15,2014-12-01,25.52,,2014,12,4,2
336768,375,Nitrogen dioxide (NO2),Mean,ppb,CD,204,Highbridge and Concourse (CD4),Winter 2014-15,2014-12-01,26.09,,2014,12,4,2
334299,365,Fine particles (PM 2.5),Mean,mcg/m3,CD,315,Sheepshead Bay (CD15),Winter 2014-15,2014-12-01,8.12,,2014,12,4,2
336675,375,Nitrogen dioxide (NO2),Mean,ppb,UHF34,401,Long Island City - Astoria,Winter 2014-15,2014-12-01,26.22,,2014,12,4,2
334350,365,Fine particles (PM 2.5),Mean,mcg/m3,CD,414,Rockaway and Broad Channel (CD14),Winter 2014-15,2014-12-01,7.39,,2014,12,4,2
336756,375,Nitrogen dioxide (NO2),Mean,ppb,CD,112,Washington Heights and Inwood (CD12),Winter 2014-15,2014-12-01,24.14,,2014,12,4,2
336597,375,Nitrogen dioxide (NO2),Mean,ppb,UHF42,408,Jamaica,Winter 2014-15,2014-12-01,23.94,,2014,12,4,2
334131,365,Fine particles (PM 2.5),Mean,mcg/m3,UHF34,303,East Harlem,Winter 2014-15,2014-12-01,10.33,,2014,12,4,2
336594,375,Nitrogen dioxide (NO2),Mean,ppb,UHF42,407,Southwest Queens,Winter 2014-15,2014-12-01,24.5,,2014,12,4,2
334143,365,Fine particles (PM 2.5),Mean,mcg/m3,UHF34,403,Flushing - Clearview,Winter 2014-15,2014-12-01,9.23,,2014,12,4,2
336699,375,Nitrogen dioxide (NO2),Mean,ppb,UHF34,305307,Upper East Side-Gramercy,Winter 2014-15,2014-12-01,31.41,,2014,12,4,2
334068,365,Fine particles (PM 2.5),Mean,mcg/m3,UHF42,501,Port Richmond,Winter 2014-15,2014-12-01,8.97,,2014,12,4,2
333957,365,Fine particles (PM 2.5),Mean,mcg/m3,UHF42,102,Northeast Bronx,Winter 2014-15,2014-12-01,10.14,,2014,12,4,2
336690,375,Nitrogen dioxide (NO2),Mean,ppb,UHF34,408,Jamaica,Winter 2014-15,2014-12-01,23.94,,2014,12,4,2
336570,375,Nitrogen dioxide (NO2),Mean,ppb,UHF42,309,Union Square - Lower East Side,Winter 2014-15,2014-12-01,29.06,,2014,12,4,2
333939,365,Fine particles (PM 2.5),Mean,mcg/m3,Borough,1,Bronx,Winter 2014-15,2014-12-01,10.21,,2014,12,4,2
333993,365,Fine particles (PM 2.5),Mean,mcg/m3,UHF42,207,East Flatbush - Flatbush,Winter 2014-15,2014-12-01,8.84,,2014,12,4,2
334203,365,Fine particles (PM 2.5),Mean,mcg/m3,CD,107,Upper West Side (CD7),Winter 2014-15,2014-12-01,10.56,,2014,12,4,2
334347,365,Fine particles (PM 2.5),Mean,mcg/m3,CD,413,Queens Village (CD13),Winter 2014-15,2014-12-01,8.23,,2014,12,4,2
213436,375,Nitrogen dioxide (NO2),Mean,ppb,CD,313,Coney Island (CD13),Summer 2014,2014-06-01,10.71,,2014,6,2,2
213932,365,Fine particles (PM 2.5),Mean,mcg/m3,CD,102,Greenwich Village and Soho (CD2),Summer 2014,2014-06-01,10.82,,2014,6,2,2
211378,375,Nitrogen dioxide (NO2),Mean,ppb,Borough,4,Queens,Summer 2014,2014-06-01,13.66,,2014,6,2,2
213955,365,Fine particles (PM 2.5),Mean,mcg/m3,CD,301,Greenpoint and Williamsburg (CD1),Summer 2014,2014-06-01,10.46,,2014,6,2,2
213407,375,Nitrogen dioxide (NO2),Mean,ppb,CD,108,Upper East Side (CD8),Summer 2014,2014-06-01,23.64,,2014,6,2,2
213948,365,Fine particles (PM 2.5),Mean,mcg/m3,CD,206,Belmont and East Tremont (CD6),Summer 2014,2014-06-01,9.07,,2014,6,2,2
213933,365,Fine particles (PM 2.5),Mean,mcg/m3,CD,103,Lower East Side and Chinatown (CD3),Summer 2014,2014-06-01,10.04,,2014,6,2,2
213450,375,Nitrogen dioxide (NO2),Mean,ppb,CD,409,Kew Gardens and Woodhaven (CD9),Summer 2014,2014-06-01,14.65,,2014,6,2,2
213452,375,Nitrogen dioxide (NO2),Mean,ppb,CD,411,Bayside and Little Neck (CD11),Summer 2014,2014-06-01,12.99,,2014,6,2,2
213420,375,Nitrogen dioxide (NO2),Mean,ppb,CD,209,Parkchester and Soundview (CD9),Summer 2014,2014-06-01,15.76,,2014,6,2,2
213408,375,Nitrogen dioxide (NO2),Mean,ppb,CD,109,Morningside Heights and Hamilton Heights (CD9),Summer 2014,2014-06-01,19.28,,2014,6,2,2
213981,365,Fine particles (PM 2.5),Mean,mcg/m3,CD,409,Kew Gardens and Woodhaven (CD9),Summer 2014,2014-06-01,8.28,,2014,6,2,2
213983,365,Fine particles (PM 2.5),Mean,mcg/m3,CD,411,Bayside and Little Neck (CD11),Summer 2014,2014-06-01,7.94,,2014,6,2,2
211681,375,Nitrogen dioxide (NO2),Mean,ppb,UHF34,305307,Upper East Side-Gramercy,Summer 2014,2014-06-01,27.28,,2014,6,2,2
212794,365,Fine particles (PM 2.5),Mean,mcg/m3,UHF42,101,Kingsbridge - Riverdale,Summer 2014,2014-06-01,8.65,,2014,6,2,2
212455,375,Nitrogen dioxide (NO2),Mean,ppb,UHF42,502,Stapleton - St. George,Summer 2014,2014-06-01,10.62,,2014,6,2,2
213447,375,Nitrogen dioxide (NO2),Mean,ppb,CD,406,Rego Park and Forest Hills (CD6),Summer 2014,2014-06-01,15.65,,2014,6,2,2
212456,375,Nitrogen dioxide (NO2),Mean,ppb,UHF42,503,Willowbrook,Summer 2014,2014-06-01,9.91,,2014,6,2,2
213449,375,Nitrogen dioxide (NO2),Mean,ppb,CD,408,Hillcrest and Fresh Meadows (CD8),Summer 2014,2014-06-01,13.67,,2014,6,2,2
211964,365,Fine particles (PM 2.5),Mean,mcg/m3,UHF34,201,Greenpoint,Summer 2014,2014-06-01,10.37,,2014,6,2,2
212804,365,Fine particles (PM 2.5),Mean,mcg/m3,UHF42,204,East New York,Summer 2014,2014-06-01,8.08,,2014,6,2,2
211968,365,Fine particles (PM 2.5),Mean,mcg/m3,UHF34,205,Sunset Park,Summer 2014,2014-06-01,9.45,,2014,6,2,2
213940,365,Fine particles (PM 2.5),Mean,mcg/m3,CD,110,Central Harlem (CD10),Summer 2014,2014-06-01,9.05,,2014,6,2,2
216619,386,Ozone (O3),Mean,ppb,CD,501,St. George and Stapleton (CD1),Summer 2014,2014-06-01,30.32,,2014,6,2,2
216373,386,Ozone (O3),Mean,ppb,CD,204,Highbridge and Concourse (CD4),Summer 2014,2014-06-01,29.76,,2014,6,2,2
216523,386,Ozone (O3),Mean,ppb,CD,317,East Flatbush (CD17),Summer 2014,2014-06-01,31.23,,2014,6,2,2
216439,386,Ozone (O3),Mean,ppb,CD,303,Bedford Stuyvesant (CD3),Summer 2014,2014-06-01,29.89,,2014,6,2,2
211977,365,Fine particles (PM 2.5),Mean,mcg/m3,UHF34,303,East Harlem,Summer 2014,2014-06-01,9.27,,2014,6,2,2
211992,365,Fine particles (PM 2.5),Mean,mcg/m3,UHF34,503504,Southern SI,Summer 2014,2014-06-01,7.77,,2014,6,2,2
216457,386,Ozone (O3),Mean,ppb,CD,306,Park Slope and Carroll Gardens (CD6),Summer 2014,2014-06-01,29.68,,2014,6,2,2
216559,386,Ozone (O3),Mean,ppb,CD,405,Ridgewood and Maspeth (CD5),Summer 2014,2014-06-01,31.54,,2014,6,2,2
216451,386,Ozone (O3),Mean,ppb,CD,305,East New York and Starrett City (CD5),Summer 2014,2014-06-01,32.3,,2014,6,2,2
211665,375,Nitrogen dioxide (NO2),Mean,ppb,UHF34,208,Canarsie - Flatlands,Summer 2014,2014-06-01,11.12,,2014,6,2,2
211663,375,Nitrogen dioxide (NO2),Mean,ppb,UHF34,206,Borough Park,Summer 2014,2014-06-01,15.11,,2014,6,2,2
221932,386,Ozone (O3),Mean,ppb,UHF34,407,Southwest Queens,Summer 2014,2014-06-01,32.51,,2014,6,2,2
213411,375,Nitrogen dioxide (NO2),Mean,ppb,CD,112,Washington Heights and Inwood (CD12),Summer 2014,2014-06-01,16.63,,2014,6,2,2
216601,386,Ozone (O3),Mean,ppb,CD,412,Jamaica and Hollis (CD12),Summer 2014,2014-06-01,32.84,,2014,6,2,2
216493,386,Ozone (O3),Mean,ppb,CD,312,Borough Park (CD12),Summer 2014,2014-06-01,30.6,,2014,6,2,2
216481,386,Ozone (O3),Mean,ppb,CD,310,Bay Ridge and Dyker Heights (CD10),Summer 2014,2014-06-01,30.66,,2014,6,2,2
211668,375,Nitrogen dioxide (NO2),Mean,ppb,UHF34,211,Williamsburg - Bushwick,Summer 2014,2014-06-01,17.0,,2014,6,2,2
221956,386,Ozone (O3),Mean,ppb,UHF34,305307,Upper East Side-Gramercy,Summer 2014,2014-06-01,24.89,,2014,6,2,2
221830,386,Ozone (O3),Mean,ppb,UHF34,203,Bedford Stuyvesant - Crown Heights,Summer 2014,2014-06-01,30.33,,2014,6,2,2
213939,365,Fine particles (PM 2.5),Mean,mcg/m3,CD,109,Morningside Heights and Hamilton Heights (CD9),Summer 2014,2014-06-01,9.17,,2014,6,2,2
211667,375,Nitrogen dioxide (NO2),Mean,ppb,UHF34,210,Coney Island - Sheepshead Bay,Summer 2014,2014-06-01,11.77,,2014,6,2,2
213977,365,Fine particles (PM 2.5),Mean,mcg/m3,CD,405,Ridgewood and Maspeth (CD5),Summer 2014,2014-06-01,8.87,,2014,6,2,2
211971,365,Fine particles (PM 2.5),Mean,mcg/m3,UHF34,208,Canarsie - Flatlands,Summer 2014,2014-06-01,8.24,,2014,6,2,2
211972,365,Fine particles (PM 2.5),Mean,mcg/m3,UHF34,209,Bensonhurst - Bay Ridge,Summer 2014,2014-06-01,8.27,,2014,6,2,2
211974,365,Fine particles (PM 2.5),Mean,mcg/m3,UHF34,211,Williamsburg - Bushwick,Summer 2014,2014-06-01,9.63,,2014,6,2,2
221818,386,Ozone (O3),Mean,ppb,UHF34,201,Greenpoint,Summer 2014,2014-06-01,30.47,,2014,6,2,2
221926,386,Ozone (O3),Mean,ppb,UHF34,405,Ridgewood - Forest Hills,Summer 2014,2014-06-01,31.33,,2014,6,2,2
221890,386,Ozone (O3),Mean,ppb,UHF34,302,Central Harlem - Morningside Heights,Summer 2014,2014-06-01,28.58,,2014,6,2,2
212834,365,Fine particles (PM 2.5),Mean,mcg/m3,UHF42,503,Willowbrook,Summer 2014,2014-06-01,8.12,,2014,6,2,2
221812,386,Ozone (O3),Mean,ppb,UHF34,104,Pelham - Throgs Neck,Summer 2014,2014-06-01,31.93,,2014,6,2,2
212823,365,Fine particles (PM 2.5),Mean,mcg/m3,UHF42,402,West Queens,Summer 2014,2014-06-01,9.05,,2014,6,2,2
212833,365,Fine particles (PM 2.5),Mean,mcg/m3,UHF42,502,Stapleton - St. George,Summer 2014,2014-06-01,7.89,,2014,6,2,2
212795,365,Fine particles (PM 2.5),Mean,mcg/m3,UHF42,102,Northeast Bronx,Summer 2014,2014-06-01,8.71,,2014,6,2,2
212801,365,Fine particles (PM 2.5),Mean,mcg/m3,UHF42,201,Greenpoint,Summer 2014,2014-06-01,10.37,,2014,6,2,2
211978,365,Fine particles (PM 2.5),Mean,mcg/m3,UHF34,304,Upper West Side,Summer 2014,2014-06-01,9.79,,2014,6,2,2
212426,375,Nitrogen dioxide (NO2),Mean,ppb,UHF42,204,East New York,Summer 2014,2014-06-01,14.16,,2014,6,2,2
216607,386,Ozone (O3),Mean,ppb,CD,413,Queens Village (CD13),Summer 2014,2014-06-01,33.72,,2014,6,2,2
216511,386,Ozone (O3),Mean,ppb,CD,315,Sheepshead Bay (CD15),Summer 2014,2014-06-01,32.4,,2014,6,2,2
221908,386,Ozone (O3),Mean,ppb,UHF34,401,Long Island City - Astoria,Summer 2014,2014-06-01,30.71,,2014,6,2,2
221836,386,Ozone (O3),Mean,ppb,UHF34,204,East New York,Summer 2014,2014-06-01,31.97,,2014,6,2,2
221902,386,Ozone (O3),Mean,ppb,UHF34,304,Upper West Side,Summer 2014,2014-06-01,27.4,,2014,6,2,2
221806,386,Ozone (O3),Mean,ppb,UHF34,103,Fordham - Bronx Pk,Summer 2014,2014-06-01,30.7,,2014,6,2,2
216475,386,Ozone (O3),Mean,ppb,CD,309,South Crown Heights and Lefferts Gardens (CD9),Summer 2014,2014-06-01,30.26,,2014,6,2,2
211655,375,Nitrogen dioxide (NO2),Mean,ppb,UHF34,102,Northeast Bronx,Summer 2014,2014-06-01,15.4,,2014,6,2,2
221824,386,Ozone (O3),Mean,ppb,UHF34,202,Downtown - Heights - Slope,Summer 2014,2014-06-01,29.32,,2014,6,2,2
221794,386,Ozone (O3),Mean,ppb,UHF34,101,Kingsbridge - Riverdale,Summer 2014,2014-06-01,30.45,,2014,6,2,2
221914,386,Ozone (O3),Mean,ppb,UHF34,402,West Queens,Summer 2014,2014-06-01,30.87,,2014,6,2,2
213444,375,Nitrogen dioxide (NO2),Mean,ppb,CD,403,Jackson Heights (CD3),Summer 2014,2014-06-01,16.57,,2014,6,2,2
212810,365,Fine particles (PM 2.5),Mean,mcg/m3,UHF42,210,Coney Island - Sheepshead Bay,Summer 2014,2014-06-01,7.99,,2014,6,2,2
212820,365,Fine particles (PM 2.5),Mean,mcg/m3,UHF42,309,Union Square - Lower East Side,Summer 2014,2014-06-01,10.2,,2014,6,2,2
221842,386,Ozone (O3),Mean,ppb,UHF34,205,Sunset Park,Summer 2014,2014-06-01,30.6,,2014,6,2,2
211993,365,Fine particles (PM 2.5),Mean,mcg/m3,UHF34,105106107,South Bronx,Summer 2014,2014-06-01,9.26,,2014,6,2,2
211979,365,Fine particles (PM 2.5),Mean,mcg/m3,UHF34,401,Long Island City - Astoria,Summer 2014,2014-06-01,9.59,,2014,6,2,2
216499,386,Ozone (O3),Mean,ppb,CD,313,Coney Island (CD13),Summer 2014,2014-06-01,33.22,,2014,6,2,2
213937,365,Fine particles (PM 2.5),Mean,mcg/m3,CD,107,Upper West Side (CD7),Summer 2014,2014-06-01,9.79,,2014,6,2,2
213949,365,Fine particles (PM 2.5),Mean,mcg/m3,CD,207,Kingsbridge Heights and Bedford (CD7),Summer 2014,2014-06-01,9.0,,2014,6,2,2
212446,375,Nitrogen dioxide (NO2),Mean,ppb,UHF42,403,Flushing - Clearview,Summer 2014,2014-06-01,14.58,,2014,6,2,2
212816,365,Fine particles (PM 2.5),Mean,mcg/m3,UHF42,305,Upper East Side,Summer 2014,2014-06-01,10.43,,2014,6,2,2
222532,386,Ozone (O3),Mean,ppb,UHF42,304,Upper West Side,Summer 2014,2014-06-01,27.4,,2014,6,2,2
211420,365,Fine particles (PM 2.5),Mean,mcg/m3,Borough,1,Bronx,Summer 2014,2014-06-01,8.85,,2014,6,2,2
212449,375,Nitrogen dioxide (NO2),Mean,ppb,UHF42,406,Fresh Meadows,Summer 2014,2014-06-01,14.13,,2014,6,2,2
212827,365,Fine particles (PM 2.5),Mean,mcg/m3,UHF42,406,Fresh Meadows,Summer 2014,2014-06-01,8.01,,2014,6,2,2
212813,365,Fine particles (PM 2.5),Mean,mcg/m3,UHF42,302,Central Harlem - Morningside Heights,Summer 2014,2014-06-01,9.12,,2014,6,2,2
212419,375,Nitrogen dioxide (NO2),Mean,ppb,UHF42,104,Pelham - Throgs Neck,Summer 2014,2014-06-01,14.96,,2014,6,2,2
213418,375,Nitrogen dioxide (NO2),Mean,ppb,CD,207,Kingsbridge Heights and Bedford (CD7),Summer 2014,2014-06-01,17.08,,2014,6,2,2
216343,386,Ozone (O3),Mean,ppb,CD,111,East Harlem (CD11),Summer 2014,2014-06-01,28.97,,2014,6,2,2
216487,386,Ozone (O3),Mean,ppb,CD,311,Bensonhurst (CD11),Summer 2014,2014-06-01,31.52,,2014,6,2,2
216409,386,Ozone (O3),Mean,ppb,CD,210,Throgs Neck and Co-op City (CD10),Summer 2014,2014-06-01,32.5,,2014,6,2,2
213975,365,Fine particles (PM 2.5),Mean,mcg/m3,CD,403,Jackson Heights (CD3),Summer 2014,2014-06-01,8.2,,2014,6,2,2
213958,365,Fine particles (PM 2.5),Mean,mcg/m3,CD,304,Bushwick (CD4),Summer 2014,2014-06-01,9.03,,2014,6,2,2
216571,386,Ozone (O3),Mean,ppb,CD,407,Flushing and Whitestone (CD7),Summer 2014,2014-06-01,32.01,,2014,6,2,2
213431,375,Nitrogen dioxide (NO2),Mean,ppb,CD,308,Crown Heights and Prospect Heights (CD8),Summer 2014,2014-06-01,17.13,,2014,6,2,2
213953,365,Fine particles (PM 2.5),Mean,mcg/m3,CD,211,Morris Park and Bronxdale (CD11),Summer 2014,2014-06-01,8.53,,2014,6,2,2
213935,365,Fine particles (PM 2.5),Mean,mcg/m3,CD,105,Midtown (CD5),Summer 2014,2014-06-01,13.17,,2014,6,2,2
213951,365,Fine particles (PM 2.5),Mean,mcg/m3,CD,209,Parkchester and Soundview (CD9),Summer 2014,2014-06-01,8.63,,2014,6,2,2
213942,365,Fine particles (PM 2.5),Mean,mcg/m3,CD,112,Washington Heights and Inwood (CD12),Summer 2014,2014-06-01,8.94,,2014,6,2,2
211379,375,Nitrogen dioxide (NO2),Mean,ppb,Borough,5,Staten Island,Summer 2014,2014-06-01,9.26,,2014,6,2,2
213962,365,Fine particles (PM 2.5),Mean,mcg/m3,CD,308,Crown Heights and Prospect Heights (CD8),Summer 2014,2014-06-01,9.02,,2014,6,2,2
222634,386,Ozone (O3),Mean,ppb,UHF42,501,Port Richmond,Summer 2014,2014-06-01,30.23,,2014,6,2,2
222406,386,Ozone (O3),Mean,ppb,UHF42,101,Kingsbridge - Riverdale,Summer 2014,2014-06-01,30.45,,2014,6,2,2
222472,386,Ozone (O3),Mean,ppb,UHF42,205,Sunset Park,Summer 2014,2014-06-01,30.6,,2014,6,2,2
222418,386,Ozone (O3),Mean,ppb,UHF42,103,Fordham - Bronx Pk,Summer 2014,2014-06-01,30.7,,2014,6,2,2
211963,365,Fine particles (PM 2.5),Mean,mcg/m3,UHF34,104,Pelham - Throgs Neck,Summer 2014,2014-06-01,8.55,,2014,6,2,2
213944,365,Fine particles (PM 2.5),Mean,mcg/m3,CD,202,Hunts Point and Longwood (CD2),Summer 2014,2014-06-01,9.45,,2014,6,2,2
222610,386,Ozone (O3),Mean,ppb,UHF42,407,Southwest Queens,Summer 2014,2014-06-01,32.51,,2014,6,2,2
222442,386,Ozone (O3),Mean,ppb,UHF42,107,Hunts Point - Mott Haven,Summer 2014,2014-06-01,31.41,,2014,6,2,2
219970,386,Ozone (O3),Mean,ppb,Borough,1,Bronx,Summer 2014,2014-06-01,31.15,,2014,6,2,2
222484,386,Ozone (O3),Mean,ppb,UHF42,207,East Flatbush - Flatbush,Summer 2014,2014-06-01,30.94,,2014,6,2,2
219976,386,Ozone (O3),Mean,ppb,Borough,2,Brooklyn,Summer 2014,2014-06-01,31.29,,2014,6,2,2
222556,386,Ozone (O3),Mean,ppb,UHF42,308,Greenwich Village - SoHo,Summer 2014,2014-06-01,26.66,,2014,6,2,2
222562,386,Ozone (O3),Mean,ppb,UHF42,309,Union Square - Lower East Side,Summer 2014,2014-06-01,26.93,,2014,6,2,2
222496,386,Ozone (O3),Mean,ppb,UHF42,209,Bensonhurst - Bay Ridge,Summer 2014,2014-06-01,31.32,,2014,6,2,2
216325,386,Ozone (O3),Mean,ppb,CD,108,Upper East Side (CD8),Summer 2014,2014-06-01,26.6,,2014,6,2,2
216505,386,Ozone (O3),Mean,ppb,CD,314,Flatbush and Midwood (CD14),Summer 2014,2014-06-01,30.73,,2014,6,2,2
216319,386,Ozone (O3),Mean,ppb,CD,107,Upper West Side (CD7),Summer 2014,2014-06-01,27.4,,2014,6,2,2
216391,386,Ozone (O3),Mean,ppb,CD,207,Kingsbridge Heights and Bedford (CD7),Summer 2014,2014-06-01,30.26,,2014,6,2,2
216313,386,Ozone (O3),Mean,ppb,CD,106,Stuyvesant Town and Turtle Bay (CD6),Summer 2014,2014-06-01,24.05,,2014,6,2,2
216397,386,Ozone (O3),Mean,ppb,CD,208,Riverdale and Fieldston (CD8),Summer 2014,2014-06-01,30.51,,2014,6,2,2
216385,386,Ozone (O3),Mean,ppb,CD,206,Belmont and East Tremont (CD6),Summer 2014,2014-06-01,30.34,,2014,6,2,2
216565,386,Ozone (O3),Mean,ppb,CD,406,Rego Park and Forest Hills (CD6),Summer 2014,2014-06-01,30.64,,2014,6,2,2
222454,386,Ozone (O3),Mean,ppb,UHF42,202,Downtown - Heights - Slope,Summer 2014,2014-06-01,29.32,,2014,6,2,2
222604,386,Ozone (O3),Mean,ppb,UHF42,406,Fresh Meadows,Summer 2014,2014-06-01,31.8,,2014,6,2,2
222544,386,Ozone (O3),Mean,ppb,UHF42,306,Chelsea - Clinton,Summer 2014,2014-06-01,24.61,,2014,6,2,2
222412,386,Ozone (O3),Mean,ppb,UHF42,102,Northeast Bronx,Summer 2014,2014-06-01,31.49,,2014,6,2,2
216361,386,Ozone (O3),Mean,ppb,CD,202,Hunts Point and Longwood (CD2),Summer 2014,2014-06-01,31.65,,2014,6,2,2
216427,386,Ozone (O3),Mean,ppb,CD,301,Greenpoint and Williamsburg (CD1),Summer 2014,2014-06-01,30.48,,2014,6,2,2
216289,386,Ozone (O3),Mean,ppb,CD,102,Greenwich Village and Soho (CD2),Summer 2014,2014-06-01,26.46,,2014,6,2,2
216355,386,Ozone (O3),Mean,ppb,CD,201,Mott Haven and Melrose (CD1),Summer 2014,2014-06-01,30.46,,2014,6,2,2
216541,386,Ozone (O3),Mean,ppb,CD,402,Woodside and Sunnyside (CD2),Summer 2014,2014-06-01,30.95,,2014,6,2,2
213938,365,Fine particles (PM 2.5),Mean,mcg/m3,CD,108,Upper East Side (CD8),Summer 2014,2014-06-01,10.46,,2014,6,2,2
213957,365,Fine particles (PM 2.5),Mean,mcg/m3,CD,303,Bedford Stuyvesant (CD3),Summer 2014,2014-06-01,9.09,,2014,6,2,2
213971,365,Fine particles (PM 2.5),Mean,mcg/m3,CD,317,East Flatbush (CD17),Summer 2014,2014-06-01,8.86,,2014,6,2,2
213960,365,Fine particles (PM 2.5),Mean,mcg/m3,CD,306,Park Slope and Carroll Gardens (CD6),Summer 2014,2014-06-01,9.86,,2014,6,2,2
213950,365,Fine particles (PM 2.5),Mean,mcg/m3,CD,208,Riverdale and Fieldston (CD8),Summer 2014,2014-06-01,8.65,,2014,6,2,2
212430,375,Nitrogen dioxide (NO2),Mean,ppb,UHF42,208,Canarsie - Flatlands,Summer 2014,2014-06-01,11.12,,2014,6,2,2
212420,375,Nitrogen dioxide (NO2),Mean,ppb,UHF42,105,Crotona -Tremont,Summer 2014,2014-06-01,17.79,,2014,6,2,2
211674,375,Nitrogen dioxide (NO2),Mean,ppb,UHF34,402,West Queens,Summer 2014,2014-06-01,16.64,,2014,6,2,2
211376,375,Nitrogen dioxide (NO2),Mean,ppb,Borough,2,Brooklyn,Summer 2014,2014-06-01,14.54,,2014,6,2,2
222460,386,Ozone (O3),Mean,ppb,UHF42,203,Bedford Stuyvesant - Crown Heights,Summer 2014,2014-06-01,30.33,,2014,6,2,2
222652,386,Ozone (O3),Mean,ppb,UHF42,504,South Beach - Tottenville,Summer 2014,2014-06-01,31.96,,2014,6,2,2
222592,386,Ozone (O3),Mean,ppb,UHF42,404,Bayside - Little Neck,Summer 2014,2014-06-01,32.26,,2014,6,2,2
216613,386,Ozone (O3),Mean,ppb,CD,414,Rockaway and Broad Channel (CD14),Summer 2014,2014-06-01,36.31,,2014,6,2,2
216463,386,Ozone (O3),Mean,ppb,CD,307,Sunset Park (CD7),Summer 2014,2014-06-01,30.55,,2014,6,2,2
212809,365,Fine particles (PM 2.5),Mean,mcg/m3,UHF42,209,Bensonhurst - Bay Ridge,Summer 2014,2014-06-01,8.27,,2014,6,2,2
212831,365,Fine particles (PM 2.5),Mean,mcg/m3,UHF42,410,Rockaways,Summer 2014,2014-06-01,7.37,,2014,6,2,2
212835,365,Fine particles (PM 2.5),Mean,mcg/m3,UHF42,504,South Beach - Tottenville,Summer 2014,2014-06-01,7.57,,2014,6,2,2
212800,365,Fine particles (PM 2.5),Mean,mcg/m3,UHF42,107,Hunts Point - Mott Haven,Summer 2014,2014-06-01,7.64,,2014,6,2,2
212822,365,Fine particles (PM 2.5),Mean,mcg/m3,UHF42,401,Long Island City - Astoria,Summer 2014,2014-06-01,9.59,,2014,6,2,2
212417,375,Nitrogen dioxide (NO2),Mean,ppb,UHF42,102,Northeast Bronx,Summer 2014,2014-06-01,15.4,,2014,6,2,2
212441,375,Nitrogen dioxide (NO2),Mean,ppb,UHF42,308,Greenwich Village - SoHo,Summer 2014,2014-06-01,23.91,,2014,6,2,2
213970,365,Fine particles (PM 2.5),Mean,mcg/m3,CD,316,Brownsville (CD16),Summer 2014,2014-06-01,8.99,,2014,6,2,2
213946,365,Fine particles (PM 2.5),Mean,mcg/m3,CD,204,Highbridge and Concourse (CD4),Summer 2014,2014-06-01,9.39,,2014,6,2,2
211666,375,Nitrogen dioxide (NO2),Mean,ppb,UHF34,209,Bensonhurst - Bay Ridge,Summer 2014,2014-06-01,13.79,,2014,6,2,2
211659,375,Nitrogen dioxide (NO2),Mean,ppb,UHF34,202,Downtown - Heights - Slope,Summer 2014,2014-06-01,17.79,,2014,6,2,2
212442,375,Nitrogen dioxide (NO2),Mean,ppb,UHF42,309,Union Square - Lower East Side,Summer 2014,2014-06-01,22.11,,2014,6,2,2
212428,375,Nitrogen dioxide (NO2),Mean,ppb,UHF42,206,Borough Park,Summer 2014,2014-06-01,15.11,,2014,6,2,2
212802,365,Fine particles (PM 2.5),Mean,mcg/m3,UHF42,202,Downtown - Heights - Slope,Summer 2014,2014-06-01,9.87,,2014,6,2,2
211664,375,Nitrogen dioxide (NO2),Mean,ppb,UHF34,207,East Flatbush - Flatbush,Summer 2014,2014-06-01,15.06,,2014,6,2,2
213401,375,Nitrogen dioxide (NO2),Mean,ppb,CD,102,Greenwich Village and Soho (CD2),Summer 2014,2014-06-01,24.02,,2014,6,2,2
213443,375,Nitrogen dioxide (NO2),Mean,ppb,CD,402,Woodside and Sunnyside (CD2),Summer 2014,2014-06-01,16.7,,2014,6,2,2
213400,375,Nitrogen dioxide (NO2),Mean,ppb,CD,101,Financial District (CD1),Summer 2014,2014-06-01,25.15,,2014,6,2,2
212437,375,Nitrogen dioxide (NO2),Mean,ppb,UHF42,304,Upper West Side,Summer 2014,2014-06-01,20.87,,2014,6,2,2
212433,375,Nitrogen dioxide (NO2),Mean,ppb,UHF42,211,Williamsburg - Bushwick,Summer 2014,2014-06-01,17.0,,2014,6,2,2
212798,365,Fine particles (PM 2.5),Mean,mcg/m3,UHF42,105,Crotona -Tremont,Summer 2014,2014-06-01,9.29,,2014,6,2,2
212824,365,Fine particles (PM 2.5),Mean,mcg/m3,UHF42,403,Flushing - Clearview,Summer 2014,2014-06-01,8.19,,2014,6,2,2
212796,365,Fine particles (PM 2.5),Mean,mcg/m3,UHF42,103,Fordham - Bronx Pk,Summer 2014,2014-06-01,8.76,,2014,6,2,2
211675,375,Nitrogen dioxide (NO2),Mean,ppb,UHF34,403,Flushing - Clearview,Summer 2014,2014-06-01,14.58,,2014,6,2,2
211656,375,Nitrogen dioxide (NO2),Mean,ppb,UHF34,103,Fordham - Bronx Pk,Summer 2014,2014-06-01,15.79,,2014,6,2,2
212825,365,Fine particles (PM 2.5),Mean,mcg/m3,UHF42,404,Bayside - Little Neck,Summer 2014,2014-06-01,7.96,,2014,6,2,2
211662,375,Nitrogen dioxide (NO2),Mean,ppb,UHF34,205,Sunset Park,Summer 2014,2014-06-01,15.23,,2014,6,2,2
211986,365,Fine particles (PM 2.5),Mean,mcg/m3,UHF34,410,Rockaways,Summer 2014,2014-06-01,7.37,,2014,6,2,2
211671,375,Nitrogen dioxide (NO2),Mean,ppb,UHF34,303,East Harlem,Summer 2014,2014-06-01,19.16,,2014,6,2,2
216517,386,Ozone (O3),Mean,ppb,CD,316,Brownsville (CD16),Summer 2014,2014-06-01,31.19,,2014,6,2,2
211661,375,Nitrogen dioxide (NO2),Mean,ppb,UHF34,204,East New York,Summer 2014,2014-06-01,14.16,,2014,6,2,2
213956,365,Fine particles (PM 2.5),Mean,mcg/m3,CD,302,Fort Greene and Brooklyn Heights (CD2),Summer 2014,2014-06-01,9.86,,2014,6,2,2
221920,386,Ozone (O3),Mean,ppb,UHF34,403,Flushing - Clearview,Summer 2014,2014-06-01,32.01,,2014,6,2,2
213440,375,Nitrogen dioxide (NO2),Mean,ppb,CD,317,East Flatbush (CD17),Summer 2014,2014-06-01,15.04,,2014,6,2,2
213441,375,Nitrogen dioxide (NO2),Mean,ppb,CD,318,Flatlands and Canarsie (CD18),Summer 2014,2014-06-01,11.2,,2014,6,2,2
213426,375,Nitrogen dioxide (NO2),Mean,ppb,CD,303,Bedford Stuyvesant (CD3),Summer 2014,2014-06-01,17.11,,2014,6,2,2
212444,375,Nitrogen dioxide (NO2),Mean,ppb,UHF42,401,Long Island City - Astoria,Summer 2014,2014-06-01,16.92,,2014,6,2,2
213414,375,Nitrogen dioxide (NO2),Mean,ppb,CD,203,Morrisania and Crotona (CD3),Summer 2014,2014-06-01,17.28,,2014,6,2,2
212416,375,Nitrogen dioxide (NO2),Mean,ppb,UHF42,101,Kingsbridge - Riverdale,Summer 2014,2014-06-01,13.55,,2014,6,2,2
211423,365,Fine particles (PM 2.5),Mean,mcg/m3,Borough,4,Queens,Summer 2014,2014-06-01,8.23,,2014,6,2,2
213969,365,Fine particles (PM 2.5),Mean,mcg/m3,CD,315,Sheepshead Bay (CD15),Summer 2014,2014-06-01,8.03,,2014,6,2,2
213961,365,Fine particles (PM 2.5),Mean,mcg/m3,CD,307,Sunset Park (CD7),Summer 2014,2014-06-01,9.55,,2014,6,2,2
212438,375,Nitrogen dioxide (NO2),Mean,ppb,UHF42,305,Upper East Side,Summer 2014,2014-06-01,23.49,,2014,6,2,2
213403,375,Nitrogen dioxide (NO2),Mean,ppb,CD,104,Clinton and Chelsea (CD4),Summer 2014,2014-06-01,25.35,,2014,6,2,2
212422,375,Nitrogen dioxide (NO2),Mean,ppb,UHF42,107,Hunts Point - Mott Haven,Summer 2014,2014-06-01,16.43,,2014,6,2,2
212803,365,Fine particles (PM 2.5),Mean,mcg/m3,UHF42,203,Bedford Stuyvesant - Crown Heights,Summer 2014,2014-06-01,8.97,,2014,6,2,2
213974,365,Fine particles (PM 2.5),Mean,mcg/m3,CD,402,Woodside and Sunnyside (CD2),Summer 2014,2014-06-01,10.17,,2014,6,2,2
213442,375,Nitrogen dioxide (NO2),Mean,ppb,CD,401,Long Island City and Astoria (CD1),Summer 2014,2014-06-01,16.08,,2014,6,2,2
221866,386,Ozone (O3),Mean,ppb,UHF34,209,Bensonhurst - Bay Ridge,Summer 2014,2014-06-01,31.32,,2014,6,2,2
221878,386,Ozone (O3),Mean,ppb,UHF34,211,Williamsburg - Bushwick,Summer 2014,2014-06-01,30.41,,2014,6,2,2
213424,375,Nitrogen dioxide (NO2),Mean,ppb,CD,301,Greenpoint and Williamsburg (CD1),Summer 2014,2014-06-01,17.27,,2014,6,2,2
212453,375,Nitrogen dioxide (NO2),Mean,ppb,UHF42,410,Rockaways,Summer 2014,2014-06-01,7.44,,2014,6,2,2
212431,375,Nitrogen dioxide (NO2),Mean,ppb,UHF42,209,Bensonhurst - Bay Ridge,Summer 2014,2014-06-01,13.79,,2014,6,2,2
219697,386,Ozone (O3),Mean,ppb,Citywide,1,New York City,Summer 2014,2014-06-01,31.37,,2014,6,2,2
211330,375,Nitrogen dioxide (NO2),Mean,ppb,Citywide,1,New York City,Summer 2014,2014-06-01,13.91,,2014,6,2,2
213417,375,Nitrogen dioxide (NO2),Mean,ppb,CD,206,Belmont and East Tremont (CD6),Summer 2014,2014-06-01,17.33,,2014,6,2,2
212418,375,Nitrogen dioxide (NO2),Mean,ppb,UHF42,103,Fordham - Bronx Pk,Summer 2014,2014-06-01,15.79,,2014,6,2,2
212815,365,Fine particles (PM 2.5),Mean,mcg/m3,UHF42,304,Upper West Side,Summer 2014,2014-06-01,9.79,,2014,6,2,2
211424,365,Fine particles (PM 2.5),Mean,mcg/m3,Borough,5,Staten Island,Summer 2014,2014-06-01,7.85,,2014,6,2,2
212811,365,Fine particles (PM 2.5),Mean,mcg/m3,UHF42,211,Williamsburg - Bushwick,Summer 2014,2014-06-01,10.93,,2014,6,2,2
213945,365,Fine particles (PM 2.5),Mean,mcg/m3,CD,203,Morrisania and Crotona (CD3),Summer 2014,2014-06-01,8.94,,2014,6,2,2
213451,375,Nitrogen dioxide (NO2),Mean,ppb,CD,410,South Ozone Park and Howard Beach (CD10),Summer 2014,2014-06-01,12.93,,2014,6,2,2
212797,365,Fine particles (PM 2.5),Mean,mcg/m3,UHF42,104,Pelham - Throgs Neck,Summer 2014,2014-06-01,8.55,,2014,6,2,2
216367,386,Ozone (O3),Mean,ppb,CD,203,Morrisania and Crotona (CD3),Summer 2014,2014-06-01,30.31,,2014,6,2,2
213952,365,Fine particles (PM 2.5),Mean,mcg/m3,CD,210,Throgs Neck and Co-op City (CD10),Summer 2014,2014-06-01,8.56,,2014,6,2,2
213973,365,Fine particles (PM 2.5),Mean,mcg/m3,CD,401,Long Island City and Astoria (CD1),Summer 2014,2014-06-01,8.76,,2014,6,2,2
216535,386,Ozone (O3),Mean,ppb,CD,401,Long Island City and Astoria (CD1),Summer 2014,2014-06-01,31.14,,2014,6,2,2
216625,386,Ozone (O3),Mean,ppb,CD,502,South Beach and Willowbrook (CD2),Summer 2014,2014-06-01,31.61,,2014,6,2,2
216589,386,Ozone (O3),Mean,ppb,CD,410,South Ozone Park and Howard Beach (CD10),Summer 2014,2014-06-01,33.05,,2014,6,2,2
222574,386,Ozone (O3),Mean,ppb,UHF42,401,Long Island City - Astoria,Summer 2014,2014-06-01,30.71,,2014,6,2,2
213964,365,Fine particles (PM 2.5),Mean,mcg/m3,CD,310,Bay Ridge and Dyker Heights (CD10),Summer 2014,2014-06-01,8.51,,2014,6,2,2
213415,375,Nitrogen dioxide (NO2),Mean,ppb,CD,204,Highbridge and Concourse (CD4),Summer 2014,2014-06-01,18.47,,2014,6,2,2
221992,386,Ozone (O3),Mean,ppb,UHF34,105106107,South Bronx,Summer 2014,2014-06-01,30.58,,2014,6,2,2
221938,386,Ozone (O3),Mean,ppb,UHF34,408,Jamaica,Summer 2014,2014-06-01,32.63,,2014,6,2,2
213985,365,Fine particles (PM 2.5),Mean,mcg/m3,CD,413,Queens Village (CD13),Summer 2014,2014-06-01,7.74,,2014,6,2,2
213931,365,Fine particles (PM 2.5),Mean,mcg/m3,CD,101,Financial District (CD1),Summer 2014,2014-06-01,10.92,,2014,6,2,2
216445,386,Ozone (O3),Mean,ppb,CD,304,Bushwick (CD4),Summer 2014,2014-06-01,30.98,,2014,6,2,2
216553,386,Ozone (O3),Mean,ppb,CD,404,Elmhurst and Corona (CD4),Summer 2014,2014-06-01,30.5,,2014,6,2,2
216631,386,Ozone (O3),Mean,ppb,CD,503,Tottenville and Great Kills (CD3),Summer 2014,2014-06-01,31.89,,2014,6,2,2
216547,386,Ozone (O3),Mean,ppb,CD,403,Jackson Heights (CD3),Summer 2014,2014-06-01,30.81,,2014,6,2,2
221980,386,Ozone (O3),Mean,ppb,UHF34,501502,Northern SI,Summer 2014,2014-06-01,30.82,,2014,6,2,2
221968,386,Ozone (O3),Mean,ppb,UHF34,309310,Union Square-Lower Manhattan,Summer 2014,2014-06-01,26.63,,2014,6,2,2
213966,365,Fine particles (PM 2.5),Mean,mcg/m3,CD,312,Borough Park (CD12),Summer 2014,2014-06-01,8.63,,2014,6,2,2
213984,365,Fine particles (PM 2.5),Mean,mcg/m3,CD,412,Jamaica and Hollis (CD12),Summer 2014,2014-06-01,8.11,,2014,6,2,2
212434,375,Nitrogen dioxide (NO2),Mean,ppb,UHF42,301,Washington Heights,Summer 2014,2014-06-01,17.09,,2014,6,2,2
213421,375,Nitrogen dioxide (NO2),Mean,ppb,CD,210,Throgs Neck and Co-op City (CD10),Summer 2014,2014-06-01,14.33,,2014,6,2,2
212812,365,Fine particles (PM 2.5),Mean,mcg/m3,UHF42,301,Washington Heights,Summer 2014,2014-06-01,8.88,,2014,6,2,2
212806,365,Fine particles (PM 2.5),Mean,mcg/m3,UHF42,206,Borough Park,Summer 2014,2014-06-01,8.6,,2014,6,2,2
216583,386,Ozone (O3),Mean,ppb,CD,409,Kew Gardens and Woodhaven (CD9),Summer 2014,2014-06-01,31.71,,2014,6,2,2
216415,386,Ozone (O3),Mean,ppb,CD,211,Morris Park and Bronxdale (CD11),Summer 2014,2014-06-01,31.37,,2014,6,2,2
212799,365,Fine particles (PM 2.5),Mean,mcg/m3,UHF42,106,High Bridge - Morrisania,Summer 2014,2014-06-01,9.27,,2014,6,2,2
216403,386,Ozone (O3),Mean,ppb,CD,209,Parkchester and Soundview (CD9),Summer 2014,2014-06-01,31.34,,2014,6,2,2
216331,386,Ozone (O3),Mean,ppb,CD,109,Morningside Heights and Hamilton Heights (CD9),Summer 2014,2014-06-01,28.54,,2014,6,2,2
216595,386,Ozone (O3),Mean,ppb,CD,411,Bayside and Little Neck (CD11),Summer 2014,2014-06-01,32.27,,2014,6,2,2
211687,375,Nitrogen dioxide (NO2),Mean,ppb,UHF34,105106107,South Bronx,Summer 2014,2014-06-01,17.35,,2014,6,2,2
211678,375,Nitrogen dioxide (NO2),Mean,ppb,UHF34,408,Jamaica,Summer 2014,2014-06-01,13.5,,2014,6,2,2
213402,375,Nitrogen dioxide (NO2),Mean,ppb,CD,103,Lower East Side and Chinatown (CD3),Summer 2014,2014-06-01,21.27,,2014,6,2,2
212808,365,Fine particles (PM 2.5),Mean,mcg/m3,UHF42,208,Canarsie - Flatlands,Summer 2014,2014-06-01,8.24,,2014,6,2,2
212818,365,Fine particles (PM 2.5),Mean,mcg/m3,UHF42,307,Gramercy Park - Murray Hill,Summer 2014,2014-06-01,12.38,,2014,6,2,2
213404,375,Nitrogen dioxide (NO2),Mean,ppb,CD,105,Midtown (CD5),Summer 2014,2014-06-01,34.36,,2014,6,2,2
212826,365,Fine particles (PM 2.5),Mean,mcg/m3,UHF42,405,Ridgewood - Forest Hills,Summer 2014,2014-06-01,8.49,,2014,6,2,2
212805,365,Fine particles (PM 2.5),Mean,mcg/m3,UHF42,205,Sunset Park,Summer 2014,2014-06-01,9.45,,2014,6,2,2
216577,386,Ozone (O3),Mean,ppb,CD,408,Hillcrest and Fresh Meadows (CD8),Summer 2014,2014-06-01,31.68,,2014,6,2,2
216469,386,Ozone (O3),Mean,ppb,CD,308,Crown Heights and Prospect Heights (CD8),Summer 2014,2014-06-01,29.83,,2014,6,2,2
222616,386,Ozone (O3),Mean,ppb,UHF42,408,Jamaica,Summer 2014,2014-06-01,32.63,,2014,6,2,2
222622,386,Ozone (O3),Mean,ppb,UHF42,409,Southeast Queens,Summer 2014,2014-06-01,33.6,,2014,6,2,2
212814,365,Fine particles (PM 2.5),Mean,mcg/m3,UHF42,303,East Harlem,Summer 2014,2014-06-01,8.88,,2014,6,2,2
211677,375,Nitrogen dioxide (NO2),Mean,ppb,UHF34,407,Southwest Queens,Summer 2014,2014-06-01,13.61,,2014,6,2,2
222586,386,Ozone (O3),Mean,ppb,UHF42,403,Flushing - Clearview,Summer 2014,2014-06-01,32.01,,2014,6,2,2
222646,386,Ozone (O3),Mean,ppb,UHF42,503,Willowbrook,Summer 2014,2014-06-01,31.13,,2014,6,2,2
213437,375,Nitrogen dioxide (NO2),Mean,ppb,CD,314,Flatbush and Midwood (CD14),Summer 2014,2014-06-01,14.6,,2014,6,2,2
213980,365,Fine particles (PM 2.5),Mean,mcg/m3,CD,408,Hillcrest and Fresh Meadows (CD8),Summer 2014,2014-06-01,8.03,,2014,6,2,2
222580,386,Ozone (O3),Mean,ppb,UHF42,402,West Queens,Summer 2014,2014-06-01,30.87,,2014,6,2,2
213965,365,Fine particles (PM 2.5),Mean,mcg/m3,CD,311,Bensonhurst (CD11),Summer 2014,2014-06-01,8.22,,2014,6,2,2
213963,365,Fine particles (PM 2.5),Mean,mcg/m3,CD,309,South Crown Heights and Lefferts Gardens (CD9),Summer 2014,2014-06-01,8.84,,2014,6,2,2
221860,386,Ozone (O3),Mean,ppb,UHF34,208,Canarsie - Flatlands,Summer 2014,2014-06-01,33.25,,2014,6,2,2
221848,386,Ozone (O3),Mean,ppb,UHF34,206,Borough Park,Summer 2014,2014-06-01,30.68,,2014,6,2,2
211680,375,Nitrogen dioxide (NO2),Mean,ppb,UHF34,410,Rockaways,Summer 2014,2014-06-01,7.44,,2014,6,2,2
216349,386,Ozone (O3),Mean,ppb,CD,112,Washington Heights and Inwood (CD12),Summer 2014,2014-06-01,29.67,,2014,6,2,2
222640,386,Ozone (O3),Mean,ppb,UHF42,502,Stapleton - St. George,Summer 2014,2014-06-01,31.14,,2014,6,2,2
221872,386,Ozone (O3),Mean,ppb,UHF34,210,Coney Island - Sheepshead Bay,Summer 2014,2014-06-01,32.61,,2014,6,2,2
221950,386,Ozone (O3),Mean,ppb,UHF34,410,Rockaways,Summer 2014,2014-06-01,36.25,,2014,6,2,2
216421,386,Ozone (O3),Mean,ppb,CD,212,Williamsbridge and Baychester (CD12),Summer 2014,2014-06-01,31.44,,2014,6,2,2
212421,375,Nitrogen dioxide (NO2),Mean,ppb,UHF42,106,High Bridge - Morrisania,Summer 2014,2014-06-01,18.26,,2014,6,2,2
212432,375,Nitrogen dioxide (NO2),Mean,ppb,UHF42,210,Coney Island - Sheepshead Bay,Summer 2014,2014-06-01,11.77,,2014,6,2,2
211685,375,Nitrogen dioxide (NO2),Mean,ppb,UHF34,501502,Northern SI,Summer 2014,2014-06-01,11.49,,2014,6,2,2
221800,386,Ozone (O3),Mean,ppb,UHF34,102,Northeast Bronx,Summer 2014,2014-06-01,31.49,,2014,6,2,2
221896,386,Ozone (O3),Mean,ppb,UHF34,303,East Harlem,Summer 2014,2014-06-01,28.92,,2014,6,2,2
221962,386,Ozone (O3),Mean,ppb,UHF34,306308,Chelsea-Village,Summer 2014,2014-06-01,25.29,,2014,6,2,2
212436,375,Nitrogen dioxide (NO2),Mean,ppb,UHF42,303,East Harlem,Summer 2014,2014-06-01,19.16,,2014,6,2,2
211973,365,Fine particles (PM 2.5),Mean,mcg/m3,UHF34,210,Coney Island - Sheepshead Bay,Summer 2014,2014-06-01,7.99,,2014,6,2,2
213434,375,Nitrogen dioxide (NO2),Mean,ppb,CD,311,Bensonhurst (CD11),Summer 2014,2014-06-01,14.23,,2014,6,2,2
213432,375,Nitrogen dioxide (NO2),Mean,ppb,CD,309,South Crown Heights and Lefferts Gardens (CD9),Summer 2014,2014-06-01,16.45,,2014,6,2,2
213422,375,Nitrogen dioxide (NO2),Mean,ppb,CD,211,Morris Park and Bronxdale (CD11),Summer 2014,2014-06-01,15.44,,2014,6,2,2
212440,375,Nitrogen dioxide (NO2),Mean,ppb,UHF42,307,Gramercy Park - Murray Hill,Summer 2014,2014-06-01,31.56,,2014,6,2,2
221986,386,Ozone (O3),Mean,ppb,UHF34,503504,Southern SI,Summer 2014,2014-06-01,31.65,,2014,6,2,2
213978,365,Fine particles (PM 2.5),Mean,mcg/m3,CD,406,Rego Park and Forest Hills (CD6),Summer 2014,2014-06-01,8.48,,2014,6,2,2
211669,375,Nitrogen dioxide (NO2),Mean,ppb,UHF34,301,Washington Heights,Summer 2014,2014-06-01,17.09,,2014,6,2,2
211654,375,Nitrogen dioxide (NO2),Mean,ppb,UHF34,101,Kingsbridge - Riverdale,Summer 2014,2014-06-01,13.55,,2014,6,2,2
211676,375,Nitrogen dioxide (NO2),Mean,ppb,UHF34,405,Ridgewood - Forest Hills,Summer 2014,2014-06-01,14.62,,2014,6,2,2
222520,386,Ozone (O3),Mean,ppb,UHF42,302,Central Harlem - Morningside Heights,Summer 2014,2014-06-01,28.58,,2014,6,2,2
213947,365,Fine particles (PM 2.5),Mean,mcg/m3,CD,205,Fordham and University Heights (CD5),Summer 2014,2014-06-01,9.5,,2014,6,2,2
212830,365,Fine particles (PM 2.5),Mean,mcg/m3,UHF42,409,Southeast Queens,Summer 2014,2014-06-01,7.72,,2014,6,2,2
221854,386,Ozone (O3),Mean,ppb,UHF34,207,East Flatbush - Flatbush,Summer 2014,2014-06-01,30.94,,2014,6,2,2
212427,375,Nitrogen dioxide (NO2),Mean,ppb,UHF42,205,Sunset Park,Summer 2014,2014-06-01,15.23,,2014,6,2,2
212807,365,Fine particles (PM 2.5),Mean,mcg/m3,UHF42,207,East Flatbush - Flatbush,Summer 2014,2014-06-01,8.74,,2014,6,2,2
212828,365,Fine particles (PM 2.5),Mean,mcg/m3,UHF42,407,Southwest Queens,Summer 2014,2014-06-01,8.06,,2014,6,2,2
211658,375,Nitrogen dioxide (NO2),Mean,ppb,UHF34,201,Greenpoint,Summer 2014,2014-06-01,17.27,,2014,6,2,2
222598,386,Ozone (O3),Mean,ppb,UHF42,405,Ridgewood - Forest Hills,Summer 2014,2014-06-01,31.33,,2014,6,2,2
211982,365,Fine particles (PM 2.5),Mean,mcg/m3,UHF34,405,Ridgewood - Forest Hills,Summer 2014,2014-06-01,8.49,,2014,6,2,2
221884,386,Ozone (O3),Mean,ppb,UHF34,301,Washington Heights,Summer 2014,2014-06-01,29.52,,2014,6,2,2
211660,375,Nitrogen dioxide (NO2),Mean,ppb,UHF34,203,Bedford Stuyvesant - Crown Heights,Summer 2014,2014-06-01,16.51,,2014,6,2,2
211686,375,Nitrogen dioxide (NO2),Mean,ppb,UHF34,503504,Southern SI,Summer 2014,2014-06-01,8.32,,2014,6,2,2
222628,386,Ozone (O3),Mean,ppb,UHF42,410,Rockaways,Summer 2014,2014-06-01,36.25,,2014,6,2,2
219982,386,Ozone (O3),Mean,ppb,Borough,3,Manhattan,Summer 2014,2014-06-01,27.0,,2014,6,2,2
222478,386,Ozone (O3),Mean,ppb,UHF42,206,Borough Park,Summer 2014,2014-06-01,30.68,,2014,6,2,2
211983,365,Fine particles (PM 2.5),Mean,mcg/m3,UHF34,407,Southwest Queens,Summer 2014,2014-06-01,8.06,,2014,6,2,2
212435,375,Nitrogen dioxide (NO2),Mean,ppb,UHF42,302,Central Harlem - Morningside Heights,Summer 2014,2014-06-01,19.54,,2014,6,2,2
211966,365,Fine particles (PM 2.5),Mean,mcg/m3,UHF34,203,Bedford Stuyvesant - Crown Heights,Summer 2014,2014-06-01,8.97,,2014,6,2,2
213406,375,Nitrogen dioxide (NO2),Mean,ppb,CD,107,Upper West Side (CD7),Summer 2014,2014-06-01,20.86,,2014,6,2,2
211967,365,Fine particles (PM 2.5),Mean,mcg/m3,UHF34,204,East New York,Summer 2014,2014-06-01,8.78,,2014,6,2,2
213433,375,Nitrogen dioxide (NO2),Mean,ppb,CD,310,Bay Ridge and Dyker Heights (CD10),Summer 2014,2014-06-01,14.51,,2014,6,2,2
213435,375,Nitrogen dioxide (NO2),Mean,ppb,CD,312,Borough Park (CD12),Summer 2014,2014-06-01,15.37,,2014,6,2,2
213453,375,Nitrogen dioxide (NO2),Mean,ppb,CD,412,Jamaica and Hollis (CD12),Summer 2014,2014-06-01,13.55,,2014,6,2,2
216283,386,Ozone (O3),Mean,ppb,CD,101,Financial District (CD1),Summer 2014,2014-06-01,26.1,,2014,6,2,2
213454,375,Nitrogen dioxide (NO2),Mean,ppb,CD,413,Queens Village (CD13),Summer 2014,2014-06-01,12.11,,2014,6,2,2
211984,365,Fine particles (PM 2.5),Mean,mcg/m3,UHF34,408,Jamaica,Summer 2014,2014-06-01,8.1,,2014,6,2,2
216379,386,Ozone (O3),Mean,ppb,CD,205,Fordham and University Heights (CD5),Summer 2014,2014-06-01,29.69,,2014,6,2,2
216307,386,Ozone (O3),Mean,ppb,CD,105,Midtown (CD5),Summer 2014,2014-06-01,21.79,,2014,6,2,2
213446,375,Nitrogen dioxide (NO2),Mean,ppb,CD,405,Ridgewood and Maspeth (CD5),Summer 2014,2014-06-01,14.61,,2014,6,2,2
213416,375,Nitrogen dioxide (NO2),Mean,ppb,CD,205,Fordham and University Heights (CD5),Summer 2014,2014-06-01,18.83,,2014,6,2,2
216301,386,Ozone (O3),Mean,ppb,CD,104,Clinton and Chelsea (CD4),Summer 2014,2014-06-01,26.12,,2014,6,2,2
222430,386,Ozone (O3),Mean,ppb,UHF42,105,Crotona -Tremont,Summer 2014,2014-06-01,30.07,,2014,6,2,2
213430,375,Nitrogen dioxide (NO2),Mean,ppb,CD,307,Sunset Park (CD7),Summer 2014,2014-06-01,15.3,,2014,6,2,2
216529,386,Ozone (O3),Mean,ppb,CD,318,Flatlands and Canarsie (CD18),Summer 2014,2014-06-01,33.12,,2014,6,2,2
216295,386,Ozone (O3),Mean,ppb,CD,103,Lower East Side and Chinatown (CD3),Summer 2014,2014-06-01,27.34,,2014,6,2,2
213982,365,Fine particles (PM 2.5),Mean,mcg/m3,CD,410,South Ozone Park and Howard Beach (CD10),Summer 2014,2014-06-01,7.91,,2014,6,2,2
216433,386,Ozone (O3),Mean,ppb,CD,302,Fort Greene and Brooklyn Heights (CD2),Summer 2014,2014-06-01,28.9,,2014,6,2,2
212452,375,Nitrogen dioxide (NO2),Mean,ppb,UHF42,409,Southeast Queens,Summer 2014,2014-06-01,12.08,,2014,6,2,2
212454,375,Nitrogen dioxide (NO2),Mean,ppb,UHF42,501,Port Richmond,Summer 2014,2014-06-01,13.12,,2014,6,2,2
211683,375,Nitrogen dioxide (NO2),Mean,ppb,UHF34,309310,Union Square-Lower Manhattan,Summer 2014,2014-06-01,23.06,,2014,6,2,2
213456,375,Nitrogen dioxide (NO2),Mean,ppb,CD,501,St. George and Stapleton (CD1),Summer 2014,2014-06-01,12.52,,2014,6,2,2
213413,375,Nitrogen dioxide (NO2),Mean,ppb,CD,202,Hunts Point and Longwood (CD2),Summer 2014,2014-06-01,16.33,,2014,6,2,2
211991,365,Fine particles (PM 2.5),Mean,mcg/m3,UHF34,501502,Northern SI,Summer 2014,2014-06-01,8.04,,2014,6,2,2
211989,365,Fine particles (PM 2.5),Mean,mcg/m3,UHF34,309310,Union Square-Lower Manhattan,Summer 2014,2014-06-01,10.43,,2014,6,2,2
222514,386,Ozone (O3),Mean,ppb,UHF42,301,Washington Heights,Summer 2014,2014-06-01,29.52,,2014,6,2,2
213457,375,Nitrogen dioxide (NO2),Mean,ppb,CD,502,South Beach and Willowbrook (CD2),Summer 2014,2014-06-01,9.15,,2014,6,2,2
213968,365,Fine particles (PM 2.5),Mean,mcg/m3,CD,314,Flatbush and Midwood (CD14),Summer 2014,2014-06-01,8.61,,2014,6,2,2
213987,365,Fine particles (PM 2.5),Mean,mcg/m3,CD,501,St. George and Stapleton (CD1),Summer 2014,2014-06-01,8.16,,2014,6,2,2
213988,365,Fine particles (PM 2.5),Mean,mcg/m3,CD,502,South Beach and Willowbrook (CD2),Summer 2014,2014-06-01,7.93,,2014,6,2,2
211339,365,Fine particles (PM 2.5),Mean,mcg/m3,Citywide,1,New York City,Summer 2014,2014-06-01,8.53,,2014,6,2,2
213976,365,Fine particles (PM 2.5),Mean,mcg/m3,CD,404,Elmhurst and Corona (CD4),Summer 2014,2014-06-01,8.66,,2014,6,2,2
212429,375,Nitrogen dioxide (NO2),Mean,ppb,UHF42,207,East Flatbush - Flatbush,Summer 2014,2014-06-01,15.06,,2014,6,2,2
212450,375,Nitrogen dioxide (NO2),Mean,ppb,UHF42,407,Southwest Queens,Summer 2014,2014-06-01,13.61,,2014,6,2,2
212451,375,Nitrogen dioxide (NO2),Mean,ppb,UHF42,408,Jamaica,Summer 2014,2014-06-01,13.5,,2014,6,2,2
213445,375,Nitrogen dioxide (NO2),Mean,ppb,CD,404,Elmhurst and Corona (CD4),Summer 2014,2014-06-01,17.64,,2014,6,2,2
213954,365,Fine particles (PM 2.5),Mean,mcg/m3,CD,212,Williamsbridge and Baychester (CD12),Summer 2014,2014-06-01,8.64,,2014,6,2,2
219988,386,Ozone (O3),Mean,ppb,Borough,4,Queens,Summer 2014,2014-06-01,32.43,,2014,6,2,2
212832,365,Fine particles (PM 2.5),Mean,mcg/m3,UHF42,501,Port Richmond,Summer 2014,2014-06-01,8.32,,2014,6,2,2
216337,386,Ozone (O3),Mean,ppb,CD,110,Central Harlem (CD10),Summer 2014,2014-06-01,28.65,,2014,6,2,2
213458,375,Nitrogen dioxide (NO2),Mean,ppb,CD,503,Tottenville and Great Kills (CD3),Summer 2014,2014-06-01,7.32,,2014,6,2,2
211969,365,Fine particles (PM 2.5),Mean,mcg/m3,UHF34,206,Borough Park,Summer 2014,2014-06-01,8.6,,2014,6,2,2
213427,375,Nitrogen dioxide (NO2),Mean,ppb,CD,304,Bushwick (CD4),Summer 2014,2014-06-01,15.87,,2014,6,2,2
213989,365,Fine particles (PM 2.5),Mean,mcg/m3,CD,503,Tottenville and Great Kills (CD3),Summer 2014,2014-06-01,7.59,,2014,6,2,2
213409,375,Nitrogen dioxide (NO2),Mean,ppb,CD,110,Central Harlem (CD10),Summer 2014,2014-06-01,19.66,,2014,6,2,2
213423,375,Nitrogen dioxide (NO2),Mean,ppb,CD,212,Williamsbridge and Baychester (CD12),Summer 2014,2014-06-01,14.83,,2014,6,2,2
222490,386,Ozone (O3),Mean,ppb,UHF42,208,Canarsie - Flatlands,Summer 2014,2014-06-01,33.25,,2014,6,2,2
211961,365,Fine particles (PM 2.5),Mean,mcg/m3,UHF34,102,Northeast Bronx,Summer 2014,2014-06-01,8.71,,2014,6,2,2
211975,365,Fine particles (PM 2.5),Mean,mcg/m3,UHF34,301,Washington Heights,Summer 2014,2014-06-01,8.96,,2014,6,2,2
211682,375,Nitrogen dioxide (NO2),Mean,ppb,UHF34,306308,Chelsea-Village,Summer 2014,2014-06-01,26.92,,2014,6,2,2
211987,365,Fine particles (PM 2.5),Mean,mcg/m3,UHF34,305307,Upper East Side-Gramercy,Summer 2014,2014-06-01,11.35,,2014,6,2,2
211988,365,Fine particles (PM 2.5),Mean,mcg/m3,UHF34,306308,Chelsea-Village,Summer 2014,2014-06-01,11.48,,2014,6,2,2
213425,375,Nitrogen dioxide (NO2),Mean,ppb,CD,302,Fort Greene and Brooklyn Heights (CD2),Summer 2014,2014-06-01,18.58,,2014,6,2,2
222424,386,Ozone (O3),Mean,ppb,UHF42,104,Pelham - Throgs Neck,Summer 2014,2014-06-01,31.93,,2014,6,2,2
212445,375,Nitrogen dioxide (NO2),Mean,ppb,UHF42,402,West Queens,Summer 2014,2014-06-01,16.64,,2014,6,2,2
212829,365,Fine particles (PM 2.5),Mean,mcg/m3,UHF42,408,Jamaica,Summer 2014,2014-06-01,8.1,,2014,6,2,2
211657,375,Nitrogen dioxide (NO2),Mean,ppb,UHF34,104,Pelham - Throgs Neck,Summer 2014,2014-06-01,14.96,,2014,6,2,2
213448,375,Nitrogen dioxide (NO2),Mean,ppb,CD,407,Flushing and Whitestone (CD7),Summer 2014,2014-06-01,14.52,,2014,6,2,2
213455,375,Nitrogen dioxide (NO2),Mean,ppb,CD,414,Rockaway and Broad Channel (CD14),Summer 2014,2014-06-01,7.33,,2014,6,2,2
211670,375,Nitrogen dioxide (NO2),Mean,ppb,UHF34,302,Central Harlem - Morningside Heights,Summer 2014,2014-06-01,19.54,,2014,6,2,2
213959,365,Fine particles (PM 2.5),Mean,mcg/m3,CD,305,East New York and Starrett City (CD5),Summer 2014,2014-06-01,8.73,,2014,6,2,2
213428,375,Nitrogen dioxide (NO2),Mean,ppb,CD,305,East New York and Starrett City (CD5),Summer 2014,2014-06-01,13.71,,2014,6,2,2
213943,365,Fine particles (PM 2.5),Mean,mcg/m3,CD,201,Mott Haven and Melrose (CD1),Summer 2014,2014-06-01,9.57,,2014,6,2,2
213412,375,Nitrogen dioxide (NO2),Mean,ppb,CD,201,Mott Haven and Melrose (CD1),Summer 2014,2014-06-01,17.46,,2014,6,2,2
213405,375,Nitrogen dioxide (NO2),Mean,ppb,CD,106,Stuyvesant Town and Turtle Bay (CD6),Summer 2014,2014-06-01,28.64,,2014,6,2,2
213429,375,Nitrogen dioxide (NO2),Mean,ppb,CD,306,Park Slope and Carroll Gardens (CD6),Summer 2014,2014-06-01,17.1,,2014,6,2,2
213419,375,Nitrogen dioxide (NO2),Mean,ppb,CD,208,Riverdale and Fieldston (CD8),Summer 2014,2014-06-01,13.59,,2014,6,2,2
222466,386,Ozone (O3),Mean,ppb,UHF42,204,East New York,Summer 2014,2014-06-01,31.97,,2014,6,2,2
219994,386,Ozone (O3),Mean,ppb,Borough,5,Staten Island,Summer 2014,2014-06-01,31.41,,2014,6,2,2
222568,386,Ozone (O3),Mean,ppb,UHF42,310,Lower Manhattan,Summer 2014,2014-06-01,25.98,,2014,6,2,2
222508,386,Ozone (O3),Mean,ppb,UHF42,211,Williamsburg - Bushwick,Summer 2014,2014-06-01,30.41,,2014,6,2,2
211960,365,Fine particles (PM 2.5),Mean,mcg/m3,UHF34,101,Kingsbridge - Riverdale,Summer 2014,2014-06-01,8.65,,2014,6,2,2
211965,365,Fine particles (PM 2.5),Mean,mcg/m3,UHF34,202,Downtown - Heights - Slope,Summer 2014,2014-06-01,9.87,,2014,6,2,2
211980,365,Fine particles (PM 2.5),Mean,mcg/m3,UHF34,402,West Queens,Summer 2014,2014-06-01,9.05,,2014,6,2,2
211976,365,Fine particles (PM 2.5),Mean,mcg/m3,UHF34,302,Central Harlem - Morningside Heights,Summer 2014,2014-06-01,9.12,,2014,6,2,2
213986,365,Fine particles (PM 2.5),Mean,mcg/m3,CD,414,Rockaway and Broad Channel (CD14),Summer 2014,2014-06-01,7.36,,2014,6,2,2
213439,375,Nitrogen dioxide (NO2),Mean,ppb,CD,316,Brownsville (CD16),Summer 2014,2014-06-01,15.48,,2014,6,2,2
222550,386,Ozone (O3),Mean,ppb,UHF42,307,Gramercy Park - Murray Hill,Summer 2014,2014-06-01,22.89,,2014,6,2,2
212439,375,Nitrogen dioxide (NO2),Mean,ppb,UHF42,306,Chelsea - Clinton,Summer 2014,2014-06-01,28.44,,2014,6,2,2
211375,375,Nitrogen dioxide (NO2),Mean,ppb,Borough,1,Bronx,Summer 2014,2014-06-01,15.75,,2014,6,2,2
213410,375,Nitrogen dioxide (NO2),Mean,ppb,CD,111,East Harlem (CD11),Summer 2014,2014-06-01,19.06,,2014,6,2,2
212424,375,Nitrogen dioxide (NO2),Mean,ppb,UHF42,202,Downtown - Heights - Slope,Summer 2014,2014-06-01,17.79,,2014,6,2,2
222448,386,Ozone (O3),Mean,ppb,UHF42,201,Greenpoint,Summer 2014,2014-06-01,30.47,,2014,6,2,2
212423,375,Nitrogen dioxide (NO2),Mean,ppb,UHF42,201,Greenpoint,Summer 2014,2014-06-01,17.27,,2014,6,2,2
211422,365,Fine particles (PM 2.5),Mean,mcg/m3,Borough,3,Manhattan,Summer 2014,2014-06-01,10.27,,2014,6,2,2
211962,365,Fine particles (PM 2.5),Mean,mcg/m3,UHF34,103,Fordham - Bronx Pk,Summer 2014,2014-06-01,8.76,,2014,6,2,2
211981,365,Fine particles (PM 2.5),Mean,mcg/m3,UHF34,403,Flushing - Clearview,Summer 2014,2014-06-01,8.19,,2014,6,2,2
211679,375,Nitrogen dioxide (NO2),Mean,ppb,UHF34,409,Southeast Queens,Summer 2014,2014-06-01,12.08,,2014,6,2,2
222502,386,Ozone (O3),Mean,ppb,UHF42,210,Coney Island - Sheepshead Bay,Summer 2014,2014-06-01,32.61,,2014,6,2,2
213979,365,Fine particles (PM 2.5),Mean,mcg/m3,CD,407,Flushing and Whitestone (CD7),Summer 2014,2014-06-01,8.23,,2014,6,2,2
221974,386,Ozone (O3),Mean,ppb,UHF34,404406,Bayside Little Neck-Fresh Meadows,Summer 2014,2014-06-01,32.08,,2014,6,2,2
212447,375,Nitrogen dioxide (NO2),Mean,ppb,UHF42,404,Bayside - Little Neck,Summer 2014,2014-06-01,12.64,,2014,6,2,2
222436,386,Ozone (O3),Mean,ppb,UHF42,106,High Bridge - Morrisania,Summer 2014,2014-06-01,29.91,,2014,6,2,2
222538,386,Ozone (O3),Mean,ppb,UHF42,305,Upper East Side,Summer 2014,2014-06-01,26.66,,2014,6,2,2
211673,375,Nitrogen dioxide (NO2),Mean,ppb,UHF34,401,Long Island City - Astoria,Summer 2014,2014-06-01,16.92,,2014,6,2,2
222526,386,Ozone (O3),Mean,ppb,UHF42,303,East Harlem,Summer 2014,2014-06-01,28.92,,2014,6,2,2
212425,375,Nitrogen dioxide (NO2),Mean,ppb,UHF42,203,Bedford Stuyvesant - Crown Heights,Summer 2014,2014-06-01,16.51,,2014,6,2,2
212448,375,Nitrogen dioxide (NO2),Mean,ppb,UHF42,405,Ridgewood - Forest Hills,Summer 2014,2014-06-01,14.62,,2014,6,2,2
212457,375,Nitrogen dioxide (NO2),Mean,ppb,UHF42,504,South Beach - Tottenville,Summer 2014,2014-06-01,7.39,,2014,6,2,2
211684,375,Nitrogen dioxide (NO2),Mean,ppb,UHF34,404406,Bayside Little Neck-Fresh Meadows,Summer 2014,2014-06-01,13.24,,2014,6,2,2
211985,365,Fine particles (PM 2.5),Mean,mcg/m3,UHF34,409,Southeast Queens,Summer 2014,2014-06-01,7.72,,2014,6,2,2
211990,365,Fine particles (PM 2.5),Mean,mcg/m3,UHF34,404406,Bayside Little Neck-Fresh Meadows,Summer 2014,2014-06-01,7.99,,2014,6,2,2
213967,365,Fine particles (PM 2.5),Mean,mcg/m3,CD,313,Coney Island (CD13),Summer 2014,2014-06-01,7.9,,2014,6,2,2
213438,375,Nitrogen dioxide (NO2),Mean,ppb,CD,315,Sheepshead Bay (CD15),Summer 2014,2014-06-01,12.07,,2014,6,2,2
211421,365,Fine particles (PM 2.5),Mean,mcg/m3,Borough,2,Brooklyn,Summer 2014,2014-06-01,8.84,,2014,6,2,2
212821,365,Fine particles (PM 2.5),Mean,mcg/m3,UHF42,310,Lower Manhattan,Summer 2014,2014-06-01,10.91,,2014,6,2,2
213934,365,Fine particles (PM 2.5),Mean,mcg/m3,CD,104,Clinton and Chelsea (CD4),Summer 2014,2014-06-01,11.09,,2014,6,2,2
213936,365,Fine particles (PM 2.5),Mean,mcg/m3,CD,106,Stuyvesant Town and Turtle Bay (CD6),Summer 2014,2014-06-01,11.68,,2014,6,2,2
211970,365,Fine particles (PM 2.5),Mean,mcg/m3,UHF34,207,East Flatbush - Flatbush,Summer 2014,2014-06-01,8.74,,2014,6,2,2
212817,365,Fine particles (PM 2.5),Mean,mcg/m3,UHF42,306,Chelsea - Clinton,Summer 2014,2014-06-01,11.83,,2014,6,2,2
213941,365,Fine particles (PM 2.5),Mean,mcg/m3,CD,111,East Harlem (CD11),Summer 2014,2014-06-01,9.25,,2014,6,2,2
212819,365,Fine particles (PM 2.5),Mean,mcg/m3,UHF42,308,Greenwich Village - SoHo,Summer 2014,2014-06-01,10.79,,2014,6,2,2
213972,365,Fine particles (PM 2.5),Mean,mcg/m3,CD,318,Flatlands and Canarsie (CD18),Summer 2014,2014-06-01,8.21,,2014,6,2,2
211672,375,Nitrogen dioxide (NO2),Mean,ppb,UHF34,304,Upper West Side,Summer 2014,2014-06-01,20.87,,2014,6,2,2
211377,375,Nitrogen dioxide (NO2),Mean,ppb,Borough,3,Manhattan,Summer 2014,2014-06-01,22.69,,2014,6,2,2
212443,375,Nitrogen dioxide (NO2),Mean,ppb,UHF42,310,Lower Manhattan,Summer 2014,2014-06-01,25.15,,2014,6,2,2
221944,386,Ozone (O3),Mean,ppb,UHF34,409,Southeast Queens,Summer 2014,2014-06-01,33.6,,2014,6,2,2
799851,647,Outdoor Air Toxics - Formaldehyde,Annual average concentration,Âµg/m3,UHF42,409,Southeast Queens,2014,2014-01-01,1.383016423,,2014,1,1,2
799833,647,Outdoor Air Toxics - Formaldehyde,Annual average concentration,Âµg/m3,UHF42,301,Washington Heights,2014,2014-01-01,1.672514101,,2014,1,1,2
799803,646,Outdoor Air Toxics - Benzene,Annual average concentration,Âµg/m3,UHF42,403,Flushing - Clearview,2014,2014-01-01,0.91896539,,2014,1,1,2
799792,646,Outdoor Air Toxics - Benzene,Annual average concentration,Âµg/m3,UHF42,302,Central Harlem - Morningside Heights,2014,2014-01-01,1.033408443,,2014,1,1,2
799826,647,Outdoor Air Toxics - Formaldehyde,Annual average concentration,Âµg/m3,UHF42,205,Sunset Park,2014,2014-01-01,1.484163971,,2014,1,1,2
799849,647,Outdoor Air Toxics - Formaldehyde,Annual average concentration,Âµg/m3,UHF42,407,Southwest Queens,2014,2014-01-01,1.310108056,,2014,1,1,2
799859,646,Outdoor Air Toxics - Benzene,Annual average concentration,Âµg/m3,Borough,3,Manhattan,2014,2014-01-01,0.898073,,2014,1,1,2
799860,646,Outdoor Air Toxics - Benzene,Annual average concentration,Âµg/m3,Borough,4,Queens,2014,2014-01-01,0.835838,,2014,1,1,2
799776,646,Outdoor Air Toxics - Benzene,Annual average concentration,Âµg/m3,UHF42,104,Pelham - Throgs Neck,2014,2014-01-01,0.987732179,,2014,1,1,2
799830,647,Outdoor Air Toxics - Formaldehyde,Annual average concentration,Âµg/m3,UHF42,209,Bensonhurst - Bay Ridge,2014,2014-01-01,1.528550019,,2014,1,1,2
799781,646,Outdoor Air Toxics - Benzene,Annual average concentration,Âµg/m3,UHF42,202,Downtown - Heights - Slope,2014,2014-01-01,0.99727837,,2014,1,1,2
799821,647,Outdoor Air Toxics - Formaldehyde,Annual average concentration,Âµg/m3,UHF42,107,Hunts Point - Mott Haven,2014,2014-01-01,1.72533378,,2014,1,1,2
799840,647,Outdoor Air Toxics - Formaldehyde,Annual average concentration,Âµg/m3,UHF42,308,Greenwich Village - SoHo,2014,2014-01-01,1.603648086,,2014,1,1,2
799828,647,Outdoor Air Toxics - Formaldehyde,Annual average concentration,Âµg/m3,UHF42,207,East Flatbush - Flatbush,2014,2014-01-01,1.552608919,,2014,1,1,2
799817,647,Outdoor Air Toxics - Formaldehyde,Annual average concentration,Âµg/m3,UHF42,103,Fordham - Bronx Pk,2014,2014-01-01,1.582647948,,2014,1,1,2
799819,647,Outdoor Air Toxics - Formaldehyde,Annual average concentration,Âµg/m3,UHF42,105,Crotona -Tremont,2014,2014-01-01,1.566469539,,2014,1,1,2
799848,647,Outdoor Air Toxics - Formaldehyde,Annual average concentration,Âµg/m3,UHF42,406,Fresh Meadows,2014,2014-01-01,1.411547271,,2014,1,1,2
799801,646,Outdoor Air Toxics - Benzene,Annual average concentration,Âµg/m3,UHF42,401,Long Island City - Astoria,2014,2014-01-01,1.078476852,,2014,1,1,2
799785,646,Outdoor Air Toxics - Benzene,Annual average concentration,Âµg/m3,UHF42,206,Borough Park,2014,2014-01-01,1.01333435,,2014,1,1,2
799798,646,Outdoor Air Toxics - Benzene,Annual average concentration,Âµg/m3,UHF42,308,Greenwich Village - SoHo,2014,2014-01-01,0.941088372,,2014,1,1,2
799789,646,Outdoor Air Toxics - Benzene,Annual average concentration,Âµg/m3,UHF42,210,Coney Island - Sheepshead Bay,2014,2014-01-01,1.021871374,,2014,1,1,2
799809,646,Outdoor Air Toxics - Benzene,Annual average concentration,Âµg/m3,UHF42,409,Southeast Queens,2014,2014-01-01,0.786633229,,2014,1,1,2
799846,647,Outdoor Air Toxics - Formaldehyde,Annual average concentration,Âµg/m3,UHF42,404,Bayside - Little Neck,2014,2014-01-01,1.427744064,,2014,1,1,2
799783,646,Outdoor Air Toxics - Benzene,Annual average concentration,Âµg/m3,UHF42,204,East New York,2014,2014-01-01,0.926427771,,2014,1,1,2
799787,646,Outdoor Air Toxics - Benzene,Annual average concentration,Âµg/m3,UHF42,208,Canarsie - Flatlands,2014,2014-01-01,0.893418257,,2014,1,1,2
799832,647,Outdoor Air Toxics - Formaldehyde,Annual average concentration,Âµg/m3,UHF42,211,Williamsburg - Bushwick,2014,2014-01-01,1.569725748,,2014,1,1,2
799814,646,Outdoor Air Toxics - Benzene,Annual average concentration,Âµg/m3,UHF42,504,South Beach - Tottenville,2014,2014-01-01,0.601659348,,2014,1,1,2
799797,646,Outdoor Air Toxics - Benzene,Annual average concentration,Âµg/m3,UHF42,307,Gramercy Park - Murray Hill,2014,2014-01-01,1.055641631,,2014,1,1,2
799818,647,Outdoor Air Toxics - Formaldehyde,Annual average concentration,Âµg/m3,UHF42,104,Pelham - Throgs Neck,2014,2014-01-01,1.609386933,,2014,1,1,2
799841,647,Outdoor Air Toxics - Formaldehyde,Annual average concentration,Âµg/m3,UHF42,309,Union Square - Lower East Side,2014,2014-01-01,1.655044994,,2014,1,1,2
799804,646,Outdoor Air Toxics - Benzene,Annual average concentration,Âµg/m3,UHF42,404,Bayside - Little Neck,2014,2014-01-01,0.864875451,,2014,1,1,2
799865,647,Outdoor Air Toxics - Formaldehyde,Annual average concentration,Âµg/m3,Borough,3,Manhattan,2014,2014-01-01,1.502881,,2014,1,1,2
799799,646,Outdoor Air Toxics - Benzene,Annual average concentration,Âµg/m3,UHF42,309,Union Square - Lower East Side,2014,2014-01-01,1.02873087,,2014,1,1,2
799855,647,Outdoor Air Toxics - Formaldehyde,Annual average concentration,Âµg/m3,UHF42,503,Willowbrook,2014,2014-01-01,1.317275506,,2014,1,1,2
799845,647,Outdoor Air Toxics - Formaldehyde,Annual average concentration,Âµg/m3,UHF42,403,Flushing - Clearview,2014,2014-01-01,1.487456075,,2014,1,1,2
799800,646,Outdoor Air Toxics - Benzene,Annual average concentration,Âµg/m3,UHF42,310,Lower Manhattan,2014,2014-01-01,0.854960622,,2014,1,1,2
799790,646,Outdoor Air Toxics - Benzene,Annual average concentration,Âµg/m3,UHF42,211,Williamsburg - Bushwick,2014,2014-01-01,0.990043072,,2014,1,1,2
799802,646,Outdoor Air Toxics - Benzene,Annual average concentration,Âµg/m3,UHF42,402,West Queens,2014,2014-01-01,1.082900746,,2014,1,1,2
799829,647,Outdoor Air Toxics - Formaldehyde,Annual average concentration,Âµg/m3,UHF42,208,Canarsie - Flatlands,2014,2014-01-01,1.485284249,,2014,1,1,2
799861,646,Outdoor Air Toxics - Benzene,Annual average concentration,Âµg/m3,Borough,5,Staten Island,2014,2014-01-01,0.618483,,2014,1,1,2
799788,646,Outdoor Air Toxics - Benzene,Annual average concentration,Âµg/m3,UHF42,209,Bensonhurst - Bay Ridge,2014,2014-01-01,0.982472351,,2014,1,1,2
799780,646,Outdoor Air Toxics - Benzene,Annual average concentration,Âµg/m3,UHF42,201,Greenpoint,2014,2014-01-01,1.069523191,,2014,1,1,2
799866,647,Outdoor Air Toxics - Formaldehyde,Annual average concentration,Âµg/m3,Borough,4,Queens,2014,2014-01-01,1.428624,,2014,1,1,2
799837,647,Outdoor Air Toxics - Formaldehyde,Annual average concentration,Âµg/m3,UHF42,305,Upper East Side,2014,2014-01-01,1.733417367,,2014,1,1,2
799863,647,Outdoor Air Toxics - Formaldehyde,Annual average concentration,Âµg/m3,Borough,1,Bronx,2014,2014-01-01,1.60848,,2014,1,1,2
799791,646,Outdoor Air Toxics - Benzene,Annual average concentration,Âµg/m3,UHF42,301,Washington Heights,2014,2014-01-01,1.018010151,,2014,1,1,2
799867,647,Outdoor Air Toxics - Formaldehyde,Annual average concentration,Âµg/m3,Borough,5,Staten Island,2014,2014-01-01,1.283186,,2014,1,1,2
799836,647,Outdoor Air Toxics - Formaldehyde,Annual average concentration,Âµg/m3,UHF42,304,Upper West Side,2014,2014-01-01,1.609953172,,2014,1,1,2
799794,646,Outdoor Air Toxics - Benzene,Annual average concentration,Âµg/m3,UHF42,304,Upper West Side,2014,2014-01-01,0.956724623,,2014,1,1,2
799812,646,Outdoor Air Toxics - Benzene,Annual average concentration,Âµg/m3,UHF42,502,Stapleton - St. George,2014,2014-01-01,0.681537384,,2014,1,1,2
799810,646,Outdoor Air Toxics - Benzene,Annual average concentration,Âµg/m3,UHF42,410,Rockaways,2014,2014-01-01,0.573658504,,2014,1,1,2
799843,647,Outdoor Air Toxics - Formaldehyde,Annual average concentration,Âµg/m3,UHF42,401,Long Island City - Astoria,2014,2014-01-01,1.741466734,,2014,1,1,2
799853,647,Outdoor Air Toxics - Formaldehyde,Annual average concentration,Âµg/m3,UHF42,501,Port Richmond,2014,2014-01-01,1.357900535,,2014,1,1,2
799795,646,Outdoor Air Toxics - Benzene,Annual average concentration,Âµg/m3,UHF42,305,Upper East Side,2014,2014-01-01,1.048126153,,2014,1,1,2
799834,647,Outdoor Air Toxics - Formaldehyde,Annual average concentration,Âµg/m3,UHF42,302,Central Harlem - Morningside Heights,2014,2014-01-01,1.714982152,,2014,1,1,2
799844,647,Outdoor Air Toxics - Formaldehyde,Annual average concentration,Âµg/m3,UHF42,402,West Queens,2014,2014-01-01,1.739220438,,2014,1,1,2
799831,647,Outdoor Air Toxics - Formaldehyde,Annual average concentration,Âµg/m3,UHF42,210,Coney Island - Sheepshead Bay,2014,2014-01-01,1.596150486,,2014,1,1,2
799777,646,Outdoor Air Toxics - Benzene,Annual average concentration,Âµg/m3,UHF42,105,Crotona -Tremont,2014,2014-01-01,0.977214616,,2014,1,1,2
799825,647,Outdoor Air Toxics - Formaldehyde,Annual average concentration,Âµg/m3,UHF42,204,East New York,2014,2014-01-01,1.506974231,,2014,1,1,2
799806,646,Outdoor Air Toxics - Benzene,Annual average concentration,Âµg/m3,UHF42,406,Fresh Meadows,2014,2014-01-01,0.866529557,,2014,1,1,2
799775,646,Outdoor Air Toxics - Benzene,Annual average concentration,Âµg/m3,UHF42,103,Fordham - Bronx Pk,2014,2014-01-01,0.964043941,,2014,1,1,2
799852,647,Outdoor Air Toxics - Formaldehyde,Annual average concentration,Âµg/m3,UHF42,410,Rockaways,2014,2014-01-01,1.086623632,,2014,1,1,2
799856,647,Outdoor Air Toxics - Formaldehyde,Annual average concentration,Âµg/m3,UHF42,504,South Beach - Tottenville,2014,2014-01-01,1.269362282,,2014,1,1,2
799824,647,Outdoor Air Toxics - Formaldehyde,Annual average concentration,Âµg/m3,UHF42,203,Bedford Stuyvesant - Crown Heights,2014,2014-01-01,1.569592412,,2014,1,1,2
799835,647,Outdoor Air Toxics - Formaldehyde,Annual average concentration,Âµg/m3,UHF42,303,East Harlem,2014,2014-01-01,1.724264271,,2014,1,1,2
799805,646,Outdoor Air Toxics - Benzene,Annual average concentration,Âµg/m3,UHF42,405,Ridgewood - Forest Hills,2014,2014-01-01,0.998568288,,2014,1,1,2
799782,646,Outdoor Air Toxics - Benzene,Annual average concentration,Âµg/m3,UHF42,203,Bedford Stuyvesant - Crown Heights,2014,2014-01-01,0.981515744,,2014,1,1,2
799793,646,Outdoor Air Toxics - Benzene,Annual average concentration,Âµg/m3,UHF42,303,East Harlem,2014,2014-01-01,1.047140273,,2014,1,1,2
799850,647,Outdoor Air Toxics - Formaldehyde,Annual average concentration,Âµg/m3,UHF42,408,Jamaica,2014,2014-01-01,1.376572779,,2014,1,1,2
799784,646,Outdoor Air Toxics - Benzene,Annual average concentration,Âµg/m3,UHF42,205,Sunset Park,2014,2014-01-01,0.892123903,,2014,1,1,2
799858,646,Outdoor Air Toxics - Benzene,Annual average concentration,Âµg/m3,Borough,2,Brooklyn,2014,2014-01-01,0.911667,,2014,1,1,2
799796,646,Outdoor Air Toxics - Benzene,Annual average concentration,Âµg/m3,UHF42,306,Chelsea - Clinton,2014,2014-01-01,1.077311948,,2014,1,1,2
799827,647,Outdoor Air Toxics - Formaldehyde,Annual average concentration,Âµg/m3,UHF42,206,Borough Park,2014,2014-01-01,1.58232381,,2014,1,1,2
799847,647,Outdoor Air Toxics - Formaldehyde,Annual average concentration,Âµg/m3,UHF42,405,Ridgewood - Forest Hills,2014,2014-01-01,1.600413031,,2014,1,1,2
799862,646,Outdoor Air Toxics - Benzene,Annual average concentration,Âµg/m3,Citywide,1,New York City,2014,2014-01-01,0.871137,,2014,1,1,2
799778,646,Outdoor Air Toxics - Benzene,Annual average concentration,Âµg/m3,UHF42,106,High Bridge - Morrisania,2014,2014-01-01,1.081733049,,2014,1,1,2
799820,647,Outdoor Air Toxics - Formaldehyde,Annual average concentration,Âµg/m3,UHF42,106,High Bridge - Morrisania,2014,2014-01-01,1.727340714,,2014,1,1,2
799808,646,Outdoor Air Toxics - Benzene,Annual average concentration,Âµg/m3,UHF42,408,Jamaica,2014,2014-01-01,0.80397314,,2014,1,1,2
799868,647,Outdoor Air Toxics - Formaldehyde,Annual average concentration,Âµg/m3,Citywide,1,New York City,2014,2014-01-01,1.489027,,2014,1,1,2
799842,647,Outdoor Air Toxics - Formaldehyde,Annual average concentration,Âµg/m3,UHF42,310,Lower Manhattan,2014,2014-01-01,1.481061514,,2014,1,1,2
799857,646,Outdoor Air Toxics - Benzene,Annual average concentration,Âµg/m3,Borough,1,Bronx,2014,2014-01-01,0.935807,,2014,1,1,2
799786,646,Outdoor Air Toxics - Benzene,Annual average concentration,Âµg/m3,UHF42,207,East Flatbush - Flatbush,2014,2014-01-01,0.959188056,,2014,1,1,2
799774,646,Outdoor Air Toxics - Benzene,Annual average concentration,Âµg/m3,UHF42,102,Northeast Bronx,2014,2014-01-01,0.933674632,,2014,1,1,2
799822,647,Outdoor Air Toxics - Formaldehyde,Annual average concentration,Âµg/m3,UHF42,201,Greenpoint,2014,2014-01-01,1.668330929,,2014,1,1,2
799823,647,Outdoor Air Toxics - Formaldehyde,Annual average concentration,Âµg/m3,UHF42,202,Downtown - Heights - Slope,2014,2014-01-01,1.610207053,,2014,1,1,2
799811,646,Outdoor Air Toxics - Benzene,Annual average concentration,Âµg/m3,UHF42,501,Port Richmond,2014,2014-01-01,0.694034504,,2014,1,1,2
799773,646,Outdoor Air Toxics - Benzene,Annual average concentration,Âµg/m3,UHF42,101,Kingsbridge - Riverdale,2014,2014-01-01,0.903530237,,2014,1,1,2
799838,647,Outdoor Air Toxics - Formaldehyde,Annual average concentration,Âµg/m3,UHF42,306,Chelsea - Clinton,2014,2014-01-01,1.734654443,,2014,1,1,2
799815,647,Outdoor Air Toxics - Formaldehyde,Annual average concentration,Âµg/m3,UHF42,101,Kingsbridge - Riverdale,2014,2014-01-01,1.528911328,,2014,1,1,2
799807,646,Outdoor Air Toxics - Benzene,Annual average concentration,Âµg/m3,UHF42,407,Southwest Queens,2014,2014-01-01,0.814050258,,2014,1,1,2
799816,647,Outdoor Air Toxics - Formaldehyde,Annual average concentration,Âµg/m3,UHF42,102,Northeast Bronx,2014,2014-01-01,1.540727456,,2014,1,1,2
799864,647,Outdoor Air Toxics - Formaldehyde,Annual average concentration,Âµg/m3,Borough,2,Brooklyn,2014,2014-01-01,1.550691,,2014,1,1,2
799854,647,Outdoor Air Toxics - Formaldehyde,Annual average concentration,Âµg/m3,UHF42,502,Stapleton - St. George,2014,2014-01-01,1.296787643,,2014,1,1,2
799839,647,Outdoor Air Toxics - Formaldehyde,Annual average concentration,Âµg/m3,UHF42,307,Gramercy Park - Murray Hill,2014,2014-01-01,1.736315657,,2014,1,1,2
799779,646,Outdoor Air Toxics - Benzene,Annual average concentration,Âµg/m3,UHF42,107,Hunts Point - Mott Haven,2014,2014-01-01,1.060250229,,2014,1,1,2
799813,646,Outdoor Air Toxics - Benzene,Annual average concentration,Âµg/m3,UHF42,503,Willowbrook,2014,2014-01-01,0.660120954,,2014,1,1,2
212077,365,Fine particles (PM 2.5),Mean,mcg/m3,UHF34,301,Washington Heights,Annual Average 2014,2013-12-01,9.49,,2013,12,4,2
212308,375,Nitrogen dioxide (NO2),Mean,ppb,UHF42,301,Washington Heights,Winter 2013-14,2013-12-01,26.86,,2013,12,4,2
213800,365,Fine particles (PM 2.5),Mean,mcg/m3,CD,405,Ridgewood and Maspeth (CD5),Winter 2013-14,2013-12-01,11.98,,2013,12,4,2
213756,365,Fine particles (PM 2.5),Mean,mcg/m3,CD,103,Lower East Side and Chinatown (CD3),Winter 2013-14,2013-12-01,13.39,,2013,12,4,2
213781,365,Fine particles (PM 2.5),Mean,mcg/m3,CD,304,Bushwick (CD4),Winter 2013-14,2013-12-01,12.06,,2013,12,4,2
214136,365,Fine particles (PM 2.5),Mean,mcg/m3,CD,305,East New York and Starrett City (CD5),Annual Average 2014,2013-12-01,8.99,,2013,12,4,2
213244,375,Nitrogen dioxide (NO2),Mean,ppb,CD,210,Throgs Neck and Co-op City (CD10),Winter 2013-14,2013-12-01,25.08,,2013,12,4,2
213225,375,Nitrogen dioxide (NO2),Mean,ppb,CD,103,Lower East Side and Chinatown (CD3),Winter 2013-14,2013-12-01,32.23,,2013,12,4,2
212955,365,Fine particles (PM 2.5),Mean,mcg/m3,UHF42,408,Jamaica,Annual Average 2014,2013-12-01,8.46,,2013,12,4,2
211883,365,Fine particles (PM 2.5),Mean,mcg/m3,UHF34,409,Southeast Queens,Winter 2013-14,2013-12-01,10.35,,2013,12,4,2
212945,365,Fine particles (PM 2.5),Mean,mcg/m3,UHF42,308,Greenwich Village - SoHo,Annual Average 2014,2013-12-01,11.17,,2013,12,4,2
211436,365,Fine particles (PM 2.5),Mean,mcg/m3,Borough,2,Brooklyn,Annual Average 2014,2013-12-01,9.09,,2013,12,4,2
212313,375,Nitrogen dioxide (NO2),Mean,ppb,UHF42,306,Chelsea - Clinton,Winter 2013-14,2013-12-01,36.89,,2013,12,4,2
211888,365,Fine particles (PM 2.5),Mean,mcg/m3,UHF34,404406,Bayside Little Neck-Fresh Meadows,Winter 2013-14,2013-12-01,10.97,,2013,12,4,2
212064,365,Fine particles (PM 2.5),Mean,mcg/m3,UHF34,103,Fordham - Bronx Pk,Annual Average 2014,2013-12-01,9.19,,2013,12,4,2
212080,365,Fine particles (PM 2.5),Mean,mcg/m3,UHF34,304,Upper West Side,Annual Average 2014,2013-12-01,10.42,,2013,12,4,2
212958,365,Fine particles (PM 2.5),Mean,mcg/m3,UHF42,501,Port Richmond,Annual Average 2014,2013-12-01,8.79,,2013,12,4,2
212557,375,Nitrogen dioxide (NO2),Mean,ppb,UHF42,209,Bensonhurst - Bay Ridge,Annual Average 2014,2013-12-01,19.1,,2013,12,4,2
211879,365,Fine particles (PM 2.5),Mean,mcg/m3,UHF34,403,Flushing - Clearview,Winter 2013-14,2013-12-01,11.46,,2013,12,4,2
212583,375,Nitrogen dioxide (NO2),Mean,ppb,UHF42,504,South Beach - Tottenville,Annual Average 2014,2013-12-01,12.59,,2013,12,4,2
211407,365,Fine particles (PM 2.5),Mean,mcg/m3,Borough,3,Manhattan,Winter 2013-14,2013-12-01,14.13,,2013,12,4,2
212675,365,Fine particles (PM 2.5),Mean,mcg/m3,UHF42,201,Greenpoint,Winter 2013-14,2013-12-01,13.51,,2013,12,4,2
211860,365,Fine particles (PM 2.5),Mean,mcg/m3,UHF34,103,Fordham - Bronx Pk,Winter 2013-14,2013-12-01,12.51,,2013,12,4,2
211763,375,Nitrogen dioxide (NO2),Mean,ppb,UHF34,204,East New York,Annual Average 2014,2013-12-01,19.75,,2013,12,4,2
214138,365,Fine particles (PM 2.5),Mean,mcg/m3,CD,307,Sunset Park (CD7),Annual Average 2014,2013-12-01,9.7,,2013,12,4,2
214144,365,Fine particles (PM 2.5),Mean,mcg/m3,CD,313,Coney Island (CD13),Annual Average 2014,2013-12-01,8.32,,2013,12,4,2
212961,365,Fine particles (PM 2.5),Mean,mcg/m3,UHF42,504,South Beach - Tottenville,Annual Average 2014,2013-12-01,8.2,,2013,12,4,2
211560,375,Nitrogen dioxide (NO2),Mean,ppb,UHF34,205,Sunset Park,Winter 2013-14,2013-12-01,27.68,,2013,12,4,2
213786,365,Fine particles (PM 2.5),Mean,mcg/m3,CD,309,South Crown Heights and Lefferts Gardens (CD9),Winter 2013-14,2013-12-01,11.82,,2013,12,4,2
214111,365,Fine particles (PM 2.5),Mean,mcg/m3,CD,104,Clinton and Chelsea (CD4),Annual Average 2014,2013-12-01,11.62,,2013,12,4,2
212577,375,Nitrogen dioxide (NO2),Mean,ppb,UHF42,408,Jamaica,Annual Average 2014,2013-12-01,18.81,,2013,12,4,2
212576,375,Nitrogen dioxide (NO2),Mean,ppb,UHF42,407,Southwest Queens,Annual Average 2014,2013-12-01,19.19,,2013,12,4,2
214113,365,Fine particles (PM 2.5),Mean,mcg/m3,CD,106,Stuyvesant Town and Turtle Bay (CD6),Annual Average 2014,2013-12-01,12.37,,2013,12,4,2
213788,365,Fine particles (PM 2.5),Mean,mcg/m3,CD,311,Bensonhurst (CD11),Winter 2013-14,2013-12-01,11.38,,2013,12,4,2
212683,365,Fine particles (PM 2.5),Mean,mcg/m3,UHF42,209,Bensonhurst - Bay Ridge,Winter 2013-14,2013-12-01,11.51,,2013,12,4,2
211360,375,Nitrogen dioxide (NO2),Mean,ppb,Borough,1,Bronx,Winter 2013-14,2013-12-01,25.87,,2013,12,4,2
213245,375,Nitrogen dioxide (NO2),Mean,ppb,CD,211,Morris Park and Bronxdale (CD11),Winter 2013-14,2013-12-01,25.4,,2013,12,4,2
213255,375,Nitrogen dioxide (NO2),Mean,ppb,CD,309,South Crown Heights and Lefferts Gardens (CD9),Winter 2013-14,2013-12-01,29.27,,2013,12,4,2
213257,375,Nitrogen dioxide (NO2),Mean,ppb,CD,311,Bensonhurst (CD11),Winter 2013-14,2013-12-01,27.55,,2013,12,4,2
213254,375,Nitrogen dioxide (NO2),Mean,ppb,CD,308,Crown Heights and Prospect Heights (CD8),Winter 2013-14,2013-12-01,29.77,,2013,12,4,2
213608,375,Nitrogen dioxide (NO2),Mean,ppb,CD,308,Crown Heights and Prospect Heights (CD8),Annual Average 2014,2013-12-01,22.25,,2013,12,4,2
212579,375,Nitrogen dioxide (NO2),Mean,ppb,UHF42,410,Rockaways,Annual Average 2014,2013-12-01,13.77,,2013,12,4,2
212310,375,Nitrogen dioxide (NO2),Mean,ppb,UHF42,303,East Harlem,Winter 2013-14,2013-12-01,30.2,,2013,12,4,2
213274,375,Nitrogen dioxide (NO2),Mean,ppb,CD,410,South Ozone Park and Howard Beach (CD10),Winter 2013-14,2013-12-01,26.92,,2013,12,4,2
214153,365,Fine particles (PM 2.5),Mean,mcg/m3,CD,404,Elmhurst and Corona (CD4),Annual Average 2014,2013-12-01,9.15,,2013,12,4,2
211364,375,Nitrogen dioxide (NO2),Mean,ppb,Borough,5,Staten Island,Winter 2013-14,2013-12-01,21.79,,2013,12,4,2
212084,365,Fine particles (PM 2.5),Mean,mcg/m3,UHF34,405,Ridgewood - Forest Hills,Annual Average 2014,2013-12-01,8.85,,2013,12,4,2
211564,375,Nitrogen dioxide (NO2),Mean,ppb,UHF34,209,Bensonhurst - Bay Ridge,Winter 2013-14,2013-12-01,26.86,,2013,12,4,2
213617,375,Nitrogen dioxide (NO2),Mean,ppb,CD,317,East Flatbush (CD17),Annual Average 2014,2013-12-01,20.52,,2013,12,4,2
212570,375,Nitrogen dioxide (NO2),Mean,ppb,UHF42,401,Long Island City - Astoria,Annual Average 2014,2013-12-01,22.07,,2013,12,4,2
211362,375,Nitrogen dioxide (NO2),Mean,ppb,Borough,3,Manhattan,Winter 2013-14,2013-12-01,32.41,,2013,12,4,2
213605,375,Nitrogen dioxide (NO2),Mean,ppb,CD,305,East New York and Starrett City (CD5),Annual Average 2014,2013-12-01,19.34,,2013,12,4,2
213595,375,Nitrogen dioxide (NO2),Mean,ppb,CD,207,Kingsbridge Heights and Bedford (CD7),Annual Average 2014,2013-12-01,20.73,,2013,12,4,2
212295,375,Nitrogen dioxide (NO2),Mean,ppb,UHF42,106,High Bridge - Morrisania,Winter 2013-14,2013-12-01,28.68,,2013,12,4,2
212306,375,Nitrogen dioxide (NO2),Mean,ppb,UHF42,210,Coney Island - Sheepshead Bay,Winter 2013-14,2013-12-01,25.9,,2013,12,4,2
211562,375,Nitrogen dioxide (NO2),Mean,ppb,UHF34,207,East Flatbush - Flatbush,Winter 2013-14,2013-12-01,28.3,,2013,12,4,2
213625,375,Nitrogen dioxide (NO2),Mean,ppb,CD,407,Flushing and Whitestone (CD7),Annual Average 2014,2013-12-01,19.42,,2013,12,4,2
213253,375,Nitrogen dioxide (NO2),Mean,ppb,CD,307,Sunset Park (CD7),Winter 2013-14,2013-12-01,27.81,,2013,12,4,2
213613,375,Nitrogen dioxide (NO2),Mean,ppb,CD,313,Coney Island (CD13),Annual Average 2014,2013-12-01,16.57,,2013,12,4,2
213231,375,Nitrogen dioxide (NO2),Mean,ppb,CD,109,Morningside Heights and Hamilton Heights (CD9),Winter 2013-14,2013-12-01,29.49,,2013,12,4,2
213275,375,Nitrogen dioxide (NO2),Mean,ppb,CD,411,Bayside and Little Neck (CD11),Winter 2013-14,2013-12-01,25.44,,2013,12,4,2
212302,375,Nitrogen dioxide (NO2),Mean,ppb,UHF42,206,Borough Park,Winter 2013-14,2013-12-01,28.12,,2013,12,4,2
213246,375,Nitrogen dioxide (NO2),Mean,ppb,CD,212,Williamsbridge and Baychester (CD12),Winter 2013-14,2013-12-01,23.85,,2013,12,4,2
213232,375,Nitrogen dioxide (NO2),Mean,ppb,CD,110,Central Harlem (CD10),Winter 2013-14,2013-12-01,29.98,,2013,12,4,2
213263,375,Nitrogen dioxide (NO2),Mean,ppb,CD,317,East Flatbush (CD17),Winter 2013-14,2013-12-01,28.44,,2013,12,4,2
211773,375,Nitrogen dioxide (NO2),Mean,ppb,UHF34,303,East Harlem,Annual Average 2014,2013-12-01,23.76,,2013,12,4,2
212561,375,Nitrogen dioxide (NO2),Mean,ppb,UHF42,302,Central Harlem - Morningside Heights,Annual Average 2014,2013-12-01,23.86,,2013,12,4,2
212954,365,Fine particles (PM 2.5),Mean,mcg/m3,UHF42,407,Southwest Queens,Annual Average 2014,2013-12-01,8.39,,2013,12,4,2
212578,375,Nitrogen dioxide (NO2),Mean,ppb,UHF42,409,Southeast Queens,Annual Average 2014,2013-12-01,17.28,,2013,12,4,2
212325,375,Nitrogen dioxide (NO2),Mean,ppb,UHF42,408,Jamaica,Winter 2013-14,2013-12-01,26.89,,2013,12,4,2
212324,375,Nitrogen dioxide (NO2),Mean,ppb,UHF42,407,Southwest Queens,Winter 2013-14,2013-12-01,27.42,,2013,12,4,2
212081,365,Fine particles (PM 2.5),Mean,mcg/m3,UHF34,401,Long Island City - Astoria,Annual Average 2014,2013-12-01,9.98,,2013,12,4,2
213599,375,Nitrogen dioxide (NO2),Mean,ppb,CD,211,Morris Park and Bronxdale (CD11),Annual Average 2014,2013-12-01,19.37,,2013,12,4,2
212299,375,Nitrogen dioxide (NO2),Mean,ppb,UHF42,203,Bedford Stuyvesant - Crown Heights,Winter 2013-14,2013-12-01,29.41,,2013,12,4,2
214160,365,Fine particles (PM 2.5),Mean,mcg/m3,CD,411,Bayside and Little Neck (CD11),Annual Average 2014,2013-12-01,8.29,,2013,12,4,2
211438,365,Fine particles (PM 2.5),Mean,mcg/m3,Borough,4,Queens,Annual Average 2014,2013-12-01,8.6,,2013,12,4,2
212301,375,Nitrogen dioxide (NO2),Mean,ppb,UHF42,205,Sunset Park,Winter 2013-14,2013-12-01,27.68,,2013,12,4,2
212312,375,Nitrogen dioxide (NO2),Mean,ppb,UHF42,305,Upper East Side,Winter 2013-14,2013-12-01,33.42,,2013,12,4,2
213228,375,Nitrogen dioxide (NO2),Mean,ppb,CD,106,Stuyvesant Town and Turtle Bay (CD6),Winter 2013-14,2013-12-01,37.37,,2013,12,4,2
212300,375,Nitrogen dioxide (NO2),Mean,ppb,UHF42,204,East New York,Winter 2013-14,2013-12-01,27.88,,2013,12,4,2
213252,375,Nitrogen dioxide (NO2),Mean,ppb,CD,306,Park Slope and Carroll Gardens (CD6),Winter 2013-14,2013-12-01,29.3,,2013,12,4,2
213271,375,Nitrogen dioxide (NO2),Mean,ppb,CD,407,Flushing and Whitestone (CD7),Winter 2013-14,2013-12-01,26.93,,2013,12,4,2
212942,365,Fine particles (PM 2.5),Mean,mcg/m3,UHF42,305,Upper East Side,Annual Average 2014,2013-12-01,11.15,,2013,12,4,2
211864,365,Fine particles (PM 2.5),Mean,mcg/m3,UHF34,203,Bedford Stuyvesant - Crown Heights,Winter 2013-14,2013-12-01,11.94,,2013,12,4,2
212092,365,Fine particles (PM 2.5),Mean,mcg/m3,UHF34,404406,Bayside Little Neck-Fresh Meadows,Annual Average 2014,2013-12-01,8.36,,2013,12,4,2
213242,375,Nitrogen dioxide (NO2),Mean,ppb,CD,208,Riverdale and Fieldston (CD8),Winter 2013-14,2013-12-01,22.45,,2013,12,4,2
214158,365,Fine particles (PM 2.5),Mean,mcg/m3,CD,409,Kew Gardens and Woodhaven (CD9),Annual Average 2014,2013-12-01,8.65,,2013,12,4,2
213607,375,Nitrogen dioxide (NO2),Mean,ppb,CD,307,Sunset Park (CD7),Annual Average 2014,2013-12-01,20.33,,2013,12,4,2
214129,365,Fine particles (PM 2.5),Mean,mcg/m3,CD,210,Throgs Neck and Co-op City (CD10),Annual Average 2014,2013-12-01,8.92,,2013,12,4,2
213226,375,Nitrogen dioxide (NO2),Mean,ppb,CD,104,Clinton and Chelsea (CD4),Winter 2013-14,2013-12-01,34.78,,2013,12,4,2
213629,375,Nitrogen dioxide (NO2),Mean,ppb,CD,411,Bayside and Little Neck (CD11),Annual Average 2014,2013-12-01,17.81,,2013,12,4,2
213627,375,Nitrogen dioxide (NO2),Mean,ppb,CD,409,Kew Gardens and Woodhaven (CD9),Annual Average 2014,2013-12-01,20.09,,2013,12,4,2
212076,365,Fine particles (PM 2.5),Mean,mcg/m3,UHF34,211,Williamsburg - Bushwick,Annual Average 2014,2013-12-01,9.84,,2013,12,4,2
212297,375,Nitrogen dioxide (NO2),Mean,ppb,UHF42,201,Greenpoint,Winter 2013-14,2013-12-01,29.9,,2013,12,4,2
212318,375,Nitrogen dioxide (NO2),Mean,ppb,UHF42,401,Long Island City - Astoria,Winter 2013-14,2013-12-01,29.39,,2013,12,4,2
212074,365,Fine particles (PM 2.5),Mean,mcg/m3,UHF34,209,Bensonhurst - Bay Ridge,Annual Average 2014,2013-12-01,8.62,,2013,12,4,2
212305,375,Nitrogen dioxide (NO2),Mean,ppb,UHF42,209,Bensonhurst - Bay Ridge,Winter 2013-14,2013-12-01,26.86,,2013,12,4,2
212931,365,Fine particles (PM 2.5),Mean,mcg/m3,UHF42,205,Sunset Park,Annual Average 2014,2013-12-01,9.63,,2013,12,4,2
213583,375,Nitrogen dioxide (NO2),Mean,ppb,CD,107,Upper West Side (CD7),Annual Average 2014,2013-12-01,25.1,,2013,12,4,2
211866,365,Fine particles (PM 2.5),Mean,mcg/m3,UHF34,205,Sunset Park,Winter 2013-14,2013-12-01,12.57,,2013,12,4,2
214127,365,Fine particles (PM 2.5),Mean,mcg/m3,CD,208,Riverdale and Fieldston (CD8),Annual Average 2014,2013-12-01,9.0,,2013,12,4,2
212926,365,Fine particles (PM 2.5),Mean,mcg/m3,UHF42,107,Hunts Point - Mott Haven,Annual Average 2014,2013-12-01,9.75,,2013,12,4,2
213784,365,Fine particles (PM 2.5),Mean,mcg/m3,CD,307,Sunset Park (CD7),Winter 2013-14,2013-12-01,12.62,,2013,12,4,2
212924,365,Fine particles (PM 2.5),Mean,mcg/m3,UHF42,105,Crotona -Tremont,Annual Average 2014,2013-12-01,9.82,,2013,12,4,2
213809,365,Fine particles (PM 2.5),Mean,mcg/m3,CD,414,Rockaway and Broad Channel (CD14),Winter 2013-14,2013-12-01,9.87,,2013,12,4,2
213258,375,Nitrogen dioxide (NO2),Mean,ppb,CD,312,Borough Park (CD12),Winter 2013-14,2013-12-01,28.27,,2013,12,4,2
212564,375,Nitrogen dioxide (NO2),Mean,ppb,UHF42,305,Upper East Side,Annual Average 2014,2013-12-01,27.62,,2013,12,4,2
213230,375,Nitrogen dioxide (NO2),Mean,ppb,CD,108,Upper East Side (CD8),Winter 2013-14,2013-12-01,33.53,,2013,12,4,2
212959,365,Fine particles (PM 2.5),Mean,mcg/m3,UHF42,502,Stapleton - St. George,Annual Average 2014,2013-12-01,8.34,,2013,12,4,2
212571,375,Nitrogen dioxide (NO2),Mean,ppb,UHF42,402,West Queens,Annual Average 2014,2013-12-01,21.87,,2013,12,4,2
212921,365,Fine particles (PM 2.5),Mean,mcg/m3,UHF42,102,Northeast Bronx,Annual Average 2014,2013-12-01,9.0,,2013,12,4,2
211772,375,Nitrogen dioxide (NO2),Mean,ppb,UHF34,302,Central Harlem - Morningside Heights,Annual Average 2014,2013-12-01,23.86,,2013,12,4,2
211574,375,Nitrogen dioxide (NO2),Mean,ppb,UHF34,405,Ridgewood - Forest Hills,Winter 2013-14,2013-12-01,27.94,,2013,12,4,2
212580,375,Nitrogen dioxide (NO2),Mean,ppb,UHF42,501,Port Richmond,Annual Average 2014,2013-12-01,17.54,,2013,12,4,2
212093,365,Fine particles (PM 2.5),Mean,mcg/m3,UHF34,501502,Northern SI,Annual Average 2014,2013-12-01,8.5,,2013,12,4,2
211769,375,Nitrogen dioxide (NO2),Mean,ppb,UHF34,210,Coney Island - Sheepshead Bay,Annual Average 2014,2013-12-01,17.63,,2013,12,4,2
212702,365,Fine particles (PM 2.5),Mean,mcg/m3,UHF42,407,Southwest Queens,Winter 2013-14,2013-12-01,10.95,,2013,12,4,2
212670,365,Fine particles (PM 2.5),Mean,mcg/m3,UHF42,103,Fordham - Bronx Pk,Winter 2013-14,2013-12-01,12.51,,2013,12,4,2
213603,375,Nitrogen dioxide (NO2),Mean,ppb,CD,303,Bedford Stuyvesant (CD3),Annual Average 2014,2013-12-01,22.24,,2013,12,4,2
212067,365,Fine particles (PM 2.5),Mean,mcg/m3,UHF34,202,Downtown - Heights - Slope,Annual Average 2014,2013-12-01,9.99,,2013,12,4,2
212672,365,Fine particles (PM 2.5),Mean,mcg/m3,UHF42,105,Crotona -Tremont,Winter 2013-14,2013-12-01,13.13,,2013,12,4,2
211758,375,Nitrogen dioxide (NO2),Mean,ppb,UHF34,103,Fordham - Bronx Pk,Annual Average 2014,2013-12-01,19.44,,2013,12,4,2
211780,375,Nitrogen dioxide (NO2),Mean,ppb,UHF34,408,Jamaica,Annual Average 2014,2013-12-01,18.82,,2013,12,4,2
211789,375,Nitrogen dioxide (NO2),Mean,ppb,UHF34,105106107,South Bronx,Annual Average 2014,2013-12-01,21.76,,2013,12,4,2
213765,365,Fine particles (PM 2.5),Mean,mcg/m3,CD,112,Washington Heights and Inwood (CD12),Winter 2013-14,2013-12-01,12.91,,2013,12,4,2
213777,365,Fine particles (PM 2.5),Mean,mcg/m3,CD,212,Williamsbridge and Baychester (CD12),Winter 2013-14,2013-12-01,12.16,,2013,12,4,2
213763,365,Fine particles (PM 2.5),Mean,mcg/m3,CD,110,Central Harlem (CD10),Winter 2013-14,2013-12-01,13.03,,2013,12,4,2
213802,365,Fine particles (PM 2.5),Mean,mcg/m3,CD,407,Flushing and Whitestone (CD7),Winter 2013-14,2013-12-01,11.51,,2013,12,4,2
213243,375,Nitrogen dioxide (NO2),Mean,ppb,CD,209,Parkchester and Soundview (CD9),Winter 2013-14,2013-12-01,26.81,,2013,12,4,2
212304,375,Nitrogen dioxide (NO2),Mean,ppb,UHF42,208,Canarsie - Flatlands,Winter 2013-14,2013-12-01,25.35,,2013,12,4,2
212957,365,Fine particles (PM 2.5),Mean,mcg/m3,UHF42,410,Rockaways,Annual Average 2014,2013-12-01,7.69,,2013,12,4,2
211336,365,Fine particles (PM 2.5),Mean,mcg/m3,Citywide,1,New York City,Winter 2013-14,2013-12-01,11.88,,2013,12,4,2
212937,365,Fine particles (PM 2.5),Mean,mcg/m3,UHF42,211,Williamsburg - Bushwick,Annual Average 2014,2013-12-01,9.84,,2013,12,4,2
214108,365,Fine particles (PM 2.5),Mean,mcg/m3,CD,101,Financial District (CD1),Annual Average 2014,2013-12-01,11.37,,2013,12,4,2
212940,365,Fine particles (PM 2.5),Mean,mcg/m3,UHF42,303,East Harlem,Annual Average 2014,2013-12-01,9.84,,2013,12,4,2
214133,365,Fine particles (PM 2.5),Mean,mcg/m3,CD,302,Fort Greene and Brooklyn Heights (CD2),Annual Average 2014,2013-12-01,10.01,,2013,12,4,2
211880,365,Fine particles (PM 2.5),Mean,mcg/m3,UHF34,405,Ridgewood - Forest Hills,Winter 2013-14,2013-12-01,11.63,,2013,12,4,2
211342,365,Fine particles (PM 2.5),Mean,mcg/m3,Citywide,1,New York City,Annual Average 2014,2013-12-01,8.93,,2013,12,4,2
212941,365,Fine particles (PM 2.5),Mean,mcg/m3,UHF42,304,Upper West Side,Annual Average 2014,2013-12-01,10.42,,2013,12,4,2
213634,375,Nitrogen dioxide (NO2),Mean,ppb,CD,502,South Beach and Willowbrook (CD2),Annual Average 2014,2013-12-01,13.98,,2013,12,4,2
212930,365,Fine particles (PM 2.5),Mean,mcg/m3,UHF42,204,East New York,Annual Average 2014,2013-12-01,9.04,,2013,12,4,2
211333,375,Nitrogen dioxide (NO2),Mean,ppb,Citywide,1,New York City,Annual Average 2014,2013-12-01,18.89,,2013,12,4,2
213256,375,Nitrogen dioxide (NO2),Mean,ppb,CD,310,Bay Ridge and Dyker Heights (CD10),Winter 2013-14,2013-12-01,27.2,,2013,12,4,2
211874,365,Fine particles (PM 2.5),Mean,mcg/m3,UHF34,302,Central Harlem - Morningside Heights,Winter 2013-14,2013-12-01,13.1,,2013,12,4,2
211786,375,Nitrogen dioxide (NO2),Mean,ppb,UHF34,404406,Bayside Little Neck-Fresh Meadows,Annual Average 2014,2013-12-01,18.17,,2013,12,4,2
214165,365,Fine particles (PM 2.5),Mean,mcg/m3,CD,502,South Beach and Willowbrook (CD2),Annual Average 2014,2013-12-01,8.49,,2013,12,4,2
213276,375,Nitrogen dioxide (NO2),Mean,ppb,CD,412,Jamaica and Hollis (CD12),Winter 2013-14,2013-12-01,27.0,,2013,12,4,2
214164,365,Fine particles (PM 2.5),Mean,mcg/m3,CD,501,St. George and Stapleton (CD1),Annual Average 2014,2013-12-01,8.61,,2013,12,4,2
212563,375,Nitrogen dioxide (NO2),Mean,ppb,UHF42,304,Upper West Side,Annual Average 2014,2013-12-01,25.1,,2013,12,4,2
214148,365,Fine particles (PM 2.5),Mean,mcg/m3,CD,317,East Flatbush (CD17),Annual Average 2014,2013-12-01,9.07,,2013,12,4,2
212565,375,Nitrogen dioxide (NO2),Mean,ppb,UHF42,306,Chelsea - Clinton,Annual Average 2014,2013-12-01,31.9,,2013,12,4,2
214149,365,Fine particles (PM 2.5),Mean,mcg/m3,CD,318,Flatlands and Canarsie (CD18),Annual Average 2014,2013-12-01,8.46,,2013,12,4,2
213793,365,Fine particles (PM 2.5),Mean,mcg/m3,CD,316,Brownsville (CD16),Winter 2013-14,2013-12-01,11.91,,2013,12,4,2
212669,365,Fine particles (PM 2.5),Mean,mcg/m3,UHF42,102,Northeast Bronx,Winter 2013-14,2013-12-01,12.2,,2013,12,4,2
213633,375,Nitrogen dioxide (NO2),Mean,ppb,CD,501,St. George and Stapleton (CD1),Annual Average 2014,2013-12-01,17.12,,2013,12,4,2
211767,375,Nitrogen dioxide (NO2),Mean,ppb,UHF34,208,Canarsie - Flatlands,Annual Average 2014,2013-12-01,17.0,,2013,12,4,2
211871,365,Fine particles (PM 2.5),Mean,mcg/m3,UHF34,210,Coney Island - Sheepshead Bay,Winter 2013-14,2013-12-01,11.04,,2013,12,4,2
212091,365,Fine particles (PM 2.5),Mean,mcg/m3,UHF34,309310,Union Square-Lower Manhattan,Annual Average 2014,2013-12-01,10.79,,2013,12,4,2
213604,375,Nitrogen dioxide (NO2),Mean,ppb,CD,304,Bushwick (CD4),Annual Average 2014,2013-12-01,21.2,,2013,12,4,2
211858,365,Fine particles (PM 2.5),Mean,mcg/m3,UHF34,101,Kingsbridge - Riverdale,Winter 2013-14,2013-12-01,12.45,,2013,12,4,2
212934,365,Fine particles (PM 2.5),Mean,mcg/m3,UHF42,208,Canarsie - Flatlands,Annual Average 2014,2013-12-01,8.48,,2013,12,4,2
213590,375,Nitrogen dioxide (NO2),Mean,ppb,CD,202,Hunts Point and Longwood (CD2),Annual Average 2014,2013-12-01,21.02,,2013,12,4,2
214151,365,Fine particles (PM 2.5),Mean,mcg/m3,CD,402,Woodside and Sunnyside (CD2),Annual Average 2014,2013-12-01,10.5,,2013,12,4,2
212314,375,Nitrogen dioxide (NO2),Mean,ppb,UHF42,307,Gramercy Park - Murray Hill,Winter 2013-14,2013-12-01,39.35,,2013,12,4,2
212949,365,Fine particles (PM 2.5),Mean,mcg/m3,UHF42,402,West Queens,Annual Average 2014,2013-12-01,9.47,,2013,12,4,2
212291,375,Nitrogen dioxide (NO2),Mean,ppb,UHF42,102,Northeast Bronx,Winter 2013-14,2013-12-01,24.6,,2013,12,4,2
213787,365,Fine particles (PM 2.5),Mean,mcg/m3,CD,310,Bay Ridge and Dyker Heights (CD10),Winter 2013-14,2013-12-01,11.78,,2013,12,4,2
211785,375,Nitrogen dioxide (NO2),Mean,ppb,UHF34,309310,Union Square-Lower Manhattan,Annual Average 2014,2013-12-01,27.21,,2013,12,4,2
212088,365,Fine particles (PM 2.5),Mean,mcg/m3,UHF34,410,Rockaways,Annual Average 2014,2013-12-01,7.69,,2013,12,4,2
213797,365,Fine particles (PM 2.5),Mean,mcg/m3,CD,402,Woodside and Sunnyside (CD2),Winter 2013-14,2013-12-01,13.5,,2013,12,4,2
212581,375,Nitrogen dioxide (NO2),Mean,ppb,UHF42,502,Stapleton - St. George,Annual Average 2014,2013-12-01,15.53,,2013,12,4,2
212960,365,Fine particles (PM 2.5),Mean,mcg/m3,UHF42,503,Willowbrook,Annual Average 2014,2013-12-01,8.68,,2013,12,4,2
213601,375,Nitrogen dioxide (NO2),Mean,ppb,CD,301,Greenpoint and Williamsburg (CD1),Annual Average 2014,2013-12-01,22.43,,2013,12,4,2
213619,375,Nitrogen dioxide (NO2),Mean,ppb,CD,401,Long Island City and Astoria (CD1),Annual Average 2014,2013-12-01,21.21,,2013,12,4,2
212071,365,Fine particles (PM 2.5),Mean,mcg/m3,UHF34,206,Borough Park,Annual Average 2014,2013-12-01,8.87,,2013,12,4,2
212320,375,Nitrogen dioxide (NO2),Mean,ppb,UHF42,403,Flushing - Clearview,Winter 2013-14,2013-12-01,26.95,,2013,12,4,2
212073,365,Fine particles (PM 2.5),Mean,mcg/m3,UHF34,208,Canarsie - Flatlands,Annual Average 2014,2013-12-01,8.48,,2013,12,4,2
212569,375,Nitrogen dioxide (NO2),Mean,ppb,UHF42,310,Lower Manhattan,Annual Average 2014,2013-12-01,28.87,,2013,12,4,2
212568,375,Nitrogen dioxide (NO2),Mean,ppb,UHF42,309,Union Square - Lower East Side,Annual Average 2014,2013-12-01,26.45,,2013,12,4,2
211575,375,Nitrogen dioxide (NO2),Mean,ppb,UHF34,407,Southwest Queens,Winter 2013-14,2013-12-01,27.42,,2013,12,4,2
213623,375,Nitrogen dioxide (NO2),Mean,ppb,CD,405,Ridgewood and Maspeth (CD5),Annual Average 2014,2013-12-01,20.06,,2013,12,4,2
212938,365,Fine particles (PM 2.5),Mean,mcg/m3,UHF42,301,Washington Heights,Annual Average 2014,2013-12-01,9.49,,2013,12,4,2
211408,365,Fine particles (PM 2.5),Mean,mcg/m3,Borough,4,Queens,Winter 2013-14,2013-12-01,11.23,,2013,12,4,2
214161,365,Fine particles (PM 2.5),Mean,mcg/m3,CD,412,Jamaica and Hollis (CD12),Annual Average 2014,2013-12-01,8.45,,2013,12,4,2
211561,375,Nitrogen dioxide (NO2),Mean,ppb,UHF34,206,Borough Park,Winter 2013-14,2013-12-01,28.12,,2013,12,4,2
212704,365,Fine particles (PM 2.5),Mean,mcg/m3,UHF42,409,Southeast Queens,Winter 2013-14,2013-12-01,10.35,,2013,12,4,2
211782,375,Nitrogen dioxide (NO2),Mean,ppb,UHF34,410,Rockaways,Annual Average 2014,2013-12-01,13.77,,2013,12,4,2
212574,375,Nitrogen dioxide (NO2),Mean,ppb,UHF42,405,Ridgewood - Forest Hills,Annual Average 2014,2013-12-01,20.0,,2013,12,4,2
212315,375,Nitrogen dioxide (NO2),Mean,ppb,UHF42,308,Greenwich Village - SoHo,Winter 2013-14,2013-12-01,33.98,,2013,12,4,2
212547,375,Nitrogen dioxide (NO2),Mean,ppb,UHF42,106,High Bridge - Morrisania,Annual Average 2014,2013-12-01,22.56,,2013,12,4,2
213757,365,Fine particles (PM 2.5),Mean,mcg/m3,CD,104,Clinton and Chelsea (CD4),Winter 2013-14,2013-12-01,14.89,,2013,12,4,2
213759,365,Fine particles (PM 2.5),Mean,mcg/m3,CD,106,Stuyvesant Town and Turtle Bay (CD6),Winter 2013-14,2013-12-01,15.55,,2013,12,4,2
212078,365,Fine particles (PM 2.5),Mean,mcg/m3,UHF34,302,Central Harlem - Morningside Heights,Annual Average 2014,2013-12-01,9.73,,2013,12,4,2
211889,365,Fine particles (PM 2.5),Mean,mcg/m3,UHF34,501502,Northern SI,Winter 2013-14,2013-12-01,11.8,,2013,12,4,2
211869,365,Fine particles (PM 2.5),Mean,mcg/m3,UHF34,208,Canarsie - Flatlands,Winter 2013-14,2013-12-01,11.07,,2013,12,4,2
211867,365,Fine particles (PM 2.5),Mean,mcg/m3,UHF34,206,Borough Park,Winter 2013-14,2013-12-01,11.67,,2013,12,4,2
212668,365,Fine particles (PM 2.5),Mean,mcg/m3,UHF42,101,Kingsbridge - Riverdale,Winter 2013-14,2013-12-01,12.45,,2013,12,4,2
214166,365,Fine particles (PM 2.5),Mean,mcg/m3,CD,503,Tottenville and Great Kills (CD3),Annual Average 2014,2013-12-01,8.22,,2013,12,4,2
213635,375,Nitrogen dioxide (NO2),Mean,ppb,CD,503,Tottenville and Great Kills (CD3),Annual Average 2014,2013-12-01,12.53,,2013,12,4,2
211555,375,Nitrogen dioxide (NO2),Mean,ppb,UHF34,104,Pelham - Throgs Neck,Winter 2013-14,2013-12-01,25.82,,2013,12,4,2
211569,375,Nitrogen dioxide (NO2),Mean,ppb,UHF34,303,East Harlem,Winter 2013-14,2013-12-01,30.2,,2013,12,4,2
212083,365,Fine particles (PM 2.5),Mean,mcg/m3,UHF34,403,Flushing - Clearview,Annual Average 2014,2013-12-01,8.64,,2013,12,4,2
211878,365,Fine particles (PM 2.5),Mean,mcg/m3,UHF34,402,West Queens,Winter 2013-14,2013-12-01,12.41,,2013,12,4,2
211770,375,Nitrogen dioxide (NO2),Mean,ppb,UHF34,211,Williamsburg - Bushwick,Annual Average 2014,2013-12-01,22.2,,2013,12,4,2
212068,365,Fine particles (PM 2.5),Mean,mcg/m3,UHF34,203,Bedford Stuyvesant - Crown Heights,Annual Average 2014,2013-12-01,9.16,,2013,12,4,2
212082,365,Fine particles (PM 2.5),Mean,mcg/m3,UHF34,402,West Queens,Annual Average 2014,2013-12-01,9.47,,2013,12,4,2
212094,365,Fine particles (PM 2.5),Mean,mcg/m3,UHF34,503504,Southern SI,Annual Average 2014,2013-12-01,8.38,,2013,12,4,2
211552,375,Nitrogen dioxide (NO2),Mean,ppb,UHF34,101,Kingsbridge - Riverdale,Winter 2013-14,2013-12-01,22.42,,2013,12,4,2
211577,375,Nitrogen dioxide (NO2),Mean,ppb,UHF34,409,Southeast Queens,Winter 2013-14,2013-12-01,25.34,,2013,12,4,2
214134,365,Fine particles (PM 2.5),Mean,mcg/m3,CD,303,Bedford Stuyvesant (CD3),Annual Average 2014,2013-12-01,9.27,,2013,12,4,2
214117,365,Fine particles (PM 2.5),Mean,mcg/m3,CD,110,Central Harlem (CD10),Annual Average 2014,2013-12-01,9.67,,2013,12,4,2
214120,365,Fine particles (PM 2.5),Mean,mcg/m3,CD,201,Mott Haven and Melrose (CD1),Annual Average 2014,2013-12-01,10.11,,2013,12,4,2
212066,365,Fine particles (PM 2.5),Mean,mcg/m3,UHF34,201,Greenpoint,Annual Average 2014,2013-12-01,10.54,,2013,12,4,2
214109,365,Fine particles (PM 2.5),Mean,mcg/m3,CD,102,Greenwich Village and Soho (CD2),Annual Average 2014,2013-12-01,11.23,,2013,12,4,2
211766,375,Nitrogen dioxide (NO2),Mean,ppb,UHF34,207,East Flatbush - Flatbush,Annual Average 2014,2013-12-01,20.47,,2013,12,4,2
212948,365,Fine particles (PM 2.5),Mean,mcg/m3,UHF42,401,Long Island City - Astoria,Annual Average 2014,2013-12-01,9.98,,2013,12,4,2
211765,375,Nitrogen dioxide (NO2),Mean,ppb,UHF34,206,Borough Park,Annual Average 2014,2013-12-01,20.41,,2013,12,4,2
211783,375,Nitrogen dioxide (NO2),Mean,ppb,UHF34,305307,Upper East Side-Gramercy,Annual Average 2014,2013-12-01,30.96,,2013,12,4,2
214115,365,Fine particles (PM 2.5),Mean,mcg/m3,CD,108,Upper East Side (CD8),Annual Average 2014,2013-12-01,11.18,,2013,12,4,2
213792,365,Fine particles (PM 2.5),Mean,mcg/m3,CD,315,Sheepshead Bay (CD15),Winter 2013-14,2013-12-01,11.02,,2013,12,4,2
213229,375,Nitrogen dioxide (NO2),Mean,ppb,CD,107,Upper West Side (CD7),Winter 2013-14,2013-12-01,31.0,,2013,12,4,2
211566,375,Nitrogen dioxide (NO2),Mean,ppb,UHF34,211,Williamsburg - Bushwick,Winter 2013-14,2013-12-01,29.79,,2013,12,4,2
211393,375,Nitrogen dioxide (NO2),Mean,ppb,Borough,4,Queens,Annual Average 2014,2013-12-01,18.93,,2013,12,4,2
214146,365,Fine particles (PM 2.5),Mean,mcg/m3,CD,315,Sheepshead Bay (CD15),Annual Average 2014,2013-12-01,8.39,,2013,12,4,2
213251,375,Nitrogen dioxide (NO2),Mean,ppb,CD,305,East New York and Starrett City (CD5),Winter 2013-14,2013-12-01,27.51,,2013,12,4,2
213262,375,Nitrogen dioxide (NO2),Mean,ppb,CD,316,Brownsville (CD16),Winter 2013-14,2013-12-01,28.81,,2013,12,4,2
213622,375,Nitrogen dioxide (NO2),Mean,ppb,CD,404,Elmhurst and Corona (CD4),Annual Average 2014,2013-12-01,22.8,,2013,12,4,2
212928,365,Fine particles (PM 2.5),Mean,mcg/m3,UHF42,202,Downtown - Heights - Slope,Annual Average 2014,2013-12-01,9.99,,2013,12,4,2
212706,365,Fine particles (PM 2.5),Mean,mcg/m3,UHF42,501,Port Richmond,Winter 2013-14,2013-12-01,12.27,,2013,12,4,2
212328,375,Nitrogen dioxide (NO2),Mean,ppb,UHF42,501,Port Richmond,Winter 2013-14,2013-12-01,24.53,,2013,12,4,2
214114,365,Fine particles (PM 2.5),Mean,mcg/m3,CD,107,Upper West Side (CD7),Annual Average 2014,2013-12-01,10.42,,2013,12,4,2
214132,365,Fine particles (PM 2.5),Mean,mcg/m3,CD,301,Greenpoint and Williamsburg (CD1),Annual Average 2014,2013-12-01,10.64,,2013,12,4,2
213239,375,Nitrogen dioxide (NO2),Mean,ppb,CD,205,Fordham and University Heights (CD5),Winter 2013-14,2013-12-01,28.44,,2013,12,4,2
211784,375,Nitrogen dioxide (NO2),Mean,ppb,UHF34,306308,Chelsea-Village,Annual Average 2014,2013-12-01,30.59,,2013,12,4,2
213626,375,Nitrogen dioxide (NO2),Mean,ppb,CD,408,Hillcrest and Fresh Meadows (CD8),Annual Average 2014,2013-12-01,18.82,,2013,12,4,2
213584,375,Nitrogen dioxide (NO2),Mean,ppb,CD,108,Upper East Side (CD8),Annual Average 2014,2013-12-01,27.75,,2013,12,4,2
213624,375,Nitrogen dioxide (NO2),Mean,ppb,CD,406,Rego Park and Forest Hills (CD6),Annual Average 2014,2013-12-01,20.88,,2013,12,4,2
212674,365,Fine particles (PM 2.5),Mean,mcg/m3,UHF42,107,Hunts Point - Mott Haven,Winter 2013-14,2013-12-01,11.21,,2013,12,4,2
212062,365,Fine particles (PM 2.5),Mean,mcg/m3,UHF34,101,Kingsbridge - Riverdale,Annual Average 2014,2013-12-01,9.0,,2013,12,4,2
212560,375,Nitrogen dioxide (NO2),Mean,ppb,UHF42,301,Washington Heights,Annual Average 2014,2013-12-01,21.12,,2013,12,4,2
212572,375,Nitrogen dioxide (NO2),Mean,ppb,UHF42,403,Flushing - Clearview,Annual Average 2014,2013-12-01,19.46,,2013,12,4,2
211788,375,Nitrogen dioxide (NO2),Mean,ppb,UHF34,503504,Southern SI,Annual Average 2014,2013-12-01,13.32,,2013,12,4,2
211768,375,Nitrogen dioxide (NO2),Mean,ppb,UHF34,209,Bensonhurst - Bay Ridge,Annual Average 2014,2013-12-01,19.1,,2013,12,4,2
212920,365,Fine particles (PM 2.5),Mean,mcg/m3,UHF42,101,Kingsbridge - Riverdale,Annual Average 2014,2013-12-01,9.0,,2013,12,4,2
213772,365,Fine particles (PM 2.5),Mean,mcg/m3,CD,207,Kingsbridge Heights and Bedford (CD7),Winter 2013-14,2013-12-01,12.83,,2013,12,4,2
211363,375,Nitrogen dioxide (NO2),Mean,ppb,Borough,4,Queens,Winter 2013-14,2013-12-01,26.84,,2013,12,4,2
213260,375,Nitrogen dioxide (NO2),Mean,ppb,CD,314,Flatbush and Midwood (CD14),Winter 2013-14,2013-12-01,27.8,,2013,12,4,2
213791,365,Fine particles (PM 2.5),Mean,mcg/m3,CD,314,Flatbush and Midwood (CD14),Winter 2013-14,2013-12-01,11.62,,2013,12,4,2
212070,365,Fine particles (PM 2.5),Mean,mcg/m3,UHF34,205,Sunset Park,Annual Average 2014,2013-12-01,9.63,,2013,12,4,2
213589,375,Nitrogen dioxide (NO2),Mean,ppb,CD,201,Mott Haven and Melrose (CD1),Annual Average 2014,2013-12-01,22.12,,2013,12,4,2
213238,375,Nitrogen dioxide (NO2),Mean,ppb,CD,204,Highbridge and Concourse (CD4),Winter 2013-14,2013-12-01,28.71,,2013,12,4,2
212696,365,Fine particles (PM 2.5),Mean,mcg/m3,UHF42,401,Long Island City - Astoria,Winter 2013-14,2013-12-01,13.06,,2013,12,4,2
213240,375,Nitrogen dioxide (NO2),Mean,ppb,CD,206,Belmont and East Tremont (CD6),Winter 2013-14,2013-12-01,27.31,,2013,12,4,2
212946,365,Fine particles (PM 2.5),Mean,mcg/m3,UHF42,309,Union Square - Lower East Side,Annual Average 2014,2013-12-01,10.53,,2013,12,4,2
213807,365,Fine particles (PM 2.5),Mean,mcg/m3,CD,412,Jamaica and Hollis (CD12),Winter 2013-14,2013-12-01,10.88,,2013,12,4,2
213790,365,Fine particles (PM 2.5),Mean,mcg/m3,CD,313,Coney Island (CD13),Winter 2013-14,2013-12-01,11.03,,2013,12,4,2
212549,375,Nitrogen dioxide (NO2),Mean,ppb,UHF42,201,Greenpoint,Annual Average 2014,2013-12-01,22.43,,2013,12,4,2
211437,365,Fine particles (PM 2.5),Mean,mcg/m3,Borough,3,Manhattan,Annual Average 2014,2013-12-01,10.85,,2013,12,4,2
213760,365,Fine particles (PM 2.5),Mean,mcg/m3,CD,107,Upper West Side (CD7),Winter 2013-14,2013-12-01,13.77,,2013,12,4,2
212932,365,Fine particles (PM 2.5),Mean,mcg/m3,UHF42,206,Borough Park,Annual Average 2014,2013-12-01,8.87,,2013,12,4,2
211779,375,Nitrogen dioxide (NO2),Mean,ppb,UHF34,407,Southwest Queens,Annual Average 2014,2013-12-01,19.19,,2013,12,4,2
212089,365,Fine particles (PM 2.5),Mean,mcg/m3,UHF34,305307,Upper East Side-Gramercy,Annual Average 2014,2013-12-01,12.13,,2013,12,4,2
212944,365,Fine particles (PM 2.5),Mean,mcg/m3,UHF42,307,Gramercy Park - Murray Hill,Annual Average 2014,2013-12-01,13.23,,2013,12,4,2
213248,375,Nitrogen dioxide (NO2),Mean,ppb,CD,302,Fort Greene and Brooklyn Heights (CD2),Winter 2013-14,2013-12-01,30.49,,2013,12,4,2
213223,375,Nitrogen dioxide (NO2),Mean,ppb,CD,101,Financial District (CD1),Winter 2013-14,2013-12-01,34.54,,2013,12,4,2
212546,375,Nitrogen dioxide (NO2),Mean,ppb,UHF42,105,Crotona -Tremont,Annual Average 2014,2013-12-01,21.87,,2013,12,4,2
213270,375,Nitrogen dioxide (NO2),Mean,ppb,CD,406,Rego Park and Forest Hills (CD6),Winter 2013-14,2013-12-01,28.68,,2013,12,4,2
213259,375,Nitrogen dioxide (NO2),Mean,ppb,CD,313,Coney Island (CD13),Winter 2013-14,2013-12-01,24.86,,2013,12,4,2
212562,375,Nitrogen dioxide (NO2),Mean,ppb,UHF42,303,East Harlem,Annual Average 2014,2013-12-01,23.76,,2013,12,4,2
213594,375,Nitrogen dioxide (NO2),Mean,ppb,CD,206,Belmont and East Tremont (CD6),Annual Average 2014,2013-12-01,21.36,,2013,12,4,2
212952,365,Fine particles (PM 2.5),Mean,mcg/m3,UHF42,405,Ridgewood - Forest Hills,Annual Average 2014,2013-12-01,8.85,,2013,12,4,2
214162,365,Fine particles (PM 2.5),Mean,mcg/m3,CD,413,Queens Village (CD13),Annual Average 2014,2013-12-01,8.03,,2013,12,4,2
213795,365,Fine particles (PM 2.5),Mean,mcg/m3,CD,318,Flatlands and Canarsie (CD18),Winter 2013-14,2013-12-01,11.04,,2013,12,4,2
211760,375,Nitrogen dioxide (NO2),Mean,ppb,UHF34,201,Greenpoint,Annual Average 2014,2013-12-01,22.43,,2013,12,4,2
213615,375,Nitrogen dioxide (NO2),Mean,ppb,CD,315,Sheepshead Bay (CD15),Annual Average 2014,2013-12-01,17.96,,2013,12,4,2
211757,375,Nitrogen dioxide (NO2),Mean,ppb,UHF34,102,Northeast Bronx,Annual Average 2014,2013-12-01,18.97,,2013,12,4,2
212943,365,Fine particles (PM 2.5),Mean,mcg/m3,UHF42,306,Chelsea - Clinton,Annual Average 2014,2013-12-01,12.53,,2013,12,4,2
213250,375,Nitrogen dioxide (NO2),Mean,ppb,CD,304,Bushwick (CD4),Winter 2013-14,2013-12-01,28.97,,2013,12,4,2
214135,365,Fine particles (PM 2.5),Mean,mcg/m3,CD,304,Bushwick (CD4),Annual Average 2014,2013-12-01,9.25,,2013,12,4,2
212090,365,Fine particles (PM 2.5),Mean,mcg/m3,UHF34,306308,Chelsea-Village,Annual Average 2014,2013-12-01,12.08,,2013,12,4,2
211556,375,Nitrogen dioxide (NO2),Mean,ppb,UHF34,201,Greenpoint,Winter 2013-14,2013-12-01,29.9,,2013,12,4,2
211391,375,Nitrogen dioxide (NO2),Mean,ppb,Borough,2,Brooklyn,Annual Average 2014,2013-12-01,19.95,,2013,12,4,2
214110,365,Fine particles (PM 2.5),Mean,mcg/m3,CD,103,Lower East Side and Chinatown (CD3),Annual Average 2014,2013-12-01,10.31,,2013,12,4,2
212567,375,Nitrogen dioxide (NO2),Mean,ppb,UHF42,308,Greenwich Village - SoHo,Annual Average 2014,2013-12-01,27.99,,2013,12,4,2
211553,375,Nitrogen dioxide (NO2),Mean,ppb,UHF34,102,Northeast Bronx,Winter 2013-14,2013-12-01,24.6,,2013,12,4,2
213808,365,Fine particles (PM 2.5),Mean,mcg/m3,CD,413,Queens Village (CD13),Winter 2013-14,2013-12-01,10.35,,2013,12,4,2
212566,375,Nitrogen dioxide (NO2),Mean,ppb,UHF42,307,Gramercy Park - Murray Hill,Annual Average 2014,2013-12-01,34.74,,2013,12,4,2
212556,375,Nitrogen dioxide (NO2),Mean,ppb,UHF42,208,Canarsie - Flatlands,Annual Average 2014,2013-12-01,17.0,,2013,12,4,2
212684,365,Fine particles (PM 2.5),Mean,mcg/m3,UHF42,210,Coney Island - Sheepshead Bay,Winter 2013-14,2013-12-01,11.04,,2013,12,4,2
211868,365,Fine particles (PM 2.5),Mean,mcg/m3,UHF34,207,East Flatbush - Flatbush,Winter 2013-14,2013-12-01,11.7,,2013,12,4,2
212676,365,Fine particles (PM 2.5),Mean,mcg/m3,UHF42,202,Downtown - Heights - Slope,Winter 2013-14,2013-12-01,12.93,,2013,12,4,2
211584,375,Nitrogen dioxide (NO2),Mean,ppb,UHF34,503504,Southern SI,Winter 2013-14,2013-12-01,21.06,,2013,12,4,2
211890,365,Fine particles (PM 2.5),Mean,mcg/m3,UHF34,503504,Southern SI,Winter 2013-14,2013-12-01,11.77,,2013,12,4,2
212543,375,Nitrogen dioxide (NO2),Mean,ppb,UHF42,102,Northeast Bronx,Annual Average 2014,2013-12-01,18.97,,2013,12,4,2
211756,375,Nitrogen dioxide (NO2),Mean,ppb,UHF34,101,Kingsbridge - Riverdale,Annual Average 2014,2013-12-01,17.1,,2013,12,4,2
212925,365,Fine particles (PM 2.5),Mean,mcg/m3,UHF42,106,High Bridge - Morrisania,Annual Average 2014,2013-12-01,9.87,,2013,12,4,2
213616,375,Nitrogen dioxide (NO2),Mean,ppb,CD,316,Brownsville (CD16),Annual Average 2014,2013-12-01,20.91,,2013,12,4,2
213803,365,Fine particles (PM 2.5),Mean,mcg/m3,CD,408,Hillcrest and Fresh Meadows (CD8),Winter 2013-14,2013-12-01,11.06,,2013,12,4,2
212677,365,Fine particles (PM 2.5),Mean,mcg/m3,UHF42,203,Bedford Stuyvesant - Crown Heights,Winter 2013-14,2013-12-01,11.94,,2013,12,4,2
212698,365,Fine particles (PM 2.5),Mean,mcg/m3,UHF42,403,Flushing - Clearview,Winter 2013-14,2013-12-01,11.46,,2013,12,4,2
212708,365,Fine particles (PM 2.5),Mean,mcg/m3,UHF42,503,Willowbrook,Winter 2013-14,2013-12-01,12.13,,2013,12,4,2
212673,365,Fine particles (PM 2.5),Mean,mcg/m3,UHF42,106,High Bridge - Morrisania,Winter 2013-14,2013-12-01,13.2,,2013,12,4,2
211759,375,Nitrogen dioxide (NO2),Mean,ppb,UHF34,104,Pelham - Throgs Neck,Annual Average 2014,2013-12-01,19.26,,2013,12,4,2
212321,375,Nitrogen dioxide (NO2),Mean,ppb,UHF42,404,Bayside - Little Neck,Winter 2013-14,2013-12-01,25.08,,2013,12,4,2
212688,365,Fine particles (PM 2.5),Mean,mcg/m3,UHF42,303,East Harlem,Winter 2013-14,2013-12-01,12.58,,2013,12,4,2
212331,375,Nitrogen dioxide (NO2),Mean,ppb,UHF42,504,South Beach - Tottenville,Winter 2013-14,2013-12-01,20.59,,2013,12,4,2
212690,365,Fine particles (PM 2.5),Mean,mcg/m3,UHF42,305,Upper East Side,Winter 2013-14,2013-12-01,14.39,,2013,12,4,2
211778,375,Nitrogen dioxide (NO2),Mean,ppb,UHF34,405,Ridgewood - Forest Hills,Annual Average 2014,2013-12-01,20.0,,2013,12,4,2
214131,365,Fine particles (PM 2.5),Mean,mcg/m3,CD,212,Williamsbridge and Baychester (CD12),Annual Average 2014,2013-12-01,8.91,,2013,12,4,2
211876,365,Fine particles (PM 2.5),Mean,mcg/m3,UHF34,304,Upper West Side,Winter 2013-14,2013-12-01,13.77,,2013,12,4,2
211781,375,Nitrogen dioxide (NO2),Mean,ppb,UHF34,409,Southeast Queens,Annual Average 2014,2013-12-01,17.28,,2013,12,4,2
211557,375,Nitrogen dioxide (NO2),Mean,ppb,UHF34,202,Downtown - Heights - Slope,Winter 2013-14,2013-12-01,29.89,,2013,12,4,2
212705,365,Fine particles (PM 2.5),Mean,mcg/m3,UHF42,410,Rockaways,Winter 2013-14,2013-12-01,9.87,,2013,12,4,2
212558,375,Nitrogen dioxide (NO2),Mean,ppb,UHF42,210,Coney Island - Sheepshead Bay,Annual Average 2014,2013-12-01,17.63,,2013,12,4,2
211572,375,Nitrogen dioxide (NO2),Mean,ppb,UHF34,402,West Queens,Winter 2013-14,2013-12-01,29.51,,2013,12,4,2
211568,375,Nitrogen dioxide (NO2),Mean,ppb,UHF34,302,Central Harlem - Morningside Heights,Winter 2013-14,2013-12-01,29.87,,2013,12,4,2
213798,365,Fine particles (PM 2.5),Mean,mcg/m3,CD,403,Jackson Heights (CD3),Winter 2013-14,2013-12-01,11.67,,2013,12,4,2
213621,375,Nitrogen dioxide (NO2),Mean,ppb,CD,403,Jackson Heights (CD3),Annual Average 2014,2013-12-01,21.72,,2013,12,4,2
213579,375,Nitrogen dioxide (NO2),Mean,ppb,CD,103,Lower East Side and Chinatown (CD3),Annual Average 2014,2013-12-01,25.72,,2013,12,4,2
213237,375,Nitrogen dioxide (NO2),Mean,ppb,CD,203,Morrisania and Crotona (CD3),Winter 2013-14,2013-12-01,27.77,,2013,12,4,2
211361,375,Nitrogen dioxide (NO2),Mean,ppb,Borough,2,Brooklyn,Winter 2013-14,2013-12-01,27.78,,2013,12,4,2
213597,375,Nitrogen dioxide (NO2),Mean,ppb,CD,209,Parkchester and Soundview (CD9),Annual Average 2014,2013-12-01,20.2,,2013,12,4,2
211877,365,Fine particles (PM 2.5),Mean,mcg/m3,UHF34,401,Long Island City - Astoria,Winter 2013-14,2013-12-01,13.06,,2013,12,4,2
213762,365,Fine particles (PM 2.5),Mean,mcg/m3,CD,109,Morningside Heights and Hamilton Heights (CD9),Winter 2013-14,2013-12-01,13.17,,2013,12,4,2
213585,375,Nitrogen dioxide (NO2),Mean,ppb,CD,109,Morningside Heights and Hamilton Heights (CD9),Annual Average 2014,2013-12-01,23.55,,2013,12,4,2
213806,365,Fine particles (PM 2.5),Mean,mcg/m3,CD,411,Bayside and Little Neck (CD11),Winter 2013-14,2013-12-01,10.87,,2013,12,4,2
214128,365,Fine particles (PM 2.5),Mean,mcg/m3,CD,209,Parkchester and Soundview (CD9),Annual Average 2014,2013-12-01,9.12,,2013,12,4,2
214119,365,Fine particles (PM 2.5),Mean,mcg/m3,CD,112,Washington Heights and Inwood (CD12),Annual Average 2014,2013-12-01,9.46,,2013,12,4,2
213278,375,Nitrogen dioxide (NO2),Mean,ppb,CD,414,Rockaway and Broad Channel (CD14),Winter 2013-14,2013-12-01,22.58,,2013,12,4,2
211762,375,Nitrogen dioxide (NO2),Mean,ppb,UHF34,203,Bedford Stuyvesant - Crown Heights,Annual Average 2014,2013-12-01,21.75,,2013,12,4,2
211881,365,Fine particles (PM 2.5),Mean,mcg/m3,UHF34,407,Southwest Queens,Winter 2013-14,2013-12-01,10.95,,2013,12,4,2
211576,375,Nitrogen dioxide (NO2),Mean,ppb,UHF34,408,Jamaica,Winter 2013-14,2013-12-01,26.89,,2013,12,4,2
214112,365,Fine particles (PM 2.5),Mean,mcg/m3,CD,105,Midtown (CD5),Annual Average 2014,2013-12-01,14.19,,2013,12,4,2
211884,365,Fine particles (PM 2.5),Mean,mcg/m3,UHF34,410,Rockaways,Winter 2013-14,2013-12-01,9.87,,2013,12,4,2
213804,365,Fine particles (PM 2.5),Mean,mcg/m3,CD,409,Kew Gardens and Woodhaven (CD9),Winter 2013-14,2013-12-01,11.28,,2013,12,4,2
212691,365,Fine particles (PM 2.5),Mean,mcg/m3,UHF42,306,Chelsea - Clinton,Winter 2013-14,2013-12-01,15.8,,2013,12,4,2
213771,365,Fine particles (PM 2.5),Mean,mcg/m3,CD,206,Belmont and East Tremont (CD6),Winter 2013-14,2013-12-01,12.85,,2013,12,4,2
212692,365,Fine particles (PM 2.5),Mean,mcg/m3,UHF42,307,Gramercy Park - Murray Hill,Winter 2013-14,2013-12-01,16.44,,2013,12,4,2
213812,365,Fine particles (PM 2.5),Mean,mcg/m3,CD,503,Tottenville and Great Kills (CD3),Winter 2013-14,2013-12-01,11.58,,2013,12,4,2
211776,375,Nitrogen dioxide (NO2),Mean,ppb,UHF34,402,West Queens,Annual Average 2014,2013-12-01,21.87,,2013,12,4,2
213783,365,Fine particles (PM 2.5),Mean,mcg/m3,CD,306,Park Slope and Carroll Gardens (CD6),Winter 2013-14,2013-12-01,12.9,,2013,12,4,2
211761,375,Nitrogen dioxide (NO2),Mean,ppb,UHF34,202,Downtown - Heights - Slope,Annual Average 2014,2013-12-01,22.67,,2013,12,4,2
211886,365,Fine particles (PM 2.5),Mean,mcg/m3,UHF34,306308,Chelsea-Village,Winter 2013-14,2013-12-01,15.31,,2013,12,4,2
213810,365,Fine particles (PM 2.5),Mean,mcg/m3,CD,501,St. George and Stapleton (CD1),Winter 2013-14,2013-12-01,11.97,,2013,12,4,2
213811,365,Fine particles (PM 2.5),Mean,mcg/m3,CD,502,South Beach and Willowbrook (CD2),Winter 2013-14,2013-12-01,11.85,,2013,12,4,2
213805,365,Fine particles (PM 2.5),Mean,mcg/m3,CD,410,South Ozone Park and Howard Beach (CD10),Winter 2013-14,2013-12-01,10.74,,2013,12,4,2
212680,365,Fine particles (PM 2.5),Mean,mcg/m3,UHF42,206,Borough Park,Winter 2013-14,2013-12-01,11.67,,2013,12,4,2
212554,375,Nitrogen dioxide (NO2),Mean,ppb,UHF42,206,Borough Park,Annual Average 2014,2013-12-01,20.41,,2013,12,4,2
211392,375,Nitrogen dioxide (NO2),Mean,ppb,Borough,3,Manhattan,Annual Average 2014,2013-12-01,26.7,,2013,12,4,2
213602,375,Nitrogen dioxide (NO2),Mean,ppb,CD,302,Fort Greene and Brooklyn Heights (CD2),Annual Average 2014,2013-12-01,23.39,,2013,12,4,2
212694,365,Fine particles (PM 2.5),Mean,mcg/m3,UHF42,309,Union Square - Lower East Side,Winter 2013-14,2013-12-01,13.62,,2013,12,4,2
212695,365,Fine particles (PM 2.5),Mean,mcg/m3,UHF42,310,Lower Manhattan,Winter 2013-14,2013-12-01,14.49,,2013,12,4,2
212923,365,Fine particles (PM 2.5),Mean,mcg/m3,UHF42,104,Pelham - Throgs Neck,Annual Average 2014,2013-12-01,8.97,,2013,12,4,2
211585,375,Nitrogen dioxide (NO2),Mean,ppb,UHF34,105106107,South Bronx,Winter 2013-14,2013-12-01,28.11,,2013,12,4,2
211563,375,Nitrogen dioxide (NO2),Mean,ppb,UHF34,208,Canarsie - Flatlands,Winter 2013-14,2013-12-01,25.35,,2013,12,4,2
211439,365,Fine particles (PM 2.5),Mean,mcg/m3,Borough,5,Staten Island,Annual Average 2014,2013-12-01,8.41,,2013,12,4,2
213272,375,Nitrogen dioxide (NO2),Mean,ppb,CD,408,Hillcrest and Fresh Meadows (CD8),Winter 2013-14,2013-12-01,26.71,,2013,12,4,2
212330,375,Nitrogen dioxide (NO2),Mean,ppb,UHF42,503,Willowbrook,Winter 2013-14,2013-12-01,21.86,,2013,12,4,2
211764,375,Nitrogen dioxide (NO2),Mean,ppb,UHF34,205,Sunset Park,Annual Average 2014,2013-12-01,20.23,,2013,12,4,2
213578,375,Nitrogen dioxide (NO2),Mean,ppb,CD,102,Greenwich Village and Soho (CD2),Annual Average 2014,2013-12-01,28.08,,2013,12,4,2
213620,375,Nitrogen dioxide (NO2),Mean,ppb,CD,402,Woodside and Sunnyside (CD2),Annual Average 2014,2013-12-01,21.94,,2013,12,4,2
213801,365,Fine particles (PM 2.5),Mean,mcg/m3,CD,406,Rego Park and Forest Hills (CD6),Winter 2013-14,2013-12-01,11.73,,2013,12,4,2
212559,375,Nitrogen dioxide (NO2),Mean,ppb,UHF42,211,Williamsburg - Bushwick,Annual Average 2014,2013-12-01,22.2,,2013,12,4,2
213273,375,Nitrogen dioxide (NO2),Mean,ppb,CD,409,Kew Gardens and Woodhaven (CD9),Winter 2013-14,2013-12-01,28.18,,2013,12,4,2
212548,375,Nitrogen dioxide (NO2),Mean,ppb,UHF42,107,Hunts Point - Mott Haven,Annual Average 2014,2013-12-01,21.14,,2013,12,4,2
212552,375,Nitrogen dioxide (NO2),Mean,ppb,UHF42,204,East New York,Annual Average 2014,2013-12-01,19.75,,2013,12,4,2
213767,365,Fine particles (PM 2.5),Mean,mcg/m3,CD,202,Hunts Point and Longwood (CD2),Winter 2013-14,2013-12-01,13.15,,2013,12,4,2
212294,375,Nitrogen dioxide (NO2),Mean,ppb,UHF42,105,Crotona -Tremont,Winter 2013-14,2013-12-01,27.83,,2013,12,4,2
212671,365,Fine particles (PM 2.5),Mean,mcg/m3,UHF42,104,Pelham - Throgs Neck,Winter 2013-14,2013-12-01,12.05,,2013,12,4,2
212319,375,Nitrogen dioxide (NO2),Mean,ppb,UHF42,402,West Queens,Winter 2013-14,2013-12-01,29.51,,2013,12,4,2
211861,365,Fine particles (PM 2.5),Mean,mcg/m3,UHF34,104,Pelham - Throgs Neck,Winter 2013-14,2013-12-01,12.05,,2013,12,4,2
212707,365,Fine particles (PM 2.5),Mean,mcg/m3,UHF42,502,Stapleton - St. George,Winter 2013-14,2013-12-01,11.55,,2013,12,4,2
212697,365,Fine particles (PM 2.5),Mean,mcg/m3,UHF42,402,West Queens,Winter 2013-14,2013-12-01,12.41,,2013,12,4,2
212700,365,Fine particles (PM 2.5),Mean,mcg/m3,UHF42,405,Ridgewood - Forest Hills,Winter 2013-14,2013-12-01,11.63,,2013,12,4,2
213770,365,Fine particles (PM 2.5),Mean,mcg/m3,CD,205,Fordham and University Heights (CD5),Winter 2013-14,2013-12-01,13.44,,2013,12,4,2
212292,375,Nitrogen dioxide (NO2),Mean,ppb,UHF42,103,Fordham - Bronx Pk,Winter 2013-14,2013-12-01,24.97,,2013,12,4,2
213778,365,Fine particles (PM 2.5),Mean,mcg/m3,CD,301,Greenpoint and Williamsburg (CD1),Winter 2013-14,2013-12-01,13.59,,2013,12,4,2
213580,375,Nitrogen dioxide (NO2),Mean,ppb,CD,104,Clinton and Chelsea (CD4),Annual Average 2014,2013-12-01,29.23,,2013,12,4,2
213269,375,Nitrogen dioxide (NO2),Mean,ppb,CD,405,Ridgewood and Maspeth (CD5),Winter 2013-14,2013-12-01,28.03,,2013,12,4,2
212936,365,Fine particles (PM 2.5),Mean,mcg/m3,UHF42,210,Coney Island - Sheepshead Bay,Annual Average 2014,2013-12-01,8.37,,2013,12,4,2
212323,375,Nitrogen dioxide (NO2),Mean,ppb,UHF42,406,Fresh Meadows,Winter 2013-14,2013-12-01,27.13,,2013,12,4,2
212311,375,Nitrogen dioxide (NO2),Mean,ppb,UHF42,304,Upper West Side,Winter 2013-14,2013-12-01,30.99,,2013,12,4,2
212317,375,Nitrogen dioxide (NO2),Mean,ppb,UHF42,310,Lower Manhattan,Winter 2013-14,2013-12-01,34.47,,2013,12,4,2
211390,375,Nitrogen dioxide (NO2),Mean,ppb,Borough,1,Bronx,Annual Average 2014,2013-12-01,19.8,,2013,12,4,2
212701,365,Fine particles (PM 2.5),Mean,mcg/m3,UHF42,406,Fresh Meadows,Winter 2013-14,2013-12-01,11.1,,2013,12,4,2
211875,365,Fine particles (PM 2.5),Mean,mcg/m3,UHF34,303,East Harlem,Winter 2013-14,2013-12-01,13.12,,2013,12,4,2
212947,365,Fine particles (PM 2.5),Mean,mcg/m3,UHF42,310,Lower Manhattan,Annual Average 2014,2013-12-01,11.36,,2013,12,4,2
211865,365,Fine particles (PM 2.5),Mean,mcg/m3,UHF34,204,East New York,Winter 2013-14,2013-12-01,11.69,,2013,12,4,2
212687,365,Fine particles (PM 2.5),Mean,mcg/m3,UHF42,302,Central Harlem - Morningside Heights,Winter 2013-14,2013-12-01,13.1,,2013,12,4,2
212316,375,Nitrogen dioxide (NO2),Mean,ppb,UHF42,309,Union Square - Lower East Side,Winter 2013-14,2013-12-01,32.79,,2013,12,4,2
211554,375,Nitrogen dioxide (NO2),Mean,ppb,UHF34,103,Fordham - Bronx Pk,Winter 2013-14,2013-12-01,24.97,,2013,12,4,2
212582,375,Nitrogen dioxide (NO2),Mean,ppb,UHF42,503,Willowbrook,Annual Average 2014,2013-12-01,14.56,,2013,12,4,2
211559,375,Nitrogen dioxide (NO2),Mean,ppb,UHF34,204,East New York,Winter 2013-14,2013-12-01,27.88,,2013,12,4,2
213618,375,Nitrogen dioxide (NO2),Mean,ppb,CD,318,Flatlands and Canarsie (CD18),Annual Average 2014,2013-12-01,17.08,,2013,12,4,2
212309,375,Nitrogen dioxide (NO2),Mean,ppb,UHF42,302,Central Harlem - Morningside Heights,Winter 2013-14,2013-12-01,29.87,,2013,12,4,2
211570,375,Nitrogen dioxide (NO2),Mean,ppb,UHF34,304,Upper West Side,Winter 2013-14,2013-12-01,30.99,,2013,12,4,2
213764,365,Fine particles (PM 2.5),Mean,mcg/m3,CD,111,East Harlem (CD11),Winter 2013-14,2013-12-01,13.11,,2013,12,4,2
211327,375,Nitrogen dioxide (NO2),Mean,ppb,Citywide,1,New York City,Winter 2013-14,2013-12-01,26.31,,2013,12,4,2
214124,365,Fine particles (PM 2.5),Mean,mcg/m3,CD,205,Fordham and University Heights (CD5),Annual Average 2014,2013-12-01,10.07,,2013,12,4,2
213581,375,Nitrogen dioxide (NO2),Mean,ppb,CD,105,Midtown (CD5),Annual Average 2014,2013-12-01,37.06,,2013,12,4,2
213773,365,Fine particles (PM 2.5),Mean,mcg/m3,CD,208,Riverdale and Fieldston (CD8),Winter 2013-14,2013-12-01,12.44,,2013,12,4,2
211777,375,Nitrogen dioxide (NO2),Mean,ppb,UHF34,403,Flushing - Clearview,Annual Average 2014,2013-12-01,19.45,,2013,12,4,2
214152,365,Fine particles (PM 2.5),Mean,mcg/m3,CD,403,Jackson Heights (CD3),Annual Average 2014,2013-12-01,8.7,,2013,12,4,2
211774,375,Nitrogen dioxide (NO2),Mean,ppb,UHF34,304,Upper West Side,Annual Average 2014,2013-12-01,25.1,,2013,12,4,2
211771,375,Nitrogen dioxide (NO2),Mean,ppb,UHF34,301,Washington Heights,Annual Average 2014,2013-12-01,21.12,,2013,12,4,2
212296,375,Nitrogen dioxide (NO2),Mean,ppb,UHF42,107,Hunts Point - Mott Haven,Winter 2013-14,2013-12-01,27.93,,2013,12,4,2
212307,375,Nitrogen dioxide (NO2),Mean,ppb,UHF42,211,Williamsburg - Bushwick,Winter 2013-14,2013-12-01,29.79,,2013,12,4,2
213776,365,Fine particles (PM 2.5),Mean,mcg/m3,CD,211,Morris Park and Bronxdale (CD11),Winter 2013-14,2013-12-01,12.1,,2013,12,4,2
213277,375,Nitrogen dioxide (NO2),Mean,ppb,CD,413,Queens Village (CD13),Winter 2013-14,2013-12-01,25.41,,2013,12,4,2
212095,365,Fine particles (PM 2.5),Mean,mcg/m3,UHF34,105106107,South Bronx,Annual Average 2014,2013-12-01,9.8,,2013,12,4,2
212327,375,Nitrogen dioxide (NO2),Mean,ppb,UHF42,410,Rockaways,Winter 2013-14,2013-12-01,22.68,,2013,12,4,2
211571,375,Nitrogen dioxide (NO2),Mean,ppb,UHF34,401,Long Island City - Astoria,Winter 2013-14,2013-12-01,29.39,,2013,12,4,2
213609,375,Nitrogen dioxide (NO2),Mean,ppb,CD,309,South Crown Heights and Lefferts Gardens (CD9),Annual Average 2014,2013-12-01,21.66,,2013,12,4,2
212927,365,Fine particles (PM 2.5),Mean,mcg/m3,UHF42,201,Greenpoint,Annual Average 2014,2013-12-01,10.54,,2013,12,4,2
212326,375,Nitrogen dioxide (NO2),Mean,ppb,UHF42,409,Southeast Queens,Winter 2013-14,2013-12-01,25.34,,2013,12,4,2
213261,375,Nitrogen dioxide (NO2),Mean,ppb,CD,315,Sheepshead Bay (CD15),Winter 2013-14,2013-12-01,26.24,,2013,12,4,2
212303,375,Nitrogen dioxide (NO2),Mean,ppb,UHF42,207,East Flatbush - Flatbush,Winter 2013-14,2013-12-01,28.3,,2013,12,4,2
211872,365,Fine particles (PM 2.5),Mean,mcg/m3,UHF34,211,Williamsburg - Bushwick,Winter 2013-14,2013-12-01,12.69,,2013,12,4,2
213768,365,Fine particles (PM 2.5),Mean,mcg/m3,CD,203,Morrisania and Crotona (CD3),Winter 2013-14,2013-12-01,12.77,,2013,12,4,2
213611,375,Nitrogen dioxide (NO2),Mean,ppb,CD,311,Bensonhurst (CD11),Annual Average 2014,2013-12-01,19.68,,2013,12,4,2
212682,365,Fine particles (PM 2.5),Mean,mcg/m3,UHF42,208,Canarsie - Flatlands,Winter 2013-14,2013-12-01,11.07,,2013,12,4,2
212693,365,Fine particles (PM 2.5),Mean,mcg/m3,UHF42,308,Greenwich Village - SoHo,Winter 2013-14,2013-12-01,14.33,,2013,12,4,2
211862,365,Fine particles (PM 2.5),Mean,mcg/m3,UHF34,201,Greenpoint,Winter 2013-14,2013-12-01,13.51,,2013,12,4,2
213596,375,Nitrogen dioxide (NO2),Mean,ppb,CD,208,Riverdale and Fieldston (CD8),Annual Average 2014,2013-12-01,17.14,,2013,12,4,2
211406,365,Fine particles (PM 2.5),Mean,mcg/m3,Borough,2,Brooklyn,Winter 2013-14,2013-12-01,11.86,,2013,12,4,2
214159,365,Fine particles (PM 2.5),Mean,mcg/m3,CD,410,South Ozone Park and Howard Beach (CD10),Annual Average 2014,2013-12-01,8.22,,2013,12,4,2
212545,375,Nitrogen dioxide (NO2),Mean,ppb,UHF42,104,Pelham - Throgs Neck,Annual Average 2014,2013-12-01,19.26,,2013,12,4,2
214143,365,Fine particles (PM 2.5),Mean,mcg/m3,CD,312,Borough Park (CD12),Annual Average 2014,2013-12-01,8.89,,2013,12,4,2
213780,365,Fine particles (PM 2.5),Mean,mcg/m3,CD,303,Bedford Stuyvesant (CD3),Winter 2013-14,2013-12-01,12.1,,2013,12,4,2
212575,375,Nitrogen dioxide (NO2),Mean,ppb,UHF42,406,Fresh Meadows,Annual Average 2014,2013-12-01,19.26,,2013,12,4,2
214141,365,Fine particles (PM 2.5),Mean,mcg/m3,CD,310,Bay Ridge and Dyker Heights (CD10),Annual Average 2014,2013-12-01,8.83,,2013,12,4,2
213794,365,Fine particles (PM 2.5),Mean,mcg/m3,CD,317,East Flatbush (CD17),Winter 2013-14,2013-12-01,11.77,,2013,12,4,2
212939,365,Fine particles (PM 2.5),Mean,mcg/m3,UHF42,302,Central Harlem - Morningside Heights,Annual Average 2014,2013-12-01,9.73,,2013,12,4,2
212679,365,Fine particles (PM 2.5),Mean,mcg/m3,UHF42,205,Sunset Park,Winter 2013-14,2013-12-01,12.57,,2013,12,4,2
212953,365,Fine particles (PM 2.5),Mean,mcg/m3,UHF42,406,Fresh Meadows,Annual Average 2014,2013-12-01,8.43,,2013,12,4,2
212709,365,Fine particles (PM 2.5),Mean,mcg/m3,UHF42,504,South Beach - Tottenville,Winter 2013-14,2013-12-01,11.55,,2013,12,4,2
214123,365,Fine particles (PM 2.5),Mean,mcg/m3,CD,204,Highbridge and Concourse (CD4),Annual Average 2014,2013-12-01,9.99,,2013,12,4,2
214126,365,Fine particles (PM 2.5),Mean,mcg/m3,CD,207,Kingsbridge Heights and Bedford (CD7),Annual Average 2014,2013-12-01,9.48,,2013,12,4,2
213587,375,Nitrogen dioxide (NO2),Mean,ppb,CD,111,East Harlem (CD11),Annual Average 2014,2013-12-01,23.65,,2013,12,4,2
212293,375,Nitrogen dioxide (NO2),Mean,ppb,UHF42,104,Pelham - Throgs Neck,Winter 2013-14,2013-12-01,25.82,,2013,12,4,2
213632,375,Nitrogen dioxide (NO2),Mean,ppb,CD,414,Rockaway and Broad Channel (CD14),Annual Average 2014,2013-12-01,13.66,,2013,12,4,2
214118,365,Fine particles (PM 2.5),Mean,mcg/m3,CD,111,East Harlem (CD11),Annual Average 2014,2013-12-01,9.82,,2013,12,4,2
213775,365,Fine particles (PM 2.5),Mean,mcg/m3,CD,210,Throgs Neck and Co-op City (CD10),Winter 2013-14,2013-12-01,11.95,,2013,12,4,2
211870,365,Fine particles (PM 2.5),Mean,mcg/m3,UHF34,209,Bensonhurst - Bay Ridge,Winter 2013-14,2013-12-01,11.51,,2013,12,4,2
214154,365,Fine particles (PM 2.5),Mean,mcg/m3,CD,405,Ridgewood and Maspeth (CD5),Annual Average 2014,2013-12-01,9.16,,2013,12,4,2
213241,375,Nitrogen dioxide (NO2),Mean,ppb,CD,207,Kingsbridge Heights and Bedford (CD7),Winter 2013-14,2013-12-01,26.19,,2013,12,4,2
212686,365,Fine particles (PM 2.5),Mean,mcg/m3,UHF42,301,Washington Heights,Winter 2013-14,2013-12-01,12.75,,2013,12,4,2
213600,375,Nitrogen dioxide (NO2),Mean,ppb,CD,212,Williamsbridge and Baychester (CD12),Annual Average 2014,2013-12-01,18.34,,2013,12,4,2
213586,375,Nitrogen dioxide (NO2),Mean,ppb,CD,110,Central Harlem (CD10),Annual Average 2014,2013-12-01,23.97,,2013,12,4,2
213755,365,Fine particles (PM 2.5),Mean,mcg/m3,CD,102,Greenwich Village and Soho (CD2),Winter 2013-14,2013-12-01,14.41,,2013,12,4,2
213591,375,Nitrogen dioxide (NO2),Mean,ppb,CD,203,Morrisania and Crotona (CD3),Annual Average 2014,2013-12-01,21.57,,2013,12,4,2
213799,365,Fine particles (PM 2.5),Mean,mcg/m3,CD,404,Elmhurst and Corona (CD4),Winter 2013-14,2013-12-01,12.04,,2013,12,4,2
212681,365,Fine particles (PM 2.5),Mean,mcg/m3,UHF42,207,East Flatbush - Flatbush,Winter 2013-14,2013-12-01,11.7,,2013,12,4,2
213766,365,Fine particles (PM 2.5),Mean,mcg/m3,CD,201,Mott Haven and Melrose (CD1),Winter 2013-14,2013-12-01,13.38,,2013,12,4,2
212956,365,Fine particles (PM 2.5),Mean,mcg/m3,UHF42,409,Southeast Queens,Annual Average 2014,2013-12-01,8.02,,2013,12,4,2
213266,375,Nitrogen dioxide (NO2),Mean,ppb,CD,402,Woodside and Sunnyside (CD2),Winter 2013-14,2013-12-01,29.49,,2013,12,4,2
212322,375,Nitrogen dioxide (NO2),Mean,ppb,UHF42,405,Ridgewood - Forest Hills,Winter 2013-14,2013-12-01,27.94,,2013,12,4,2
214163,365,Fine particles (PM 2.5),Mean,mcg/m3,CD,414,Rockaway and Broad Channel (CD14),Annual Average 2014,2013-12-01,7.69,,2013,12,4,2
212329,375,Nitrogen dioxide (NO2),Mean,ppb,UHF42,502,Stapleton - St. George,Winter 2013-14,2013-12-01,23.01,,2013,12,4,2
211405,365,Fine particles (PM 2.5),Mean,mcg/m3,Borough,1,Bronx,Winter 2013-14,2013-12-01,12.5,,2013,12,4,2
212950,365,Fine particles (PM 2.5),Mean,mcg/m3,UHF42,403,Flushing - Clearview,Annual Average 2014,2013-12-01,8.65,,2013,12,4,2
213598,375,Nitrogen dioxide (NO2),Mean,ppb,CD,210,Throgs Neck and Co-op City (CD10),Annual Average 2014,2013-12-01,18.54,,2013,12,4,2
213236,375,Nitrogen dioxide (NO2),Mean,ppb,CD,202,Hunts Point and Longwood (CD2),Winter 2013-14,2013-12-01,27.8,,2013,12,4,2
213279,375,Nitrogen dioxide (NO2),Mean,ppb,CD,501,St. George and Stapleton (CD1),Winter 2013-14,2013-12-01,24.27,,2013,12,4,2
214157,365,Fine particles (PM 2.5),Mean,mcg/m3,CD,408,Hillcrest and Fresh Meadows (CD8),Annual Average 2014,2013-12-01,8.44,,2013,12,4,2
212072,365,Fine particles (PM 2.5),Mean,mcg/m3,UHF34,207,East Flatbush - Flatbush,Annual Average 2014,2013-12-01,8.97,,2013,12,4,2
212922,365,Fine particles (PM 2.5),Mean,mcg/m3,UHF42,103,Fordham - Bronx Pk,Annual Average 2014,2013-12-01,9.19,,2013,12,4,2
213782,365,Fine particles (PM 2.5),Mean,mcg/m3,CD,305,East New York and Starrett City (CD5),Winter 2013-14,2013-12-01,11.62,,2013,12,4,2
211581,375,Nitrogen dioxide (NO2),Mean,ppb,UHF34,309310,Union Square-Lower Manhattan,Winter 2013-14,2013-12-01,33.32,,2013,12,4,2
211583,375,Nitrogen dioxide (NO2),Mean,ppb,UHF34,501502,Northern SI,Winter 2013-14,2013-12-01,23.54,,2013,12,4,2
212086,365,Fine particles (PM 2.5),Mean,mcg/m3,UHF34,408,Jamaica,Annual Average 2014,2013-12-01,8.46,,2013,12,4,2
212935,365,Fine particles (PM 2.5),Mean,mcg/m3,UHF42,209,Bensonhurst - Bay Ridge,Annual Average 2014,2013-12-01,8.62,,2013,12,4,2
212087,365,Fine particles (PM 2.5),Mean,mcg/m3,UHF34,409,Southeast Queens,Annual Average 2014,2013-12-01,8.02,,2013,12,4,2
211582,375,Nitrogen dioxide (NO2),Mean,ppb,UHF34,404406,Bayside Little Neck-Fresh Meadows,Winter 2013-14,2013-12-01,25.9,,2013,12,4,2
211787,375,Nitrogen dioxide (NO2),Mean,ppb,UHF34,501502,Northern SI,Annual Average 2014,2013-12-01,16.23,,2013,12,4,2
213789,365,Fine particles (PM 2.5),Mean,mcg/m3,CD,312,Borough Park (CD12),Winter 2013-14,2013-12-01,11.71,,2013,12,4,2
213761,365,Fine particles (PM 2.5),Mean,mcg/m3,CD,108,Upper East Side (CD8),Winter 2013-14,2013-12-01,14.42,,2013,12,4,2
213577,375,Nitrogen dioxide (NO2),Mean,ppb,CD,101,Financial District (CD1),Annual Average 2014,2013-12-01,28.91,,2013,12,4,2
213628,375,Nitrogen dioxide (NO2),Mean,ppb,CD,410,South Ozone Park and Howard Beach (CD10),Annual Average 2014,2013-12-01,18.6,,2013,12,4,2
213630,375,Nitrogen dioxide (NO2),Mean,ppb,CD,412,Jamaica and Hollis (CD12),Annual Average 2014,2013-12-01,18.89,,2013,12,4,2
212929,365,Fine particles (PM 2.5),Mean,mcg/m3,UHF42,203,Bedford Stuyvesant - Crown Heights,Annual Average 2014,2013-12-01,9.16,,2013,12,4,2
212290,375,Nitrogen dioxide (NO2),Mean,ppb,UHF42,101,Kingsbridge - Riverdale,Winter 2013-14,2013-12-01,22.42,,2013,12,4,2
212551,375,Nitrogen dioxide (NO2),Mean,ppb,UHF42,203,Bedford Stuyvesant - Crown Heights,Annual Average 2014,2013-12-01,21.75,,2013,12,4,2
213592,375,Nitrogen dioxide (NO2),Mean,ppb,CD,204,Highbridge and Concourse (CD4),Annual Average 2014,2013-12-01,22.7,,2013,12,4,2
211887,365,Fine particles (PM 2.5),Mean,mcg/m3,UHF34,309310,Union Square-Lower Manhattan,Winter 2013-14,2013-12-01,13.89,,2013,12,4,2
213268,375,Nitrogen dioxide (NO2),Mean,ppb,CD,404,Elmhurst and Corona (CD4),Winter 2013-14,2013-12-01,30.41,,2013,12,4,2
214147,365,Fine particles (PM 2.5),Mean,mcg/m3,CD,316,Brownsville (CD16),Annual Average 2014,2013-12-01,9.21,,2013,12,4,2
212542,375,Nitrogen dioxide (NO2),Mean,ppb,UHF42,101,Kingsbridge - Riverdale,Annual Average 2014,2013-12-01,17.1,,2013,12,4,2
211891,365,Fine particles (PM 2.5),Mean,mcg/m3,UHF34,105106107,South Bronx,Winter 2013-14,2013-12-01,13.08,,2013,12,4,2
212550,375,Nitrogen dioxide (NO2),Mean,ppb,UHF42,202,Downtown - Heights - Slope,Annual Average 2014,2013-12-01,22.67,,2013,12,4,2
214155,365,Fine particles (PM 2.5),Mean,mcg/m3,CD,406,Rego Park and Forest Hills (CD6),Annual Average 2014,2013-12-01,8.95,,2013,12,4,2
213224,375,Nitrogen dioxide (NO2),Mean,ppb,CD,102,Greenwich Village and Soho (CD2),Winter 2013-14,2013-12-01,34.03,,2013,12,4,2
212703,365,Fine particles (PM 2.5),Mean,mcg/m3,UHF42,408,Jamaica,Winter 2013-14,2013-12-01,10.93,,2013,12,4,2
213235,375,Nitrogen dioxide (NO2),Mean,ppb,CD,201,Mott Haven and Melrose (CD1),Winter 2013-14,2013-12-01,28.73,,2013,12,4,2
214122,365,Fine particles (PM 2.5),Mean,mcg/m3,CD,203,Morrisania and Crotona (CD3),Annual Average 2014,2013-12-01,9.49,,2013,12,4,2
213631,375,Nitrogen dioxide (NO2),Mean,ppb,CD,413,Queens Village (CD13),Annual Average 2014,2013-12-01,17.34,,2013,12,4,2
214125,365,Fine particles (PM 2.5),Mean,mcg/m3,CD,206,Belmont and East Tremont (CD6),Annual Average 2014,2013-12-01,9.56,,2013,12,4,2
212544,375,Nitrogen dioxide (NO2),Mean,ppb,UHF42,103,Fordham - Bronx Pk,Annual Average 2014,2013-12-01,19.44,,2013,12,4,2
212553,375,Nitrogen dioxide (NO2),Mean,ppb,UHF42,205,Sunset Park,Annual Average 2014,2013-12-01,20.23,,2013,12,4,2
214116,365,Fine particles (PM 2.5),Mean,mcg/m3,CD,109,Morningside Heights and Hamilton Heights (CD9),Annual Average 2014,2013-12-01,9.77,,2013,12,4,2
213588,375,Nitrogen dioxide (NO2),Mean,ppb,CD,112,Washington Heights and Inwood (CD12),Annual Average 2014,2013-12-01,20.6,,2013,12,4,2
213280,375,Nitrogen dioxide (NO2),Mean,ppb,CD,502,South Beach and Willowbrook (CD2),Winter 2013-14,2013-12-01,21.46,,2013,12,4,2
213249,375,Nitrogen dioxide (NO2),Mean,ppb,CD,303,Bedford Stuyvesant (CD3),Winter 2013-14,2013-12-01,29.76,,2013,12,4,2
213264,375,Nitrogen dioxide (NO2),Mean,ppb,CD,318,Flatlands and Canarsie (CD18),Winter 2013-14,2013-12-01,25.43,,2013,12,4,2
213582,375,Nitrogen dioxide (NO2),Mean,ppb,CD,106,Stuyvesant Town and Turtle Bay (CD6),Annual Average 2014,2013-12-01,32.2,,2013,12,4,2
213606,375,Nitrogen dioxide (NO2),Mean,ppb,CD,306,Park Slope and Carroll Gardens (CD6),Annual Average 2014,2013-12-01,22.01,,2013,12,4,2
211567,375,Nitrogen dioxide (NO2),Mean,ppb,UHF34,301,Washington Heights,Winter 2013-14,2013-12-01,26.86,,2013,12,4,2
211565,375,Nitrogen dioxide (NO2),Mean,ppb,UHF34,210,Coney Island - Sheepshead Bay,Winter 2013-14,2013-12-01,25.9,,2013,12,4,2
212933,365,Fine particles (PM 2.5),Mean,mcg/m3,UHF42,207,East Flatbush - Flatbush,Annual Average 2014,2013-12-01,8.97,,2013,12,4,2
214137,365,Fine particles (PM 2.5),Mean,mcg/m3,CD,306,Park Slope and Carroll Gardens (CD6),Annual Average 2014,2013-12-01,9.95,,2013,12,4,2
213247,375,Nitrogen dioxide (NO2),Mean,ppb,CD,301,Greenpoint and Williamsburg (CD1),Winter 2013-14,2013-12-01,29.92,,2013,12,4,2
213265,375,Nitrogen dioxide (NO2),Mean,ppb,CD,401,Long Island City and Astoria (CD1),Winter 2013-14,2013-12-01,28.53,,2013,12,4,2
212063,365,Fine particles (PM 2.5),Mean,mcg/m3,UHF34,102,Northeast Bronx,Annual Average 2014,2013-12-01,9.0,,2013,12,4,2
211573,375,Nitrogen dioxide (NO2),Mean,ppb,UHF34,403,Flushing - Clearview,Winter 2013-14,2013-12-01,26.95,,2013,12,4,2
213610,375,Nitrogen dioxide (NO2),Mean,ppb,CD,310,Bay Ridge and Dyker Heights (CD10),Annual Average 2014,2013-12-01,19.63,,2013,12,4,2
213612,375,Nitrogen dioxide (NO2),Mean,ppb,CD,312,Borough Park (CD12),Annual Average 2014,2013-12-01,20.62,,2013,12,4,2
214150,365,Fine particles (PM 2.5),Mean,mcg/m3,CD,401,Long Island City and Astoria (CD1),Annual Average 2014,2013-12-01,9.2,,2013,12,4,2
211578,375,Nitrogen dioxide (NO2),Mean,ppb,UHF34,410,Rockaways,Winter 2013-14,2013-12-01,22.68,,2013,12,4,2
213779,365,Fine particles (PM 2.5),Mean,mcg/m3,CD,302,Fort Greene and Brooklyn Heights (CD2),Winter 2013-14,2013-12-01,12.96,,2013,12,4,2
211863,365,Fine particles (PM 2.5),Mean,mcg/m3,UHF34,202,Downtown - Heights - Slope,Winter 2013-14,2013-12-01,12.93,,2013,12,4,2
214130,365,Fine particles (PM 2.5),Mean,mcg/m3,CD,211,Morris Park and Bronxdale (CD11),Annual Average 2014,2013-12-01,8.92,,2013,12,4,2
211873,365,Fine particles (PM 2.5),Mean,mcg/m3,UHF34,301,Washington Heights,Winter 2013-14,2013-12-01,12.93,,2013,12,4,2
214140,365,Fine particles (PM 2.5),Mean,mcg/m3,CD,309,South Crown Heights and Lefferts Gardens (CD9),Annual Average 2014,2013-12-01,9.04,,2013,12,4,2
213774,365,Fine particles (PM 2.5),Mean,mcg/m3,CD,209,Parkchester and Soundview (CD9),Winter 2013-14,2013-12-01,12.25,,2013,12,4,2
213267,375,Nitrogen dioxide (NO2),Mean,ppb,CD,403,Jackson Heights (CD3),Winter 2013-14,2013-12-01,29.26,,2013,12,4,2
211859,365,Fine particles (PM 2.5),Mean,mcg/m3,UHF34,102,Northeast Bronx,Winter 2013-14,2013-12-01,12.2,,2013,12,4,2
213281,375,Nitrogen dioxide (NO2),Mean,ppb,CD,503,Tottenville and Great Kills (CD3),Winter 2013-14,2013-12-01,20.56,,2013,12,4,2
212699,365,Fine particles (PM 2.5),Mean,mcg/m3,UHF42,404,Bayside - Little Neck,Winter 2013-14,2013-12-01,10.87,,2013,12,4,2
213754,365,Fine particles (PM 2.5),Mean,mcg/m3,CD,101,Financial District (CD1),Winter 2013-14,2013-12-01,14.51,,2013,12,4,2
214142,365,Fine particles (PM 2.5),Mean,mcg/m3,CD,311,Bensonhurst (CD11),Annual Average 2014,2013-12-01,8.57,,2013,12,4,2
213233,375,Nitrogen dioxide (NO2),Mean,ppb,CD,111,East Harlem (CD11),Winter 2013-14,2013-12-01,30.08,,2013,12,4,2
212298,375,Nitrogen dioxide (NO2),Mean,ppb,UHF42,202,Downtown - Heights - Slope,Winter 2013-14,2013-12-01,29.89,,2013,12,4,2
212689,365,Fine particles (PM 2.5),Mean,mcg/m3,UHF42,304,Upper West Side,Winter 2013-14,2013-12-01,13.77,,2013,12,4,2
212555,375,Nitrogen dioxide (NO2),Mean,ppb,UHF42,207,East Flatbush - Flatbush,Annual Average 2014,2013-12-01,20.47,,2013,12,4,2
212951,365,Fine particles (PM 2.5),Mean,mcg/m3,UHF42,404,Bayside - Little Neck,Annual Average 2014,2013-12-01,8.31,,2013,12,4,2
213769,365,Fine particles (PM 2.5),Mean,mcg/m3,CD,204,Highbridge and Concourse (CD4),Winter 2013-14,2013-12-01,13.34,,2013,12,4,2
211394,375,Nitrogen dioxide (NO2),Mean,ppb,Borough,5,Staten Island,Annual Average 2014,2013-12-01,14.18,,2013,12,4,2
214121,365,Fine particles (PM 2.5),Mean,mcg/m3,CD,202,Hunts Point and Longwood (CD2),Annual Average 2014,2013-12-01,9.96,,2013,12,4,2
213234,375,Nitrogen dioxide (NO2),Mean,ppb,CD,112,Washington Heights and Inwood (CD12),Winter 2013-14,2013-12-01,26.28,,2013,12,4,2
212085,365,Fine particles (PM 2.5),Mean,mcg/m3,UHF34,407,Southwest Queens,Annual Average 2014,2013-12-01,8.39,,2013,12,4,2
213593,375,Nitrogen dioxide (NO2),Mean,ppb,CD,205,Fordham and University Heights (CD5),Annual Average 2014,2013-12-01,22.74,,2013,12,4,2
211775,375,Nitrogen dioxide (NO2),Mean,ppb,UHF34,401,Long Island City - Astoria,Annual Average 2014,2013-12-01,22.07,,2013,12,4,2
213758,365,Fine particles (PM 2.5),Mean,mcg/m3,CD,105,Midtown (CD5),Winter 2013-14,2013-12-01,17.44,,2013,12,4,2
214145,365,Fine particles (PM 2.5),Mean,mcg/m3,CD,314,Flatbush and Midwood (CD14),Annual Average 2014,2013-12-01,8.88,,2013,12,4,2
211409,365,Fine particles (PM 2.5),Mean,mcg/m3,Borough,5,Staten Island,Winter 2013-14,2013-12-01,11.78,,2013,12,4,2
213614,375,Nitrogen dioxide (NO2),Mean,ppb,CD,314,Flatbush and Midwood (CD14),Annual Average 2014,2013-12-01,20.0,,2013,12,4,2
213785,365,Fine particles (PM 2.5),Mean,mcg/m3,CD,308,Crown Heights and Prospect Heights (CD8),Winter 2013-14,2013-12-01,12.01,,2013,12,4,2
214156,365,Fine particles (PM 2.5),Mean,mcg/m3,CD,407,Flushing and Whitestone (CD7),Annual Average 2014,2013-12-01,8.69,,2013,12,4,2
211579,375,Nitrogen dioxide (NO2),Mean,ppb,UHF34,305307,Upper East Side-Gramercy,Winter 2013-14,2013-12-01,36.2,,2013,12,4,2
211580,375,Nitrogen dioxide (NO2),Mean,ppb,UHF34,306308,Chelsea-Village,Winter 2013-14,2013-12-01,35.91,,2013,12,4,2
212573,375,Nitrogen dioxide (NO2),Mean,ppb,UHF42,404,Bayside - Little Neck,Annual Average 2014,2013-12-01,17.44,,2013,12,4,2
212065,365,Fine particles (PM 2.5),Mean,mcg/m3,UHF34,104,Pelham - Throgs Neck,Annual Average 2014,2013-12-01,8.97,,2013,12,4,2
212685,365,Fine particles (PM 2.5),Mean,mcg/m3,UHF42,211,Williamsburg - Bushwick,Winter 2013-14,2013-12-01,14.01,,2013,12,4,2
212678,365,Fine particles (PM 2.5),Mean,mcg/m3,UHF42,204,East New York,Winter 2013-14,2013-12-01,11.03,,2013,12,4,2
213227,375,Nitrogen dioxide (NO2),Mean,ppb,CD,105,Midtown (CD5),Winter 2013-14,2013-12-01,40.99,,2013,12,4,2
211558,375,Nitrogen dioxide (NO2),Mean,ppb,UHF34,203,Bedford Stuyvesant - Crown Heights,Winter 2013-14,2013-12-01,29.41,,2013,12,4,2
212079,365,Fine particles (PM 2.5),Mean,mcg/m3,UHF34,303,East Harlem,Annual Average 2014,2013-12-01,9.84,,2013,12,4,2
212075,365,Fine particles (PM 2.5),Mean,mcg/m3,UHF34,210,Coney Island - Sheepshead Bay,Annual Average 2014,2013-12-01,8.37,,2013,12,4,2
211882,365,Fine particles (PM 2.5),Mean,mcg/m3,UHF34,408,Jamaica,Winter 2013-14,2013-12-01,10.93,,2013,12,4,2
211885,365,Fine particles (PM 2.5),Mean,mcg/m3,UHF34,305307,Upper East Side-Gramercy,Winter 2013-14,2013-12-01,15.35,,2013,12,4,2
212069,365,Fine particles (PM 2.5),Mean,mcg/m3,UHF34,204,East New York,Annual Average 2014,2013-12-01,9.04,,2013,12,4,2
213796,365,Fine particles (PM 2.5),Mean,mcg/m3,CD,401,Long Island City and Astoria (CD1),Winter 2013-14,2013-12-01,12.3,,2013,12,4,2
211435,365,Fine particles (PM 2.5),Mean,mcg/m3,Borough,1,Bronx,Annual Average 2014,2013-12-01,9.27,,2013,12,4,2
214139,365,Fine particles (PM 2.5),Mean,mcg/m3,CD,308,Crown Heights and Prospect Heights (CD8),Annual Average 2014,2013-12-01,9.2,,2013,12,4,2
221901,386,Ozone (O3),Mean,ppb,UHF34,304,Upper West Side,Summer 2013,2013-06-01,26.93,,2013,6,2,2
222645,386,Ozone (O3),Mean,ppb,UHF42,503,Willowbrook,Summer 2013,2013-06-01,30.48,,2013,6,2,2
176087,375,Nitrogen dioxide (NO2),Mean,ppb,UHF42,503,Willowbrook,Summer 2013,2013-06-01,11.13,,2013,6,2,2
169531,365,Fine particles (PM 2.5),Mean,mcg/m3,CD,205,Fordham and University Heights (CD5),Summer 2013,2013-06-01,11.13,,2013,6,2,2
169564,365,Fine particles (PM 2.5),Mean,mcg/m3,CD,408,Hillcrest and Fresh Meadows (CD8),Summer 2013,2013-06-01,9.99,,2013,6,2,2
216456,386,Ozone (O3),Mean,ppb,CD,306,Park Slope and Carroll Gardens (CD6),Summer 2013,2013-06-01,28.35,,2013,6,2,2
176080,375,Nitrogen dioxide (NO2),Mean,ppb,UHF42,406,Fresh Meadows,Summer 2013,2013-06-01,16.42,,2013,6,2,2
176055,375,Nitrogen dioxide (NO2),Mean,ppb,UHF42,202,Downtown - Heights - Slope,Summer 2013,2013-06-01,19.95,,2013,6,2,2
221973,386,Ozone (O3),Mean,ppb,UHF34,404406,Bayside Little Neck-Fresh Meadows,Summer 2013,2013-06-01,30.72,,2013,6,2,2
219696,386,Ozone (O3),Mean,ppb,Citywide,1,New York City,Summer 2013,2013-06-01,30.99,,2013,6,2,2
172228,375,Nitrogen dioxide (NO2),Mean,ppb,UHF34,407,Southwest Queens,Summer 2013,2013-06-01,16.56,,2013,6,2,2
166910,375,Nitrogen dioxide (NO2),Mean,ppb,CD,409,Kew Gardens and Woodhaven (CD9),Summer 2013,2013-06-01,17.63,,2013,6,2,2
166912,375,Nitrogen dioxide (NO2),Mean,ppb,CD,411,Bayside and Little Neck (CD11),Summer 2013,2013-06-01,14.43,,2013,6,2,2
166907,375,Nitrogen dioxide (NO2),Mean,ppb,CD,406,Rego Park and Forest Hills (CD6),Summer 2013,2013-06-01,18.07,,2013,6,2,2
169544,365,Fine particles (PM 2.5),Mean,mcg/m3,CD,306,Park Slope and Carroll Gardens (CD6),Summer 2013,2013-06-01,10.89,,2013,6,2,2
221949,386,Ozone (O3),Mean,ppb,UHF34,410,Rockaways,Summer 2013,2013-06-01,36.84,,2013,6,2,2
177976,365,Fine particles (PM 2.5),Mean,mcg/m3,UHF42,502,Stapleton - St. George,Summer 2013,2013-06-01,9.34,,2013,6,2,2
169534,365,Fine particles (PM 2.5),Mean,mcg/m3,CD,208,Riverdale and Fieldston (CD8),Summer 2013,2013-06-01,10.01,,2013,6,2,2
172224,375,Nitrogen dioxide (NO2),Mean,ppb,UHF34,401,Long Island City - Astoria,Summer 2013,2013-06-01,18.02,,2013,6,2,2
166909,375,Nitrogen dioxide (NO2),Mean,ppb,CD,408,Hillcrest and Fresh Meadows (CD8),Summer 2013,2013-06-01,16.23,,2013,6,2,2
222423,386,Ozone (O3),Mean,ppb,UHF42,104,Pelham - Throgs Neck,Summer 2013,2013-06-01,32.06,,2013,6,2,2
166898,375,Nitrogen dioxide (NO2),Mean,ppb,CD,315,Sheepshead Bay (CD15),Summer 2013,2013-06-01,11.46,,2013,6,2,2
166896,375,Nitrogen dioxide (NO2),Mean,ppb,CD,313,Coney Island (CD13),Summer 2013,2013-06-01,9.53,,2013,6,2,2
169569,365,Fine particles (PM 2.5),Mean,mcg/m3,CD,413,Queens Village (CD13),Summer 2013,2013-06-01,9.77,,2013,6,2,2
169545,365,Fine particles (PM 2.5),Mean,mcg/m3,CD,307,Sunset Park (CD7),Summer 2013,2013-06-01,10.7,,2013,6,2,2
176051,375,Nitrogen dioxide (NO2),Mean,ppb,UHF42,105,Crotona -Tremont,Summer 2013,2013-06-01,18.85,,2013,6,2,2
169571,365,Fine particles (PM 2.5),Mean,mcg/m3,CD,501,St. George and Stapleton (CD1),Summer 2013,2013-06-01,9.47,,2013,6,2,2
176058,375,Nitrogen dioxide (NO2),Mean,ppb,UHF42,205,Sunset Park,Summer 2013,2013-06-01,16.77,,2013,6,2,2
172221,375,Nitrogen dioxide (NO2),Mean,ppb,UHF34,302,Central Harlem - Morningside Heights,Summer 2013,2013-06-01,21.54,,2013,6,2,2
169522,365,Fine particles (PM 2.5),Mean,mcg/m3,CD,108,Upper East Side (CD8),Summer 2013,2013-06-01,12.21,,2013,6,2,2
222471,386,Ozone (O3),Mean,ppb,UHF42,205,Sunset Park,Summer 2013,2013-06-01,29.67,,2013,6,2,2
216300,386,Ozone (O3),Mean,ppb,CD,104,Clinton and Chelsea (CD4),Summer 2013,2013-06-01,25.09,,2013,6,2,2
222441,386,Ozone (O3),Mean,ppb,UHF42,107,Hunts Point - Mott Haven,Summer 2013,2013-06-01,31.59,,2013,6,2,2
169527,365,Fine particles (PM 2.5),Mean,mcg/m3,CD,201,Mott Haven and Melrose (CD1),Summer 2013,2013-06-01,11.21,,2013,6,2,2
177970,365,Fine particles (PM 2.5),Mean,mcg/m3,UHF42,406,Fresh Meadows,Summer 2013,2013-06-01,9.96,,2013,6,2,2
169516,365,Fine particles (PM 2.5),Mean,mcg/m3,CD,102,Greenwich Village and Soho (CD2),Summer 2013,2013-06-01,12.09,,2013,6,2,2
169561,365,Fine particles (PM 2.5),Mean,mcg/m3,CD,405,Ridgewood and Maspeth (CD5),Summer 2013,2013-06-01,10.41,,2013,6,2,2
177960,365,Fine particles (PM 2.5),Mean,mcg/m3,UHF42,306,Chelsea - Clinton,Summer 2013,2013-06-01,13.38,,2013,6,2,2
173758,365,Fine particles (PM 2.5),Mean,mcg/m3,UHF34,407,Southwest Queens,Summer 2013,2013-06-01,9.88,,2013,6,2,2
166878,375,Nitrogen dioxide (NO2),Mean,ppb,CD,207,Kingsbridge Heights and Bedford (CD7),Summer 2013,2013-06-01,17.67,,2013,6,2,2
216390,386,Ozone (O3),Mean,ppb,CD,207,Kingsbridge Heights and Bedford (CD7),Summer 2013,2013-06-01,30.3,,2013,6,2,2
177965,365,Fine particles (PM 2.5),Mean,mcg/m3,UHF42,401,Long Island City - Astoria,Summer 2013,2013-06-01,11.07,,2013,6,2,2
221793,386,Ozone (O3),Mean,ppb,UHF34,101,Kingsbridge - Riverdale,Summer 2013,2013-06-01,30.37,,2013,6,2,2
176086,375,Nitrogen dioxide (NO2),Mean,ppb,UHF42,502,Stapleton - St. George,Summer 2013,2013-06-01,11.28,,2013,6,2,2
169573,365,Fine particles (PM 2.5),Mean,mcg/m3,CD,503,Tottenville and Great Kills (CD3),Summer 2013,2013-06-01,9.13,,2013,6,2,2
176085,375,Nitrogen dioxide (NO2),Mean,ppb,UHF42,501,Port Richmond,Summer 2013,2013-06-01,15.03,,2013,6,2,2
172234,375,Nitrogen dioxide (NO2),Mean,ppb,UHF34,309310,Union Square-Lower Manhattan,Summer 2013,2013-06-01,25.31,,2013,6,2,2
222495,386,Ozone (O3),Mean,ppb,UHF42,209,Bensonhurst - Bay Ridge,Summer 2013,2013-06-01,31.44,,2013,6,2,2
222567,386,Ozone (O3),Mean,ppb,UHF42,310,Lower Manhattan,Summer 2013,2013-06-01,24.26,,2013,6,2,2
222561,386,Ozone (O3),Mean,ppb,UHF42,309,Union Square - Lower East Side,Summer 2013,2013-06-01,25.73,,2013,6,2,2
172237,375,Nitrogen dioxide (NO2),Mean,ppb,UHF34,503504,Southern SI,Summer 2013,2013-06-01,8.92,,2013,6,2,2
177977,365,Fine particles (PM 2.5),Mean,mcg/m3,UHF42,503,Willowbrook,Summer 2013,2013-06-01,9.53,,2013,6,2,2
173767,365,Fine particles (PM 2.5),Mean,mcg/m3,UHF34,503504,Southern SI,Summer 2013,2013-06-01,9.27,,2013,6,2,2
177969,365,Fine particles (PM 2.5),Mean,mcg/m3,UHF42,405,Ridgewood - Forest Hills,Summer 2013,2013-06-01,10.17,,2013,6,2,2
219993,386,Ozone (O3),Mean,ppb,Borough,5,Staten Island,Summer 2013,2013-06-01,31.3,,2013,6,2,2
176064,375,Nitrogen dioxide (NO2),Mean,ppb,UHF42,211,Williamsburg - Bushwick,Summer 2013,2013-06-01,19.13,,2013,6,2,2
173762,365,Fine particles (PM 2.5),Mean,mcg/m3,UHF34,305307,Upper East Side-Gramercy,Summer 2013,2013-06-01,13.1,,2013,6,2,2
173763,365,Fine particles (PM 2.5),Mean,mcg/m3,UHF34,306308,Chelsea-Village,Summer 2013,2013-06-01,12.93,,2013,6,2,2
172232,375,Nitrogen dioxide (NO2),Mean,ppb,UHF34,305307,Upper East Side-Gramercy,Summer 2013,2013-06-01,29.25,,2013,6,2,2
172233,375,Nitrogen dioxide (NO2),Mean,ppb,UHF34,306308,Chelsea-Village,Summer 2013,2013-06-01,29.16,,2013,6,2,2
222417,386,Ozone (O3),Mean,ppb,UHF42,103,Fordham - Bronx Pk,Summer 2013,2013-06-01,30.79,,2013,6,2,2
169518,365,Fine particles (PM 2.5),Mean,mcg/m3,CD,104,Clinton and Chelsea (CD4),Summer 2013,2013-06-01,12.48,,2013,6,2,2
176068,375,Nitrogen dioxide (NO2),Mean,ppb,UHF42,304,Upper West Side,Summer 2013,2013-06-01,22.74,,2013,6,2,2
169538,365,Fine particles (PM 2.5),Mean,mcg/m3,CD,212,Williamsbridge and Baychester (CD12),Summer 2013,2013-06-01,10.06,,2013,6,2,2
166866,375,Nitrogen dioxide (NO2),Mean,ppb,CD,107,Upper West Side (CD7),Summer 2013,2013-06-01,22.71,,2013,6,2,2
177947,365,Fine particles (PM 2.5),Mean,mcg/m3,UHF42,204,East New York,Summer 2013,2013-06-01,9.68,,2013,6,2,2
176047,375,Nitrogen dioxide (NO2),Mean,ppb,UHF42,101,Kingsbridge - Riverdale,Summer 2013,2013-06-01,14.2,,2013,6,2,2
177967,365,Fine particles (PM 2.5),Mean,mcg/m3,UHF42,403,Flushing - Clearview,Summer 2013,2013-06-01,10.09,,2013,6,2,2
177957,365,Fine particles (PM 2.5),Mean,mcg/m3,UHF42,303,East Harlem,Summer 2013,2013-06-01,10.49,,2013,6,2,2
219975,386,Ozone (O3),Mean,ppb,Borough,2,Brooklyn,Summer 2013,2013-06-01,31.13,,2013,6,2,2
222555,386,Ozone (O3),Mean,ppb,UHF42,308,Greenwich Village - SoHo,Summer 2013,2013-06-01,25.22,,2013,6,2,2
179592,365,Fine particles (PM 2.5),Mean,mcg/m3,Borough,5,Staten Island,Summer 2013,2013-06-01,9.32,,2013,6,2,2
173752,365,Fine particles (PM 2.5),Mean,mcg/m3,UHF34,303,East Harlem,Summer 2013,2013-06-01,10.91,,2013,6,2,2
166888,375,Nitrogen dioxide (NO2),Mean,ppb,CD,305,East New York and Starrett City (CD5),Summer 2013,2013-06-01,16.14,,2013,6,2,2
169559,365,Fine particles (PM 2.5),Mean,mcg/m3,CD,403,Jackson Heights (CD3),Summer 2013,2013-06-01,10.0,,2013,6,2,2
169565,365,Fine particles (PM 2.5),Mean,mcg/m3,CD,409,Kew Gardens and Woodhaven (CD9),Summer 2013,2013-06-01,10.09,,2013,6,2,2
169567,365,Fine particles (PM 2.5),Mean,mcg/m3,CD,411,Bayside and Little Neck (CD11),Summer 2013,2013-06-01,9.91,,2013,6,2,2
172208,375,Nitrogen dioxide (NO2),Mean,ppb,UHF34,104,Pelham - Throgs Neck,Summer 2013,2013-06-01,14.69,,2013,6,2,2
221805,386,Ozone (O3),Mean,ppb,UHF34,103,Fordham - Bronx Pk,Summer 2013,2013-06-01,30.79,,2013,6,2,2
222621,386,Ozone (O3),Mean,ppb,UHF42,409,Southeast Queens,Summer 2013,2013-06-01,31.79,,2013,6,2,2
169543,365,Fine particles (PM 2.5),Mean,mcg/m3,CD,305,East New York and Starrett City (CD5),Summer 2013,2013-06-01,10.33,,2013,6,2,2
172238,375,Nitrogen dioxide (NO2),Mean,ppb,UHF34,105106107,South Bronx,Summer 2013,2013-06-01,18.56,,2013,6,2,2
176053,375,Nitrogen dioxide (NO2),Mean,ppb,UHF42,107,Hunts Point - Mott Haven,Summer 2013,2013-06-01,17.46,,2013,6,2,2
169547,365,Fine particles (PM 2.5),Mean,mcg/m3,CD,309,South Crown Heights and Lefferts Gardens (CD9),Summer 2013,2013-06-01,10.18,,2013,6,2,2
169537,365,Fine particles (PM 2.5),Mean,mcg/m3,CD,211,Morris Park and Bronxdale (CD11),Summer 2013,2013-06-01,10.12,,2013,6,2,2
221925,386,Ozone (O3),Mean,ppb,UHF34,405,Ridgewood - Forest Hills,Summer 2013,2013-06-01,30.77,,2013,6,2,2
166915,375,Nitrogen dioxide (NO2),Mean,ppb,CD,414,Rockaway and Broad Channel (CD14),Summer 2013,2013-06-01,7.88,,2013,6,2,2
221889,386,Ozone (O3),Mean,ppb,UHF34,302,Central Harlem - Morningside Heights,Summer 2013,2013-06-01,28.4,,2013,6,2,2
179364,375,Nitrogen dioxide (NO2),Mean,ppb,Borough,2,Brooklyn,Summer 2013,2013-06-01,15.75,,2013,6,2,2
166894,375,Nitrogen dioxide (NO2),Mean,ppb,CD,311,Bensonhurst (CD11),Summer 2013,2013-06-01,14.18,,2013,6,2,2
166892,375,Nitrogen dioxide (NO2),Mean,ppb,CD,309,South Crown Heights and Lefferts Gardens (CD9),Summer 2013,2013-06-01,18.49,,2013,6,2,2
166862,375,Nitrogen dioxide (NO2),Mean,ppb,CD,103,Lower East Side and Chinatown (CD3),Summer 2013,2013-06-01,23.31,,2013,6,2,2
176060,375,Nitrogen dioxide (NO2),Mean,ppb,UHF42,207,East Flatbush - Flatbush,Summer 2013,2013-06-01,16.52,,2013,6,2,2
219969,386,Ozone (O3),Mean,ppb,Borough,1,Bronx,Summer 2013,2013-06-01,31.25,,2013,6,2,2
179167,365,Fine particles (PM 2.5),Mean,mcg/m3,Citywide,1,New York City,Summer 2013,2013-06-01,10.15,,2013,6,2,2
169528,365,Fine particles (PM 2.5),Mean,mcg/m3,CD,202,Hunts Point and Longwood (CD2),Summer 2013,2013-06-01,11.13,,2013,6,2,2
166918,375,Nitrogen dioxide (NO2),Mean,ppb,CD,503,Tottenville and Great Kills (CD3),Summer 2013,2013-06-01,7.59,,2013,6,2,2
172216,375,Nitrogen dioxide (NO2),Mean,ppb,UHF34,208,Canarsie - Flatlands,Summer 2013,2013-06-01,12.05,,2013,6,2,2
166905,375,Nitrogen dioxide (NO2),Mean,ppb,CD,404,Elmhurst and Corona (CD4),Summer 2013,2013-06-01,19.38,,2013,6,2,2
169515,365,Fine particles (PM 2.5),Mean,mcg/m3,CD,101,Financial District (CD1),Summer 2013,2013-06-01,12.22,,2013,6,2,2
166895,375,Nitrogen dioxide (NO2),Mean,ppb,CD,312,Borough Park (CD12),Summer 2013,2013-06-01,16.33,,2013,6,2,2
166893,375,Nitrogen dioxide (NO2),Mean,ppb,CD,310,Bay Ridge and Dyker Heights (CD10),Summer 2013,2013-06-01,15.24,,2013,6,2,2
216342,386,Ozone (O3),Mean,ppb,CD,111,East Harlem (CD11),Summer 2013,2013-06-01,28.92,,2013,6,2,2
216486,386,Ozone (O3),Mean,ppb,CD,311,Bensonhurst (CD11),Summer 2013,2013-06-01,32.0,,2013,6,2,2
169546,365,Fine particles (PM 2.5),Mean,mcg/m3,CD,308,Crown Heights and Prospect Heights (CD8),Summer 2013,2013-06-01,10.31,,2013,6,2,2
221943,386,Ozone (O3),Mean,ppb,UHF34,409,Southeast Queens,Summer 2013,2013-06-01,31.79,,2013,6,2,2
172213,375,Nitrogen dioxide (NO2),Mean,ppb,UHF34,205,Sunset Park,Summer 2013,2013-06-01,16.77,,2013,6,2,2
173748,365,Fine particles (PM 2.5),Mean,mcg/m3,UHF34,210,Coney Island - Sheepshead Bay,Summer 2013,2013-06-01,9.71,,2013,6,2,2
222435,386,Ozone (O3),Mean,ppb,UHF42,106,High Bridge - Morrisania,Summer 2013,2013-06-01,29.92,,2013,6,2,2
166914,375,Nitrogen dioxide (NO2),Mean,ppb,CD,413,Queens Village (CD13),Summer 2013,2013-06-01,14.63,,2013,6,2,2
173743,365,Fine particles (PM 2.5),Mean,mcg/m3,UHF34,205,Sunset Park,Summer 2013,2013-06-01,10.62,,2013,6,2,2
173746,365,Fine particles (PM 2.5),Mean,mcg/m3,UHF34,208,Canarsie - Flatlands,Summer 2013,2013-06-01,9.85,,2013,6,2,2
173736,365,Fine particles (PM 2.5),Mean,mcg/m3,UHF34,102,Northeast Bronx,Summer 2013,2013-06-01,10.17,,2013,6,2,2
172212,375,Nitrogen dioxide (NO2),Mean,ppb,UHF34,204,East New York,Summer 2013,2013-06-01,16.61,,2013,6,2,2
172223,375,Nitrogen dioxide (NO2),Mean,ppb,UHF34,304,Upper West Side,Summer 2013,2013-06-01,22.74,,2013,6,2,2
172218,375,Nitrogen dioxide (NO2),Mean,ppb,UHF34,210,Coney Island - Sheepshead Bay,Summer 2013,2013-06-01,11.0,,2013,6,2,2
222531,386,Ozone (O3),Mean,ppb,UHF42,304,Upper West Side,Summer 2013,2013-06-01,26.93,,2013,6,2,2
221913,386,Ozone (O3),Mean,ppb,UHF34,402,West Queens,Summer 2013,2013-06-01,30.68,,2013,6,2,2
222411,386,Ozone (O3),Mean,ppb,UHF42,102,Northeast Bronx,Summer 2013,2013-06-01,31.68,,2013,6,2,2
172231,375,Nitrogen dioxide (NO2),Mean,ppb,UHF34,410,Rockaways,Summer 2013,2013-06-01,8.04,,2013,6,2,2
221847,386,Ozone (O3),Mean,ppb,UHF34,206,Borough Park,Summer 2013,2013-06-01,30.61,,2013,6,2,2
222651,386,Ozone (O3),Mean,ppb,UHF42,504,South Beach - Tottenville,Summer 2013,2013-06-01,32.66,,2013,6,2,2
172225,375,Nitrogen dioxide (NO2),Mean,ppb,UHF34,402,West Queens,Summer 2013,2013-06-01,18.1,,2013,6,2,2
172210,375,Nitrogen dioxide (NO2),Mean,ppb,UHF34,202,Downtown - Heights - Slope,Summer 2013,2013-06-01,19.95,,2013,6,2,2
216462,386,Ozone (O3),Mean,ppb,CD,307,Sunset Park (CD7),Summer 2013,2013-06-01,29.59,,2013,6,2,2
222507,386,Ozone (O3),Mean,ppb,UHF42,211,Williamsburg - Bushwick,Summer 2013,2013-06-01,29.7,,2013,6,2,2
176088,375,Nitrogen dioxide (NO2),Mean,ppb,UHF42,504,South Beach - Tottenville,Summer 2013,2013-06-01,7.62,,2013,6,2,2
169563,365,Fine particles (PM 2.5),Mean,mcg/m3,CD,407,Flushing and Whitestone (CD7),Summer 2013,2013-06-01,10.13,,2013,6,2,2
166897,375,Nitrogen dioxide (NO2),Mean,ppb,CD,314,Flatbush and Midwood (CD14),Summer 2013,2013-06-01,15.58,,2013,6,2,2
216318,386,Ozone (O3),Mean,ppb,CD,107,Upper West Side (CD7),Summer 2013,2013-06-01,26.92,,2013,6,2,2
172209,375,Nitrogen dioxide (NO2),Mean,ppb,UHF34,201,Greenpoint,Summer 2013,2013-06-01,18.89,,2013,6,2,2
169552,365,Fine particles (PM 2.5),Mean,mcg/m3,CD,314,Flatbush and Midwood (CD14),Summer 2013,2013-06-01,10.09,,2013,6,2,2
177956,365,Fine particles (PM 2.5),Mean,mcg/m3,UHF42,302,Central Harlem - Morningside Heights,Summer 2013,2013-06-01,10.76,,2013,6,2,2
221823,386,Ozone (O3),Mean,ppb,UHF34,202,Downtown - Heights - Slope,Summer 2013,2013-06-01,28.04,,2013,6,2,2
177945,365,Fine particles (PM 2.5),Mean,mcg/m3,UHF42,202,Downtown - Heights - Slope,Summer 2013,2013-06-01,10.95,,2013,6,2,2
169533,365,Fine particles (PM 2.5),Mean,mcg/m3,CD,207,Kingsbridge Heights and Bedford (CD7),Summer 2013,2013-06-01,10.56,,2013,6,2,2
169521,365,Fine particles (PM 2.5),Mean,mcg/m3,CD,107,Upper West Side (CD7),Summer 2013,2013-06-01,11.38,,2013,6,2,2
221853,386,Ozone (O3),Mean,ppb,UHF34,207,East Flatbush - Flatbush,Summer 2013,2013-06-01,30.73,,2013,6,2,2
216606,386,Ozone (O3),Mean,ppb,CD,413,Queens Village (CD13),Summer 2013,2013-06-01,31.93,,2013,6,2,2
177958,365,Fine particles (PM 2.5),Mean,mcg/m3,UHF42,304,Upper West Side,Summer 2013,2013-06-01,11.38,,2013,6,2,2
222609,386,Ozone (O3),Mean,ppb,UHF42,407,Southwest Queens,Summer 2013,2013-06-01,31.68,,2013,6,2,2
173760,365,Fine particles (PM 2.5),Mean,mcg/m3,UHF34,409,Southeast Queens,Summer 2013,2013-06-01,9.75,,2013,6,2,2
176084,375,Nitrogen dioxide (NO2),Mean,ppb,UHF42,410,Rockaways,Summer 2013,2013-06-01,8.04,,2013,6,2,2
179365,375,Nitrogen dioxide (NO2),Mean,ppb,Borough,3,Manhattan,Summer 2013,2013-06-01,24.71,,2013,6,2,2
177950,365,Fine particles (PM 2.5),Mean,mcg/m3,UHF42,207,East Flatbush - Flatbush,Summer 2013,2013-06-01,10.17,,2013,6,2,2
216306,386,Ozone (O3),Mean,ppb,CD,105,Midtown (CD5),Summer 2013,2013-06-01,20.67,,2013,6,2,2
216420,386,Ozone (O3),Mean,ppb,CD,212,Williamsbridge and Baychester (CD12),Summer 2013,2013-06-01,31.61,,2013,6,2,2
216348,386,Ozone (O3),Mean,ppb,CD,112,Washington Heights and Inwood (CD12),Summer 2013,2013-06-01,29.5,,2013,6,2,2
166870,375,Nitrogen dioxide (NO2),Mean,ppb,CD,111,East Harlem (CD11),Summer 2013,2013-06-01,20.62,,2013,6,2,2
216408,386,Ozone (O3),Mean,ppb,CD,210,Throgs Neck and Co-op City (CD10),Summer 2013,2013-06-01,32.57,,2013,6,2,2
177968,365,Fine particles (PM 2.5),Mean,mcg/m3,UHF42,404,Bayside - Little Neck,Summer 2013,2013-06-01,9.94,,2013,6,2,2
176063,375,Nitrogen dioxide (NO2),Mean,ppb,UHF42,210,Coney Island - Sheepshead Bay,Summer 2013,2013-06-01,11.0,,2013,6,2,2
177948,365,Fine particles (PM 2.5),Mean,mcg/m3,UHF42,205,Sunset Park,Summer 2013,2013-06-01,10.62,,2013,6,2,2
169549,365,Fine particles (PM 2.5),Mean,mcg/m3,CD,311,Bensonhurst (CD11),Summer 2013,2013-06-01,9.77,,2013,6,2,2
216294,386,Ozone (O3),Mean,ppb,CD,103,Lower East Side and Chinatown (CD3),Summer 2013,2013-06-01,26.1,,2013,6,2,2
221871,386,Ozone (O3),Mean,ppb,UHF34,210,Coney Island - Sheepshead Bay,Summer 2013,2013-06-01,33.88,,2013,6,2,2
177978,365,Fine particles (PM 2.5),Mean,mcg/m3,UHF42,504,South Beach - Tottenville,Summer 2013,2013-06-01,9.13,,2013,6,2,2
169523,365,Fine particles (PM 2.5),Mean,mcg/m3,CD,109,Morningside Heights and Hamilton Heights (CD9),Summer 2013,2013-06-01,10.78,,2013,6,2,2
173751,365,Fine particles (PM 2.5),Mean,mcg/m3,UHF34,302,Central Harlem - Morningside Heights,Summer 2013,2013-06-01,10.76,,2013,6,2,2
166864,375,Nitrogen dioxide (NO2),Mean,ppb,CD,105,Midtown (CD5),Summer 2013,2013-06-01,37.02,,2013,6,2,2
166887,375,Nitrogen dioxide (NO2),Mean,ppb,CD,304,Bushwick (CD4),Summer 2013,2013-06-01,18.09,,2013,6,2,2
176057,375,Nitrogen dioxide (NO2),Mean,ppb,UHF42,204,East New York,Summer 2013,2013-06-01,16.61,,2013,6,2,2
221865,386,Ozone (O3),Mean,ppb,UHF34,209,Bensonhurst - Bay Ridge,Summer 2013,2013-06-01,31.44,,2013,6,2,2
216480,386,Ozone (O3),Mean,ppb,CD,310,Bay Ridge and Dyker Heights (CD10),Summer 2013,2013-06-01,30.29,,2013,6,2,2
173768,365,Fine particles (PM 2.5),Mean,mcg/m3,UHF34,105106107,South Bronx,Summer 2013,2013-06-01,10.93,,2013,6,2,2
221877,386,Ozone (O3),Mean,ppb,UHF34,211,Williamsburg - Bushwick,Summer 2013,2013-06-01,29.7,,2013,6,2,2
166889,375,Nitrogen dioxide (NO2),Mean,ppb,CD,306,Park Slope and Carroll Gardens (CD6),Summer 2013,2013-06-01,19.25,,2013,6,2,2
166865,375,Nitrogen dioxide (NO2),Mean,ppb,CD,106,Stuyvesant Town and Turtle Bay (CD6),Summer 2013,2013-06-01,30.77,,2013,6,2,2
166877,375,Nitrogen dioxide (NO2),Mean,ppb,CD,206,Belmont and East Tremont (CD6),Summer 2013,2013-06-01,18.06,,2013,6,2,2
216432,386,Ozone (O3),Mean,ppb,CD,302,Fort Greene and Brooklyn Heights (CD2),Summer 2013,2013-06-01,27.62,,2013,6,2,2
216282,386,Ozone (O3),Mean,ppb,CD,101,Financial District (CD1),Summer 2013,2013-06-01,24.41,,2013,6,2,2
166884,375,Nitrogen dioxide (NO2),Mean,ppb,CD,301,Greenpoint and Williamsburg (CD1),Summer 2013,2013-06-01,18.98,,2013,6,2,2
173756,365,Fine particles (PM 2.5),Mean,mcg/m3,UHF34,403,Flushing - Clearview,Summer 2013,2013-06-01,10.09,,2013,6,2,2
173744,365,Fine particles (PM 2.5),Mean,mcg/m3,UHF34,206,Borough Park,Summer 2013,2013-06-01,10.02,,2013,6,2,2
169550,365,Fine particles (PM 2.5),Mean,mcg/m3,CD,312,Borough Park (CD12),Summer 2013,2013-06-01,10.02,,2013,6,2,2
169566,365,Fine particles (PM 2.5),Mean,mcg/m3,CD,410,South Ozone Park and Howard Beach (CD10),Summer 2013,2013-06-01,9.73,,2013,6,2,2
216396,386,Ozone (O3),Mean,ppb,CD,208,Riverdale and Fieldston (CD8),Summer 2013,2013-06-01,30.42,,2013,6,2,2
177959,365,Fine particles (PM 2.5),Mean,mcg/m3,UHF42,305,Upper East Side,Summer 2013,2013-06-01,12.18,,2013,6,2,2
222597,386,Ozone (O3),Mean,ppb,UHF42,405,Ridgewood - Forest Hills,Summer 2013,2013-06-01,30.77,,2013,6,2,2
222525,386,Ozone (O3),Mean,ppb,UHF42,303,East Harlem,Summer 2013,2013-06-01,28.87,,2013,6,2,2
222429,386,Ozone (O3),Mean,ppb,UHF42,105,Crotona -Tremont,Summer 2013,2013-06-01,30.15,,2013,6,2,2
166890,375,Nitrogen dioxide (NO2),Mean,ppb,CD,307,Sunset Park (CD7),Summer 2013,2013-06-01,16.96,,2013,6,2,2
169553,365,Fine particles (PM 2.5),Mean,mcg/m3,CD,315,Sheepshead Bay (CD15),Summer 2013,2013-06-01,9.75,,2013,6,2,2
216564,386,Ozone (O3),Mean,ppb,CD,406,Rego Park and Forest Hills (CD6),Summer 2013,2013-06-01,29.99,,2013,6,2,2
169568,365,Fine particles (PM 2.5),Mean,mcg/m3,CD,412,Jamaica and Hollis (CD12),Summer 2013,2013-06-01,10.07,,2013,6,2,2
216384,386,Ozone (O3),Mean,ppb,CD,206,Belmont and East Tremont (CD6),Summer 2013,2013-06-01,30.47,,2013,6,2,2
222405,386,Ozone (O3),Mean,ppb,UHF42,101,Kingsbridge - Riverdale,Summer 2013,2013-06-01,30.37,,2013,6,2,2
176065,375,Nitrogen dioxide (NO2),Mean,ppb,UHF42,301,Washington Heights,Summer 2013,2013-06-01,18.97,,2013,6,2,2
216378,386,Ozone (O3),Mean,ppb,CD,205,Fordham and University Heights (CD5),Summer 2013,2013-06-01,29.66,,2013,6,2,2
179366,375,Nitrogen dioxide (NO2),Mean,ppb,Borough,4,Queens,Summer 2013,2013-06-01,15.6,,2013,6,2,2
172214,375,Nitrogen dioxide (NO2),Mean,ppb,UHF34,206,Borough Park,Summer 2013,2013-06-01,15.94,,2013,6,2,2
177939,365,Fine particles (PM 2.5),Mean,mcg/m3,UHF42,103,Fordham - Bronx Pk,Summer 2013,2013-06-01,10.29,,2013,6,2,2
177941,365,Fine particles (PM 2.5),Mean,mcg/m3,UHF42,105,Crotona -Tremont,Summer 2013,2013-06-01,10.94,,2013,6,2,2
177971,365,Fine particles (PM 2.5),Mean,mcg/m3,UHF42,407,Southwest Queens,Summer 2013,2013-06-01,9.88,,2013,6,2,2
177972,365,Fine particles (PM 2.5),Mean,mcg/m3,UHF42,408,Jamaica,Summer 2013,2013-06-01,10.07,,2013,6,2,2
176071,375,Nitrogen dioxide (NO2),Mean,ppb,UHF42,307,Gramercy Park - Murray Hill,Summer 2013,2013-06-01,33.89,,2013,6,2,2
176072,375,Nitrogen dioxide (NO2),Mean,ppb,UHF42,308,Greenwich Village - SoHo,Summer 2013,2013-06-01,26.13,,2013,6,2,2
222615,386,Ozone (O3),Mean,ppb,UHF42,408,Jamaica,Summer 2013,2013-06-01,31.12,,2013,6,2,2
216588,386,Ozone (O3),Mean,ppb,CD,410,South Ozone Park and Howard Beach (CD10),Summer 2013,2013-06-01,32.27,,2013,6,2,2
166913,375,Nitrogen dioxide (NO2),Mean,ppb,CD,412,Jamaica and Hollis (CD12),Summer 2013,2013-06-01,16.72,,2013,6,2,2
176067,375,Nitrogen dioxide (NO2),Mean,ppb,UHF42,303,East Harlem,Summer 2013,2013-06-01,20.7,,2013,6,2,2
176056,375,Nitrogen dioxide (NO2),Mean,ppb,UHF42,203,Bedford Stuyvesant - Crown Heights,Summer 2013,2013-06-01,18.74,,2013,6,2,2
221985,386,Ozone (O3),Mean,ppb,UHF34,503504,Southern SI,Summer 2013,2013-06-01,31.85,,2013,6,2,2
216492,386,Ozone (O3),Mean,ppb,CD,312,Borough Park (CD12),Summer 2013,2013-06-01,30.4,,2013,6,2,2
216600,386,Ozone (O3),Mean,ppb,CD,412,Jamaica and Hollis (CD12),Summer 2013,2013-06-01,31.27,,2013,6,2,2
176048,375,Nitrogen dioxide (NO2),Mean,ppb,UHF42,102,Northeast Bronx,Summer 2013,2013-06-01,14.27,,2013,6,2,2
172211,375,Nitrogen dioxide (NO2),Mean,ppb,UHF34,203,Bedford Stuyvesant - Crown Heights,Summer 2013,2013-06-01,18.74,,2013,6,2,2
176059,375,Nitrogen dioxide (NO2),Mean,ppb,UHF42,206,Borough Park,Summer 2013,2013-06-01,15.94,,2013,6,2,2
176077,375,Nitrogen dioxide (NO2),Mean,ppb,UHF42,403,Flushing - Clearview,Summer 2013,2013-06-01,15.61,,2013,6,2,2
176069,375,Nitrogen dioxide (NO2),Mean,ppb,UHF42,305,Upper East Side,Summer 2013,2013-06-01,25.15,,2013,6,2,2
176079,375,Nitrogen dioxide (NO2),Mean,ppb,UHF42,405,Ridgewood - Forest Hills,Summer 2013,2013-06-01,16.92,,2013,6,2,2
177966,365,Fine particles (PM 2.5),Mean,mcg/m3,UHF42,402,West Queens,Summer 2013,2013-06-01,10.71,,2013,6,2,2
169525,365,Fine particles (PM 2.5),Mean,mcg/m3,CD,111,East Harlem (CD11),Summer 2013,2013-06-01,10.9,,2013,6,2,2
172235,375,Nitrogen dioxide (NO2),Mean,ppb,UHF34,404406,Bayside Little Neck-Fresh Meadows,Summer 2013,2013-06-01,15.0,,2013,6,2,2
177963,365,Fine particles (PM 2.5),Mean,mcg/m3,UHF42,309,Union Square - Lower East Side,Summer 2013,2013-06-01,11.46,,2013,6,2,2
177964,365,Fine particles (PM 2.5),Mean,mcg/m3,UHF42,310,Lower Manhattan,Summer 2013,2013-06-01,12.22,,2013,6,2,2
177942,365,Fine particles (PM 2.5),Mean,mcg/m3,UHF42,106,High Bridge - Morrisania,Summer 2013,2013-06-01,10.95,,2013,6,2,2
176050,375,Nitrogen dioxide (NO2),Mean,ppb,UHF42,104,Pelham - Throgs Neck,Summer 2013,2013-06-01,14.69,,2013,6,2,2
177940,365,Fine particles (PM 2.5),Mean,mcg/m3,UHF42,104,Pelham - Throgs Neck,Summer 2013,2013-06-01,10.26,,2013,6,2,2
176052,375,Nitrogen dioxide (NO2),Mean,ppb,UHF42,106,High Bridge - Morrisania,Summer 2013,2013-06-01,19.9,,2013,6,2,2
221931,386,Ozone (O3),Mean,ppb,UHF34,407,Southwest Queens,Summer 2013,2013-06-01,31.68,,2013,6,2,2
177953,365,Fine particles (PM 2.5),Mean,mcg/m3,UHF42,210,Coney Island - Sheepshead Bay,Summer 2013,2013-06-01,9.71,,2013,6,2,2
177946,365,Fine particles (PM 2.5),Mean,mcg/m3,UHF42,203,Bedford Stuyvesant - Crown Heights,Summer 2013,2013-06-01,10.32,,2013,6,2,2
179367,375,Nitrogen dioxide (NO2),Mean,ppb,Borough,5,Staten Island,Summer 2013,2013-06-01,10.01,,2013,6,2,2
179591,365,Fine particles (PM 2.5),Mean,mcg/m3,Borough,4,Queens,Summer 2013,2013-06-01,10.09,,2013,6,2,2
177975,365,Fine particles (PM 2.5),Mean,mcg/m3,UHF42,501,Port Richmond,Summer 2013,2013-06-01,9.57,,2013,6,2,2
216336,386,Ozone (O3),Mean,ppb,CD,110,Central Harlem (CD10),Summer 2013,2013-06-01,28.5,,2013,6,2,2
216474,386,Ozone (O3),Mean,ppb,CD,309,South Crown Heights and Lefferts Gardens (CD9),Summer 2013,2013-06-01,29.62,,2013,6,2,2
166900,375,Nitrogen dioxide (NO2),Mean,ppb,CD,317,East Flatbush (CD17),Summer 2013,2013-06-01,16.68,,2013,6,2,2
177961,365,Fine particles (PM 2.5),Mean,mcg/m3,UHF42,307,Gramercy Park - Murray Hill,Summer 2013,2013-06-01,14.14,,2013,6,2,2
169539,365,Fine particles (PM 2.5),Mean,mcg/m3,CD,301,Greenpoint and Williamsburg (CD1),Summer 2013,2013-06-01,11.64,,2013,6,2,2
166899,375,Nitrogen dioxide (NO2),Mean,ppb,CD,316,Brownsville (CD16),Summer 2013,2013-06-01,17.72,,2013,6,2,2
166903,375,Nitrogen dioxide (NO2),Mean,ppb,CD,402,Woodside and Sunnyside (CD2),Summer 2013,2013-06-01,17.98,,2013,6,2,2
172222,375,Nitrogen dioxide (NO2),Mean,ppb,UHF34,303,East Harlem,Summer 2013,2013-06-01,20.7,,2013,6,2,2
221829,386,Ozone (O3),Mean,ppb,UHF34,203,Bedford Stuyvesant - Crown Heights,Summer 2013,2013-06-01,29.66,,2013,6,2,2
221955,386,Ozone (O3),Mean,ppb,UHF34,305307,Upper East Side-Gramercy,Summer 2013,2013-06-01,24.26,,2013,6,2,2
216360,386,Ozone (O3),Mean,ppb,CD,202,Hunts Point and Longwood (CD2),Summer 2013,2013-06-01,31.87,,2013,6,2,2
216312,386,Ozone (O3),Mean,ppb,CD,106,Stuyvesant Town and Turtle Bay (CD6),Summer 2013,2013-06-01,23.11,,2013,6,2,2
177962,365,Fine particles (PM 2.5),Mean,mcg/m3,UHF42,308,Greenwich Village - SoHo,Summer 2013,2013-06-01,12.02,,2013,6,2,2
172230,375,Nitrogen dioxide (NO2),Mean,ppb,UHF34,409,Southeast Queens,Summer 2013,2013-06-01,14.59,,2013,6,2,2
172206,375,Nitrogen dioxide (NO2),Mean,ppb,UHF34,102,Northeast Bronx,Summer 2013,2013-06-01,14.27,,2013,6,2,2
172220,375,Nitrogen dioxide (NO2),Mean,ppb,UHF34,301,Washington Heights,Summer 2013,2013-06-01,18.97,,2013,6,2,2
216516,386,Ozone (O3),Mean,ppb,CD,316,Brownsville (CD16),Summer 2013,2013-06-01,30.74,,2013,6,2,2
172215,375,Nitrogen dioxide (NO2),Mean,ppb,UHF34,207,East Flatbush - Flatbush,Summer 2013,2013-06-01,16.52,,2013,6,2,2
221817,386,Ozone (O3),Mean,ppb,UHF34,201,Greenpoint,Summer 2013,2013-06-01,29.77,,2013,6,2,2
176061,375,Nitrogen dioxide (NO2),Mean,ppb,UHF42,208,Canarsie - Flatlands,Summer 2013,2013-06-01,12.05,,2013,6,2,2
179363,375,Nitrogen dioxide (NO2),Mean,ppb,Borough,1,Bronx,Summer 2013,2013-06-01,15.91,,2013,6,2,2
216372,386,Ozone (O3),Mean,ppb,CD,204,Highbridge and Concourse (CD4),Summer 2013,2013-06-01,29.73,,2013,6,2,2
172227,375,Nitrogen dioxide (NO2),Mean,ppb,UHF34,405,Ridgewood - Forest Hills,Summer 2013,2013-06-01,16.92,,2013,6,2,2
173765,365,Fine particles (PM 2.5),Mean,mcg/m3,UHF34,404406,Bayside Little Neck-Fresh Meadows,Summer 2013,2013-06-01,9.95,,2013,6,2,2
177955,365,Fine particles (PM 2.5),Mean,mcg/m3,UHF42,301,Washington Heights,Summer 2013,2013-06-01,10.35,,2013,6,2,2
176054,375,Nitrogen dioxide (NO2),Mean,ppb,UHF42,201,Greenpoint,Summer 2013,2013-06-01,18.89,,2013,6,2,2
177944,365,Fine particles (PM 2.5),Mean,mcg/m3,UHF42,201,Greenpoint,Summer 2013,2013-06-01,11.54,,2013,6,2,2
166881,375,Nitrogen dioxide (NO2),Mean,ppb,CD,210,Throgs Neck and Co-op City (CD10),Summer 2013,2013-06-01,13.57,,2013,6,2,2
222543,386,Ozone (O3),Mean,ppb,UHF42,306,Chelsea - Clinton,Summer 2013,2013-06-01,23.53,,2013,6,2,2
166875,375,Nitrogen dioxide (NO2),Mean,ppb,CD,204,Highbridge and Concourse (CD4),Summer 2013,2013-06-01,20.19,,2013,6,2,2
222453,386,Ozone (O3),Mean,ppb,UHF42,202,Downtown - Heights - Slope,Summer 2013,2013-06-01,28.04,,2013,6,2,2
176076,375,Nitrogen dioxide (NO2),Mean,ppb,UHF42,402,West Queens,Summer 2013,2013-06-01,18.1,,2013,6,2,2
169560,365,Fine particles (PM 2.5),Mean,mcg/m3,CD,404,Elmhurst and Corona (CD4),Summer 2013,2013-06-01,10.46,,2013,6,2,2
222465,386,Ozone (O3),Mean,ppb,UHF42,204,East New York,Summer 2013,2013-06-01,31.51,,2013,6,2,2
216444,386,Ozone (O3),Mean,ppb,CD,304,Bushwick (CD4),Summer 2013,2013-06-01,30.37,,2013,6,2,2
216552,386,Ozone (O3),Mean,ppb,CD,404,Elmhurst and Corona (CD4),Summer 2013,2013-06-01,30.21,,2013,6,2,2
216630,386,Ozone (O3),Mean,ppb,CD,503,Tottenville and Great Kills (CD3),Summer 2013,2013-06-01,32.64,,2013,6,2,2
169526,365,Fine particles (PM 2.5),Mean,mcg/m3,CD,112,Washington Heights and Inwood (CD12),Summer 2013,2013-06-01,10.49,,2013,6,2,2
176081,375,Nitrogen dioxide (NO2),Mean,ppb,UHF42,407,Southwest Queens,Summer 2013,2013-06-01,16.55,,2013,6,2,2
166872,375,Nitrogen dioxide (NO2),Mean,ppb,CD,201,Mott Haven and Melrose (CD1),Summer 2013,2013-06-01,18.86,,2013,6,2,2
176074,375,Nitrogen dioxide (NO2),Mean,ppb,UHF42,310,Lower Manhattan,Summer 2013,2013-06-01,27.85,,2013,6,2,2
169532,365,Fine particles (PM 2.5),Mean,mcg/m3,CD,206,Belmont and East Tremont (CD6),Summer 2013,2013-06-01,10.7,,2013,6,2,2
166882,375,Nitrogen dioxide (NO2),Mean,ppb,CD,211,Morris Park and Bronxdale (CD11),Summer 2013,2013-06-01,14.97,,2013,6,2,2
176066,375,Nitrogen dioxide (NO2),Mean,ppb,UHF42,302,Central Harlem - Morningside Heights,Summer 2013,2013-06-01,21.54,,2013,6,2,2
166869,375,Nitrogen dioxide (NO2),Mean,ppb,CD,110,Central Harlem (CD10),Summer 2013,2013-06-01,21.63,,2013,6,2,2
216570,386,Ozone (O3),Mean,ppb,CD,407,Flushing and Whitestone (CD7),Summer 2013,2013-06-01,31.46,,2013,6,2,2
169572,365,Fine particles (PM 2.5),Mean,mcg/m3,CD,502,South Beach and Willowbrook (CD2),Summer 2013,2013-06-01,9.41,,2013,6,2,2
166874,375,Nitrogen dioxide (NO2),Mean,ppb,CD,203,Morrisania and Crotona (CD3),Summer 2013,2013-06-01,18.47,,2013,6,2,2
216624,386,Ozone (O3),Mean,ppb,CD,502,South Beach and Willowbrook (CD2),Summer 2013,2013-06-01,31.28,,2013,6,2,2
222579,386,Ozone (O3),Mean,ppb,UHF42,402,West Queens,Summer 2013,2013-06-01,30.68,,2013,6,2,2
176073,375,Nitrogen dioxide (NO2),Mean,ppb,UHF42,309,Union Square - Lower East Side,Summer 2013,2013-06-01,24.15,,2013,6,2,2
216546,386,Ozone (O3),Mean,ppb,CD,403,Jackson Heights (CD3),Summer 2013,2013-06-01,30.74,,2013,6,2,2
222459,386,Ozone (O3),Mean,ppb,UHF42,203,Bedford Stuyvesant - Crown Heights,Summer 2013,2013-06-01,29.66,,2013,6,2,2
222591,386,Ozone (O3),Mean,ppb,UHF42,404,Bayside - Little Neck,Summer 2013,2013-06-01,30.76,,2013,6,2,2
222537,386,Ozone (O3),Mean,ppb,UHF42,305,Upper East Side,Summer 2013,2013-06-01,26.32,,2013,6,2,2
176083,375,Nitrogen dioxide (NO2),Mean,ppb,UHF42,409,Southeast Queens,Summer 2013,2013-06-01,14.59,,2013,6,2,2
166917,375,Nitrogen dioxide (NO2),Mean,ppb,CD,502,South Beach and Willowbrook (CD2),Summer 2013,2013-06-01,9.91,,2013,6,2,2
216540,386,Ozone (O3),Mean,ppb,CD,402,Woodside and Sunnyside (CD2),Summer 2013,2013-06-01,30.71,,2013,6,2,2
166916,375,Nitrogen dioxide (NO2),Mean,ppb,CD,501,St. George and Stapleton (CD1),Summer 2013,2013-06-01,14.02,,2013,6,2,2
166902,375,Nitrogen dioxide (NO2),Mean,ppb,CD,401,Long Island City and Astoria (CD1),Summer 2013,2013-06-01,17.08,,2013,6,2,2
222477,386,Ozone (O3),Mean,ppb,UHF42,206,Borough Park,Summer 2013,2013-06-01,30.61,,2013,6,2,2
222489,386,Ozone (O3),Mean,ppb,UHF42,208,Canarsie - Flatlands,Summer 2013,2013-06-01,33.7,,2013,6,2,2
216582,386,Ozone (O3),Mean,ppb,CD,409,Kew Gardens and Woodhaven (CD9),Summer 2013,2013-06-01,30.81,,2013,6,2,2
216558,386,Ozone (O3),Mean,ppb,CD,405,Ridgewood and Maspeth (CD5),Summer 2013,2013-06-01,31.08,,2013,6,2,2
216450,386,Ozone (O3),Mean,ppb,CD,305,East New York and Starrett City (CD5),Summer 2013,2013-06-01,31.88,,2013,6,2,2
166867,375,Nitrogen dioxide (NO2),Mean,ppb,CD,108,Upper East Side (CD8),Summer 2013,2013-06-01,25.3,,2013,6,2,2
216528,386,Ozone (O3),Mean,ppb,CD,318,Flatlands and Canarsie (CD18),Summer 2013,2013-06-01,33.65,,2013,6,2,2
169551,365,Fine particles (PM 2.5),Mean,mcg/m3,CD,313,Coney Island (CD13),Summer 2013,2013-06-01,9.63,,2013,6,2,2
216366,386,Ozone (O3),Mean,ppb,CD,203,Morrisania and Crotona (CD3),Summer 2013,2013-06-01,30.43,,2013,6,2,2
221991,386,Ozone (O3),Mean,ppb,UHF34,105106107,South Bronx,Summer 2013,2013-06-01,30.69,,2013,6,2,2
221937,386,Ozone (O3),Mean,ppb,UHF34,408,Jamaica,Summer 2013,2013-06-01,31.12,,2013,6,2,2
166861,375,Nitrogen dioxide (NO2),Mean,ppb,CD,102,Greenwich Village and Soho (CD2),Summer 2013,2013-06-01,26.19,,2013,6,2,2
169519,365,Fine particles (PM 2.5),Mean,mcg/m3,CD,105,Midtown (CD5),Summer 2013,2013-06-01,15.03,,2013,6,2,2
176082,375,Nitrogen dioxide (NO2),Mean,ppb,UHF42,408,Jamaica,Summer 2013,2013-06-01,16.57,,2013,6,2,2
166904,375,Nitrogen dioxide (NO2),Mean,ppb,CD,403,Jackson Heights (CD3),Summer 2013,2013-06-01,17.84,,2013,6,2,2
222549,386,Ozone (O3),Mean,ppb,UHF42,307,Gramercy Park - Murray Hill,Summer 2013,2013-06-01,21.93,,2013,6,2,2
216354,386,Ozone (O3),Mean,ppb,CD,201,Mott Haven and Melrose (CD1),Summer 2013,2013-06-01,30.57,,2013,6,2,2
173766,365,Fine particles (PM 2.5),Mean,mcg/m3,UHF34,501502,Northern SI,Summer 2013,2013-06-01,9.42,,2013,6,2,2
173764,365,Fine particles (PM 2.5),Mean,mcg/m3,UHF34,309310,Union Square-Lower Manhattan,Summer 2013,2013-06-01,11.69,,2013,6,2,2
173750,365,Fine particles (PM 2.5),Mean,mcg/m3,UHF34,301,Washington Heights,Summer 2013,2013-06-01,10.52,,2013,6,2,2
179590,365,Fine particles (PM 2.5),Mean,mcg/m3,Borough,3,Manhattan,Summer 2013,2013-06-01,11.81,,2013,6,2,2
216288,386,Ozone (O3),Mean,ppb,CD,102,Greenwich Village and Soho (CD2),Summer 2013,2013-06-01,25.09,,2013,6,2,2
216498,386,Ozone (O3),Mean,ppb,CD,313,Coney Island (CD13),Summer 2013,2013-06-01,34.64,,2013,6,2,2
219987,386,Ozone (O3),Mean,ppb,Borough,4,Queens,Summer 2013,2013-06-01,31.6,,2013,6,2,2
172236,375,Nitrogen dioxide (NO2),Mean,ppb,UHF34,501502,Northern SI,Summer 2013,2013-06-01,12.59,,2013,6,2,2
216438,386,Ozone (O3),Mean,ppb,CD,303,Bedford Stuyvesant (CD3),Summer 2013,2013-06-01,29.07,,2013,6,2,2
166880,375,Nitrogen dioxide (NO2),Mean,ppb,CD,209,Parkchester and Soundview (CD9),Summer 2013,2013-06-01,16.04,,2013,6,2,2
166891,375,Nitrogen dioxide (NO2),Mean,ppb,CD,308,Crown Heights and Prospect Heights (CD8),Summer 2013,2013-06-01,19.36,,2013,6,2,2
166883,375,Nitrogen dioxide (NO2),Mean,ppb,CD,212,Williamsbridge and Baychester (CD12),Summer 2013,2013-06-01,13.84,,2013,6,2,2
166871,375,Nitrogen dioxide (NO2),Mean,ppb,CD,112,Washington Heights and Inwood (CD12),Summer 2013,2013-06-01,18.43,,2013,6,2,2
169540,365,Fine particles (PM 2.5),Mean,mcg/m3,CD,302,Fort Greene and Brooklyn Heights (CD2),Summer 2013,2013-06-01,10.98,,2013,6,2,2
172207,375,Nitrogen dioxide (NO2),Mean,ppb,UHF34,103,Fordham - Bronx Pk,Summer 2013,2013-06-01,15.98,,2013,6,2,2
172226,375,Nitrogen dioxide (NO2),Mean,ppb,UHF34,403,Flushing - Clearview,Summer 2013,2013-06-01,15.6,,2013,6,2,2
216402,386,Ozone (O3),Mean,ppb,CD,209,Parkchester and Soundview (CD9),Summer 2013,2013-06-01,31.54,,2013,6,2,2
222639,386,Ozone (O3),Mean,ppb,UHF42,502,Stapleton - St. George,Summer 2013,2013-06-01,30.61,,2013,6,2,2
177954,365,Fine particles (PM 2.5),Mean,mcg/m3,UHF42,211,Williamsburg - Bushwick,Summer 2013,2013-06-01,12.2,,2013,6,2,2
169570,365,Fine particles (PM 2.5),Mean,mcg/m3,CD,414,Rockaway and Broad Channel (CD14),Summer 2013,2013-06-01,9.44,,2013,6,2,2
216414,386,Ozone (O3),Mean,ppb,CD,211,Morris Park and Bronxdale (CD11),Summer 2013,2013-06-01,31.59,,2013,6,2,2
216330,386,Ozone (O3),Mean,ppb,CD,109,Morningside Heights and Hamilton Heights (CD9),Summer 2013,2013-06-01,28.29,,2013,6,2,2
166885,375,Nitrogen dioxide (NO2),Mean,ppb,CD,302,Fort Greene and Brooklyn Heights (CD2),Summer 2013,2013-06-01,20.8,,2013,6,2,2
216594,386,Ozone (O3),Mean,ppb,CD,411,Bayside and Little Neck (CD11),Summer 2013,2013-06-01,30.83,,2013,6,2,2
166873,375,Nitrogen dioxide (NO2),Mean,ppb,CD,202,Hunts Point and Longwood (CD2),Summer 2013,2013-06-01,17.22,,2013,6,2,2
216534,386,Ozone (O3),Mean,ppb,CD,401,Long Island City and Astoria (CD1),Summer 2013,2013-06-01,31.21,,2013,6,2,2
216618,386,Ozone (O3),Mean,ppb,CD,501,St. George and Stapleton (CD1),Summer 2013,2013-06-01,29.18,,2013,6,2,2
166879,375,Nitrogen dioxide (NO2),Mean,ppb,CD,208,Riverdale and Fieldston (CD8),Summer 2013,2013-06-01,14.22,,2013,6,2,2
216522,386,Ozone (O3),Mean,ppb,CD,317,East Flatbush (CD17),Summer 2013,2013-06-01,31.02,,2013,6,2,2
176070,375,Nitrogen dioxide (NO2),Mean,ppb,UHF42,306,Chelsea - Clinton,Summer 2013,2013-06-01,30.68,,2013,6,2,2
222519,386,Ozone (O3),Mean,ppb,UHF42,302,Central Harlem - Morningside Heights,Summer 2013,2013-06-01,28.4,,2013,6,2,2
169535,365,Fine particles (PM 2.5),Mean,mcg/m3,CD,209,Parkchester and Soundview (CD9),Summer 2013,2013-06-01,10.37,,2013,6,2,2
166863,375,Nitrogen dioxide (NO2),Mean,ppb,CD,104,Clinton and Chelsea (CD4),Summer 2013,2013-06-01,27.36,,2013,6,2,2
166860,375,Nitrogen dioxide (NO2),Mean,ppb,CD,101,Financial District (CD1),Summer 2013,2013-06-01,27.81,,2013,6,2,2
179589,365,Fine particles (PM 2.5),Mean,mcg/m3,Borough,2,Brooklyn,Summer 2013,2013-06-01,10.27,,2013,6,2,2
222585,386,Ozone (O3),Mean,ppb,UHF42,403,Flushing - Clearview,Summer 2013,2013-06-01,31.43,,2013,6,2,2
177952,365,Fine particles (PM 2.5),Mean,mcg/m3,UHF42,209,Bensonhurst - Bay Ridge,Summer 2013,2013-06-01,9.77,,2013,6,2,2
216426,386,Ozone (O3),Mean,ppb,CD,301,Greenpoint and Williamsburg (CD1),Summer 2013,2013-06-01,29.77,,2013,6,2,2
169562,365,Fine particles (PM 2.5),Mean,mcg/m3,CD,406,Rego Park and Forest Hills (CD6),Summer 2013,2013-06-01,10.35,,2013,6,2,2
222603,386,Ozone (O3),Mean,ppb,UHF42,406,Fresh Meadows,Summer 2013,2013-06-01,30.67,,2013,6,2,2
216324,386,Ozone (O3),Mean,ppb,CD,108,Upper East Side (CD8),Summer 2013,2013-06-01,26.24,,2013,6,2,2
169542,365,Fine particles (PM 2.5),Mean,mcg/m3,CD,304,Bushwick (CD4),Summer 2013,2013-06-01,10.42,,2013,6,2,2
169517,365,Fine particles (PM 2.5),Mean,mcg/m3,CD,103,Lower East Side and Chinatown (CD3),Summer 2013,2013-06-01,11.25,,2013,6,2,2
173735,365,Fine particles (PM 2.5),Mean,mcg/m3,UHF34,101,Kingsbridge - Riverdale,Summer 2013,2013-06-01,10.01,,2013,6,2,2
173757,365,Fine particles (PM 2.5),Mean,mcg/m3,UHF34,405,Ridgewood - Forest Hills,Summer 2013,2013-06-01,10.17,,2013,6,2,2
166886,375,Nitrogen dioxide (NO2),Mean,ppb,CD,303,Bedford Stuyvesant (CD3),Summer 2013,2013-06-01,19.35,,2013,6,2,2
166901,375,Nitrogen dioxide (NO2),Mean,ppb,CD,318,Flatlands and Canarsie (CD18),Summer 2013,2013-06-01,11.98,,2013,6,2,2
172229,375,Nitrogen dioxide (NO2),Mean,ppb,UHF34,408,Jamaica,Summer 2013,2013-06-01,16.57,,2013,6,2,2
177974,365,Fine particles (PM 2.5),Mean,mcg/m3,UHF42,410,Rockaways,Summer 2013,2013-06-01,9.45,,2013,6,2,2
216510,386,Ozone (O3),Mean,ppb,CD,315,Sheepshead Bay (CD15),Summer 2013,2013-06-01,33.64,,2013,6,2,2
173759,365,Fine particles (PM 2.5),Mean,mcg/m3,UHF34,408,Jamaica,Summer 2013,2013-06-01,10.07,,2013,6,2,2
169541,365,Fine particles (PM 2.5),Mean,mcg/m3,CD,303,Bedford Stuyvesant (CD3),Summer 2013,2013-06-01,10.37,,2013,6,2,2
221835,386,Ozone (O3),Mean,ppb,UHF34,204,East New York,Summer 2013,2013-06-01,31.51,,2013,6,2,2
169555,365,Fine particles (PM 2.5),Mean,mcg/m3,CD,317,East Flatbush (CD17),Summer 2013,2013-06-01,10.28,,2013,6,2,2
216576,386,Ozone (O3),Mean,ppb,CD,408,Hillcrest and Fresh Meadows (CD8),Summer 2013,2013-06-01,30.38,,2013,6,2,2
216468,386,Ozone (O3),Mean,ppb,CD,308,Crown Heights and Prospect Heights (CD8),Summer 2013,2013-06-01,29.02,,2013,6,2,2
173754,365,Fine particles (PM 2.5),Mean,mcg/m3,UHF34,401,Long Island City - Astoria,Summer 2013,2013-06-01,11.07,,2013,6,2,2
221841,386,Ozone (O3),Mean,ppb,UHF34,205,Sunset Park,Summer 2013,2013-06-01,29.67,,2013,6,2,2
221895,386,Ozone (O3),Mean,ppb,UHF34,303,East Harlem,Summer 2013,2013-06-01,28.87,,2013,6,2,2
221811,386,Ozone (O3),Mean,ppb,UHF34,104,Pelham - Throgs Neck,Summer 2013,2013-06-01,32.06,,2013,6,2,2
221919,386,Ozone (O3),Mean,ppb,UHF34,403,Flushing - Clearview,Summer 2013,2013-06-01,31.43,,2013,6,2,2
172205,375,Nitrogen dioxide (NO2),Mean,ppb,UHF34,101,Kingsbridge - Riverdale,Summer 2013,2013-06-01,14.2,,2013,6,2,2
216612,386,Ozone (O3),Mean,ppb,CD,414,Rockaway and Broad Channel (CD14),Summer 2013,2013-06-01,36.93,,2013,6,2,2
216504,386,Ozone (O3),Mean,ppb,CD,314,Flatbush and Midwood (CD14),Summer 2013,2013-06-01,30.75,,2013,6,2,2
166868,375,Nitrogen dioxide (NO2),Mean,ppb,CD,109,Morningside Heights and Hamilton Heights (CD9),Summer 2013,2013-06-01,21.4,,2013,6,2,2
177937,365,Fine particles (PM 2.5),Mean,mcg/m3,UHF42,101,Kingsbridge - Riverdale,Summer 2013,2013-06-01,10.01,,2013,6,2,2
173745,365,Fine particles (PM 2.5),Mean,mcg/m3,UHF34,207,East Flatbush - Flatbush,Summer 2013,2013-06-01,10.17,,2013,6,2,2
173761,365,Fine particles (PM 2.5),Mean,mcg/m3,UHF34,410,Rockaways,Summer 2013,2013-06-01,9.45,,2013,6,2,2
177943,365,Fine particles (PM 2.5),Mean,mcg/m3,UHF42,107,Hunts Point - Mott Haven,Summer 2013,2013-06-01,9.39,,2013,6,2,2
169524,365,Fine particles (PM 2.5),Mean,mcg/m3,CD,110,Central Harlem (CD10),Summer 2013,2013-06-01,10.71,,2013,6,2,2
173737,365,Fine particles (PM 2.5),Mean,mcg/m3,UHF34,103,Fordham - Bronx Pk,Summer 2013,2013-06-01,10.29,,2013,6,2,2
169536,365,Fine particles (PM 2.5),Mean,mcg/m3,CD,210,Throgs Neck and Co-op City (CD10),Summer 2013,2013-06-01,10.25,,2013,6,2,2
172219,375,Nitrogen dioxide (NO2),Mean,ppb,UHF34,211,Williamsburg - Bushwick,Summer 2013,2013-06-01,19.13,,2013,6,2,2
173738,365,Fine particles (PM 2.5),Mean,mcg/m3,UHF34,104,Pelham - Throgs Neck,Summer 2013,2013-06-01,10.26,,2013,6,2,2
173755,365,Fine particles (PM 2.5),Mean,mcg/m3,UHF34,402,West Queens,Summer 2013,2013-06-01,10.71,,2013,6,2,2
173740,365,Fine particles (PM 2.5),Mean,mcg/m3,UHF34,202,Downtown - Heights - Slope,Summer 2013,2013-06-01,10.95,,2013,6,2,2
173741,365,Fine particles (PM 2.5),Mean,mcg/m3,UHF34,203,Bedford Stuyvesant - Crown Heights,Summer 2013,2013-06-01,10.32,,2013,6,2,2
222501,386,Ozone (O3),Mean,ppb,UHF42,210,Coney Island - Sheepshead Bay,Summer 2013,2013-06-01,33.88,,2013,6,2,2
222627,386,Ozone (O3),Mean,ppb,UHF42,410,Rockaways,Summer 2013,2013-06-01,36.84,,2013,6,2,2
219981,386,Ozone (O3),Mean,ppb,Borough,3,Manhattan,Summer 2013,2013-06-01,26.33,,2013,6,2,2
169529,365,Fine particles (PM 2.5),Mean,mcg/m3,CD,203,Morrisania and Crotona (CD3),Summer 2013,2013-06-01,10.62,,2013,6,2,2
169520,365,Fine particles (PM 2.5),Mean,mcg/m3,CD,106,Stuyvesant Town and Turtle Bay (CD6),Summer 2013,2013-06-01,13.31,,2013,6,2,2
169556,365,Fine particles (PM 2.5),Mean,mcg/m3,CD,318,Flatlands and Canarsie (CD18),Summer 2013,2013-06-01,9.82,,2013,6,2,2
166906,375,Nitrogen dioxide (NO2),Mean,ppb,CD,405,Ridgewood and Maspeth (CD5),Summer 2013,2013-06-01,16.74,,2013,6,2,2
169558,365,Fine particles (PM 2.5),Mean,mcg/m3,CD,402,Woodside and Sunnyside (CD2),Summer 2013,2013-06-01,11.59,,2013,6,2,2
177973,365,Fine particles (PM 2.5),Mean,mcg/m3,UHF42,409,Southeast Queens,Summer 2013,2013-06-01,9.75,,2013,6,2,2
177949,365,Fine particles (PM 2.5),Mean,mcg/m3,UHF42,206,Borough Park,Summer 2013,2013-06-01,10.02,,2013,6,2,2
166908,375,Nitrogen dioxide (NO2),Mean,ppb,CD,407,Flushing and Whitestone (CD7),Summer 2013,2013-06-01,15.58,,2013,6,2,2
173742,365,Fine particles (PM 2.5),Mean,mcg/m3,UHF34,204,East New York,Summer 2013,2013-06-01,10.36,,2013,6,2,2
166911,375,Nitrogen dioxide (NO2),Mean,ppb,CD,410,South Ozone Park and Howard Beach (CD10),Summer 2013,2013-06-01,15.84,,2013,6,2,2
169548,365,Fine particles (PM 2.5),Mean,mcg/m3,CD,310,Bay Ridge and Dyker Heights (CD10),Summer 2013,2013-06-01,9.91,,2013,6,2,2
166876,375,Nitrogen dioxide (NO2),Mean,ppb,CD,205,Fordham and University Heights (CD5),Summer 2013,2013-06-01,20.23,,2013,6,2,2
172217,375,Nitrogen dioxide (NO2),Mean,ppb,UHF34,209,Bensonhurst - Bay Ridge,Summer 2013,2013-06-01,13.99,,2013,6,2,2
221979,386,Ozone (O3),Mean,ppb,UHF34,501502,Northern SI,Summer 2013,2013-06-01,29.99,,2013,6,2,2
221967,386,Ozone (O3),Mean,ppb,UHF34,309310,Union Square-Lower Manhattan,Summer 2013,2013-06-01,25.27,,2013,6,2,2
179588,365,Fine particles (PM 2.5),Mean,mcg/m3,Borough,1,Bronx,Summer 2013,2013-06-01,10.44,,2013,6,2,2
177951,365,Fine particles (PM 2.5),Mean,mcg/m3,UHF42,208,Canarsie - Flatlands,Summer 2013,2013-06-01,9.85,,2013,6,2,2
173747,365,Fine particles (PM 2.5),Mean,mcg/m3,UHF34,209,Bensonhurst - Bay Ridge,Summer 2013,2013-06-01,9.77,,2013,6,2,2
173749,365,Fine particles (PM 2.5),Mean,mcg/m3,UHF34,211,Williamsburg - Bushwick,Summer 2013,2013-06-01,10.93,,2013,6,2,2
169557,365,Fine particles (PM 2.5),Mean,mcg/m3,CD,401,Long Island City and Astoria (CD1),Summer 2013,2013-06-01,10.35,,2013,6,2,2
173753,365,Fine particles (PM 2.5),Mean,mcg/m3,UHF34,304,Upper West Side,Summer 2013,2013-06-01,11.38,,2013,6,2,2
222447,386,Ozone (O3),Mean,ppb,UHF42,201,Greenpoint,Summer 2013,2013-06-01,29.77,,2013,6,2,2
222513,386,Ozone (O3),Mean,ppb,UHF42,301,Washington Heights,Summer 2013,2013-06-01,29.34,,2013,6,2,2
177938,365,Fine particles (PM 2.5),Mean,mcg/m3,UHF42,102,Northeast Bronx,Summer 2013,2013-06-01,10.17,,2013,6,2,2
176062,375,Nitrogen dioxide (NO2),Mean,ppb,UHF42,209,Bensonhurst - Bay Ridge,Summer 2013,2013-06-01,13.99,,2013,6,2,2
176078,375,Nitrogen dioxide (NO2),Mean,ppb,UHF42,404,Bayside - Little Neck,Summer 2013,2013-06-01,14.07,,2013,6,2,2
169554,365,Fine particles (PM 2.5),Mean,mcg/m3,CD,316,Brownsville (CD16),Summer 2013,2013-06-01,10.44,,2013,6,2,2
176049,375,Nitrogen dioxide (NO2),Mean,ppb,UHF42,103,Fordham - Bronx Pk,Summer 2013,2013-06-01,15.98,,2013,6,2,2
221961,386,Ozone (O3),Mean,ppb,UHF34,306308,Chelsea-Village,Summer 2013,2013-06-01,24.1,,2013,6,2,2
222483,386,Ozone (O3),Mean,ppb,UHF42,207,East Flatbush - Flatbush,Summer 2013,2013-06-01,30.73,,2013,6,2,2
169530,365,Fine particles (PM 2.5),Mean,mcg/m3,CD,204,Highbridge and Concourse (CD4),Summer 2013,2013-06-01,11.06,,2013,6,2,2
221883,386,Ozone (O3),Mean,ppb,UHF34,301,Washington Heights,Summer 2013,2013-06-01,29.34,,2013,6,2,2
221799,386,Ozone (O3),Mean,ppb,UHF34,102,Northeast Bronx,Summer 2013,2013-06-01,31.68,,2013,6,2,2
173739,365,Fine particles (PM 2.5),Mean,mcg/m3,UHF34,201,Greenpoint,Summer 2013,2013-06-01,11.54,,2013,6,2,2
176075,375,Nitrogen dioxide (NO2),Mean,ppb,UHF42,401,Long Island City - Astoria,Summer 2013,2013-06-01,18.02,,2013,6,2,2
179122,375,Nitrogen dioxide (NO2),Mean,ppb,Citywide,1,New York City,Summer 2013,2013-06-01,15.2,,2013,6,2,2
222573,386,Ozone (O3),Mean,ppb,UHF42,401,Long Island City - Astoria,Summer 2013,2013-06-01,30.62,,2013,6,2,2
222633,386,Ozone (O3),Mean,ppb,UHF42,501,Port Richmond,Summer 2013,2013-06-01,28.84,,2013,6,2,2
221859,386,Ozone (O3),Mean,ppb,UHF34,208,Canarsie - Flatlands,Summer 2013,2013-06-01,33.7,,2013,6,2,2
221907,386,Ozone (O3),Mean,ppb,UHF34,401,Long Island City - Astoria,Summer 2013,2013-06-01,30.62,,2013,6,2,2
130520,642,Boiler Emissions- Total NOx Emissions,Number per km2,number,UHF42,310,Lower Manhattan,2013,2013-01-01,118.7,,2013,1,1,2
130472,641,Boiler Emissions- Total PM2.5 Emissions,Number per km2,number,UHF42,310,Lower Manhattan,2013,2013-01-01,1.7,,2013,1,1,2
130420,640,Boiler Emissions- Total SO2 Emissions,Number per km2,number,UHF42,306,Chelsea - Clinton,2013,2013-01-01,67.4,,2013,1,1,2
130523,642,Boiler Emissions- Total NOx Emissions,Number per km2,number,UHF42,403,Flushing - Clearview,2013,2013-01-01,18.7,,2013,1,1,2
130530,642,Boiler Emissions- Total NOx Emissions,Number per km2,number,UHF42,410,Rockaways,2013,2013-01-01,6.1,,2013,1,1,2
130482,641,Boiler Emissions- Total PM2.5 Emissions,Number per km2,number,UHF42,410,Rockaways,2013,2013-01-01,0.0,,2013,1,1,2
130445,641,Boiler Emissions- Total PM2.5 Emissions,Number per km2,number,UHF42,101,Kingsbridge - Riverdale,2013,2013-01-01,2.0,,2013,1,1,2
130408,640,Boiler Emissions- Total SO2 Emissions,Number per km2,number,UHF42,205,Sunset Park,2013,2013-01-01,0.1,,2013,1,1,2
130497,642,Boiler Emissions- Total NOx Emissions,Number per km2,number,UHF42,105,Crotona -Tremont,2013,2013-01-01,62.5,,2013,1,1,2
130451,641,Boiler Emissions- Total PM2.5 Emissions,Number per km2,number,UHF42,107,Hunts Point - Mott Haven,2013,2013-01-01,0.4,,2013,1,1,2
130467,641,Boiler Emissions- Total PM2.5 Emissions,Number per km2,number,UHF42,305,Upper East Side,2013,2013-01-01,10.8,,2013,1,1,2
130498,642,Boiler Emissions- Total NOx Emissions,Number per km2,number,UHF42,106,High Bridge - Morrisania,2013,2013-01-01,78.0,,2013,1,1,2
130515,642,Boiler Emissions- Total NOx Emissions,Number per km2,number,UHF42,305,Upper East Side,2013,2013-01-01,269.8,,2013,1,1,2
130500,642,Boiler Emissions- Total NOx Emissions,Number per km2,number,UHF42,201,Greenpoint,2013,2013-01-01,18.9,,2013,1,1,2
130463,641,Boiler Emissions- Total PM2.5 Emissions,Number per km2,number,UHF42,301,Washington Heights,2013,2013-01-01,5.8,,2013,1,1,2
130446,641,Boiler Emissions- Total PM2.5 Emissions,Number per km2,number,UHF42,102,Northeast Bronx,2013,2013-01-01,0.3,,2013,1,1,2
130426,640,Boiler Emissions- Total SO2 Emissions,Number per km2,number,UHF42,402,West Queens,2013,2013-01-01,2.3,,2013,1,1,2
130415,640,Boiler Emissions- Total SO2 Emissions,Number per km2,number,UHF42,301,Washington Heights,2013,2013-01-01,51.0,,2013,1,1,2
130485,641,Boiler Emissions- Total PM2.5 Emissions,Number per km2,number,UHF42,503,Willowbrook,2013,2013-01-01,0.0,,2013,1,1,2
130434,640,Boiler Emissions- Total SO2 Emissions,Number per km2,number,UHF42,410,Rockaways,2013,2013-01-01,0.0,,2013,1,1,2
130499,642,Boiler Emissions- Total NOx Emissions,Number per km2,number,UHF42,107,Hunts Point - Mott Haven,2013,2013-01-01,36.8,,2013,1,1,2
130525,642,Boiler Emissions- Total NOx Emissions,Number per km2,number,UHF42,405,Ridgewood - Forest Hills,2013,2013-01-01,23.6,,2013,1,1,2
130532,642,Boiler Emissions- Total NOx Emissions,Number per km2,number,UHF42,502,Stapleton - St. George,2013,2013-01-01,4.7,,2013,1,1,2
130484,641,Boiler Emissions- Total PM2.5 Emissions,Number per km2,number,UHF42,502,Stapleton - St. George,2013,2013-01-01,0.0,,2013,1,1,2
130522,642,Boiler Emissions- Total NOx Emissions,Number per km2,number,UHF42,402,West Queens,2013,2013-01-01,24.6,,2013,1,1,2
130474,641,Boiler Emissions- Total PM2.5 Emissions,Number per km2,number,UHF42,402,West Queens,2013,2013-01-01,0.3,,2013,1,1,2
130437,640,Boiler Emissions- Total SO2 Emissions,Number per km2,number,UHF42,503,Willowbrook,2013,2013-01-01,0.0,,2013,1,1,2
130513,642,Boiler Emissions- Total NOx Emissions,Number per km2,number,UHF42,303,East Harlem,2013,2013-01-01,55.8,,2013,1,1,2
130430,640,Boiler Emissions- Total SO2 Emissions,Number per km2,number,UHF42,406,Fresh Meadows,2013,2013-01-01,4.3,,2013,1,1,2
130465,641,Boiler Emissions- Total PM2.5 Emissions,Number per km2,number,UHF42,303,East Harlem,2013,2013-01-01,1.3,,2013,1,1,2
130534,642,Boiler Emissions- Total NOx Emissions,Number per km2,number,UHF42,504,South Beach - Tottenville,2013,2013-01-01,2.0,,2013,1,1,2
130428,640,Boiler Emissions- Total SO2 Emissions,Number per km2,number,UHF42,404,Bayside - Little Neck,2013,2013-01-01,1.6,,2013,1,1,2
130400,640,Boiler Emissions- Total SO2 Emissions,Number per km2,number,UHF42,104,Pelham - Throgs Neck,2013,2013-01-01,4.4,,2013,1,1,2
130405,640,Boiler Emissions- Total SO2 Emissions,Number per km2,number,UHF42,202,Downtown - Heights - Slope,2013,2013-01-01,0.8,,2013,1,1,2
130478,641,Boiler Emissions- Total PM2.5 Emissions,Number per km2,number,UHF42,406,Fresh Meadows,2013,2013-01-01,0.5,,2013,1,1,2
130503,642,Boiler Emissions- Total NOx Emissions,Number per km2,number,UHF42,204,East New York,2013,2013-01-01,14.7,,2013,1,1,2
130455,641,Boiler Emissions- Total PM2.5 Emissions,Number per km2,number,UHF42,204,East New York,2013,2013-01-01,0.0,,2013,1,1,2
130516,642,Boiler Emissions- Total NOx Emissions,Number per km2,number,UHF42,306,Chelsea - Clinton,2013,2013-01-01,204.8,,2013,1,1,2
130443,640,Boiler Emissions- Total SO2 Emissions,Number per km2,number,Borough,4,Queens,2013,2013-01-01,2.2,,2013,1,1,2
130447,641,Boiler Emissions- Total PM2.5 Emissions,Number per km2,number,UHF42,103,Fordham - Bronx Pk,2013,2013-01-01,3.0,,2013,1,1,2
130454,641,Boiler Emissions- Total PM2.5 Emissions,Number per km2,number,UHF42,203,Bedford Stuyvesant - Crown Heights,2013,2013-01-01,0.1,,2013,1,1,2
130486,641,Boiler Emissions- Total PM2.5 Emissions,Number per km2,number,UHF42,504,South Beach - Tottenville,2013,2013-01-01,0.0,,2013,1,1,2
130528,642,Boiler Emissions- Total NOx Emissions,Number per km2,number,UHF42,408,Jamaica,2013,2013-01-01,13.2,,2013,1,1,2
130480,641,Boiler Emissions- Total PM2.5 Emissions,Number per km2,number,UHF42,408,Jamaica,2013,2013-01-01,0.1,,2013,1,1,2
130493,642,Boiler Emissions- Total NOx Emissions,Number per km2,number,UHF42,101,Kingsbridge - Riverdale,2013,2013-01-01,42.5,,2013,1,1,2
130404,640,Boiler Emissions- Total SO2 Emissions,Number per km2,number,UHF42,201,Greenpoint,2013,2013-01-01,0.4,,2013,1,1,2
130432,640,Boiler Emissions- Total SO2 Emissions,Number per km2,number,UHF42,408,Jamaica,2013,2013-01-01,0.5,,2013,1,1,2
130411,640,Boiler Emissions- Total SO2 Emissions,Number per km2,number,UHF42,208,Canarsie - Flatlands,2013,2013-01-01,0.0,,2013,1,1,2
130496,642,Boiler Emissions- Total NOx Emissions,Number per km2,number,UHF42,104,Pelham - Throgs Neck,2013,2013-01-01,24.9,,2013,1,1,2
130448,641,Boiler Emissions- Total PM2.5 Emissions,Number per km2,number,UHF42,104,Pelham - Throgs Neck,2013,2013-01-01,0.5,,2013,1,1,2
130406,640,Boiler Emissions- Total SO2 Emissions,Number per km2,number,UHF42,203,Bedford Stuyvesant - Crown Heights,2013,2013-01-01,0.9,,2013,1,1,2
130456,641,Boiler Emissions- Total PM2.5 Emissions,Number per km2,number,UHF42,205,Sunset Park,2013,2013-01-01,0.0,,2013,1,1,2
130452,641,Boiler Emissions- Total PM2.5 Emissions,Number per km2,number,UHF42,201,Greenpoint,2013,2013-01-01,0.1,,2013,1,1,2
130483,641,Boiler Emissions- Total PM2.5 Emissions,Number per km2,number,UHF42,501,Port Richmond,2013,2013-01-01,0.0,,2013,1,1,2
130419,640,Boiler Emissions- Total SO2 Emissions,Number per km2,number,UHF42,305,Upper East Side,2013,2013-01-01,95.0,,2013,1,1,2
130464,641,Boiler Emissions- Total PM2.5 Emissions,Number per km2,number,UHF42,302,Central Harlem - Morningside Heights,2013,2013-01-01,2.0,,2013,1,1,2
130490,641,Boiler Emissions- Total PM2.5 Emissions,Number per km2,number,Borough,3,Manhattan,2013,2013-01-01,5.9,,2013,1,1,2
130403,640,Boiler Emissions- Total SO2 Emissions,Number per km2,number,UHF42,107,Hunts Point - Mott Haven,2013,2013-01-01,3.3,,2013,1,1,2
130475,641,Boiler Emissions- Total PM2.5 Emissions,Number per km2,number,UHF42,403,Flushing - Clearview,2013,2013-01-01,0.6,,2013,1,1,2
130410,640,Boiler Emissions- Total SO2 Emissions,Number per km2,number,UHF42,207,East Flatbush - Flatbush,2013,2013-01-01,2.3,,2013,1,1,2
130512,642,Boiler Emissions- Total NOx Emissions,Number per km2,number,UHF42,302,Central Harlem - Morningside Heights,2013,2013-01-01,82.1,,2013,1,1,2
130435,640,Boiler Emissions- Total SO2 Emissions,Number per km2,number,UHF42,501,Port Richmond,2013,2013-01-01,0.0,,2013,1,1,2
130458,641,Boiler Emissions- Total PM2.5 Emissions,Number per km2,number,UHF42,207,East Flatbush - Flatbush,2013,2013-01-01,0.3,,2013,1,1,2
130477,641,Boiler Emissions- Total PM2.5 Emissions,Number per km2,number,UHF42,405,Ridgewood - Forest Hills,2013,2013-01-01,0.3,,2013,1,1,2
130425,640,Boiler Emissions- Total SO2 Emissions,Number per km2,number,UHF42,401,Long Island City - Astoria,2013,2013-01-01,6.7,,2013,1,1,2
130508,642,Boiler Emissions- Total NOx Emissions,Number per km2,number,UHF42,209,Bensonhurst - Bay Ridge,2013,2013-01-01,26.5,,2013,1,1,2
130491,641,Boiler Emissions- Total PM2.5 Emissions,Number per km2,number,Borough,4,Queens,2013,2013-01-01,0.3,,2013,1,1,2
130460,641,Boiler Emissions- Total PM2.5 Emissions,Number per km2,number,UHF42,209,Bensonhurst - Bay Ridge,2013,2013-01-01,0.2,,2013,1,1,2
130450,641,Boiler Emissions- Total PM2.5 Emissions,Number per km2,number,UHF42,106,High Bridge - Morrisania,2013,2013-01-01,2.4,,2013,1,1,2
130453,641,Boiler Emissions- Total PM2.5 Emissions,Number per km2,number,UHF42,202,Downtown - Heights - Slope,2013,2013-01-01,0.1,,2013,1,1,2
130416,640,Boiler Emissions- Total SO2 Emissions,Number per km2,number,UHF42,302,Central Harlem - Morningside Heights,2013,2013-01-01,15.7,,2013,1,1,2
130421,640,Boiler Emissions- Total SO2 Emissions,Number per km2,number,UHF42,307,Gramercy Park - Murray Hill,2013,2013-01-01,78.8,,2013,1,1,2
130488,641,Boiler Emissions- Total PM2.5 Emissions,Number per km2,number,Borough,1,Bronx,2013,2013-01-01,1.2,,2013,1,1,2
130417,640,Boiler Emissions- Total SO2 Emissions,Number per km2,number,UHF42,303,East Harlem,2013,2013-01-01,11.6,,2013,1,1,2
130439,640,Boiler Emissions- Total SO2 Emissions,Number per km2,number,Citywide,1,New York City,2013,2013-01-01,6.1,,2013,1,1,2
130441,640,Boiler Emissions- Total SO2 Emissions,Number per km2,number,Borough,2,Brooklyn,2013,2013-01-01,0.8,,2013,1,1,2
130538,642,Boiler Emissions- Total NOx Emissions,Number per km2,number,Borough,3,Manhattan,2013,2013-01-01,161.1,,2013,1,1,2
130440,640,Boiler Emissions- Total SO2 Emissions,Number per km2,number,Borough,1,Bronx,2013,2013-01-01,10.3,,2013,1,1,2
130505,642,Boiler Emissions- Total NOx Emissions,Number per km2,number,UHF42,206,Borough Park,2013,2013-01-01,34.8,,2013,1,1,2
130539,642,Boiler Emissions- Total NOx Emissions,Number per km2,number,Borough,4,Queens,2013,2013-01-01,16.1,,2013,1,1,2
130535,642,Boiler Emissions- Total NOx Emissions,Number per km2,number,Citywide,1,New York City,2013,2013-01-01,29.4,,2013,1,1,2
130521,642,Boiler Emissions- Total NOx Emissions,Number per km2,number,UHF42,401,Long Island City - Astoria,2013,2013-01-01,30.6,,2013,1,1,2
130531,642,Boiler Emissions- Total NOx Emissions,Number per km2,number,UHF42,501,Port Richmond,2013,2013-01-01,2.8,,2013,1,1,2
130487,641,Boiler Emissions- Total PM2.5 Emissions,Number per km2,number,Citywide,1,New York City,2013,2013-01-01,0.7,,2013,1,1,2
130495,642,Boiler Emissions- Total NOx Emissions,Number per km2,number,UHF42,103,Fordham - Bronx Pk,2013,2013-01-01,71.0,,2013,1,1,2
130533,642,Boiler Emissions- Total NOx Emissions,Number per km2,number,UHF42,503,Willowbrook,2013,2013-01-01,2.1,,2013,1,1,2
130433,640,Boiler Emissions- Total SO2 Emissions,Number per km2,number,UHF42,409,Southeast Queens,2013,2013-01-01,0.3,,2013,1,1,2
130442,640,Boiler Emissions- Total SO2 Emissions,Number per km2,number,Borough,3,Manhattan,2013,2013-01-01,50.6,,2013,1,1,2
130409,640,Boiler Emissions- Total SO2 Emissions,Number per km2,number,UHF42,206,Borough Park,2013,2013-01-01,1.5,,2013,1,1,2
130413,640,Boiler Emissions- Total SO2 Emissions,Number per km2,number,UHF42,210,Coney Island - Sheepshead Bay,2013,2013-01-01,0.9,,2013,1,1,2
130423,640,Boiler Emissions- Total SO2 Emissions,Number per km2,number,UHF42,309,Union Square - Lower East Side,2013,2013-01-01,24.9,,2013,1,1,2
130457,641,Boiler Emissions- Total PM2.5 Emissions,Number per km2,number,UHF42,206,Borough Park,2013,2013-01-01,0.2,,2013,1,1,2
130424,640,Boiler Emissions- Total SO2 Emissions,Number per km2,number,UHF42,310,Lower Manhattan,2013,2013-01-01,13.7,,2013,1,1,2
130462,641,Boiler Emissions- Total PM2.5 Emissions,Number per km2,number,UHF42,211,Williamsburg - Bushwick,2013,2013-01-01,0.1,,2013,1,1,2
130397,640,Boiler Emissions- Total SO2 Emissions,Number per km2,number,UHF42,101,Kingsbridge - Riverdale,2013,2013-01-01,17.6,,2013,1,1,2
130407,640,Boiler Emissions- Total SO2 Emissions,Number per km2,number,UHF42,204,East New York,2013,2013-01-01,0.1,,2013,1,1,2
130468,641,Boiler Emissions- Total PM2.5 Emissions,Number per km2,number,UHF42,306,Chelsea - Clinton,2013,2013-01-01,7.7,,2013,1,1,2
130510,642,Boiler Emissions- Total NOx Emissions,Number per km2,number,UHF42,211,Williamsburg - Bushwick,2013,2013-01-01,27.8,,2013,1,1,2
130466,641,Boiler Emissions- Total PM2.5 Emissions,Number per km2,number,UHF42,304,Upper West Side,2013,2013-01-01,11.4,,2013,1,1,2
130514,642,Boiler Emissions- Total NOx Emissions,Number per km2,number,UHF42,304,Upper West Side,2013,2013-01-01,247.9,,2013,1,1,2
130540,642,Boiler Emissions- Total NOx Emissions,Number per km2,number,Borough,5,Staten Island,2013,2013-01-01,2.7,,2013,1,1,2
130492,641,Boiler Emissions- Total PM2.5 Emissions,Number per km2,number,Borough,5,Staten Island,2013,2013-01-01,0.0,,2013,1,1,2
130511,642,Boiler Emissions- Total NOx Emissions,Number per km2,number,UHF42,301,Washington Heights,2013,2013-01-01,115.3,,2013,1,1,2
130438,640,Boiler Emissions- Total SO2 Emissions,Number per km2,number,UHF42,504,South Beach - Tottenville,2013,2013-01-01,0.0,,2013,1,1,2
130481,641,Boiler Emissions- Total PM2.5 Emissions,Number per km2,number,UHF42,409,Southeast Queens,2013,2013-01-01,0.0,,2013,1,1,2
130427,640,Boiler Emissions- Total SO2 Emissions,Number per km2,number,UHF42,403,Flushing - Clearview,2013,2013-01-01,5.1,,2013,1,1,2
130524,642,Boiler Emissions- Total NOx Emissions,Number per km2,number,UHF42,404,Bayside - Little Neck,2013,2013-01-01,10.4,,2013,1,1,2
130459,641,Boiler Emissions- Total PM2.5 Emissions,Number per km2,number,UHF42,208,Canarsie - Flatlands,2013,2013-01-01,0.0,,2013,1,1,2
130529,642,Boiler Emissions- Total NOx Emissions,Number per km2,number,UHF42,409,Southeast Queens,2013,2013-01-01,8.1,,2013,1,1,2
130537,642,Boiler Emissions- Total NOx Emissions,Number per km2,number,Borough,2,Brooklyn,2013,2013-01-01,22.8,,2013,1,1,2
130401,640,Boiler Emissions- Total SO2 Emissions,Number per km2,number,UHF42,105,Crotona -Tremont,2013,2013-01-01,16.9,,2013,1,1,2
130489,641,Boiler Emissions- Total PM2.5 Emissions,Number per km2,number,Borough,2,Brooklyn,2013,2013-01-01,0.1,,2013,1,1,2
130473,641,Boiler Emissions- Total PM2.5 Emissions,Number per km2,number,UHF42,401,Long Island City - Astoria,2013,2013-01-01,0.8,,2013,1,1,2
130479,641,Boiler Emissions- Total PM2.5 Emissions,Number per km2,number,UHF42,407,Southwest Queens,2013,2013-01-01,0.1,,2013,1,1,2
130527,642,Boiler Emissions- Total NOx Emissions,Number per km2,number,UHF42,407,Southwest Queens,2013,2013-01-01,14.5,,2013,1,1,2
130398,640,Boiler Emissions- Total SO2 Emissions,Number per km2,number,UHF42,102,Northeast Bronx,2013,2013-01-01,2.2,,2013,1,1,2
130502,642,Boiler Emissions- Total NOx Emissions,Number per km2,number,UHF42,203,Bedford Stuyvesant - Crown Heights,2013,2013-01-01,31.7,,2013,1,1,2
130506,642,Boiler Emissions- Total NOx Emissions,Number per km2,number,UHF42,207,East Flatbush - Flatbush,2013,2013-01-01,33.5,,2013,1,1,2
130501,642,Boiler Emissions- Total NOx Emissions,Number per km2,number,UHF42,202,Downtown - Heights - Slope,2013,2013-01-01,32.0,,2013,1,1,2
130461,641,Boiler Emissions- Total PM2.5 Emissions,Number per km2,number,UHF42,210,Coney Island - Sheepshead Bay,2013,2013-01-01,0.1,,2013,1,1,2
130504,642,Boiler Emissions- Total NOx Emissions,Number per km2,number,UHF42,205,Sunset Park,2013,2013-01-01,13.4,,2013,1,1,2
130507,642,Boiler Emissions- Total NOx Emissions,Number per km2,number,UHF42,208,Canarsie - Flatlands,2013,2013-01-01,6.7,,2013,1,1,2
130518,642,Boiler Emissions- Total NOx Emissions,Number per km2,number,UHF42,308,Greenwich Village - SoHo,2013,2013-01-01,132.5,,2013,1,1,2
130517,642,Boiler Emissions- Total NOx Emissions,Number per km2,number,UHF42,307,Gramercy Park - Murray Hill,2013,2013-01-01,284.7,,2013,1,1,2
130412,640,Boiler Emissions- Total SO2 Emissions,Number per km2,number,UHF42,209,Bensonhurst - Bay Ridge,2013,2013-01-01,1.7,,2013,1,1,2
130436,640,Boiler Emissions- Total SO2 Emissions,Number per km2,number,UHF42,502,Stapleton - St. George,2013,2013-01-01,0.4,,2013,1,1,2
130444,640,Boiler Emissions- Total SO2 Emissions,Number per km2,number,Borough,5,Staten Island,2013,2013-01-01,0.1,,2013,1,1,2
130470,641,Boiler Emissions- Total PM2.5 Emissions,Number per km2,number,UHF42,308,Greenwich Village - SoHo,2013,2013-01-01,4.1,,2013,1,1,2
130536,642,Boiler Emissions- Total NOx Emissions,Number per km2,number,Borough,1,Bronx,2013,2013-01-01,42.7,,2013,1,1,2
130476,641,Boiler Emissions- Total PM2.5 Emissions,Number per km2,number,UHF42,404,Bayside - Little Neck,2013,2013-01-01,0.2,,2013,1,1,2
130399,640,Boiler Emissions- Total SO2 Emissions,Number per km2,number,UHF42,103,Fordham - Bronx Pk,2013,2013-01-01,24.5,,2013,1,1,2
130509,642,Boiler Emissions- Total NOx Emissions,Number per km2,number,UHF42,210,Coney Island - Sheepshead Bay,2013,2013-01-01,23.7,,2013,1,1,2
130429,640,Boiler Emissions- Total SO2 Emissions,Number per km2,number,UHF42,405,Ridgewood - Forest Hills,2013,2013-01-01,2.7,,2013,1,1,2
130422,640,Boiler Emissions- Total SO2 Emissions,Number per km2,number,UHF42,308,Greenwich Village - SoHo,2013,2013-01-01,32.9,,2013,1,1,2
130494,642,Boiler Emissions- Total NOx Emissions,Number per km2,number,UHF42,102,Northeast Bronx,2013,2013-01-01,33.8,,2013,1,1,2
130469,641,Boiler Emissions- Total PM2.5 Emissions,Number per km2,number,UHF42,307,Gramercy Park - Murray Hill,2013,2013-01-01,9.0,,2013,1,1,2
130519,642,Boiler Emissions- Total NOx Emissions,Number per km2,number,UHF42,309,Union Square - Lower East Side,2013,2013-01-01,126.1,,2013,1,1,2
130449,641,Boiler Emissions- Total PM2.5 Emissions,Number per km2,number,UHF42,105,Crotona -Tremont,2013,2013-01-01,2.0,,2013,1,1,2
130402,640,Boiler Emissions- Total SO2 Emissions,Number per km2,number,UHF42,106,High Bridge - Morrisania,2013,2013-01-01,19.7,,2013,1,1,2
130431,640,Boiler Emissions- Total SO2 Emissions,Number per km2,number,UHF42,407,Southwest Queens,2013,2013-01-01,0.8,,2013,1,1,2
130526,642,Boiler Emissions- Total NOx Emissions,Number per km2,number,UHF42,406,Fresh Meadows,2013,2013-01-01,15.3,,2013,1,1,2
130418,640,Boiler Emissions- Total SO2 Emissions,Number per km2,number,UHF42,304,Upper West Side,2013,2013-01-01,99.7,,2013,1,1,2
130471,641,Boiler Emissions- Total PM2.5 Emissions,Number per km2,number,UHF42,309,Union Square - Lower East Side,2013,2013-01-01,3.0,,2013,1,1,2
130414,640,Boiler Emissions- Total SO2 Emissions,Number per km2,number,UHF42,211,Williamsburg - Bushwick,2013,2013-01-01,0.3,,2013,1,1,2
