unique_id,indicator_id,name,measure,measure_info,geo_type_name,geo_join_id,geo_place_name,time_period,start_date,data_value,year,month,quarter,indicator_category
878239,386,Ozone (O3),Mean,ppb,UHF42,202,Downtown - Heights - Slope,Summer 2023,2023-06-01,33.86869045,2023,6,2,Air Quality Indicator
874488,365,Fine particles (PM 2.5),Mean,mcg/m3,UHF42,302,Central Harlem - Morningside Heights,Summer 2023,2023-06-01,9.206518962,2023,6,2,Air Quality Indicator
876996,375,Nitrogen dioxide (NO2),Mean,ppb,UHF34,104,Pelham - Throgs Neck,Summer 2023,2023-06-01,12.06848595,2023,6,2,Air Quality Indicator
876915,375,Nitrogen dioxide (NO2),Mean,ppb,UHF42,301,Washington Heights,Summer 2023,2023-06-01,14.17961956,2023,6,2,Air Quality Indicator
878189,386,Ozone (O3),Mean,ppb,UHF34,302,Central Harlem - Morningside Heights,Summer 2023,2023-06-01,31.47215121,2023,6,2,Air Quality Indicator
878164,386,Ozone (O3),Mean,ppb,CD,107,Upper West Side (CD7),Summer 2023,2023-06-01,29.73775761,2023,6,2,Air Quality Indicator
878191,386,Ozone (O3),Mean,ppb,UHF34,211,Williamsburg - Bushwick,Summer 2023,2023-06-01,35.49941831,2023,6,2,Air Quality Indicator
874574,365,Fine particles (PM 2.5),Mean,mcg/m3,UHF34,402,West Queens,Summer 2023,2023-06-01,9.23668133,2023,6,2,Air Quality Indicator
874840,365,Fine particles (PM 2.5),Mean,mcg/m3,CD,407,Flushing and Whitestone (CD7),Summer 2023,2023-06-01,8.911945787,2023,6,2,Air Quality Indicator
876978,375,Nitrogen dioxide (NO2),Mean,ppb,UHF42,502,Stapleton - St. George,Summer 2023,2023-06-01,13.15912683,2023,6,2,Air Quality Indicator
874538,365,Fine particles (PM 2.5),Mean,mcg/m3,UHF34,503504,Southern SI,Summer 2023,2023-06-01,8.314094524,2023,6,2,Air Quality Indicator
874479,365,Fine particles (PM 2.5),Mean,mcg/m3,UHF42,305,Upper East Side,Summer 2023,2023-06-01,9.152812817,2023,6,2,Air Quality Indicator
877233,375,Nitrogen dioxide (NO2),Mean,ppb,CD,406,Rego Park and Forest Hills (CD6),Summer 2023,2023-06-01,12.58622382,2023,6,2,Air Quality Indicator
874541,365,Fine particles (PM 2.5),Mean,mcg/m3,UHF34,501502,Northern SI,Summer 2023,2023-06-01,8.531657499,2023,6,2,Air Quality Indicator
874365,365,Fine particles (PM 2.5),Mean,mcg/m3,Borough,4,Queens,Summer 2023,2023-06-01,8.791795544,2023,6,2,Air Quality Indicator
874511,365,Fine particles (PM 2.5),Mean,mcg/m3,CD,107,Upper West Side (CD7),Summer 2023,2023-06-01,9.173802061,2023,6,2,Air Quality Indicator
877122,375,Nitrogen dioxide (NO2),Mean,ppb,CD,111,East Harlem (CD11),Summer 2023,2023-06-01,13.81264623,2023,6,2,Air Quality Indicator
876873,375,Nitrogen dioxide (NO2),Mean,ppb,UHF42,105,Crotona -Tremont,Summer 2023,2023-06-01,14.08557751,2023,6,2,Air Quality Indicator
877110,375,Nitrogen dioxide (NO2),Mean,ppb,CD,107,Upper West Side (CD7),Summer 2023,2023-06-01,15.71228819,2023,6,2,Air Quality Indicator
878135,386,Ozone (O3),Mean,ppb,CD,405,Ridgewood and Maspeth (CD5),Summer 2023,2023-06-01,35.46425332,2023,6,2,Air Quality Indicator
876846,375,Nitrogen dioxide (NO2),Mean,ppb,Borough,1,Bronx,Summer 2023,2023-06-01,12.81913123,2023,6,2,Air Quality Indicator
878154,386,Ozone (O3),Mean,ppb,CD,205,Fordham and University Heights (CD5),Summer 2023,2023-06-01,31.7873767,2023,6,2,Air Quality Indicator
877254,375,Nitrogen dioxide (NO2),Mean,ppb,CD,413,Queens Village (CD13),Summer 2023,2023-06-01,10.44014289,2023,6,2,Air Quality Indicator
874431,365,Fine particles (PM 2.5),Mean,mcg/m3,UHF42,501,Port Richmond,Summer 2023,2023-06-01,8.686260792,2023,6,2,Air Quality Indicator
877197,375,Nitrogen dioxide (NO2),Mean,ppb,CD,312,Borough Park (CD12),Summer 2023,2023-06-01,11.89557531,2023,6,2,Air Quality Indicator
874449,365,Fine particles (PM 2.5),Mean,mcg/m3,UHF42,405,Ridgewood - Forest Hills,Summer 2023,2023-06-01,8.875708042,2023,6,2,Air Quality Indicator
878120,386,Ozone (O3),Mean,ppb,CD,308,Crown Heights and Prospect Heights (CD8),Summer 2023,2023-06-01,36.06213115,2023,6,2,Air Quality Indicator
874640,365,Fine particles (PM 2.5),Mean,mcg/m3,CD,207,Kingsbridge Heights and Bedford (CD7),Summer 2023,2023-06-01,9.253896055,2023,6,2,Air Quality Indicator
876945,375,Nitrogen dioxide (NO2),Mean,ppb,UHF42,401,Long Island City - Astoria,Summer 2023,2023-06-01,15.48445494,2023,6,2,Air Quality Indicator
874350,365,Fine particles (PM 2.5),Mean,mcg/m3,UHF42,104,Pelham - Throgs Neck,Summer 2023,2023-06-01,9.229392964,2023,6,2,Air Quality Indicator
878128,386,Ozone (O3),Mean,ppb,CD,316,Brownsville (CD16),Summer 2023,2023-06-01,36.35684649,2023,6,2,Air Quality Indicator
874419,365,Fine particles (PM 2.5),Mean,mcg/m3,UHF34,101,Kingsbridge - Riverdale,Summer 2023,2023-06-01,9.265788318,2023,6,2,Air Quality Indicator
877206,375,Nitrogen dioxide (NO2),Mean,ppb,CD,315,Sheepshead Bay (CD15),Summer 2023,2023-06-01,10.44203792,2023,6,2,Air Quality Indicator
876969,375,Nitrogen dioxide (NO2),Mean,ppb,UHF42,409,Southeast Queens,Summer 2023,2023-06-01,10.27182199,2023,6,2,Air Quality Indicator
878208,386,Ozone (O3),Mean,ppb,UHF42,502,Stapleton - St. George,Summer 2023,2023-06-01,33.37983804,2023,6,2,Air Quality Indicator
878248,386,Ozone (O3),Mean,ppb,Borough,5,Staten Island,Summer 2023,2023-06-01,34.99660591,2023,6,2,Air Quality Indicator
874317,365,Fine particles (PM 2.5),Mean,mcg/m3,UHF42,208,Canarsie - Flatlands,Summer 2023,2023-06-01,8.481373961,2023,6,2,Air Quality Indicator
874583,365,Fine particles (PM 2.5),Mean,mcg/m3,UHF34,303,East Harlem,Summer 2023,2023-06-01,9.187970378,2023,6,2,Air Quality Indicator
877029,375,Nitrogen dioxide (NO2),Mean,ppb,UHF34,211,Williamsburg - Bushwick,Summer 2023,2023-06-01,12.91683936,2023,6,2,Air Quality Indicator
874843,365,Fine particles (PM 2.5),Mean,mcg/m3,CD,408,Hillcrest and Fresh Meadows (CD8),Summer 2023,2023-06-01,8.651387801,2023,6,2,Air Quality Indicator
878184,386,Ozone (O3),Mean,ppb,UHF34,403,Flushing - Clearview,Summer 2023,2023-06-01,36.69427293,2023,6,2,Air Quality Indicator
877173,375,Nitrogen dioxide (NO2),Mean,ppb,CD,304,Bushwick (CD4),Summer 2023,2023-06-01,12.87565067,2023,6,2,Air Quality Indicator
878232,386,Ozone (O3),Mean,ppb,UHF42,209,Bensonhurst - Bay Ridge,Summer 2023,2023-06-01,37.30085065,2023,6,2,Air Quality Indicator
874386,365,Fine particles (PM 2.5),Mean,mcg/m3,UHF34,208,Canarsie - Flatlands,Summer 2023,2023-06-01,8.481373961,2023,6,2,Air Quality Indicator
877224,375,Nitrogen dioxide (NO2),Mean,ppb,CD,403,Jackson Heights (CD3),Summer 2023,2023-06-01,14.44028402,2023,6,2,Air Quality Indicator
874443,365,Fine particles (PM 2.5),Mean,mcg/m3,UHF42,407,Southwest Queens,Summer 2023,2023-06-01,8.613922725,2023,6,2,Air Quality Indicator
876951,375,Nitrogen dioxide (NO2),Mean,ppb,UHF42,403,Flushing - Clearview,Summer 2023,2023-06-01,11.20188456,2023,6,2,Air Quality Indicator
874828,365,Fine particles (PM 2.5),Mean,mcg/m3,CD,403,Jackson Heights (CD3),Summer 2023,2023-06-01,8.947893443,2023,6,2,Air Quality Indicator
874602,365,Fine particles (PM 2.5),Mean,mcg/m3,CD,205,Fordham and University Heights (CD5),Summer 2023,2023-06-01,9.294695775,2023,6,2,Air Quality Indicator
878214,386,Ozone (O3),Mean,ppb,UHF42,406,Fresh Meadows,Summer 2023,2023-06-01,36.91926086,2023,6,2,Air Quality Indicator
874493,365,Fine particles (PM 2.5),Mean,mcg/m3,CD,201,Mott Haven and Melrose (CD1),Summer 2023,2023-06-01,9.493704165,2023,6,2,Air Quality Indicator
878235,386,Ozone (O3),Mean,ppb,UHF42,206,Borough Park,Summer 2023,2023-06-01,37.40360507,2023,6,2,Air Quality Indicator
874589,365,Fine particles (PM 2.5),Mean,mcg/m3,UHF34,301,Washington Heights,Summer 2023,2023-06-01,9.349912733,2023,6,2,Air Quality Indicator
874377,365,Fine particles (PM 2.5),Mean,mcg/m3,UHF34,211,Williamsburg - Bushwick,Summer 2023,2023-06-01,9.266873894,2023,6,2,Air Quality Indicator
876984,375,Nitrogen dioxide (NO2),Mean,ppb,UHF42,504,South Beach - Tottenville,Summer 2023,2023-06-01,7.811353356,2023,6,2,Air Quality Indicator
878212,386,Ozone (O3),Mean,ppb,UHF42,408,Jamaica,Summer 2023,2023-06-01,37.42089146,2023,6,2,Air Quality Indicator
878197,386,Ozone (O3),Mean,ppb,UHF34,205,Sunset Park,Summer 2023,2023-06-01,34.50958622,2023,6,2,Air Quality Indicator
878131,386,Ozone (O3),Mean,ppb,CD,401,Long Island City and Astoria (CD1),Summer 2023,2023-06-01,33.55858112,2023,6,2,Air Quality Indicator
878182,386,Ozone (O3),Mean,ppb,UHF34,407,Southwest Queens,Summer 2023,2023-06-01,37.44642533,2023,6,2,Air Quality Indicator
878156,386,Ozone (O3),Mean,ppb,CD,203,Morrisania and Crotona (CD3),Summer 2023,2023-06-01,32.51779978,2023,6,2,Air Quality Indicator
878173,386,Ozone (O3),Mean,ppb,UHF34,503504,Southern SI,Summer 2023,2023-06-01,35.80713329,2023,6,2,Air Quality Indicator
878116,386,Ozone (O3),Mean,ppb,CD,304,Bushwick (CD4),Summer 2023,2023-06-01,35.79837826,2023,6,2,Air Quality Indicator
878168,386,Ozone (O3),Mean,ppb,CD,103,Lower East Side and Chinatown (CD3),Summer 2023,2023-06-01,31.25788895,2023,6,2,Air Quality Indicator
878155,386,Ozone (O3),Mean,ppb,CD,204,Highbridge and Concourse (CD4),Summer 2023,2023-06-01,31.89345109,2023,6,2,Air Quality Indicator
877083,375,Nitrogen dioxide (NO2),Mean,ppb,UHF34,503504,Southern SI,Summer 2023,2023-06-01,7.913673334,2023,6,2,Air Quality Indicator
874897,365,Fine particles (PM 2.5),Mean,mcg/m3,CD,304,Bushwick (CD4),Summer 2023,2023-06-01,9.148943181,2023,6,2,Air Quality Indicator
874867,365,Fine particles (PM 2.5),Mean,mcg/m3,CD,502,South Beach and Willowbrook (CD2),Summer 2023,2023-06-01,8.411168198,2023,6,2,Air Quality Indicator
878133,386,Ozone (O3),Mean,ppb,CD,403,Jackson Heights (CD3),Summer 2023,2023-06-01,34.54442893,2023,6,2,Air Quality Indicator
876921,375,Nitrogen dioxide (NO2),Mean,ppb,UHF42,303,East Harlem,Summer 2023,2023-06-01,13.82754858,2023,6,2,Air Quality Indicator
874565,365,Fine particles (PM 2.5),Mean,mcg/m3,UHF34,407,Southwest Queens,Summer 2023,2023-06-01,8.614064163,2023,6,2,Air Quality Indicator
876987,375,Nitrogen dioxide (NO2),Mean,ppb,UHF34,101,Kingsbridge - Riverdale,Summer 2023,2023-06-01,13.0538783,2023,6,2,Air Quality Indicator
878139,386,Ozone (O3),Mean,ppb,CD,409,Kew Gardens and Woodhaven (CD9),Summer 2023,2023-06-01,36.77790716,2023,6,2,Air Quality Indicator
878148,386,Ozone (O3),Mean,ppb,CD,211,Morris Park and Bronxdale (CD11),Summer 2023,2023-06-01,34.34050068,2023,6,2,Air Quality Indicator
874894,365,Fine particles (PM 2.5),Mean,mcg/m3,CD,303,Bedford Stuyvesant (CD3),Summer 2023,2023-06-01,9.002668989,2023,6,2,Air Quality Indicator
874813,365,Fine particles (PM 2.5),Mean,mcg/m3,CD,316,Brownsville (CD16),Summer 2023,2023-06-01,8.830231955,2023,6,2,Air Quality Indicator
877167,375,Nitrogen dioxide (NO2),Mean,ppb,CD,302,Fort Greene and Brooklyn Heights (CD2),Summer 2023,2023-06-01,14.24285143,2023,6,2,Air Quality Indicator
877248,375,Nitrogen dioxide (NO2),Mean,ppb,CD,411,Bayside and Little Neck (CD11),Summer 2023,2023-06-01,9.702139848,2023,6,2,Air Quality Indicator
878242,386,Ozone (O3),Mean,ppb,UHF42,106,High Bridge - Morrisania,Summer 2023,2023-06-01,32.13694571,2023,6,2,Air Quality Indicator
874822,365,Fine particles (PM 2.5),Mean,mcg/m3,CD,401,Long Island City and Astoria (CD1),Summer 2023,2023-06-01,9.218834383,2023,6,2,Air Quality Indicator
876981,375,Nitrogen dioxide (NO2),Mean,ppb,UHF42,503,Willowbrook,Summer 2023,2023-06-01,8.087520711,2023,6,2,Air Quality Indicator
876912,375,Nitrogen dioxide (NO2),Mean,ppb,UHF42,211,Williamsburg - Bushwick,Summer 2023,2023-06-01,12.91683936,2023,6,2,Air Quality Indicator
877158,375,Nitrogen dioxide (NO2),Mean,ppb,CD,211,Morris Park and Bronxdale (CD11),Summer 2023,2023-06-01,11.49641693,2023,6,2,Air Quality Indicator
874347,365,Fine particles (PM 2.5),Mean,mcg/m3,UHF42,105,Crotona -Tremont,Summer 2023,2023-06-01,9.367923944,2023,6,2,Air Quality Indicator
876990,375,Nitrogen dioxide (NO2),Mean,ppb,UHF34,102,Northeast Bronx,Summer 2023,2023-06-01,11.62451231,2023,6,2,Air Quality Indicator
878245,386,Ozone (O3),Mean,ppb,UHF42,103,Fordham - Bronx Pk,Summer 2023,2023-06-01,32.31051756,2023,6,2,Air Quality Indicator
876927,375,Nitrogen dioxide (NO2),Mean,ppb,UHF42,305,Upper East Side,Summer 2023,2023-06-01,15.94308836,2023,6,2,Air Quality Indicator
877266,375,Nitrogen dioxide (NO2),Mean,ppb,CD,503,Tottenville and Great Kills (CD3),Summer 2023,2023-06-01,7.724766395,2023,6,2,Air Quality Indicator
878210,386,Ozone (O3),Mean,ppb,UHF42,410,Rockaways,Summer 2023,2023-06-01,43.33287409,2023,6,2,Air Quality Indicator
878136,386,Ozone (O3),Mean,ppb,CD,406,Rego Park and Forest Hills (CD6),Summer 2023,2023-06-01,35.68088238,2023,6,2,Air Quality Indicator
876894,375,Nitrogen dioxide (NO2),Mean,ppb,UHF42,205,Sunset Park,Summer 2023,2023-06-01,14.78195865,2023,6,2,Air Quality Indicator
877056,375,Nitrogen dioxide (NO2),Mean,ppb,UHF34,407,Southwest Queens,Summer 2023,2023-06-01,11.94777145,2023,6,2,Air Quality Indicator
874380,365,Fine particles (PM 2.5),Mean,mcg/m3,UHF34,210,Coney Island - Sheepshead Bay,Summer 2023,2023-06-01,8.334285294,2023,6,2,Air Quality Indicator
877209,375,Nitrogen dioxide (NO2),Mean,ppb,CD,316,Brownsville (CD16),Summer 2023,2023-06-01,13.2820744,2023,6,2,Air Quality Indicator
876888,375,Nitrogen dioxide (NO2),Mean,ppb,UHF42,203,Bedford Stuyvesant - Crown Heights,Summer 2023,2023-06-01,12.30403871,2023,6,2,Air Quality Indicator
877128,375,Nitrogen dioxide (NO2),Mean,ppb,CD,201,Mott Haven and Melrose (CD1),Summer 2023,2023-06-01,14.89235269,2023,6,2,Air Quality Indicator
878236,386,Ozone (O3),Mean,ppb,UHF42,205,Sunset Park,Summer 2023,2023-06-01,34.50967942,2023,6,2,Air Quality Indicator
877053,375,Nitrogen dioxide (NO2),Mean,ppb,UHF34,405,Ridgewood - Forest Hills,Summer 2023,2023-06-01,12.71702853,2023,6,2,Air Quality Indicator
877077,375,Nitrogen dioxide (NO2),Mean,ppb,UHF34,404406,Bayside Little Neck-Fresh Meadows,Summer 2023,2023-06-01,10.0595772,2023,6,2,Air Quality Indicator
878115,386,Ozone (O3),Mean,ppb,CD,303,Bedford Stuyvesant (CD3),Summer 2023,2023-06-01,35.69351113,2023,6,2,Air Quality Indicator
878250,386,Ozone (O3),Mean,ppb,Borough,3,Manhattan,Summer 2023,2023-06-01,30.17314447,2023,6,2,Air Quality Indicator
877215,375,Nitrogen dioxide (NO2),Mean,ppb,CD,318,Flatlands and Canarsie (CD18),Summer 2023,2023-06-01,12.15486597,2023,6,2,Air Quality Indicator
874912,365,Fine particles (PM 2.5),Mean,mcg/m3,CD,309,South Crown Heights and Lefferts Gardens (CD9),Summer 2023,2023-06-01,8.65103668,2023,6,2,Air Quality Indicator
876963,375,Nitrogen dioxide (NO2),Mean,ppb,UHF42,407,Southwest Queens,Summer 2023,2023-06-01,11.94701212,2023,6,2,Air Quality Indicator
874858,365,Fine particles (PM 2.5),Mean,mcg/m3,CD,413,Queens Village (CD13),Summer 2023,2023-06-01,8.60642687,2023,6,2,Air Quality Indicator
874535,365,Fine particles (PM 2.5),Mean,mcg/m3,UHF34,105106107,South Bronx,Summer 2023,2023-06-01,9.409821191,2023,6,2,Air Quality Indicator
874900,365,Fine particles (PM 2.5),Mean,mcg/m3,CD,305,East New York and Starrett City (CD5),Summer 2023,2023-06-01,8.832348602,2023,6,2,Air Quality Indicator
874891,365,Fine particles (PM 2.5),Mean,mcg/m3,CD,302,Fort Greene and Brooklyn Heights (CD2),Summer 2023,2023-06-01,9.189253309,2023,6,2,Air Quality Indicator
877137,375,Nitrogen dioxide (NO2),Mean,ppb,CD,204,Highbridge and Concourse (CD4),Summer 2023,2023-06-01,14.04503059,2023,6,2,Air Quality Indicator
874383,365,Fine particles (PM 2.5),Mean,mcg/m3,UHF34,209,Bensonhurst - Bay Ridge,Summer 2023,2023-06-01,8.502404761,2023,6,2,Air Quality Indicator
878183,386,Ozone (O3),Mean,ppb,UHF34,405,Ridgewood - Forest Hills,Summer 2023,2023-06-01,35.74608194,2023,6,2,Air Quality Indicator
878151,386,Ozone (O3),Mean,ppb,CD,208,Riverdale and Fieldston (CD8),Summer 2023,2023-06-01,29.62674459,2023,6,2,Air Quality Indicator
878153,386,Ozone (O3),Mean,ppb,CD,206,Belmont and East Tremont (CD6),Summer 2023,2023-06-01,32.73465101,2023,6,2,Air Quality Indicator
878201,386,Ozone (O3),Mean,ppb,UHF34,201,Greenpoint,Summer 2023,2023-06-01,33.7542222,2023,6,2,Air Quality Indicator
876972,375,Nitrogen dioxide (NO2),Mean,ppb,UHF42,410,Rockaways,Summer 2023,2023-06-01,6.471941886,2023,6,2,Air Quality Indicator
878228,386,Ozone (O3),Mean,ppb,UHF42,302,Central Harlem - Morningside Heights,Summer 2023,2023-06-01,31.47180591,2023,6,2,Air Quality Indicator
876918,375,Nitrogen dioxide (NO2),Mean,ppb,UHF42,302,Central Harlem - Morningside Heights,Summer 2023,2023-06-01,13.24169233,2023,6,2,Air Quality Indicator
878166,386,Ozone (O3),Mean,ppb,CD,105,Midtown (CD5),Summer 2023,2023-06-01,28.43469638,2023,6,2,Air Quality Indicator
877002,375,Nitrogen dioxide (NO2),Mean,ppb,UHF34,202,Downtown - Heights - Slope,Summer 2023,2023-06-01,14.02065338,2023,6,2,Air Quality Indicator
877035,375,Nitrogen dioxide (NO2),Mean,ppb,UHF34,302,Central Harlem - Morningside Heights,Summer 2023,2023-06-01,13.24164375,2023,6,2,Air Quality Indicator
877218,375,Nitrogen dioxide (NO2),Mean,ppb,CD,401,Long Island City and Astoria (CD1),Summer 2023,2023-06-01,14.86324093,2023,6,2,Air Quality Indicator
874849,365,Fine particles (PM 2.5),Mean,mcg/m3,CD,410,South Ozone Park and Howard Beach (CD10),Summer 2023,2023-06-01,8.508712667,2023,6,2,Air Quality Indicator
874410,365,Fine particles (PM 2.5),Mean,mcg/m3,UHF34,104,Pelham - Throgs Neck,Summer 2023,2023-06-01,9.229392964,2023,6,2,Air Quality Indicator
878224,386,Ozone (O3),Mean,ppb,UHF42,306,Chelsea - Clinton,Summer 2023,2023-06-01,28.35317493,2023,6,2,Air Quality Indicator
874485,365,Fine particles (PM 2.5),Mean,mcg/m3,UHF42,303,East Harlem,Summer 2023,2023-06-01,9.187970378,2023,6,2,Air Quality Indicator
877089,375,Nitrogen dioxide (NO2),Mean,ppb,Citywide,1,New York City,Summer 2023,2023-06-01,11.86882363,2023,6,2,Air Quality Indicator
874422,365,Fine particles (PM 2.5),Mean,mcg/m3,UHF42,504,South Beach - Tottenville,Summer 2023,2023-06-01,8.221625406,2023,6,2,Air Quality Indicator
874577,365,Fine particles (PM 2.5),Mean,mcg/m3,UHF34,401,Long Island City - Astoria,Summer 2023,2023-06-01,9.441759835,2023,6,2,Air Quality Indicator
876855,375,Nitrogen dioxide (NO2),Mean,ppb,Borough,4,Queens,Summer 2023,2023-06-01,11.54967618,2023,6,2,Air Quality Indicator
878170,386,Ozone (O3),Mean,ppb,CD,101,Financial District (CD1),Summer 2023,2023-06-01,29.71969051,2023,6,2,Air Quality Indicator
878171,386,Ozone (O3),Mean,ppb,Citywide,1,New York City,Summer 2023,2023-06-01,35.53951634,2023,6,2,Air Quality Indicator
878199,386,Ozone (O3),Mean,ppb,UHF34,203,Bedford Stuyvesant - Crown Heights,Summer 2023,2023-06-01,36.15812507,2023,6,2,Air Quality Indicator
878238,386,Ozone (O3),Mean,ppb,UHF42,203,Bedford Stuyvesant - Crown Heights,Summer 2023,2023-06-01,36.15812507,2023,6,2,Air Quality Indicator
874502,365,Fine particles (PM 2.5),Mean,mcg/m3,CD,110,Central Harlem (CD10),Summer 2023,2023-06-01,9.182091417,2023,6,2,Air Quality Indicator
878169,386,Ozone (O3),Mean,ppb,CD,102,Greenwich Village and Soho (CD2),Summer 2023,2023-06-01,28.97905331,2023,6,2,Air Quality Indicator
874338,365,Fine particles (PM 2.5),Mean,mcg/m3,UHF42,201,Greenpoint,Summer 2023,2023-06-01,9.490783626,2023,6,2,Air Quality Indicator
874446,365,Fine particles (PM 2.5),Mean,mcg/m3,UHF42,406,Fresh Meadows,Summer 2023,2023-06-01,8.672409931,2023,6,2,Air Quality Indicator
877245,375,Nitrogen dioxide (NO2),Mean,ppb,CD,410,South Ozone Park and Howard Beach (CD10),Summer 2023,2023-06-01,11.75210061,2023,6,2,Air Quality Indicator
874596,365,Fine particles (PM 2.5),Mean,mcg/m3,CD,203,Morrisania and Crotona (CD3),Summer 2023,2023-06-01,9.377384466,2023,6,2,Air Quality Indicator
878126,386,Ozone (O3),Mean,ppb,CD,314,Flatbush and Midwood (CD14),Summer 2023,2023-06-01,37.31493103,2023,6,2,Air Quality Indicator
876993,375,Nitrogen dioxide (NO2),Mean,ppb,UHF34,103,Fordham - Bronx Pk,Summer 2023,2023-06-01,12.47245283,2023,6,2,Air Quality Indicator
878216,386,Ozone (O3),Mean,ppb,UHF42,404,Bayside - Little Neck,Summer 2023,2023-06-01,36.88953233,2023,6,2,Air Quality Indicator
877104,375,Nitrogen dioxide (NO2),Mean,ppb,CD,105,Midtown (CD5),Summer 2023,2023-06-01,22.22098615,2023,6,2,Air Quality Indicator
877074,375,Nitrogen dioxide (NO2),Mean,ppb,UHF34,309310,Union Square-Lower Manhattan,Summer 2023,2023-06-01,17.42045889,2023,6,2,Air Quality Indicator
874332,365,Fine particles (PM 2.5),Mean,mcg/m3,UHF42,203,Bedford Stuyvesant - Crown Heights,Summer 2023,2023-06-01,8.865704873,2023,6,2,Air Quality Indicator
878144,386,Ozone (O3),Mean,ppb,CD,414,Rockaway and Broad Channel (CD14),Summer 2023,2023-06-01,43.40081576,2023,6,2,Air Quality Indicator
874523,365,Fine particles (PM 2.5),Mean,mcg/m3,CD,103,Lower East Side and Chinatown (CD3),Summer 2023,2023-06-01,9.17505874,2023,6,2,Air Quality Indicator
874816,365,Fine particles (PM 2.5),Mean,mcg/m3,CD,317,East Flatbush (CD17),Summer 2023,2023-06-01,8.687833391,2023,6,2,Air Quality Indicator
874362,365,Fine particles (PM 2.5),Mean,mcg/m3,Borough,5,Staten Island,Summer 2023,2023-06-01,8.378827675,2023,6,2,Air Quality Indicator
877212,375,Nitrogen dioxide (NO2),Mean,ppb,CD,317,East Flatbush (CD17),Summer 2023,2023-06-01,12.6709056,2023,6,2,Air Quality Indicator
878221,386,Ozone (O3),Mean,ppb,UHF42,309,Union Square - Lower East Side,Summer 2023,2023-06-01,31.00497205,2023,6,2,Air Quality Indicator
874425,365,Fine particles (PM 2.5),Mean,mcg/m3,UHF42,503,Willowbrook,Summer 2023,2023-06-01,8.471204739,2023,6,2,Air Quality Indicator
877113,375,Nitrogen dioxide (NO2),Mean,ppb,CD,108,Upper East Side (CD8),Summer 2023,2023-06-01,16.00194618,2023,6,2,Air Quality Indicator
874395,365,Fine particles (PM 2.5),Mean,mcg/m3,UHF34,205,Sunset Park,Summer 2023,2023-06-01,9.14926825,2023,6,2,Air Quality Indicator
877152,375,Nitrogen dioxide (NO2),Mean,ppb,CD,209,Parkchester and Soundview (CD9),Summer 2023,2023-06-01,13.30209579,2023,6,2,Air Quality Indicator
874356,365,Fine particles (PM 2.5),Mean,mcg/m3,UHF42,102,Northeast Bronx,Summer 2023,2023-06-01,9.237958876,2023,6,2,Air Quality Indicator
878220,386,Ozone (O3),Mean,ppb,UHF42,310,Lower Manhattan,Summer 2023,2023-06-01,29.88823161,2023,6,2,Air Quality Indicator
878142,386,Ozone (O3),Mean,ppb,CD,412,Jamaica and Hollis (CD12),Summer 2023,2023-06-01,37.63691568,2023,6,2,Air Quality Indicator
878160,386,Ozone (O3),Mean,ppb,CD,111,East Harlem (CD11),Summer 2023,2023-06-01,31.93767785,2023,6,2,Air Quality Indicator
874434,365,Fine particles (PM 2.5),Mean,mcg/m3,UHF42,410,Rockaways,Summer 2023,2023-06-01,8.150636732,2023,6,2,Air Quality Indicator
878129,386,Ozone (O3),Mean,ppb,CD,317,East Flatbush (CD17),Summer 2023,2023-06-01,37.1586567,2023,6,2,Air Quality Indicator
878200,386,Ozone (O3),Mean,ppb,UHF34,202,Downtown - Heights - Slope,Summer 2023,2023-06-01,33.86869045,2023,6,2,Air Quality Indicator
877242,375,Nitrogen dioxide (NO2),Mean,ppb,CD,409,Kew Gardens and Woodhaven (CD9),Summer 2023,2023-06-01,12.29498083,2023,6,2,Air Quality Indicator
877044,375,Nitrogen dioxide (NO2),Mean,ppb,UHF34,401,Long Island City - Astoria,Summer 2023,2023-06-01,15.48445494,2023,6,2,Air Quality Indicator
874921,365,Fine particles (PM 2.5),Mean,mcg/m3,CD,312,Borough Park (CD12),Summer 2023,2023-06-01,8.652317625,2023,6,2,Air Quality Indicator
878140,386,Ozone (O3),Mean,ppb,CD,410,South Ozone Park and Howard Beach (CD10),Summer 2023,2023-06-01,37.87161012,2023,6,2,Air Quality Indicator
876948,375,Nitrogen dioxide (NO2),Mean,ppb,UHF42,402,West Queens,Summer 2023,2023-06-01,15.07775098,2023,6,2,Air Quality Indicator
874906,365,Fine particles (PM 2.5),Mean,mcg/m3,CD,307,Sunset Park (CD7),Summer 2023,2023-06-01,9.15830274,2023,6,2,Air Quality Indicator
878180,386,Ozone (O3),Mean,ppb,UHF34,409,Southeast Queens,Summer 2023,2023-06-01,38.18155438,2023,6,2,Air Quality Indicator
878127,386,Ozone (O3),Mean,ppb,CD,315,Sheepshead Bay (CD15),Summer 2023,2023-06-01,40.00347748,2023,6,2,Air Quality Indicator
876891,375,Nitrogen dioxide (NO2),Mean,ppb,UHF42,204,East New York,Summer 2023,2023-06-01,13.58713104,2023,6,2,Air Quality Indicator
874491,365,Fine particles (PM 2.5),Mean,mcg/m3,UHF42,301,Washington Heights,Summer 2023,2023-06-01,9.349919871,2023,6,2,Air Quality Indicator
874437,365,Fine particles (PM 2.5),Mean,mcg/m3,UHF42,409,Southeast Queens,Summer 2023,2023-06-01,8.565160331,2023,6,2,Air Quality Indicator
874553,365,Fine particles (PM 2.5),Mean,mcg/m3,UHF34,305307,Upper East Side-Gramercy,Summer 2023,2023-06-01,9.298440093,2023,6,2,Air Quality Indicator
874864,365,Fine particles (PM 2.5),Mean,mcg/m3,CD,501,St. George and Stapleton (CD1),Summer 2023,2023-06-01,8.593710536,2023,6,2,Air Quality Indicator
876885,375,Nitrogen dioxide (NO2),Mean,ppb,UHF42,202,Downtown - Heights - Slope,Summer 2023,2023-06-01,14.02065338,2023,6,2,Air Quality Indicator
878234,386,Ozone (O3),Mean,ppb,UHF42,207,East Flatbush - Flatbush,Summer 2023,2023-06-01,37.25838607,2023,6,2,Air Quality Indicator
878206,386,Ozone (O3),Mean,ppb,UHF42,504,South Beach - Tottenville,Summer 2023,2023-06-01,36.4865784,2023,6,2,Air Quality Indicator
878134,386,Ozone (O3),Mean,ppb,CD,404,Elmhurst and Corona (CD4),Summer 2023,2023-06-01,35.14139482,2023,6,2,Air Quality Indicator
878223,386,Ozone (O3),Mean,ppb,UHF42,307,Gramercy Park - Murray Hill,Summer 2023,2023-06-01,29.47284974,2023,6,2,Air Quality Indicator
878121,386,Ozone (O3),Mean,ppb,CD,309,South Crown Heights and Lefferts Gardens (CD9),Summer 2023,2023-06-01,36.97711285,2023,6,2,Air Quality Indicator
877008,375,Nitrogen dioxide (NO2),Mean,ppb,UHF34,204,East New York,Summer 2023,2023-06-01,13.58713104,2023,6,2,Air Quality Indicator
877263,375,Nitrogen dioxide (NO2),Mean,ppb,CD,502,South Beach and Willowbrook (CD2),Summer 2023,2023-06-01,8.594431864,2023,6,2,Air Quality Indicator
874499,365,Fine particles (PM 2.5),Mean,mcg/m3,CD,111,East Harlem (CD11),Summer 2023,2023-06-01,9.203035572,2023,6,2,Air Quality Indicator
876858,375,Nitrogen dioxide (NO2),Mean,ppb,Borough,5,Staten Island,Summer 2023,2023-06-01,9.286177253,2023,6,2,Air Quality Indicator
877101,375,Nitrogen dioxide (NO2),Mean,ppb,CD,104,Clinton and Chelsea (CD4),Summer 2023,2023-06-01,20.54838938,2023,6,2,Air Quality Indicator
877119,375,Nitrogen dioxide (NO2),Mean,ppb,CD,110,Central Harlem (CD10),Summer 2023,2023-06-01,13.15002492,2023,6,2,Air Quality Indicator
878196,386,Ozone (O3),Mean,ppb,UHF34,206,Borough Park,Summer 2023,2023-06-01,37.40360507,2023,6,2,Air Quality Indicator
874580,365,Fine particles (PM 2.5),Mean,mcg/m3,UHF34,304,Upper West Side,Summer 2023,2023-06-01,9.178923085,2023,6,2,Air Quality Indicator
878161,386,Ozone (O3),Mean,ppb,CD,110,Central Harlem (CD10),Summer 2023,2023-06-01,31.79455487,2023,6,2,Air Quality Indicator
878194,386,Ozone (O3),Mean,ppb,UHF34,208,Canarsie - Flatlands,Summer 2023,2023-06-01,38.29501816,2023,6,2,Air Quality Indicator
874879,365,Fine particles (PM 2.5),Mean,mcg/m3,CD,210,Throgs Neck and Co-op City (CD10),Summer 2023,2023-06-01,9.169949337,2023,6,2,Air Quality Indicator
876879,375,Nitrogen dioxide (NO2),Mean,ppb,UHF42,107,Hunts Point - Mott Haven,Summer 2023,2023-06-01,14.78510714,2023,6,2,Air Quality Indicator
874323,365,Fine particles (PM 2.5),Mean,mcg/m3,UHF42,206,Borough Park,Summer 2023,2023-06-01,8.616311108,2023,6,2,Air Quality Indicator
876876,375,Nitrogen dioxide (NO2),Mean,ppb,UHF42,106,High Bridge - Morrisania,Summer 2023,2023-06-01,13.96941767,2023,6,2,Air Quality Indicator
877071,375,Nitrogen dioxide (NO2),Mean,ppb,UHF34,306308,Chelsea-Village,Summer 2023,2023-06-01,20.93267044,2023,6,2,Air Quality Indicator
877068,375,Nitrogen dioxide (NO2),Mean,ppb,UHF34,305307,Upper East Side-Gramercy,Summer 2023,2023-06-01,17.8616607,2023,6,2,Air Quality Indicator
878185,386,Ozone (O3),Mean,ppb,UHF34,402,West Queens,Summer 2023,2023-06-01,34.3659895,2023,6,2,Air Quality Indicator
878219,386,Ozone (O3),Mean,ppb,UHF42,401,Long Island City - Astoria,Summer 2023,2023-06-01,33.216065,2023,6,2,Air Quality Indicator
876909,375,Nitrogen dioxide (NO2),Mean,ppb,UHF42,210,Coney Island - Sheepshead Bay,Summer 2023,2023-06-01,9.941814031,2023,6,2,Air Quality Indicator
878229,386,Ozone (O3),Mean,ppb,UHF42,301,Washington Heights,Summer 2023,2023-06-01,29.97225632,2023,6,2,Air Quality Indicator
874915,365,Fine particles (PM 2.5),Mean,mcg/m3,CD,310,Bay Ridge and Dyker Heights (CD10),Summer 2023,2023-06-01,8.643969442,2023,6,2,Air Quality Indicator
878251,386,Ozone (O3),Mean,ppb,Borough,2,Brooklyn,Summer 2023,2023-06-01,36.81153782,2023,6,2,Air Quality Indicator
874416,365,Fine particles (PM 2.5),Mean,mcg/m3,UHF34,102,Northeast Bronx,Summer 2023,2023-06-01,9.237951308,2023,6,2,Air Quality Indicator
877026,375,Nitrogen dioxide (NO2),Mean,ppb,UHF34,210,Coney Island - Sheepshead Bay,Summer 2023,2023-06-01,9.941814031,2023,6,2,Air Quality Indicator
877185,375,Nitrogen dioxide (NO2),Mean,ppb,CD,308,Crown Heights and Prospect Heights (CD8),Summer 2023,2023-06-01,11.87083868,2023,6,2,Air Quality Indicator
877080,375,Nitrogen dioxide (NO2),Mean,ppb,UHF34,501502,Northern SI,Summer 2023,2023-06-01,12.52282979,2023,6,2,Air Quality Indicator
876849,375,Nitrogen dioxide (NO2),Mean,ppb,Borough,2,Brooklyn,Summer 2023,2023-06-01,12.52221569,2023,6,2,Air Quality Indicator
874599,365,Fine particles (PM 2.5),Mean,mcg/m3,CD,204,Highbridge and Concourse (CD4),Summer 2023,2023-06-01,9.2882538,2023,6,2,Air Quality Indicator
877221,375,Nitrogen dioxide (NO2),Mean,ppb,CD,402,Woodside and Sunnyside (CD2),Summer 2023,2023-06-01,16.03132644,2023,6,2,Air Quality Indicator
874903,365,Fine particles (PM 2.5),Mean,mcg/m3,CD,306,Park Slope and Carroll Gardens (CD6),Summer 2023,2023-06-01,9.21308071,2023,6,2,Air Quality Indicator
878159,386,Ozone (O3),Mean,ppb,CD,112,Washington Heights and Inwood (CD12),Summer 2023,2023-06-01,29.66140778,2023,6,2,Air Quality Indicator
874335,365,Fine particles (PM 2.5),Mean,mcg/m3,UHF42,202,Downtown - Heights - Slope,Summer 2023,2023-06-01,9.205974877,2023,6,2,Air Quality Indicator
876903,375,Nitrogen dioxide (NO2),Mean,ppb,UHF42,208,Canarsie - Flatlands,Summer 2023,2023-06-01,12.24185059,2023,6,2,Air Quality Indicator
876966,375,Nitrogen dioxide (NO2),Mean,ppb,UHF42,408,Jamaica,Summer 2023,2023-06-01,11.25823112,2023,6,2,Air Quality Indicator
874544,365,Fine particles (PM 2.5),Mean,mcg/m3,UHF34,404406,Bayside Little Neck-Fresh Meadows,Summer 2023,2023-06-01,8.701650681,2023,6,2,Air Quality Indicator
874404,365,Fine particles (PM 2.5),Mean,mcg/m3,UHF34,202,Downtown - Heights - Slope,Summer 2023,2023-06-01,9.205974877,2023,6,2,Air Quality Indicator
874825,365,Fine particles (PM 2.5),Mean,mcg/m3,CD,402,Woodside and Sunnyside (CD2),Summer 2023,2023-06-01,9.594697694,2023,6,2,Air Quality Indicator
874482,365,Fine particles (PM 2.5),Mean,mcg/m3,UHF42,304,Upper West Side,Summer 2023,2023-06-01,9.178931606,2023,6,2,Air Quality Indicator
874562,365,Fine particles (PM 2.5),Mean,mcg/m3,UHF34,408,Jamaica,Summer 2023,2023-06-01,8.721684896,2023,6,2,Air Quality Indicator
874467,365,Fine particles (PM 2.5),Mean,mcg/m3,UHF42,309,Union Square - Lower East Side,Summer 2023,2023-06-01,9.24061011,2023,6,2,Air Quality Indicator
874855,365,Fine particles (PM 2.5),Mean,mcg/m3,CD,412,Jamaica and Hollis (CD12),Summer 2023,2023-06-01,8.695098537,2023,6,2,Air Quality Indicator
874918,365,Fine particles (PM 2.5),Mean,mcg/m3,CD,311,Bensonhurst (CD11),Summer 2023,2023-06-01,8.452024043,2023,6,2,Air Quality Indicator
876864,375,Nitrogen dioxide (NO2),Mean,ppb,UHF42,102,Northeast Bronx,Summer 2023,2023-06-01,11.62453778,2023,6,2,Air Quality Indicator
876960,375,Nitrogen dioxide (NO2),Mean,ppb,UHF42,406,Fresh Meadows,Summer 2023,2023-06-01,10.7039473,2023,6,2,Air Quality Indicator
878243,386,Ozone (O3),Mean,ppb,UHF42,105,Crotona -Tremont,Summer 2023,2023-06-01,32.15024536,2023,6,2,Air Quality Indicator
877116,375,Nitrogen dioxide (NO2),Mean,ppb,CD,109,Morningside Heights and Hamilton Heights (CD9),Summer 2023,2023-06-01,13.26989981,2023,6,2,Air Quality Indicator
874505,365,Fine particles (PM 2.5),Mean,mcg/m3,CD,109,Morningside Heights and Hamilton Heights (CD9),Summer 2023,2023-06-01,9.250161362,2023,6,2,Air Quality Indicator
874428,365,Fine particles (PM 2.5),Mean,mcg/m3,UHF42,502,Stapleton - St. George,Summer 2023,2023-06-01,8.449108269,2023,6,2,Air Quality Indicator
877041,375,Nitrogen dioxide (NO2),Mean,ppb,UHF34,304,Upper West Side,Summer 2023,2023-06-01,15.61819912,2023,6,2,Air Quality Indicator
874882,365,Fine particles (PM 2.5),Mean,mcg/m3,CD,211,Morris Park and Bronxdale (CD11),Summer 2023,2023-06-01,9.232350014,2023,6,2,Air Quality Indicator
878125,386,Ozone (O3),Mean,ppb,CD,313,Coney Island (CD13),Summer 2023,2023-06-01,41.2931847,2023,6,2,Air Quality Indicator
874547,365,Fine particles (PM 2.5),Mean,mcg/m3,UHF34,309310,Union Square-Lower Manhattan,Summer 2023,2023-06-01,9.223447992,2023,6,2,Air Quality Indicator
877005,375,Nitrogen dioxide (NO2),Mean,ppb,UHF34,203,Bedford Stuyvesant - Crown Heights,Summer 2023,2023-06-01,12.30403871,2023,6,2,Air Quality Indicator
877047,375,Nitrogen dioxide (NO2),Mean,ppb,UHF34,402,West Queens,Summer 2023,2023-06-01,15.07775098,2023,6,2,Air Quality Indicator
878179,386,Ozone (O3),Mean,ppb,UHF34,410,Rockaways,Summer 2023,2023-06-01,43.33287409,2023,6,2,Air Quality Indicator
878176,386,Ozone (O3),Mean,ppb,UHF34,309310,Union Square-Lower Manhattan,Summer 2023,2023-06-01,30.65430801,2023,6,2,Air Quality Indicator
876897,375,Nitrogen dioxide (NO2),Mean,ppb,UHF42,206,Borough Park,Summer 2023,2023-06-01,11.74380759,2023,6,2,Air Quality Indicator
877200,375,Nitrogen dioxide (NO2),Mean,ppb,CD,313,Coney Island (CD13),Summer 2023,2023-06-01,8.914378523,2023,6,2,Air Quality Indicator
876906,375,Nitrogen dioxide (NO2),Mean,ppb,UHF42,209,Bensonhurst - Bay Ridge,Summer 2023,2023-06-01,12.10054339,2023,6,2,Air Quality Indicator
877065,375,Nitrogen dioxide (NO2),Mean,ppb,UHF34,410,Rockaways,Summer 2023,2023-06-01,6.471941886,2023,6,2,Air Quality Indicator
874586,365,Fine particles (PM 2.5),Mean,mcg/m3,UHF34,302,Central Harlem - Morningside Heights,Summer 2023,2023-06-01,9.20653142,2023,6,2,Air Quality Indicator
874526,365,Fine particles (PM 2.5),Mean,mcg/m3,CD,102,Greenwich Village and Soho (CD2),Summer 2023,2023-06-01,9.640345698,2023,6,2,Air Quality Indicator
878163,386,Ozone (O3),Mean,ppb,CD,108,Upper East Side (CD8),Summer 2023,2023-06-01,31.22267347,2023,6,2,Air Quality Indicator
874876,365,Fine particles (PM 2.5),Mean,mcg/m3,CD,209,Parkchester and Soundview (CD9),Summer 2023,2023-06-01,9.278967207,2023,6,2,Air Quality Indicator
874852,365,Fine particles (PM 2.5),Mean,mcg/m3,CD,411,Bayside and Little Neck (CD11),Summer 2023,2023-06-01,8.718392544,2023,6,2,Air Quality Indicator
878205,386,Ozone (O3),Mean,ppb,UHF34,101,Kingsbridge - Riverdale,Summer 2023,2023-06-01,29.39652856,2023,6,2,Air Quality Indicator
874496,365,Fine particles (PM 2.5),Mean,mcg/m3,CD,112,Washington Heights and Inwood (CD12),Summer 2023,2023-06-01,9.365247781,2023,6,2,Air Quality Indicator
877230,375,Nitrogen dioxide (NO2),Mean,ppb,CD,405,Ridgewood and Maspeth (CD5),Summer 2023,2023-06-01,13.39077372,2023,6,2,Air Quality Indicator
874326,365,Fine particles (PM 2.5),Mean,mcg/m3,UHF42,205,Sunset Park,Summer 2023,2023-06-01,9.149134113,2023,6,2,Air Quality Indicator
874837,365,Fine particles (PM 2.5),Mean,mcg/m3,CD,406,Rego Park and Forest Hills (CD6),Summer 2023,2023-06-01,8.719093414,2023,6,2,Air Quality Indicator
878174,386,Ozone (O3),Mean,ppb,UHF34,501502,Northern SI,Summer 2023,2023-06-01,33.09477592,2023,6,2,Air Quality Indicator
878117,386,Ozone (O3),Mean,ppb,CD,305,East New York and Starrett City (CD5),Summer 2023,2023-06-01,36.56098667,2023,6,2,Air Quality Indicator
878225,386,Ozone (O3),Mean,ppb,UHF42,305,Upper East Side,Summer 2023,2023-06-01,31.2445346,2023,6,2,Air Quality Indicator
877251,375,Nitrogen dioxide (NO2),Mean,ppb,CD,412,Jamaica and Hollis (CD12),Summer 2023,2023-06-01,11.3212232,2023,6,2,Air Quality Indicator
878227,386,Ozone (O3),Mean,ppb,UHF42,303,East Harlem,Summer 2023,2023-06-01,32.00898429,2023,6,2,Air Quality Indicator
878209,386,Ozone (O3),Mean,ppb,UHF42,501,Port Richmond,Summer 2023,2023-06-01,32.56097611,2023,6,2,Air Quality Indicator
878203,386,Ozone (O3),Mean,ppb,UHF34,103,Fordham - Bronx Pk,Summer 2023,2023-06-01,32.31051756,2023,6,2,Air Quality Indicator
876882,375,Nitrogen dioxide (NO2),Mean,ppb,UHF42,201,Greenpoint,Summer 2023,2023-06-01,14.95173654,2023,6,2,Air Quality Indicator
874440,365,Fine particles (PM 2.5),Mean,mcg/m3,UHF42,408,Jamaica,Summer 2023,2023-06-01,8.721661525,2023,6,2,Air Quality Indicator
878240,386,Ozone (O3),Mean,ppb,UHF42,201,Greenpoint,Summer 2023,2023-06-01,33.7542222,2023,6,2,Air Quality Indicator
874389,365,Fine particles (PM 2.5),Mean,mcg/m3,UHF34,207,East Flatbush - Flatbush,Summer 2023,2023-06-01,8.611497961,2023,6,2,Air Quality Indicator
878247,386,Ozone (O3),Mean,ppb,UHF42,101,Kingsbridge - Riverdale,Summer 2023,2023-06-01,29.39652856,2023,6,2,Air Quality Indicator
874885,365,Fine particles (PM 2.5),Mean,mcg/m3,CD,212,Williamsbridge and Baychester (CD12),Summer 2023,2023-06-01,9.254048723,2023,6,2,Air Quality Indicator
878207,386,Ozone (O3),Mean,ppb,UHF42,503,Willowbrook,Summer 2023,2023-06-01,34.65271795,2023,6,2,Air Quality Indicator
874807,365,Fine particles (PM 2.5),Mean,mcg/m3,CD,314,Flatbush and Midwood (CD14),Summer 2023,2023-06-01,8.546253356,2023,6,2,Air Quality Indicator
874452,365,Fine particles (PM 2.5),Mean,mcg/m3,UHF42,404,Bayside - Little Neck,Summer 2023,2023-06-01,8.719524695,2023,6,2,Air Quality Indicator
874359,365,Fine particles (PM 2.5),Mean,mcg/m3,UHF42,101,Kingsbridge - Riverdale,Summer 2023,2023-06-01,9.265788318,2023,6,2,Air Quality Indicator
877107,375,Nitrogen dioxide (NO2),Mean,ppb,CD,106,Stuyvesant Town and Turtle Bay (CD6),Summer 2023,2023-06-01,18.70500762,2023,6,2,Air Quality Indicator
878230,386,Ozone (O3),Mean,ppb,UHF42,211,Williamsburg - Bushwick,Summer 2023,2023-06-01,35.49941831,2023,6,2,Air Quality Indicator
877086,375,Nitrogen dioxide (NO2),Mean,ppb,UHF34,105106107,South Bronx,Summer 2023,2023-06-01,14.34539039,2023,6,2,Air Quality Indicator
877194,375,Nitrogen dioxide (NO2),Mean,ppb,CD,311,Bensonhurst (CD11),Summer 2023,2023-06-01,10.75587857,2023,6,2,Air Quality Indicator
877098,375,Nitrogen dioxide (NO2),Mean,ppb,CD,103,Lower East Side and Chinatown (CD3),Summer 2023,2023-06-01,16.2487256,2023,6,2,Air Quality Indicator
878254,386,Ozone (O3),Mean,ppb,CD,503,Tottenville and Great Kills (CD3),Summer 2023,2023-06-01,36.45438978,2023,6,2,Air Quality Indicator
877164,375,Nitrogen dioxide (NO2),Mean,ppb,CD,301,Greenpoint and Williamsburg (CD1),Summer 2023,2023-06-01,14.72135233,2023,6,2,Air Quality Indicator
878118,386,Ozone (O3),Mean,ppb,CD,306,Park Slope and Carroll Gardens (CD6),Summer 2023,2023-06-01,34.15035402,2023,6,2,Air Quality Indicator
874398,365,Fine particles (PM 2.5),Mean,mcg/m3,UHF34,204,East New York,Summer 2023,2023-06-01,8.878918851,2023,6,2,Air Quality Indicator
878211,386,Ozone (O3),Mean,ppb,UHF42,409,Southeast Queens,Summer 2023,2023-06-01,38.18201497,2023,6,2,Air Quality Indicator
874909,365,Fine particles (PM 2.5),Mean,mcg/m3,CD,308,Crown Heights and Prospect Heights (CD8),Summer 2023,2023-06-01,8.936772164,2023,6,2,Air Quality Indicator
878124,386,Ozone (O3),Mean,ppb,CD,312,Borough Park (CD12),Summer 2023,2023-06-01,37.22655011,2023,6,2,Air Quality Indicator
874308,365,Fine particles (PM 2.5),Mean,mcg/m3,UHF42,211,Williamsburg - Bushwick,Summer 2023,2023-06-01,9.266873894,2023,6,2,Air Quality Indicator
874517,365,Fine particles (PM 2.5),Mean,mcg/m3,CD,105,Midtown (CD5),Summer 2023,2023-06-01,9.767412952,2023,6,2,Air Quality Indicator
874888,365,Fine particles (PM 2.5),Mean,mcg/m3,CD,301,Greenpoint and Williamsburg (CD1),Summer 2023,2023-06-01,9.515876207,2023,6,2,Air Quality Indicator
874464,365,Fine particles (PM 2.5),Mean,mcg/m3,UHF42,310,Lower Manhattan,Summer 2023,2023-06-01,9.185954859,2023,6,2,Air Quality Indicator
877017,375,Nitrogen dioxide (NO2),Mean,ppb,UHF34,207,East Flatbush - Flatbush,Summer 2023,2023-06-01,12.02033251,2023,6,2,Air Quality Indicator
878149,386,Ozone (O3),Mean,ppb,CD,210,Throgs Neck and Co-op City (CD10),Summer 2023,2023-06-01,35.69245438,2023,6,2,Air Quality Indicator
877191,375,Nitrogen dioxide (NO2),Mean,ppb,CD,310,Bay Ridge and Dyker Heights (CD10),Summer 2023,2023-06-01,13.79474138,2023,6,2,Air Quality Indicator
877239,375,Nitrogen dioxide (NO2),Mean,ppb,CD,408,Hillcrest and Fresh Meadows (CD8),Summer 2023,2023-06-01,10.57451486,2023,6,2,Air Quality Indicator
876942,375,Nitrogen dioxide (NO2),Mean,ppb,UHF42,310,Lower Manhattan,Summer 2023,2023-06-01,19.23269501,2023,6,2,Air Quality Indicator
874559,365,Fine particles (PM 2.5),Mean,mcg/m3,UHF34,409,Southeast Queens,Summer 2023,2023-06-01,8.565150117,2023,6,2,Air Quality Indicator
874831,365,Fine particles (PM 2.5),Mean,mcg/m3,CD,404,Elmhurst and Corona (CD4),Summer 2023,2023-06-01,9.011768181,2023,6,2,Air Quality Indicator
877011,375,Nitrogen dioxide (NO2),Mean,ppb,UHF34,205,Sunset Park,Summer 2023,2023-06-01,14.78243138,2023,6,2,Air Quality Indicator
874605,365,Fine particles (PM 2.5),Mean,mcg/m3,CD,206,Belmont and East Tremont (CD6),Summer 2023,2023-06-01,9.337857894,2023,6,2,Air Quality Indicator
876936,375,Nitrogen dioxide (NO2),Mean,ppb,UHF42,308,Greenwich Village - SoHo,Summer 2023,2023-06-01,20.33316087,2023,6,2,Air Quality Indicator
876939,375,Nitrogen dioxide (NO2),Mean,ppb,UHF42,309,Union Square - Lower East Side,Summer 2023,2023-06-01,16.5909254,2023,6,2,Air Quality Indicator
876870,375,Nitrogen dioxide (NO2),Mean,ppb,UHF42,104,Pelham - Throgs Neck,Summer 2023,2023-06-01,12.06848595,2023,6,2,Air Quality Indicator
878132,386,Ozone (O3),Mean,ppb,CD,402,Woodside and Sunnyside (CD2),Summer 2023,2023-06-01,33.53542984,2023,6,2,Air Quality Indicator
878192,386,Ozone (O3),Mean,ppb,UHF34,210,Coney Island - Sheepshead Bay,Summer 2023,2023-06-01,40.41763987,2023,6,2,Air Quality Indicator
874834,365,Fine particles (PM 2.5),Mean,mcg/m3,CD,405,Ridgewood and Maspeth (CD5),Summer 2023,2023-06-01,9.103134891,2023,6,2,Air Quality Indicator
874458,365,Fine particles (PM 2.5),Mean,mcg/m3,UHF42,402,West Queens,Summer 2023,2023-06-01,9.23668133,2023,6,2,Air Quality Indicator
876954,375,Nitrogen dioxide (NO2),Mean,ppb,UHF42,404,Bayside - Little Neck,Summer 2023,2023-06-01,9.624486798,2023,6,2,Air Quality Indicator
878167,386,Ozone (O3),Mean,ppb,CD,104,Clinton and Chelsea (CD4),Summer 2023,2023-06-01,28.47102781,2023,6,2,Air Quality Indicator
877020,375,Nitrogen dioxide (NO2),Mean,ppb,UHF34,208,Canarsie - Flatlands,Summer 2023,2023-06-01,12.24185059,2023,6,2,Air Quality Indicator
877092,375,Nitrogen dioxide (NO2),Mean,ppb,CD,101,Financial District (CD1),Summer 2023,2023-06-01,19.69490477,2023,6,2,Air Quality Indicator
878165,386,Ozone (O3),Mean,ppb,CD,106,Stuyvesant Town and Turtle Bay (CD6),Summer 2023,2023-06-01,29.94972265,2023,6,2,Air Quality Indicator
878119,386,Ozone (O3),Mean,ppb,CD,307,Sunset Park (CD7),Summer 2023,2023-06-01,34.62553705,2023,6,2,Air Quality Indicator
877125,375,Nitrogen dioxide (NO2),Mean,ppb,CD,112,Washington Heights and Inwood (CD12),Summer 2023,2023-06-01,14.43067469,2023,6,2,Air Quality Indicator
878162,386,Ozone (O3),Mean,ppb,CD,109,Morningside Heights and Hamilton Heights (CD9),Summer 2023,2023-06-01,30.99076311,2023,6,2,Air Quality Indicator
877131,375,Nitrogen dioxide (NO2),Mean,ppb,CD,202,Hunts Point and Longwood (CD2),Summer 2023,2023-06-01,15.26199906,2023,6,2,Air Quality Indicator
877161,375,Nitrogen dioxide (NO2),Mean,ppb,CD,212,Williamsbridge and Baychester (CD12),Summer 2023,2023-06-01,11.87627055,2023,6,2,Air Quality Indicator
876924,375,Nitrogen dioxide (NO2),Mean,ppb,UHF42,304,Upper West Side,Summer 2023,2023-06-01,15.61856373,2023,6,2,Air Quality Indicator
878145,386,Ozone (O3),Mean,ppb,CD,501,St. George and Stapleton (CD1),Summer 2023,2023-06-01,32.37391856,2023,6,2,Air Quality Indicator
874470,365,Fine particles (PM 2.5),Mean,mcg/m3,UHF42,308,Greenwich Village - SoHo,Summer 2023,2023-06-01,9.568039799,2023,6,2,Air Quality Indicator
874473,365,Fine particles (PM 2.5),Mean,mcg/m3,UHF42,307,Gramercy Park - Murray Hill,Summer 2023,2023-06-01,9.463103294,2023,6,2,Air Quality Indicator
878181,386,Ozone (O3),Mean,ppb,UHF34,408,Jamaica,Summer 2023,2023-06-01,37.4206363,2023,6,2,Air Quality Indicator
878172,386,Ozone (O3),Mean,ppb,UHF34,105106107,South Bronx,Summer 2023,2023-06-01,32.66163839,2023,6,2,Air Quality Indicator
877182,375,Nitrogen dioxide (NO2),Mean,ppb,CD,307,Sunset Park (CD7),Summer 2023,2023-06-01,14.41101052,2023,6,2,Air Quality Indicator
874810,365,Fine particles (PM 2.5),Mean,mcg/m3,CD,315,Sheepshead Bay (CD15),Summer 2023,2023-06-01,8.330674356,2023,6,2,Air Quality Indicator
874520,365,Fine particles (PM 2.5),Mean,mcg/m3,CD,104,Clinton and Chelsea (CD4),Summer 2023,2023-06-01,9.655789883,2023,6,2,Air Quality Indicator
878138,386,Ozone (O3),Mean,ppb,CD,408,Hillcrest and Fresh Meadows (CD8),Summer 2023,2023-06-01,36.68773905,2023,6,2,Air Quality Indicator
877050,375,Nitrogen dioxide (NO2),Mean,ppb,UHF34,403,Flushing - Clearview,Summer 2023,2023-06-01,11.19843013,2023,6,2,Air Quality Indicator
877236,375,Nitrogen dioxide (NO2),Mean,ppb,CD,407,Flushing and Whitestone (CD7),Summer 2023,2023-06-01,11.33369132,2023,6,2,Air Quality Indicator
877095,375,Nitrogen dioxide (NO2),Mean,ppb,CD,102,Greenwich Village and Soho (CD2),Summer 2023,2023-06-01,20.14470643,2023,6,2,Air Quality Indicator
878215,386,Ozone (O3),Mean,ppb,UHF42,405,Ridgewood - Forest Hills,Summer 2023,2023-06-01,35.74608194,2023,6,2,Air Quality Indicator
874392,365,Fine particles (PM 2.5),Mean,mcg/m3,UHF34,206,Borough Park,Summer 2023,2023-06-01,8.616311108,2023,6,2,Air Quality Indicator
874368,365,Fine particles (PM 2.5),Mean,mcg/m3,Borough,3,Manhattan,Summer 2023,2023-06-01,9.34171697,2023,6,2,Air Quality Indicator
878152,386,Ozone (O3),Mean,ppb,CD,207,Kingsbridge Heights and Bedford (CD7),Summer 2023,2023-06-01,32.06602493,2023,6,2,Air Quality Indicator
877260,375,Nitrogen dioxide (NO2),Mean,ppb,CD,501,St. George and Stapleton (CD1),Summer 2023,2023-06-01,12.81269171,2023,6,2,Air Quality Indicator
876861,375,Nitrogen dioxide (NO2),Mean,ppb,UHF42,101,Kingsbridge - Riverdale,Summer 2023,2023-06-01,13.0538783,2023,6,2,Air Quality Indicator
878244,386,Ozone (O3),Mean,ppb,UHF42,104,Pelham - Throgs Neck,Summer 2023,2023-06-01,34.91689947,2023,6,2,Air Quality Indicator
877155,375,Nitrogen dioxide (NO2),Mean,ppb,CD,210,Throgs Neck and Co-op City (CD10),Summer 2023,2023-06-01,11.2618141,2023,6,2,Air Quality Indicator
877014,375,Nitrogen dioxide (NO2),Mean,ppb,UHF34,206,Borough Park,Summer 2023,2023-06-01,11.74380759,2023,6,2,Air Quality Indicator
878253,386,Ozone (O3),Mean,ppb,CD,502,South Beach and Willowbrook (CD2),Summer 2023,2023-06-01,35.2123549,2023,6,2,Air Quality Indicator
878193,386,Ozone (O3),Mean,ppb,UHF34,209,Bensonhurst - Bay Ridge,Summer 2023,2023-06-01,37.30085065,2023,6,2,Air Quality Indicator
877134,375,Nitrogen dioxide (NO2),Mean,ppb,CD,203,Morrisania and Crotona (CD3),Summer 2023,2023-06-01,13.76011232,2023,6,2,Air Quality Indicator
874593,365,Fine particles (PM 2.5),Mean,mcg/m3,CD,202,Hunts Point and Longwood (CD2),Summer 2023,2023-06-01,9.725961313,2023,6,2,Air Quality Indicator
877179,375,Nitrogen dioxide (NO2),Mean,ppb,CD,306,Park Slope and Carroll Gardens (CD6),Summer 2023,2023-06-01,13.8400048,2023,6,2,Air Quality Indicator
878237,386,Ozone (O3),Mean,ppb,UHF42,204,East New York,Summer 2023,2023-06-01,36.31450852,2023,6,2,Air Quality Indicator
877149,375,Nitrogen dioxide (NO2),Mean,ppb,CD,208,Riverdale and Fieldston (CD8),Summer 2023,2023-06-01,12.9706097,2023,6,2,Air Quality Indicator
877188,375,Nitrogen dioxide (NO2),Mean,ppb,CD,309,South Crown Heights and Lefferts Gardens (CD9),Summer 2023,2023-06-01,11.38800028,2023,6,2,Air Quality Indicator
874455,365,Fine particles (PM 2.5),Mean,mcg/m3,UHF42,403,Flushing - Clearview,Summer 2023,2023-06-01,8.899225982,2023,6,2,Air Quality Indicator
874529,365,Fine particles (PM 2.5),Mean,mcg/m3,CD,101,Financial District (CD1),Summer 2023,2023-06-01,9.239338959,2023,6,2,Air Quality Indicator
878157,386,Ozone (O3),Mean,ppb,CD,202,Hunts Point and Longwood (CD2),Summer 2023,2023-06-01,33.48798478,2023,6,2,Air Quality Indicator
878114,386,Ozone (O3),Mean,ppb,CD,302,Fort Greene and Brooklyn Heights (CD2),Summer 2023,2023-06-01,33.40842626,2023,6,2,Air Quality Indicator
874819,365,Fine particles (PM 2.5),Mean,mcg/m3,CD,318,Flatlands and Canarsie (CD18),Summer 2023,2023-06-01,8.452351572,2023,6,2,Air Quality Indicator
878150,386,Ozone (O3),Mean,ppb,CD,209,Parkchester and Soundview (CD9),Summer 2023,2023-06-01,33.96231918,2023,6,2,Air Quality Indicator
878202,386,Ozone (O3),Mean,ppb,UHF34,104,Pelham - Throgs Neck,Summer 2023,2023-06-01,34.91689947,2023,6,2,Air Quality Indicator
874846,365,Fine particles (PM 2.5),Mean,mcg/m3,CD,409,Kew Gardens and Woodhaven (CD9),Summer 2023,2023-06-01,8.788488643,2023,6,2,Air Quality Indicator
874329,365,Fine particles (PM 2.5),Mean,mcg/m3,UHF42,204,East New York,Summer 2023,2023-06-01,8.878918851,2023,6,2,Air Quality Indicator
878141,386,Ozone (O3),Mean,ppb,CD,411,Bayside and Little Neck (CD11),Summer 2023,2023-06-01,37.09750646,2023,6,2,Air Quality Indicator
878188,386,Ozone (O3),Mean,ppb,UHF34,303,East Harlem,Summer 2023,2023-06-01,32.00898429,2023,6,2,Air Quality Indicator
874532,365,Fine particles (PM 2.5),Mean,mcg/m3,Citywide,1,New York City,Summer 2023,2023-06-01,8.809497546,2023,6,2,Air Quality Indicator
877023,375,Nitrogen dioxide (NO2),Mean,ppb,UHF34,209,Bensonhurst - Bay Ridge,Summer 2023,2023-06-01,12.10054339,2023,6,2,Air Quality Indicator
877227,375,Nitrogen dioxide (NO2),Mean,ppb,CD,404,Elmhurst and Corona (CD4),Summer 2023,2023-06-01,14.38556501,2023,6,2,Air Quality Indicator
874804,365,Fine particles (PM 2.5),Mean,mcg/m3,CD,313,Coney Island (CD13),Summer 2023,2023-06-01,8.337358199,2023,6,2,Air Quality Indicator
877203,375,Nitrogen dioxide (NO2),Mean,ppb,CD,314,Flatbush and Midwood (CD14),Summer 2023,2023-06-01,11.65295001,2023,6,2,Air Quality Indicator
878198,386,Ozone (O3),Mean,ppb,UHF34,204,East New York,Summer 2023,2023-06-01,36.31450852,2023,6,2,Air Quality Indicator
878204,386,Ozone (O3),Mean,ppb,UHF34,102,Northeast Bronx,Summer 2023,2023-06-01,33.69362355,2023,6,2,Air Quality Indicator
878143,386,Ozone (O3),Mean,ppb,CD,413,Queens Village (CD13),Summer 2023,2023-06-01,38.25394831,2023,6,2,Air Quality Indicator
874508,365,Fine particles (PM 2.5),Mean,mcg/m3,CD,108,Upper East Side (CD8),Summer 2023,2023-06-01,9.157520077,2023,6,2,Air Quality Indicator
878147,386,Ozone (O3),Mean,ppb,CD,212,Williamsbridge and Baychester (CD12),Summer 2023,2023-06-01,32.92349671,2023,6,2,Air Quality Indicator
874371,365,Fine particles (PM 2.5),Mean,mcg/m3,Borough,2,Brooklyn,Summer 2023,2023-06-01,8.776138037,2023,6,2,Air Quality Indicator
878187,386,Ozone (O3),Mean,ppb,UHF34,304,Upper West Side,Summer 2023,2023-06-01,29.75903836,2023,6,2,Air Quality Indicator
878231,386,Ozone (O3),Mean,ppb,UHF42,210,Coney Island - Sheepshead Bay,Summer 2023,2023-06-01,40.41763987,2023,6,2,Air Quality Indicator
878246,386,Ozone (O3),Mean,ppb,UHF42,102,Northeast Bronx,Summer 2023,2023-06-01,33.69356145,2023,6,2,Air Quality Indicator
877170,375,Nitrogen dioxide (NO2),Mean,ppb,CD,303,Bedford Stuyvesant (CD3),Summer 2023,2023-06-01,11.9265525,2023,6,2,Air Quality Indicator
878122,386,Ozone (O3),Mean,ppb,CD,310,Bay Ridge and Dyker Heights (CD10),Summer 2023,2023-06-01,35.37371742,2023,6,2,Air Quality Indicator
878218,386,Ozone (O3),Mean,ppb,UHF42,402,West Queens,Summer 2023,2023-06-01,34.3659895,2023,6,2,Air Quality Indicator
876975,375,Nitrogen dioxide (NO2),Mean,ppb,UHF42,501,Port Richmond,Summer 2023,2023-06-01,11.33199203,2023,6,2,Air Quality Indicator
876900,375,Nitrogen dioxide (NO2),Mean,ppb,UHF42,207,East Flatbush - Flatbush,Summer 2023,2023-06-01,12.02033251,2023,6,2,Air Quality Indicator
877140,375,Nitrogen dioxide (NO2),Mean,ppb,CD,205,Fordham and University Heights (CD5),Summer 2023,2023-06-01,14.12317805,2023,6,2,Air Quality Indicator
874556,365,Fine particles (PM 2.5),Mean,mcg/m3,UHF34,410,Rockaways,Summer 2023,2023-06-01,8.150636732,2023,6,2,Air Quality Indicator
878233,386,Ozone (O3),Mean,ppb,UHF42,208,Canarsie - Flatlands,Summer 2023,2023-06-01,38.29501816,2023,6,2,Air Quality Indicator
874861,365,Fine particles (PM 2.5),Mean,mcg/m3,CD,414,Rockaway and Broad Channel (CD14),Summer 2023,2023-06-01,8.147909572,2023,6,2,Air Quality Indicator
877257,375,Nitrogen dioxide (NO2),Mean,ppb,CD,414,Rockaway and Broad Channel (CD14),Summer 2023,2023-06-01,6.452587396,2023,6,2,Air Quality Indicator
878177,386,Ozone (O3),Mean,ppb,UHF34,306308,Chelsea-Village,Summer 2023,2023-06-01,28.5882459,2023,6,2,Air Quality Indicator
876867,375,Nitrogen dioxide (NO2),Mean,ppb,UHF42,103,Fordham - Bronx Pk,Summer 2023,2023-06-01,12.47245283,2023,6,2,Air Quality Indicator
878178,386,Ozone (O3),Mean,ppb,UHF34,305307,Upper East Side-Gramercy,Summer 2023,2023-06-01,30.41343596,2023,6,2,Air Quality Indicator
878241,386,Ozone (O3),Mean,ppb,UHF42,107,Hunts Point - Mott Haven,Summer 2023,2023-06-01,33.38337979,2023,6,2,Air Quality Indicator
878252,386,Ozone (O3),Mean,ppb,Borough,1,Bronx,Summer 2023,2023-06-01,33.22314544,2023,6,2,Air Quality Indicator
878249,386,Ozone (O3),Mean,ppb,Borough,4,Queens,Summer 2023,2023-06-01,36.99164687,2023,6,2,Air Quality Indicator
877059,375,Nitrogen dioxide (NO2),Mean,ppb,UHF34,408,Jamaica,Summer 2023,2023-06-01,11.25760293,2023,6,2,Air Quality Indicator
874320,365,Fine particles (PM 2.5),Mean,mcg/m3,UHF42,207,East Flatbush - Flatbush,Summer 2023,2023-06-01,8.611497961,2023,6,2,Air Quality Indicator
878137,386,Ozone (O3),Mean,ppb,CD,407,Flushing and Whitestone (CD7),Summer 2023,2023-06-01,36.58470878,2023,6,2,Air Quality Indicator
877038,375,Nitrogen dioxide (NO2),Mean,ppb,UHF34,303,East Harlem,Summer 2023,2023-06-01,13.82754858,2023,6,2,Air Quality Indicator
874873,365,Fine particles (PM 2.5),Mean,mcg/m3,CD,208,Riverdale and Fieldston (CD8),Summer 2023,2023-06-01,9.257483083,2023,6,2,Air Quality Indicator
874413,365,Fine particles (PM 2.5),Mean,mcg/m3,UHF34,103,Fordham - Bronx Pk,Summer 2023,2023-06-01,9.228735232,2023,6,2,Air Quality Indicator
877062,375,Nitrogen dioxide (NO2),Mean,ppb,UHF34,409,Southeast Queens,Summer 2023,2023-06-01,10.27141027,2023,6,2,Air Quality Indicator
874870,365,Fine particles (PM 2.5),Mean,mcg/m3,CD,503,Tottenville and Great Kills (CD3),Summer 2023,2023-06-01,8.212676617,2023,6,2,Air Quality Indicator
874514,365,Fine particles (PM 2.5),Mean,mcg/m3,CD,106,Stuyvesant Town and Turtle Bay (CD6),Summer 2023,2023-06-01,9.340237988,2023,6,2,Air Quality Indicator
878222,386,Ozone (O3),Mean,ppb,UHF42,308,Greenwich Village - SoHo,Summer 2023,2023-06-01,29.05630081,2023,6,2,Air Quality Indicator
878123,386,Ozone (O3),Mean,ppb,CD,311,Bensonhurst (CD11),Summer 2023,2023-06-01,39.07310042,2023,6,2,Air Quality Indicator
874374,365,Fine particles (PM 2.5),Mean,mcg/m3,Borough,1,Bronx,Summer 2023,2023-06-01,9.288327562,2023,6,2,Air Quality Indicator
874314,365,Fine particles (PM 2.5),Mean,mcg/m3,UHF42,209,Bensonhurst - Bay Ridge,Summer 2023,2023-06-01,8.502404761,2023,6,2,Air Quality Indicator
878130,386,Ozone (O3),Mean,ppb,CD,318,Flatlands and Canarsie (CD18),Summer 2023,2023-06-01,38.37088645,2023,6,2,Air Quality Indicator
878190,386,Ozone (O3),Mean,ppb,UHF34,301,Washington Heights,Summer 2023,2023-06-01,29.97249115,2023,6,2,Air Quality Indicator
877146,375,Nitrogen dioxide (NO2),Mean,ppb,CD,207,Kingsbridge Heights and Bedford (CD7),Summer 2023,2023-06-01,12.97993041,2023,6,2,Air Quality Indicator
878175,386,Ozone (O3),Mean,ppb,UHF34,404406,Bayside Little Neck-Fresh Meadows,Summer 2023,2023-06-01,36.8959209,2023,6,2,Air Quality Indicator
878213,386,Ozone (O3),Mean,ppb,UHF42,407,Southwest Queens,Summer 2023,2023-06-01,37.44705249,2023,6,2,Air Quality Indicator
874341,365,Fine particles (PM 2.5),Mean,mcg/m3,UHF42,107,Hunts Point - Mott Haven,Summer 2023,2023-06-01,9.515300705,2023,6,2,Air Quality Indicator
874476,365,Fine particles (PM 2.5),Mean,mcg/m3,UHF42,306,Chelsea - Clinton,Summer 2023,2023-06-01,9.716882785,2023,6,2,Air Quality Indicator
876933,375,Nitrogen dioxide (NO2),Mean,ppb,UHF42,307,Gramercy Park - Murray Hill,Summer 2023,2023-06-01,20.0325472,2023,6,2,Air Quality Indicator
877143,375,Nitrogen dioxide (NO2),Mean,ppb,CD,206,Belmont and East Tremont (CD6),Summer 2023,2023-06-01,13.48533038,2023,6,2,Air Quality Indicator
874571,365,Fine particles (PM 2.5),Mean,mcg/m3,UHF34,403,Flushing - Clearview,Summer 2023,2023-06-01,8.899227558,2023,6,2,Air Quality Indicator
876930,375,Nitrogen dioxide (NO2),Mean,ppb,UHF42,306,Chelsea - Clinton,Summer 2023,2023-06-01,21.23435622,2023,6,2,Air Quality Indicator
874401,365,Fine particles (PM 2.5),Mean,mcg/m3,UHF34,203,Bedford Stuyvesant - Crown Heights,Summer 2023,2023-06-01,8.865704873,2023,6,2,Air Quality Indicator
877176,375,Nitrogen dioxide (NO2),Mean,ppb,CD,305,East New York and Starrett City (CD5),Summer 2023,2023-06-01,13.52008755,2023,6,2,Air Quality Indicator
878186,386,Ozone (O3),Mean,ppb,UHF34,401,Long Island City - Astoria,Summer 2023,2023-06-01,33.216065,2023,6,2,Air Quality Indicator
878226,386,Ozone (O3),Mean,ppb,UHF42,304,Upper West Side,Summer 2023,2023-06-01,29.75910834,2023,6,2,Air Quality Indicator
878217,386,Ozone (O3),Mean,ppb,UHF42,403,Flushing - Clearview,Summer 2023,2023-06-01,36.68950296,2023,6,2,Air Quality Indicator
878158,386,Ozone (O3),Mean,ppb,CD,201,Mott Haven and Melrose (CD1),Summer 2023,2023-06-01,32.37118901,2023,6,2,Air Quality Indicator
874311,365,Fine particles (PM 2.5),Mean,mcg/m3,UHF42,210,Coney Island - Sheepshead Bay,Summer 2023,2023-06-01,8.334285294,2023,6,2,Air Quality Indicator
878146,386,Ozone (O3),Mean,ppb,CD,301,Greenpoint and Williamsburg (CD1),Summer 2023,2023-06-01,34.03985644,2023,6,2,Air Quality Indicator
874568,365,Fine particles (PM 2.5),Mean,mcg/m3,UHF34,405,Ridgewood - Forest Hills,Summer 2023,2023-06-01,8.875708042,2023,6,2,Air Quality Indicator
874344,365,Fine particles (PM 2.5),Mean,mcg/m3,UHF42,106,High Bridge - Morrisania,Summer 2023,2023-06-01,9.297253521,2023,6,2,Air Quality Indicator
874461,365,Fine particles (PM 2.5),Mean,mcg/m3,UHF42,401,Long Island City - Astoria,Summer 2023,2023-06-01,9.441759835,2023,6,2,Air Quality Indicator
878195,386,Ozone (O3),Mean,ppb,UHF34,207,East Flatbush - Flatbush,Summer 2023,2023-06-01,37.25838607,2023,6,2,Air Quality Indicator
874353,365,Fine particles (PM 2.5),Mean,mcg/m3,UHF42,103,Fordham - Bronx Pk,Summer 2023,2023-06-01,9.228735232,2023,6,2,Air Quality Indicator
876999,375,Nitrogen dioxide (NO2),Mean,ppb,UHF34,201,Greenpoint,Summer 2023,2023-06-01,14.95173654,2023,6,2,Air Quality Indicator
874407,365,Fine particles (PM 2.5),Mean,mcg/m3,UHF34,201,Greenpoint,Summer 2023,2023-06-01,9.490783626,2023,6,2,Air Quality Indicator
876957,375,Nitrogen dioxide (NO2),Mean,ppb,UHF42,405,Ridgewood - Forest Hills,Summer 2023,2023-06-01,12.71702853,2023,6,2,Air Quality Indicator
876852,375,Nitrogen dioxide (NO2),Mean,ppb,Borough,3,Manhattan,Summer 2023,2023-06-01,16.74988488,2023,6,2,Air Quality Indicator
877032,375,Nitrogen dioxide (NO2),Mean,ppb,UHF34,301,Washington Heights,Summer 2023,2023-06-01,14.17950424,2023,6,2,Air Quality Indicator
874550,365,Fine particles (PM 2.5),Mean,mcg/m3,UHF34,306308,Chelsea-Village,Summer 2023,2023-06-01,9.667046114,2023,6,2,Air Quality Indicator
874474,365,Fine particles (PM 2.5),Mean,mcg/m3,UHF42,307,Gramercy Park - Murray Hill,Annual Average 2023,2023-01-01,7.7551795,2023,1,1,Air Quality Indicator
877004,375,Nitrogen dioxide (NO2),Mean,ppb,UHF34,203,Bedford Stuyvesant - Crown Heights,Annual Average 2023,2023-01-01,16.98747135,2023,1,1,Air Quality Indicator
877037,375,Nitrogen dioxide (NO2),Mean,ppb,UHF34,303,East Harlem,Annual Average 2023,2023-01-01,16.33588174,2023,1,1,Air Quality Indicator
877139,375,Nitrogen dioxide (NO2),Mean,ppb,CD,205,Fordham and University Heights (CD5),Annual Average 2023,2023-01-01,17.2275126,2023,1,1,Air Quality Indicator
874908,365,Fine particles (PM 2.5),Mean,mcg/m3,CD,308,Crown Heights and Prospect Heights (CD8),Annual Average 2023,2023-01-01,6.920418972,2023,1,1,Air Quality Indicator
877259,375,Nitrogen dioxide (NO2),Mean,ppb,CD,501,St. George and Stapleton (CD1),Annual Average 2023,2023-01-01,16.60612272,2023,1,1,Air Quality Indicator
874414,365,Fine particles (PM 2.5),Mean,mcg/m3,UHF34,103,Fordham - Bronx Pk,Annual Average 2023,2023-01-01,6.836602443,2023,1,1,Air Quality Indicator
874465,365,Fine particles (PM 2.5),Mean,mcg/m3,UHF42,310,Lower Manhattan,Annual Average 2023,2023-01-01,7.335354624,2023,1,1,Air Quality Indicator
874545,365,Fine particles (PM 2.5),Mean,mcg/m3,UHF34,404406,Bayside Little Neck-Fresh Meadows,Annual Average 2023,2023-01-01,6.474389448,2023,1,1,Air Quality Indicator
877103,375,Nitrogen dioxide (NO2),Mean,ppb,CD,105,Midtown (CD5),Annual Average 2023,2023-01-01,26.10917545,2023,1,1,Air Quality Indicator
874450,365,Fine particles (PM 2.5),Mean,mcg/m3,UHF42,405,Ridgewood - Forest Hills,Annual Average 2023,2023-01-01,6.726169914,2023,1,1,Air Quality Indicator
874480,365,Fine particles (PM 2.5),Mean,mcg/m3,UHF42,305,Upper East Side,Annual Average 2023,2023-01-01,6.983049971,2023,1,1,Air Quality Indicator
877031,375,Nitrogen dioxide (NO2),Mean,ppb,UHF34,301,Washington Heights,Annual Average 2023,2023-01-01,17.05354389,2023,1,1,Air Quality Indicator
876863,375,Nitrogen dioxide (NO2),Mean,ppb,UHF42,102,Northeast Bronx,Annual Average 2023,2023-01-01,14.48039862,2023,1,1,Air Quality Indicator
876965,375,Nitrogen dioxide (NO2),Mean,ppb,UHF42,408,Jamaica,Annual Average 2023,2023-01-01,15.43229844,2023,1,1,Air Quality Indicator
874881,365,Fine particles (PM 2.5),Mean,mcg/m3,CD,211,Morris Park and Bronxdale (CD11),Annual Average 2023,2023-01-01,6.859797047,2023,1,1,Air Quality Indicator
876860,375,Nitrogen dioxide (NO2),Mean,ppb,UHF42,101,Kingsbridge - Riverdale,Annual Average 2023,2023-01-01,14.61424758,2023,1,1,Air Quality Indicator
874815,365,Fine particles (PM 2.5),Mean,mcg/m3,CD,317,East Flatbush (CD17),Annual Average 2023,2023-01-01,6.636863737,2023,1,1,Air Quality Indicator
874456,365,Fine particles (PM 2.5),Mean,mcg/m3,UHF42,403,Flushing - Clearview,Annual Average 2023,2023-01-01,6.679315199,2023,1,1,Air Quality Indicator
874875,365,Fine particles (PM 2.5),Mean,mcg/m3,CD,209,Parkchester and Soundview (CD9),Annual Average 2023,2023-01-01,6.95247031,2023,1,1,Air Quality Indicator
877172,375,Nitrogen dioxide (NO2),Mean,ppb,CD,304,Bushwick (CD4),Annual Average 2023,2023-01-01,17.85138313,2023,1,1,Air Quality Indicator
874833,365,Fine particles (PM 2.5),Mean,mcg/m3,CD,405,Ridgewood and Maspeth (CD5),Annual Average 2023,2023-01-01,6.938860906,2023,1,1,Air Quality Indicator
876941,375,Nitrogen dioxide (NO2),Mean,ppb,UHF42,310,Lower Manhattan,Annual Average 2023,2023-01-01,21.60881394,2023,1,1,Air Quality Indicator
877196,375,Nitrogen dioxide (NO2),Mean,ppb,CD,312,Borough Park (CD12),Annual Average 2023,2023-01-01,16.53085171,2023,1,1,Air Quality Indicator
874417,365,Fine particles (PM 2.5),Mean,mcg/m3,UHF34,102,Northeast Bronx,Annual Average 2023,2023-01-01,6.809300497,2023,1,1,Air Quality Indicator
874854,365,Fine particles (PM 2.5),Mean,mcg/m3,CD,412,Jamaica and Hollis (CD12),Annual Average 2023,2023-01-01,6.566531621,2023,1,1,Air Quality Indicator
876938,375,Nitrogen dioxide (NO2),Mean,ppb,UHF42,309,Union Square - Lower East Side,Annual Average 2023,2023-01-01,18.96783053,2023,1,1,Air Quality Indicator
877256,375,Nitrogen dioxide (NO2),Mean,ppb,CD,414,Rockaway and Broad Channel (CD14),Annual Average 2023,2023-01-01,9.361544124,2023,1,1,Air Quality Indicator
874518,365,Fine particles (PM 2.5),Mean,mcg/m3,CD,105,Midtown (CD5),Annual Average 2023,2023-01-01,8.371853034,2023,1,1,Air Quality Indicator
874592,365,Fine particles (PM 2.5),Mean,mcg/m3,CD,202,Hunts Point and Longwood (CD2),Annual Average 2023,2023-01-01,7.398307426,2023,1,1,Air Quality Indicator
874914,365,Fine particles (PM 2.5),Mean,mcg/m3,CD,310,Bay Ridge and Dyker Heights (CD10),Annual Average 2023,2023-01-01,6.603554291,2023,1,1,Air Quality Indicator
876917,375,Nitrogen dioxide (NO2),Mean,ppb,UHF42,302,Central Harlem - Morningside Heights,Annual Average 2023,2023-01-01,16.29410694,2023,1,1,Air Quality Indicator
874420,365,Fine particles (PM 2.5),Mean,mcg/m3,UHF34,101,Kingsbridge - Riverdale,Annual Average 2023,2023-01-01,6.800834953,2023,1,1,Air Quality Indicator
877262,375,Nitrogen dioxide (NO2),Mean,ppb,CD,502,South Beach and Willowbrook (CD2),Annual Average 2023,2023-01-01,12.66148518,2023,1,1,Air Quality Indicator
874863,365,Fine particles (PM 2.5),Mean,mcg/m3,CD,501,St. George and Stapleton (CD1),Annual Average 2023,2023-01-01,6.412124833,2023,1,1,Air Quality Indicator
874390,365,Fine particles (PM 2.5),Mean,mcg/m3,UHF34,207,East Flatbush - Flatbush,Annual Average 2023,2023-01-01,6.575114657,2023,1,1,Air Quality Indicator
874462,365,Fine particles (PM 2.5),Mean,mcg/m3,UHF42,401,Long Island City - Astoria,Annual Average 2023,2023-01-01,7.254343634,2023,1,1,Air Quality Indicator
874348,365,Fine particles (PM 2.5),Mean,mcg/m3,UHF42,105,Crotona -Tremont,Annual Average 2023,2023-01-01,6.999578038,2023,1,1,Air Quality Indicator
874497,365,Fine particles (PM 2.5),Mean,mcg/m3,CD,112,Washington Heights and Inwood (CD12),Annual Average 2023,2023-01-01,6.984992753,2023,1,1,Air Quality Indicator
877121,375,Nitrogen dioxide (NO2),Mean,ppb,CD,111,East Harlem (CD11),Annual Average 2023,2023-01-01,16.36122551,2023,1,1,Air Quality Indicator
874324,365,Fine particles (PM 2.5),Mean,mcg/m3,UHF42,206,Borough Park,Annual Average 2023,2023-01-01,6.58301364,2023,1,1,Air Quality Indicator
874312,365,Fine particles (PM 2.5),Mean,mcg/m3,UHF42,210,Coney Island - Sheepshead Bay,Annual Average 2023,2023-01-01,6.353517613,2023,1,1,Air Quality Indicator
874384,365,Fine particles (PM 2.5),Mean,mcg/m3,UHF34,209,Bensonhurst - Bay Ridge,Annual Average 2023,2023-01-01,6.474937547,2023,1,1,Air Quality Indicator
877175,375,Nitrogen dioxide (NO2),Mean,ppb,CD,305,East New York and Starrett City (CD5),Annual Average 2023,2023-01-01,17.08099816,2023,1,1,Air Quality Indicator
876959,375,Nitrogen dioxide (NO2),Mean,ppb,UHF42,406,Fresh Meadows,Annual Average 2023,2023-01-01,15.19976227,2023,1,1,Air Quality Indicator
877091,375,Nitrogen dioxide (NO2),Mean,ppb,CD,101,Financial District (CD1),Annual Average 2023,2023-01-01,21.92361049,2023,1,1,Air Quality Indicator
876968,375,Nitrogen dioxide (NO2),Mean,ppb,UHF42,409,Southeast Queens,Annual Average 2023,2023-01-01,14.68926316,2023,1,1,Air Quality Indicator
877058,375,Nitrogen dioxide (NO2),Mean,ppb,UHF34,408,Jamaica,Annual Average 2023,2023-01-01,15.43233772,2023,1,1,Air Quality Indicator
877070,375,Nitrogen dioxide (NO2),Mean,ppb,UHF34,306308,Chelsea-Village,Annual Average 2023,2023-01-01,23.44066631,2023,1,1,Air Quality Indicator
876911,375,Nitrogen dioxide (NO2),Mean,ppb,UHF42,211,Williamsburg - Bushwick,Annual Average 2023,2023-01-01,18.15983736,2023,1,1,Air Quality Indicator
877067,375,Nitrogen dioxide (NO2),Mean,ppb,UHF34,305307,Upper East Side-Gramercy,Annual Average 2023,2023-01-01,21.14525892,2023,1,1,Air Quality Indicator
874494,365,Fine particles (PM 2.5),Mean,mcg/m3,CD,201,Mott Haven and Melrose (CD1),Annual Average 2023,2023-01-01,7.093354653,2023,1,1,Air Quality Indicator
874321,365,Fine particles (PM 2.5),Mean,mcg/m3,UHF42,207,East Flatbush - Flatbush,Annual Average 2023,2023-01-01,6.575114657,2023,1,1,Air Quality Indicator
874375,365,Fine particles (PM 2.5),Mean,mcg/m3,Borough,1,Bronx,Annual Average 2023,2023-01-01,6.904676852,2023,1,1,Air Quality Indicator
877244,375,Nitrogen dioxide (NO2),Mean,ppb,CD,410,South Ozone Park and Howard Beach (CD10),Annual Average 2023,2023-01-01,14.79736424,2023,1,1,Air Quality Indicator
874363,365,Fine particles (PM 2.5),Mean,mcg/m3,Borough,5,Staten Island,Annual Average 2023,2023-01-01,6.236877639,2023,1,1,Air Quality Indicator
876929,375,Nitrogen dioxide (NO2),Mean,ppb,UHF42,306,Chelsea - Clinton,Annual Average 2023,2023-01-01,24.13254441,2023,1,1,Air Quality Indicator
877154,375,Nitrogen dioxide (NO2),Mean,ppb,CD,210,Throgs Neck and Co-op City (CD10),Annual Average 2023,2023-01-01,15.05815095,2023,1,1,Air Quality Indicator
877118,375,Nitrogen dioxide (NO2),Mean,ppb,CD,110,Central Harlem (CD10),Annual Average 2023,2023-01-01,16.18047786,2023,1,1,Air Quality Indicator
877052,375,Nitrogen dioxide (NO2),Mean,ppb,UHF34,405,Ridgewood - Forest Hills,Annual Average 2023,2023-01-01,16.73212203,2023,1,1,Air Quality Indicator
876998,375,Nitrogen dioxide (NO2),Mean,ppb,UHF34,201,Greenpoint,Annual Average 2023,2023-01-01,19.31599125,2023,1,1,Air Quality Indicator
874524,365,Fine particles (PM 2.5),Mean,mcg/m3,CD,103,Lower East Side and Chinatown (CD3),Annual Average 2023,2023-01-01,7.353321242,2023,1,1,Air Quality Indicator
874584,365,Fine particles (PM 2.5),Mean,mcg/m3,UHF34,303,East Harlem,Annual Average 2023,2023-01-01,6.902077131,2023,1,1,Air Quality Indicator
876890,375,Nitrogen dioxide (NO2),Mean,ppb,UHF42,204,East New York,Annual Average 2023,2023-01-01,17.34115089,2023,1,1,Air Quality Indicator
877181,375,Nitrogen dioxide (NO2),Mean,ppb,CD,307,Sunset Park (CD7),Annual Average 2023,2023-01-01,18.84985664,2023,1,1,Air Quality Indicator
877079,375,Nitrogen dioxide (NO2),Mean,ppb,UHF34,501502,Northern SI,Annual Average 2023,2023-01-01,16.02866665,2023,1,1,Air Quality Indicator
874869,365,Fine particles (PM 2.5),Mean,mcg/m3,CD,503,Tottenville and Great Kills (CD3),Annual Average 2023,2023-01-01,6.110493448,2023,1,1,Air Quality Indicator
874803,365,Fine particles (PM 2.5),Mean,mcg/m3,CD,313,Coney Island (CD13),Annual Average 2023,2023-01-01,6.356452703,2023,1,1,Air Quality Indicator
874533,365,Fine particles (PM 2.5),Mean,mcg/m3,Citywide,1,New York City,Annual Average 2023,2023-01-01,6.659279692,2023,1,1,Air Quality Indicator
877094,375,Nitrogen dioxide (NO2),Mean,ppb,CD,102,Greenwich Village and Soho (CD2),Annual Average 2023,2023-01-01,21.91195919,2023,1,1,Air Quality Indicator
876992,375,Nitrogen dioxide (NO2),Mean,ppb,UHF34,103,Fordham - Bronx Pk,Annual Average 2023,2023-01-01,15.00464812,2023,1,1,Air Quality Indicator
877178,375,Nitrogen dioxide (NO2),Mean,ppb,CD,306,Park Slope and Carroll Gardens (CD6),Annual Average 2023,2023-01-01,17.99007651,2023,1,1,Air Quality Indicator
874905,365,Fine particles (PM 2.5),Mean,mcg/m3,CD,307,Sunset Park (CD7),Annual Average 2023,2023-01-01,7.079861905,2023,1,1,Air Quality Indicator
874806,365,Fine particles (PM 2.5),Mean,mcg/m3,CD,314,Flatbush and Midwood (CD14),Annual Average 2023,2023-01-01,6.529592865,2023,1,1,Air Quality Indicator
874468,365,Fine particles (PM 2.5),Mean,mcg/m3,UHF42,309,Union Square - Lower East Side,Annual Average 2023,2023-01-01,7.488763093,2023,1,1,Air Quality Indicator
877229,375,Nitrogen dioxide (NO2),Mean,ppb,CD,405,Ridgewood and Maspeth (CD5),Annual Average 2023,2023-01-01,17.62143341,2023,1,1,Air Quality Indicator
874492,365,Fine particles (PM 2.5),Mean,mcg/m3,UHF42,301,Washington Heights,Annual Average 2023,2023-01-01,6.983812181,2023,1,1,Air Quality Indicator
877202,375,Nitrogen dioxide (NO2),Mean,ppb,CD,314,Flatbush and Midwood (CD14),Annual Average 2023,2023-01-01,15.90500226,2023,1,1,Air Quality Indicator
877028,375,Nitrogen dioxide (NO2),Mean,ppb,UHF34,211,Williamsburg - Bushwick,Annual Average 2023,2023-01-01,18.15983736,2023,1,1,Air Quality Indicator
874542,365,Fine particles (PM 2.5),Mean,mcg/m3,UHF34,501502,Northern SI,Annual Average 2023,2023-01-01,6.367702783,2023,1,1,Air Quality Indicator
874575,365,Fine particles (PM 2.5),Mean,mcg/m3,UHF34,402,West Queens,Annual Average 2023,2023-01-01,7.068291669,2023,1,1,Air Quality Indicator
876989,375,Nitrogen dioxide (NO2),Mean,ppb,UHF34,102,Northeast Bronx,Annual Average 2023,2023-01-01,14.48041782,2023,1,1,Air Quality Indicator
877145,375,Nitrogen dioxide (NO2),Mean,ppb,CD,207,Kingsbridge Heights and Bedford (CD7),Annual Average 2023,2023-01-01,15.5921064,2023,1,1,Air Quality Indicator
877223,375,Nitrogen dioxide (NO2),Mean,ppb,CD,403,Jackson Heights (CD3),Annual Average 2023,2023-01-01,16.80409571,2023,1,1,Air Quality Indicator
877160,375,Nitrogen dioxide (NO2),Mean,ppb,CD,212,Williamsbridge and Baychester (CD12),Annual Average 2023,2023-01-01,14.37432322,2023,1,1,Air Quality Indicator
877217,375,Nitrogen dioxide (NO2),Mean,ppb,CD,401,Long Island City and Astoria (CD1),Annual Average 2023,2023-01-01,17.04080865,2023,1,1,Air Quality Indicator
876944,375,Nitrogen dioxide (NO2),Mean,ppb,UHF42,401,Long Island City - Astoria,Annual Average 2023,2023-01-01,18.41015665,2023,1,1,Air Quality Indicator
877166,375,Nitrogen dioxide (NO2),Mean,ppb,CD,302,Fort Greene and Brooklyn Heights (CD2),Annual Average 2023,2023-01-01,18.53025849,2023,1,1,Air Quality Indicator
874393,365,Fine particles (PM 2.5),Mean,mcg/m3,UHF34,206,Borough Park,Annual Average 2023,2023-01-01,6.58301364,2023,1,1,Air Quality Indicator
874827,365,Fine particles (PM 2.5),Mean,mcg/m3,CD,403,Jackson Heights (CD3),Annual Average 2023,2023-01-01,6.794220399,2023,1,1,Air Quality Indicator
877247,375,Nitrogen dioxide (NO2),Mean,ppb,CD,411,Bayside and Little Neck (CD11),Annual Average 2023,2023-01-01,14.91951698,2023,1,1,Air Quality Indicator
874423,365,Fine particles (PM 2.5),Mean,mcg/m3,UHF42,504,South Beach - Tottenville,Annual Average 2023,2023-01-01,6.119536019,2023,1,1,Air Quality Indicator
874902,365,Fine particles (PM 2.5),Mean,mcg/m3,CD,306,Park Slope and Carroll Gardens (CD6),Annual Average 2023,2023-01-01,7.163769986,2023,1,1,Air Quality Indicator
874917,365,Fine particles (PM 2.5),Mean,mcg/m3,CD,311,Bensonhurst (CD11),Annual Average 2023,2023-01-01,6.442117397,2023,1,1,Air Quality Indicator
876995,375,Nitrogen dioxide (NO2),Mean,ppb,UHF34,104,Pelham - Throgs Neck,Annual Average 2023,2023-01-01,15.56944138,2023,1,1,Air Quality Indicator
874432,365,Fine particles (PM 2.5),Mean,mcg/m3,UHF42,501,Port Richmond,Annual Average 2023,2023-01-01,6.483942539,2023,1,1,Air Quality Indicator
877193,375,Nitrogen dioxide (NO2),Mean,ppb,CD,311,Bensonhurst (CD11),Annual Average 2023,2023-01-01,15.53192342,2023,1,1,Air Quality Indicator
874554,365,Fine particles (PM 2.5),Mean,mcg/m3,UHF34,305307,Upper East Side-Gramercy,Annual Average 2023,2023-01-01,7.345427717,2023,1,1,Air Quality Indicator
877088,375,Nitrogen dioxide (NO2),Mean,ppb,Citywide,1,New York City,Annual Average 2023,2023-01-01,15.51087278,2023,1,1,Air Quality Indicator
874471,365,Fine particles (PM 2.5),Mean,mcg/m3,UHF42,308,Greenwich Village - SoHo,Annual Average 2023,2023-01-01,7.89977574,2023,1,1,Air Quality Indicator
877106,375,Nitrogen dioxide (NO2),Mean,ppb,CD,106,Stuyvesant Town and Turtle Bay (CD6),Annual Average 2023,2023-01-01,21.89410171,2023,1,1,Air Quality Indicator
877250,375,Nitrogen dioxide (NO2),Mean,ppb,CD,412,Jamaica and Hollis (CD12),Annual Average 2023,2023-01-01,15.38690275,2023,1,1,Air Quality Indicator
877235,375,Nitrogen dioxide (NO2),Mean,ppb,CD,407,Flushing and Whitestone (CD7),Annual Average 2023,2023-01-01,15.40700654,2023,1,1,Air Quality Indicator
877211,375,Nitrogen dioxide (NO2),Mean,ppb,CD,317,East Flatbush (CD17),Annual Average 2023,2023-01-01,16.60311565,2023,1,1,Air Quality Indicator
874536,365,Fine particles (PM 2.5),Mean,mcg/m3,UHF34,105106107,South Bronx,Annual Average 2023,2023-01-01,7.041579913,2023,1,1,Air Quality Indicator
877112,375,Nitrogen dioxide (NO2),Mean,ppb,CD,108,Upper East Side (CD8),Annual Average 2023,2023-01-01,19.05050224,2023,1,1,Air Quality Indicator
874809,365,Fine particles (PM 2.5),Mean,mcg/m3,CD,315,Sheepshead Bay (CD15),Annual Average 2023,2023-01-01,6.348332281,2023,1,1,Air Quality Indicator
874503,365,Fine particles (PM 2.5),Mean,mcg/m3,CD,110,Central Harlem (CD10),Annual Average 2023,2023-01-01,6.90482808,2023,1,1,Air Quality Indicator
877013,375,Nitrogen dioxide (NO2),Mean,ppb,UHF34,206,Borough Park,Annual Average 2023,2023-01-01,16.34559611,2023,1,1,Air Quality Indicator
874845,365,Fine particles (PM 2.5),Mean,mcg/m3,CD,409,Kew Gardens and Woodhaven (CD9),Annual Average 2023,2023-01-01,6.69617719,2023,1,1,Air Quality Indicator
877082,375,Nitrogen dioxide (NO2),Mean,ppb,UHF34,503504,Southern SI,Annual Average 2023,2023-01-01,11.32094611,2023,1,1,Air Quality Indicator
877238,375,Nitrogen dioxide (NO2),Mean,ppb,CD,408,Hillcrest and Fresh Meadows (CD8),Annual Average 2023,2023-01-01,15.110238,2023,1,1,Air Quality Indicator
874399,365,Fine particles (PM 2.5),Mean,mcg/m3,UHF34,204,East New York,Annual Average 2023,2023-01-01,6.78513582,2023,1,1,Air Quality Indicator
874866,365,Fine particles (PM 2.5),Mean,mcg/m3,CD,502,South Beach and Willowbrook (CD2),Annual Average 2023,2023-01-01,6.253619748,2023,1,1,Air Quality Indicator
874890,365,Fine particles (PM 2.5),Mean,mcg/m3,CD,302,Fort Greene and Brooklyn Heights (CD2),Annual Average 2023,2023-01-01,7.154167222,2023,1,1,Air Quality Indicator
874381,365,Fine particles (PM 2.5),Mean,mcg/m3,UHF34,210,Coney Island - Sheepshead Bay,Annual Average 2023,2023-01-01,6.353517613,2023,1,1,Air Quality Indicator
874563,365,Fine particles (PM 2.5),Mean,mcg/m3,UHF34,408,Jamaica,Annual Average 2023,2023-01-01,6.589282584,2023,1,1,Air Quality Indicator
877136,375,Nitrogen dioxide (NO2),Mean,ppb,CD,204,Highbridge and Concourse (CD4),Annual Average 2023,2023-01-01,17.2006952,2023,1,1,Air Quality Indicator
876908,375,Nitrogen dioxide (NO2),Mean,ppb,UHF42,210,Coney Island - Sheepshead Bay,Annual Average 2023,2023-01-01,13.9507122,2023,1,1,Air Quality Indicator
876974,375,Nitrogen dioxide (NO2),Mean,ppb,UHF42,501,Port Richmond,Annual Average 2023,2023-01-01,16.2770395,2023,1,1,Air Quality Indicator
876857,375,Nitrogen dioxide (NO2),Mean,ppb,Borough,5,Staten Island,Annual Average 2023,2023-01-01,12.72165158,2023,1,1,Air Quality Indicator
874566,365,Fine particles (PM 2.5),Mean,mcg/m3,UHF34,407,Southwest Queens,Annual Average 2023,2023-01-01,6.516490055,2023,1,1,Air Quality Indicator
877130,375,Nitrogen dioxide (NO2),Mean,ppb,CD,202,Hunts Point and Longwood (CD2),Annual Average 2023,2023-01-01,18.29599911,2023,1,1,Air Quality Indicator
874893,365,Fine particles (PM 2.5),Mean,mcg/m3,CD,303,Bedford Stuyvesant (CD3),Annual Average 2023,2023-01-01,6.948465531,2023,1,1,Air Quality Indicator
877148,375,Nitrogen dioxide (NO2),Mean,ppb,CD,208,Riverdale and Fieldston (CD8),Annual Average 2023,2023-01-01,14.55565297,2023,1,1,Air Quality Indicator
874839,365,Fine particles (PM 2.5),Mean,mcg/m3,CD,407,Flushing and Whitestone (CD7),Annual Average 2023,2023-01-01,6.694997318,2023,1,1,Air Quality Indicator
874435,365,Fine particles (PM 2.5),Mean,mcg/m3,UHF42,410,Rockaways,Annual Average 2023,2023-01-01,6.126453405,2023,1,1,Air Quality Indicator
877142,375,Nitrogen dioxide (NO2),Mean,ppb,CD,206,Belmont and East Tremont (CD6),Annual Average 2023,2023-01-01,16.59576199,2023,1,1,Air Quality Indicator
877007,375,Nitrogen dioxide (NO2),Mean,ppb,UHF34,204,East New York,Annual Average 2023,2023-01-01,17.34115089,2023,1,1,Air Quality Indicator
874857,365,Fine particles (PM 2.5),Mean,mcg/m3,CD,413,Queens Village (CD13),Annual Average 2023,2023-01-01,6.433230593,2023,1,1,Air Quality Indicator
874408,365,Fine particles (PM 2.5),Mean,mcg/m3,UHF34,201,Greenpoint,Annual Average 2023,2023-01-01,7.360784329,2023,1,1,Air Quality Indicator
874453,365,Fine particles (PM 2.5),Mean,mcg/m3,UHF42,404,Bayside - Little Neck,Annual Average 2023,2023-01-01,6.483274289,2023,1,1,Air Quality Indicator
874911,365,Fine particles (PM 2.5),Mean,mcg/m3,CD,309,South Crown Heights and Lefferts Gardens (CD9),Annual Average 2023,2023-01-01,6.607931748,2023,1,1,Air Quality Indicator
874830,365,Fine particles (PM 2.5),Mean,mcg/m3,CD,404,Elmhurst and Corona (CD4),Annual Average 2023,2023-01-01,6.901935499,2023,1,1,Air Quality Indicator
876914,375,Nitrogen dioxide (NO2),Mean,ppb,UHF42,301,Washington Heights,Annual Average 2023,2023-01-01,17.0536503,2023,1,1,Air Quality Indicator
874590,365,Fine particles (PM 2.5),Mean,mcg/m3,UHF34,301,Washington Heights,Annual Average 2023,2023-01-01,6.983802487,2023,1,1,Air Quality Indicator
876950,375,Nitrogen dioxide (NO2),Mean,ppb,UHF42,403,Flushing - Clearview,Annual Average 2023,2023-01-01,15.33604753,2023,1,1,Air Quality Indicator
877076,375,Nitrogen dioxide (NO2),Mean,ppb,UHF34,404406,Bayside Little Neck-Fresh Meadows,Annual Average 2023,2023-01-01,15.04427297,2023,1,1,Air Quality Indicator
874920,365,Fine particles (PM 2.5),Mean,mcg/m3,CD,312,Borough Park (CD12),Annual Average 2023,2023-01-01,6.619159313,2023,1,1,Air Quality Indicator
874521,365,Fine particles (PM 2.5),Mean,mcg/m3,CD,104,Clinton and Chelsea (CD4),Annual Average 2023,2023-01-01,7.835329515,2023,1,1,Air Quality Indicator
874315,365,Fine particles (PM 2.5),Mean,mcg/m3,UHF42,209,Bensonhurst - Bay Ridge,Annual Average 2023,2023-01-01,6.474937547,2023,1,1,Air Quality Indicator
874581,365,Fine particles (PM 2.5),Mean,mcg/m3,UHF34,304,Upper West Side,Annual Average 2023,2023-01-01,6.873842959,2023,1,1,Air Quality Indicator
874378,365,Fine particles (PM 2.5),Mean,mcg/m3,UHF34,211,Williamsburg - Bushwick,Annual Average 2023,2023-01-01,7.22773619,2023,1,1,Air Quality Indicator
874339,365,Fine particles (PM 2.5),Mean,mcg/m3,UHF42,201,Greenpoint,Annual Average 2023,2023-01-01,7.360784329,2023,1,1,Air Quality Indicator
877100,375,Nitrogen dioxide (NO2),Mean,ppb,CD,104,Clinton and Chelsea (CD4),Annual Average 2023,2023-01-01,22.93707442,2023,1,1,Air Quality Indicator
874851,365,Fine particles (PM 2.5),Mean,mcg/m3,CD,411,Bayside and Little Neck (CD11),Annual Average 2023,2023-01-01,6.481628694,2023,1,1,Air Quality Indicator
877232,375,Nitrogen dioxide (NO2),Mean,ppb,CD,406,Rego Park and Forest Hills (CD6),Annual Average 2023,2023-01-01,16.40970406,2023,1,1,Air Quality Indicator
876884,375,Nitrogen dioxide (NO2),Mean,ppb,UHF42,202,Downtown - Heights - Slope,Annual Average 2023,2023-01-01,18.2876131,2023,1,1,Air Quality Indicator
876851,375,Nitrogen dioxide (NO2),Mean,ppb,Borough,3,Manhattan,Annual Average 2023,2023-01-01,19.52330736,2023,1,1,Air Quality Indicator
876887,375,Nitrogen dioxide (NO2),Mean,ppb,UHF42,203,Bedford Stuyvesant - Crown Heights,Annual Average 2023,2023-01-01,16.98747135,2023,1,1,Air Quality Indicator
874557,365,Fine particles (PM 2.5),Mean,mcg/m3,UHF34,410,Rockaways,Annual Average 2023,2023-01-01,6.126453405,2023,1,1,Air Quality Indicator
874500,365,Fine particles (PM 2.5),Mean,mcg/m3,CD,111,East Harlem (CD11),Annual Average 2023,2023-01-01,6.915963164,2023,1,1,Air Quality Indicator
874402,365,Fine particles (PM 2.5),Mean,mcg/m3,UHF34,203,Bedford Stuyvesant - Crown Heights,Annual Average 2023,2023-01-01,6.819560152,2023,1,1,Air Quality Indicator
876977,375,Nitrogen dioxide (NO2),Mean,ppb,UHF42,502,Stapleton - St. George,Annual Average 2023,2023-01-01,15.89623357,2023,1,1,Air Quality Indicator
876947,375,Nitrogen dioxide (NO2),Mean,ppb,UHF42,402,West Queens,Annual Average 2023,2023-01-01,18.4099093,2023,1,1,Air Quality Indicator
877124,375,Nitrogen dioxide (NO2),Mean,ppb,CD,112,Washington Heights and Inwood (CD12),Annual Average 2023,2023-01-01,17.24464637,2023,1,1,Air Quality Indicator
876896,375,Nitrogen dioxide (NO2),Mean,ppb,UHF42,206,Borough Park,Annual Average 2023,2023-01-01,16.34559611,2023,1,1,Air Quality Indicator
874527,365,Fine particles (PM 2.5),Mean,mcg/m3,CD,102,Greenwich Village and Soho (CD2),Annual Average 2023,2023-01-01,8.076197121,2023,1,1,Air Quality Indicator
874530,365,Fine particles (PM 2.5),Mean,mcg/m3,CD,101,Financial District (CD1),Annual Average 2023,2023-01-01,7.404980793,2023,1,1,Air Quality Indicator
874426,365,Fine particles (PM 2.5),Mean,mcg/m3,UHF42,503,Willowbrook,Annual Average 2023,2023-01-01,6.286520688,2023,1,1,Air Quality Indicator
874333,365,Fine particles (PM 2.5),Mean,mcg/m3,UHF42,203,Bedford Stuyvesant - Crown Heights,Annual Average 2023,2023-01-01,6.819560152,2023,1,1,Air Quality Indicator
874360,365,Fine particles (PM 2.5),Mean,mcg/m3,UHF42,101,Kingsbridge - Riverdale,Annual Average 2023,2023-01-01,6.800834953,2023,1,1,Air Quality Indicator
874327,365,Fine particles (PM 2.5),Mean,mcg/m3,UHF42,205,Sunset Park,Annual Average 2023,2023-01-01,7.082294009,2023,1,1,Air Quality Indicator
874309,365,Fine particles (PM 2.5),Mean,mcg/m3,UHF42,211,Williamsburg - Bushwick,Annual Average 2023,2023-01-01,7.22773619,2023,1,1,Air Quality Indicator
876971,375,Nitrogen dioxide (NO2),Mean,ppb,UHF42,410,Rockaways,Annual Average 2023,2023-01-01,9.382766304,2023,1,1,Air Quality Indicator
876893,375,Nitrogen dioxide (NO2),Mean,ppb,UHF42,205,Sunset Park,Annual Average 2023,2023-01-01,19.11270949,2023,1,1,Air Quality Indicator
874369,365,Fine particles (PM 2.5),Mean,mcg/m3,Borough,3,Manhattan,Annual Average 2023,2023-01-01,7.306428575,2023,1,1,Air Quality Indicator
874429,365,Fine particles (PM 2.5),Mean,mcg/m3,UHF42,502,Stapleton - St. George,Annual Average 2023,2023-01-01,6.305643335,2023,1,1,Air Quality Indicator
874486,365,Fine particles (PM 2.5),Mean,mcg/m3,UHF42,303,East Harlem,Annual Average 2023,2023-01-01,6.902077131,2023,1,1,Air Quality Indicator
874387,365,Fine particles (PM 2.5),Mean,mcg/m3,UHF34,208,Canarsie - Flatlands,Annual Average 2023,2023-01-01,6.421526367,2023,1,1,Air Quality Indicator
874515,365,Fine particles (PM 2.5),Mean,mcg/m3,CD,106,Stuyvesant Town and Turtle Bay (CD6),Annual Average 2023,2023-01-01,7.531148057,2023,1,1,Air Quality Indicator
874342,365,Fine particles (PM 2.5),Mean,mcg/m3,UHF42,107,Hunts Point - Mott Haven,Annual Average 2023,2023-01-01,7.159500847,2023,1,1,Air Quality Indicator
874878,365,Fine particles (PM 2.5),Mean,mcg/m3,CD,210,Throgs Neck and Co-op City (CD10),Annual Average 2023,2023-01-01,6.801974169,2023,1,1,Air Quality Indicator
874601,365,Fine particles (PM 2.5),Mean,mcg/m3,CD,205,Fordham and University Heights (CD5),Annual Average 2023,2023-01-01,6.896787389,2023,1,1,Air Quality Indicator
874812,365,Fine particles (PM 2.5),Mean,mcg/m3,CD,316,Brownsville (CD16),Annual Average 2023,2023-01-01,6.754091415,2023,1,1,Air Quality Indicator
874548,365,Fine particles (PM 2.5),Mean,mcg/m3,UHF34,309310,Union Square-Lower Manhattan,Annual Average 2023,2023-01-01,7.440591798,2023,1,1,Air Quality Indicator
874372,365,Fine particles (PM 2.5),Mean,mcg/m3,Borough,2,Brooklyn,Annual Average 2023,2023-01-01,6.730894136,2023,1,1,Air Quality Indicator
876872,375,Nitrogen dioxide (NO2),Mean,ppb,UHF42,105,Crotona -Tremont,Annual Average 2023,2023-01-01,17.27046057,2023,1,1,Air Quality Indicator
877073,375,Nitrogen dioxide (NO2),Mean,ppb,UHF34,309310,Union Square-Lower Manhattan,Annual Average 2023,2023-01-01,19.79711715,2023,1,1,Air Quality Indicator
877208,375,Nitrogen dioxide (NO2),Mean,ppb,CD,316,Brownsville (CD16),Annual Average 2023,2023-01-01,17.43709819,2023,1,1,Air Quality Indicator
877187,375,Nitrogen dioxide (NO2),Mean,ppb,CD,309,South Crown Heights and Lefferts Gardens (CD9),Annual Average 2023,2023-01-01,16.06925449,2023,1,1,Air Quality Indicator
877025,375,Nitrogen dioxide (NO2),Mean,ppb,UHF34,210,Coney Island - Sheepshead Bay,Annual Average 2023,2023-01-01,13.9507122,2023,1,1,Air Quality Indicator
874336,365,Fine particles (PM 2.5),Mean,mcg/m3,UHF42,202,Downtown - Heights - Slope,Annual Average 2023,2023-01-01,7.157937732,2023,1,1,Air Quality Indicator
877022,375,Nitrogen dioxide (NO2),Mean,ppb,UHF34,209,Bensonhurst - Bay Ridge,Annual Average 2023,2023-01-01,16.38828037,2023,1,1,Air Quality Indicator
874509,365,Fine particles (PM 2.5),Mean,mcg/m3,CD,108,Upper East Side (CD8),Annual Average 2023,2023-01-01,6.991796515,2023,1,1,Air Quality Indicator
877049,375,Nitrogen dioxide (NO2),Mean,ppb,UHF34,403,Flushing - Clearview,Annual Average 2023,2023-01-01,15.32958272,2023,1,1,Air Quality Indicator
877115,375,Nitrogen dioxide (NO2),Mean,ppb,CD,109,Morningside Heights and Hamilton Heights (CD9),Annual Average 2023,2023-01-01,16.39020724,2023,1,1,Air Quality Indicator
877151,375,Nitrogen dioxide (NO2),Mean,ppb,CD,209,Parkchester and Soundview (CD9),Annual Average 2023,2023-01-01,16.35206527,2023,1,1,Air Quality Indicator
874578,365,Fine particles (PM 2.5),Mean,mcg/m3,UHF34,401,Long Island City - Astoria,Annual Average 2023,2023-01-01,7.254343634,2023,1,1,Air Quality Indicator
874318,365,Fine particles (PM 2.5),Mean,mcg/m3,UHF42,208,Canarsie - Flatlands,Annual Average 2023,2023-01-01,6.421526367,2023,1,1,Air Quality Indicator
874447,365,Fine particles (PM 2.5),Mean,mcg/m3,UHF42,406,Fresh Meadows,Annual Average 2023,2023-01-01,6.458741628,2023,1,1,Air Quality Indicator
874512,365,Fine particles (PM 2.5),Mean,mcg/m3,CD,107,Upper West Side (CD7),Annual Average 2023,2023-01-01,6.8683427,2023,1,1,Air Quality Indicator
874872,365,Fine particles (PM 2.5),Mean,mcg/m3,CD,208,Riverdale and Fieldston (CD8),Annual Average 2023,2023-01-01,6.794486921,2023,1,1,Air Quality Indicator
874459,365,Fine particles (PM 2.5),Mean,mcg/m3,UHF42,402,West Queens,Annual Average 2023,2023-01-01,7.068291669,2023,1,1,Air Quality Indicator
876905,375,Nitrogen dioxide (NO2),Mean,ppb,UHF42,209,Bensonhurst - Bay Ridge,Annual Average 2023,2023-01-01,16.38828037,2023,1,1,Air Quality Indicator
874569,365,Fine particles (PM 2.5),Mean,mcg/m3,UHF34,405,Ridgewood - Forest Hills,Annual Average 2023,2023-01-01,6.726169914,2023,1,1,Air Quality Indicator
874351,365,Fine particles (PM 2.5),Mean,mcg/m3,UHF42,104,Pelham - Throgs Neck,Annual Average 2023,2023-01-01,6.882374275,2023,1,1,Air Quality Indicator
874357,365,Fine particles (PM 2.5),Mean,mcg/m3,UHF42,102,Northeast Bronx,Annual Average 2023,2023-01-01,6.809305105,2023,1,1,Air Quality Indicator
874477,365,Fine particles (PM 2.5),Mean,mcg/m3,UHF42,306,Chelsea - Clinton,Annual Average 2023,2023-01-01,8.076770315,2023,1,1,Air Quality Indicator
874330,365,Fine particles (PM 2.5),Mean,mcg/m3,UHF42,204,East New York,Annual Average 2023,2023-01-01,6.78513582,2023,1,1,Air Quality Indicator
874506,365,Fine particles (PM 2.5),Mean,mcg/m3,CD,109,Morningside Heights and Hamilton Heights (CD9),Annual Average 2023,2023-01-01,6.937311432,2023,1,1,Air Quality Indicator
874560,365,Fine particles (PM 2.5),Mean,mcg/m3,UHF34,409,Southeast Queens,Annual Average 2023,2023-01-01,6.386780926,2023,1,1,Air Quality Indicator
874483,365,Fine particles (PM 2.5),Mean,mcg/m3,UHF42,304,Upper West Side,Annual Average 2023,2023-01-01,6.873849365,2023,1,1,Air Quality Indicator
877199,375,Nitrogen dioxide (NO2),Mean,ppb,CD,313,Coney Island (CD13),Annual Average 2023,2023-01-01,13.49860962,2023,1,1,Air Quality Indicator
876881,375,Nitrogen dioxide (NO2),Mean,ppb,UHF42,201,Greenpoint,Annual Average 2023,2023-01-01,19.31599125,2023,1,1,Air Quality Indicator
874572,365,Fine particles (PM 2.5),Mean,mcg/m3,UHF34,403,Flushing - Clearview,Annual Average 2023,2023-01-01,6.679289698,2023,1,1,Air Quality Indicator
877190,375,Nitrogen dioxide (NO2),Mean,ppb,CD,310,Bay Ridge and Dyker Heights (CD10),Annual Average 2023,2023-01-01,17.71452907,2023,1,1,Air Quality Indicator
877226,375,Nitrogen dioxide (NO2),Mean,ppb,CD,404,Elmhurst and Corona (CD4),Annual Average 2023,2023-01-01,17.73760296,2023,1,1,Air Quality Indicator
876845,375,Nitrogen dioxide (NO2),Mean,ppb,Borough,1,Bronx,Annual Average 2023,2023-01-01,15.75835985,2023,1,1,Air Quality Indicator
876854,375,Nitrogen dioxide (NO2),Mean,ppb,Borough,4,Queens,Annual Average 2023,2023-01-01,15.47035273,2023,1,1,Air Quality Indicator
877253,375,Nitrogen dioxide (NO2),Mean,ppb,CD,413,Queens Village (CD13),Annual Average 2023,2023-01-01,14.84317832,2023,1,1,Air Quality Indicator
874604,365,Fine particles (PM 2.5),Mean,mcg/m3,CD,206,Belmont and East Tremont (CD6),Annual Average 2023,2023-01-01,7.00445686,2023,1,1,Air Quality Indicator
876869,375,Nitrogen dioxide (NO2),Mean,ppb,UHF42,104,Pelham - Throgs Neck,Annual Average 2023,2023-01-01,15.56944138,2023,1,1,Air Quality Indicator
874587,365,Fine particles (PM 2.5),Mean,mcg/m3,UHF34,302,Central Harlem - Morningside Heights,Annual Average 2023,2023-01-01,6.918874416,2023,1,1,Air Quality Indicator
876866,375,Nitrogen dioxide (NO2),Mean,ppb,UHF42,103,Fordham - Bronx Pk,Annual Average 2023,2023-01-01,15.00464812,2023,1,1,Air Quality Indicator
877043,375,Nitrogen dioxide (NO2),Mean,ppb,UHF34,401,Long Island City - Astoria,Annual Average 2023,2023-01-01,18.41015665,2023,1,1,Air Quality Indicator
877001,375,Nitrogen dioxide (NO2),Mean,ppb,UHF34,202,Downtown - Heights - Slope,Annual Average 2023,2023-01-01,18.2876131,2023,1,1,Air Quality Indicator
874836,365,Fine particles (PM 2.5),Mean,mcg/m3,CD,406,Rego Park and Forest Hills (CD6),Annual Average 2023,2023-01-01,6.569370022,2023,1,1,Air Quality Indicator
874405,365,Fine particles (PM 2.5),Mean,mcg/m3,UHF34,202,Downtown - Heights - Slope,Annual Average 2023,2023-01-01,7.157937732,2023,1,1,Air Quality Indicator
877157,375,Nitrogen dioxide (NO2),Mean,ppb,CD,211,Morris Park and Bronxdale (CD11),Annual Average 2023,2023-01-01,14.84932053,2023,1,1,Air Quality Indicator
874842,365,Fine particles (PM 2.5),Mean,mcg/m3,CD,408,Hillcrest and Fresh Meadows (CD8),Annual Average 2023,2023-01-01,6.464206042,2023,1,1,Air Quality Indicator
877046,375,Nitrogen dioxide (NO2),Mean,ppb,UHF34,402,West Queens,Annual Average 2023,2023-01-01,18.4099093,2023,1,1,Air Quality Indicator
877163,375,Nitrogen dioxide (NO2),Mean,ppb,CD,301,Greenpoint and Williamsburg (CD1),Annual Average 2023,2023-01-01,19.3591317,2023,1,1,Air Quality Indicator
874884,365,Fine particles (PM 2.5),Mean,mcg/m3,CD,212,Williamsbridge and Baychester (CD12),Annual Average 2023,2023-01-01,6.814022519,2023,1,1,Air Quality Indicator
876920,375,Nitrogen dioxide (NO2),Mean,ppb,UHF42,303,East Harlem,Annual Average 2023,2023-01-01,16.33588174,2023,1,1,Air Quality Indicator
877133,375,Nitrogen dioxide (NO2),Mean,ppb,CD,203,Morrisania and Crotona (CD3),Annual Average 2023,2023-01-01,16.96020308,2023,1,1,Air Quality Indicator
876848,375,Nitrogen dioxide (NO2),Mean,ppb,Borough,2,Brooklyn,Annual Average 2023,2023-01-01,16.61819734,2023,1,1,Air Quality Indicator
876878,375,Nitrogen dioxide (NO2),Mean,ppb,UHF42,107,Hunts Point - Mott Haven,Annual Average 2023,2023-01-01,17.52685837,2023,1,1,Air Quality Indicator
877016,375,Nitrogen dioxide (NO2),Mean,ppb,UHF34,207,East Flatbush - Flatbush,Annual Average 2023,2023-01-01,16.14575343,2023,1,1,Air Quality Indicator
874887,365,Fine particles (PM 2.5),Mean,mcg/m3,CD,301,Greenpoint and Williamsburg (CD1),Annual Average 2023,2023-01-01,7.403432533,2023,1,1,Air Quality Indicator
876902,375,Nitrogen dioxide (NO2),Mean,ppb,UHF42,208,Canarsie - Flatlands,Annual Average 2023,2023-01-01,14.86254075,2023,1,1,Air Quality Indicator
877034,375,Nitrogen dioxide (NO2),Mean,ppb,UHF34,302,Central Harlem - Morningside Heights,Annual Average 2023,2023-01-01,16.2940219,2023,1,1,Air Quality Indicator
877214,375,Nitrogen dioxide (NO2),Mean,ppb,CD,318,Flatlands and Canarsie (CD18),Annual Average 2023,2023-01-01,14.76353255,2023,1,1,Air Quality Indicator
876899,375,Nitrogen dioxide (NO2),Mean,ppb,UHF42,207,East Flatbush - Flatbush,Annual Average 2023,2023-01-01,16.14575343,2023,1,1,Air Quality Indicator
876962,375,Nitrogen dioxide (NO2),Mean,ppb,UHF42,407,Southwest Queens,Annual Average 2023,2023-01-01,15.32807265,2023,1,1,Air Quality Indicator
874354,365,Fine particles (PM 2.5),Mean,mcg/m3,UHF42,103,Fordham - Bronx Pk,Annual Average 2023,2023-01-01,6.836602443,2023,1,1,Air Quality Indicator
874444,365,Fine particles (PM 2.5),Mean,mcg/m3,UHF42,407,Southwest Queens,Annual Average 2023,2023-01-01,6.516343941,2023,1,1,Air Quality Indicator
874441,365,Fine particles (PM 2.5),Mean,mcg/m3,UHF42,408,Jamaica,Annual Average 2023,2023-01-01,6.589261584,2023,1,1,Air Quality Indicator
874438,365,Fine particles (PM 2.5),Mean,mcg/m3,UHF42,409,Southeast Queens,Annual Average 2023,2023-01-01,6.386811098,2023,1,1,Air Quality Indicator
877040,375,Nitrogen dioxide (NO2),Mean,ppb,UHF34,304,Upper West Side,Annual Average 2023,2023-01-01,18.37524707,2023,1,1,Air Quality Indicator
877055,375,Nitrogen dioxide (NO2),Mean,ppb,UHF34,407,Southwest Queens,Annual Average 2023,2023-01-01,15.32921165,2023,1,1,Air Quality Indicator
874824,365,Fine particles (PM 2.5),Mean,mcg/m3,CD,402,Woodside and Sunnyside (CD2),Annual Average 2023,2023-01-01,7.395583107,2023,1,1,Air Quality Indicator
874366,365,Fine particles (PM 2.5),Mean,mcg/m3,Borough,4,Queens,Annual Average 2023,2023-01-01,6.629774049,2023,1,1,Air Quality Indicator
877265,375,Nitrogen dioxide (NO2),Mean,ppb,CD,503,Tottenville and Great Kills (CD3),Annual Average 2023,2023-01-01,10.33265438,2023,1,1,Air Quality Indicator
876986,375,Nitrogen dioxide (NO2),Mean,ppb,UHF34,101,Kingsbridge - Riverdale,Annual Average 2023,2023-01-01,14.61424758,2023,1,1,Air Quality Indicator
877109,375,Nitrogen dioxide (NO2),Mean,ppb,CD,107,Upper West Side (CD7),Annual Average 2023,2023-01-01,18.4344396,2023,1,1,Air Quality Indicator
876875,375,Nitrogen dioxide (NO2),Mean,ppb,UHF42,106,High Bridge - Morrisania,Annual Average 2023,2023-01-01,17.0841194,2023,1,1,Air Quality Indicator
877184,375,Nitrogen dioxide (NO2),Mean,ppb,CD,308,Crown Heights and Prospect Heights (CD8),Annual Average 2023,2023-01-01,16.9515928,2023,1,1,Air Quality Indicator
874396,365,Fine particles (PM 2.5),Mean,mcg/m3,UHF34,205,Sunset Park,Annual Average 2023,2023-01-01,7.082420762,2023,1,1,Air Quality Indicator
876983,375,Nitrogen dioxide (NO2),Mean,ppb,UHF42,504,South Beach - Tottenville,Annual Average 2023,2023-01-01,10.46443118,2023,1,1,Air Quality Indicator
874821,365,Fine particles (PM 2.5),Mean,mcg/m3,CD,401,Long Island City and Astoria (CD1),Annual Average 2023,2023-01-01,6.99898229,2023,1,1,Air Quality Indicator
877085,375,Nitrogen dioxide (NO2),Mean,ppb,UHF34,105106107,South Bronx,Annual Average 2023,2023-01-01,17.32567467,2023,1,1,Air Quality Indicator
876923,375,Nitrogen dioxide (NO2),Mean,ppb,UHF42,304,Upper West Side,Annual Average 2023,2023-01-01,18.37552079,2023,1,1,Air Quality Indicator
877220,375,Nitrogen dioxide (NO2),Mean,ppb,CD,402,Woodside and Sunnyside (CD2),Annual Average 2023,2023-01-01,19.85831015,2023,1,1,Air Quality Indicator
877097,375,Nitrogen dioxide (NO2),Mean,ppb,CD,103,Lower East Side and Chinatown (CD3),Annual Average 2023,2023-01-01,18.61747837,2023,1,1,Air Quality Indicator
877241,375,Nitrogen dioxide (NO2),Mean,ppb,CD,409,Kew Gardens and Woodhaven (CD9),Annual Average 2023,2023-01-01,16.19117898,2023,1,1,Air Quality Indicator
874489,365,Fine particles (PM 2.5),Mean,mcg/m3,UHF42,302,Central Harlem - Morningside Heights,Annual Average 2023,2023-01-01,6.918861081,2023,1,1,Air Quality Indicator
874639,365,Fine particles (PM 2.5),Mean,mcg/m3,CD,207,Kingsbridge Heights and Bedford (CD7),Annual Average 2023,2023-01-01,6.868584368,2023,1,1,Air Quality Indicator
877205,375,Nitrogen dioxide (NO2),Mean,ppb,CD,315,Sheepshead Bay (CD15),Annual Average 2023,2023-01-01,14.09699289,2023,1,1,Air Quality Indicator
876956,375,Nitrogen dioxide (NO2),Mean,ppb,UHF42,405,Ridgewood - Forest Hills,Annual Average 2023,2023-01-01,16.73212203,2023,1,1,Air Quality Indicator
877061,375,Nitrogen dioxide (NO2),Mean,ppb,UHF34,409,Southeast Queens,Annual Average 2023,2023-01-01,14.68916203,2023,1,1,Air Quality Indicator
876980,375,Nitrogen dioxide (NO2),Mean,ppb,UHF42,503,Willowbrook,Annual Average 2023,2023-01-01,12.776213,2023,1,1,Air Quality Indicator
876926,375,Nitrogen dioxide (NO2),Mean,ppb,UHF42,305,Upper East Side,Annual Average 2023,2023-01-01,18.98075633,2023,1,1,Air Quality Indicator
874345,365,Fine particles (PM 2.5),Mean,mcg/m3,UHF42,106,High Bridge - Morrisania,Annual Average 2023,2023-01-01,6.910426411,2023,1,1,Air Quality Indicator
874598,365,Fine particles (PM 2.5),Mean,mcg/m3,CD,204,Highbridge and Concourse (CD4),Annual Average 2023,2023-01-01,6.885403405,2023,1,1,Air Quality Indicator
874595,365,Fine particles (PM 2.5),Mean,mcg/m3,CD,203,Morrisania and Crotona (CD3),Annual Average 2023,2023-01-01,7.047626594,2023,1,1,Air Quality Indicator
874848,365,Fine particles (PM 2.5),Mean,mcg/m3,CD,410,South Ozone Park and Howard Beach (CD10),Annual Average 2023,2023-01-01,6.406497953,2023,1,1,Air Quality Indicator
874860,365,Fine particles (PM 2.5),Mean,mcg/m3,CD,414,Rockaway and Broad Channel (CD14),Annual Average 2023,2023-01-01,6.124139701,2023,1,1,Air Quality Indicator
874899,365,Fine particles (PM 2.5),Mean,mcg/m3,CD,305,East New York and Starrett City (CD5),Annual Average 2023,2023-01-01,6.738729025,2023,1,1,Air Quality Indicator
877010,375,Nitrogen dioxide (NO2),Mean,ppb,UHF34,205,Sunset Park,Annual Average 2023,2023-01-01,19.113309,2023,1,1,Air Quality Indicator
877127,375,Nitrogen dioxide (NO2),Mean,ppb,CD,201,Mott Haven and Melrose (CD1),Annual Average 2023,2023-01-01,17.71582761,2023,1,1,Air Quality Indicator
877169,375,Nitrogen dioxide (NO2),Mean,ppb,CD,303,Bedford Stuyvesant (CD3),Annual Average 2023,2023-01-01,17.04140309,2023,1,1,Air Quality Indicator
876932,375,Nitrogen dioxide (NO2),Mean,ppb,UHF42,307,Gramercy Park - Murray Hill,Annual Average 2023,2023-01-01,23.59502328,2023,1,1,Air Quality Indicator
877064,375,Nitrogen dioxide (NO2),Mean,ppb,UHF34,410,Rockaways,Annual Average 2023,2023-01-01,9.382766304,2023,1,1,Air Quality Indicator
874896,365,Fine particles (PM 2.5),Mean,mcg/m3,CD,304,Bushwick (CD4),Annual Average 2023,2023-01-01,7.108952649,2023,1,1,Air Quality Indicator
877019,375,Nitrogen dioxide (NO2),Mean,ppb,UHF34,208,Canarsie - Flatlands,Annual Average 2023,2023-01-01,14.86254075,2023,1,1,Air Quality Indicator
876935,375,Nitrogen dioxide (NO2),Mean,ppb,UHF42,308,Greenwich Village - SoHo,Annual Average 2023,2023-01-01,22.06564052,2023,1,1,Air Quality Indicator
876953,375,Nitrogen dioxide (NO2),Mean,ppb,UHF42,404,Bayside - Little Neck,Annual Average 2023,2023-01-01,14.92994837,2023,1,1,Air Quality Indicator
874818,365,Fine particles (PM 2.5),Mean,mcg/m3,CD,318,Flatlands and Canarsie (CD18),Annual Average 2023,2023-01-01,6.397138835,2023,1,1,Air Quality Indicator
874411,365,Fine particles (PM 2.5),Mean,mcg/m3,UHF34,104,Pelham - Throgs Neck,Annual Average 2023,2023-01-01,6.882374275,2023,1,1,Air Quality Indicator
874551,365,Fine particles (PM 2.5),Mean,mcg/m3,UHF34,306308,Chelsea-Village,Annual Average 2023,2023-01-01,8.017380994,2023,1,1,Air Quality Indicator
874539,365,Fine particles (PM 2.5),Mean,mcg/m3,UHF34,503504,Southern SI,Annual Average 2023,2023-01-01,6.181403822,2023,1,1,Air Quality Indicator
876952,375,Nitrogen dioxide (NO2),Mean,ppb,UHF42,403,Flushing - Clearview,Winter 2022-23,2022-12-01,18.93267515,2022,12,4,Air Quality Indicator
877267,375,Nitrogen dioxide (NO2),Mean,ppb,CD,503,Tottenville and Great Kills (CD3),Winter 2022-23,2022-12-01,15.79876836,2022,12,4,Air Quality Indicator
874868,365,Fine particles (PM 2.5),Mean,mcg/m3,CD,502,South Beach and Willowbrook (CD2),Winter 2022-23,2022-12-01,5.562425296,2022,12,4,Air Quality Indicator
877006,375,Nitrogen dioxide (NO2),Mean,ppb,UHF34,203,Bedford Stuyvesant - Crown Heights,Winter 2022-23,2022-12-01,23.31389388,2022,12,4,Air Quality Indicator
874832,365,Fine particles (PM 2.5),Mean,mcg/m3,CD,404,Elmhurst and Corona (CD4),Winter 2022-23,2022-12-01,6.553164924,2022,12,4,Air Quality Indicator
874859,365,Fine particles (PM 2.5),Mean,mcg/m3,CD,413,Queens Village (CD13),Winter 2022-23,2022-12-01,5.661272447,2022,12,4,Air Quality Indicator
876892,375,Nitrogen dioxide (NO2),Mean,ppb,UHF42,204,East New York,Winter 2022-23,2022-12-01,22.84562702,2022,12,4,Air Quality Indicator
874895,365,Fine particles (PM 2.5),Mean,mcg/m3,CD,303,Bedford Stuyvesant (CD3),Winter 2022-23,2022-12-01,6.596272548,2022,12,4,Air Quality Indicator
877069,375,Nitrogen dioxide (NO2),Mean,ppb,UHF34,305307,Upper East Side-Gramercy,Winter 2022-23,2022-12-01,23.94121291,2022,12,4,Air Quality Indicator
874484,365,Fine particles (PM 2.5),Mean,mcg/m3,UHF42,303,East Harlem,Winter 2022-23,2022-12-01,6.519113142,2022,12,4,Air Quality Indicator
874478,365,Fine particles (PM 2.5),Mean,mcg/m3,UHF42,305,Upper East Side,Winter 2022-23,2022-12-01,6.662258812,2022,12,4,Air Quality Indicator
874451,365,Fine particles (PM 2.5),Mean,mcg/m3,UHF42,404,Bayside - Little Neck,Winter 2022-23,2022-12-01,5.86387523,2022,12,4,Air Quality Indicator
877060,375,Nitrogen dioxide (NO2),Mean,ppb,UHF34,408,Jamaica,Winter 2022-23,2022-12-01,19.68588095,2022,12,4,Air Quality Indicator
874448,365,Fine particles (PM 2.5),Mean,mcg/m3,UHF42,405,Ridgewood - Forest Hills,Winter 2022-23,2022-12-01,6.26223548,2022,12,4,Air Quality Indicator
874543,365,Fine particles (PM 2.5),Mean,mcg/m3,UHF34,404406,Bayside Little Neck-Fresh Meadows,Winter 2022-23,2022-12-01,5.869045933,2022,12,4,Air Quality Indicator
876856,375,Nitrogen dioxide (NO2),Mean,ppb,Borough,4,Queens,Winter 2022-23,2022-12-01,19.33359424,2022,12,4,Air Quality Indicator
874901,365,Fine particles (PM 2.5),Mean,mcg/m3,CD,305,East New York and Starrett City (CD5),Winter 2022-23,2022-12-01,6.222171203,2022,12,4,Air Quality Indicator
877033,375,Nitrogen dioxide (NO2),Mean,ppb,UHF34,301,Washington Heights,Winter 2022-23,2022-12-01,20.95314323,2022,12,4,Air Quality Indicator
874376,365,Fine particles (PM 2.5),Mean,mcg/m3,UHF34,211,Williamsburg - Bushwick,Winter 2022-23,2022-12-01,6.918133058,2022,12,4,Air Quality Indicator
877159,375,Nitrogen dioxide (NO2),Mean,ppb,CD,211,Morris Park and Bronxdale (CD11),Winter 2022-23,2022-12-01,19.18685828,2022,12,4,Air Quality Indicator
877234,375,Nitrogen dioxide (NO2),Mean,ppb,CD,406,Rego Park and Forest Hills (CD6),Winter 2022-23,2022-12-01,21.20605901,2022,12,4,Air Quality Indicator
874436,365,Fine particles (PM 2.5),Mean,mcg/m3,UHF42,409,Southeast Queens,Winter 2022-23,2022-12-01,5.617699015,2022,12,4,Air Quality Indicator
877093,375,Nitrogen dioxide (NO2),Mean,ppb,CD,101,Financial District (CD1),Winter 2022-23,2022-12-01,24.19635591,2022,12,4,Air Quality Indicator
877174,375,Nitrogen dioxide (NO2),Mean,ppb,CD,304,Bushwick (CD4),Winter 2022-23,2022-12-01,23.64561241,2022,12,4,Air Quality Indicator
874820,365,Fine particles (PM 2.5),Mean,mcg/m3,CD,318,Flatlands and Canarsie (CD18),Winter 2022-23,2022-12-01,5.819217212,2022,12,4,Air Quality Indicator
877132,375,Nitrogen dioxide (NO2),Mean,ppb,CD,202,Hunts Point and Longwood (CD2),Winter 2022-23,2022-12-01,22.53750523,2022,12,4,Air Quality Indicator
877138,375,Nitrogen dioxide (NO2),Mean,ppb,CD,204,Highbridge and Concourse (CD4),Winter 2022-23,2022-12-01,21.63718571,2022,12,4,Air Quality Indicator
874385,365,Fine particles (PM 2.5),Mean,mcg/m3,UHF34,208,Canarsie - Flatlands,Winter 2022-23,2022-12-01,5.843269135,2022,12,4,Air Quality Indicator
874379,365,Fine particles (PM 2.5),Mean,mcg/m3,UHF34,210,Coney Island - Sheepshead Bay,Winter 2022-23,2022-12-01,5.784986933,2022,12,4,Air Quality Indicator
874519,365,Fine particles (PM 2.5),Mean,mcg/m3,CD,104,Clinton and Chelsea (CD4),Winter 2022-23,2022-12-01,7.906916789,2022,12,4,Air Quality Indicator
874561,365,Fine particles (PM 2.5),Mean,mcg/m3,UHF34,408,Jamaica,Winter 2022-23,2022-12-01,5.936853761,2022,12,4,Air Quality Indicator
877123,375,Nitrogen dioxide (NO2),Mean,ppb,CD,111,East Harlem (CD11),Winter 2022-23,2022-12-01,20.19215848,2022,12,4,Air Quality Indicator
876961,375,Nitrogen dioxide (NO2),Mean,ppb,UHF42,406,Fresh Meadows,Winter 2022-23,2022-12-01,19.22358491,2022,12,4,Air Quality Indicator
874916,365,Fine particles (PM 2.5),Mean,mcg/m3,CD,310,Bay Ridge and Dyker Heights (CD10),Winter 2022-23,2022-12-01,6.104524194,2022,12,4,Air Quality Indicator
874528,365,Fine particles (PM 2.5),Mean,mcg/m3,CD,101,Financial District (CD1),Winter 2022-23,2022-12-01,7.384581284,2022,12,4,Air Quality Indicator
874397,365,Fine particles (PM 2.5),Mean,mcg/m3,UHF34,204,East New York,Winter 2022-23,2022-12-01,6.284280262,2022,12,4,Air Quality Indicator
877219,375,Nitrogen dioxide (NO2),Mean,ppb,CD,401,Long Island City and Astoria (CD1),Winter 2022-23,2022-12-01,21.10840179,2022,12,4,Air Quality Indicator
877186,375,Nitrogen dioxide (NO2),Mean,ppb,CD,308,Crown Heights and Prospect Heights (CD8),Winter 2022-23,2022-12-01,23.47973002,2022,12,4,Air Quality Indicator
874501,365,Fine particles (PM 2.5),Mean,mcg/m3,CD,110,Central Harlem (CD10),Winter 2022-23,2022-12-01,6.613041719,2022,12,4,Air Quality Indicator
874310,365,Fine particles (PM 2.5),Mean,mcg/m3,UHF42,210,Coney Island - Sheepshead Bay,Winter 2022-23,2022-12-01,5.784986933,2022,12,4,Air Quality Indicator
874811,365,Fine particles (PM 2.5),Mean,mcg/m3,CD,315,Sheepshead Bay (CD15),Winter 2022-23,2022-12-01,5.783695731,2022,12,4,Air Quality Indicator
877264,375,Nitrogen dioxide (NO2),Mean,ppb,CD,502,South Beach and Willowbrook (CD2),Winter 2022-23,2022-12-01,16.95162023,2022,12,4,Air Quality Indicator
877009,375,Nitrogen dioxide (NO2),Mean,ppb,UHF34,204,East New York,Winter 2022-23,2022-12-01,22.84562702,2022,12,4,Air Quality Indicator
874322,365,Fine particles (PM 2.5),Mean,mcg/m3,UHF42,206,Borough Park,Winter 2022-23,2022-12-01,6.105061444,2022,12,4,Air Quality Indicator
877240,375,Nitrogen dioxide (NO2),Mean,ppb,CD,408,Hillcrest and Fresh Meadows (CD8),Winter 2022-23,2022-12-01,19.19508125,2022,12,4,Air Quality Indicator
877084,375,Nitrogen dioxide (NO2),Mean,ppb,UHF34,503504,Southern SI,Winter 2022-23,2022-12-01,16.28567959,2022,12,4,Air Quality Indicator
877072,375,Nitrogen dioxide (NO2),Mean,ppb,UHF34,306308,Chelsea-Village,Winter 2022-23,2022-12-01,25.2817114,2022,12,4,Air Quality Indicator
874466,365,Fine particles (PM 2.5),Mean,mcg/m3,UHF42,309,Union Square - Lower East Side,Winter 2022-23,2022-12-01,7.590957422,2022,12,4,Air Quality Indicator
874439,365,Fine particles (PM 2.5),Mean,mcg/m3,UHF42,408,Jamaica,Winter 2022-23,2022-12-01,5.936789674,2022,12,4,Air Quality Indicator
877135,375,Nitrogen dioxide (NO2),Mean,ppb,CD,203,Morrisania and Crotona (CD3),Winter 2022-23,2022-12-01,21.807499,2022,12,4,Air Quality Indicator
874495,365,Fine particles (PM 2.5),Mean,mcg/m3,CD,112,Washington Heights and Inwood (CD12),Winter 2022-23,2022-12-01,6.706365699,2022,12,4,Air Quality Indicator
874442,365,Fine particles (PM 2.5),Mean,mcg/m3,UHF42,407,Southwest Queens,Winter 2022-23,2022-12-01,5.955262927,2022,12,4,Air Quality Indicator
876847,375,Nitrogen dioxide (NO2),Mean,ppb,Borough,1,Bronx,Winter 2022-23,2022-12-01,19.74253268,2022,12,4,Air Quality Indicator
874847,365,Fine particles (PM 2.5),Mean,mcg/m3,CD,409,Kew Gardens and Woodhaven (CD9),Winter 2022-23,2022-12-01,6.198527919,2022,12,4,Air Quality Indicator
874865,365,Fine particles (PM 2.5),Mean,mcg/m3,CD,501,St. George and Stapleton (CD1),Winter 2022-23,2022-12-01,5.795422031,2022,12,4,Air Quality Indicator
877021,375,Nitrogen dioxide (NO2),Mean,ppb,UHF34,208,Canarsie - Flatlands,Winter 2022-23,2022-12-01,19.46437805,2022,12,4,Air Quality Indicator
877177,375,Nitrogen dioxide (NO2),Mean,ppb,CD,305,East New York and Starrett City (CD5),Winter 2022-23,2022-12-01,22.50847324,2022,12,4,Air Quality Indicator
874534,365,Fine particles (PM 2.5),Mean,mcg/m3,UHF34,105106107,South Bronx,Winter 2022-23,2022-12-01,6.673858161,2022,12,4,Air Quality Indicator
877114,375,Nitrogen dioxide (NO2),Mean,ppb,CD,108,Upper East Side (CD8),Winter 2022-23,2022-12-01,22.37547517,2022,12,4,Air Quality Indicator
874409,365,Fine particles (PM 2.5),Mean,mcg/m3,UHF34,104,Pelham - Throgs Neck,Winter 2022-23,2022-12-01,6.522234553,2022,12,4,Air Quality Indicator
874382,365,Fine particles (PM 2.5),Mean,mcg/m3,UHF34,209,Bensonhurst - Bay Ridge,Winter 2022-23,2022-12-01,5.95217197,2022,12,4,Air Quality Indicator
874841,365,Fine particles (PM 2.5),Mean,mcg/m3,CD,407,Flushing and Whitestone (CD7),Winter 2022-23,2022-12-01,6.253089341,2022,12,4,Air Quality Indicator
877192,375,Nitrogen dioxide (NO2),Mean,ppb,CD,310,Bay Ridge and Dyker Heights (CD10),Winter 2022-23,2022-12-01,22.78172025,2022,12,4,Air Quality Indicator
877222,375,Nitrogen dioxide (NO2),Mean,ppb,CD,402,Woodside and Sunnyside (CD2),Winter 2022-23,2022-12-01,23.73637905,2022,12,4,Air Quality Indicator
877228,375,Nitrogen dioxide (NO2),Mean,ppb,CD,404,Elmhurst and Corona (CD4),Winter 2022-23,2022-12-01,21.86210978,2022,12,4,Air Quality Indicator
876907,375,Nitrogen dioxide (NO2),Mean,ppb,UHF42,209,Bensonhurst - Bay Ridge,Winter 2022-23,2022-12-01,21.59935664,2022,12,4,Air Quality Indicator
874346,365,Fine particles (PM 2.5),Mean,mcg/m3,UHF42,105,Crotona -Tremont,Winter 2022-23,2022-12-01,6.698642289,2022,12,4,Air Quality Indicator
874844,365,Fine particles (PM 2.5),Mean,mcg/m3,CD,408,Hillcrest and Fresh Meadows (CD8),Winter 2022-23,2022-12-01,5.871352073,2022,12,4,Air Quality Indicator
876871,375,Nitrogen dioxide (NO2),Mean,ppb,UHF42,104,Pelham - Throgs Neck,Winter 2022-23,2022-12-01,19.78791893,2022,12,4,Air Quality Indicator
876925,375,Nitrogen dioxide (NO2),Mean,ppb,UHF42,304,Upper West Side,Winter 2022-23,2022-12-01,21.43520833,2022,12,4,Air Quality Indicator
877147,375,Nitrogen dioxide (NO2),Mean,ppb,CD,207,Kingsbridge Heights and Bedford (CD7),Winter 2022-23,2022-12-01,19.69216037,2022,12,4,Air Quality Indicator
877213,375,Nitrogen dioxide (NO2),Mean,ppb,CD,317,East Flatbush (CD17),Winter 2022-23,2022-12-01,22.71316173,2022,12,4,Air Quality Indicator
876937,375,Nitrogen dioxide (NO2),Mean,ppb,UHF42,308,Greenwich Village - SoHo,Winter 2022-23,2022-12-01,24.18653719,2022,12,4,Air Quality Indicator
874856,365,Fine particles (PM 2.5),Mean,mcg/m3,CD,412,Jamaica and Hollis (CD12),Winter 2022-23,2022-12-01,5.896214778,2022,12,4,Air Quality Indicator
877258,375,Nitrogen dioxide (NO2),Mean,ppb,CD,414,Rockaway and Broad Channel (CD14),Winter 2022-23,2022-12-01,11.87774283,2022,12,4,Air Quality Indicator
874898,365,Fine particles (PM 2.5),Mean,mcg/m3,CD,304,Bushwick (CD4),Winter 2022-23,2022-12-01,6.781702364,2022,12,4,Air Quality Indicator
877045,375,Nitrogen dioxide (NO2),Mean,ppb,UHF34,401,Long Island City - Astoria,Winter 2022-23,2022-12-01,22.30308226,2022,12,4,Air Quality Indicator
877066,375,Nitrogen dioxide (NO2),Mean,ppb,UHF34,410,Rockaways,Winter 2022-23,2022-12-01,11.90192295,2022,12,4,Air Quality Indicator
876934,375,Nitrogen dioxide (NO2),Mean,ppb,UHF42,307,Gramercy Park - Murray Hill,Winter 2022-23,2022-12-01,25.77429464,2022,12,4,Air Quality Indicator
877051,375,Nitrogen dioxide (NO2),Mean,ppb,UHF34,403,Flushing - Clearview,Winter 2022-23,2022-12-01,18.93045334,2022,12,4,Air Quality Indicator
877042,375,Nitrogen dioxide (NO2),Mean,ppb,UHF34,304,Upper West Side,Winter 2022-23,2022-12-01,21.4349848,2022,12,4,Air Quality Indicator
877165,375,Nitrogen dioxide (NO2),Mean,ppb,CD,301,Greenpoint and Williamsburg (CD1),Winter 2022-23,2022-12-01,23.95804204,2022,12,4,Air Quality Indicator
874862,365,Fine particles (PM 2.5),Mean,mcg/m3,CD,414,Rockaway and Broad Channel (CD14),Winter 2022-23,2022-12-01,5.263463655,2022,12,4,Air Quality Indicator
877129,375,Nitrogen dioxide (NO2),Mean,ppb,CD,201,Mott Haven and Melrose (CD1),Winter 2022-23,2022-12-01,21.74063621,2022,12,4,Air Quality Indicator
876862,375,Nitrogen dioxide (NO2),Mean,ppb,UHF42,101,Kingsbridge - Riverdale,Winter 2022-23,2022-12-01,17.89722521,2022,12,4,Air Quality Indicator
877018,375,Nitrogen dioxide (NO2),Mean,ppb,UHF34,207,East Flatbush - Flatbush,Winter 2022-23,2022-12-01,22.36837297,2022,12,4,Air Quality Indicator
877198,375,Nitrogen dioxide (NO2),Mean,ppb,CD,312,Borough Park (CD12),Winter 2022-23,2022-12-01,22.55241006,2022,12,4,Air Quality Indicator
877012,375,Nitrogen dioxide (NO2),Mean,ppb,UHF34,205,Sunset Park,Winter 2022-23,2022-12-01,24.34283005,2022,12,4,Air Quality Indicator
876958,375,Nitrogen dioxide (NO2),Mean,ppb,UHF42,405,Ridgewood - Forest Hills,Winter 2022-23,2022-12-01,21.96049467,2022,12,4,Air Quality Indicator
874594,365,Fine particles (PM 2.5),Mean,mcg/m3,CD,202,Hunts Point and Longwood (CD2),Winter 2022-23,2022-12-01,7.03025526,2022,12,4,Air Quality Indicator
874358,365,Fine particles (PM 2.5),Mean,mcg/m3,UHF42,101,Kingsbridge - Riverdale,Winter 2022-23,2022-12-01,6.579128989,2022,12,4,Air Quality Indicator
874343,365,Fine particles (PM 2.5),Mean,mcg/m3,UHF42,106,High Bridge - Morrisania,Winter 2022-23,2022-12-01,6.537183143,2022,12,4,Air Quality Indicator
874481,365,Fine particles (PM 2.5),Mean,mcg/m3,UHF42,304,Upper West Side,Winter 2022-23,2022-12-01,6.434470082,2022,12,4,Air Quality Indicator
876922,375,Nitrogen dioxide (NO2),Mean,ppb,UHF42,303,East Harlem,Winter 2022-23,2022-12-01,20.16780596,2022,12,4,Air Quality Indicator
877102,375,Nitrogen dioxide (NO2),Mean,ppb,CD,104,Clinton and Chelsea (CD4),Winter 2022-23,2022-12-01,24.88228661,2022,12,4,Air Quality Indicator
877261,375,Nitrogen dioxide (NO2),Mean,ppb,CD,501,St. George and Stapleton (CD1),Winter 2022-23,2022-12-01,20.32132712,2022,12,4,Air Quality Indicator
877048,375,Nitrogen dioxide (NO2),Mean,ppb,UHF34,402,West Queens,Winter 2022-23,2022-12-01,22.48203662,2022,12,4,Air Quality Indicator
874403,365,Fine particles (PM 2.5),Mean,mcg/m3,UHF34,202,Downtown - Heights - Slope,Winter 2022-23,2022-12-01,6.801170004,2022,12,4,Air Quality Indicator
874388,365,Fine particles (PM 2.5),Mean,mcg/m3,UHF34,207,East Flatbush - Flatbush,Winter 2022-23,2022-12-01,6.12954308,2022,12,4,Air Quality Indicator
877003,375,Nitrogen dioxide (NO2),Mean,ppb,UHF34,202,Downtown - Heights - Slope,Winter 2022-23,2022-12-01,23.55155679,2022,12,4,Air Quality Indicator
877144,375,Nitrogen dioxide (NO2),Mean,ppb,CD,206,Belmont and East Tremont (CD6),Winter 2022-23,2022-12-01,21.41995292,2022,12,4,Air Quality Indicator
876859,375,Nitrogen dioxide (NO2),Mean,ppb,Borough,5,Staten Island,Winter 2022-23,2022-12-01,17.32271341,2022,12,4,Air Quality Indicator
877105,375,Nitrogen dioxide (NO2),Mean,ppb,CD,105,Midtown (CD5),Winter 2022-23,2022-12-01,27.45984454,2022,12,4,Air Quality Indicator
876982,375,Nitrogen dioxide (NO2),Mean,ppb,UHF42,503,Willowbrook,Winter 2022-23,2022-12-01,17.20221576,2022,12,4,Air Quality Indicator
874415,365,Fine particles (PM 2.5),Mean,mcg/m3,UHF34,102,Northeast Bronx,Winter 2022-23,2022-12-01,6.539488972,2022,12,4,Air Quality Indicator
877111,375,Nitrogen dioxide (NO2),Mean,ppb,CD,107,Upper West Side (CD7),Winter 2022-23,2022-12-01,21.49118331,2022,12,4,Air Quality Indicator
877063,375,Nitrogen dioxide (NO2),Mean,ppb,UHF34,409,Southeast Queens,Winter 2022-23,2022-12-01,17.64945867,2022,12,4,Air Quality Indicator
877207,375,Nitrogen dioxide (NO2),Mean,ppb,CD,315,Sheepshead Bay (CD15),Winter 2022-23,2022-12-01,18.26300034,2022,12,4,Air Quality Indicator
874904,365,Fine particles (PM 2.5),Mean,mcg/m3,CD,306,Park Slope and Carroll Gardens (CD6),Winter 2022-23,2022-12-01,6.799389863,2022,12,4,Air Quality Indicator
874552,365,Fine particles (PM 2.5),Mean,mcg/m3,UHF34,305307,Upper East Side-Gramercy,Winter 2022-23,2022-12-01,7.263107752,2022,12,4,Air Quality Indicator
874641,365,Fine particles (PM 2.5),Mean,mcg/m3,CD,207,Kingsbridge Heights and Bedford (CD7),Winter 2022-23,2022-12-01,6.659692586,2022,12,4,Air Quality Indicator
874516,365,Fine particles (PM 2.5),Mean,mcg/m3,CD,105,Midtown (CD5),Winter 2022-23,2022-12-01,8.957807345,2022,12,4,Air Quality Indicator
877195,375,Nitrogen dioxide (NO2),Mean,ppb,CD,311,Bensonhurst (CD11),Winter 2022-23,2022-12-01,21.04523602,2022,12,4,Air Quality Indicator
874585,365,Fine particles (PM 2.5),Mean,mcg/m3,UHF34,302,Central Harlem - Morningside Heights,Winter 2022-23,2022-12-01,6.608300171,2022,12,4,Air Quality Indicator
877183,375,Nitrogen dioxide (NO2),Mean,ppb,CD,307,Sunset Park (CD7),Winter 2022-23,2022-12-01,24.31503126,2022,12,4,Air Quality Indicator
876997,375,Nitrogen dioxide (NO2),Mean,ppb,UHF34,104,Pelham - Throgs Neck,Winter 2022-23,2022-12-01,19.78791893,2022,12,4,Air Quality Indicator
874430,365,Fine particles (PM 2.5),Mean,mcg/m3,UHF42,501,Port Richmond,Winter 2022-23,2022-12-01,5.872646256,2022,12,4,Air Quality Indicator
874877,365,Fine particles (PM 2.5),Mean,mcg/m3,CD,209,Parkchester and Soundview (CD9),Winter 2022-23,2022-12-01,6.606709065,2022,12,4,Air Quality Indicator
877216,375,Nitrogen dioxide (NO2),Mean,ppb,CD,318,Flatlands and Canarsie (CD18),Winter 2022-23,2022-12-01,19.32174228,2022,12,4,Air Quality Indicator
877087,375,Nitrogen dioxide (NO2),Mean,ppb,UHF34,105106107,South Bronx,Winter 2022-23,2022-12-01,21.77739196,2022,12,4,Air Quality Indicator
874406,365,Fine particles (PM 2.5),Mean,mcg/m3,UHF34,201,Greenpoint,Winter 2022-23,2022-12-01,6.968784799,2022,12,4,Air Quality Indicator
876883,375,Nitrogen dioxide (NO2),Mean,ppb,UHF42,201,Greenpoint,Winter 2022-23,2022-12-01,23.78126415,2022,12,4,Air Quality Indicator
876940,375,Nitrogen dioxide (NO2),Mean,ppb,UHF42,309,Union Square - Lower East Side,Winter 2022-23,2022-12-01,22.44163958,2022,12,4,Air Quality Indicator
876970,375,Nitrogen dioxide (NO2),Mean,ppb,UHF42,409,Southeast Queens,Winter 2022-23,2022-12-01,17.64972749,2022,12,4,Air Quality Indicator
877090,375,Nitrogen dioxide (NO2),Mean,ppb,Citywide,1,New York City,Winter 2022-23,2022-12-01,19.8247288,2022,12,4,Air Quality Indicator
874573,365,Fine particles (PM 2.5),Mean,mcg/m3,UHF34,402,West Queens,Winter 2022-23,2022-12-01,6.665068392,2022,12,4,Air Quality Indicator
874579,365,Fine particles (PM 2.5),Mean,mcg/m3,UHF34,304,Upper West Side,Winter 2022-23,2022-12-01,6.434479995,2022,12,4,Air Quality Indicator
877255,375,Nitrogen dioxide (NO2),Mean,ppb,CD,413,Queens Village (CD13),Winter 2022-23,2022-12-01,17.795487,2022,12,4,Air Quality Indicator
874549,365,Fine particles (PM 2.5),Mean,mcg/m3,UHF34,306308,Chelsea-Village,Winter 2022-23,2022-12-01,8.279870171,2022,12,4,Air Quality Indicator
877168,375,Nitrogen dioxide (NO2),Mean,ppb,CD,302,Fort Greene and Brooklyn Heights (CD2),Winter 2022-23,2022-12-01,23.56166841,2022,12,4,Air Quality Indicator
877201,375,Nitrogen dioxide (NO2),Mean,ppb,CD,313,Coney Island (CD13),Winter 2022-23,2022-12-01,18.02621754,2022,12,4,Air Quality Indicator
874919,365,Fine particles (PM 2.5),Mean,mcg/m3,CD,311,Bensonhurst (CD11),Winter 2022-23,2022-12-01,5.925667074,2022,12,4,Air Quality Indicator
874457,365,Fine particles (PM 2.5),Mean,mcg/m3,UHF42,402,West Queens,Winter 2022-23,2022-12-01,6.665068392,2022,12,4,Air Quality Indicator
874558,365,Fine particles (PM 2.5),Mean,mcg/m3,UHF34,409,Southeast Queens,Winter 2022-23,2022-12-01,5.617697449,2022,12,4,Air Quality Indicator
874892,365,Fine particles (PM 2.5),Mean,mcg/m3,CD,302,Fort Greene and Brooklyn Heights (CD2),Winter 2022-23,2022-12-01,6.826533179,2022,12,4,Air Quality Indicator
874349,365,Fine particles (PM 2.5),Mean,mcg/m3,UHF42,104,Pelham - Throgs Neck,Winter 2022-23,2022-12-01,6.522234553,2022,12,4,Air Quality Indicator
874328,365,Fine particles (PM 2.5),Mean,mcg/m3,UHF42,204,East New York,Winter 2022-23,2022-12-01,6.284280262,2022,12,4,Air Quality Indicator
874504,365,Fine particles (PM 2.5),Mean,mcg/m3,CD,109,Morningside Heights and Hamilton Heights (CD9),Winter 2022-23,2022-12-01,6.607284157,2022,12,4,Air Quality Indicator
877210,375,Nitrogen dioxide (NO2),Mean,ppb,CD,316,Brownsville (CD16),Winter 2022-23,2022-12-01,23.41915303,2022,12,4,Air Quality Indicator
874570,365,Fine particles (PM 2.5),Mean,mcg/m3,UHF34,403,Flushing - Clearview,Winter 2022-23,2022-12-01,6.234041209,2022,12,4,Air Quality Indicator
874874,365,Fine particles (PM 2.5),Mean,mcg/m3,CD,208,Riverdale and Fieldston (CD8),Winter 2022-23,2022-12-01,6.575514685,2022,12,4,Air Quality Indicator
874487,365,Fine particles (PM 2.5),Mean,mcg/m3,UHF42,302,Central Harlem - Morningside Heights,Winter 2022-23,2022-12-01,6.608280997,2022,12,4,Air Quality Indicator
874835,365,Fine particles (PM 2.5),Mean,mcg/m3,CD,405,Ridgewood and Maspeth (CD5),Winter 2022-23,2022-12-01,6.469220692,2022,12,4,Air Quality Indicator
874531,365,Fine particles (PM 2.5),Mean,mcg/m3,Citywide,1,New York City,Winter 2022-23,2022-12-01,6.149905318,2022,12,4,Air Quality Indicator
877243,375,Nitrogen dioxide (NO2),Mean,ppb,CD,409,Kew Gardens and Woodhaven (CD9),Winter 2022-23,2022-12-01,21.48155697,2022,12,4,Air Quality Indicator
877000,375,Nitrogen dioxide (NO2),Mean,ppb,UHF34,201,Greenpoint,Winter 2022-23,2022-12-01,23.78126415,2022,12,4,Air Quality Indicator
874394,365,Fine particles (PM 2.5),Mean,mcg/m3,UHF34,205,Sunset Park,Winter 2022-23,2022-12-01,6.619944446,2022,12,4,Air Quality Indicator
874340,365,Fine particles (PM 2.5),Mean,mcg/m3,UHF42,107,Hunts Point - Mott Haven,Winter 2022-23,2022-12-01,6.746809888,2022,12,4,Air Quality Indicator
874391,365,Fine particles (PM 2.5),Mean,mcg/m3,UHF34,206,Borough Park,Winter 2022-23,2022-12-01,6.105061444,2022,12,4,Air Quality Indicator
877153,375,Nitrogen dioxide (NO2),Mean,ppb,CD,209,Parkchester and Soundview (CD9),Winter 2022-23,2022-12-01,20.96169918,2022,12,4,Air Quality Indicator
876955,375,Nitrogen dioxide (NO2),Mean,ppb,UHF42,404,Bayside - Little Neck,Winter 2022-23,2022-12-01,17.44185147,2022,12,4,Air Quality Indicator
877162,375,Nitrogen dioxide (NO2),Mean,ppb,CD,212,Williamsbridge and Baychester (CD12),Winter 2022-23,2022-12-01,17.32271887,2022,12,4,Air Quality Indicator
874597,365,Fine particles (PM 2.5),Mean,mcg/m3,CD,203,Morrisania and Crotona (CD3),Winter 2022-23,2022-12-01,6.75854421,2022,12,4,Air Quality Indicator
876967,375,Nitrogen dioxide (NO2),Mean,ppb,UHF42,408,Jamaica,Winter 2022-23,2022-12-01,19.68614922,2022,12,4,Air Quality Indicator
874421,365,Fine particles (PM 2.5),Mean,mcg/m3,UHF42,504,South Beach - Tottenville,Winter 2022-23,2022-12-01,5.33923052,2022,12,4,Air Quality Indicator
874576,365,Fine particles (PM 2.5),Mean,mcg/m3,UHF34,401,Long Island City - Astoria,Winter 2022-23,2022-12-01,6.882464971,2022,12,4,Air Quality Indicator
876928,375,Nitrogen dioxide (NO2),Mean,ppb,UHF42,305,Upper East Side,Winter 2022-23,2022-12-01,22.32175756,2022,12,4,Air Quality Indicator
874334,365,Fine particles (PM 2.5),Mean,mcg/m3,UHF42,202,Downtown - Heights - Slope,Winter 2022-23,2022-12-01,6.801170004,2022,12,4,Air Quality Indicator
874433,365,Fine particles (PM 2.5),Mean,mcg/m3,UHF42,410,Rockaways,Winter 2022-23,2022-12-01,5.26452039,2022,12,4,Air Quality Indicator
877150,375,Nitrogen dioxide (NO2),Mean,ppb,CD,208,Riverdale and Fieldston (CD8),Winter 2022-23,2022-12-01,17.86500286,2022,12,4,Air Quality Indicator
877117,375,Nitrogen dioxide (NO2),Mean,ppb,CD,109,Morningside Heights and Hamilton Heights (CD9),Winter 2022-23,2022-12-01,19.98202778,2022,12,4,Air Quality Indicator
876868,375,Nitrogen dioxide (NO2),Mean,ppb,UHF42,103,Fordham - Bronx Pk,Winter 2022-23,2022-12-01,18.99476736,2022,12,4,Air Quality Indicator
877225,375,Nitrogen dioxide (NO2),Mean,ppb,CD,403,Jackson Heights (CD3),Winter 2022-23,2022-12-01,20.85918499,2022,12,4,Air Quality Indicator
877108,375,Nitrogen dioxide (NO2),Mean,ppb,CD,106,Stuyvesant Town and Turtle Bay (CD6),Winter 2022-23,2022-12-01,24.56547385,2022,12,4,Air Quality Indicator
876853,375,Nitrogen dioxide (NO2),Mean,ppb,Borough,3,Manhattan,Winter 2022-23,2022-12-01,22.57471752,2022,12,4,Air Quality Indicator
877024,375,Nitrogen dioxide (NO2),Mean,ppb,UHF34,209,Bensonhurst - Bay Ridge,Winter 2022-23,2022-12-01,21.59935664,2022,12,4,Air Quality Indicator
874910,365,Fine particles (PM 2.5),Mean,mcg/m3,CD,308,Crown Heights and Prospect Heights (CD8),Winter 2022-23,2022-12-01,6.582934349,2022,12,4,Air Quality Indicator
876880,375,Nitrogen dioxide (NO2),Mean,ppb,UHF42,107,Hunts Point - Mott Haven,Winter 2022-23,2022-12-01,21.80011208,2022,12,4,Air Quality Indicator
877120,375,Nitrogen dioxide (NO2),Mean,ppb,CD,110,Central Harlem (CD10),Winter 2022-23,2022-12-01,20.00988219,2022,12,4,Air Quality Indicator
876874,375,Nitrogen dioxide (NO2),Mean,ppb,UHF42,105,Crotona -Tremont,Winter 2022-23,2022-12-01,21.97406172,2022,12,4,Air Quality Indicator
876946,375,Nitrogen dioxide (NO2),Mean,ppb,UHF42,401,Long Island City - Astoria,Winter 2022-23,2022-12-01,22.30308226,2022,12,4,Air Quality Indicator
874513,365,Fine particles (PM 2.5),Mean,mcg/m3,CD,106,Stuyvesant Town and Turtle Bay (CD6),Winter 2022-23,2022-12-01,7.587894778,2022,12,4,Air Quality Indicator
874355,365,Fine particles (PM 2.5),Mean,mcg/m3,UHF42,102,Northeast Bronx,Winter 2022-23,2022-12-01,6.539495579,2022,12,4,Air Quality Indicator
874907,365,Fine particles (PM 2.5),Mean,mcg/m3,CD,307,Sunset Park (CD7),Winter 2022-23,2022-12-01,6.612257463,2022,12,4,Air Quality Indicator
874352,365,Fine particles (PM 2.5),Mean,mcg/m3,UHF42,103,Fordham - Bronx Pk,Winter 2022-23,2022-12-01,6.623421932,2022,12,4,Air Quality Indicator
877027,375,Nitrogen dioxide (NO2),Mean,ppb,UHF34,210,Coney Island - Sheepshead Bay,Winter 2022-23,2022-12-01,18.29529819,2022,12,4,Air Quality Indicator
874454,365,Fine particles (PM 2.5),Mean,mcg/m3,UHF42,403,Flushing - Clearview,Winter 2022-23,2022-12-01,6.233672408,2022,12,4,Air Quality Indicator
877030,375,Nitrogen dioxide (NO2),Mean,ppb,UHF34,211,Williamsburg - Bushwick,Winter 2022-23,2022-12-01,23.81074216,2022,12,4,Air Quality Indicator
877204,375,Nitrogen dioxide (NO2),Mean,ppb,CD,314,Flatbush and Midwood (CD14),Winter 2022-23,2022-12-01,21.9471403,2022,12,4,Air Quality Indicator
874418,365,Fine particles (PM 2.5),Mean,mcg/m3,UHF34,101,Kingsbridge - Riverdale,Winter 2022-23,2022-12-01,6.579128989,2022,12,4,Air Quality Indicator
877189,375,Nitrogen dioxide (NO2),Mean,ppb,CD,309,South Crown Heights and Lefferts Gardens (CD9),Winter 2022-23,2022-12-01,22.88346514,2022,12,4,Air Quality Indicator
874316,365,Fine particles (PM 2.5),Mean,mcg/m3,UHF42,208,Canarsie - Flatlands,Winter 2022-23,2022-12-01,5.843269135,2022,12,4,Air Quality Indicator
876985,375,Nitrogen dioxide (NO2),Mean,ppb,UHF42,504,South Beach - Tottenville,Winter 2022-23,2022-12-01,15.74624114,2022,12,4,Air Quality Indicator
874546,365,Fine particles (PM 2.5),Mean,mcg/m3,UHF34,309310,Union Square-Lower Manhattan,Winter 2022-23,2022-12-01,7.497413053,2022,12,4,Air Quality Indicator
877075,375,Nitrogen dioxide (NO2),Mean,ppb,UHF34,309310,Union Square-Lower Manhattan,Winter 2022-23,2022-12-01,22.94060062,2022,12,4,Air Quality Indicator
874540,365,Fine particles (PM 2.5),Mean,mcg/m3,UHF34,501502,Northern SI,Winter 2022-23,2022-12-01,5.74043349,2022,12,4,Air Quality Indicator
877099,375,Nitrogen dioxide (NO2),Mean,ppb,CD,103,Lower East Side and Chinatown (CD3),Winter 2022-23,2022-12-01,22.22868655,2022,12,4,Air Quality Indicator
874814,365,Fine particles (PM 2.5),Mean,mcg/m3,CD,316,Brownsville (CD16),Winter 2022-23,2022-12-01,6.300029532,2022,12,4,Air Quality Indicator
876919,375,Nitrogen dioxide (NO2),Mean,ppb,UHF42,302,Central Harlem - Morningside Heights,Winter 2022-23,2022-12-01,20.01117466,2022,12,4,Air Quality Indicator
877231,375,Nitrogen dioxide (NO2),Mean,ppb,CD,405,Ridgewood and Maspeth (CD5),Winter 2022-23,2022-12-01,22.81228691,2022,12,4,Air Quality Indicator
874475,365,Fine particles (PM 2.5),Mean,mcg/m3,UHF42,306,Chelsea - Clinton,Winter 2022-23,2022-12-01,8.367823453,2022,12,4,Air Quality Indicator
874880,365,Fine particles (PM 2.5),Mean,mcg/m3,CD,210,Throgs Neck and Co-op City (CD10),Winter 2022-23,2022-12-01,6.411859199,2022,12,4,Air Quality Indicator
877141,375,Nitrogen dioxide (NO2),Mean,ppb,CD,205,Fordham and University Heights (CD5),Winter 2022-23,2022-12-01,21.78102218,2022,12,4,Air Quality Indicator
874370,365,Fine particles (PM 2.5),Mean,mcg/m3,Borough,2,Brooklyn,Winter 2022-23,2022-12-01,6.261810134,2022,12,4,Air Quality Indicator
876991,375,Nitrogen dioxide (NO2),Mean,ppb,UHF34,102,Northeast Bronx,Winter 2022-23,2022-12-01,17.57637342,2022,12,4,Air Quality Indicator
874823,365,Fine particles (PM 2.5),Mean,mcg/m3,CD,401,Long Island City and Astoria (CD1),Winter 2022-23,2022-12-01,6.623326406,2022,12,4,Air Quality Indicator
874490,365,Fine particles (PM 2.5),Mean,mcg/m3,UHF42,301,Washington Heights,Winter 2022-23,2022-12-01,6.701271742,2022,12,4,Air Quality Indicator
874808,365,Fine particles (PM 2.5),Mean,mcg/m3,CD,314,Flatbush and Midwood (CD14),Winter 2022-23,2022-12-01,6.073648929,2022,12,4,Air Quality Indicator
874460,365,Fine particles (PM 2.5),Mean,mcg/m3,UHF42,401,Long Island City - Astoria,Winter 2022-23,2022-12-01,6.882464971,2022,12,4,Air Quality Indicator
877015,375,Nitrogen dioxide (NO2),Mean,ppb,UHF34,206,Borough Park,Winter 2022-23,2022-12-01,22.318317,2022,12,4,Air Quality Indicator
874331,365,Fine particles (PM 2.5),Mean,mcg/m3,UHF42,203,Bedford Stuyvesant - Crown Heights,Winter 2022-23,2022-12-01,6.433502307,2022,12,4,Air Quality Indicator
874826,365,Fine particles (PM 2.5),Mean,mcg/m3,CD,402,Woodside and Sunnyside (CD2),Winter 2022-23,2022-12-01,6.954335142,2022,12,4,Air Quality Indicator
874802,365,Fine particles (PM 2.5),Mean,mcg/m3,CD,312,Borough Park (CD12),Winter 2022-23,2022-12-01,6.153150783,2022,12,4,Air Quality Indicator
877171,375,Nitrogen dioxide (NO2),Mean,ppb,CD,303,Bedford Stuyvesant (CD3),Winter 2022-23,2022-12-01,23.28364437,2022,12,4,Air Quality Indicator
876994,375,Nitrogen dioxide (NO2),Mean,ppb,UHF34,103,Fordham - Bronx Pk,Winter 2022-23,2022-12-01,18.99476736,2022,12,4,Air Quality Indicator
874883,365,Fine particles (PM 2.5),Mean,mcg/m3,CD,211,Morris Park and Bronxdale (CD11),Winter 2022-23,2022-12-01,6.580872292,2022,12,4,Air Quality Indicator
874427,365,Fine particles (PM 2.5),Mean,mcg/m3,UHF42,502,Stapleton - St. George,Winter 2022-23,2022-12-01,5.669842283,2022,12,4,Air Quality Indicator
874307,365,Fine particles (PM 2.5),Mean,mcg/m3,UHF42,211,Williamsburg - Bushwick,Winter 2022-23,2022-12-01,6.918133058,2022,12,4,Air Quality Indicator
876943,375,Nitrogen dioxide (NO2),Mean,ppb,UHF42,310,Lower Manhattan,Winter 2022-23,2022-12-01,24.03065331,2022,12,4,Air Quality Indicator
876850,375,Nitrogen dioxide (NO2),Mean,ppb,Borough,2,Brooklyn,Winter 2022-23,2022-12-01,21.93219192,2022,12,4,Air Quality Indicator
874319,365,Fine particles (PM 2.5),Mean,mcg/m3,UHF42,207,East Flatbush - Flatbush,Winter 2022-23,2022-12-01,6.12954308,2022,12,4,Air Quality Indicator
876913,375,Nitrogen dioxide (NO2),Mean,ppb,UHF42,211,Williamsburg - Bushwick,Winter 2022-23,2022-12-01,23.81074216,2022,12,4,Air Quality Indicator
876886,375,Nitrogen dioxide (NO2),Mean,ppb,UHF42,202,Downtown - Heights - Slope,Winter 2022-23,2022-12-01,23.55155679,2022,12,4,Air Quality Indicator
874412,365,Fine particles (PM 2.5),Mean,mcg/m3,UHF34,103,Fordham - Bronx Pk,Winter 2022-23,2022-12-01,6.623421932,2022,12,4,Air Quality Indicator
876973,375,Nitrogen dioxide (NO2),Mean,ppb,UHF42,410,Rockaways,Winter 2022-23,2022-12-01,11.90192295,2022,12,4,Air Quality Indicator
874603,365,Fine particles (PM 2.5),Mean,mcg/m3,CD,205,Fordham and University Heights (CD5),Winter 2022-23,2022-12-01,6.595338571,2022,12,4,Air Quality Indicator
876895,375,Nitrogen dioxide (NO2),Mean,ppb,UHF42,205,Sunset Park,Winter 2022-23,2022-12-01,24.34243033,2022,12,4,Air Quality Indicator
876976,375,Nitrogen dioxide (NO2),Mean,ppb,UHF42,501,Port Richmond,Winter 2022-23,2022-12-01,20.23958141,2022,12,4,Air Quality Indicator
874886,365,Fine particles (PM 2.5),Mean,mcg/m3,CD,212,Williamsbridge and Baychester (CD12),Winter 2022-23,2022-12-01,6.562698425,2022,12,4,Air Quality Indicator
874364,365,Fine particles (PM 2.5),Mean,mcg/m3,Borough,4,Queens,Winter 2022-23,2022-12-01,6.054823924,2022,12,4,Air Quality Indicator
874871,365,Fine particles (PM 2.5),Mean,mcg/m3,CD,503,Tottenville and Great Kills (CD3),Winter 2022-23,2022-12-01,5.317825216,2022,12,4,Air Quality Indicator
877096,375,Nitrogen dioxide (NO2),Mean,ppb,CD,102,Greenwich Village and Soho (CD2),Winter 2022-23,2022-12-01,24.08885835,2022,12,4,Air Quality Indicator
874445,365,Fine particles (PM 2.5),Mean,mcg/m3,UHF42,406,Fresh Meadows,Winter 2022-23,2022-12-01,5.874276315,2022,12,4,Air Quality Indicator
874325,365,Fine particles (PM 2.5),Mean,mcg/m3,UHF42,205,Sunset Park,Winter 2022-23,2022-12-01,6.619823381,2022,12,4,Air Quality Indicator
876865,375,Nitrogen dioxide (NO2),Mean,ppb,UHF42,102,Northeast Bronx,Winter 2022-23,2022-12-01,17.57629674,2022,12,4,Air Quality Indicator
876877,375,Nitrogen dioxide (NO2),Mean,ppb,UHF42,106,High Bridge - Morrisania,Winter 2022-23,2022-12-01,21.5282083,2022,12,4,Air Quality Indicator
876988,375,Nitrogen dioxide (NO2),Mean,ppb,UHF34,101,Kingsbridge - Riverdale,Winter 2022-23,2022-12-01,17.89722521,2022,12,4,Air Quality Indicator
877081,375,Nitrogen dioxide (NO2),Mean,ppb,UHF34,501502,Northern SI,Winter 2022-23,2022-12-01,19.77732414,2022,12,4,Air Quality Indicator
876889,375,Nitrogen dioxide (NO2),Mean,ppb,UHF42,203,Bedford Stuyvesant - Crown Heights,Winter 2022-23,2022-12-01,23.31389388,2022,12,4,Air Quality Indicator
874853,365,Fine particles (PM 2.5),Mean,mcg/m3,CD,411,Bayside and Little Neck (CD11),Winter 2022-23,2022-12-01,5.872252834,2022,12,4,Air Quality Indicator
874367,365,Fine particles (PM 2.5),Mean,mcg/m3,Borough,3,Manhattan,Winter 2022-23,2022-12-01,7.197011273,2022,12,4,Air Quality Indicator
874889,365,Fine particles (PM 2.5),Mean,mcg/m3,CD,301,Greenpoint and Williamsburg (CD1),Winter 2022-23,2022-12-01,7.030832139,2022,12,4,Air Quality Indicator
874424,365,Fine particles (PM 2.5),Mean,mcg/m3,UHF42,503,Willowbrook,Winter 2022-23,2022-12-01,5.592895831,2022,12,4,Air Quality Indicator
877126,375,Nitrogen dioxide (NO2),Mean,ppb,CD,112,Washington Heights and Inwood (CD12),Winter 2022-23,2022-12-01,21.17686715,2022,12,4,Air Quality Indicator
876904,375,Nitrogen dioxide (NO2),Mean,ppb,UHF42,208,Canarsie - Flatlands,Winter 2022-23,2022-12-01,19.46437805,2022,12,4,Air Quality Indicator
874525,365,Fine particles (PM 2.5),Mean,mcg/m3,CD,102,Greenwich Village and Soho (CD2),Winter 2022-23,2022-12-01,8.420231916,2022,12,4,Air Quality Indicator
874582,365,Fine particles (PM 2.5),Mean,mcg/m3,UHF34,303,East Harlem,Winter 2022-23,2022-12-01,6.519113142,2022,12,4,Air Quality Indicator
874469,365,Fine particles (PM 2.5),Mean,mcg/m3,UHF42,308,Greenwich Village - SoHo,Winter 2022-23,2022-12-01,8.105953974,2022,12,4,Air Quality Indicator
874510,365,Fine particles (PM 2.5),Mean,mcg/m3,CD,107,Upper West Side (CD7),Winter 2022-23,2022-12-01,6.424081772,2022,12,4,Air Quality Indicator
876949,375,Nitrogen dioxide (NO2),Mean,ppb,UHF42,402,West Queens,Winter 2022-23,2022-12-01,22.48203662,2022,12,4,Air Quality Indicator
876979,375,Nitrogen dioxide (NO2),Mean,ppb,UHF42,502,Stapleton - St. George,Winter 2022-23,2022-12-01,19.53058121,2022,12,4,Air Quality Indicator
876931,375,Nitrogen dioxide (NO2),Mean,ppb,UHF42,306,Chelsea - Clinton,Winter 2022-23,2022-12-01,25.83280383,2022,12,4,Air Quality Indicator
874850,365,Fine particles (PM 2.5),Mean,mcg/m3,CD,410,South Ozone Park and Howard Beach (CD10),Winter 2022-23,2022-12-01,5.799884039,2022,12,4,Air Quality Indicator
874829,365,Fine particles (PM 2.5),Mean,mcg/m3,CD,403,Jackson Heights (CD3),Winter 2022-23,2022-12-01,6.448196004,2022,12,4,Air Quality Indicator
877039,375,Nitrogen dioxide (NO2),Mean,ppb,UHF34,303,East Harlem,Winter 2022-23,2022-12-01,20.16780596,2022,12,4,Air Quality Indicator
874522,365,Fine particles (PM 2.5),Mean,mcg/m3,CD,103,Lower East Side and Chinatown (CD3),Winter 2022-23,2022-12-01,7.36189413,2022,12,4,Air Quality Indicator
877054,375,Nitrogen dioxide (NO2),Mean,ppb,UHF34,405,Ridgewood - Forest Hills,Winter 2022-23,2022-12-01,21.96049467,2022,12,4,Air Quality Indicator
874564,365,Fine particles (PM 2.5),Mean,mcg/m3,UHF34,407,Southwest Queens,Winter 2022-23,2022-12-01,5.955462164,2022,12,4,Air Quality Indicator
874588,365,Fine particles (PM 2.5),Mean,mcg/m3,UHF34,301,Washington Heights,Winter 2022-23,2022-12-01,6.701262995,2022,12,4,Air Quality Indicator
877156,375,Nitrogen dioxide (NO2),Mean,ppb,CD,210,Throgs Neck and Co-op City (CD10),Winter 2022-23,2022-12-01,18.77972767,2022,12,4,Air Quality Indicator
876910,375,Nitrogen dioxide (NO2),Mean,ppb,UHF42,210,Coney Island - Sheepshead Bay,Winter 2022-23,2022-12-01,18.29529819,2022,12,4,Air Quality Indicator
874805,365,Fine particles (PM 2.5),Mean,mcg/m3,CD,313,Coney Island (CD13),Winter 2022-23,2022-12-01,5.764514434,2022,12,4,Air Quality Indicator
877057,375,Nitrogen dioxide (NO2),Mean,ppb,UHF34,407,Southwest Queens,Winter 2022-23,2022-12-01,20.6505009,2022,12,4,Air Quality Indicator
874600,365,Fine particles (PM 2.5),Mean,mcg/m3,CD,204,Highbridge and Concourse (CD4),Winter 2022-23,2022-12-01,6.506105618,2022,12,4,Air Quality Indicator
874555,365,Fine particles (PM 2.5),Mean,mcg/m3,UHF34,410,Rockaways,Winter 2022-23,2022-12-01,5.26452039,2022,12,4,Air Quality Indicator
874463,365,Fine particles (PM 2.5),Mean,mcg/m3,UHF42,310,Lower Manhattan,Winter 2022-23,2022-12-01,7.293051822,2022,12,4,Air Quality Indicator
877249,375,Nitrogen dioxide (NO2),Mean,ppb,CD,411,Bayside and Little Neck (CD11),Winter 2022-23,2022-12-01,17.56051841,2022,12,4,Air Quality Indicator
876901,375,Nitrogen dioxide (NO2),Mean,ppb,UHF42,207,East Flatbush - Flatbush,Winter 2022-23,2022-12-01,22.36837297,2022,12,4,Air Quality Indicator
877246,375,Nitrogen dioxide (NO2),Mean,ppb,CD,410,South Ozone Park and Howard Beach (CD10),Winter 2022-23,2022-12-01,20.12028627,2022,12,4,Air Quality Indicator
874591,365,Fine particles (PM 2.5),Mean,mcg/m3,CD,201,Mott Haven and Melrose (CD1),Winter 2022-23,2022-12-01,6.626513845,2022,12,4,Air Quality Indicator
874400,365,Fine particles (PM 2.5),Mean,mcg/m3,UHF34,203,Bedford Stuyvesant - Crown Heights,Winter 2022-23,2022-12-01,6.433502307,2022,12,4,Air Quality Indicator
876916,375,Nitrogen dioxide (NO2),Mean,ppb,UHF42,301,Washington Heights,Winter 2022-23,2022-12-01,20.95317432,2022,12,4,Air Quality Indicator
876898,375,Nitrogen dioxide (NO2),Mean,ppb,UHF42,206,Borough Park,Winter 2022-23,2022-12-01,22.318317,2022,12,4,Air Quality Indicator
874567,365,Fine particles (PM 2.5),Mean,mcg/m3,UHF34,405,Ridgewood - Forest Hills,Winter 2022-23,2022-12-01,6.26223548,2022,12,4,Air Quality Indicator
874913,365,Fine particles (PM 2.5),Mean,mcg/m3,CD,309,South Crown Heights and Lefferts Gardens (CD9),Winter 2022-23,2022-12-01,6.215109393,2022,12,4,Air Quality Indicator
877180,375,Nitrogen dioxide (NO2),Mean,ppb,CD,306,Park Slope and Carroll Gardens (CD6),Winter 2022-23,2022-12-01,23.39786453,2022,12,4,Air Quality Indicator
877036,375,Nitrogen dioxide (NO2),Mean,ppb,UHF34,302,Central Harlem - Morningside Heights,Winter 2022-23,2022-12-01,20.0111503,2022,12,4,Air Quality Indicator
874361,365,Fine particles (PM 2.5),Mean,mcg/m3,Borough,5,Staten Island,Winter 2022-23,2022-12-01,5.524703991,2022,12,4,Air Quality Indicator
874337,365,Fine particles (PM 2.5),Mean,mcg/m3,UHF42,201,Greenpoint,Winter 2022-23,2022-12-01,6.968784799,2022,12,4,Air Quality Indicator
874537,365,Fine particles (PM 2.5),Mean,mcg/m3,UHF34,503504,Southern SI,Winter 2022-23,2022-12-01,5.433213492,2022,12,4,Air Quality Indicator
874313,365,Fine particles (PM 2.5),Mean,mcg/m3,UHF42,209,Bensonhurst - Bay Ridge,Winter 2022-23,2022-12-01,5.95217197,2022,12,4,Air Quality Indicator
874838,365,Fine particles (PM 2.5),Mean,mcg/m3,CD,406,Rego Park and Forest Hills (CD6),Winter 2022-23,2022-12-01,6.099401253,2022,12,4,Air Quality Indicator
874507,365,Fine particles (PM 2.5),Mean,mcg/m3,CD,108,Upper East Side (CD8),Winter 2022-23,2022-12-01,6.674952441,2022,12,4,Air Quality Indicator
874817,365,Fine particles (PM 2.5),Mean,mcg/m3,CD,317,East Flatbush (CD17),Winter 2022-23,2022-12-01,6.175888576,2022,12,4,Air Quality Indicator
874373,365,Fine particles (PM 2.5),Mean,mcg/m3,Borough,1,Bronx,Winter 2022-23,2022-12-01,6.587404142,2022,12,4,Air Quality Indicator
874472,365,Fine particles (PM 2.5),Mean,mcg/m3,UHF42,307,Gramercy Park - Murray Hill,Winter 2022-23,2022-12-01,7.942470191,2022,12,4,Air Quality Indicator
874498,365,Fine particles (PM 2.5),Mean,mcg/m3,CD,111,East Harlem (CD11),Winter 2022-23,2022-12-01,6.53678612,2022,12,4,Air Quality Indicator
877237,375,Nitrogen dioxide (NO2),Mean,ppb,CD,407,Flushing and Whitestone (CD7),Winter 2022-23,2022-12-01,19.06374469,2022,12,4,Air Quality Indicator
877078,375,Nitrogen dioxide (NO2),Mean,ppb,UHF34,404406,Bayside Little Neck-Fresh Meadows,Winter 2022-23,2022-12-01,18.15226975,2022,12,4,Air Quality Indicator
874606,365,Fine particles (PM 2.5),Mean,mcg/m3,CD,206,Belmont and East Tremont (CD6),Winter 2022-23,2022-12-01,6.763746124,2022,12,4,Air Quality Indicator
877252,375,Nitrogen dioxide (NO2),Mean,ppb,CD,412,Jamaica and Hollis (CD12),Winter 2022-23,2022-12-01,19.65709701,2022,12,4,Air Quality Indicator
876964,375,Nitrogen dioxide (NO2),Mean,ppb,UHF42,407,Southwest Queens,Winter 2022-23,2022-12-01,20.64938172,2022,12,4,Air Quality Indicator
825760,375,Nitrogen dioxide (NO2),Mean,ppb,UHF42,206,Borough Park,Summer 2022,2022-06-01,10.13740916,2022,6,2,Air Quality Indicator
826372,375,Nitrogen dioxide (NO2),Mean,ppb,CD,408,Hillcrest and Fresh Meadows (CD8),Summer 2022,2022-06-01,10.47257775,2022,6,2,Air Quality Indicator
826366,375,Nitrogen dioxide (NO2),Mean,ppb,CD,406,Rego Park and Forest Hills (CD6),Summer 2022,2022-06-01,11.03706471,2022,6,2,Air Quality Indicator
823394,365,Fine particles (PM 2.5),Mean,mcg/m3,UHF34,402,West Queens,Summer 2022,2022-06-01,6.947133295,2022,6,2,Air Quality Indicator
823451,365,Fine particles (PM 2.5),Mean,mcg/m3,UHF34,102,Northeast Bronx,Summer 2022,2022-06-01,7.076424758,2022,6,2,Air Quality Indicator
827141,386,Ozone (O3),Mean,ppb,UHF42,103,Fordham - Bronx Pk,Summer 2022,2022-06-01,31.666184,2022,6,2,Air Quality Indicator
827139,386,Ozone (O3),Mean,ppb,UHF42,105,Crotona -Tremont,Summer 2022,2022-06-01,31.38884935,2022,6,2,Air Quality Indicator
827111,386,Ozone (O3),Mean,ppb,UHF42,405,Ridgewood - Forest Hills,Summer 2022,2022-06-01,34.18062626,2022,6,2,Air Quality Indicator
827123,386,Ozone (O3),Mean,ppb,UHF42,303,East Harlem,Summer 2022,2022-06-01,31.62649667,2022,6,2,Air Quality Indicator
827121,386,Ozone (O3),Mean,ppb,UHF42,305,Upper East Side,Summer 2022,2022-06-01,30.75813335,2022,6,2,Air Quality Indicator
827134,386,Ozone (O3),Mean,ppb,UHF42,203,Bedford Stuyvesant - Crown Heights,Summer 2022,2022-06-01,33.71192434,2022,6,2,Air Quality Indicator
825985,375,Nitrogen dioxide (NO2),Mean,ppb,UHF42,502,Stapleton - St. George,Summer 2022,2022-06-01,8.706739022,2022,6,2,Air Quality Indicator
823364,365,Fine particles (PM 2.5),Mean,mcg/m3,UHF34,404406,Bayside Little Neck-Fresh Meadows,Summer 2022,2022-06-01,6.339157976,2022,6,2,Air Quality Indicator
827127,386,Ozone (O3),Mean,ppb,UHF42,210,Coney Island - Sheepshead Bay,Summer 2022,2022-06-01,37.07216274,2022,6,2,Air Quality Indicator
823379,365,Fine particles (PM 2.5),Mean,mcg/m3,UHF34,409,Southeast Queens,Summer 2022,2022-06-01,6.112348152,2022,6,2,Air Quality Indicator
823298,365,Fine particles (PM 2.5),Mean,mcg/m3,UHF42,203,Bedford Stuyvesant - Crown Heights,Summer 2022,2022-06-01,6.499405841,2022,6,2,Air Quality Indicator
825769,375,Nitrogen dioxide (NO2),Mean,ppb,UHF42,203,Bedford Stuyvesant - Crown Heights,Summer 2022,2022-06-01,11.43810998,2022,6,2,Air Quality Indicator
826342,375,Nitrogen dioxide (NO2),Mean,ppb,CD,316,Brownsville (CD16),Summer 2022,2022-06-01,11.23771298,2022,6,2,Air Quality Indicator
827132,386,Ozone (O3),Mean,ppb,UHF42,205,Sunset Park,Summer 2022,2022-06-01,33.65593185,2022,6,2,Air Quality Indicator
827107,386,Ozone (O3),Mean,ppb,UHF42,409,Southeast Queens,Summer 2022,2022-06-01,34.67389389,2022,6,2,Air Quality Indicator
826052,375,Nitrogen dioxide (NO2),Mean,ppb,CD,307,Sunset Park (CD7),Summer 2022,2022-06-01,12.56698164,2022,6,2,Air Quality Indicator
825816,375,Nitrogen dioxide (NO2),Mean,ppb,CD,112,Washington Heights and Inwood (CD12),Summer 2022,2022-06-01,13.58267707,2022,6,2,Air Quality Indicator
826070,375,Nitrogen dioxide (NO2),Mean,ppb,CD,412,Jamaica and Hollis (CD12),Summer 2022,2022-06-01,10.32510885,2022,6,2,Air Quality Indicator
826378,375,Nitrogen dioxide (NO2),Mean,ppb,CD,410,South Ozone Park and Howard Beach (CD10),Summer 2022,2022-06-01,9.169227581,2022,6,2,Air Quality Indicator
823176,365,Fine particles (PM 2.5),Mean,mcg/m3,CD,208,Riverdale and Fieldston (CD8),Summer 2022,2022-06-01,7.140612287,2022,6,2,Air Quality Indicator
826007,375,Nitrogen dioxide (NO2),Mean,ppb,CD,204,Highbridge and Concourse (CD4),Summer 2022,2022-06-01,13.73915166,2022,6,2,Air Quality Indicator
826031,375,Nitrogen dioxide (NO2),Mean,ppb,CD,212,Williamsbridge and Baychester (CD12),Summer 2022,2022-06-01,11.40745568,2022,6,2,Air Quality Indicator
825988,375,Nitrogen dioxide (NO2),Mean,ppb,UHF42,501,Port Richmond,Summer 2022,2022-06-01,9.403636349,2022,6,2,Air Quality Indicator
827135,386,Ozone (O3),Mean,ppb,UHF42,202,Downtown - Heights - Slope,Summer 2022,2022-06-01,32.29772352,2022,6,2,Air Quality Indicator
827120,386,Ozone (O3),Mean,ppb,UHF42,306,Chelsea - Clinton,Summer 2022,2022-06-01,28.824582,2022,6,2,Air Quality Indicator
823549,365,Fine particles (PM 2.5),Mean,mcg/m3,CD,408,Hillcrest and Fresh Meadows (CD8),Summer 2022,2022-06-01,6.273727196,2022,6,2,Air Quality Indicator
826046,375,Nitrogen dioxide (NO2),Mean,ppb,CD,305,East New York and Starrett City (CD5),Summer 2022,2022-06-01,10.71678241,2022,6,2,Air Quality Indicator
827122,386,Ozone (O3),Mean,ppb,UHF42,304,Upper West Side,Summer 2022,2022-06-01,29.86938464,2022,6,2,Air Quality Indicator
827002,386,Ozone (O3),Mean,ppb,CD,405,Ridgewood and Maspeth (CD5),Summer 2022,2022-06-01,34.02865764,2022,6,2,Air Quality Indicator
827044,386,Ozone (O3),Mean,ppb,CD,105,Midtown (CD5),Summer 2022,2022-06-01,27.72553855,2022,6,2,Air Quality Indicator
827126,386,Ozone (O3),Mean,ppb,UHF42,211,Williamsburg - Bushwick,Summer 2022,2022-06-01,33.17297803,2022,6,2,Air Quality Indicator
827017,386,Ozone (O3),Mean,ppb,CD,308,Crown Heights and Prospect Heights (CD8),Summer 2022,2022-06-01,33.36083066,2022,6,2,Air Quality Indicator
825727,375,Nitrogen dioxide (NO2),Mean,ppb,UHF42,306,Chelsea - Clinton,Summer 2022,2022-06-01,19.50581497,2022,6,2,Air Quality Indicator
823382,365,Fine particles (PM 2.5),Mean,mcg/m3,UHF34,408,Jamaica,Summer 2022,2022-06-01,6.298834348,2022,6,2,Air Quality Indicator
823355,365,Fine particles (PM 2.5),Mean,mcg/m3,UHF34,105106107,South Bronx,Summer 2022,2022-06-01,7.172127638,2022,6,2,Air Quality Indicator
827031,386,Ozone (O3),Mean,ppb,CD,206,Belmont and East Tremont (CD6),Summer 2022,2022-06-01,31.87381866,2022,6,2,Air Quality Indicator
827019,386,Ozone (O3),Mean,ppb,CD,306,Park Slope and Carroll Gardens (CD6),Summer 2022,2022-06-01,32.89096201,2022,6,2,Air Quality Indicator
827029,386,Ozone (O3),Mean,ppb,CD,208,Riverdale and Fieldston (CD8),Summer 2022,2022-06-01,30.15494095,2022,6,2,Air Quality Indicator
823277,365,Fine particles (PM 2.5),Mean,mcg/m3,UHF42,210,Coney Island - Sheepshead Bay,Summer 2022,2022-06-01,5.821626343,2022,6,2,Air Quality Indicator
825837,375,Nitrogen dioxide (NO2),Mean,ppb,CD,105,Midtown (CD5),Summer 2022,2022-06-01,22.45229124,2022,6,2,Air Quality Indicator
827045,386,Ozone (O3),Mean,ppb,CD,104,Clinton and Chelsea (CD4),Summer 2022,2022-06-01,29.53574853,2022,6,2,Air Quality Indicator
823477,365,Fine particles (PM 2.5),Mean,mcg/m3,CD,302,Fort Greene and Brooklyn Heights (CD2),Summer 2022,2022-06-01,6.95120567,2022,6,2,Air Quality Indicator
827043,386,Ozone (O3),Mean,ppb,CD,106,Stuyvesant Town and Turtle Bay (CD6),Summer 2022,2022-06-01,29.67289705,2022,6,2,Air Quality Indicator
826043,375,Nitrogen dioxide (NO2),Mean,ppb,CD,304,Bushwick (CD4),Summer 2022,2022-06-01,11.80435772,2022,6,2,Air Quality Indicator
825778,375,Nitrogen dioxide (NO2),Mean,ppb,UHF42,107,Hunts Point - Mott Haven,Summer 2022,2022-06-01,13.42292044,2022,6,2,Air Quality Indicator
823480,365,Fine particles (PM 2.5),Mean,mcg/m3,CD,303,Bedford Stuyvesant (CD3),Summer 2022,2022-06-01,6.686912047,2022,6,2,Air Quality Indicator
826049,375,Nitrogen dioxide (NO2),Mean,ppb,CD,306,Park Slope and Carroll Gardens (CD6),Summer 2022,2022-06-01,12.67320071,2022,6,2,Air Quality Indicator
826019,375,Nitrogen dioxide (NO2),Mean,ppb,CD,208,Riverdale and Fieldston (CD8),Summer 2022,2022-06-01,10.58078526,2022,6,2,Air Quality Indicator
826010,375,Nitrogen dioxide (NO2),Mean,ppb,CD,205,Fordham and University Heights (CD5),Summer 2022,2022-06-01,13.68191263,2022,6,2,Air Quality Indicator
826363,375,Nitrogen dioxide (NO2),Mean,ppb,CD,405,Ridgewood and Maspeth (CD5),Summer 2022,2022-06-01,11.22934356,2022,6,2,Air Quality Indicator
825784,375,Nitrogen dioxide (NO2),Mean,ppb,UHF42,105,Crotona -Tremont,Summer 2022,2022-06-01,13.62824594,2022,6,2,Air Quality Indicator
827075,386,Ozone (O3),Mean,ppb,UHF34,205,Sunset Park,Summer 2022,2022-06-01,33.65590228,2022,6,2,Air Quality Indicator
823576,365,Fine particles (PM 2.5),Mean,mcg/m3,CD,503,Tottenville and Great Kills (CD3),Summer 2022,2022-06-01,5.627610011,2022,6,2,Air Quality Indicator
823504,365,Fine particles (PM 2.5),Mean,mcg/m3,CD,311,Bensonhurst (CD11),Summer 2022,2022-06-01,5.978383021,2022,6,2,Air Quality Indicator
823358,365,Fine particles (PM 2.5),Mean,mcg/m3,UHF34,503504,Southern SI,Summer 2022,2022-06-01,5.74898125,2022,6,2,Air Quality Indicator
823507,365,Fine particles (PM 2.5),Mean,mcg/m3,CD,312,Borough Park (CD12),Summer 2022,2022-06-01,6.204044635,2022,6,2,Air Quality Indicator
823232,365,Fine particles (PM 2.5),Mean,mcg/m3,UHF42,404,Bayside - Little Neck,Summer 2022,2022-06-01,6.370590039,2022,6,2,Air Quality Indicator
823214,365,Fine particles (PM 2.5),Mean,mcg/m3,CD,104,Clinton and Chelsea (CD4),Summer 2022,2022-06-01,8.03547456,2022,6,2,Air Quality Indicator
827041,386,Ozone (O3),Mean,ppb,CD,108,Upper East Side (CD8),Summer 2022,2022-06-01,30.72903446,2022,6,2,Air Quality Indicator
825748,375,Nitrogen dioxide (NO2),Mean,ppb,UHF42,210,Coney Island - Sheepshead Bay,Summer 2022,2022-06-01,8.463694088,2022,6,2,Air Quality Indicator
827146,386,Ozone (O3),Mean,ppb,Borough,3,Manhattan,Summer 2022,2022-06-01,30.17543692,2022,6,2,Air Quality Indicator
823199,365,Fine particles (PM 2.5),Mean,mcg/m3,CD,109,Morningside Heights and Hamilton Heights (CD9),Summer 2022,2022-06-01,7.149468936,2022,6,2,Air Quality Indicator
825709,375,Nitrogen dioxide (NO2),Mean,ppb,UHF42,402,West Queens,Summer 2022,2022-06-01,12.76958802,2022,6,2,Air Quality Indicator
827119,386,Ozone (O3),Mean,ppb,UHF42,307,Gramercy Park - Murray Hill,Summer 2022,2022-06-01,28.88368865,2022,6,2,Air Quality Indicator
827109,386,Ozone (O3),Mean,ppb,UHF42,407,Southwest Queens,Summer 2022,2022-06-01,35.15616093,2022,6,2,Air Quality Indicator
823537,365,Fine particles (PM 2.5),Mean,mcg/m3,CD,404,Elmhurst and Corona (CD4),Summer 2022,2022-06-01,6.80202856,2022,6,2,Air Quality Indicator
823522,365,Fine particles (PM 2.5),Mean,mcg/m3,CD,317,East Flatbush (CD17),Summer 2022,2022-06-01,6.221374471,2022,6,2,Air Quality Indicator
823220,365,Fine particles (PM 2.5),Mean,mcg/m3,UHF42,408,Jamaica,Summer 2022,2022-06-01,6.298728089,2022,6,2,Air Quality Indicator
823337,365,Fine particles (PM 2.5),Mean,mcg/m3,Borough,2,Brooklyn,Summer 2022,2022-06-01,6.342688241,2022,6,2,Air Quality Indicator
826016,375,Nitrogen dioxide (NO2),Mean,ppb,CD,207,Kingsbridge Heights and Bedford (CD7),Summer 2022,2022-06-01,12.05364835,2022,6,2,Air Quality Indicator
825831,375,Nitrogen dioxide (NO2),Mean,ppb,CD,107,Upper West Side (CD7),Summer 2022,2022-06-01,14.66934852,2022,6,2,Air Quality Indicator
826381,375,Nitrogen dioxide (NO2),Mean,ppb,CD,411,Bayside and Little Neck (CD11),Summer 2022,2022-06-01,10.73361271,2022,6,2,Air Quality Indicator
823558,365,Fine particles (PM 2.5),Mean,mcg/m3,CD,411,Bayside and Little Neck (CD11),Summer 2022,2022-06-01,6.372066643,2022,6,2,Air Quality Indicator
823400,365,Fine particles (PM 2.5),Mean,mcg/m3,UHF34,304,Upper West Side,Summer 2022,2022-06-01,7.014751429,2022,6,2,Air Quality Indicator
823466,365,Fine particles (PM 2.5),Mean,mcg/m3,UHF42,501,Port Richmond,Summer 2022,2022-06-01,6.216324773,2022,6,2,Air Quality Indicator
823561,365,Fine particles (PM 2.5),Mean,mcg/m3,CD,412,Jamaica and Hollis (CD12),Summer 2022,2022-06-01,6.264015971,2022,6,2,Air Quality Indicator
826076,375,Nitrogen dioxide (NO2),Mean,ppb,CD,414,Rockaway and Broad Channel (CD14),Summer 2022,2022-06-01,6.941410811,2022,6,2,Air Quality Indicator
823190,365,Fine particles (PM 2.5),Mean,mcg/m3,CD,112,Washington Heights and Inwood (CD12),Summer 2022,2022-06-01,7.238636415,2022,6,2,Air Quality Indicator
826369,375,Nitrogen dioxide (NO2),Mean,ppb,CD,407,Flushing and Whitestone (CD7),Summer 2022,2022-06-01,11.07626785,2022,6,2,Air Quality Indicator
823555,365,Fine particles (PM 2.5),Mean,mcg/m3,CD,410,South Ozone Park and Howard Beach (CD10),Summer 2022,2022-06-01,6.044015426,2022,6,2,Air Quality Indicator
825733,375,Nitrogen dioxide (NO2),Mean,ppb,UHF42,304,Upper West Side,Summer 2022,2022-06-01,14.66189338,2022,6,2,Air Quality Indicator
823325,365,Fine particles (PM 2.5),Mean,mcg/m3,UHF42,101,Kingsbridge - Riverdale,Summer 2022,2022-06-01,7.146132353,2022,6,2,Air Quality Indicator
823540,365,Fine particles (PM 2.5),Mean,mcg/m3,CD,405,Ridgewood and Maspeth (CD5),Summer 2022,2022-06-01,6.682984067,2022,6,2,Air Quality Indicator
825745,375,Nitrogen dioxide (NO2),Mean,ppb,UHF42,211,Williamsburg - Bushwick,Summer 2022,2022-06-01,12.66801156,2022,6,2,Air Quality Indicator
825772,375,Nitrogen dioxide (NO2),Mean,ppb,UHF42,202,Downtown - Heights - Slope,Summer 2022,2022-06-01,13.40817829,2022,6,2,Air Quality Indicator
825822,375,Nitrogen dioxide (NO2),Mean,ppb,CD,110,Central Harlem (CD10),Summer 2022,2022-06-01,13.11099386,2022,6,2,Air Quality Indicator
825828,375,Nitrogen dioxide (NO2),Mean,ppb,CD,108,Upper East Side (CD8),Summer 2022,2022-06-01,15.25577872,2022,6,2,Air Quality Indicator
826025,375,Nitrogen dioxide (NO2),Mean,ppb,CD,210,Throgs Neck and Co-op City (CD10),Summer 2022,2022-06-01,11.72384077,2022,6,2,Air Quality Indicator
823319,365,Fine particles (PM 2.5),Mean,mcg/m3,UHF42,103,Fordham - Bronx Pk,Summer 2022,2022-06-01,7.129036078,2022,6,2,Air Quality Indicator
826333,375,Nitrogen dioxide (NO2),Mean,ppb,CD,313,Coney Island (CD13),Summer 2022,2022-06-01,8.243920799,2022,6,2,Air Quality Indicator
826994,386,Ozone (O3),Mean,ppb,CD,413,Queens Village (CD13),Summer 2022,2022-06-01,34.70909053,2022,6,2,Air Quality Indicator
827010,386,Ozone (O3),Mean,ppb,CD,315,Sheepshead Bay (CD15),Summer 2022,2022-06-01,36.77191235,2022,6,2,Air Quality Indicator
826348,375,Nitrogen dioxide (NO2),Mean,ppb,CD,318,Flatlands and Canarsie (CD18),Summer 2022,2022-06-01,8.50052679,2022,6,2,Air Quality Indicator
823313,365,Fine particles (PM 2.5),Mean,mcg/m3,UHF42,105,Crotona -Tremont,Summer 2022,2022-06-01,7.191219229,2022,6,2,Air Quality Indicator
825697,375,Nitrogen dioxide (NO2),Mean,ppb,UHF42,406,Fresh Meadows,Summer 2022,2022-06-01,10.63849526,2022,6,2,Air Quality Indicator
825885,375,Nitrogen dioxide (NO2),Mean,ppb,UHF34,407,Southwest Queens,Summer 2022,2022-06-01,9.703370663,2022,6,2,Air Quality Indicator
826037,375,Nitrogen dioxide (NO2),Mean,ppb,CD,302,Fort Greene and Brooklyn Heights (CD2),Summer 2022,2022-06-01,14.17662165,2022,6,2,Air Quality Indicator
825849,375,Nitrogen dioxide (NO2),Mean,ppb,CD,101,Financial District (CD1),Summer 2022,2022-06-01,16.94902038,2022,6,2,Air Quality Indicator
825805,375,Nitrogen dioxide (NO2),Mean,ppb,Borough,3,Manhattan,Summer 2022,2022-06-01,15.44110312,2022,6,2,Air Quality Indicator
823397,365,Fine particles (PM 2.5),Mean,mcg/m3,UHF34,401,Long Island City - Astoria,Summer 2022,2022-06-01,7.223992797,2022,6,2,Air Quality Indicator
826318,375,Nitrogen dioxide (NO2),Mean,ppb,CD,308,Crown Heights and Prospect Heights (CD8),Summer 2022,2022-06-01,11.80086863,2022,6,2,Air Quality Indicator
823573,365,Fine particles (PM 2.5),Mean,mcg/m3,CD,502,South Beach and Willowbrook (CD2),Summer 2022,2022-06-01,5.864384211,2022,6,2,Air Quality Indicator
823570,365,Fine particles (PM 2.5),Mean,mcg/m3,CD,501,St. George and Stapleton (CD1),Summer 2022,2022-06-01,6.105169073,2022,6,2,Air Quality Indicator
827142,386,Ozone (O3),Mean,ppb,UHF42,102,Northeast Bronx,Summer 2022,2022-06-01,32.19843539,2022,6,2,Air Quality Indicator
826351,375,Nitrogen dioxide (NO2),Mean,ppb,CD,401,Long Island City and Astoria (CD1),Summer 2022,2022-06-01,11.97481491,2022,6,2,Air Quality Indicator
823421,365,Fine particles (PM 2.5),Mean,mcg/m3,UHF34,208,Canarsie - Flatlands,Summer 2022,2022-06-01,5.929055364,2022,6,2,Air Quality Indicator
827147,386,Ozone (O3),Mean,ppb,Borough,2,Brooklyn,Summer 2022,2022-06-01,34.69230514,2022,6,2,Air Quality Indicator
825811,375,Nitrogen dioxide (NO2),Mean,ppb,Borough,1,Bronx,Summer 2022,2022-06-01,12.20330878,2022,6,2,Air Quality Indicator
825754,375,Nitrogen dioxide (NO2),Mean,ppb,UHF42,208,Canarsie - Flatlands,Summer 2022,2022-06-01,8.604527294,2022,6,2,Air Quality Indicator
823546,365,Fine particles (PM 2.5),Mean,mcg/m3,CD,407,Flushing and Whitestone (CD7),Summer 2022,2022-06-01,6.657363094,2022,6,2,Air Quality Indicator
823525,365,Fine particles (PM 2.5),Mean,mcg/m3,CD,318,Flatlands and Canarsie (CD18),Summer 2022,2022-06-01,5.900416654,2022,6,2,Air Quality Indicator
823376,365,Fine particles (PM 2.5),Mean,mcg/m3,UHF34,410,Rockaways,Summer 2022,2022-06-01,5.548223949,2022,6,2,Air Quality Indicator
823469,365,Fine particles (PM 2.5),Mean,mcg/m3,UHF42,410,Rockaways,Summer 2022,2022-06-01,5.548223949,2022,6,2,Air Quality Indicator
823244,365,Fine particles (PM 2.5),Mean,mcg/m3,UHF42,310,Lower Manhattan,Summer 2022,2022-06-01,7.359813119,2022,6,2,Air Quality Indicator
825808,375,Nitrogen dioxide (NO2),Mean,ppb,Borough,2,Brooklyn,Summer 2022,2022-06-01,10.73512557,2022,6,2,Air Quality Indicator
823247,365,Fine particles (PM 2.5),Mean,mcg/m3,UHF42,309,Union Square - Lower East Side,Summer 2022,2022-06-01,7.592961678,2022,6,2,Air Quality Indicator
823289,365,Fine particles (PM 2.5),Mean,mcg/m3,UHF42,206,Borough Park,Summer 2022,2022-06-01,6.156469785,2022,6,2,Air Quality Indicator
823274,365,Fine particles (PM 2.5),Mean,mcg/m3,UHF42,211,Williamsburg - Bushwick,Summer 2022,2022-06-01,6.9921169,2022,6,2,Air Quality Indicator
823295,365,Fine particles (PM 2.5),Mean,mcg/m3,UHF42,204,East New York,Summer 2022,2022-06-01,6.401286506,2022,6,2,Air Quality Indicator
827103,386,Ozone (O3),Mean,ppb,UHF42,503,Willowbrook,Summer 2022,2022-06-01,34.75444464,2022,6,2,Air Quality Indicator
827028,386,Ozone (O3),Mean,ppb,CD,209,Parkchester and Soundview (CD9),Summer 2022,2022-06-01,32.92501511,2022,6,2,Air Quality Indicator
823238,365,Fine particles (PM 2.5),Mean,mcg/m3,UHF42,402,West Queens,Summer 2022,2022-06-01,6.947133295,2022,6,2,Air Quality Indicator
825861,375,Nitrogen dioxide (NO2),Mean,ppb,UHF34,501502,Northern SI,Summer 2022,2022-06-01,8.949249585,2022,6,2,Air Quality Indicator
825997,375,Nitrogen dioxide (NO2),Mean,ppb,UHF42,408,Jamaica,Summer 2022,2022-06-01,10.46984295,2022,6,2,Air Quality Indicator
825751,375,Nitrogen dioxide (NO2),Mean,ppb,UHF42,209,Bensonhurst - Bay Ridge,Summer 2022,2022-06-01,9.773626847,2022,6,2,Air Quality Indicator
825991,375,Nitrogen dioxide (NO2),Mean,ppb,UHF42,410,Rockaways,Summer 2022,2022-06-01,6.9878077,2022,6,2,Air Quality Indicator
825882,375,Nitrogen dioxide (NO2),Mean,ppb,UHF34,408,Jamaica,Summer 2022,2022-06-01,10.47005515,2022,6,2,Air Quality Indicator
825855,375,Nitrogen dioxide (NO2),Mean,ppb,UHF34,105106107,South Bronx,Summer 2022,2022-06-01,13.52832429,2022,6,2,Air Quality Indicator
823292,365,Fine particles (PM 2.5),Mean,mcg/m3,UHF42,205,Sunset Park,Summer 2022,2022-06-01,6.696804885,2022,6,2,Air Quality Indicator
823235,365,Fine particles (PM 2.5),Mean,mcg/m3,UHF42,403,Flushing - Clearview,Summer 2022,2022-06-01,6.644860341,2022,6,2,Air Quality Indicator
827011,386,Ozone (O3),Mean,ppb,CD,314,Flatbush and Midwood (CD14),Summer 2022,2022-06-01,34.91394865,2022,6,2,Air Quality Indicator
825796,375,Nitrogen dioxide (NO2),Mean,ppb,UHF42,101,Kingsbridge - Riverdale,Summer 2022,2022-06-01,10.63957234,2022,6,2,Air Quality Indicator
825834,375,Nitrogen dioxide (NO2),Mean,ppb,CD,106,Stuyvesant Town and Turtle Bay (CD6),Summer 2022,2022-06-01,17.47746506,2022,6,2,Air Quality Indicator
826013,375,Nitrogen dioxide (NO2),Mean,ppb,CD,206,Belmont and East Tremont (CD6),Summer 2022,2022-06-01,12.9620984,2022,6,2,Air Quality Indicator
823361,365,Fine particles (PM 2.5),Mean,mcg/m3,UHF34,501502,Northern SI,Summer 2022,2022-06-01,6.02607002,2022,6,2,Air Quality Indicator
823304,365,Fine particles (PM 2.5),Mean,mcg/m3,UHF42,201,Greenpoint,Summer 2022,2022-06-01,7.186699469,2022,6,2,Air Quality Indicator
823367,365,Fine particles (PM 2.5),Mean,mcg/m3,UHF34,309310,Union Square-Lower Manhattan,Summer 2022,2022-06-01,7.519751457,2022,6,2,Air Quality Indicator
825819,375,Nitrogen dioxide (NO2),Mean,ppb,CD,111,East Harlem (CD11),Summer 2022,2022-06-01,13.00598294,2022,6,2,Air Quality Indicator
827014,386,Ozone (O3),Mean,ppb,CD,311,Bensonhurst (CD11),Summer 2022,2022-06-01,36.54828959,2022,6,2,Air Quality Indicator
827070,386,Ozone (O3),Mean,ppb,UHF34,210,Coney Island - Sheepshead Bay,Summer 2022,2022-06-01,37.07216274,2022,6,2,Air Quality Indicator
827057,386,Ozone (O3),Mean,ppb,UHF34,410,Rockaways,Summer 2022,2022-06-01,37.50032276,2022,6,2,Air Quality Indicator
825915,375,Nitrogen dioxide (NO2),Mean,ppb,UHF34,210,Coney Island - Sheepshead Bay,Summer 2022,2022-06-01,8.463694088,2022,6,2,Air Quality Indicator
823564,365,Fine particles (PM 2.5),Mean,mcg/m3,CD,413,Queens Village (CD13),Summer 2022,2022-06-01,6.146248912,2022,6,2,Air Quality Indicator
827148,386,Ozone (O3),Mean,ppb,Borough,1,Bronx,Summer 2022,2022-06-01,32.24398188,2022,6,2,Air Quality Indicator
827130,386,Ozone (O3),Mean,ppb,UHF42,207,East Flatbush - Flatbush,Summer 2022,2022-06-01,34.89698884,2022,6,2,Air Quality Indicator
827068,386,Ozone (O3),Mean,ppb,UHF34,301,Washington Heights,Summer 2022,2022-06-01,29.85364772,2022,6,2,Air Quality Indicator
823283,365,Fine particles (PM 2.5),Mean,mcg/m3,UHF42,208,Canarsie - Flatlands,Summer 2022,2022-06-01,5.929055364,2022,6,2,Air Quality Indicator
823253,365,Fine particles (PM 2.5),Mean,mcg/m3,UHF42,307,Gramercy Park - Murray Hill,Summer 2022,2022-06-01,7.965107517,2022,6,2,Air Quality Indicator
827082,386,Ozone (O3),Mean,ppb,UHF34,102,Northeast Bronx,Summer 2022,2022-06-01,32.19846713,2022,6,2,Air Quality Indicator
826073,375,Nitrogen dioxide (NO2),Mean,ppb,CD,413,Queens Village (CD13),Summer 2022,2022-06-01,9.959880539,2022,6,2,Air Quality Indicator
823205,365,Fine particles (PM 2.5),Mean,mcg/m3,CD,107,Upper West Side (CD7),Summer 2022,2022-06-01,7.006053998,2022,6,2,Air Quality Indicator
823567,365,Fine particles (PM 2.5),Mean,mcg/m3,CD,414,Rockaway and Broad Channel (CD14),Summer 2022,2022-06-01,5.544136503,2022,6,2,Air Quality Indicator
825712,375,Nitrogen dioxide (NO2),Mean,ppb,UHF42,401,Long Island City - Astoria,Summer 2022,2022-06-01,13.22276301,2022,6,2,Air Quality Indicator
823457,365,Fine particles (PM 2.5),Mean,mcg/m3,UHF42,504,South Beach - Tottenville,Summer 2022,2022-06-01,5.641128028,2022,6,2,Air Quality Indicator
827059,386,Ozone (O3),Mean,ppb,UHF34,408,Jamaica,Summer 2022,2022-06-01,34.40726097,2022,6,2,Air Quality Indicator
823448,365,Fine particles (PM 2.5),Mean,mcg/m3,UHF34,103,Fordham - Bronx Pk,Summer 2022,2022-06-01,7.129036078,2022,6,2,Air Quality Indicator
823391,365,Fine particles (PM 2.5),Mean,mcg/m3,UHF34,403,Flushing - Clearview,Summer 2022,2022-06-01,6.645086401,2022,6,2,Air Quality Indicator
825825,375,Nitrogen dioxide (NO2),Mean,ppb,CD,109,Morningside Heights and Hamilton Heights (CD9),Summer 2022,2022-06-01,13.2941356,2022,6,2,Air Quality Indicator
826321,375,Nitrogen dioxide (NO2),Mean,ppb,CD,309,South Crown Heights and Lefferts Gardens (CD9),Summer 2022,2022-06-01,10.62078324,2022,6,2,Air Quality Indicator
825967,375,Nitrogen dioxide (NO2),Mean,ppb,UHF34,104,Pelham - Throgs Neck,Summer 2022,2022-06-01,11.9642793,2022,6,2,Air Quality Indicator
825903,375,Nitrogen dioxide (NO2),Mean,ppb,UHF34,303,East Harlem,Summer 2022,2022-06-01,12.95828058,2022,6,2,Air Quality Indicator
825873,375,Nitrogen dioxide (NO2),Mean,ppb,UHF34,305307,Upper East Side-Gramercy,Summer 2022,2022-06-01,17.25579595,2022,6,2,Air Quality Indicator
825906,375,Nitrogen dioxide (NO2),Mean,ppb,UHF34,302,Central Harlem - Morningside Heights,Summer 2022,2022-06-01,13.2403218,2022,6,2,Air Quality Indicator
827104,386,Ozone (O3),Mean,ppb,UHF42,502,Stapleton - St. George,Summer 2022,2022-06-01,34.75588887,2022,6,2,Air Quality Indicator
827055,386,Ozone (O3),Mean,ppb,UHF34,306308,Chelsea-Village,Summer 2022,2022-06-01,29.31514809,2022,6,2,Air Quality Indicator
825700,375,Nitrogen dioxide (NO2),Mean,ppb,UHF42,405,Ridgewood - Forest Hills,Summer 2022,2022-06-01,10.64357212,2022,6,2,Air Quality Indicator
825982,375,Nitrogen dioxide (NO2),Mean,ppb,UHF42,503,Willowbrook,Summer 2022,2022-06-01,8.26877671,2022,6,2,Air Quality Indicator
827050,386,Ozone (O3),Mean,ppb,UHF34,105106107,South Bronx,Summer 2022,2022-06-01,32.05465056,2022,6,2,Air Quality Indicator
825891,375,Nitrogen dioxide (NO2),Mean,ppb,UHF34,403,Flushing - Clearview,Summer 2022,2022-06-01,11.0399725,2022,6,2,Air Quality Indicator
827079,386,Ozone (O3),Mean,ppb,UHF34,201,Greenpoint,Summer 2022,2022-06-01,32.404022,2022,6,2,Air Quality Indicator
827001,386,Ozone (O3),Mean,ppb,CD,406,Rego Park and Forest Hills (CD6),Summer 2022,2022-06-01,33.89093469,2022,6,2,Air Quality Indicator
825840,375,Nitrogen dioxide (NO2),Mean,ppb,CD,104,Clinton and Chelsea (CD4),Summer 2022,2022-06-01,17.81243819,2022,6,2,Air Quality Indicator
826999,386,Ozone (O3),Mean,ppb,CD,408,Hillcrest and Fresh Meadows (CD8),Summer 2022,2022-06-01,33.86222875,2022,6,2,Air Quality Indicator
825958,375,Nitrogen dioxide (NO2),Mean,ppb,UHF34,203,Bedford Stuyvesant - Crown Heights,Summer 2022,2022-06-01,11.43810998,2022,6,2,Air Quality Indicator
827083,386,Ozone (O3),Mean,ppb,UHF34,101,Kingsbridge - Riverdale,Summer 2022,2022-06-01,29.95390541,2022,6,2,Air Quality Indicator
827067,386,Ozone (O3),Mean,ppb,UHF34,302,Central Harlem - Morningside Heights,Summer 2022,2022-06-01,30.91196258,2022,6,2,Air Quality Indicator
827061,386,Ozone (O3),Mean,ppb,UHF34,405,Ridgewood - Forest Hills,Summer 2022,2022-06-01,34.18062626,2022,6,2,Air Quality Indicator
825888,375,Nitrogen dioxide (NO2),Mean,ppb,UHF34,405,Ridgewood - Forest Hills,Summer 2022,2022-06-01,10.64357212,2022,6,2,Air Quality Indicator
825757,375,Nitrogen dioxide (NO2),Mean,ppb,UHF42,207,East Flatbush - Flatbush,Summer 2022,2022-06-01,10.18747995,2022,6,2,Air Quality Indicator
825976,375,Nitrogen dioxide (NO2),Mean,ppb,UHF34,101,Kingsbridge - Riverdale,Summer 2022,2022-06-01,10.63957234,2022,6,2,Air Quality Indicator
825894,375,Nitrogen dioxide (NO2),Mean,ppb,UHF34,402,West Queens,Summer 2022,2022-06-01,12.76958802,2022,6,2,Air Quality Indicator
825964,375,Nitrogen dioxide (NO2),Mean,ppb,UHF34,201,Greenpoint,Summer 2022,2022-06-01,14.06871488,2022,6,2,Air Quality Indicator
825870,375,Nitrogen dioxide (NO2),Mean,ppb,UHF34,306308,Chelsea-Village,Summer 2022,2022-06-01,18.53090846,2022,6,2,Air Quality Indicator
827078,386,Ozone (O3),Mean,ppb,UHF34,202,Downtown - Heights - Slope,Summer 2022,2022-06-01,32.29772352,2022,6,2,Air Quality Indicator
827026,386,Ozone (O3),Mean,ppb,CD,211,Morris Park and Bronxdale (CD11),Summer 2022,2022-06-01,32.7976337,2022,6,2,Air Quality Indicator
825864,375,Nitrogen dioxide (NO2),Mean,ppb,UHF34,404406,Bayside Little Neck-Fresh Meadows,Summer 2022,2022-06-01,10.70504303,2022,6,2,Air Quality Indicator
827063,386,Ozone (O3),Mean,ppb,UHF34,402,West Queens,Summer 2022,2022-06-01,33.5625397,2022,6,2,Air Quality Indicator
825879,375,Nitrogen dioxide (NO2),Mean,ppb,UHF34,409,Southeast Queens,Summer 2022,2022-06-01,9.8035193,2022,6,2,Air Quality Indicator
825909,375,Nitrogen dioxide (NO2),Mean,ppb,UHF34,301,Washington Heights,Summer 2022,2022-06-01,13.48827055,2022,6,2,Air Quality Indicator
827040,386,Ozone (O3),Mean,ppb,CD,109,Morningside Heights and Hamilton Heights (CD9),Summer 2022,2022-06-01,30.55697009,2022,6,2,Air Quality Indicator
826327,375,Nitrogen dioxide (NO2),Mean,ppb,CD,311,Bensonhurst (CD11),Summer 2022,2022-06-01,9.398134233,2022,6,2,Air Quality Indicator
827048,386,Ozone (O3),Mean,ppb,CD,101,Financial District (CD1),Summer 2022,2022-06-01,30.29878988,2022,6,2,Air Quality Indicator
827023,386,Ozone (O3),Mean,ppb,CD,302,Fort Greene and Brooklyn Heights (CD2),Summer 2022,2022-06-01,31.6016692,2022,6,2,Air Quality Indicator
825846,375,Nitrogen dioxide (NO2),Mean,ppb,CD,102,Greenwich Village and Soho (CD2),Summer 2022,2022-06-01,16.36678769,2022,6,2,Air Quality Indicator
826034,375,Nitrogen dioxide (NO2),Mean,ppb,CD,301,Greenpoint and Williamsburg (CD1),Summer 2022,2022-06-01,14.10897788,2022,6,2,Air Quality Indicator
826354,375,Nitrogen dioxide (NO2),Mean,ppb,CD,402,Woodside and Sunnyside (CD2),Summer 2022,2022-06-01,14.18081179,2022,6,2,Air Quality Indicator
826991,386,Ozone (O3),Mean,ppb,CD,502,South Beach and Willowbrook (CD2),Summer 2022,2022-06-01,35.15022251,2022,6,2,Air Quality Indicator
826992,386,Ozone (O3),Mean,ppb,CD,501,St. George and Stapleton (CD1),Summer 2022,2022-06-01,34.24407322,2022,6,2,Air Quality Indicator
827021,386,Ozone (O3),Mean,ppb,CD,304,Bushwick (CD4),Summer 2022,2022-06-01,33.68081317,2022,6,2,Air Quality Indicator
827033,386,Ozone (O3),Mean,ppb,CD,204,Highbridge and Concourse (CD4),Summer 2022,2022-06-01,31.28909381,2022,6,2,Air Quality Indicator
826040,375,Nitrogen dioxide (NO2),Mean,ppb,CD,303,Bedford Stuyvesant (CD3),Summer 2022,2022-06-01,11.86087701,2022,6,2,Air Quality Indicator
827046,386,Ozone (O3),Mean,ppb,CD,103,Lower East Side and Chinatown (CD3),Summer 2022,2022-06-01,31.37404228,2022,6,2,Air Quality Indicator
827007,386,Ozone (O3),Mean,ppb,CD,318,Flatlands and Canarsie (CD18),Summer 2022,2022-06-01,36.17828665,2022,6,2,Air Quality Indicator
827008,386,Ozone (O3),Mean,ppb,CD,317,East Flatbush (CD17),Summer 2022,2022-06-01,34.90569044,2022,6,2,Air Quality Indicator
826990,386,Ozone (O3),Mean,ppb,CD,503,Tottenville and Great Kills (CD3),Summer 2022,2022-06-01,36.03199529,2022,6,2,Air Quality Indicator
826357,375,Nitrogen dioxide (NO2),Mean,ppb,CD,403,Jackson Heights (CD3),Summer 2022,2022-06-01,11.45588083,2022,6,2,Air Quality Indicator
825973,375,Nitrogen dioxide (NO2),Mean,ppb,UHF34,102,Northeast Bronx,Summer 2022,2022-06-01,11.61931835,2022,6,2,Air Quality Indicator
826996,386,Ozone (O3),Mean,ppb,CD,411,Bayside and Little Neck (CD11),Summer 2022,2022-06-01,33.68961687,2022,6,2,Air Quality Indicator
823513,365,Fine particles (PM 2.5),Mean,mcg/m3,CD,314,Flatbush and Midwood (CD14),Summer 2022,2022-06-01,6.105372088,2022,6,2,Air Quality Indicator
823259,365,Fine particles (PM 2.5),Mean,mcg/m3,UHF42,305,Upper East Side,Summer 2022,2022-06-01,7.097573293,2022,6,2,Air Quality Indicator
827013,386,Ozone (O3),Mean,ppb,CD,312,Borough Park (CD12),Summer 2022,2022-06-01,35.11207427,2022,6,2,Air Quality Indicator
827037,386,Ozone (O3),Mean,ppb,CD,112,Washington Heights and Inwood (CD12),Summer 2022,2022-06-01,29.61475137,2022,6,2,Air Quality Indicator
827108,386,Ozone (O3),Mean,ppb,UHF42,408,Jamaica,Summer 2022,2022-06-01,34.40762152,2022,6,2,Air Quality Indicator
826997,386,Ozone (O3),Mean,ppb,CD,410,South Ozone Park and Howard Beach (CD10),Summer 2022,2022-06-01,35.53372839,2022,6,2,Air Quality Indicator
826995,386,Ozone (O3),Mean,ppb,CD,412,Jamaica and Hollis (CD12),Summer 2022,2022-06-01,34.63508331,2022,6,2,Air Quality Indicator
826324,375,Nitrogen dioxide (NO2),Mean,ppb,CD,310,Bay Ridge and Dyker Heights (CD10),Summer 2022,2022-06-01,10.62784989,2022,6,2,Air Quality Indicator
823385,365,Fine particles (PM 2.5),Mean,mcg/m3,UHF34,407,Southwest Queens,Summer 2022,2022-06-01,6.186231641,2022,6,2,Air Quality Indicator
823193,365,Fine particles (PM 2.5),Mean,mcg/m3,CD,111,East Harlem (CD11),Summer 2022,2022-06-01,7.051746883,2022,6,2,Air Quality Indicator
823185,365,Fine particles (PM 2.5),Mean,mcg/m3,CD,211,Morris Park and Bronxdale (CD11),Summer 2022,2022-06-01,7.072485394,2022,6,2,Air Quality Indicator
823179,365,Fine particles (PM 2.5),Mean,mcg/m3,CD,209,Parkchester and Soundview (CD9),Summer 2022,2022-06-01,7.066304658,2022,6,2,Air Quality Indicator
823552,365,Fine particles (PM 2.5),Mean,mcg/m3,CD,409,Kew Gardens and Woodhaven (CD9),Summer 2022,2022-06-01,6.410971092,2022,6,2,Air Quality Indicator
825930,375,Nitrogen dioxide (NO2),Mean,ppb,UHF34,205,Sunset Park,Summer 2022,2022-06-01,12.54223935,2022,6,2,Air Quality Indicator
823328,365,Fine particles (PM 2.5),Mean,mcg/m3,Borough,5,Staten Island,Summer 2022,2022-06-01,5.831422172,2022,6,2,Air Quality Indicator
827058,386,Ozone (O3),Mean,ppb,UHF34,409,Southeast Queens,Summer 2022,2022-06-01,34.67347985,2022,6,2,Air Quality Indicator
823415,365,Fine particles (PM 2.5),Mean,mcg/m3,UHF34,210,Coney Island - Sheepshead Bay,Summer 2022,2022-06-01,5.821626343,2022,6,2,Air Quality Indicator
827052,386,Ozone (O3),Mean,ppb,UHF34,501502,Northern SI,Summer 2022,2022-06-01,34.57566992,2022,6,2,Air Quality Indicator
823427,365,Fine particles (PM 2.5),Mean,mcg/m3,UHF34,206,Borough Park,Summer 2022,2022-06-01,6.156469785,2022,6,2,Air Quality Indicator
827053,386,Ozone (O3),Mean,ppb,UHF34,404406,Bayside Little Neck-Fresh Meadows,Summer 2022,2022-06-01,33.72043048,2022,6,2,Air Quality Indicator
823310,365,Fine particles (PM 2.5),Mean,mcg/m3,UHF42,106,High Bridge - Morrisania,Summer 2022,2022-06-01,7.075342639,2022,6,2,Air Quality Indicator
823217,365,Fine particles (PM 2.5),Mean,mcg/m3,UHF42,409,Southeast Queens,Summer 2022,2022-06-01,6.112324219,2022,6,2,Air Quality Indicator
827035,386,Ozone (O3),Mean,ppb,CD,202,Hunts Point and Longwood (CD2),Summer 2022,2022-06-01,32.82476154,2022,6,2,Air Quality Indicator
827024,386,Ozone (O3),Mean,ppb,CD,301,Greenpoint and Williamsburg (CD1),Summer 2022,2022-06-01,32.4542149,2022,6,2,Air Quality Indicator
823471,365,Fine particles (PM 2.5),Mean,mcg/m3,CD,212,Williamsbridge and Baychester (CD12),Summer 2022,2022-06-01,7.104302709,2022,6,2,Air Quality Indicator
823182,365,Fine particles (PM 2.5),Mean,mcg/m3,CD,210,Throgs Neck and Co-op City (CD10),Summer 2022,2022-06-01,6.92260039,2022,6,2,Air Quality Indicator
827047,386,Ozone (O3),Mean,ppb,CD,102,Greenwich Village and Soho (CD2),Summer 2022,2022-06-01,30.23342843,2022,6,2,Air Quality Indicator
823202,365,Fine particles (PM 2.5),Mean,mcg/m3,CD,108,Upper East Side (CD8),Summer 2022,2022-06-01,7.106722049,2022,6,2,Air Quality Indicator
825799,375,Nitrogen dioxide (NO2),Mean,ppb,Borough,5,Staten Island,Summer 2022,2022-06-01,7.847539245,2022,6,2,Air Quality Indicator
825921,375,Nitrogen dioxide (NO2),Mean,ppb,UHF34,208,Canarsie - Flatlands,Summer 2022,2022-06-01,8.604527294,2022,6,2,Air Quality Indicator
827112,386,Ozone (O3),Mean,ppb,UHF42,404,Bayside - Little Neck,Summer 2022,2022-06-01,33.40020401,2022,6,2,Air Quality Indicator
827054,386,Ozone (O3),Mean,ppb,UHF34,309310,Union Square-Lower Manhattan,Summer 2022,2022-06-01,30.91303198,2022,6,2,Air Quality Indicator
827006,386,Ozone (O3),Mean,ppb,CD,401,Long Island City and Astoria (CD1),Summer 2022,2022-06-01,33.60399471,2022,6,2,Air Quality Indicator
823196,365,Fine particles (PM 2.5),Mean,mcg/m3,CD,110,Central Harlem (CD10),Summer 2022,2022-06-01,7.118712172,2022,6,2,Air Quality Indicator
827005,386,Ozone (O3),Mean,ppb,CD,402,Woodside and Sunnyside (CD2),Summer 2022,2022-06-01,32.76581214,2022,6,2,Air Quality Indicator
827036,386,Ozone (O3),Mean,ppb,CD,201,Mott Haven and Melrose (CD1),Summer 2022,2022-06-01,31.85882124,2022,6,2,Air Quality Indicator
823501,365,Fine particles (PM 2.5),Mean,mcg/m3,CD,310,Bay Ridge and Dyker Heights (CD10),Summer 2022,2022-06-01,6.201439409,2022,6,2,Air Quality Indicator
827074,386,Ozone (O3),Mean,ppb,UHF34,206,Borough Park,Summer 2022,2022-06-01,35.18590991,2022,6,2,Air Quality Indicator
825897,375,Nitrogen dioxide (NO2),Mean,ppb,UHF34,401,Long Island City - Astoria,Summer 2022,2022-06-01,13.22276301,2022,6,2,Air Quality Indicator
825721,375,Nitrogen dioxide (NO2),Mean,ppb,UHF42,308,Greenwich Village - SoHo,Summer 2022,2022-06-01,16.59352898,2022,6,2,Air Quality Indicator
823528,365,Fine particles (PM 2.5),Mean,mcg/m3,CD,401,Long Island City and Astoria (CD1),Summer 2022,2022-06-01,7.017667827,2022,6,2,Air Quality Indicator
826336,375,Nitrogen dioxide (NO2),Mean,ppb,CD,314,Flatbush and Midwood (CD14),Summer 2022,2022-06-01,9.801305676,2022,6,2,Air Quality Indicator
825927,375,Nitrogen dioxide (NO2),Mean,ppb,UHF34,206,Borough Park,Summer 2022,2022-06-01,10.13740916,2022,6,2,Air Quality Indicator
826339,375,Nitrogen dioxide (NO2),Mean,ppb,CD,315,Sheepshead Bay (CD15),Summer 2022,2022-06-01,8.527088442,2022,6,2,Air Quality Indicator
823460,365,Fine particles (PM 2.5),Mean,mcg/m3,UHF42,503,Willowbrook,Summer 2022,2022-06-01,5.932229923,2022,6,2,Air Quality Indicator
827128,386,Ozone (O3),Mean,ppb,UHF42,209,Bensonhurst - Bay Ridge,Summer 2022,2022-06-01,35.81921707,2022,6,2,Air Quality Indicator
827072,386,Ozone (O3),Mean,ppb,UHF34,208,Canarsie - Flatlands,Summer 2022,2022-06-01,36.11507607,2022,6,2,Air Quality Indicator
827131,386,Ozone (O3),Mean,ppb,UHF42,206,Borough Park,Summer 2022,2022-06-01,35.18590991,2022,6,2,Air Quality Indicator
827117,386,Ozone (O3),Mean,ppb,UHF42,309,Union Square - Lower East Side,Summer 2022,2022-06-01,31.19828422,2022,6,2,Air Quality Indicator
827116,386,Ozone (O3),Mean,ppb,UHF42,310,Lower Manhattan,Summer 2022,2022-06-01,30.28985712,2022,6,2,Air Quality Indicator
827064,386,Ozone (O3),Mean,ppb,UHF34,401,Long Island City - Astoria,Summer 2022,2022-06-01,32.93001894,2022,6,2,Air Quality Indicator
827039,386,Ozone (O3),Mean,ppb,CD,110,Central Harlem (CD10),Summer 2022,2022-06-01,31.19724315,2022,6,2,Air Quality Indicator
827015,386,Ozone (O3),Mean,ppb,CD,310,Bay Ridge and Dyker Heights (CD10),Summer 2022,2022-06-01,34.84675553,2022,6,2,Air Quality Indicator
827027,386,Ozone (O3),Mean,ppb,CD,210,Throgs Neck and Co-op City (CD10),Summer 2022,2022-06-01,33.59165591,2022,6,2,Air Quality Indicator
825802,375,Nitrogen dioxide (NO2),Mean,ppb,Borough,4,Queens,Summer 2022,2022-06-01,10.61178834,2022,6,2,Air Quality Indicator
823403,365,Fine particles (PM 2.5),Mean,mcg/m3,UHF34,303,East Harlem,Summer 2022,2022-06-01,7.035453199,2022,6,2,Air Quality Indicator
827025,386,Ozone (O3),Mean,ppb,CD,212,Williamsbridge and Baychester (CD12),Summer 2022,2022-06-01,31.77218377,2022,6,2,Air Quality Indicator
827143,386,Ozone (O3),Mean,ppb,UHF42,101,Kingsbridge - Riverdale,Summer 2022,2022-06-01,29.95390541,2022,6,2,Air Quality Indicator
827136,386,Ozone (O3),Mean,ppb,UHF42,201,Greenpoint,Summer 2022,2022-06-01,32.404022,2022,6,2,Air Quality Indicator
827003,386,Ozone (O3),Mean,ppb,CD,404,Elmhurst and Corona (CD4),Summer 2022,2022-06-01,34.0864271,2022,6,2,Air Quality Indicator
823161,365,Fine particles (PM 2.5),Mean,mcg/m3,CD,203,Morrisania and Crotona (CD3),Summer 2022,2022-06-01,7.220292085,2022,6,2,Air Quality Indicator
827004,386,Ozone (O3),Mean,ppb,CD,403,Jackson Heights (CD3),Summer 2022,2022-06-01,34.19270054,2022,6,2,Air Quality Indicator
823492,365,Fine particles (PM 2.5),Mean,mcg/m3,CD,307,Sunset Park (CD7),Summer 2022,2022-06-01,6.695717506,2022,6,2,Air Quality Indicator
823486,365,Fine particles (PM 2.5),Mean,mcg/m3,CD,305,East New York and Starrett City (CD5),Summer 2022,2022-06-01,6.343255361,2022,6,2,Air Quality Indicator
823173,365,Fine particles (PM 2.5),Mean,mcg/m3,CD,207,Kingsbridge Heights and Bedford (CD7),Summer 2022,2022-06-01,7.160723146,2022,6,2,Air Quality Indicator
827022,386,Ozone (O3),Mean,ppb,CD,303,Bedford Stuyvesant (CD3),Summer 2022,2022-06-01,33.15824793,2022,6,2,Air Quality Indicator
827034,386,Ozone (O3),Mean,ppb,CD,203,Morrisania and Crotona (CD3),Summer 2022,2022-06-01,31.78021728,2022,6,2,Air Quality Indicator
823208,365,Fine particles (PM 2.5),Mean,mcg/m3,CD,106,Stuyvesant Town and Turtle Bay (CD6),Summer 2022,2022-06-01,7.688369004,2022,6,2,Air Quality Indicator
823430,365,Fine particles (PM 2.5),Mean,mcg/m3,UHF34,205,Sunset Park,Summer 2022,2022-06-01,6.69691987,2022,6,2,Air Quality Indicator
825876,375,Nitrogen dioxide (NO2),Mean,ppb,UHF34,410,Rockaways,Summer 2022,2022-06-01,6.9878077,2022,6,2,Air Quality Indicator
823495,365,Fine particles (PM 2.5),Mean,mcg/m3,CD,308,Crown Heights and Prospect Heights (CD8),Summer 2022,2022-06-01,6.622607531,2022,6,2,Air Quality Indicator
827144,386,Ozone (O3),Mean,ppb,Borough,5,Staten Island,Summer 2022,2022-06-01,35.26349246,2022,6,2,Air Quality Indicator
823519,365,Fine particles (PM 2.5),Mean,mcg/m3,CD,316,Brownsville (CD16),Summer 2022,2022-06-01,6.378015604,2022,6,2,Air Quality Indicator
827140,386,Ozone (O3),Mean,ppb,UHF42,104,Pelham - Throgs Neck,Summer 2022,2022-06-01,33.2891319,2022,6,2,Air Quality Indicator
827133,386,Ozone (O3),Mean,ppb,UHF42,204,East New York,Summer 2022,2022-06-01,34.366186,2022,6,2,Air Quality Indicator
823388,365,Fine particles (PM 2.5),Mean,mcg/m3,UHF34,405,Ridgewood - Forest Hills,Summer 2022,2022-06-01,6.496026238,2022,6,2,Air Quality Indicator
823543,365,Fine particles (PM 2.5),Mean,mcg/m3,CD,406,Rego Park and Forest Hills (CD6),Summer 2022,2022-06-01,6.386200991,2022,6,2,Air Quality Indicator
823489,365,Fine particles (PM 2.5),Mean,mcg/m3,CD,306,Park Slope and Carroll Gardens (CD6),Summer 2022,2022-06-01,6.896060439,2022,6,2,Air Quality Indicator
823170,365,Fine particles (PM 2.5),Mean,mcg/m3,CD,206,Belmont and East Tremont (CD6),Summer 2022,2022-06-01,7.222086973,2022,6,2,Air Quality Indicator
823373,365,Fine particles (PM 2.5),Mean,mcg/m3,UHF34,305307,Upper East Side-Gramercy,Summer 2022,2022-06-01,7.50474789,2022,6,2,Air Quality Indicator
825852,375,Nitrogen dioxide (NO2),Mean,ppb,Citywide,1,New York City,Summer 2022,2022-06-01,10.63421392,2022,6,2,Air Quality Indicator
827049,386,Ozone (O3),Mean,ppb,Citywide,1,New York City,Summer 2022,2022-06-01,34.07894297,2022,6,2,Air Quality Indicator
823241,365,Fine particles (PM 2.5),Mean,mcg/m3,UHF42,401,Long Island City - Astoria,Summer 2022,2022-06-01,7.223992797,2022,6,2,Air Quality Indicator
823370,365,Fine particles (PM 2.5),Mean,mcg/m3,UHF34,306308,Chelsea-Village,Summer 2022,2022-06-01,8.24066025,2022,6,2,Air Quality Indicator
823164,365,Fine particles (PM 2.5),Mean,mcg/m3,CD,204,Highbridge and Concourse (CD4),Summer 2022,2022-06-01,7.059353902,2022,6,2,Air Quality Indicator
823406,365,Fine particles (PM 2.5),Mean,mcg/m3,UHF34,302,Central Harlem - Morningside Heights,Summer 2022,2022-06-01,7.126410704,2022,6,2,Air Quality Indicator
823483,365,Fine particles (PM 2.5),Mean,mcg/m3,CD,304,Bushwick (CD4),Summer 2022,2022-06-01,6.849597538,2022,6,2,Air Quality Indicator
823155,365,Fine particles (PM 2.5),Mean,mcg/m3,CD,201,Mott Haven and Melrose (CD1),Summer 2022,2022-06-01,7.163027195,2022,6,2,Air Quality Indicator
825924,375,Nitrogen dioxide (NO2),Mean,ppb,UHF34,207,East Flatbush - Flatbush,Summer 2022,2022-06-01,10.18747995,2022,6,2,Air Quality Indicator
823498,365,Fine particles (PM 2.5),Mean,mcg/m3,CD,309,South Crown Heights and Lefferts Gardens (CD9),Summer 2022,2022-06-01,6.2784112,2022,6,2,Air Quality Indicator
823439,365,Fine particles (PM 2.5),Mean,mcg/m3,UHF34,202,Downtown - Heights - Slope,Summer 2022,2022-06-01,6.911800513,2022,6,2,Air Quality Indicator
823409,365,Fine particles (PM 2.5),Mean,mcg/m3,UHF34,301,Washington Heights,Summer 2022,2022-06-01,7.231879874,2022,6,2,Air Quality Indicator
823463,365,Fine particles (PM 2.5),Mean,mcg/m3,UHF42,502,Stapleton - St. George,Summer 2022,2022-06-01,5.924476631,2022,6,2,Air Quality Indicator
825793,375,Nitrogen dioxide (NO2),Mean,ppb,UHF42,102,Northeast Bronx,Summer 2022,2022-06-01,11.61930339,2022,6,2,Air Quality Indicator
823262,365,Fine particles (PM 2.5),Mean,mcg/m3,UHF42,304,Upper West Side,Summer 2022,2022-06-01,7.014746696,2022,6,2,Air Quality Indicator
826004,375,Nitrogen dioxide (NO2),Mean,ppb,CD,203,Morrisania and Crotona (CD3),Summer 2022,2022-06-01,13.14774864,2022,6,2,Air Quality Indicator
823454,365,Fine particles (PM 2.5),Mean,mcg/m3,UHF34,101,Kingsbridge - Riverdale,Summer 2022,2022-06-01,7.146132353,2022,6,2,Air Quality Indicator
823226,365,Fine particles (PM 2.5),Mean,mcg/m3,UHF42,406,Fresh Meadows,Summer 2022,2022-06-01,6.28872517,2022,6,2,Air Quality Indicator
827073,386,Ozone (O3),Mean,ppb,UHF34,207,East Flatbush - Flatbush,Summer 2022,2022-06-01,34.89698884,2022,6,2,Air Quality Indicator
823436,365,Fine particles (PM 2.5),Mean,mcg/m3,UHF34,203,Bedford Stuyvesant - Crown Heights,Summer 2022,2022-06-01,6.499405841,2022,6,2,Air Quality Indicator
823331,365,Fine particles (PM 2.5),Mean,mcg/m3,Borough,4,Queens,Summer 2022,2022-06-01,6.415143517,2022,6,2,Air Quality Indicator
823307,365,Fine particles (PM 2.5),Mean,mcg/m3,UHF42,107,Hunts Point - Mott Haven,Summer 2022,2022-06-01,7.222672542,2022,6,2,Air Quality Indicator
823334,365,Fine particles (PM 2.5),Mean,mcg/m3,Borough,3,Manhattan,Summer 2022,2022-06-01,7.483450557,2022,6,2,Air Quality Indicator
823340,365,Fine particles (PM 2.5),Mean,mcg/m3,Borough,1,Bronx,Summer 2022,2022-06-01,7.094758673,2022,6,2,Air Quality Indicator
823316,365,Fine particles (PM 2.5),Mean,mcg/m3,UHF42,104,Pelham - Throgs Neck,Summer 2022,2022-06-01,7.005098509,2022,6,2,Air Quality Indicator
823286,365,Fine particles (PM 2.5),Mean,mcg/m3,UHF42,207,East Flatbush - Flatbush,Summer 2022,2022-06-01,6.173406281,2022,6,2,Air Quality Indicator
823167,365,Fine particles (PM 2.5),Mean,mcg/m3,CD,205,Fordham and University Heights (CD5),Summer 2022,2022-06-01,7.122674797,2022,6,2,Air Quality Indicator
823223,365,Fine particles (PM 2.5),Mean,mcg/m3,UHF42,407,Southwest Queens,Summer 2022,2022-06-01,6.186049843,2022,6,2,Air Quality Indicator
823256,365,Fine particles (PM 2.5),Mean,mcg/m3,UHF42,306,Chelsea - Clinton,Summer 2022,2022-06-01,8.340367159,2022,6,2,Air Quality Indicator
825813,375,Nitrogen dioxide (NO2),Mean,ppb,CD,201,Mott Haven and Melrose (CD1),Summer 2022,2022-06-01,14.0495527,2022,6,2,Air Quality Indicator
823445,365,Fine particles (PM 2.5),Mean,mcg/m3,UHF34,104,Pelham - Throgs Neck,Summer 2022,2022-06-01,7.005098509,2022,6,2,Air Quality Indicator
825715,375,Nitrogen dioxide (NO2),Mean,ppb,UHF42,310,Lower Manhattan,Summer 2022,2022-06-01,16.71264314,2022,6,2,Air Quality Indicator
827106,386,Ozone (O3),Mean,ppb,UHF42,410,Rockaways,Summer 2022,2022-06-01,37.50032276,2022,6,2,Air Quality Indicator
827102,386,Ozone (O3),Mean,ppb,UHF42,504,South Beach - Tottenville,Summer 2022,2022-06-01,36.0357734,2022,6,2,Air Quality Indicator
825961,375,Nitrogen dioxide (NO2),Mean,ppb,UHF34,202,Downtown - Heights - Slope,Summer 2022,2022-06-01,13.40817829,2022,6,2,Air Quality Indicator
825718,375,Nitrogen dioxide (NO2),Mean,ppb,UHF42,309,Union Square - Lower East Side,Summer 2022,2022-06-01,13.86713279,2022,6,2,Air Quality Indicator
823412,365,Fine particles (PM 2.5),Mean,mcg/m3,UHF34,211,Williamsburg - Bushwick,Summer 2022,2022-06-01,6.9921169,2022,6,2,Air Quality Indicator
823418,365,Fine particles (PM 2.5),Mean,mcg/m3,UHF34,209,Bensonhurst - Bay Ridge,Summer 2022,2022-06-01,6.036921521,2022,6,2,Air Quality Indicator
826022,375,Nitrogen dioxide (NO2),Mean,ppb,CD,209,Parkchester and Soundview (CD9),Summer 2022,2022-06-01,12.44632642,2022,6,2,Air Quality Indicator
826028,375,Nitrogen dioxide (NO2),Mean,ppb,CD,211,Morris Park and Bronxdale (CD11),Summer 2022,2022-06-01,11.54096786,2022,6,2,Air Quality Indicator
823516,365,Fine particles (PM 2.5),Mean,mcg/m3,CD,315,Sheepshead Bay (CD15),Summer 2022,2022-06-01,5.818567276,2022,6,2,Air Quality Indicator
826375,375,Nitrogen dioxide (NO2),Mean,ppb,CD,409,Kew Gardens and Woodhaven (CD9),Summer 2022,2022-06-01,10.59478216,2022,6,2,Air Quality Indicator
823474,365,Fine particles (PM 2.5),Mean,mcg/m3,CD,301,Greenpoint and Williamsburg (CD1),Summer 2022,2022-06-01,7.217085847,2022,6,2,Air Quality Indicator
823510,365,Fine particles (PM 2.5),Mean,mcg/m3,CD,313,Coney Island (CD13),Summer 2022,2022-06-01,5.809080731,2022,6,2,Air Quality Indicator
827009,386,Ozone (O3),Mean,ppb,CD,316,Brownsville (CD16),Summer 2022,2022-06-01,34.21756217,2022,6,2,Air Quality Indicator
827020,386,Ozone (O3),Mean,ppb,CD,305,East New York and Starrett City (CD5),Summer 2022,2022-06-01,34.60004805,2022,6,2,Air Quality Indicator
823531,365,Fine particles (PM 2.5),Mean,mcg/m3,CD,402,Woodside and Sunnyside (CD2),Summer 2022,2022-06-01,7.248773602,2022,6,2,Air Quality Indicator
823346,365,Fine particles (PM 2.5),Mean,mcg/m3,CD,102,Greenwich Village and Soho (CD2),Summer 2022,2022-06-01,8.275614381,2022,6,2,Air Quality Indicator
825703,375,Nitrogen dioxide (NO2),Mean,ppb,UHF42,404,Bayside - Little Neck,Summer 2022,2022-06-01,10.73235998,2022,6,2,Air Quality Indicator
825742,375,Nitrogen dioxide (NO2),Mean,ppb,UHF42,301,Washington Heights,Summer 2022,2022-06-01,13.48842373,2022,6,2,Air Quality Indicator
825787,375,Nitrogen dioxide (NO2),Mean,ppb,UHF42,104,Pelham - Throgs Neck,Summer 2022,2022-06-01,11.9642793,2022,6,2,Air Quality Indicator
823433,365,Fine particles (PM 2.5),Mean,mcg/m3,UHF34,204,East New York,Summer 2022,2022-06-01,6.401286506,2022,6,2,Air Quality Indicator
827137,386,Ozone (O3),Mean,ppb,UHF42,107,Hunts Point - Mott Haven,Summer 2022,2022-06-01,32.90099328,2022,6,2,Air Quality Indicator
825781,375,Nitrogen dioxide (NO2),Mean,ppb,UHF42,106,High Bridge - Morrisania,Summer 2022,2022-06-01,13.57753358,2022,6,2,Air Quality Indicator
823265,365,Fine particles (PM 2.5),Mean,mcg/m3,UHF42,303,East Harlem,Summer 2022,2022-06-01,7.035453199,2022,6,2,Air Quality Indicator
825858,375,Nitrogen dioxide (NO2),Mean,ppb,UHF34,503504,Southern SI,Summer 2022,2022-06-01,7.378723541,2022,6,2,Air Quality Indicator
827118,386,Ozone (O3),Mean,ppb,UHF42,308,Greenwich Village - SoHo,Summer 2022,2022-06-01,30.29067016,2022,6,2,Air Quality Indicator
827129,386,Ozone (O3),Mean,ppb,UHF42,208,Canarsie - Flatlands,Summer 2022,2022-06-01,36.11507607,2022,6,2,Air Quality Indicator
823280,365,Fine particles (PM 2.5),Mean,mcg/m3,UHF42,209,Bensonhurst - Bay Ridge,Summer 2022,2022-06-01,6.036921521,2022,6,2,Air Quality Indicator
825766,375,Nitrogen dioxide (NO2),Mean,ppb,UHF42,204,East New York,Summer 2022,2022-06-01,10.9473018,2022,6,2,Air Quality Indicator
827138,386,Ozone (O3),Mean,ppb,UHF42,106,High Bridge - Morrisania,Summer 2022,2022-06-01,31.51181153,2022,6,2,Air Quality Indicator
825706,375,Nitrogen dioxide (NO2),Mean,ppb,UHF42,403,Flushing - Clearview,Summer 2022,2022-06-01,11.04857139,2022,6,2,Air Quality Indicator
823424,365,Fine particles (PM 2.5),Mean,mcg/m3,UHF34,207,East Flatbush - Flatbush,Summer 2022,2022-06-01,6.173406281,2022,6,2,Air Quality Indicator
827145,386,Ozone (O3),Mean,ppb,Borough,4,Queens,Summer 2022,2022-06-01,34.45706382,2022,6,2,Air Quality Indicator
827076,386,Ozone (O3),Mean,ppb,UHF34,204,East New York,Summer 2022,2022-06-01,34.366186,2022,6,2,Air Quality Indicator
827032,386,Ozone (O3),Mean,ppb,CD,205,Fordham and University Heights (CD5),Summer 2022,2022-06-01,31.19725069,2022,6,2,Air Quality Indicator
823349,365,Fine particles (PM 2.5),Mean,mcg/m3,CD,101,Financial District (CD1),Summer 2022,2022-06-01,7.44251086,2022,6,2,Air Quality Indicator
823158,365,Fine particles (PM 2.5),Mean,mcg/m3,CD,202,Hunts Point and Longwood (CD2),Summer 2022,2022-06-01,7.453216161,2022,6,2,Air Quality Indicator
826001,375,Nitrogen dioxide (NO2),Mean,ppb,CD,202,Hunts Point and Longwood (CD2),Summer 2022,2022-06-01,14.15757339,2022,6,2,Air Quality Indicator
827062,386,Ozone (O3),Mean,ppb,UHF34,403,Flushing - Clearview,Summer 2022,2022-06-01,34.48480583,2022,6,2,Air Quality Indicator
827124,386,Ozone (O3),Mean,ppb,UHF42,302,Central Harlem - Morningside Heights,Summer 2022,2022-06-01,30.91161067,2022,6,2,Air Quality Indicator
827081,386,Ozone (O3),Mean,ppb,UHF34,103,Fordham - Bronx Pk,Summer 2022,2022-06-01,31.666184,2022,6,2,Air Quality Indicator
827113,386,Ozone (O3),Mean,ppb,UHF42,403,Flushing - Clearview,Summer 2022,2022-06-01,34.47607536,2022,6,2,Air Quality Indicator
823322,365,Fine particles (PM 2.5),Mean,mcg/m3,UHF42,102,Northeast Bronx,Summer 2022,2022-06-01,7.076432621,2022,6,2,Air Quality Indicator
825979,375,Nitrogen dioxide (NO2),Mean,ppb,UHF42,504,South Beach - Tottenville,Summer 2022,2022-06-01,6.854871982,2022,6,2,Air Quality Indicator
827060,386,Ozone (O3),Mean,ppb,UHF34,407,Southwest Queens,Summer 2022,2022-06-01,35.15560782,2022,6,2,Air Quality Indicator
825775,375,Nitrogen dioxide (NO2),Mean,ppb,UHF42,201,Greenpoint,Summer 2022,2022-06-01,14.06871488,2022,6,2,Air Quality Indicator
823534,365,Fine particles (PM 2.5),Mean,mcg/m3,CD,403,Jackson Heights (CD3),Summer 2022,2022-06-01,6.769809466,2022,6,2,Air Quality Indicator
823352,365,Fine particles (PM 2.5),Mean,mcg/m3,Citywide,1,New York City,Summer 2022,2022-06-01,6.446784508,2022,6,2,Air Quality Indicator
827066,386,Ozone (O3),Mean,ppb,UHF34,303,East Harlem,Summer 2022,2022-06-01,31.62649667,2022,6,2,Air Quality Indicator
827056,386,Ozone (O3),Mean,ppb,UHF34,305307,Upper East Side-Gramercy,Summer 2022,2022-06-01,29.8790862,2022,6,2,Air Quality Indicator
827065,386,Ozone (O3),Mean,ppb,UHF34,304,Upper West Side,Summer 2022,2022-06-01,29.86919003,2022,6,2,Air Quality Indicator
827125,386,Ozone (O3),Mean,ppb,UHF42,301,Washington Heights,Summer 2022,2022-06-01,29.85341007,2022,6,2,Air Quality Indicator
827051,386,Ozone (O3),Mean,ppb,UHF34,503504,Southern SI,Summer 2022,2022-06-01,35.56104123,2022,6,2,Air Quality Indicator
825994,375,Nitrogen dioxide (NO2),Mean,ppb,UHF42,409,Southeast Queens,Summer 2022,2022-06-01,9.803605923,2022,6,2,Air Quality Indicator
827077,386,Ozone (O3),Mean,ppb,UHF34,203,Bedford Stuyvesant - Crown Heights,Summer 2022,2022-06-01,33.71192434,2022,6,2,Air Quality Indicator
827080,386,Ozone (O3),Mean,ppb,UHF34,104,Pelham - Throgs Neck,Summer 2022,2022-06-01,33.2891319,2022,6,2,Air Quality Indicator
825933,375,Nitrogen dioxide (NO2),Mean,ppb,UHF34,204,East New York,Summer 2022,2022-06-01,10.9473018,2022,6,2,Air Quality Indicator
827042,386,Ozone (O3),Mean,ppb,CD,107,Upper West Side (CD7),Summer 2022,2022-06-01,29.8879642,2022,6,2,Air Quality Indicator
825970,375,Nitrogen dioxide (NO2),Mean,ppb,UHF34,103,Fordham - Bronx Pk,Summer 2022,2022-06-01,11.52139831,2022,6,2,Air Quality Indicator
825900,375,Nitrogen dioxide (NO2),Mean,ppb,UHF34,304,Upper West Side,Summer 2022,2022-06-01,14.66175373,2022,6,2,Air Quality Indicator
827000,386,Ozone (O3),Mean,ppb,CD,407,Flushing and Whitestone (CD7),Summer 2022,2022-06-01,34.44220259,2022,6,2,Air Quality Indicator
826330,375,Nitrogen dioxide (NO2),Mean,ppb,CD,312,Borough Park (CD12),Summer 2022,2022-06-01,10.29714096,2022,6,2,Air Quality Indicator
823250,365,Fine particles (PM 2.5),Mean,mcg/m3,UHF42,308,Greenwich Village - SoHo,Summer 2022,2022-06-01,8.043034783,2022,6,2,Air Quality Indicator
827115,386,Ozone (O3),Mean,ppb,UHF42,401,Long Island City - Astoria,Summer 2022,2022-06-01,32.93001894,2022,6,2,Air Quality Indicator
823271,365,Fine particles (PM 2.5),Mean,mcg/m3,UHF42,301,Washington Heights,Summer 2022,2022-06-01,7.231888703,2022,6,2,Air Quality Indicator
825867,375,Nitrogen dioxide (NO2),Mean,ppb,UHF34,309310,Union Square-Lower Manhattan,Summer 2022,2022-06-01,14.76064225,2022,6,2,Air Quality Indicator
826993,386,Ozone (O3),Mean,ppb,CD,414,Rockaway and Broad Channel (CD14),Summer 2022,2022-06-01,37.58306865,2022,6,2,Air Quality Indicator
827030,386,Ozone (O3),Mean,ppb,CD,207,Kingsbridge Heights and Bedford (CD7),Summer 2022,2022-06-01,31.51980337,2022,6,2,Air Quality Indicator
825694,375,Nitrogen dioxide (NO2),Mean,ppb,UHF42,407,Southwest Queens,Summer 2022,2022-06-01,9.702181732,2022,6,2,Air Quality Indicator
826360,375,Nitrogen dioxide (NO2),Mean,ppb,CD,404,Elmhurst and Corona (CD4),Summer 2022,2022-06-01,12.24107819,2022,6,2,Air Quality Indicator
826345,375,Nitrogen dioxide (NO2),Mean,ppb,CD,317,East Flatbush (CD17),Summer 2022,2022-06-01,10.50434711,2022,6,2,Air Quality Indicator
826117,375,Nitrogen dioxide (NO2),Mean,ppb,CD,503,Tottenville and Great Kills (CD3),Summer 2022,2022-06-01,6.772493129,2022,6,2,Air Quality Indicator
825843,375,Nitrogen dioxide (NO2),Mean,ppb,CD,103,Lower East Side and Chinatown (CD3),Summer 2022,2022-06-01,13.56502934,2022,6,2,Air Quality Indicator
825724,375,Nitrogen dioxide (NO2),Mean,ppb,UHF42,307,Gramercy Park - Murray Hill,Summer 2022,2022-06-01,19.60382423,2022,6,2,Air Quality Indicator
823211,365,Fine particles (PM 2.5),Mean,mcg/m3,CD,105,Midtown (CD5),Summer 2022,2022-06-01,8.719927105,2022,6,2,Air Quality Indicator
825739,375,Nitrogen dioxide (NO2),Mean,ppb,UHF42,302,Central Harlem - Morningside Heights,Summer 2022,2022-06-01,13.24042398,2022,6,2,Air Quality Indicator
823301,365,Fine particles (PM 2.5),Mean,mcg/m3,UHF42,202,Downtown - Heights - Slope,Summer 2022,2022-06-01,6.911800513,2022,6,2,Air Quality Indicator
825918,375,Nitrogen dioxide (NO2),Mean,ppb,UHF34,209,Bensonhurst - Bay Ridge,Summer 2022,2022-06-01,9.773626847,2022,6,2,Air Quality Indicator
825912,375,Nitrogen dioxide (NO2),Mean,ppb,UHF34,211,Williamsburg - Bushwick,Summer 2022,2022-06-01,12.66801156,2022,6,2,Air Quality Indicator
823268,365,Fine particles (PM 2.5),Mean,mcg/m3,UHF42,302,Central Harlem - Morningside Heights,Summer 2022,2022-06-01,7.126396863,2022,6,2,Air Quality Indicator
823343,365,Fine particles (PM 2.5),Mean,mcg/m3,CD,103,Lower East Side and Chinatown (CD3),Summer 2022,2022-06-01,7.41411341,2022,6,2,Air Quality Indicator
827038,386,Ozone (O3),Mean,ppb,CD,111,East Harlem (CD11),Summer 2022,2022-06-01,31.53651581,2022,6,2,Air Quality Indicator
826998,386,Ozone (O3),Mean,ppb,CD,409,Kew Gardens and Woodhaven (CD9),Summer 2022,2022-06-01,34.53289013,2022,6,2,Air Quality Indicator
827071,386,Ozone (O3),Mean,ppb,UHF34,209,Bensonhurst - Bay Ridge,Summer 2022,2022-06-01,35.81921707,2022,6,2,Air Quality Indicator
827069,386,Ozone (O3),Mean,ppb,UHF34,211,Williamsburg - Bushwick,Summer 2022,2022-06-01,33.17297803,2022,6,2,Air Quality Indicator
826114,375,Nitrogen dioxide (NO2),Mean,ppb,CD,502,South Beach and Willowbrook (CD2),Summer 2022,2022-06-01,8.007602768,2022,6,2,Air Quality Indicator
826111,375,Nitrogen dioxide (NO2),Mean,ppb,CD,501,St. George and Stapleton (CD1),Summer 2022,2022-06-01,9.300488829,2022,6,2,Air Quality Indicator
827016,386,Ozone (O3),Mean,ppb,CD,309,South Crown Heights and Lefferts Gardens (CD9),Summer 2022,2022-06-01,34.39961035,2022,6,2,Air Quality Indicator
827012,386,Ozone (O3),Mean,ppb,CD,313,Coney Island (CD13),Summer 2022,2022-06-01,37.67186939,2022,6,2,Air Quality Indicator
825790,375,Nitrogen dioxide (NO2),Mean,ppb,UHF42,103,Fordham - Bronx Pk,Summer 2022,2022-06-01,11.52139831,2022,6,2,Air Quality Indicator
825730,375,Nitrogen dioxide (NO2),Mean,ppb,UHF42,305,Upper East Side,Summer 2022,2022-06-01,15.18150009,2022,6,2,Air Quality Indicator
825763,375,Nitrogen dioxide (NO2),Mean,ppb,UHF42,205,Sunset Park,Summer 2022,2022-06-01,12.54174934,2022,6,2,Air Quality Indicator
827018,386,Ozone (O3),Mean,ppb,CD,307,Sunset Park (CD7),Summer 2022,2022-06-01,33.47063595,2022,6,2,Air Quality Indicator
823229,365,Fine particles (PM 2.5),Mean,mcg/m3,UHF42,405,Ridgewood - Forest Hills,Summer 2022,2022-06-01,6.496026238,2022,6,2,Air Quality Indicator
827110,386,Ozone (O3),Mean,ppb,UHF42,406,Fresh Meadows,Summer 2022,2022-06-01,34.22324851,2022,6,2,Air Quality Indicator
825736,375,Nitrogen dioxide (NO2),Mean,ppb,UHF42,303,East Harlem,Summer 2022,2022-06-01,12.95828058,2022,6,2,Air Quality Indicator
827114,386,Ozone (O3),Mean,ppb,UHF42,402,West Queens,Summer 2022,2022-06-01,33.5625397,2022,6,2,Air Quality Indicator
827105,386,Ozone (O3),Mean,ppb,UHF42,501,Port Richmond,Summer 2022,2022-06-01,34.23823801,2022,6,2,Air Quality Indicator
823442,365,Fine particles (PM 2.5),Mean,mcg/m3,UHF34,201,Greenpoint,Summer 2022,2022-06-01,7.186699469,2022,6,2,Air Quality Indicator
823481,365,Fine particles (PM 2.5),Mean,mcg/m3,CD,303,Bedford Stuyvesant (CD3),Annual Average 2022,2022-01-01,6.099869901,2022,1,1,Air Quality Indicator
823177,365,Fine particles (PM 2.5),Mean,mcg/m3,CD,208,Riverdale and Fieldston (CD8),Annual Average 2022,2022-01-01,6.042036842,2022,1,1,Air Quality Indicator
825783,375,Nitrogen dioxide (NO2),Mean,ppb,UHF42,105,Crotona -Tremont,Annual Average 2022,2022-01-01,17.15201747,2022,1,1,Air Quality Indicator
825960,375,Nitrogen dioxide (NO2),Mean,ppb,UHF34,202,Downtown - Heights - Slope,Annual Average 2022,2022-01-01,17.99691841,2022,1,1,Air Quality Indicator
826322,375,Nitrogen dioxide (NO2),Mean,ppb,CD,309,South Crown Heights and Lefferts Gardens (CD9),Annual Average 2022,2022-01-01,15.44228282,2022,1,1,Air Quality Indicator
823159,365,Fine particles (PM 2.5),Mean,mcg/m3,CD,202,Hunts Point and Longwood (CD2),Annual Average 2022,2022-01-01,6.515231572,2022,1,1,Air Quality Indicator
825768,375,Nitrogen dioxide (NO2),Mean,ppb,UHF42,203,Bedford Stuyvesant - Crown Heights,Annual Average 2022,2022-01-01,16.16730564,2022,1,1,Air Quality Indicator
825807,375,Nitrogen dioxide (NO2),Mean,ppb,Borough,2,Brooklyn,Annual Average 2022,2022-01-01,15.42809652,2022,1,1,Air Quality Indicator
825762,375,Nitrogen dioxide (NO2),Mean,ppb,UHF42,205,Sunset Park,Annual Average 2022,2022-01-01,17.32333632,2022,1,1,Air Quality Indicator
825726,375,Nitrogen dioxide (NO2),Mean,ppb,UHF42,306,Chelsea - Clinton,Annual Average 2022,2022-01-01,22.87959806,2022,1,1,Air Quality Indicator
825792,375,Nitrogen dioxide (NO2),Mean,ppb,UHF42,102,Northeast Bronx,Annual Average 2022,2022-01-01,15.40448714,2022,1,1,Air Quality Indicator
823216,365,Fine particles (PM 2.5),Mean,mcg/m3,UHF42,409,Southeast Queens,Annual Average 2022,2022-01-01,5.400702957,2022,1,1,Air Quality Indicator
823378,365,Fine particles (PM 2.5),Mean,mcg/m3,UHF34,409,Southeast Queens,Annual Average 2022,2022-01-01,5.400700936,2022,1,1,Air Quality Indicator
825771,375,Nitrogen dioxide (NO2),Mean,ppb,UHF42,202,Downtown - Heights - Slope,Annual Average 2022,2022-01-01,17.99691841,2022,1,1,Air Quality Indicator
825750,375,Nitrogen dioxide (NO2),Mean,ppb,UHF42,209,Bensonhurst - Bay Ridge,Annual Average 2022,2022-01-01,14.37111012,2022,1,1,Air Quality Indicator
823423,365,Fine particles (PM 2.5),Mean,mcg/m3,UHF34,207,East Flatbush - Flatbush,Annual Average 2022,2022-01-01,5.640862065,2022,1,1,Air Quality Indicator
825914,375,Nitrogen dioxide (NO2),Mean,ppb,UHF34,210,Coney Island - Sheepshead Bay,Annual Average 2022,2022-01-01,13.05855438,2022,1,1,Air Quality Indicator
823345,365,Fine particles (PM 2.5),Mean,mcg/m3,CD,102,Greenwich Village and Soho (CD2),Annual Average 2022,2022-01-01,8.421173133,2022,1,1,Air Quality Indicator
823249,365,Fine particles (PM 2.5),Mean,mcg/m3,UHF42,308,Greenwich Village - SoHo,Annual Average 2022,2022-01-01,8.045839268,2022,1,1,Air Quality Indicator
825963,375,Nitrogen dioxide (NO2),Mean,ppb,UHF34,201,Greenpoint,Annual Average 2022,2022-01-01,18.39671461,2022,1,1,Air Quality Indicator
823532,365,Fine particles (PM 2.5),Mean,mcg/m3,CD,402,Woodside and Sunnyside (CD2),Annual Average 2022,2022-01-01,6.451912064,2022,1,1,Air Quality Indicator
823571,365,Fine particles (PM 2.5),Mean,mcg/m3,CD,501,St. George and Stapleton (CD1),Annual Average 2022,2022-01-01,5.429250666,2022,1,1,Air Quality Indicator
823574,365,Fine particles (PM 2.5),Mean,mcg/m3,CD,502,South Beach and Willowbrook (CD2),Annual Average 2022,2022-01-01,5.205622176,2022,1,1,Air Quality Indicator
825902,375,Nitrogen dioxide (NO2),Mean,ppb,UHF34,303,East Harlem,Annual Average 2022,2022-01-01,16.68890291,2022,1,1,Air Quality Indicator
823372,365,Fine particles (PM 2.5),Mean,mcg/m3,UHF34,305307,Upper East Side-Gramercy,Annual Average 2022,2022-01-01,7.082453627,2022,1,1,Air Quality Indicator
823369,365,Fine particles (PM 2.5),Mean,mcg/m3,UHF34,306308,Chelsea-Village,Annual Average 2022,2022-01-01,8.266753158,2022,1,1,Air Quality Indicator
823330,365,Fine particles (PM 2.5),Mean,mcg/m3,Borough,4,Queens,Annual Average 2022,2022-01-01,5.69532372,2022,1,1,Air Quality Indicator
825890,375,Nitrogen dioxide (NO2),Mean,ppb,UHF34,403,Flushing - Clearview,Annual Average 2022,2022-01-01,15.16056711,2022,1,1,Air Quality Indicator
823390,365,Fine particles (PM 2.5),Mean,mcg/m3,UHF34,403,Flushing - Clearview,Annual Average 2022,2022-01-01,5.853685998,2022,1,1,Air Quality Indicator
825842,375,Nitrogen dioxide (NO2),Mean,ppb,CD,103,Lower East Side and Chinatown (CD3),Annual Average 2022,2022-01-01,17.78848386,2022,1,1,Air Quality Indicator
823234,365,Fine particles (PM 2.5),Mean,mcg/m3,UHF42,403,Flushing - Clearview,Annual Average 2022,2022-01-01,5.8536927,2022,1,1,Air Quality Indicator
823493,365,Fine particles (PM 2.5),Mean,mcg/m3,CD,307,Sunset Park (CD7),Annual Average 2022,2022-01-01,6.159867841,2022,1,1,Air Quality Indicator
823252,365,Fine particles (PM 2.5),Mean,mcg/m3,UHF42,307,Gramercy Park - Murray Hill,Annual Average 2022,2022-01-01,7.897742036,2022,1,1,Air Quality Indicator
823285,365,Fine particles (PM 2.5),Mean,mcg/m3,UHF42,207,East Flatbush - Flatbush,Annual Average 2022,2022-01-01,5.640862065,2022,1,1,Air Quality Indicator
825777,375,Nitrogen dioxide (NO2),Mean,ppb,UHF42,107,Hunts Point - Mott Haven,Annual Average 2022,2022-01-01,17.35166499,2022,1,1,Air Quality Indicator
823225,365,Fine particles (PM 2.5),Mean,mcg/m3,UHF42,406,Fresh Meadows,Annual Average 2022,2022-01-01,5.500339599,2022,1,1,Air Quality Indicator
826047,375,Nitrogen dioxide (NO2),Mean,ppb,CD,305,East New York and Starrett City (CD5),Annual Average 2022,2022-01-01,15.39830729,2022,1,1,Air Quality Indicator
823174,365,Fine particles (PM 2.5),Mean,mcg/m3,CD,207,Kingsbridge Heights and Bedford (CD7),Annual Average 2022,2022-01-01,6.170215371,2022,1,1,Air Quality Indicator
825705,375,Nitrogen dioxide (NO2),Mean,ppb,UHF42,403,Flushing - Clearview,Annual Average 2022,2022-01-01,15.1669961,2022,1,1,Air Quality Indicator
825848,375,Nitrogen dioxide (NO2),Mean,ppb,CD,101,Financial District (CD1),Annual Average 2022,2022-01-01,20.96451113,2022,1,1,Air Quality Indicator
825896,375,Nitrogen dioxide (NO2),Mean,ppb,UHF34,401,Long Island City - Astoria,Annual Average 2022,2022-01-01,17.37601895,2022,1,1,Air Quality Indicator
826367,375,Nitrogen dioxide (NO2),Mean,ppb,CD,406,Rego Park and Forest Hills (CD6),Annual Average 2022,2022-01-01,15.33439746,2022,1,1,Air Quality Indicator
825966,375,Nitrogen dioxide (NO2),Mean,ppb,UHF34,104,Pelham - Throgs Neck,Annual Average 2022,2022-01-01,15.80333897,2022,1,1,Air Quality Indicator
823375,365,Fine particles (PM 2.5),Mean,mcg/m3,UHF34,410,Rockaways,Annual Average 2022,2022-01-01,5.027691213,2022,1,1,Air Quality Indicator
823429,365,Fine particles (PM 2.5),Mean,mcg/m3,UHF34,205,Sunset Park,Annual Average 2022,2022-01-01,6.182803784,2022,1,1,Air Quality Indicator
823559,365,Fine particles (PM 2.5),Mean,mcg/m3,CD,411,Bayside and Little Neck (CD11),Annual Average 2022,2022-01-01,5.585495488,2022,1,1,Air Quality Indicator
823300,365,Fine particles (PM 2.5),Mean,mcg/m3,UHF42,202,Downtown - Heights - Slope,Annual Average 2022,2022-01-01,6.387990997,2022,1,1,Air Quality Indicator
823354,365,Fine particles (PM 2.5),Mean,mcg/m3,UHF34,105106107,South Bronx,Annual Average 2022,2022-01-01,6.190293563,2022,1,1,Air Quality Indicator
825741,375,Nitrogen dioxide (NO2),Mean,ppb,UHF42,301,Washington Heights,Annual Average 2022,2022-01-01,16.86414424,2022,1,1,Air Quality Indicator
823237,365,Fine particles (PM 2.5),Mean,mcg/m3,UHF42,402,West Queens,Annual Average 2022,2022-01-01,6.195663561,2022,1,1,Air Quality Indicator
823255,365,Fine particles (PM 2.5),Mean,mcg/m3,UHF42,306,Chelsea - Clinton,Annual Average 2022,2022-01-01,8.378450902,2022,1,1,Air Quality Indicator
825984,375,Nitrogen dioxide (NO2),Mean,ppb,UHF42,502,Stapleton - St. George,Annual Average 2022,2022-01-01,13.08108638,2022,1,1,Air Quality Indicator
826035,375,Nitrogen dioxide (NO2),Mean,ppb,CD,301,Greenpoint and Williamsburg (CD1),Annual Average 2022,2022-01-01,18.51590574,2022,1,1,Air Quality Indicator
825878,375,Nitrogen dioxide (NO2),Mean,ppb,UHF34,409,Southeast Queens,Annual Average 2022,2022-01-01,14.11301581,2022,1,1,Air Quality Indicator
823444,365,Fine particles (PM 2.5),Mean,mcg/m3,UHF34,104,Pelham - Throgs Neck,Annual Average 2022,2022-01-01,6.06439456,2022,1,1,Air Quality Indicator
823487,365,Fine particles (PM 2.5),Mean,mcg/m3,CD,305,East New York and Starrett City (CD5),Annual Average 2022,2022-01-01,5.690826328,2022,1,1,Air Quality Indicator
825875,375,Nitrogen dioxide (NO2),Mean,ppb,UHF34,410,Rockaways,Annual Average 2022,2022-01-01,11.40160263,2022,1,1,Air Quality Indicator
825893,375,Nitrogen dioxide (NO2),Mean,ppb,UHF34,402,West Queens,Annual Average 2022,2022-01-01,16.93576692,2022,1,1,Air Quality Indicator
825720,375,Nitrogen dioxide (NO2),Mean,ppb,UHF42,308,Greenwich Village - SoHo,Annual Average 2022,2022-01-01,20.45198364,2022,1,1,Air Quality Indicator
825723,375,Nitrogen dioxide (NO2),Mean,ppb,UHF42,307,Gramercy Park - Murray Hill,Annual Average 2022,2022-01-01,22.93485765,2022,1,1,Air Quality Indicator
823228,365,Fine particles (PM 2.5),Mean,mcg/m3,UHF42,405,Ridgewood - Forest Hills,Annual Average 2022,2022-01-01,5.754248643,2022,1,1,Air Quality Indicator
823462,365,Fine particles (PM 2.5),Mean,mcg/m3,UHF42,502,Stapleton - St. George,Annual Average 2022,2022-01-01,5.306275762,2022,1,1,Air Quality Indicator
825905,375,Nitrogen dioxide (NO2),Mean,ppb,UHF34,302,Central Harlem - Morningside Heights,Annual Average 2022,2022-01-01,16.86614244,2022,1,1,Air Quality Indicator
825747,375,Nitrogen dioxide (NO2),Mean,ppb,UHF42,210,Coney Island - Sheepshead Bay,Annual Average 2022,2022-01-01,13.05855438,2022,1,1,Air Quality Indicator
823432,365,Fine particles (PM 2.5),Mean,mcg/m3,UHF34,204,East New York,Annual Average 2022,2022-01-01,5.747771906,2022,1,1,Air Quality Indicator
826020,375,Nitrogen dioxide (NO2),Mean,ppb,CD,208,Riverdale and Fieldston (CD8),Annual Average 2022,2022-01-01,14.48780464,2022,1,1,Air Quality Indicator
825887,375,Nitrogen dioxide (NO2),Mean,ppb,UHF34,405,Ridgewood - Forest Hills,Annual Average 2022,2022-01-01,15.2081041,2022,1,1,Air Quality Indicator
823321,365,Fine particles (PM 2.5),Mean,mcg/m3,UHF42,102,Northeast Bronx,Annual Average 2022,2022-01-01,6.03261533,2022,1,1,Air Quality Indicator
825759,375,Nitrogen dioxide (NO2),Mean,ppb,UHF42,206,Borough Park,Annual Average 2022,2022-01-01,14.98253169,2022,1,1,Air Quality Indicator
825999,375,Nitrogen dioxide (NO2),Mean,ppb,CD,201,Mott Haven and Melrose (CD1),Annual Average 2022,2022-01-01,17.82998989,2022,1,1,Air Quality Indicator
826011,375,Nitrogen dioxide (NO2),Mean,ppb,CD,205,Fordham and University Heights (CD5),Annual Average 2022,2022-01-01,17.1330789,2022,1,1,Air Quality Indicator
825833,375,Nitrogen dioxide (NO2),Mean,ppb,CD,106,Stuyvesant Town and Turtle Bay (CD6),Annual Average 2022,2022-01-01,21.07656911,2022,1,1,Air Quality Indicator
826364,375,Nitrogen dioxide (NO2),Mean,ppb,CD,405,Ridgewood and Maspeth (CD5),Annual Average 2022,2022-01-01,15.87622947,2022,1,1,Air Quality Indicator
826014,375,Nitrogen dioxide (NO2),Mean,ppb,CD,206,Belmont and East Tremont (CD6),Annual Average 2022,2022-01-01,16.58853866,2022,1,1,Air Quality Indicator
823273,365,Fine particles (PM 2.5),Mean,mcg/m3,UHF42,211,Williamsburg - Bushwick,Annual Average 2022,2022-01-01,6.411338422,2022,1,1,Air Quality Indicator
825696,375,Nitrogen dioxide (NO2),Mean,ppb,UHF42,406,Fresh Meadows,Annual Average 2022,2022-01-01,14.84726748,2022,1,1,Air Quality Indicator
823450,365,Fine particles (PM 2.5),Mean,mcg/m3,UHF34,102,Northeast Bronx,Annual Average 2022,2022-01-01,6.032611817,2022,1,1,Air Quality Indicator
823168,365,Fine particles (PM 2.5),Mean,mcg/m3,CD,205,Fordham and University Heights (CD5),Annual Average 2022,2022-01-01,6.123150287,2022,1,1,Air Quality Indicator
823523,365,Fine particles (PM 2.5),Mean,mcg/m3,CD,317,East Flatbush (CD17),Annual Average 2022,2022-01-01,5.658970885,2022,1,1,Air Quality Indicator
823348,365,Fine particles (PM 2.5),Mean,mcg/m3,CD,101,Financial District (CD1),Annual Average 2022,2022-01-01,7.213086961,2022,1,1,Air Quality Indicator
825990,375,Nitrogen dioxide (NO2),Mean,ppb,UHF42,410,Rockaways,Annual Average 2022,2022-01-01,11.40160263,2022,1,1,Air Quality Indicator
825711,375,Nitrogen dioxide (NO2),Mean,ppb,UHF42,401,Long Island City - Astoria,Annual Average 2022,2022-01-01,17.37601895,2022,1,1,Air Quality Indicator
823538,365,Fine particles (PM 2.5),Mean,mcg/m3,CD,404,Elmhurst and Corona (CD4),Annual Average 2022,2022-01-01,6.132830553,2022,1,1,Air Quality Indicator
823535,365,Fine particles (PM 2.5),Mean,mcg/m3,CD,403,Jackson Heights (CD3),Annual Average 2022,2022-01-01,6.04036743,2022,1,1,Air Quality Indicator
825699,375,Nitrogen dioxide (NO2),Mean,ppb,UHF42,405,Ridgewood - Forest Hills,Annual Average 2022,2022-01-01,15.2081041,2022,1,1,Air Quality Indicator
826077,375,Nitrogen dioxide (NO2),Mean,ppb,CD,414,Rockaway and Broad Channel (CD14),Annual Average 2022,2022-01-01,11.36047467,2022,1,1,Air Quality Indicator
825987,375,Nitrogen dioxide (NO2),Mean,ppb,UHF42,501,Port Richmond,Annual Average 2022,2022-01-01,13.49888164,2022,1,1,Air Quality Indicator
823447,365,Fine particles (PM 2.5),Mean,mcg/m3,UHF34,103,Fordham - Bronx Pk,Annual Average 2022,2022-01-01,6.126579475,2022,1,1,Air Quality Indicator
823568,365,Fine particles (PM 2.5),Mean,mcg/m3,CD,414,Rockaway and Broad Channel (CD14),Annual Average 2022,2022-01-01,5.024423733,2022,1,1,Air Quality Indicator
823399,365,Fine particles (PM 2.5),Mean,mcg/m3,UHF34,304,Upper West Side,Annual Average 2022,2022-01-01,6.111714175,2022,1,1,Air Quality Indicator
825851,375,Nitrogen dioxide (NO2),Mean,ppb,Citywide,1,New York City,Annual Average 2022,2022-01-01,14.72587893,2022,1,1,Air Quality Indicator
823192,365,Fine particles (PM 2.5),Mean,mcg/m3,CD,111,East Harlem (CD11),Annual Average 2022,2022-01-01,6.164136723,2022,1,1,Air Quality Indicator
823198,365,Fine particles (PM 2.5),Mean,mcg/m3,CD,109,Morningside Heights and Hamilton Heights (CD9),Annual Average 2022,2022-01-01,6.246436688,2022,1,1,Air Quality Indicator
825714,375,Nitrogen dioxide (NO2),Mean,ppb,UHF42,310,Lower Manhattan,Annual Average 2022,2022-01-01,20.80571845,2022,1,1,Air Quality Indicator
826032,375,Nitrogen dioxide (NO2),Mean,ppb,CD,212,Williamsbridge and Baychester (CD12),Annual Average 2022,2022-01-01,15.22801035,2022,1,1,Air Quality Indicator
823171,365,Fine particles (PM 2.5),Mean,mcg/m3,CD,206,Belmont and East Tremont (CD6),Annual Average 2022,2022-01-01,6.308894366,2022,1,1,Air Quality Indicator
823459,365,Fine particles (PM 2.5),Mean,mcg/m3,UHF42,503,Willowbrook,Annual Average 2022,2022-01-01,5.233294329,2022,1,1,Air Quality Indicator
823499,365,Fine particles (PM 2.5),Mean,mcg/m3,CD,309,South Crown Heights and Lefferts Gardens (CD9),Annual Average 2022,2022-01-01,5.722829885,2022,1,1,Air Quality Indicator
823180,365,Fine particles (PM 2.5),Mean,mcg/m3,CD,209,Parkchester and Soundview (CD9),Annual Average 2022,2022-01-01,6.148854199,2022,1,1,Air Quality Indicator
823213,365,Fine particles (PM 2.5),Mean,mcg/m3,CD,104,Clinton and Chelsea (CD4),Annual Average 2022,2022-01-01,7.818004398,2022,1,1,Air Quality Indicator
825801,375,Nitrogen dioxide (NO2),Mean,ppb,Borough,4,Queens,Annual Average 2022,2022-01-01,14.91358384,2022,1,1,Air Quality Indicator
825920,375,Nitrogen dioxide (NO2),Mean,ppb,UHF34,208,Canarsie - Flatlands,Annual Average 2022,2022-01-01,13.42918299,2022,1,1,Air Quality Indicator
825717,375,Nitrogen dioxide (NO2),Mean,ppb,UHF42,309,Union Square - Lower East Side,Annual Average 2022,2022-01-01,18.02876309,2022,1,1,Air Quality Indicator
825845,375,Nitrogen dioxide (NO2),Mean,ppb,CD,102,Greenwich Village and Soho (CD2),Annual Average 2022,2022-01-01,20.22773331,2022,1,1,Air Quality Indicator
823357,365,Fine particles (PM 2.5),Mean,mcg/m3,UHF34,503504,Southern SI,Annual Average 2022,2022-01-01,5.095717344,2022,1,1,Air Quality Indicator
825899,375,Nitrogen dioxide (NO2),Mean,ppb,UHF34,304,Upper West Side,Annual Average 2022,2022-01-01,18.1592721,2022,1,1,Air Quality Indicator
823363,365,Fine particles (PM 2.5),Mean,mcg/m3,UHF34,404406,Bayside Little Neck-Fresh Meadows,Annual Average 2022,2022-01-01,5.555328298,2022,1,1,Air Quality Indicator
825857,375,Nitrogen dioxide (NO2),Mean,ppb,UHF34,503504,Southern SI,Annual Average 2022,2022-01-01,10.4002227,2022,1,1,Air Quality Indicator
825830,375,Nitrogen dioxide (NO2),Mean,ppb,CD,107,Upper West Side (CD7),Annual Average 2022,2022-01-01,18.1703003,2022,1,1,Air Quality Indicator
825798,375,Nitrogen dioxide (NO2),Mean,ppb,Borough,5,Staten Island,Annual Average 2022,2022-01-01,11.24307983,2022,1,1,Air Quality Indicator
825774,375,Nitrogen dioxide (NO2),Mean,ppb,UHF42,201,Greenpoint,Annual Average 2022,2022-01-01,18.39671461,2022,1,1,Air Quality Indicator
823204,365,Fine particles (PM 2.5),Mean,mcg/m3,CD,107,Upper West Side (CD7),Annual Average 2022,2022-01-01,6.101604201,2022,1,1,Air Quality Indicator
823402,365,Fine particles (PM 2.5),Mean,mcg/m3,UHF34,303,East Harlem,Annual Average 2022,2022-01-01,6.148291756,2022,1,1,Air Quality Indicator
825738,375,Nitrogen dioxide (NO2),Mean,ppb,UHF42,302,Central Harlem - Morningside Heights,Annual Average 2022,2022-01-01,16.86623851,2022,1,1,Air Quality Indicator
825854,375,Nitrogen dioxide (NO2),Mean,ppb,UHF34,105106107,South Bronx,Annual Average 2022,2022-01-01,17.25017525,2022,1,1,Air Quality Indicator
823297,365,Fine particles (PM 2.5),Mean,mcg/m3,UHF42,203,Bedford Stuyvesant - Crown Heights,Annual Average 2022,2022-01-01,5.930993839,2022,1,1,Air Quality Indicator
826044,375,Nitrogen dioxide (NO2),Mean,ppb,CD,304,Bushwick (CD4),Annual Average 2022,2022-01-01,16.5740424,2022,1,1,Air Quality Indicator
823384,365,Fine particles (PM 2.5),Mean,mcg/m3,UHF34,407,Southwest Queens,Annual Average 2022,2022-01-01,5.534000948,2022,1,1,Air Quality Indicator
823258,365,Fine particles (PM 2.5),Mean,mcg/m3,UHF42,305,Upper East Side,Annual Average 2022,2022-01-01,6.361393551,2022,1,1,Air Quality Indicator
826074,375,Nitrogen dioxide (NO2),Mean,ppb,CD,413,Queens Village (CD13),Annual Average 2022,2022-01-01,14.27800685,2022,1,1,Air Quality Indicator
825926,375,Nitrogen dioxide (NO2),Mean,ppb,UHF34,206,Borough Park,Annual Average 2022,2022-01-01,14.98253169,2022,1,1,Air Quality Indicator
823309,365,Fine particles (PM 2.5),Mean,mcg/m3,UHF42,106,High Bridge - Morrisania,Annual Average 2022,2022-01-01,6.067705336,2022,1,1,Air Quality Indicator
823505,365,Fine particles (PM 2.5),Mean,mcg/m3,CD,311,Bensonhurst (CD11),Annual Average 2022,2022-01-01,5.533321435,2022,1,1,Air Quality Indicator
825872,375,Nitrogen dioxide (NO2),Mean,ppb,UHF34,305307,Upper East Side-Gramercy,Annual Average 2022,2022-01-01,20.74648204,2022,1,1,Air Quality Indicator
825917,375,Nitrogen dioxide (NO2),Mean,ppb,UHF34,209,Bensonhurst - Bay Ridge,Annual Average 2022,2022-01-01,14.37111012,2022,1,1,Air Quality Indicator
823261,365,Fine particles (PM 2.5),Mean,mcg/m3,UHF42,304,Upper West Side,Annual Average 2022,2022-01-01,6.111708505,2022,1,1,Air Quality Indicator
825869,375,Nitrogen dioxide (NO2),Mean,ppb,UHF34,306308,Chelsea-Village,Annual Average 2022,2022-01-01,22.06694294,2022,1,1,Air Quality Indicator
823381,365,Fine particles (PM 2.5),Mean,mcg/m3,UHF34,408,Jamaica,Annual Average 2022,2022-01-01,5.627665469,2022,1,1,Air Quality Indicator
823484,365,Fine particles (PM 2.5),Mean,mcg/m3,CD,304,Bushwick (CD4),Annual Average 2022,2022-01-01,6.261674584,2022,1,1,Air Quality Indicator
825789,375,Nitrogen dioxide (NO2),Mean,ppb,UHF42,103,Fordham - Bronx Pk,Annual Average 2022,2022-01-01,15.34528147,2022,1,1,Air Quality Indicator
823456,365,Fine particles (PM 2.5),Mean,mcg/m3,UHF42,504,South Beach - Tottenville,Annual Average 2022,2022-01-01,5.014744745,2022,1,1,Air Quality Indicator
823324,365,Fine particles (PM 2.5),Mean,mcg/m3,UHF42,101,Kingsbridge - Riverdale,Annual Average 2022,2022-01-01,6.046809555,2022,1,1,Air Quality Indicator
823502,365,Fine particles (PM 2.5),Mean,mcg/m3,CD,310,Bay Ridge and Dyker Heights (CD10),Annual Average 2022,2022-01-01,5.740224276,2022,1,1,Air Quality Indicator
823411,365,Fine particles (PM 2.5),Mean,mcg/m3,UHF34,211,Williamsburg - Bushwick,Annual Average 2022,2022-01-01,6.411338422,2022,1,1,Air Quality Indicator
823417,365,Fine particles (PM 2.5),Mean,mcg/m3,UHF34,209,Bensonhurst - Bay Ridge,Annual Average 2022,2022-01-01,5.58462253,2022,1,1,Air Quality Indicator
823550,365,Fine particles (PM 2.5),Mean,mcg/m3,CD,408,Hillcrest and Fresh Meadows (CD8),Annual Average 2022,2022-01-01,5.525890879,2022,1,1,Air Quality Indicator
825972,375,Nitrogen dioxide (NO2),Mean,ppb,UHF34,102,Northeast Bronx,Annual Average 2022,2022-01-01,15.40449668,2022,1,1,Air Quality Indicator
826337,375,Nitrogen dioxide (NO2),Mean,ppb,CD,314,Flatbush and Midwood (CD14),Annual Average 2022,2022-01-01,14.65277326,2022,1,1,Air Quality Indicator
823165,365,Fine particles (PM 2.5),Mean,mcg/m3,CD,204,Highbridge and Concourse (CD4),Annual Average 2022,2022-01-01,6.038090123,2022,1,1,Air Quality Indicator
826005,375,Nitrogen dioxide (NO2),Mean,ppb,CD,203,Morrisania and Crotona (CD3),Annual Average 2022,2022-01-01,16.93232494,2022,1,1,Air Quality Indicator
823544,365,Fine particles (PM 2.5),Mean,mcg/m3,CD,406,Rego Park and Forest Hills (CD6),Annual Average 2022,2022-01-01,5.658002725,2022,1,1,Air Quality Indicator
823562,365,Fine particles (PM 2.5),Mean,mcg/m3,CD,412,Jamaica and Hollis (CD12),Annual Average 2022,2022-01-01,5.597107074,2022,1,1,Air Quality Indicator
823195,365,Fine particles (PM 2.5),Mean,mcg/m3,CD,110,Central Harlem (CD10),Annual Average 2022,2022-01-01,6.248865352,2022,1,1,Air Quality Indicator
825929,375,Nitrogen dioxide (NO2),Mean,ppb,UHF34,205,Sunset Park,Annual Average 2022,2022-01-01,17.32387633,2022,1,1,Air Quality Indicator
823342,365,Fine particles (PM 2.5),Mean,mcg/m3,CD,103,Lower East Side and Chinatown (CD3),Annual Average 2022,2022-01-01,7.174918081,2022,1,1,Air Quality Indicator
826379,375,Nitrogen dioxide (NO2),Mean,ppb,CD,410,South Ozone Park and Howard Beach (CD10),Annual Average 2022,2022-01-01,13.74823684,2022,1,1,Air Quality Indicator
826325,375,Nitrogen dioxide (NO2),Mean,ppb,CD,310,Bay Ridge and Dyker Heights (CD10),Annual Average 2022,2022-01-01,15.2051626,2022,1,1,Air Quality Indicator
825932,375,Nitrogen dioxide (NO2),Mean,ppb,UHF34,204,East New York,Annual Average 2022,2022-01-01,15.63027325,2022,1,1,Air Quality Indicator
826017,375,Nitrogen dioxide (NO2),Mean,ppb,CD,207,Kingsbridge Heights and Bedford (CD7),Annual Average 2022,2022-01-01,15.80211389,2022,1,1,Air Quality Indicator
823336,365,Fine particles (PM 2.5),Mean,mcg/m3,Borough,2,Brooklyn,Annual Average 2022,2022-01-01,5.806389358,2022,1,1,Air Quality Indicator
826071,375,Nitrogen dioxide (NO2),Mean,ppb,CD,412,Jamaica and Hollis (CD12),Annual Average 2022,2022-01-01,14.73289409,2022,1,1,Air Quality Indicator
826050,375,Nitrogen dioxide (NO2),Mean,ppb,CD,306,Park Slope and Carroll Gardens (CD6),Annual Average 2022,2022-01-01,17.46896851,2022,1,1,Air Quality Indicator
826328,375,Nitrogen dioxide (NO2),Mean,ppb,CD,311,Bensonhurst (CD11),Annual Average 2022,2022-01-01,14.09122812,2022,1,1,Air Quality Indicator
825957,375,Nitrogen dioxide (NO2),Mean,ppb,UHF34,203,Bedford Stuyvesant - Crown Heights,Annual Average 2022,2022-01-01,16.16730564,2022,1,1,Air Quality Indicator
825993,375,Nitrogen dioxide (NO2),Mean,ppb,UHF42,409,Southeast Queens,Annual Average 2022,2022-01-01,14.1130938,2022,1,1,Air Quality Indicator
826067,375,Nitrogen dioxide (NO2),Mean,ppb,CD,307,Sunset Park (CD7),Annual Average 2022,2022-01-01,17.36871859,2022,1,1,Air Quality Indicator
823294,365,Fine particles (PM 2.5),Mean,mcg/m3,UHF42,204,East New York,Annual Average 2022,2022-01-01,5.747771906,2022,1,1,Air Quality Indicator
823279,365,Fine particles (PM 2.5),Mean,mcg/m3,UHF42,209,Bensonhurst - Bay Ridge,Annual Average 2022,2022-01-01,5.58462253,2022,1,1,Air Quality Indicator
823496,365,Fine particles (PM 2.5),Mean,mcg/m3,CD,308,Crown Heights and Prospect Heights (CD8),Annual Average 2022,2022-01-01,6.106233431,2022,1,1,Air Quality Indicator
826370,375,Nitrogen dioxide (NO2),Mean,ppb,CD,407,Flushing and Whitestone (CD7),Annual Average 2022,2022-01-01,15.19825501,2022,1,1,Air Quality Indicator
826331,375,Nitrogen dioxide (NO2),Mean,ppb,CD,312,Borough Park (CD12),Annual Average 2022,2022-01-01,15.16900525,2022,1,1,Air Quality Indicator
823490,365,Fine particles (PM 2.5),Mean,mcg/m3,CD,306,Park Slope and Carroll Gardens (CD6),Annual Average 2022,2022-01-01,6.373445436,2022,1,1,Air Quality Indicator
823201,365,Fine particles (PM 2.5),Mean,mcg/m3,CD,108,Upper East Side (CD8),Annual Average 2022,2022-01-01,6.376792447,2022,1,1,Air Quality Indicator
825729,375,Nitrogen dioxide (NO2),Mean,ppb,UHF42,305,Upper East Side,Annual Average 2022,2022-01-01,18.81322226,2022,1,1,Air Quality Indicator
826349,375,Nitrogen dioxide (NO2),Mean,ppb,CD,318,Flatlands and Canarsie (CD18),Annual Average 2022,2022-01-01,13.32698641,2022,1,1,Air Quality Indicator
826346,375,Nitrogen dioxide (NO2),Mean,ppb,CD,317,East Flatbush (CD17),Annual Average 2022,2022-01-01,15.30286219,2022,1,1,Air Quality Indicator
823207,365,Fine particles (PM 2.5),Mean,mcg/m3,CD,106,Stuyvesant Town and Turtle Bay (CD6),Annual Average 2022,2022-01-01,7.470738375,2022,1,1,Air Quality Indicator
823312,365,Fine particles (PM 2.5),Mean,mcg/m3,UHF42,105,Crotona -Tremont,Annual Average 2022,2022-01-01,6.232981101,2022,1,1,Air Quality Indicator
823339,365,Fine particles (PM 2.5),Mean,mcg/m3,Borough,1,Bronx,Annual Average 2022,2022-01-01,6.101699156,2022,1,1,Air Quality Indicator
823318,365,Fine particles (PM 2.5),Mean,mcg/m3,UHF42,103,Fordham - Bronx Pk,Annual Average 2022,2022-01-01,6.126579475,2022,1,1,Air Quality Indicator
826361,375,Nitrogen dioxide (NO2),Mean,ppb,CD,404,Elmhurst and Corona (CD4),Annual Average 2022,2022-01-01,16.37041762,2022,1,1,Air Quality Indicator
826358,375,Nitrogen dioxide (NO2),Mean,ppb,CD,403,Jackson Heights (CD3),Annual Average 2022,2022-01-01,15.51556433,2022,1,1,Air Quality Indicator
825786,375,Nitrogen dioxide (NO2),Mean,ppb,UHF42,104,Pelham - Throgs Neck,Annual Average 2022,2022-01-01,15.80333897,2022,1,1,Air Quality Indicator
825708,375,Nitrogen dioxide (NO2),Mean,ppb,UHF42,402,West Queens,Annual Average 2022,2022-01-01,16.93576692,2022,1,1,Air Quality Indicator
823162,365,Fine particles (PM 2.5),Mean,mcg/m3,CD,203,Morrisania and Crotona (CD3),Annual Average 2022,2022-01-01,6.29030656,2022,1,1,Air Quality Indicator
825765,375,Nitrogen dioxide (NO2),Mean,ppb,UHF42,204,East New York,Annual Average 2022,2022-01-01,15.63027325,2022,1,1,Air Quality Indicator
823435,365,Fine particles (PM 2.5),Mean,mcg/m3,UHF34,203,Bedford Stuyvesant - Crown Heights,Annual Average 2022,2022-01-01,5.930993839,2022,1,1,Air Quality Indicator
823553,365,Fine particles (PM 2.5),Mean,mcg/m3,CD,409,Kew Gardens and Woodhaven (CD9),Annual Average 2022,2022-01-01,5.764181316,2022,1,1,Air Quality Indicator
823526,365,Fine particles (PM 2.5),Mean,mcg/m3,CD,318,Flatlands and Canarsie (CD18),Annual Average 2022,2022-01-01,5.332033825,2022,1,1,Air Quality Indicator
823478,365,Fine particles (PM 2.5),Mean,mcg/m3,CD,302,Fort Greene and Brooklyn Heights (CD2),Annual Average 2022,2022-01-01,6.441360442,2022,1,1,Air Quality Indicator
823219,365,Fine particles (PM 2.5),Mean,mcg/m3,UHF42,408,Jamaica,Annual Average 2022,2022-01-01,5.627562114,2022,1,1,Air Quality Indicator
826376,375,Nitrogen dioxide (NO2),Mean,ppb,CD,409,Kew Gardens and Woodhaven (CD9),Annual Average 2022,2022-01-01,15.10427401,2022,1,1,Air Quality Indicator
826023,375,Nitrogen dioxide (NO2),Mean,ppb,CD,209,Parkchester and Soundview (CD9),Annual Average 2022,2022-01-01,16.23779497,2022,1,1,Air Quality Indicator
823514,365,Fine particles (PM 2.5),Mean,mcg/m3,CD,314,Flatbush and Midwood (CD14),Annual Average 2022,2022-01-01,5.62037205,2022,1,1,Air Quality Indicator
823351,365,Fine particles (PM 2.5),Mean,mcg/m3,Citywide,1,New York City,Annual Average 2022,2022-01-01,5.762955083,2022,1,1,Air Quality Indicator
823231,365,Fine particles (PM 2.5),Mean,mcg/m3,UHF42,404,Bayside - Little Neck,Annual Average 2022,2022-01-01,5.589418743,2022,1,1,Air Quality Indicator
825908,375,Nitrogen dioxide (NO2),Mean,ppb,UHF34,301,Washington Heights,Annual Average 2022,2022-01-01,16.86402233,2022,1,1,Air Quality Indicator
823508,365,Fine particles (PM 2.5),Mean,mcg/m3,CD,312,Borough Park (CD12),Annual Average 2022,2022-01-01,5.713347246,2022,1,1,Air Quality Indicator
823438,365,Fine particles (PM 2.5),Mean,mcg/m3,UHF34,202,Downtown - Heights - Slope,Annual Average 2022,2022-01-01,6.387990997,2022,1,1,Air Quality Indicator
823387,365,Fine particles (PM 2.5),Mean,mcg/m3,UHF34,405,Ridgewood - Forest Hills,Annual Average 2022,2022-01-01,5.754248643,2022,1,1,Air Quality Indicator
823441,365,Fine particles (PM 2.5),Mean,mcg/m3,UHF34,201,Greenpoint,Annual Average 2022,2022-01-01,6.497213811,2022,1,1,Air Quality Indicator
823517,365,Fine particles (PM 2.5),Mean,mcg/m3,CD,315,Sheepshead Bay (CD15),Annual Average 2022,2022-01-01,5.389991444,2022,1,1,Air Quality Indicator
823577,365,Fine particles (PM 2.5),Mean,mcg/m3,CD,503,Tottenville and Great Kills (CD3),Annual Average 2022,2022-01-01,4.995005981,2022,1,1,Air Quality Indicator
826008,375,Nitrogen dioxide (NO2),Mean,ppb,CD,204,Highbridge and Concourse (CD4),Annual Average 2022,2022-01-01,17.26282689,2022,1,1,Air Quality Indicator
825780,375,Nitrogen dioxide (NO2),Mean,ppb,UHF42,106,High Bridge - Morrisania,Annual Average 2022,2022-01-01,17.20522688,2022,1,1,Air Quality Indicator
823405,365,Fine particles (PM 2.5),Mean,mcg/m3,UHF34,302,Central Harlem - Morningside Heights,Annual Average 2022,2022-01-01,6.245602889,2022,1,1,Air Quality Indicator
825969,375,Nitrogen dioxide (NO2),Mean,ppb,UHF34,103,Fordham - Bronx Pk,Annual Average 2022,2022-01-01,15.34528147,2022,1,1,Air Quality Indicator
823222,365,Fine particles (PM 2.5),Mean,mcg/m3,UHF42,407,Southwest Queens,Annual Average 2022,2022-01-01,5.533811217,2022,1,1,Air Quality Indicator
825978,375,Nitrogen dioxide (NO2),Mean,ppb,UHF42,504,South Beach - Tottenville,Annual Average 2022,2022-01-01,9.515994578,2022,1,1,Air Quality Indicator
826355,375,Nitrogen dioxide (NO2),Mean,ppb,CD,402,Woodside and Sunnyside (CD2),Annual Average 2022,2022-01-01,18.41367319,2022,1,1,Air Quality Indicator
825881,375,Nitrogen dioxide (NO2),Mean,ppb,UHF34,408,Jamaica,Annual Average 2022,2022-01-01,14.86027012,2022,1,1,Air Quality Indicator
825693,375,Nitrogen dioxide (NO2),Mean,ppb,UHF42,407,Southwest Queens,Annual Average 2022,2022-01-01,14.25771686,2022,1,1,Air Quality Indicator
823210,365,Fine particles (PM 2.5),Mean,mcg/m3,CD,105,Midtown (CD5),Annual Average 2022,2022-01-01,9.104075687,2022,1,1,Air Quality Indicator
825996,375,Nitrogen dioxide (NO2),Mean,ppb,UHF42,408,Jamaica,Annual Average 2022,2022-01-01,14.86009597,2022,1,1,Air Quality Indicator
826029,375,Nitrogen dioxide (NO2),Mean,ppb,CD,211,Morris Park and Bronxdale (CD11),Annual Average 2022,2022-01-01,15.41922074,2022,1,1,Air Quality Indicator
823414,365,Fine particles (PM 2.5),Mean,mcg/m3,UHF34,210,Coney Island - Sheepshead Bay,Annual Average 2022,2022-01-01,5.401120876,2022,1,1,Air Quality Indicator
825818,375,Nitrogen dioxide (NO2),Mean,ppb,CD,111,East Harlem (CD11),Annual Average 2022,2022-01-01,16.73138765,2022,1,1,Air Quality Indicator
823267,365,Fine particles (PM 2.5),Mean,mcg/m3,UHF42,302,Central Harlem - Morningside Heights,Annual Average 2022,2022-01-01,6.245586287,2022,1,1,Air Quality Indicator
823520,365,Fine particles (PM 2.5),Mean,mcg/m3,CD,316,Brownsville (CD16),Annual Average 2022,2022-01-01,5.757663772,2022,1,1,Air Quality Indicator
825756,375,Nitrogen dioxide (NO2),Mean,ppb,UHF42,207,East Flatbush - Flatbush,Annual Average 2022,2022-01-01,15.01647243,2022,1,1,Air Quality Indicator
825824,375,Nitrogen dioxide (NO2),Mean,ppb,CD,109,Morningside Heights and Hamilton Heights (CD9),Annual Average 2022,2022-01-01,16.84972409,2022,1,1,Air Quality Indicator
823282,365,Fine particles (PM 2.5),Mean,mcg/m3,UHF42,208,Canarsie - Flatlands,Annual Average 2022,2022-01-01,5.350505083,2022,1,1,Air Quality Indicator
823327,365,Fine particles (PM 2.5),Mean,mcg/m3,Borough,5,Staten Island,Annual Average 2022,2022-01-01,5.178762354,2022,1,1,Air Quality Indicator
823541,365,Fine particles (PM 2.5),Mean,mcg/m3,CD,405,Ridgewood and Maspeth (CD5),Annual Average 2022,2022-01-01,5.916417435,2022,1,1,Air Quality Indicator
825836,375,Nitrogen dioxide (NO2),Mean,ppb,CD,105,Midtown (CD5),Annual Average 2022,2022-01-01,25.46363511,2022,1,1,Air Quality Indicator
826343,375,Nitrogen dioxide (NO2),Mean,ppb,CD,316,Brownsville (CD16),Annual Average 2022,2022-01-01,15.94249185,2022,1,1,Air Quality Indicator
823565,365,Fine particles (PM 2.5),Mean,mcg/m3,CD,413,Queens Village (CD13),Annual Average 2022,2022-01-01,5.441903521,2022,1,1,Air Quality Indicator
823465,365,Fine particles (PM 2.5),Mean,mcg/m3,UHF42,501,Port Richmond,Annual Average 2022,2022-01-01,5.502310703,2022,1,1,Air Quality Indicator
823240,365,Fine particles (PM 2.5),Mean,mcg/m3,UHF42,401,Long Island City - Astoria,Annual Average 2022,2022-01-01,6.44099378,2022,1,1,Air Quality Indicator
823186,365,Fine particles (PM 2.5),Mean,mcg/m3,CD,211,Morris Park and Bronxdale (CD11),Annual Average 2022,2022-01-01,6.094025419,2022,1,1,Air Quality Indicator
825923,375,Nitrogen dioxide (NO2),Mean,ppb,UHF34,207,East Flatbush - Flatbush,Annual Average 2022,2022-01-01,15.01647243,2022,1,1,Air Quality Indicator
826038,375,Nitrogen dioxide (NO2),Mean,ppb,CD,302,Fort Greene and Brooklyn Heights (CD2),Annual Average 2022,2022-01-01,18.53568195,2022,1,1,Air Quality Indicator
823511,365,Fine particles (PM 2.5),Mean,mcg/m3,CD,313,Coney Island (CD13),Annual Average 2022,2022-01-01,5.400246773,2022,1,1,Air Quality Indicator
825839,375,Nitrogen dioxide (NO2),Mean,ppb,CD,104,Clinton and Chelsea (CD4),Annual Average 2022,2022-01-01,21.39165783,2022,1,1,Air Quality Indicator
823472,365,Fine particles (PM 2.5),Mean,mcg/m3,CD,212,Williamsbridge and Baychester (CD12),Annual Average 2022,2022-01-01,6.043308886,2022,1,1,Air Quality Indicator
823303,365,Fine particles (PM 2.5),Mean,mcg/m3,UHF42,201,Greenpoint,Annual Average 2022,2022-01-01,6.497213811,2022,1,1,Air Quality Indicator
823366,365,Fine particles (PM 2.5),Mean,mcg/m3,UHF34,309310,Union Square-Lower Manhattan,Annual Average 2022,2022-01-01,7.342729248,2022,1,1,Air Quality Indicator
826115,375,Nitrogen dioxide (NO2),Mean,ppb,CD,502,South Beach and Willowbrook (CD2),Annual Average 2022,2022-01-01,11.76841845,2022,1,1,Air Quality Indicator
823360,365,Fine particles (PM 2.5),Mean,mcg/m3,UHF34,501502,Northern SI,Annual Average 2022,2022-01-01,5.374510234,2022,1,1,Air Quality Indicator
823183,365,Fine particles (PM 2.5),Mean,mcg/m3,CD,210,Throgs Neck and Co-op City (CD10),Annual Average 2022,2022-01-01,5.961578046,2022,1,1,Air Quality Indicator
826112,375,Nitrogen dioxide (NO2),Mean,ppb,CD,501,St. George and Stapleton (CD1),Annual Average 2022,2022-01-01,13.54342268,2022,1,1,Air Quality Indicator
825702,375,Nitrogen dioxide (NO2),Mean,ppb,UHF42,404,Bayside - Little Neck,Annual Average 2022,2022-01-01,14.82315929,2022,1,1,Air Quality Indicator
823189,365,Fine particles (PM 2.5),Mean,mcg/m3,CD,112,Washington Heights and Inwood (CD12),Annual Average 2022,2022-01-01,6.280599169,2022,1,1,Air Quality Indicator
825827,375,Nitrogen dioxide (NO2),Mean,ppb,CD,108,Upper East Side (CD8),Annual Average 2022,2022-01-01,18.88016393,2022,1,1,Air Quality Indicator
823420,365,Fine particles (PM 2.5),Mean,mcg/m3,UHF34,208,Canarsie - Flatlands,Annual Average 2022,2022-01-01,5.350505083,2022,1,1,Air Quality Indicator
823529,365,Fine particles (PM 2.5),Mean,mcg/m3,CD,401,Long Island City and Astoria (CD1),Annual Average 2022,2022-01-01,6.191384712,2022,1,1,Air Quality Indicator
823315,365,Fine particles (PM 2.5),Mean,mcg/m3,UHF42,104,Pelham - Throgs Neck,Annual Average 2022,2022-01-01,6.06439456,2022,1,1,Air Quality Indicator
825815,375,Nitrogen dioxide (NO2),Mean,ppb,CD,112,Washington Heights and Inwood (CD12),Annual Average 2022,2022-01-01,16.91717916,2022,1,1,Air Quality Indicator
825735,375,Nitrogen dioxide (NO2),Mean,ppb,UHF42,303,East Harlem,Annual Average 2022,2022-01-01,16.68890291,2022,1,1,Air Quality Indicator
826026,375,Nitrogen dioxide (NO2),Mean,ppb,CD,210,Throgs Neck and Co-op City (CD10),Annual Average 2022,2022-01-01,15.54644768,2022,1,1,Air Quality Indicator
825753,375,Nitrogen dioxide (NO2),Mean,ppb,UHF42,208,Canarsie - Flatlands,Annual Average 2022,2022-01-01,13.42918299,2022,1,1,Air Quality Indicator
823291,365,Fine particles (PM 2.5),Mean,mcg/m3,UHF42,205,Sunset Park,Annual Average 2022,2022-01-01,6.182700369,2022,1,1,Air Quality Indicator
823468,365,Fine particles (PM 2.5),Mean,mcg/m3,UHF42,410,Rockaways,Annual Average 2022,2022-01-01,5.027691213,2022,1,1,Air Quality Indicator
826068,375,Nitrogen dioxide (NO2),Mean,ppb,CD,411,Bayside and Little Neck (CD11),Annual Average 2022,2022-01-01,14.83153369,2022,1,1,Air Quality Indicator
823243,365,Fine particles (PM 2.5),Mean,mcg/m3,UHF42,310,Lower Manhattan,Annual Average 2022,2022-01-01,7.105169767,2022,1,1,Air Quality Indicator
823276,365,Fine particles (PM 2.5),Mean,mcg/m3,UHF42,210,Coney Island - Sheepshead Bay,Annual Average 2022,2022-01-01,5.401120876,2022,1,1,Air Quality Indicator
823246,365,Fine particles (PM 2.5),Mean,mcg/m3,UHF42,309,Union Square - Lower East Side,Annual Average 2022,2022-01-01,7.451469795,2022,1,1,Air Quality Indicator
823393,365,Fine particles (PM 2.5),Mean,mcg/m3,UHF34,402,West Queens,Annual Average 2022,2022-01-01,6.195663561,2022,1,1,Air Quality Indicator
826041,375,Nitrogen dioxide (NO2),Mean,ppb,CD,303,Bedford Stuyvesant (CD3),Annual Average 2022,2022-01-01,16.58139096,2022,1,1,Air Quality Indicator
823453,365,Fine particles (PM 2.5),Mean,mcg/m3,UHF34,101,Kingsbridge - Riverdale,Annual Average 2022,2022-01-01,6.046809555,2022,1,1,Air Quality Indicator
825884,375,Nitrogen dioxide (NO2),Mean,ppb,UHF34,407,Southwest Queens,Annual Average 2022,2022-01-01,14.25878433,2022,1,1,Air Quality Indicator
823426,365,Fine particles (PM 2.5),Mean,mcg/m3,UHF34,206,Borough Park,Annual Average 2022,2022-01-01,5.665083598,2022,1,1,Air Quality Indicator
823156,365,Fine particles (PM 2.5),Mean,mcg/m3,CD,201,Mott Haven and Melrose (CD1),Annual Average 2022,2022-01-01,6.123500683,2022,1,1,Air Quality Indicator
825975,375,Nitrogen dioxide (NO2),Mean,ppb,UHF34,101,Kingsbridge - Riverdale,Annual Average 2022,2022-01-01,14.52914393,2022,1,1,Air Quality Indicator
823270,365,Fine particles (PM 2.5),Mean,mcg/m3,UHF42,301,Washington Heights,Annual Average 2022,2022-01-01,6.287272736,2022,1,1,Air Quality Indicator
826340,375,Nitrogen dioxide (NO2),Mean,ppb,CD,315,Sheepshead Bay (CD15),Annual Average 2022,2022-01-01,13.14523747,2022,1,1,Air Quality Indicator
826334,375,Nitrogen dioxide (NO2),Mean,ppb,CD,313,Coney Island (CD13),Annual Average 2022,2022-01-01,12.7767782,2022,1,1,Air Quality Indicator
825863,375,Nitrogen dioxide (NO2),Mean,ppb,UHF34,404406,Bayside Little Neck-Fresh Meadows,Annual Average 2022,2022-01-01,14.84032198,2022,1,1,Air Quality Indicator
826118,375,Nitrogen dioxide (NO2),Mean,ppb,CD,503,Tottenville and Great Kills (CD3),Annual Average 2022,2022-01-01,9.280613436,2022,1,1,Air Quality Indicator
823556,365,Fine particles (PM 2.5),Mean,mcg/m3,CD,410,South Ozone Park and Howard Beach (CD10),Annual Average 2022,2022-01-01,5.387698,2022,1,1,Air Quality Indicator
823396,365,Fine particles (PM 2.5),Mean,mcg/m3,UHF34,401,Long Island City - Astoria,Annual Average 2022,2022-01-01,6.44099378,2022,1,1,Air Quality Indicator
826319,375,Nitrogen dioxide (NO2),Mean,ppb,CD,308,Crown Heights and Prospect Heights (CD8),Annual Average 2022,2022-01-01,16.55698281,2022,1,1,Air Quality Indicator
825804,375,Nitrogen dioxide (NO2),Mean,ppb,Borough,3,Manhattan,Annual Average 2022,2022-01-01,19.05686321,2022,1,1,Air Quality Indicator
825866,375,Nitrogen dioxide (NO2),Mean,ppb,UHF34,309310,Union Square-Lower Manhattan,Annual Average 2022,2022-01-01,18.90074582,2022,1,1,Air Quality Indicator
826002,375,Nitrogen dioxide (NO2),Mean,ppb,CD,202,Hunts Point and Longwood (CD2),Annual Average 2022,2022-01-01,18.11608953,2022,1,1,Air Quality Indicator
823306,365,Fine particles (PM 2.5),Mean,mcg/m3,UHF42,107,Hunts Point - Mott Haven,Annual Average 2022,2022-01-01,6.24082796,2022,1,1,Air Quality Indicator
826373,375,Nitrogen dioxide (NO2),Mean,ppb,CD,408,Hillcrest and Fresh Meadows (CD8),Annual Average 2022,2022-01-01,14.72709895,2022,1,1,Air Quality Indicator
825860,375,Nitrogen dioxide (NO2),Mean,ppb,UHF34,501502,Northern SI,Annual Average 2022,2022-01-01,13.22642988,2022,1,1,Air Quality Indicator
825821,375,Nitrogen dioxide (NO2),Mean,ppb,CD,110,Central Harlem (CD10),Annual Average 2022,2022-01-01,16.76403575,2022,1,1,Air Quality Indicator
823333,365,Fine particles (PM 2.5),Mean,mcg/m3,Borough,3,Manhattan,Annual Average 2022,2022-01-01,6.964430444,2022,1,1,Air Quality Indicator
823288,365,Fine particles (PM 2.5),Mean,mcg/m3,UHF42,206,Borough Park,Annual Average 2022,2022-01-01,5.665083598,2022,1,1,Air Quality Indicator
823264,365,Fine particles (PM 2.5),Mean,mcg/m3,UHF42,303,East Harlem,Annual Average 2022,2022-01-01,6.148291756,2022,1,1,Air Quality Indicator
825981,375,Nitrogen dioxide (NO2),Mean,ppb,UHF42,503,Willowbrook,Annual Average 2022,2022-01-01,11.90257585,2022,1,1,Air Quality Indicator
825795,375,Nitrogen dioxide (NO2),Mean,ppb,UHF42,101,Kingsbridge - Riverdale,Annual Average 2022,2022-01-01,14.52914393,2022,1,1,Air Quality Indicator
826352,375,Nitrogen dioxide (NO2),Mean,ppb,CD,401,Long Island City and Astoria (CD1),Annual Average 2022,2022-01-01,16.06858676,2022,1,1,Air Quality Indicator
825744,375,Nitrogen dioxide (NO2),Mean,ppb,UHF42,211,Williamsburg - Bushwick,Annual Average 2022,2022-01-01,17.37980792,2022,1,1,Air Quality Indicator
825810,375,Nitrogen dioxide (NO2),Mean,ppb,Borough,1,Bronx,Annual Average 2022,2022-01-01,16.00255405,2022,1,1,Air Quality Indicator
825732,375,Nitrogen dioxide (NO2),Mean,ppb,UHF42,304,Upper West Side,Annual Average 2022,2022-01-01,18.1593958,2022,1,1,Air Quality Indicator
823547,365,Fine particles (PM 2.5),Mean,mcg/m3,CD,407,Flushing and Whitestone (CD7),Annual Average 2022,2022-01-01,5.869460653,2022,1,1,Air Quality Indicator
823475,365,Fine particles (PM 2.5),Mean,mcg/m3,CD,301,Greenpoint and Williamsburg (CD1),Annual Average 2022,2022-01-01,6.547744636,2022,1,1,Air Quality Indicator
825911,375,Nitrogen dioxide (NO2),Mean,ppb,UHF34,211,Williamsburg - Bushwick,Annual Average 2022,2022-01-01,17.37980792,2022,1,1,Air Quality Indicator
823408,365,Fine particles (PM 2.5),Mean,mcg/m3,UHF34,301,Washington Heights,Annual Average 2022,2022-01-01,6.287259641,2022,1,1,Air Quality Indicator
825886,375,Nitrogen dioxide (NO2),Mean,ppb,UHF34,407,Southwest Queens,Winter 2021-22,2021-12-01,19.37814707,2021,12,4,Air Quality Indicator
825770,375,Nitrogen dioxide (NO2),Mean,ppb,UHF42,203,Bedford Stuyvesant - Crown Heights,Winter 2021-22,2021-12-01,21.90490099,2021,12,4,Air Quality Indicator
825812,375,Nitrogen dioxide (NO2),Mean,ppb,Borough,1,Bronx,Winter 2021-22,2021-12-01,21.75065849,2021,12,4,Air Quality Indicator
825698,375,Nitrogen dioxide (NO2),Mean,ppb,UHF42,406,Fresh Meadows,Winter 2021-22,2021-12-01,20.03329582,2021,12,4,Air Quality Indicator
825895,375,Nitrogen dioxide (NO2),Mean,ppb,UHF34,402,West Queens,Winter 2021-22,2021-12-01,22.63052839,2021,12,4,Air Quality Indicator
823458,365,Fine particles (PM 2.5),Mean,mcg/m3,UHF42,504,South Beach - Tottenville,Winter 2021-22,2021-12-01,5.795551825,2021,12,4,Air Quality Indicator
825995,375,Nitrogen dioxide (NO2),Mean,ppb,UHF42,409,Southeast Queens,Winter 2021-22,2021-12-01,18.59759288,2021,12,4,Air Quality Indicator
825913,375,Nitrogen dioxide (NO2),Mean,ppb,UHF34,211,Williamsburg - Bushwick,Winter 2021-22,2021-12-01,23.35458927,2021,12,4,Air Quality Indicator
823293,365,Fine particles (PM 2.5),Mean,mcg/m3,UHF42,205,Sunset Park,Winter 2021-22,2021-12-01,7.303354116,2021,12,4,Air Quality Indicator
826320,375,Nitrogen dioxide (NO2),Mean,ppb,CD,309,South Crown Heights and Lefferts Gardens (CD9),Winter 2021-22,2021-12-01,21.25230904,2021,12,4,Air Quality Indicator
825710,375,Nitrogen dioxide (NO2),Mean,ppb,UHF42,402,West Queens,Winter 2021-22,2021-12-01,22.63052839,2021,12,4,Air Quality Indicator
823509,365,Fine particles (PM 2.5),Mean,mcg/m3,CD,313,Coney Island (CD13),Winter 2021-22,2021-12-01,6.569546704,2021,12,4,Air Quality Indicator
823302,365,Fine particles (PM 2.5),Mean,mcg/m3,UHF42,202,Downtown - Heights - Slope,Winter 2021-22,2021-12-01,7.365504023,2021,12,4,Air Quality Indicator
825695,375,Nitrogen dioxide (NO2),Mean,ppb,UHF42,407,Southwest Queens,Winter 2021-22,2021-12-01,19.37697012,2021,12,4,Air Quality Indicator
823323,365,Fine particles (PM 2.5),Mean,mcg/m3,UHF42,102,Northeast Bronx,Winter 2021-22,2021-12-01,7.30175338,2021,12,4,Air Quality Indicator
825862,375,Nitrogen dioxide (NO2),Mean,ppb,UHF34,501502,Northern SI,Winter 2021-22,2021-12-01,18.51222905,2021,12,4,Air Quality Indicator
823419,365,Fine particles (PM 2.5),Mean,mcg/m3,UHF34,209,Bensonhurst - Bay Ridge,Winter 2021-22,2021-12-01,6.73795274,2021,12,4,Air Quality Indicator
825965,375,Nitrogen dioxide (NO2),Mean,ppb,UHF34,201,Greenpoint,Winter 2021-22,2021-12-01,23.71531564,2021,12,4,Air Quality Indicator
823506,365,Fine particles (PM 2.5),Mean,mcg/m3,CD,312,Borough Park (CD12),Winter 2021-22,2021-12-01,6.860236525,2021,12,4,Air Quality Indicator
826033,375,Nitrogen dioxide (NO2),Mean,ppb,CD,301,Greenpoint and Williamsburg (CD1),Winter 2021-22,2021-12-01,24.02080988,2021,12,4,Air Quality Indicator
823512,365,Fine particles (PM 2.5),Mean,mcg/m3,CD,314,Flatbush and Midwood (CD14),Winter 2021-22,2021-12-01,6.741769982,2021,12,4,Air Quality Indicator
823188,365,Fine particles (PM 2.5),Mean,mcg/m3,CD,201,Mott Haven and Melrose (CD1),Winter 2021-22,2021-12-01,7.083975811,2021,12,4,Air Quality Indicator
825761,375,Nitrogen dioxide (NO2),Mean,ppb,UHF42,206,Borough Park,Winter 2021-22,2021-12-01,21.0263611,2021,12,4,Air Quality Indicator
823290,365,Fine particles (PM 2.5),Mean,mcg/m3,UHF42,206,Borough Park,Winter 2021-22,2021-12-01,6.809837367,2021,12,4,Air Quality Indicator
823311,365,Fine particles (PM 2.5),Mean,mcg/m3,UHF42,106,High Bridge - Morrisania,Winter 2021-22,2021-12-01,7.077733735,2021,12,4,Air Quality Indicator
823344,365,Fine particles (PM 2.5),Mean,mcg/m3,CD,103,Lower East Side and Chinatown (CD3),Winter 2021-22,2021-12-01,8.101011407,2021,12,4,Air Quality Indicator
825962,375,Nitrogen dioxide (NO2),Mean,ppb,UHF34,202,Downtown - Heights - Slope,Winter 2021-22,2021-12-01,23.33332186,2021,12,4,Air Quality Indicator
823248,365,Fine particles (PM 2.5),Mean,mcg/m3,UHF42,309,Union Square - Lower East Side,Winter 2021-22,2021-12-01,8.39859803,2021,12,4,Air Quality Indicator
826027,375,Nitrogen dioxide (NO2),Mean,ppb,CD,211,Morris Park and Bronxdale (CD11),Winter 2021-22,2021-12-01,21.49725123,2021,12,4,Air Quality Indicator
823332,365,Fine particles (PM 2.5),Mean,mcg/m3,Borough,4,Queens,Winter 2021-22,2021-12-01,6.681202515,2021,12,4,Air Quality Indicator
825773,375,Nitrogen dioxide (NO2),Mean,ppb,UHF42,202,Downtown - Heights - Slope,Winter 2021-22,2021-12-01,23.33332186,2021,12,4,Air Quality Indicator
823380,365,Fine particles (PM 2.5),Mean,mcg/m3,UHF34,409,Southeast Queens,Winter 2021-22,2021-12-01,6.398900945,2021,12,4,Air Quality Indicator
823335,365,Fine particles (PM 2.5),Mean,mcg/m3,Borough,3,Manhattan,Winter 2021-22,2021-12-01,7.860386604,2021,12,4,Air Quality Indicator
823401,365,Fine particles (PM 2.5),Mean,mcg/m3,UHF34,304,Upper West Side,Winter 2021-22,2021-12-01,6.806752594,2021,12,4,Air Quality Indicator
823527,365,Fine particles (PM 2.5),Mean,mcg/m3,CD,401,Long Island City and Astoria (CD1),Winter 2021-22,2021-12-01,7.088681761,2021,12,4,Air Quality Indicator
823530,365,Fine particles (PM 2.5),Mean,mcg/m3,CD,402,Woodside and Sunnyside (CD2),Winter 2021-22,2021-12-01,7.313604316,2021,12,4,Air Quality Indicator
825880,375,Nitrogen dioxide (NO2),Mean,ppb,UHF34,409,Southeast Queens,Winter 2021-22,2021-12-01,18.59771003,2021,12,4,Air Quality Indicator
823320,365,Fine particles (PM 2.5),Mean,mcg/m3,UHF42,103,Fordham - Bronx Pk,Winter 2021-22,2021-12-01,7.350776341,2021,12,4,Air Quality Indicator
823242,365,Fine particles (PM 2.5),Mean,mcg/m3,UHF42,401,Long Island City - Astoria,Winter 2021-22,2021-12-01,7.310481812,2021,12,4,Air Quality Indicator
825971,375,Nitrogen dioxide (NO2),Mean,ppb,UHF34,103,Fordham - Bronx Pk,Winter 2021-22,2021-12-01,21.05258179,2021,12,4,Air Quality Indicator
823275,365,Fine particles (PM 2.5),Mean,mcg/m3,UHF42,211,Williamsburg - Bushwick,Winter 2021-22,2021-12-01,7.398084728,2021,12,4,Air Quality Indicator
823215,365,Fine particles (PM 2.5),Mean,mcg/m3,CD,104,Clinton and Chelsea (CD4),Winter 2021-22,2021-12-01,8.681031801,2021,12,4,Air Quality Indicator
823551,365,Fine particles (PM 2.5),Mean,mcg/m3,CD,409,Kew Gardens and Woodhaven (CD9),Winter 2021-22,2021-12-01,6.754080068,2021,12,4,Air Quality Indicator
823200,365,Fine particles (PM 2.5),Mean,mcg/m3,CD,109,Morningside Heights and Hamilton Heights (CD9),Winter 2021-22,2021-12-01,7.114914707,2021,12,4,Air Quality Indicator
823350,365,Fine particles (PM 2.5),Mean,mcg/m3,CD,101,Financial District (CD1),Winter 2021-22,2021-12-01,8.160618669,2021,12,4,Air Quality Indicator
825788,375,Nitrogen dioxide (NO2),Mean,ppb,UHF42,104,Pelham - Throgs Neck,Winter 2021-22,2021-12-01,21.76856955,2021,12,4,Air Quality Indicator
823338,365,Fine particles (PM 2.5),Mean,mcg/m3,Borough,2,Brooklyn,Winter 2021-22,2021-12-01,6.865683577,2021,12,4,Air Quality Indicator
826003,375,Nitrogen dioxide (NO2),Mean,ppb,CD,203,Morrisania and Crotona (CD3),Winter 2021-22,2021-12-01,22.69667171,2021,12,4,Air Quality Indicator
823212,365,Fine particles (PM 2.5),Mean,mcg/m3,CD,105,Midtown (CD5),Winter 2021-22,2021-12-01,10.14130492,2021,12,4,Air Quality Indicator
823191,365,Fine particles (PM 2.5),Mean,mcg/m3,CD,112,Washington Heights and Inwood (CD12),Winter 2021-22,2021-12-01,7.30197507,2021,12,4,Air Quality Indicator
823566,365,Fine particles (PM 2.5),Mean,mcg/m3,CD,414,Rockaway and Broad Channel (CD14),Winter 2021-22,2021-12-01,5.964648061,2021,12,4,Air Quality Indicator
825835,375,Nitrogen dioxide (NO2),Mean,ppb,CD,106,Stuyvesant Town and Turtle Bay (CD6),Winter 2021-22,2021-12-01,25.41068875,2021,12,4,Air Quality Indicator
823533,365,Fine particles (PM 2.5),Mean,mcg/m3,CD,403,Jackson Heights (CD3),Winter 2021-22,2021-12-01,7.000085217,2021,12,4,Air Quality Indicator
825776,375,Nitrogen dioxide (NO2),Mean,ppb,UHF42,201,Greenpoint,Winter 2021-22,2021-12-01,23.71531564,2021,12,4,Air Quality Indicator
826009,375,Nitrogen dioxide (NO2),Mean,ppb,CD,205,Fordham and University Heights (CD5),Winter 2021-22,2021-12-01,22.18287531,2021,12,4,Air Quality Indicator
825826,375,Nitrogen dioxide (NO2),Mean,ppb,CD,109,Morningside Heights and Hamilton Heights (CD9),Winter 2021-22,2021-12-01,21.27730659,2021,12,4,Air Quality Indicator
825922,375,Nitrogen dioxide (NO2),Mean,ppb,UHF34,208,Canarsie - Flatlands,Winter 2021-22,2021-12-01,19.18550528,2021,12,4,Air Quality Indicator
823353,365,Fine particles (PM 2.5),Mean,mcg/m3,Citywide,1,New York City,Winter 2021-22,2021-12-01,6.761879295,2021,12,4,Air Quality Indicator
823230,365,Fine particles (PM 2.5),Mean,mcg/m3,UHF42,405,Ridgewood - Forest Hills,Winter 2021-22,2021-12-01,6.703134065,2021,12,4,Air Quality Indicator
823329,365,Fine particles (PM 2.5),Mean,mcg/m3,Borough,5,Staten Island,Winter 2021-22,2021-12-01,6.061045884,2021,12,4,Air Quality Indicator
825814,375,Nitrogen dioxide (NO2),Mean,ppb,CD,201,Mott Haven and Melrose (CD1),Winter 2021-22,2021-12-01,23.4564059,2021,12,4,Air Quality Indicator
826048,375,Nitrogen dioxide (NO2),Mean,ppb,CD,306,Park Slope and Carroll Gardens (CD6),Winter 2021-22,2021-12-01,23.05759349,2021,12,4,Air Quality Indicator
823209,365,Fine particles (PM 2.5),Mean,mcg/m3,CD,106,Stuyvesant Town and Turtle Bay (CD6),Winter 2021-22,2021-12-01,8.334763209,2021,12,4,Air Quality Indicator
825797,375,Nitrogen dioxide (NO2),Mean,ppb,UHF42,101,Kingsbridge - Riverdale,Winter 2021-22,2021-12-01,19.83819789,2021,12,4,Air Quality Indicator
823206,365,Fine particles (PM 2.5),Mean,mcg/m3,CD,107,Upper West Side (CD7),Winter 2021-22,2021-12-01,6.790552345,2021,12,4,Air Quality Indicator
823239,365,Fine particles (PM 2.5),Mean,mcg/m3,UHF42,402,West Queens,Winter 2021-22,2021-12-01,7.128130858,2021,12,4,Air Quality Indicator
826365,375,Nitrogen dioxide (NO2),Mean,ppb,CD,406,Rego Park and Forest Hills (CD6),Winter 2021-22,2021-12-01,20.79899333,2021,12,4,Air Quality Indicator
823272,365,Fine particles (PM 2.5),Mean,mcg/m3,UHF42,301,Washington Heights,Winter 2021-22,2021-12-01,7.286981107,2021,12,4,Air Quality Indicator
826371,375,Nitrogen dioxide (NO2),Mean,ppb,CD,408,Hillcrest and Fresh Meadows (CD8),Winter 2021-22,2021-12-01,19.80003203,2021,12,4,Air Quality Indicator
823284,365,Fine particles (PM 2.5),Mean,mcg/m3,UHF42,208,Canarsie - Flatlands,Winter 2021-22,2021-12-01,6.407656215,2021,12,4,Air Quality Indicator
823500,365,Fine particles (PM 2.5),Mean,mcg/m3,CD,310,Bay Ridge and Dyker Heights (CD10),Winter 2021-22,2021-12-01,6.880545245,2021,12,4,Air Quality Indicator
823542,365,Fine particles (PM 2.5),Mean,mcg/m3,CD,406,Rego Park and Forest Hills (CD6),Winter 2021-22,2021-12-01,6.60710926,2021,12,4,Air Quality Indicator
825910,375,Nitrogen dioxide (NO2),Mean,ppb,UHF34,301,Washington Heights,Winter 2021-22,2021-12-01,21.23270457,2021,12,4,Air Quality Indicator
823488,365,Fine particles (PM 2.5),Mean,mcg/m3,CD,306,Park Slope and Carroll Gardens (CD6),Winter 2021-22,2021-12-01,7.399535234,2021,12,4,Air Quality Indicator
825968,375,Nitrogen dioxide (NO2),Mean,ppb,UHF34,104,Pelham - Throgs Neck,Winter 2021-22,2021-12-01,21.76856955,2021,12,4,Air Quality Indicator
823521,365,Fine particles (PM 2.5),Mean,mcg/m3,CD,317,East Flatbush (CD17),Winter 2021-22,2021-12-01,6.726360994,2021,12,4,Air Quality Indicator
826353,375,Nitrogen dioxide (NO2),Mean,ppb,CD,402,Woodside and Sunnyside (CD2),Winter 2021-22,2021-12-01,24.08199337,2021,12,4,Air Quality Indicator
825764,375,Nitrogen dioxide (NO2),Mean,ppb,UHF42,205,Sunset Park,Winter 2021-22,2021-12-01,23.13943531,2021,12,4,Air Quality Indicator
825785,375,Nitrogen dioxide (NO2),Mean,ppb,UHF42,105,Crotona -Tremont,Winter 2021-22,2021-12-01,22.44201078,2021,12,4,Air Quality Indicator
825740,375,Nitrogen dioxide (NO2),Mean,ppb,UHF42,302,Central Harlem - Morningside Heights,Winter 2021-22,2021-12-01,21.55429779,2021,12,4,Air Quality Indicator
825847,375,Nitrogen dioxide (NO2),Mean,ppb,CD,102,Greenwich Village and Soho (CD2),Winter 2021-22,2021-12-01,24.44732705,2021,12,4,Air Quality Indicator
823181,365,Fine particles (PM 2.5),Mean,mcg/m3,CD,210,Throgs Neck and Co-op City (CD10),Winter 2021-22,2021-12-01,7.158332563,2021,12,4,Air Quality Indicator
826362,375,Nitrogen dioxide (NO2),Mean,ppb,CD,405,Ridgewood and Maspeth (CD5),Winter 2021-22,2021-12-01,21.799273,2021,12,4,Air Quality Indicator
823536,365,Fine particles (PM 2.5),Mean,mcg/m3,CD,404,Elmhurst and Corona (CD4),Winter 2021-22,2021-12-01,7.098106385,2021,12,4,Air Quality Indicator
825959,375,Nitrogen dioxide (NO2),Mean,ppb,UHF34,203,Bedford Stuyvesant - Crown Heights,Winter 2021-22,2021-12-01,21.90490099,2021,12,4,Air Quality Indicator
826359,375,Nitrogen dioxide (NO2),Mean,ppb,CD,404,Elmhurst and Corona (CD4),Winter 2021-22,2021-12-01,21.98859049,2021,12,4,Air Quality Indicator
823203,365,Fine particles (PM 2.5),Mean,mcg/m3,CD,108,Upper East Side (CD8),Winter 2021-22,2021-12-01,7.135165258,2021,12,4,Air Quality Indicator
825977,375,Nitrogen dioxide (NO2),Mean,ppb,UHF34,101,Kingsbridge - Riverdale,Winter 2021-22,2021-12-01,19.83819789,2021,12,4,Air Quality Indicator
823287,365,Fine particles (PM 2.5),Mean,mcg/m3,UHF42,207,East Flatbush - Flatbush,Winter 2021-22,2021-12-01,6.721923463,2021,12,4,Air Quality Indicator
823428,365,Fine particles (PM 2.5),Mean,mcg/m3,UHF34,206,Borough Park,Winter 2021-22,2021-12-01,6.809837367,2021,12,4,Air Quality Indicator
823395,365,Fine particles (PM 2.5),Mean,mcg/m3,UHF34,402,West Queens,Winter 2021-22,2021-12-01,7.128130858,2021,12,4,Air Quality Indicator
825725,375,Nitrogen dioxide (NO2),Mean,ppb,UHF42,307,Gramercy Park - Murray Hill,Winter 2021-22,2021-12-01,27.05122942,2021,12,4,Air Quality Indicator
825716,375,Nitrogen dioxide (NO2),Mean,ppb,UHF42,310,Lower Manhattan,Winter 2021-22,2021-12-01,25.5963319,2021,12,4,Air Quality Indicator
825719,375,Nitrogen dioxide (NO2),Mean,ppb,UHF42,309,Union Square - Lower East Side,Winter 2021-22,2021-12-01,22.75256624,2021,12,4,Air Quality Indicator
826006,375,Nitrogen dioxide (NO2),Mean,ppb,CD,204,Highbridge and Concourse (CD4),Winter 2021-22,2021-12-01,22.31609544,2021,12,4,Air Quality Indicator
823224,365,Fine particles (PM 2.5),Mean,mcg/m3,UHF42,407,Southwest Queens,Winter 2021-22,2021-12-01,6.503810506,2021,12,4,Air Quality Indicator
823422,365,Fine particles (PM 2.5),Mean,mcg/m3,UHF34,208,Canarsie - Flatlands,Winter 2021-22,2021-12-01,6.407656215,2021,12,4,Air Quality Indicator
825907,375,Nitrogen dioxide (NO2),Mean,ppb,UHF34,302,Central Harlem - Morningside Heights,Winter 2021-22,2021-12-01,21.55425853,2021,12,4,Air Quality Indicator
825782,375,Nitrogen dioxide (NO2),Mean,ppb,UHF42,106,High Bridge - Morrisania,Winter 2021-22,2021-12-01,22.49003252,2021,12,4,Air Quality Indicator
823575,365,Fine particles (PM 2.5),Mean,mcg/m3,CD,503,Tottenville and Great Kills (CD3),Winter 2021-22,2021-12-01,5.747204131,2021,12,4,Air Quality Indicator
823278,365,Fine particles (PM 2.5),Mean,mcg/m3,UHF42,210,Coney Island - Sheepshead Bay,Winter 2021-22,2021-12-01,6.555623425,2021,12,4,Air Quality Indicator
823515,365,Fine particles (PM 2.5),Mean,mcg/m3,CD,315,Sheepshead Bay (CD15),Winter 2021-22,2021-12-01,6.533447644,2021,12,4,Air Quality Indicator
826335,375,Nitrogen dioxide (NO2),Mean,ppb,CD,314,Flatbush and Midwood (CD14),Winter 2021-22,2021-12-01,20.61779442,2021,12,4,Air Quality Indicator
826317,375,Nitrogen dioxide (NO2),Mean,ppb,CD,308,Crown Heights and Prospect Heights (CD8),Winter 2021-22,2021-12-01,22.30834077,2021,12,4,Air Quality Indicator
826069,375,Nitrogen dioxide (NO2),Mean,ppb,CD,412,Jamaica and Hollis (CD12),Winter 2021-22,2021-12-01,19.4944245,2021,12,4,Air Quality Indicator
823482,365,Fine particles (PM 2.5),Mean,mcg/m3,CD,304,Bushwick (CD4),Winter 2021-22,2021-12-01,7.259217138,2021,12,4,Air Quality Indicator
825865,375,Nitrogen dioxide (NO2),Mean,ppb,UHF34,404406,Bayside Little Neck-Fresh Meadows,Winter 2021-22,2021-12-01,19.88914473,2021,12,4,Air Quality Indicator
823257,365,Fine particles (PM 2.5),Mean,mcg/m3,UHF42,306,Chelsea - Clinton,Winter 2021-22,2021-12-01,9.318093123,2021,12,4,Air Quality Indicator
826368,375,Nitrogen dioxide (NO2),Mean,ppb,CD,407,Flushing and Whitestone (CD7),Winter 2021-22,2021-12-01,20.94826001,2021,12,4,Air Quality Indicator
823263,365,Fine particles (PM 2.5),Mean,mcg/m3,UHF42,304,Upper West Side,Winter 2021-22,2021-12-01,6.806725052,2021,12,4,Air Quality Indicator
825901,375,Nitrogen dioxide (NO2),Mean,ppb,UHF34,304,Upper West Side,Winter 2021-22,2021-12-01,22.07541242,2021,12,4,Air Quality Indicator
823404,365,Fine particles (PM 2.5),Mean,mcg/m3,UHF34,303,East Harlem,Winter 2021-22,2021-12-01,6.979186691,2021,12,4,Air Quality Indicator
825713,375,Nitrogen dioxide (NO2),Mean,ppb,UHF42,401,Long Island City - Astoria,Winter 2021-22,2021-12-01,22.92812941,2021,12,4,Air Quality Indicator
825758,375,Nitrogen dioxide (NO2),Mean,ppb,UHF42,207,East Flatbush - Flatbush,Winter 2021-22,2021-12-01,20.92609859,2021,12,4,Air Quality Indicator
825800,375,Nitrogen dioxide (NO2),Mean,ppb,Borough,5,Staten Island,Winter 2021-22,2021-12-01,16.4155913,2021,12,4,Air Quality Indicator
826350,375,Nitrogen dioxide (NO2),Mean,ppb,CD,401,Long Island City and Astoria (CD1),Winter 2021-22,2021-12-01,21.61645955,2021,12,4,Air Quality Indicator
825722,375,Nitrogen dioxide (NO2),Mean,ppb,UHF42,308,Greenwich Village - SoHo,Winter 2021-22,2021-12-01,24.70809517,2021,12,4,Air Quality Indicator
825755,375,Nitrogen dioxide (NO2),Mean,ppb,UHF42,208,Canarsie - Flatlands,Winter 2021-22,2021-12-01,19.18550528,2021,12,4,Air Quality Indicator
823281,365,Fine particles (PM 2.5),Mean,mcg/m3,UHF42,209,Bensonhurst - Bay Ridge,Winter 2021-22,2021-12-01,6.73795274,2021,12,4,Air Quality Indicator
823392,365,Fine particles (PM 2.5),Mean,mcg/m3,UHF34,403,Flushing - Clearview,Winter 2021-22,2021-12-01,6.944377215,2021,12,4,Air Quality Indicator
825877,375,Nitrogen dioxide (NO2),Mean,ppb,UHF34,410,Rockaways,Winter 2021-22,2021-12-01,15.71842721,2021,12,4,Air Quality Indicator
823455,365,Fine particles (PM 2.5),Mean,mcg/m3,UHF34,101,Kingsbridge - Riverdale,Winter 2021-22,2021-12-01,7.231477602,2021,12,4,Air Quality Indicator
825925,375,Nitrogen dioxide (NO2),Mean,ppb,UHF34,207,East Flatbush - Flatbush,Winter 2021-22,2021-12-01,20.92609859,2021,12,4,Air Quality Indicator
823572,365,Fine particles (PM 2.5),Mean,mcg/m3,CD,502,South Beach and Willowbrook (CD2),Winter 2021-22,2021-12-01,6.148464945,2021,12,4,Air Quality Indicator
823452,365,Fine particles (PM 2.5),Mean,mcg/m3,UHF34,102,Northeast Bronx,Winter 2021-22,2021-12-01,7.301746753,2021,12,4,Air Quality Indicator
826018,375,Nitrogen dioxide (NO2),Mean,ppb,CD,208,Riverdale and Fieldston (CD8),Winter 2021-22,2021-12-01,19.83062306,2021,12,4,Air Quality Indicator
823221,365,Fine particles (PM 2.5),Mean,mcg/m3,UHF42,408,Jamaica,Winter 2021-22,2021-12-01,6.62032068,2021,12,4,Air Quality Indicator
823308,365,Fine particles (PM 2.5),Mean,mcg/m3,UHF42,107,Hunts Point - Mott Haven,Winter 2021-22,2021-12-01,7.286723462,2021,12,4,Air Quality Indicator
823187,365,Fine particles (PM 2.5),Mean,mcg/m3,CD,212,Williamsbridge and Baychester (CD12),Winter 2021-22,2021-12-01,7.316377996,2021,12,4,Air Quality Indicator
823341,365,Fine particles (PM 2.5),Mean,mcg/m3,Borough,1,Bronx,Winter 2021-22,2021-12-01,7.265326705,2021,12,4,Air Quality Indicator
823245,365,Fine particles (PM 2.5),Mean,mcg/m3,UHF42,310,Lower Manhattan,Winter 2021-22,2021-12-01,8.056371282,2021,12,4,Air Quality Indicator
826356,375,Nitrogen dioxide (NO2),Mean,ppb,CD,403,Jackson Heights (CD3),Winter 2021-22,2021-12-01,21.16019598,2021,12,4,Air Quality Indicator
826015,375,Nitrogen dioxide (NO2),Mean,ppb,CD,207,Kingsbridge Heights and Bedford (CD7),Winter 2021-22,2021-12-01,21.36286893,2021,12,4,Air Quality Indicator
825850,375,Nitrogen dioxide (NO2),Mean,ppb,CD,101,Financial District (CD1),Winter 2021-22,2021-12-01,25.61984824,2021,12,4,Air Quality Indicator
823464,365,Fine particles (PM 2.5),Mean,mcg/m3,UHF42,502,Stapleton - St. George,Winter 2021-22,2021-12-01,6.359380661,2021,12,4,Air Quality Indicator
826036,375,Nitrogen dioxide (NO2),Mean,ppb,CD,302,Fort Greene and Brooklyn Heights (CD2),Winter 2021-22,2021-12-01,23.53270216,2021,12,4,Air Quality Indicator
823569,365,Fine particles (PM 2.5),Mean,mcg/m3,CD,501,St. George and Stapleton (CD1),Winter 2021-22,2021-12-01,6.42429901,2021,12,4,Air Quality Indicator
823197,365,Fine particles (PM 2.5),Mean,mcg/m3,CD,110,Central Harlem (CD10),Winter 2021-22,2021-12-01,7.159814817,2021,12,4,Air Quality Indicator
826374,375,Nitrogen dioxide (NO2),Mean,ppb,CD,409,Kew Gardens and Woodhaven (CD9),Winter 2021-22,2021-12-01,20.40612275,2021,12,4,Air Quality Indicator
826021,375,Nitrogen dioxide (NO2),Mean,ppb,CD,209,Parkchester and Soundview (CD9),Winter 2021-22,2021-12-01,22.16080664,2021,12,4,Air Quality Indicator
825752,375,Nitrogen dioxide (NO2),Mean,ppb,UHF42,209,Bensonhurst - Bay Ridge,Winter 2021-22,2021-12-01,20.14367088,2021,12,4,Air Quality Indicator
825829,375,Nitrogen dioxide (NO2),Mean,ppb,CD,108,Upper East Side (CD8),Winter 2021-22,2021-12-01,23.37048275,2021,12,4,Air Quality Indicator
823184,365,Fine particles (PM 2.5),Mean,mcg/m3,CD,211,Morris Park and Bronxdale (CD11),Winter 2021-22,2021-12-01,7.332284828,2021,12,4,Air Quality Indicator
823178,365,Fine particles (PM 2.5),Mean,mcg/m3,CD,209,Parkchester and Soundview (CD9),Winter 2021-22,2021-12-01,7.292761755,2021,12,4,Air Quality Indicator
826030,375,Nitrogen dioxide (NO2),Mean,ppb,CD,212,Williamsbridge and Baychester (CD12),Winter 2021-22,2021-12-01,21.04252511,2021,12,4,Air Quality Indicator
823157,365,Fine particles (PM 2.5),Mean,mcg/m3,CD,202,Hunts Point and Longwood (CD2),Winter 2021-22,2021-12-01,7.632038452,2021,12,4,Air Quality Indicator
823163,365,Fine particles (PM 2.5),Mean,mcg/m3,CD,204,Highbridge and Concourse (CD4),Winter 2021-22,2021-12-01,7.040065585,2021,12,4,Air Quality Indicator
823365,365,Fine particles (PM 2.5),Mean,mcg/m3,UHF34,404406,Bayside Little Neck-Fresh Meadows,Winter 2021-22,2021-12-01,6.593739371,2021,12,4,Air Quality Indicator
825820,375,Nitrogen dioxide (NO2),Mean,ppb,CD,111,East Harlem (CD11),Winter 2021-22,2021-12-01,21.63325438,2021,12,4,Air Quality Indicator
823269,365,Fine particles (PM 2.5),Mean,mcg/m3,UHF42,302,Central Harlem - Morningside Heights,Winter 2021-22,2021-12-01,7.135525196,2021,12,4,Air Quality Indicator
825992,375,Nitrogen dioxide (NO2),Mean,ppb,UHF42,410,Rockaways,Winter 2021-22,2021-12-01,15.71842721,2021,12,4,Air Quality Indicator
823545,365,Fine particles (PM 2.5),Mean,mcg/m3,CD,407,Flushing and Whitestone (CD7),Winter 2021-22,2021-12-01,6.955280028,2021,12,4,Air Quality Indicator
826000,375,Nitrogen dioxide (NO2),Mean,ppb,CD,202,Hunts Point and Longwood (CD2),Winter 2021-22,2021-12-01,24.47918464,2021,12,4,Air Quality Indicator
823524,365,Fine particles (PM 2.5),Mean,mcg/m3,CD,318,Flatlands and Canarsie (CD18),Winter 2021-22,2021-12-01,6.396820602,2021,12,4,Air Quality Indicator
823194,365,Fine particles (PM 2.5),Mean,mcg/m3,CD,111,East Harlem (CD11),Winter 2021-22,2021-12-01,7.00234585,2021,12,4,Air Quality Indicator
825737,375,Nitrogen dioxide (NO2),Mean,ppb,UHF42,303,East Harlem,Winter 2021-22,2021-12-01,21.58116385,2021,12,4,Air Quality Indicator
823437,365,Fine particles (PM 2.5),Mean,mcg/m3,UHF34,203,Bedford Stuyvesant - Crown Heights,Winter 2021-22,2021-12-01,6.934554575,2021,12,4,Air Quality Indicator
823305,365,Fine particles (PM 2.5),Mean,mcg/m3,UHF42,201,Greenpoint,Winter 2021-22,2021-12-01,7.355772885,2021,12,4,Air Quality Indicator
823554,365,Fine particles (PM 2.5),Mean,mcg/m3,CD,410,South Ozone Park and Howard Beach (CD10),Winter 2021-22,2021-12-01,6.3432456,2021,12,4,Air Quality Indicator
825983,375,Nitrogen dioxide (NO2),Mean,ppb,UHF42,503,Willowbrook,Winter 2021-22,2021-12-01,16.84811539,2021,12,4,Air Quality Indicator
823440,365,Fine particles (PM 2.5),Mean,mcg/m3,UHF34,202,Downtown - Heights - Slope,Winter 2021-22,2021-12-01,7.365504023,2021,12,4,Air Quality Indicator
823497,365,Fine particles (PM 2.5),Mean,mcg/m3,CD,309,South Crown Heights and Lefferts Gardens (CD9),Winter 2021-22,2021-12-01,6.758213535,2021,12,4,Air Quality Indicator
826075,375,Nitrogen dioxide (NO2),Mean,ppb,CD,414,Rockaway and Broad Channel (CD14),Winter 2021-22,2021-12-01,15.70203388,2021,12,4,Air Quality Indicator
826012,375,Nitrogen dioxide (NO2),Mean,ppb,CD,206,Belmont and East Tremont (CD6),Winter 2021-22,2021-12-01,22.12866491,2021,12,4,Air Quality Indicator
825980,375,Nitrogen dioxide (NO2),Mean,ppb,UHF42,504,South Beach - Tottenville,Winter 2021-22,2021-12-01,14.74521239,2021,12,4,Air Quality Indicator
825806,375,Nitrogen dioxide (NO2),Mean,ppb,Borough,3,Manhattan,Winter 2021-22,2021-12-01,23.43545911,2021,12,4,Air Quality Indicator
825871,375,Nitrogen dioxide (NO2),Mean,ppb,UHF34,306308,Chelsea-Village,Winter 2021-22,2021-12-01,26.10760258,2021,12,4,Air Quality Indicator
826323,375,Nitrogen dioxide (NO2),Mean,ppb,CD,310,Bay Ridge and Dyker Heights (CD10),Winter 2021-22,2021-12-01,20.78398796,2021,12,4,Air Quality Indicator
825874,375,Nitrogen dioxide (NO2),Mean,ppb,UHF34,305307,Upper East Side-Gramercy,Winter 2021-22,2021-12-01,25.06461252,2021,12,4,Air Quality Indicator
823470,365,Fine particles (PM 2.5),Mean,mcg/m3,UHF42,410,Rockaways,Winter 2021-22,2021-12-01,5.965691874,2021,12,4,Air Quality Indicator
825931,375,Nitrogen dioxide (NO2),Mean,ppb,UHF34,205,Sunset Park,Winter 2021-22,2021-12-01,23.14012199,2021,12,4,Air Quality Indicator
823218,365,Fine particles (PM 2.5),Mean,mcg/m3,UHF42,409,Southeast Queens,Winter 2021-22,2021-12-01,6.398875838,2021,12,4,Air Quality Indicator
823560,365,Fine particles (PM 2.5),Mean,mcg/m3,CD,412,Jamaica and Hollis (CD12),Winter 2021-22,2021-12-01,6.588522363,2021,12,4,Air Quality Indicator
825998,375,Nitrogen dioxide (NO2),Mean,ppb,UHF42,408,Jamaica,Winter 2021-22,2021-12-01,19.71080383,2021,12,4,Air Quality Indicator
826326,375,Nitrogen dioxide (NO2),Mean,ppb,CD,311,Bensonhurst (CD11),Winter 2021-22,2021-12-01,20.15487486,2021,12,4,Air Quality Indicator
826024,375,Nitrogen dioxide (NO2),Mean,ppb,CD,210,Throgs Neck and Co-op City (CD10),Winter 2021-22,2021-12-01,21.42711353,2021,12,4,Air Quality Indicator
826338,375,Nitrogen dioxide (NO2),Mean,ppb,CD,315,Sheepshead Bay (CD15),Winter 2021-22,2021-12-01,19.05259378,2021,12,4,Air Quality Indicator
823473,365,Fine particles (PM 2.5),Mean,mcg/m3,CD,301,Greenpoint and Williamsburg (CD1),Winter 2021-22,2021-12-01,7.435747777,2021,12,4,Air Quality Indicator
823260,365,Fine particles (PM 2.5),Mean,mcg/m3,UHF42,305,Upper East Side,Winter 2021-22,2021-12-01,7.119448511,2021,12,4,Air Quality Indicator
825832,375,Nitrogen dioxide (NO2),Mean,ppb,CD,107,Upper West Side (CD7),Winter 2021-22,2021-12-01,22.07527023,2021,12,4,Air Quality Indicator
825919,375,Nitrogen dioxide (NO2),Mean,ppb,UHF34,209,Bensonhurst - Bay Ridge,Winter 2021-22,2021-12-01,20.14367088,2021,12,4,Air Quality Indicator
823449,365,Fine particles (PM 2.5),Mean,mcg/m3,UHF34,103,Fordham - Bronx Pk,Winter 2021-22,2021-12-01,7.350776341,2021,12,4,Air Quality Indicator
823431,365,Fine particles (PM 2.5),Mean,mcg/m3,UHF34,205,Sunset Park,Winter 2021-22,2021-12-01,7.303474355,2021,12,4,Air Quality Indicator
823160,365,Fine particles (PM 2.5),Mean,mcg/m3,CD,203,Morrisania and Crotona (CD3),Winter 2021-22,2021-12-01,7.407894723,2021,12,4,Air Quality Indicator
823476,365,Fine particles (PM 2.5),Mean,mcg/m3,CD,302,Fort Greene and Brooklyn Heights (CD2),Winter 2021-22,2021-12-01,7.360701245,2021,12,4,Air Quality Indicator
825956,375,Nitrogen dioxide (NO2),Mean,ppb,UHF34,204,East New York,Winter 2021-22,2021-12-01,21.28059234,2021,12,4,Air Quality Indicator
823491,365,Fine particles (PM 2.5),Mean,mcg/m3,CD,307,Sunset Park (CD7),Winter 2021-22,2021-12-01,7.258967888,2021,12,4,Air Quality Indicator
825817,375,Nitrogen dioxide (NO2),Mean,ppb,CD,112,Washington Heights and Inwood (CD12),Winter 2021-22,2021-12-01,21.25164339,2021,12,4,Air Quality Indicator
823446,365,Fine particles (PM 2.5),Mean,mcg/m3,UHF34,104,Pelham - Throgs Neck,Winter 2021-22,2021-12-01,7.246513807,2021,12,4,Air Quality Indicator
825892,375,Nitrogen dioxide (NO2),Mean,ppb,UHF34,403,Flushing - Clearview,Winter 2021-22,2021-12-01,20.91188187,2021,12,4,Air Quality Indicator
823398,365,Fine particles (PM 2.5),Mean,mcg/m3,UHF34,401,Long Island City - Astoria,Winter 2021-22,2021-12-01,7.310481812,2021,12,4,Air Quality Indicator
825898,375,Nitrogen dioxide (NO2),Mean,ppb,UHF34,401,Long Island City - Astoria,Winter 2021-22,2021-12-01,22.92812941,2021,12,4,Air Quality Indicator
823347,365,Fine particles (PM 2.5),Mean,mcg/m3,CD,102,Greenwich Village and Soho (CD2),Winter 2021-22,2021-12-01,9.440361241,2021,12,4,Air Quality Indicator
823371,365,Fine particles (PM 2.5),Mean,mcg/m3,UHF34,306308,Chelsea-Village,Winter 2021-22,2021-12-01,9.219575766,2021,12,4,Air Quality Indicator
823434,365,Fine particles (PM 2.5),Mean,mcg/m3,UHF34,204,East New York,Winter 2021-22,2021-12-01,6.742515428,2021,12,4,Air Quality Indicator
826113,375,Nitrogen dioxide (NO2),Mean,ppb,CD,502,South Beach and Willowbrook (CD2),Winter 2021-22,2021-12-01,16.94870135,2021,12,4,Air Quality Indicator
823227,365,Fine particles (PM 2.5),Mean,mcg/m3,UHF42,406,Fresh Meadows,Winter 2021-22,2021-12-01,6.490359285,2021,12,4,Air Quality Indicator
825791,375,Nitrogen dioxide (NO2),Mean,ppb,UHF42,103,Fordham - Bronx Pk,Winter 2021-22,2021-12-01,21.05258179,2021,12,4,Air Quality Indicator
823557,365,Fine particles (PM 2.5),Mean,mcg/m3,CD,411,Bayside and Little Neck (CD11),Winter 2021-22,2021-12-01,6.654623545,2021,12,4,Air Quality Indicator
823374,365,Fine particles (PM 2.5),Mean,mcg/m3,UHF34,305307,Upper East Side-Gramercy,Winter 2021-22,2021-12-01,7.906589642,2021,12,4,Air Quality Indicator
825823,375,Nitrogen dioxide (NO2),Mean,ppb,CD,110,Central Harlem (CD10),Winter 2021-22,2021-12-01,21.56660535,2021,12,4,Air Quality Indicator
826347,375,Nitrogen dioxide (NO2),Mean,ppb,CD,318,Flatlands and Canarsie (CD18),Winter 2021-22,2021-12-01,19.09960102,2021,12,4,Air Quality Indicator
826110,375,Nitrogen dioxide (NO2),Mean,ppb,CD,501,St. George and Stapleton (CD1),Winter 2021-22,2021-12-01,18.66539673,2021,12,4,Air Quality Indicator
825734,375,Nitrogen dioxide (NO2),Mean,ppb,UHF42,304,Upper West Side,Winter 2021-22,2021-12-01,22.0754617,2021,12,4,Air Quality Indicator
823362,365,Fine particles (PM 2.5),Mean,mcg/m3,UHF34,501502,Northern SI,Winter 2021-22,2021-12-01,6.392677046,2021,12,4,Air Quality Indicator
823236,365,Fine particles (PM 2.5),Mean,mcg/m3,UHF42,403,Flushing - Clearview,Winter 2021-22,2021-12-01,6.944210031,2021,12,4,Air Quality Indicator
825749,375,Nitrogen dioxide (NO2),Mean,ppb,UHF42,210,Coney Island - Sheepshead Bay,Winter 2021-22,2021-12-01,19.02446271,2021,12,4,Air Quality Indicator
823467,365,Fine particles (PM 2.5),Mean,mcg/m3,UHF42,501,Port Richmond,Winter 2021-22,2021-12-01,6.455065171,2021,12,4,Air Quality Indicator
826341,375,Nitrogen dioxide (NO2),Mean,ppb,CD,316,Brownsville (CD16),Winter 2021-22,2021-12-01,21.72063225,2021,12,4,Air Quality Indicator
826332,375,Nitrogen dioxide (NO2),Mean,ppb,CD,313,Coney Island (CD13),Winter 2021-22,2021-12-01,18.84293579,2021,12,4,Air Quality Indicator
826042,375,Nitrogen dioxide (NO2),Mean,ppb,CD,304,Bushwick (CD4),Winter 2021-22,2021-12-01,22.57228758,2021,12,4,Air Quality Indicator
823494,365,Fine particles (PM 2.5),Mean,mcg/m3,CD,308,Crown Heights and Prospect Heights (CD8),Winter 2021-22,2021-12-01,7.126394439,2021,12,4,Air Quality Indicator
826377,375,Nitrogen dioxide (NO2),Mean,ppb,CD,410,South Ozone Park and Howard Beach (CD10),Winter 2021-22,2021-12-01,18.74203383,2021,12,4,Air Quality Indicator
823386,365,Fine particles (PM 2.5),Mean,mcg/m3,UHF34,407,Southwest Queens,Winter 2021-22,2021-12-01,6.504012994,2021,12,4,Air Quality Indicator
825838,375,Nitrogen dioxide (NO2),Mean,ppb,CD,105,Midtown (CD5),Winter 2021-22,2021-12-01,29.186725,2021,12,4,Air Quality Indicator
826072,375,Nitrogen dioxide (NO2),Mean,ppb,CD,413,Queens Village (CD13),Winter 2021-22,2021-12-01,18.77722805,2021,12,4,Air Quality Indicator
823383,365,Fine particles (PM 2.5),Mean,mcg/m3,UHF34,408,Jamaica,Winter 2021-22,2021-12-01,6.620465005,2021,12,4,Air Quality Indicator
825794,375,Nitrogen dioxide (NO2),Mean,ppb,UHF42,102,Northeast Bronx,Winter 2021-22,2021-12-01,21.25008973,2021,12,4,Air Quality Indicator
826051,375,Nitrogen dioxide (NO2),Mean,ppb,CD,307,Sunset Park (CD7),Winter 2021-22,2021-12-01,23.18648332,2021,12,4,Air Quality Indicator
826039,375,Nitrogen dioxide (NO2),Mean,ppb,CD,303,Bedford Stuyvesant (CD3),Winter 2021-22,2021-12-01,22.32956634,2021,12,4,Air Quality Indicator
823548,365,Fine particles (PM 2.5),Mean,mcg/m3,CD,408,Hillcrest and Fresh Meadows (CD8),Winter 2021-22,2021-12-01,6.5149572,2021,12,4,Air Quality Indicator
823175,365,Fine particles (PM 2.5),Mean,mcg/m3,CD,208,Riverdale and Fieldston (CD8),Winter 2021-22,2021-12-01,7.231778349,2021,12,4,Air Quality Indicator
825841,375,Nitrogen dioxide (NO2),Mean,ppb,CD,104,Clinton and Chelsea (CD4),Winter 2021-22,2021-12-01,25.48092615,2021,12,4,Air Quality Indicator
825928,375,Nitrogen dioxide (NO2),Mean,ppb,UHF34,206,Borough Park,Winter 2021-22,2021-12-01,21.0263611,2021,12,4,Air Quality Indicator
823251,365,Fine particles (PM 2.5),Mean,mcg/m3,UHF42,308,Greenwich Village - SoHo,Winter 2021-22,2021-12-01,9.025038107,2021,12,4,Air Quality Indicator
825728,375,Nitrogen dioxide (NO2),Mean,ppb,UHF42,306,Chelsea - Clinton,Winter 2021-22,2021-12-01,26.81178899,2021,12,4,Air Quality Indicator
823389,365,Fine particles (PM 2.5),Mean,mcg/m3,UHF34,405,Ridgewood - Forest Hills,Winter 2021-22,2021-12-01,6.703134065,2021,12,4,Air Quality Indicator
825974,375,Nitrogen dioxide (NO2),Mean,ppb,UHF34,102,Northeast Bronx,Winter 2021-22,2021-12-01,21.25009433,2021,12,4,Air Quality Indicator
825707,375,Nitrogen dioxide (NO2),Mean,ppb,UHF42,403,Flushing - Clearview,Winter 2021-22,2021-12-01,20.91385412,2021,12,4,Air Quality Indicator
823317,365,Fine particles (PM 2.5),Mean,mcg/m3,UHF42,104,Pelham - Throgs Neck,Winter 2021-22,2021-12-01,7.246513807,2021,12,4,Air Quality Indicator
825856,375,Nitrogen dioxide (NO2),Mean,ppb,UHF34,105106107,South Bronx,Winter 2021-22,2021-12-01,22.85584381,2021,12,4,Air Quality Indicator
823326,365,Fine particles (PM 2.5),Mean,mcg/m3,UHF42,101,Kingsbridge - Riverdale,Winter 2021-22,2021-12-01,7.231477602,2021,12,4,Air Quality Indicator
823169,365,Fine particles (PM 2.5),Mean,mcg/m3,CD,206,Belmont and East Tremont (CD6),Winter 2021-22,2021-12-01,7.475861252,2021,12,4,Air Quality Indicator
823425,365,Fine particles (PM 2.5),Mean,mcg/m3,UHF34,207,East Flatbush - Flatbush,Winter 2021-22,2021-12-01,6.721923463,2021,12,4,Air Quality Indicator
825779,375,Nitrogen dioxide (NO2),Mean,ppb,UHF42,107,Hunts Point - Mott Haven,Winter 2021-22,2021-12-01,23.4007227,2021,12,4,Air Quality Indicator
826045,375,Nitrogen dioxide (NO2),Mean,ppb,CD,305,East New York and Starrett City (CD5),Winter 2021-22,2021-12-01,21.01131833,2021,12,4,Air Quality Indicator
825904,375,Nitrogen dioxide (NO2),Mean,ppb,UHF34,303,East Harlem,Winter 2021-22,2021-12-01,21.58116385,2021,12,4,Air Quality Indicator
826344,375,Nitrogen dioxide (NO2),Mean,ppb,CD,317,East Flatbush (CD17),Winter 2021-22,2021-12-01,21.20896179,2021,12,4,Air Quality Indicator
823233,365,Fine particles (PM 2.5),Mean,mcg/m3,UHF42,404,Bayside - Little Neck,Winter 2021-22,2021-12-01,6.659478064,2021,12,4,Air Quality Indicator
823296,365,Fine particles (PM 2.5),Mean,mcg/m3,UHF42,204,East New York,Winter 2021-22,2021-12-01,6.742515428,2021,12,4,Air Quality Indicator
825803,375,Nitrogen dioxide (NO2),Mean,ppb,Borough,4,Queens,Winter 2021-22,2021-12-01,20.07897637,2021,12,4,Air Quality Indicator
825701,375,Nitrogen dioxide (NO2),Mean,ppb,UHF42,405,Ridgewood - Forest Hills,Winter 2021-22,2021-12-01,20.94695028,2021,12,4,Air Quality Indicator
823563,365,Fine particles (PM 2.5),Mean,mcg/m3,CD,413,Queens Village (CD13),Winter 2021-22,2021-12-01,6.442329619,2021,12,4,Air Quality Indicator
825844,375,Nitrogen dioxide (NO2),Mean,ppb,CD,103,Lower East Side and Chinatown (CD3),Winter 2021-22,2021-12-01,22.60025846,2021,12,4,Air Quality Indicator
823503,365,Fine particles (PM 2.5),Mean,mcg/m3,CD,311,Bensonhurst (CD11),Winter 2021-22,2021-12-01,6.710784008,2021,12,4,Air Quality Indicator
823413,365,Fine particles (PM 2.5),Mean,mcg/m3,UHF34,211,Williamsburg - Bushwick,Winter 2021-22,2021-12-01,7.398084728,2021,12,4,Air Quality Indicator
826329,375,Nitrogen dioxide (NO2),Mean,ppb,CD,312,Borough Park (CD12),Winter 2021-22,2021-12-01,21.23037364,2021,12,4,Air Quality Indicator
823377,365,Fine particles (PM 2.5),Mean,mcg/m3,UHF34,410,Rockaways,Winter 2021-22,2021-12-01,5.965691874,2021,12,4,Air Quality Indicator
825868,375,Nitrogen dioxide (NO2),Mean,ppb,UHF34,309310,Union Square-Lower Manhattan,Winter 2021-22,2021-12-01,23.64552785,2021,12,4,Air Quality Indicator
823368,365,Fine particles (PM 2.5),Mean,mcg/m3,UHF34,309310,Union Square-Lower Manhattan,Winter 2021-22,2021-12-01,8.291136521,2021,12,4,Air Quality Indicator
823314,365,Fine particles (PM 2.5),Mean,mcg/m3,UHF42,105,Crotona -Tremont,Winter 2021-22,2021-12-01,7.346079748,2021,12,4,Air Quality Indicator
825889,375,Nitrogen dioxide (NO2),Mean,ppb,UHF34,405,Ridgewood - Forest Hills,Winter 2021-22,2021-12-01,20.94695028,2021,12,4,Air Quality Indicator
826380,375,Nitrogen dioxide (NO2),Mean,ppb,CD,411,Bayside and Little Neck (CD11),Winter 2021-22,2021-12-01,19.87356062,2021,12,4,Air Quality Indicator
823172,365,Fine particles (PM 2.5),Mean,mcg/m3,CD,207,Kingsbridge Heights and Bedford (CD7),Winter 2021-22,2021-12-01,7.371820545,2021,12,4,Air Quality Indicator
825859,375,Nitrogen dioxide (NO2),Mean,ppb,UHF34,503504,Southern SI,Winter 2021-22,2021-12-01,15.52433774,2021,12,4,Air Quality Indicator
823479,365,Fine particles (PM 2.5),Mean,mcg/m3,CD,303,Bedford Stuyvesant (CD3),Winter 2021-22,2021-12-01,7.072511833,2021,12,4,Air Quality Indicator
823485,365,Fine particles (PM 2.5),Mean,mcg/m3,CD,305,East New York and Starrett City (CD5),Winter 2021-22,2021-12-01,6.686860837,2021,12,4,Air Quality Indicator
823461,365,Fine particles (PM 2.5),Mean,mcg/m3,UHF42,503,Willowbrook,Winter 2021-22,2021-12-01,6.132011725,2021,12,4,Air Quality Indicator
825883,375,Nitrogen dioxide (NO2),Mean,ppb,UHF34,408,Jamaica,Winter 2021-22,2021-12-01,19.71102945,2021,12,4,Air Quality Indicator
823410,365,Fine particles (PM 2.5),Mean,mcg/m3,UHF34,301,Washington Heights,Winter 2021-22,2021-12-01,7.286975683,2021,12,4,Air Quality Indicator
826116,375,Nitrogen dioxide (NO2),Mean,ppb,CD,503,Tottenville and Great Kills (CD3),Winter 2021-22,2021-12-01,14.47603219,2021,12,4,Air Quality Indicator
823407,365,Fine particles (PM 2.5),Mean,mcg/m3,UHF34,302,Central Harlem - Morningside Heights,Winter 2021-22,2021-12-01,7.13555327,2021,12,4,Air Quality Indicator
823539,365,Fine particles (PM 2.5),Mean,mcg/m3,CD,405,Ridgewood and Maspeth (CD5),Winter 2021-22,2021-12-01,6.858074899,2021,12,4,Air Quality Indicator
825989,375,Nitrogen dioxide (NO2),Mean,ppb,UHF42,501,Port Richmond,Winter 2021-22,2021-12-01,18.41851203,2021,12,4,Air Quality Indicator
823356,365,Fine particles (PM 2.5),Mean,mcg/m3,UHF34,105106107,South Bronx,Winter 2021-22,2021-12-01,7.246660099,2021,12,4,Air Quality Indicator
823254,365,Fine particles (PM 2.5),Mean,mcg/m3,UHF42,307,Gramercy Park - Murray Hill,Winter 2021-22,2021-12-01,8.796552831,2021,12,4,Air Quality Indicator
823518,365,Fine particles (PM 2.5),Mean,mcg/m3,CD,316,Brownsville (CD16),Winter 2021-22,2021-12-01,6.761644117,2021,12,4,Air Quality Indicator
825767,375,Nitrogen dioxide (NO2),Mean,ppb,UHF42,204,East New York,Winter 2021-22,2021-12-01,21.28059234,2021,12,4,Air Quality Indicator
825743,375,Nitrogen dioxide (NO2),Mean,ppb,UHF42,301,Washington Heights,Winter 2021-22,2021-12-01,21.23277204,2021,12,4,Air Quality Indicator
823166,365,Fine particles (PM 2.5),Mean,mcg/m3,CD,205,Fordham and University Heights (CD5),Winter 2021-22,2021-12-01,7.212346386,2021,12,4,Air Quality Indicator
823359,365,Fine particles (PM 2.5),Mean,mcg/m3,UHF34,503504,Southern SI,Winter 2021-22,2021-12-01,5.920210184,2021,12,4,Air Quality Indicator
823443,365,Fine particles (PM 2.5),Mean,mcg/m3,UHF34,201,Greenpoint,Winter 2021-22,2021-12-01,7.355772885,2021,12,4,Air Quality Indicator
823416,365,Fine particles (PM 2.5),Mean,mcg/m3,UHF34,210,Coney Island - Sheepshead Bay,Winter 2021-22,2021-12-01,6.555623425,2021,12,4,Air Quality Indicator
825704,375,Nitrogen dioxide (NO2),Mean,ppb,UHF42,404,Bayside - Little Neck,Winter 2021-22,2021-12-01,19.78492248,2021,12,4,Air Quality Indicator
825853,375,Nitrogen dioxide (NO2),Mean,ppb,Citywide,1,New York City,Winter 2021-22,2021-12-01,20.05472481,2021,12,4,Air Quality Indicator
825731,375,Nitrogen dioxide (NO2),Mean,ppb,UHF42,305,Upper East Side,Winter 2021-22,2021-12-01,23.30976235,2021,12,4,Air Quality Indicator
825809,375,Nitrogen dioxide (NO2),Mean,ppb,Borough,2,Brooklyn,Winter 2021-22,2021-12-01,21.19404384,2021,12,4,Air Quality Indicator
825746,375,Nitrogen dioxide (NO2),Mean,ppb,UHF42,211,Williamsburg - Bushwick,Winter 2021-22,2021-12-01,23.35458927,2021,12,4,Air Quality Indicator
823266,365,Fine particles (PM 2.5),Mean,mcg/m3,UHF42,303,East Harlem,Winter 2021-22,2021-12-01,6.979186691,2021,12,4,Air Quality Indicator
825916,375,Nitrogen dioxide (NO2),Mean,ppb,UHF34,210,Coney Island - Sheepshead Bay,Winter 2021-22,2021-12-01,19.02446271,2021,12,4,Air Quality Indicator
823299,365,Fine particles (PM 2.5),Mean,mcg/m3,UHF42,203,Bedford Stuyvesant - Crown Heights,Winter 2021-22,2021-12-01,6.934554575,2021,12,4,Air Quality Indicator
825986,375,Nitrogen dioxide (NO2),Mean,ppb,UHF42,502,Stapleton - St. George,Winter 2021-22,2021-12-01,18.56244251,2021,12,4,Air Quality Indicator
740924,375,Nitrogen dioxide (NO2),Mean,ppb,UHF42,204,East New York,Summer 2021,2021-06-01,10.78578832,2021,6,2,Air Quality Indicator
742220,365,Fine particles (PM 2.5),Mean,mcg/m3,UHF42,302,Central Harlem - Morningside Heights,Summer 2021,2021-06-01,8.774971583,2021,6,2,Air Quality Indicator
743700,386,Ozone (O3),Mean,ppb,UHF42,309,Union Square - Lower East Side,Summer 2021,2021-06-01,28.28720155,2021,6,2,Air Quality Indicator
743603,386,Ozone (O3),Mean,ppb,CD,405,Ridgewood and Maspeth (CD5),Summer 2021,2021-06-01,29.67869568,2021,6,2,Air Quality Indicator
742526,365,Fine particles (PM 2.5),Mean,mcg/m3,CD,403,Jackson Heights (CD3),Summer 2021,2021-06-01,8.496216561,2021,6,2,Air Quality Indicator
740885,375,Nitrogen dioxide (NO2),Mean,ppb,Borough,3,Manhattan,Summer 2021,2021-06-01,16.36850296,2021,6,2,Air Quality Indicator
741005,375,Nitrogen dioxide (NO2),Mean,ppb,UHF42,410,Rockaways,Summer 2021,2021-06-01,4.93966153,2021,6,2,Air Quality Indicator
743606,386,Ozone (O3),Mean,ppb,CD,402,Woodside and Sunnyside (CD2),Summer 2021,2021-06-01,28.02608271,2021,6,2,Air Quality Indicator
743725,386,Ozone (O3),Mean,ppb,UHF42,102,Northeast Bronx,Summer 2021,2021-06-01,30.37266906,2021,6,2,Air Quality Indicator
743673,386,Ozone (O3),Mean,ppb,UHF34,208,Canarsie - Flatlands,Summer 2021,2021-06-01,32.25582956,2021,6,2,Air Quality Indicator
742520,365,Fine particles (PM 2.5),Mean,mcg/m3,CD,401,Long Island City and Astoria (CD1),Summer 2021,2021-06-01,8.684350721,2021,6,2,Air Quality Indicator
742274,365,Fine particles (PM 2.5),Mean,mcg/m3,UHF42,410,Rockaways,Summer 2021,2021-06-01,7.246336585,2021,6,2,Air Quality Indicator
741239,375,Nitrogen dioxide (NO2),Mean,ppb,CD,315,Sheepshead Bay (CD15),Summer 2021,2021-06-01,8.66384124,2021,6,2,Air Quality Indicator
742241,365,Fine particles (PM 2.5),Mean,mcg/m3,UHF42,309,Union Square - Lower East Side,Summer 2021,2021-06-01,9.802277018,2021,6,2,Air Quality Indicator
743661,386,Ozone (O3),Mean,ppb,UHF34,407,Southwest Queens,Summer 2021,2021-06-01,31.86486906,2021,6,2,Air Quality Indicator
741233,375,Nitrogen dioxide (NO2),Mean,ppb,CD,313,Coney Island (CD13),Summer 2021,2021-06-01,7.971293672,2021,6,2,Air Quality Indicator
742205,365,Fine particles (PM 2.5),Mean,mcg/m3,UHF42,208,Canarsie - Flatlands,Summer 2021,2021-06-01,7.989197619,2021,6,2,Air Quality Indicator
742376,365,Fine particles (PM 2.5),Mean,mcg/m3,UHF34,309310,Union Square-Lower Manhattan,Summer 2021,2021-06-01,9.738289703,2021,6,2,Air Quality Indicator
740942,375,Nitrogen dioxide (NO2),Mean,ppb,UHF42,210,Coney Island - Sheepshead Bay,Summer 2021,2021-06-01,8.54036418,2021,6,2,Air Quality Indicator
742187,365,Fine particles (PM 2.5),Mean,mcg/m3,UHF42,202,Downtown - Heights - Slope,Summer 2021,2021-06-01,9.081263915,2021,6,2,Air Quality Indicator
743640,386,Ozone (O3),Mean,ppb,CD,110,Central Harlem (CD10),Summer 2021,2021-06-01,28.57423959,2021,6,2,Air Quality Indicator
740939,375,Nitrogen dioxide (NO2),Mean,ppb,UHF42,209,Bensonhurst - Bay Ridge,Summer 2021,2021-06-01,10.80878775,2021,6,2,Air Quality Indicator
742277,365,Fine particles (PM 2.5),Mean,mcg/m3,UHF42,501,Port Richmond,Summer 2021,2021-06-01,8.299807749,2021,6,2,Air Quality Indicator
743701,386,Ozone (O3),Mean,ppb,UHF42,308,Greenwich Village - SoHo,Summer 2021,2021-06-01,27.96189481,2021,6,2,Air Quality Indicator
742217,365,Fine particles (PM 2.5),Mean,mcg/m3,UHF42,301,Washington Heights,Summer 2021,2021-06-01,8.834190204,2021,6,2,Air Quality Indicator
743728,386,Ozone (O3),Mean,ppb,Borough,4,Queens,Summer 2021,2021-06-01,30.93718378,2021,6,2,Air Quality Indicator
743697,386,Ozone (O3),Mean,ppb,UHF42,402,West Queens,Summer 2021,2021-06-01,29.1888287,2021,6,2,Air Quality Indicator
742379,365,Fine particles (PM 2.5),Mean,mcg/m3,UHF34,404406,Bayside Little Neck-Fresh Meadows,Summer 2021,2021-06-01,7.911146996,2021,6,2,Air Quality Indicator
743611,386,Ozone (O3),Mean,ppb,CD,315,Sheepshead Bay (CD15),Summer 2021,2021-06-01,31.80556701,2021,6,2,Air Quality Indicator
743613,386,Ozone (O3),Mean,ppb,CD,313,Coney Island (CD13),Summer 2021,2021-06-01,32.37142808,2021,6,2,Air Quality Indicator
741143,375,Nitrogen dioxide (NO2),Mean,ppb,CD,107,Upper West Side (CD7),Summer 2021,2021-06-01,15.68743554,2021,6,2,Air Quality Indicator
742232,365,Fine particles (PM 2.5),Mean,mcg/m3,UHF42,306,Chelsea - Clinton,Summer 2021,2021-06-01,10.41677206,2021,6,2,Air Quality Indicator
742439,365,Fine particles (PM 2.5),Mean,mcg/m3,CD,204,Highbridge and Concourse (CD4),Summer 2021,2021-06-01,8.599256117,2021,6,2,Air Quality Indicator
742289,365,Fine particles (PM 2.5),Mean,mcg/m3,UHF34,101,Kingsbridge - Riverdale,Summer 2021,2021-06-01,8.683914982,2021,6,2,Air Quality Indicator
742304,365,Fine particles (PM 2.5),Mean,mcg/m3,UHF34,202,Downtown - Heights - Slope,Summer 2021,2021-06-01,9.081263915,2021,6,2,Air Quality Indicator
741284,375,Nitrogen dioxide (NO2),Mean,ppb,CD,412,Jamaica and Hollis (CD12),Summer 2021,2021-06-01,10.52970415,2021,6,2,Air Quality Indicator
742244,365,Fine particles (PM 2.5),Mean,mcg/m3,UHF42,310,Lower Manhattan,Summer 2021,2021-06-01,9.598325146,2021,6,2,Air Quality Indicator
742307,365,Fine particles (PM 2.5),Mean,mcg/m3,UHF34,203,Bedford Stuyvesant - Crown Heights,Summer 2021,2021-06-01,8.488168953,2021,6,2,Air Quality Indicator
742271,365,Fine particles (PM 2.5),Mean,mcg/m3,UHF42,409,Southeast Queens,Summer 2021,2021-06-01,7.692548231,2021,6,2,Air Quality Indicator
740987,375,Nitrogen dioxide (NO2),Mean,ppb,UHF42,404,Bayside - Little Neck,Summer 2021,2021-06-01,9.969849112,2021,6,2,Air Quality Indicator
743652,386,Ozone (O3),Mean,ppb,UHF34,503504,Southern SI,Summer 2021,2021-06-01,29.79591556,2021,6,2,Air Quality Indicator
742445,365,Fine particles (PM 2.5),Mean,mcg/m3,CD,206,Belmont and East Tremont (CD6),Summer 2021,2021-06-01,8.775066774,2021,6,2,Air Quality Indicator
742487,365,Fine particles (PM 2.5),Mean,mcg/m3,CD,308,Crown Heights and Prospect Heights (CD8),Summer 2021,2021-06-01,8.635505509,2021,6,2,Air Quality Indicator
742409,365,Fine particles (PM 2.5),Mean,mcg/m3,CD,106,Stuyvesant Town and Turtle Bay (CD6),Summer 2021,2021-06-01,9.770334709,2021,6,2,Air Quality Indicator
741008,375,Nitrogen dioxide (NO2),Mean,ppb,UHF42,501,Port Richmond,Summer 2021,2021-06-01,11.81699283,2021,6,2,Air Quality Indicator
743598,386,Ozone (O3),Mean,ppb,CD,410,South Ozone Park and Howard Beach (CD10),Summer 2021,2021-06-01,32.3829185,2021,6,2,Air Quality Indicator
743614,386,Ozone (O3),Mean,ppb,CD,312,Borough Park (CD12),Summer 2021,2021-06-01,30.41093403,2021,6,2,Air Quality Indicator
742190,365,Fine particles (PM 2.5),Mean,mcg/m3,UHF42,203,Bedford Stuyvesant - Crown Heights,Summer 2021,2021-06-01,8.488168953,2021,6,2,Air Quality Indicator
740969,375,Nitrogen dioxide (NO2),Mean,ppb,UHF42,308,Greenwich Village - SoHo,Summer 2021,2021-06-01,17.90808033,2021,6,2,Air Quality Indicator
742199,365,Fine particles (PM 2.5),Mean,mcg/m3,UHF42,206,Borough Park,Summer 2021,2021-06-01,8.338108221,2021,6,2,Air Quality Indicator
742265,365,Fine particles (PM 2.5),Mean,mcg/m3,UHF42,407,Southwest Queens,Summer 2021,2021-06-01,7.921716633,2021,6,2,Air Quality Indicator
742235,365,Fine particles (PM 2.5),Mean,mcg/m3,UHF42,307,Gramercy Park - Murray Hill,Summer 2021,2021-06-01,10.07341546,2021,6,2,Air Quality Indicator
743633,386,Ozone (O3),Mean,ppb,CD,205,Fordham and University Heights (CD5),Summer 2021,2021-06-01,28.87391329,2021,6,2,Air Quality Indicator
742541,365,Fine particles (PM 2.5),Mean,mcg/m3,CD,408,Hillcrest and Fresh Meadows (CD8),Summer 2021,2021-06-01,7.913744937,2021,6,2,Air Quality Indicator
741077,375,Nitrogen dioxide (NO2),Mean,ppb,UHF34,401,Long Island City - Astoria,Summer 2021,2021-06-01,15.46758654,2021,6,2,Air Quality Indicator
743645,386,Ozone (O3),Mean,ppb,CD,105,Midtown (CD5),Summer 2021,2021-06-01,26.85959473,2021,6,2,Air Quality Indicator
743688,386,Ozone (O3),Mean,ppb,UHF42,501,Port Richmond,Summer 2021,2021-06-01,28.6400783,2021,6,2,Air Quality Indicator
742331,365,Fine particles (PM 2.5),Mean,mcg/m3,UHF34,211,Williamsburg - Bushwick,Summer 2021,2021-06-01,9.207531233,2021,6,2,Air Quality Indicator
742553,365,Fine particles (PM 2.5),Mean,mcg/m3,CD,412,Jamaica and Hollis (CD12),Summer 2021,2021-06-01,7.865408314,2021,6,2,Air Quality Indicator
742547,365,Fine particles (PM 2.5),Mean,mcg/m3,CD,410,South Ozone Park and Howard Beach (CD10),Summer 2021,2021-06-01,7.782968332,2021,6,2,Air Quality Indicator
743594,386,Ozone (O3),Mean,ppb,CD,414,Rockaway and Broad Channel (CD14),Summer 2021,2021-06-01,34.88166158,2021,6,2,Air Quality Indicator
741236,375,Nitrogen dioxide (NO2),Mean,ppb,CD,314,Flatbush and Midwood (CD14),Summer 2021,2021-06-01,10.49760571,2021,6,2,Air Quality Indicator
743717,386,Ozone (O3),Mean,ppb,UHF42,203,Bedford Stuyvesant - Crown Heights,Summer 2021,2021-06-01,30.30457745,2021,6,2,Air Quality Indicator
742202,365,Fine particles (PM 2.5),Mean,mcg/m3,UHF42,207,East Flatbush - Flatbush,Summer 2021,2021-06-01,8.298568769,2021,6,2,Air Quality Indicator
741287,375,Nitrogen dioxide (NO2),Mean,ppb,CD,413,Queens Village (CD13),Summer 2021,2021-06-01,10.40210304,2021,6,2,Air Quality Indicator
742457,365,Fine particles (PM 2.5),Mean,mcg/m3,CD,210,Throgs Neck and Co-op City (CD10),Summer 2021,2021-06-01,8.412646886,2021,6,2,Air Quality Indicator
740888,375,Nitrogen dioxide (NO2),Mean,ppb,Borough,4,Queens,Summer 2021,2021-06-01,11.0058459,2021,6,2,Air Quality Indicator
741149,375,Nitrogen dioxide (NO2),Mean,ppb,CD,109,Morningside Heights and Hamilton Heights (CD9),Summer 2021,2021-06-01,14.18504998,2021,6,2,Air Quality Indicator
743630,386,Ozone (O3),Mean,ppb,CD,208,Riverdale and Fieldston (CD8),Summer 2021,2021-06-01,29.13865378,2021,6,2,Air Quality Indicator
742352,365,Fine particles (PM 2.5),Mean,mcg/m3,UHF34,403,Flushing - Clearview,Summer 2021,2021-06-01,8.244365949,2021,6,2,Air Quality Indicator
742322,365,Fine particles (PM 2.5),Mean,mcg/m3,UHF34,208,Canarsie - Flatlands,Summer 2021,2021-06-01,7.989197619,2021,6,2,Air Quality Indicator
742259,365,Fine particles (PM 2.5),Mean,mcg/m3,UHF42,405,Ridgewood - Forest Hills,Summer 2021,2021-06-01,8.33866755,2021,6,2,Air Quality Indicator
743674,386,Ozone (O3),Mean,ppb,UHF34,207,East Flatbush - Flatbush,Summer 2021,2021-06-01,30.87669675,2021,6,2,Air Quality Indicator
741206,375,Nitrogen dioxide (NO2),Mean,ppb,CD,304,Bushwick (CD4),Summer 2021,2021-06-01,12.66773429,2021,6,2,Air Quality Indicator
743604,386,Ozone (O3),Mean,ppb,CD,404,Elmhurst and Corona (CD4),Summer 2021,2021-06-01,30.30053774,2021,6,2,Air Quality Indicator
743608,386,Ozone (O3),Mean,ppb,CD,318,Flatlands and Canarsie (CD18),Summer 2021,2021-06-01,32.244583,2021,6,2,Air Quality Indicator
743622,386,Ozone (O3),Mean,ppb,CD,304,Bushwick (CD4),Summer 2021,2021-06-01,30.38502476,2021,6,2,Air Quality Indicator
743658,386,Ozone (O3),Mean,ppb,UHF34,410,Rockaways,Summer 2021,2021-06-01,34.81212466,2021,6,2,Air Quality Indicator
742454,365,Fine particles (PM 2.5),Mean,mcg/m3,CD,209,Parkchester and Soundview (CD9),Summer 2021,2021-06-01,8.626986884,2021,6,2,Air Quality Indicator
743647,386,Ozone (O3),Mean,ppb,CD,103,Lower East Side and Chinatown (CD3),Summer 2021,2021-06-01,28.36919594,2021,6,2,Air Quality Indicator
743693,386,Ozone (O3),Mean,ppb,UHF42,406,Fresh Meadows,Summer 2021,2021-06-01,30.54683098,2021,6,2,Air Quality Indicator
741278,375,Nitrogen dioxide (NO2),Mean,ppb,CD,410,South Ozone Park and Howard Beach (CD10),Summer 2021,2021-06-01,9.176591735,2021,6,2,Air Quality Indicator
742505,365,Fine particles (PM 2.5),Mean,mcg/m3,CD,314,Flatbush and Midwood (CD14),Summer 2021,2021-06-01,8.297361286,2021,6,2,Air Quality Indicator
742418,365,Fine particles (PM 2.5),Mean,mcg/m3,CD,109,Morningside Heights and Hamilton Heights (CD9),Summer 2021,2021-06-01,8.778961595,2021,6,2,Air Quality Indicator
743671,386,Ozone (O3),Mean,ppb,UHF34,210,Coney Island - Sheepshead Bay,Summer 2021,2021-06-01,31.97905088,2021,6,2,Air Quality Indicator
742334,365,Fine particles (PM 2.5),Mean,mcg/m3,UHF34,301,Washington Heights,Summer 2021,2021-06-01,8.834187313,2021,6,2,Air Quality Indicator
743601,386,Ozone (O3),Mean,ppb,CD,407,Flushing and Whitestone (CD7),Summer 2021,2021-06-01,30.76511248,2021,6,2,Air Quality Indicator
743619,386,Ozone (O3),Mean,ppb,CD,307,Sunset Park (CD7),Summer 2021,2021-06-01,28.94263292,2021,6,2,Air Quality Indicator
743685,386,Ozone (O3),Mean,ppb,UHF42,504,South Beach - Tottenville,Summer 2021,2021-06-01,30.21359326,2021,6,2,Air Quality Indicator
743649,386,Ozone (O3),Mean,ppb,CD,101,Financial District (CD1),Summer 2021,2021-06-01,28.04687548,2021,6,2,Air Quality Indicator
743716,386,Ozone (O3),Mean,ppb,UHF42,204,East New York,Summer 2021,2021-06-01,31.07772897,2021,6,2,Air Quality Indicator
741155,375,Nitrogen dioxide (NO2),Mean,ppb,CD,111,East Harlem (CD11),Summer 2021,2021-06-01,14.49698687,2021,6,2,Air Quality Indicator
743628,386,Ozone (O3),Mean,ppb,CD,210,Throgs Neck and Co-op City (CD10),Summer 2021,2021-06-01,30.71647185,2021,6,2,Air Quality Indicator
743665,386,Ozone (O3),Mean,ppb,UHF34,401,Long Island City - Astoria,Summer 2021,2021-06-01,29.15369645,2021,6,2,Air Quality Indicator
743638,386,Ozone (O3),Mean,ppb,CD,112,Washington Heights and Inwood (CD12),Summer 2021,2021-06-01,27.63517601,2021,6,2,Air Quality Indicator
743626,386,Ozone (O3),Mean,ppb,CD,212,Williamsbridge and Baychester (CD12),Summer 2021,2021-06-01,30.30593174,2021,6,2,Air Quality Indicator
743692,386,Ozone (O3),Mean,ppb,UHF42,407,Southwest Queens,Summer 2021,2021-06-01,31.86543396,2021,6,2,Air Quality Indicator
741020,375,Nitrogen dioxide (NO2),Mean,ppb,UHF34,101,Kingsbridge - Riverdale,Summer 2021,2021-06-01,10.77928362,2021,6,2,Air Quality Indicator
741038,375,Nitrogen dioxide (NO2),Mean,ppb,UHF34,203,Bedford Stuyvesant - Crown Heights,Summer 2021,2021-06-01,11.86223722,2021,6,2,Air Quality Indicator
743643,386,Ozone (O3),Mean,ppb,CD,107,Upper West Side (CD7),Summer 2021,2021-06-01,27.80975886,2021,6,2,Air Quality Indicator
742160,365,Fine particles (PM 2.5),Mean,mcg/m3,Borough,5,Staten Island,Summer 2021,2021-06-01,7.882400248,2021,6,2,Air Quality Indicator
742226,365,Fine particles (PM 2.5),Mean,mcg/m3,UHF42,304,Upper West Side,Summer 2021,2021-06-01,8.711138978,2021,6,2,Air Quality Indicator
743730,386,Ozone (O3),Mean,ppb,Borough,2,Brooklyn,Summer 2021,2021-06-01,30.46097144,2021,6,2,Air Quality Indicator
743712,386,Ozone (O3),Mean,ppb,UHF42,208,Canarsie - Flatlands,Summer 2021,2021-06-01,32.25582956,2021,6,2,Air Quality Indicator
743731,386,Ozone (O3),Mean,ppb,Borough,1,Bronx,Summer 2021,2021-06-01,29.84281447,2021,6,2,Air Quality Indicator
743720,386,Ozone (O3),Mean,ppb,UHF42,107,Hunts Point - Mott Haven,Summer 2021,2021-06-01,29.45204851,2021,6,2,Air Quality Indicator
743662,386,Ozone (O3),Mean,ppb,UHF34,405,Ridgewood - Forest Hills,Summer 2021,2021-06-01,30.47389947,2021,6,2,Air Quality Indicator
743664,386,Ozone (O3),Mean,ppb,UHF34,402,West Queens,Summer 2021,2021-06-01,29.1888287,2021,6,2,Air Quality Indicator
743676,386,Ozone (O3),Mean,ppb,UHF34,205,Sunset Park,Summer 2021,2021-06-01,29.01789586,2021,6,2,Air Quality Indicator
742292,365,Fine particles (PM 2.5),Mean,mcg/m3,UHF34,102,Northeast Bronx,Summer 2021,2021-06-01,8.537764781,2021,6,2,Air Quality Indicator
741080,375,Nitrogen dioxide (NO2),Mean,ppb,UHF34,402,West Queens,Summer 2021,2021-06-01,14.74822451,2021,6,2,Air Quality Indicator
741068,375,Nitrogen dioxide (NO2),Mean,ppb,UHF34,302,Central Harlem - Morningside Heights,Summer 2021,2021-06-01,14.41795734,2021,6,2,Air Quality Indicator
741032,375,Nitrogen dioxide (NO2),Mean,ppb,UHF34,201,Greenpoint,Summer 2021,2021-06-01,17.18161384,2021,6,2,Air Quality Indicator
743656,386,Ozone (O3),Mean,ppb,UHF34,306308,Chelsea-Village,Summer 2021,2021-06-01,27.39349734,2021,6,2,Air Quality Indicator
743657,386,Ozone (O3),Mean,ppb,UHF34,305307,Upper East Side-Gramercy,Summer 2021,2021-06-01,27.41342922,2021,6,2,Air Quality Indicator
743667,386,Ozone (O3),Mean,ppb,UHF34,303,East Harlem,Summer 2021,2021-06-01,28.36491264,2021,6,2,Air Quality Indicator
743663,386,Ozone (O3),Mean,ppb,UHF34,403,Flushing - Clearview,Summer 2021,2021-06-01,30.79485321,2021,6,2,Air Quality Indicator
742556,365,Fine particles (PM 2.5),Mean,mcg/m3,CD,413,Queens Village (CD13),Summer 2021,2021-06-01,7.801814418,2021,6,2,Air Quality Indicator
742523,365,Fine particles (PM 2.5),Mean,mcg/m3,CD,402,Woodside and Sunnyside (CD2),Summer 2021,2021-06-01,9.510555664,2021,6,2,Air Quality Indicator
742181,365,Fine particles (PM 2.5),Mean,mcg/m3,UHF42,107,Hunts Point - Mott Haven,Summer 2021,2021-06-01,8.966066841,2021,6,2,Air Quality Indicator
741035,375,Nitrogen dioxide (NO2),Mean,ppb,UHF34,202,Downtown - Heights - Slope,Summer 2021,2021-06-01,14.560836,2021,6,2,Air Quality Indicator
741065,375,Nitrogen dioxide (NO2),Mean,ppb,UHF34,301,Washington Heights,Summer 2021,2021-06-01,13.19862573,2021,6,2,Air Quality Indicator
743683,386,Ozone (O3),Mean,ppb,UHF34,102,Northeast Bronx,Summer 2021,2021-06-01,30.37267924,2021,6,2,Air Quality Indicator
742448,365,Fine particles (PM 2.5),Mean,mcg/m3,CD,207,Kingsbridge Heights and Bedford (CD7),Summer 2021,2021-06-01,8.715545948,2021,6,2,Air Quality Indicator
743669,386,Ozone (O3),Mean,ppb,UHF34,301,Washington Heights,Summer 2021,2021-06-01,27.88948548,2021,6,2,Air Quality Indicator
743668,386,Ozone (O3),Mean,ppb,UHF34,302,Central Harlem - Morningside Heights,Summer 2021,2021-06-01,28.48897192,2021,6,2,Air Quality Indicator
743708,386,Ozone (O3),Mean,ppb,UHF42,301,Washington Heights,Summer 2021,2021-06-01,27.88916639,2021,6,2,Air Quality Indicator
742412,365,Fine particles (PM 2.5),Mean,mcg/m3,CD,107,Upper West Side (CD7),Summer 2021,2021-06-01,8.704548925,2021,6,2,Air Quality Indicator
742538,365,Fine particles (PM 2.5),Mean,mcg/m3,CD,407,Flushing and Whitestone (CD7),Summer 2021,2021-06-01,8.262264235,2021,6,2,Air Quality Indicator
742349,365,Fine particles (PM 2.5),Mean,mcg/m3,UHF34,402,West Queens,Summer 2021,2021-06-01,8.987049963,2021,6,2,Air Quality Indicator
743615,386,Ozone (O3),Mean,ppb,CD,311,Bensonhurst (CD11),Summer 2021,2021-06-01,31.16809833,2021,6,2,Air Quality Indicator
743641,386,Ozone (O3),Mean,ppb,CD,109,Morningside Heights and Hamilton Heights (CD9),Summer 2021,2021-06-01,28.61197184,2021,6,2,Air Quality Indicator
743655,386,Ozone (O3),Mean,ppb,UHF34,309310,Union Square-Lower Manhattan,Summer 2021,2021-06-01,28.18607905,2021,6,2,Air Quality Indicator
741203,375,Nitrogen dioxide (NO2),Mean,ppb,CD,303,Bedford Stuyvesant (CD3),Summer 2021,2021-06-01,13.05358964,2021,6,2,Air Quality Indicator
741071,375,Nitrogen dioxide (NO2),Mean,ppb,UHF34,303,East Harlem,Summer 2021,2021-06-01,14.52333154,2021,6,2,Air Quality Indicator
740975,375,Nitrogen dioxide (NO2),Mean,ppb,UHF42,310,Lower Manhattan,Summer 2021,2021-06-01,17.8461106,2021,6,2,Air Quality Indicator
741002,375,Nitrogen dioxide (NO2),Mean,ppb,UHF42,409,Southeast Queens,Summer 2021,2021-06-01,9.947429296,2021,6,2,Air Quality Indicator
743624,386,Ozone (O3),Mean,ppb,CD,302,Fort Greene and Brooklyn Heights (CD2),Summer 2021,2021-06-01,28.57936897,2021,6,2,Air Quality Indicator
741095,375,Nitrogen dioxide (NO2),Mean,ppb,UHF34,409,Southeast Queens,Summer 2021,2021-06-01,9.947355452,2021,6,2,Air Quality Indicator
742430,365,Fine particles (PM 2.5),Mean,mcg/m3,CD,201,Mott Haven and Melrose (CD1),Summer 2021,2021-06-01,8.800424193,2021,6,2,Air Quality Indicator
742397,365,Fine particles (PM 2.5),Mean,mcg/m3,CD,102,Greenwich Village and Soho (CD2),Summer 2021,2021-06-01,10.50378762,2021,6,2,Air Quality Indicator
740900,375,Nitrogen dioxide (NO2),Mean,ppb,UHF42,103,Fordham - Bronx Pk,Summer 2021,2021-06-01,12.14542185,2021,6,2,Air Quality Indicator
740891,375,Nitrogen dioxide (NO2),Mean,ppb,Borough,5,Staten Island,Summer 2021,2021-06-01,7.715126299,2021,6,2,Air Quality Indicator
743724,386,Ozone (O3),Mean,ppb,UHF42,103,Fordham - Bronx Pk,Summer 2021,2021-06-01,29.99755964,2021,6,2,Air Quality Indicator
742421,365,Fine particles (PM 2.5),Mean,mcg/m3,CD,110,Central Harlem (CD10),Summer 2021,2021-06-01,8.778432715,2021,6,2,Air Quality Indicator
742415,365,Fine particles (PM 2.5),Mean,mcg/m3,CD,108,Upper East Side (CD8),Summer 2021,2021-06-01,8.903031825,2021,6,2,Air Quality Indicator
741104,375,Nitrogen dioxide (NO2),Mean,ppb,UHF34,306308,Chelsea-Village,Summer 2021,2021-06-01,19.43502198,2021,6,2,Air Quality Indicator
741101,375,Nitrogen dioxide (NO2),Mean,ppb,UHF34,305307,Upper East Side-Gramercy,Summer 2021,2021-06-01,18.34516736,2021,6,2,Air Quality Indicator
742493,365,Fine particles (PM 2.5),Mean,mcg/m3,CD,310,Bay Ridge and Dyker Heights (CD10),Summer 2021,2021-06-01,8.455141047,2021,6,2,Air Quality Indicator
740960,375,Nitrogen dioxide (NO2),Mean,ppb,UHF42,305,Upper East Side,Summer 2021,2021-06-01,16.71502102,2021,6,2,Air Quality Indicator
742340,365,Fine particles (PM 2.5),Mean,mcg/m3,UHF34,303,East Harlem,Summer 2021,2021-06-01,8.689396724,2021,6,2,Air Quality Indicator
740927,375,Nitrogen dioxide (NO2),Mean,ppb,UHF42,205,Sunset Park,Summer 2021,2021-06-01,13.69030232,2021,6,2,Air Quality Indicator
743710,386,Ozone (O3),Mean,ppb,UHF42,210,Coney Island - Sheepshead Bay,Summer 2021,2021-06-01,31.97905088,2021,6,2,Air Quality Indicator
741062,375,Nitrogen dioxide (NO2),Mean,ppb,UHF34,211,Williamsburg - Bushwick,Summer 2021,2021-06-01,14.71348778,2021,6,2,Air Quality Indicator
742208,365,Fine particles (PM 2.5),Mean,mcg/m3,UHF42,209,Bensonhurst - Bay Ridge,Summer 2021,2021-06-01,8.315933331,2021,6,2,Air Quality Indicator
742298,365,Fine particles (PM 2.5),Mean,mcg/m3,UHF34,104,Pelham - Throgs Neck,Summer 2021,2021-06-01,8.527577027,2021,6,2,Air Quality Indicator
742502,365,Fine particles (PM 2.5),Mean,mcg/m3,CD,313,Coney Island (CD13),Summer 2021,2021-06-01,7.994931509,2021,6,2,Air Quality Indicator
742373,365,Fine particles (PM 2.5),Mean,mcg/m3,UHF34,306308,Chelsea-Village,Summer 2021,2021-06-01,10.35523474,2021,6,2,Air Quality Indicator
742370,365,Fine particles (PM 2.5),Mean,mcg/m3,UHF34,305307,Upper East Side-Gramercy,Summer 2021,2021-06-01,9.445861401,2021,6,2,Air Quality Indicator
743698,386,Ozone (O3),Mean,ppb,UHF42,401,Long Island City - Astoria,Summer 2021,2021-06-01,29.15369645,2021,6,2,Air Quality Indicator
742451,365,Fine particles (PM 2.5),Mean,mcg/m3,CD,208,Riverdale and Fieldston (CD8),Summer 2021,2021-06-01,8.675549554,2021,6,2,Air Quality Indicator
742481,365,Fine particles (PM 2.5),Mean,mcg/m3,CD,306,Park Slope and Carroll Gardens (CD6),Summer 2021,2021-06-01,9.079395204,2021,6,2,Air Quality Indicator
742229,365,Fine particles (PM 2.5),Mean,mcg/m3,UHF42,305,Upper East Side,Summer 2021,2021-06-01,8.891296179,2021,6,2,Air Quality Indicator
743726,386,Ozone (O3),Mean,ppb,UHF42,101,Kingsbridge - Riverdale,Summer 2021,2021-06-01,28.9974075,2021,6,2,Air Quality Indicator
742253,365,Fine particles (PM 2.5),Mean,mcg/m3,UHF42,403,Flushing - Clearview,Summer 2021,2021-06-01,8.244083128,2021,6,2,Air Quality Indicator
742196,365,Fine particles (PM 2.5),Mean,mcg/m3,UHF42,205,Sunset Park,Summer 2021,2021-06-01,8.970120104,2021,6,2,Air Quality Indicator
742463,365,Fine particles (PM 2.5),Mean,mcg/m3,CD,212,Williamsbridge and Baychester (CD12),Summer 2021,2021-06-01,8.565071054,2021,6,2,Air Quality Indicator
742385,365,Fine particles (PM 2.5),Mean,mcg/m3,UHF34,503504,Southern SI,Summer 2021,2021-06-01,7.747937491,2021,6,2,Air Quality Indicator
743654,386,Ozone (O3),Mean,ppb,UHF34,404406,Bayside Little Neck-Fresh Meadows,Summer 2021,2021-06-01,30.30019182,2021,6,2,Air Quality Indicator
742442,365,Fine particles (PM 2.5),Mean,mcg/m3,CD,205,Fordham and University Heights (CD5),Summer 2021,2021-06-01,8.70723276,2021,6,2,Air Quality Indicator
742535,365,Fine particles (PM 2.5),Mean,mcg/m3,CD,406,Rego Park and Forest Hills (CD6),Summer 2021,2021-06-01,8.148792941,2021,6,2,Air Quality Indicator
743650,386,Ozone (O3),Mean,ppb,Citywide,1,New York City,Summer 2021,2021-06-01,30.17671261,2021,6,2,Air Quality Indicator
742169,365,Fine particles (PM 2.5),Mean,mcg/m3,UHF42,103,Fordham - Bronx Pk,Summer 2021,2021-06-01,8.667146661,2021,6,2,Air Quality Indicator
742175,365,Fine particles (PM 2.5),Mean,mcg/m3,UHF42,105,Crotona -Tremont,Summer 2021,2021-06-01,8.73257354,2021,6,2,Air Quality Indicator
742283,365,Fine particles (PM 2.5),Mean,mcg/m3,UHF42,503,Willowbrook,Summer 2021,2021-06-01,7.968569343,2021,6,2,Air Quality Indicator
743694,386,Ozone (O3),Mean,ppb,UHF42,405,Ridgewood - Forest Hills,Summer 2021,2021-06-01,30.47389947,2021,6,2,Air Quality Indicator
741116,375,Nitrogen dioxide (NO2),Mean,ppb,UHF34,503504,Southern SI,Summer 2021,2021-06-01,6.578228679,2021,6,2,Air Quality Indicator
743729,386,Ozone (O3),Mean,ppb,Borough,3,Manhattan,Summer 2021,2021-06-01,27.85870965,2021,6,2,Air Quality Indicator
741122,375,Nitrogen dioxide (NO2),Mean,ppb,Citywide,1,New York City,Summer 2021,2021-06-01,11.06293137,2021,6,2,Air Quality Indicator
743699,386,Ozone (O3),Mean,ppb,UHF42,310,Lower Manhattan,Summer 2021,2021-06-01,27.96287541,2021,6,2,Air Quality Indicator
742316,365,Fine particles (PM 2.5),Mean,mcg/m3,UHF34,206,Borough Park,Summer 2021,2021-06-01,8.338108221,2021,6,2,Air Quality Indicator
742568,365,Fine particles (PM 2.5),Mean,mcg/m3,CD,503,Tottenville and Great Kills (CD3),Summer 2021,2021-06-01,7.580986238,2021,6,2,Air Quality Indicator
742211,365,Fine particles (PM 2.5),Mean,mcg/m3,UHF42,210,Coney Island - Sheepshead Bay,Summer 2021,2021-06-01,8.006196328,2021,6,2,Air Quality Indicator
742436,365,Fine particles (PM 2.5),Mean,mcg/m3,CD,203,Morrisania and Crotona (CD3),Summer 2021,2021-06-01,8.708202888,2021,6,2,Air Quality Indicator
741059,375,Nitrogen dioxide (NO2),Mean,ppb,UHF34,210,Coney Island - Sheepshead Bay,Summer 2021,2021-06-01,8.54036418,2021,6,2,Air Quality Indicator
741011,375,Nitrogen dioxide (NO2),Mean,ppb,UHF42,502,Stapleton - St. George,Summer 2021,2021-06-01,9.625419485,2021,6,2,Air Quality Indicator
741245,375,Nitrogen dioxide (NO2),Mean,ppb,CD,317,East Flatbush (CD17),Summer 2021,2021-06-01,10.91131413,2021,6,2,Air Quality Indicator
742400,365,Fine particles (PM 2.5),Mean,mcg/m3,CD,103,Lower East Side and Chinatown (CD3),Summer 2021,2021-06-01,9.606349343,2021,6,2,Air Quality Indicator
742337,365,Fine particles (PM 2.5),Mean,mcg/m3,UHF34,302,Central Harlem - Morningside Heights,Summer 2021,2021-06-01,8.774979494,2021,6,2,Air Quality Indicator
742355,365,Fine particles (PM 2.5),Mean,mcg/m3,UHF34,405,Ridgewood - Forest Hills,Summer 2021,2021-06-01,8.33866755,2021,6,2,Air Quality Indicator
743612,386,Ozone (O3),Mean,ppb,CD,314,Flatbush and Midwood (CD14),Summer 2021,2021-06-01,30.42566724,2021,6,2,Air Quality Indicator
741254,375,Nitrogen dioxide (NO2),Mean,ppb,CD,402,Woodside and Sunnyside (CD2),Summer 2021,2021-06-01,16.97577175,2021,6,2,Air Quality Indicator
741251,375,Nitrogen dioxide (NO2),Mean,ppb,CD,401,Long Island City and Astoria (CD1),Summer 2021,2021-06-01,13.42430132,2021,6,2,Air Quality Indicator
742148,365,Fine particles (PM 2.5),Mean,mcg/m3,Borough,1,Bronx,Summer 2021,2021-06-01,8.64081859,2021,6,2,Air Quality Indicator
741119,375,Nitrogen dioxide (NO2),Mean,ppb,UHF34,105106107,South Bronx,Summer 2021,2021-06-01,14.46094161,2021,6,2,Air Quality Indicator
743679,386,Ozone (O3),Mean,ppb,UHF34,202,Downtown - Heights - Slope,Summer 2021,2021-06-01,28.69795686,2021,6,2,Air Quality Indicator
742343,365,Fine particles (PM 2.5),Mean,mcg/m3,UHF34,304,Upper West Side,Summer 2021,2021-06-01,8.711141693,2021,6,2,Air Quality Indicator
741176,375,Nitrogen dioxide (NO2),Mean,ppb,CD,206,Belmont and East Tremont (CD6),Summer 2021,2021-06-01,13.52388045,2021,6,2,Air Quality Indicator
741182,375,Nitrogen dioxide (NO2),Mean,ppb,CD,208,Riverdale and Fieldston (CD8),Summer 2021,2021-06-01,10.69998439,2021,6,2,Air Quality Indicator
742295,365,Fine particles (PM 2.5),Mean,mcg/m3,UHF34,103,Fordham - Bronx Pk,Summer 2021,2021-06-01,8.667146661,2021,6,2,Air Quality Indicator
742391,365,Fine particles (PM 2.5),Mean,mcg/m3,Citywide,1,New York City,Summer 2021,2021-06-01,8.32619358,2021,6,2,Air Quality Indicator
741212,375,Nitrogen dioxide (NO2),Mean,ppb,CD,306,Park Slope and Carroll Gardens (CD6),Summer 2021,2021-06-01,14.39103694,2021,6,2,Air Quality Indicator
742172,365,Fine particles (PM 2.5),Mean,mcg/m3,UHF42,104,Pelham - Throgs Neck,Summer 2021,2021-06-01,8.527577027,2021,6,2,Air Quality Indicator
741089,375,Nitrogen dioxide (NO2),Mean,ppb,UHF34,407,Southwest Queens,Summer 2021,2021-06-01,9.825846546,2021,6,2,Air Quality Indicator
742469,365,Fine particles (PM 2.5),Mean,mcg/m3,CD,302,Fort Greene and Brooklyn Heights (CD2),Summer 2021,2021-06-01,9.052284879,2021,6,2,Air Quality Indicator
741218,375,Nitrogen dioxide (NO2),Mean,ppb,CD,308,Crown Heights and Prospect Heights (CD8),Summer 2021,2021-06-01,12.32249073,2021,6,2,Air Quality Indicator
743600,386,Ozone (O3),Mean,ppb,CD,408,Hillcrest and Fresh Meadows (CD8),Summer 2021,2021-06-01,30.28523717,2021,6,2,Air Quality Indicator
742367,365,Fine particles (PM 2.5),Mean,mcg/m3,UHF34,410,Rockaways,Summer 2021,2021-06-01,7.246336585,2021,6,2,Air Quality Indicator
742319,365,Fine particles (PM 2.5),Mean,mcg/m3,UHF34,207,East Flatbush - Flatbush,Summer 2021,2021-06-01,8.298568769,2021,6,2,Air Quality Indicator
741023,375,Nitrogen dioxide (NO2),Mean,ppb,UHF34,102,Northeast Bronx,Summer 2021,2021-06-01,12.38239402,2021,6,2,Air Quality Indicator
740912,375,Nitrogen dioxide (NO2),Mean,ppb,UHF42,107,Hunts Point - Mott Haven,Summer 2021,2021-06-01,15.1106655,2021,6,2,Air Quality Indicator
740981,375,Nitrogen dioxide (NO2),Mean,ppb,UHF42,402,West Queens,Summer 2021,2021-06-01,14.74822451,2021,6,2,Air Quality Indicator
742562,365,Fine particles (PM 2.5),Mean,mcg/m3,CD,501,St. George and Stapleton (CD1),Summer 2021,2021-06-01,8.261454273,2021,6,2,Air Quality Indicator
742325,365,Fine particles (PM 2.5),Mean,mcg/m3,UHF34,209,Bensonhurst - Bay Ridge,Summer 2021,2021-06-01,8.315933331,2021,6,2,Air Quality Indicator
743723,386,Ozone (O3),Mean,ppb,UHF42,104,Pelham - Throgs Neck,Summer 2021,2021-06-01,30.29229041,2021,6,2,Air Quality Indicator
742154,365,Fine particles (PM 2.5),Mean,mcg/m3,Borough,3,Manhattan,Summer 2021,2021-06-01,9.364910777,2021,6,2,Air Quality Indicator
741146,375,Nitrogen dioxide (NO2),Mean,ppb,CD,108,Upper East Side (CD8),Summer 2021,2021-06-01,16.77921748,2021,6,2,Air Quality Indicator
742184,365,Fine particles (PM 2.5),Mean,mcg/m3,UHF42,201,Greenpoint,Summer 2021,2021-06-01,9.632854433,2021,6,2,Air Quality Indicator
742280,365,Fine particles (PM 2.5),Mean,mcg/m3,UHF42,502,Stapleton - St. George,Summer 2021,2021-06-01,8.145374336,2021,6,2,Air Quality Indicator
741098,375,Nitrogen dioxide (NO2),Mean,ppb,UHF34,410,Rockaways,Summer 2021,2021-06-01,4.93966153,2021,6,2,Air Quality Indicator
741266,375,Nitrogen dioxide (NO2),Mean,ppb,CD,406,Rego Park and Forest Hills (CD6),Summer 2021,2021-06-01,11.09443583,2021,6,2,Air Quality Indicator
741014,375,Nitrogen dioxide (NO2),Mean,ppb,UHF42,503,Willowbrook,Summer 2021,2021-06-01,8.638720379,2021,6,2,Air Quality Indicator
743695,386,Ozone (O3),Mean,ppb,UHF42,404,Bayside - Little Neck,Summer 2021,2021-06-01,30.13775481,2021,6,2,Air Quality Indicator
741275,375,Nitrogen dioxide (NO2),Mean,ppb,CD,409,Kew Gardens and Woodhaven (CD9),Summer 2021,2021-06-01,10.83129232,2021,6,2,Air Quality Indicator
742256,365,Fine particles (PM 2.5),Mean,mcg/m3,UHF42,404,Bayside - Little Neck,Summer 2021,2021-06-01,7.900935796,2021,6,2,Air Quality Indicator
743620,386,Ozone (O3),Mean,ppb,CD,306,Park Slope and Carroll Gardens (CD6),Summer 2021,2021-06-01,28.93297858,2021,6,2,Air Quality Indicator
743602,386,Ozone (O3),Mean,ppb,CD,406,Rego Park and Forest Hills (CD6),Summer 2021,2021-06-01,30.23492703,2021,6,2,Air Quality Indicator
740966,375,Nitrogen dioxide (NO2),Mean,ppb,UHF42,307,Gramercy Park - Murray Hill,Summer 2021,2021-06-01,20.18785794,2021,6,2,Air Quality Indicator
743696,386,Ozone (O3),Mean,ppb,UHF42,403,Flushing - Clearview,Summer 2021,2021-06-01,30.79339162,2021,6,2,Air Quality Indicator
743682,386,Ozone (O3),Mean,ppb,UHF34,103,Fordham - Bronx Pk,Summer 2021,2021-06-01,29.99755964,2021,6,2,Air Quality Indicator
741167,375,Nitrogen dioxide (NO2),Mean,ppb,CD,203,Morrisania and Crotona (CD3),Summer 2021,2021-06-01,13.42672839,2021,6,2,Air Quality Indicator
743666,386,Ozone (O3),Mean,ppb,UHF34,304,Upper West Side,Summer 2021,2021-06-01,27.81426036,2021,6,2,Air Quality Indicator
743678,386,Ozone (O3),Mean,ppb,UHF34,203,Bedford Stuyvesant - Crown Heights,Summer 2021,2021-06-01,30.30457745,2021,6,2,Air Quality Indicator
741230,375,Nitrogen dioxide (NO2),Mean,ppb,CD,312,Borough Park (CD12),Summer 2021,2021-06-01,11.63276692,2021,6,2,Air Quality Indicator
741224,375,Nitrogen dioxide (NO2),Mean,ppb,CD,310,Bay Ridge and Dyker Heights (CD10),Summer 2021,2021-06-01,11.51978912,2021,6,2,Air Quality Indicator
743596,386,Ozone (O3),Mean,ppb,CD,412,Jamaica and Hollis (CD12),Summer 2021,2021-06-01,31.41362542,2021,6,2,Air Quality Indicator
742361,365,Fine particles (PM 2.5),Mean,mcg/m3,UHF34,408,Jamaica,Summer 2021,2021-06-01,7.979686257,2021,6,2,Air Quality Indicator
741215,375,Nitrogen dioxide (NO2),Mean,ppb,CD,307,Sunset Park (CD7),Summer 2021,2021-06-01,13.68767437,2021,6,2,Air Quality Indicator
741242,375,Nitrogen dioxide (NO2),Mean,ppb,CD,316,Brownsville (CD16),Summer 2021,2021-06-01,11.29766951,2021,6,2,Air Quality Indicator
742301,365,Fine particles (PM 2.5),Mean,mcg/m3,UHF34,201,Greenpoint,Summer 2021,2021-06-01,9.632854433,2021,6,2,Air Quality Indicator
741173,375,Nitrogen dioxide (NO2),Mean,ppb,CD,205,Fordham and University Heights (CD5),Summer 2021,2021-06-01,14.28404872,2021,6,2,Air Quality Indicator
740954,375,Nitrogen dioxide (NO2),Mean,ppb,UHF42,303,East Harlem,Summer 2021,2021-06-01,14.52333154,2021,6,2,Air Quality Indicator
742238,365,Fine particles (PM 2.5),Mean,mcg/m3,UHF42,308,Greenwich Village - SoHo,Summer 2021,2021-06-01,10.23393992,2021,6,2,Air Quality Indicator
742403,365,Fine particles (PM 2.5),Mean,mcg/m3,CD,104,Clinton and Chelsea (CD4),Summer 2021,2021-06-01,10.01578762,2021,6,2,Air Quality Indicator
740951,375,Nitrogen dioxide (NO2),Mean,ppb,UHF42,302,Central Harlem - Morningside Heights,Summer 2021,2021-06-01,14.41802233,2021,6,2,Air Quality Indicator
740993,375,Nitrogen dioxide (NO2),Mean,ppb,UHF42,406,Fresh Meadows,Summer 2021,2021-06-01,10.52346356,2021,6,2,Air Quality Indicator
743707,386,Ozone (O3),Mean,ppb,UHF42,302,Central Harlem - Morningside Heights,Summer 2021,2021-06-01,28.48874947,2021,6,2,Air Quality Indicator
740972,375,Nitrogen dioxide (NO2),Mean,ppb,UHF42,309,Union Square - Lower East Side,Summer 2021,2021-06-01,15.71483738,2021,6,2,Air Quality Indicator
741272,375,Nitrogen dioxide (NO2),Mean,ppb,CD,408,Hillcrest and Fresh Meadows (CD8),Summer 2021,2021-06-01,10.21764563,2021,6,2,Air Quality Indicator
743625,386,Ozone (O3),Mean,ppb,CD,301,Greenpoint and Williamsburg (CD1),Summer 2021,2021-06-01,27.78494536,2021,6,2,Air Quality Indicator
740936,375,Nitrogen dioxide (NO2),Mean,ppb,UHF42,208,Canarsie - Flatlands,Summer 2021,2021-06-01,8.174312364,2021,6,2,Air Quality Indicator
742559,365,Fine particles (PM 2.5),Mean,mcg/m3,CD,414,Rockaway and Broad Channel (CD14),Summer 2021,2021-06-01,7.248801127,2021,6,2,Air Quality Indicator
743623,386,Ozone (O3),Mean,ppb,CD,303,Bedford Stuyvesant (CD3),Summer 2021,2021-06-01,29.6069709,2021,6,2,Air Quality Indicator
741047,375,Nitrogen dioxide (NO2),Mean,ppb,UHF34,206,Borough Park,Summer 2021,2021-06-01,11.36657578,2021,6,2,Air Quality Indicator
742262,365,Fine particles (PM 2.5),Mean,mcg/m3,UHF42,406,Fresh Meadows,Summer 2021,2021-06-01,7.92415998,2021,6,2,Air Quality Indicator
742364,365,Fine particles (PM 2.5),Mean,mcg/m3,UHF34,409,Southeast Queens,Summer 2021,2021-06-01,7.692537752,2021,6,2,Air Quality Indicator
741227,375,Nitrogen dioxide (NO2),Mean,ppb,CD,311,Bensonhurst (CD11),Summer 2021,2021-06-01,10.9161668,2021,6,2,Air Quality Indicator
743599,386,Ozone (O3),Mean,ppb,CD,409,Kew Gardens and Woodhaven (CD9),Summer 2021,2021-06-01,31.09074581,2021,6,2,Air Quality Indicator
742268,365,Fine particles (PM 2.5),Mean,mcg/m3,UHF42,408,Jamaica,Summer 2021,2021-06-01,7.979677892,2021,6,2,Air Quality Indicator
743607,386,Ozone (O3),Mean,ppb,CD,401,Long Island City and Astoria (CD1),Summer 2021,2021-06-01,30.39322145,2021,6,2,Air Quality Indicator
741200,375,Nitrogen dioxide (NO2),Mean,ppb,CD,302,Fort Greene and Brooklyn Heights (CD2),Summer 2021,2021-06-01,14.53234975,2021,6,2,Air Quality Indicator
740978,375,Nitrogen dioxide (NO2),Mean,ppb,UHF42,401,Long Island City - Astoria,Summer 2021,2021-06-01,15.46758654,2021,6,2,Air Quality Indicator
743687,386,Ozone (O3),Mean,ppb,UHF42,502,Stapleton - St. George,Summer 2021,2021-06-01,29.0887923,2021,6,2,Air Quality Indicator
742499,365,Fine particles (PM 2.5),Mean,mcg/m3,CD,312,Borough Park (CD12),Summer 2021,2021-06-01,8.376875681,2021,6,2,Air Quality Indicator
743629,386,Ozone (O3),Mean,ppb,CD,209,Parkchester and Soundview (CD9),Summer 2021,2021-06-01,29.69579577,2021,6,2,Air Quality Indicator
741083,375,Nitrogen dioxide (NO2),Mean,ppb,UHF34,403,Flushing - Clearview,Summer 2021,2021-06-01,11.68978212,2021,6,2,Air Quality Indicator
740894,375,Nitrogen dioxide (NO2),Mean,ppb,UHF42,101,Kingsbridge - Riverdale,Summer 2021,2021-06-01,10.77928362,2021,6,2,Air Quality Indicator
743635,386,Ozone (O3),Mean,ppb,CD,203,Morrisania and Crotona (CD3),Summer 2021,2021-06-01,29.4412256,2021,6,2,Air Quality Indicator
741158,375,Nitrogen dioxide (NO2),Mean,ppb,CD,112,Washington Heights and Inwood (CD12),Summer 2021,2021-06-01,12.98510855,2021,6,2,Air Quality Indicator
741194,375,Nitrogen dioxide (NO2),Mean,ppb,CD,212,Williamsbridge and Baychester (CD12),Summer 2021,2021-06-01,11.98028089,2021,6,2,Air Quality Indicator
741188,375,Nitrogen dioxide (NO2),Mean,ppb,CD,210,Throgs Neck and Co-op City (CD10),Summer 2021,2021-06-01,11.75004367,2021,6,2,Air Quality Indicator
741086,375,Nitrogen dioxide (NO2),Mean,ppb,UHF34,405,Ridgewood - Forest Hills,Summer 2021,2021-06-01,11.26079773,2021,6,2,Air Quality Indicator
743634,386,Ozone (O3),Mean,ppb,CD,204,Highbridge and Concourse (CD4),Summer 2021,2021-06-01,28.92267014,2021,6,2,Air Quality Indicator
743705,386,Ozone (O3),Mean,ppb,UHF42,304,Upper West Side,Summer 2021,2021-06-01,27.81438016,2021,6,2,Air Quality Indicator
743636,386,Ozone (O3),Mean,ppb,CD,202,Hunts Point and Longwood (CD2),Summer 2021,2021-06-01,29.13468987,2021,6,2,Air Quality Indicator
743727,386,Ozone (O3),Mean,ppb,Borough,5,Staten Island,Summer 2021,2021-06-01,29.53324725,2021,6,2,Air Quality Indicator
743681,386,Ozone (O3),Mean,ppb,UHF34,104,Pelham - Throgs Neck,Summer 2021,2021-06-01,30.29229041,2021,6,2,Air Quality Indicator
741026,375,Nitrogen dioxide (NO2),Mean,ppb,UHF34,103,Fordham - Bronx Pk,Summer 2021,2021-06-01,12.14542185,2021,6,2,Air Quality Indicator
741107,375,Nitrogen dioxide (NO2),Mean,ppb,UHF34,309310,Union Square-Lower Manhattan,Summer 2021,2021-06-01,16.38151961,2021,6,2,Air Quality Indicator
740963,375,Nitrogen dioxide (NO2),Mean,ppb,UHF42,306,Chelsea - Clinton,Summer 2021,2021-06-01,20.20289563,2021,6,2,Air Quality Indicator
742166,365,Fine particles (PM 2.5),Mean,mcg/m3,UHF42,102,Northeast Bronx,Summer 2021,2021-06-01,8.537768679,2021,6,2,Air Quality Indicator
741113,375,Nitrogen dioxide (NO2),Mean,ppb,UHF34,501502,Northern SI,Summer 2021,2021-06-01,10.38809645,2021,6,2,Air Quality Indicator
742508,365,Fine particles (PM 2.5),Mean,mcg/m3,CD,315,Sheepshead Bay (CD15),Summer 2021,2021-06-01,7.994349995,2021,6,2,Air Quality Indicator
742466,365,Fine particles (PM 2.5),Mean,mcg/m3,CD,301,Greenpoint and Williamsburg (CD1),Summer 2021,2021-06-01,9.719802171,2021,6,2,Air Quality Indicator
743651,386,Ozone (O3),Mean,ppb,UHF34,105106107,South Bronx,Summer 2021,2021-06-01,29.23857616,2021,6,2,Air Quality Indicator
743597,386,Ozone (O3),Mean,ppb,CD,411,Bayside and Little Neck (CD11),Summer 2021,2021-06-01,30.33661598,2021,6,2,Air Quality Indicator
740918,375,Nitrogen dioxide (NO2),Mean,ppb,UHF42,202,Downtown - Heights - Slope,Summer 2021,2021-06-01,14.560836,2021,6,2,Air Quality Indicator
743627,386,Ozone (O3),Mean,ppb,CD,211,Morris Park and Bronxdale (CD11),Summer 2021,2021-06-01,30.32349454,2021,6,2,Air Quality Indicator
740879,375,Nitrogen dioxide (NO2),Mean,ppb,Borough,1,Bronx,Summer 2021,2021-06-01,12.82602654,2021,6,2,Air Quality Indicator
742313,365,Fine particles (PM 2.5),Mean,mcg/m3,UHF34,205,Sunset Park,Summer 2021,2021-06-01,8.970393662,2021,6,2,Air Quality Indicator
743648,386,Ozone (O3),Mean,ppb,CD,102,Greenwich Village and Soho (CD2),Summer 2021,2021-06-01,27.86528321,2021,6,2,Air Quality Indicator
742214,365,Fine particles (PM 2.5),Mean,mcg/m3,UHF42,211,Williamsburg - Bushwick,Summer 2021,2021-06-01,9.207531233,2021,6,2,Air Quality Indicator
742163,365,Fine particles (PM 2.5),Mean,mcg/m3,UHF42,101,Kingsbridge - Riverdale,Summer 2021,2021-06-01,8.683914982,2021,6,2,Air Quality Indicator
741092,375,Nitrogen dioxide (NO2),Mean,ppb,UHF34,408,Jamaica,Summer 2021,2021-06-01,10.79354872,2021,6,2,Air Quality Indicator
742382,365,Fine particles (PM 2.5),Mean,mcg/m3,UHF34,501502,Northern SI,Summer 2021,2021-06-01,8.199178006,2021,6,2,Air Quality Indicator
743637,386,Ozone (O3),Mean,ppb,CD,201,Mott Haven and Melrose (CD1),Summer 2021,2021-06-01,28.78265953,2021,6,2,Air Quality Indicator
741170,375,Nitrogen dioxide (NO2),Mean,ppb,CD,204,Highbridge and Concourse (CD4),Summer 2021,2021-06-01,14.26112959,2021,6,2,Air Quality Indicator
740945,375,Nitrogen dioxide (NO2),Mean,ppb,UHF42,211,Williamsburg - Bushwick,Summer 2021,2021-06-01,14.71348778,2021,6,2,Air Quality Indicator
740903,375,Nitrogen dioxide (NO2),Mean,ppb,UHF42,104,Pelham - Throgs Neck,Summer 2021,2021-06-01,12.31674151,2021,6,2,Air Quality Indicator
741257,375,Nitrogen dioxide (NO2),Mean,ppb,CD,403,Jackson Heights (CD3),Summer 2021,2021-06-01,12.67679499,2021,6,2,Air Quality Indicator
740999,375,Nitrogen dioxide (NO2),Mean,ppb,UHF42,408,Jamaica,Summer 2021,2021-06-01,10.79325816,2021,6,2,Air Quality Indicator
741044,375,Nitrogen dioxide (NO2),Mean,ppb,UHF34,205,Sunset Park,Summer 2021,2021-06-01,13.69146713,2021,6,2,Air Quality Indicator
741053,375,Nitrogen dioxide (NO2),Mean,ppb,UHF34,208,Canarsie - Flatlands,Summer 2021,2021-06-01,8.174312364,2021,6,2,Air Quality Indicator
740921,375,Nitrogen dioxide (NO2),Mean,ppb,UHF42,203,Bedford Stuyvesant - Crown Heights,Summer 2021,2021-06-01,11.86223722,2021,6,2,Air Quality Indicator
741134,375,Nitrogen dioxide (NO2),Mean,ppb,CD,104,Clinton and Chelsea (CD4),Summer 2021,2021-06-01,19.19069483,2021,6,2,Air Quality Indicator
741140,375,Nitrogen dioxide (NO2),Mean,ppb,CD,106,Stuyvesant Town and Turtle Bay (CD6),Summer 2021,2021-06-01,18.63333083,2021,6,2,Air Quality Indicator
742193,365,Fine particles (PM 2.5),Mean,mcg/m3,UHF42,204,East New York,Summer 2021,2021-06-01,8.306702536,2021,6,2,Air Quality Indicator
743714,386,Ozone (O3),Mean,ppb,UHF42,206,Borough Park,Summer 2021,2021-06-01,30.45042006,2021,6,2,Air Quality Indicator
742460,365,Fine particles (PM 2.5),Mean,mcg/m3,CD,211,Morris Park and Bronxdale (CD11),Summer 2021,2021-06-01,8.59284468,2021,6,2,Air Quality Indicator
741074,375,Nitrogen dioxide (NO2),Mean,ppb,UHF34,304,Upper West Side,Summer 2021,2021-06-01,15.66316604,2021,6,2,Air Quality Indicator
740930,375,Nitrogen dioxide (NO2),Mean,ppb,UHF42,206,Borough Park,Summer 2021,2021-06-01,11.36657578,2021,6,2,Air Quality Indicator
741191,375,Nitrogen dioxide (NO2),Mean,ppb,CD,211,Morris Park and Bronxdale (CD11),Summer 2021,2021-06-01,12.59780177,2021,6,2,Air Quality Indicator
741221,375,Nitrogen dioxide (NO2),Mean,ppb,CD,309,South Crown Heights and Lefferts Gardens (CD9),Summer 2021,2021-06-01,11.63358713,2021,6,2,Air Quality Indicator
740957,375,Nitrogen dioxide (NO2),Mean,ppb,UHF42,304,Upper West Side,Summer 2021,2021-06-01,15.66331493,2021,6,2,Air Quality Indicator
741164,375,Nitrogen dioxide (NO2),Mean,ppb,CD,202,Hunts Point and Longwood (CD2),Summer 2021,2021-06-01,16.1878592,2021,6,2,Air Quality Indicator
741293,375,Nitrogen dioxide (NO2),Mean,ppb,CD,501,St. George and Stapleton (CD1),Summer 2021,2021-06-01,11.21624403,2021,6,2,Air Quality Indicator
740909,375,Nitrogen dioxide (NO2),Mean,ppb,UHF42,106,High Bridge - Morrisania,Summer 2021,2021-06-01,14.18961104,2021,6,2,Air Quality Indicator
741296,375,Nitrogen dioxide (NO2),Mean,ppb,CD,502,South Beach and Willowbrook (CD2),Summer 2021,2021-06-01,8.146352927,2021,6,2,Air Quality Indicator
740906,375,Nitrogen dioxide (NO2),Mean,ppb,UHF42,105,Crotona -Tremont,Summer 2021,2021-06-01,13.8190272,2021,6,2,Air Quality Indicator
740984,375,Nitrogen dioxide (NO2),Mean,ppb,UHF42,403,Flushing - Clearview,Summer 2021,2021-06-01,11.69170414,2021,6,2,Air Quality Indicator
743618,386,Ozone (O3),Mean,ppb,CD,308,Crown Heights and Prospect Heights (CD8),Summer 2021,2021-06-01,29.91373088,2021,6,2,Air Quality Indicator
743677,386,Ozone (O3),Mean,ppb,UHF34,204,East New York,Summer 2021,2021-06-01,31.07772897,2021,6,2,Air Quality Indicator
742328,365,Fine particles (PM 2.5),Mean,mcg/m3,UHF34,210,Coney Island - Sheepshead Bay,Summer 2021,2021-06-01,8.006196328,2021,6,2,Air Quality Indicator
741050,375,Nitrogen dioxide (NO2),Mean,ppb,UHF34,207,East Flatbush - Flatbush,Summer 2021,2021-06-01,10.74879393,2021,6,2,Air Quality Indicator
740897,375,Nitrogen dioxide (NO2),Mean,ppb,UHF42,102,Northeast Bronx,Summer 2021,2021-06-01,12.38240673,2021,6,2,Air Quality Indicator
740948,375,Nitrogen dioxide (NO2),Mean,ppb,UHF42,301,Washington Heights,Summer 2021,2021-06-01,13.19862573,2021,6,2,Air Quality Indicator
743593,386,Ozone (O3),Mean,ppb,CD,501,St. George and Stapleton (CD1),Summer 2021,2021-06-01,28.61375936,2021,6,2,Air Quality Indicator
741041,375,Nitrogen dioxide (NO2),Mean,ppb,UHF34,204,East New York,Summer 2021,2021-06-01,10.78578832,2021,6,2,Air Quality Indicator
743689,386,Ozone (O3),Mean,ppb,UHF42,410,Rockaways,Summer 2021,2021-06-01,34.81212466,2021,6,2,Air Quality Indicator
743592,386,Ozone (O3),Mean,ppb,CD,502,South Beach and Willowbrook (CD2),Summer 2021,2021-06-01,29.42854157,2021,6,2,Air Quality Indicator
743631,386,Ozone (O3),Mean,ppb,CD,207,Kingsbridge Heights and Bedford (CD7),Summer 2021,2021-06-01,29.83936746,2021,6,2,Air Quality Indicator
742565,365,Fine particles (PM 2.5),Mean,mcg/m3,CD,502,South Beach and Willowbrook (CD2),Summer 2021,2021-06-01,7.947066982,2021,6,2,Air Quality Indicator
741179,375,Nitrogen dioxide (NO2),Mean,ppb,CD,207,Kingsbridge Heights and Bedford (CD7),Summer 2021,2021-06-01,12.98731097,2021,6,2,Air Quality Indicator
742346,365,Fine particles (PM 2.5),Mean,mcg/m3,UHF34,401,Long Island City - Astoria,Summer 2021,2021-06-01,9.132902315,2021,6,2,Air Quality Indicator
741260,375,Nitrogen dioxide (NO2),Mean,ppb,CD,404,Elmhurst and Corona (CD4),Summer 2021,2021-06-01,13.13203204,2021,6,2,Air Quality Indicator
740990,375,Nitrogen dioxide (NO2),Mean,ppb,UHF42,405,Ridgewood - Forest Hills,Summer 2021,2021-06-01,11.26079773,2021,6,2,Air Quality Indicator
742388,365,Fine particles (PM 2.5),Mean,mcg/m3,UHF34,105106107,South Bronx,Summer 2021,2021-06-01,8.792481229,2021,6,2,Air Quality Indicator
742427,365,Fine particles (PM 2.5),Mean,mcg/m3,CD,112,Washington Heights and Inwood (CD12),Summer 2021,2021-06-01,8.838169723,2021,6,2,Air Quality Indicator
741185,375,Nitrogen dioxide (NO2),Mean,ppb,CD,209,Parkchester and Soundview (CD9),Summer 2021,2021-06-01,12.88371463,2021,6,2,Air Quality Indicator
742247,365,Fine particles (PM 2.5),Mean,mcg/m3,UHF42,401,Long Island City - Astoria,Summer 2021,2021-06-01,9.132902315,2021,6,2,Air Quality Indicator
741128,375,Nitrogen dioxide (NO2),Mean,ppb,CD,102,Greenwich Village and Soho (CD2),Summer 2021,2021-06-01,17.81926295,2021,6,2,Air Quality Indicator
743595,386,Ozone (O3),Mean,ppb,CD,413,Queens Village (CD13),Summer 2021,2021-06-01,31.34943246,2021,6,2,Air Quality Indicator
741161,375,Nitrogen dioxide (NO2),Mean,ppb,CD,201,Mott Haven and Melrose (CD1),Summer 2021,2021-06-01,15.25781582,2021,6,2,Air Quality Indicator
741197,375,Nitrogen dioxide (NO2),Mean,ppb,CD,301,Greenpoint and Williamsburg (CD1),Summer 2021,2021-06-01,17.37134811,2021,6,2,Air Quality Indicator
743644,386,Ozone (O3),Mean,ppb,CD,106,Stuyvesant Town and Turtle Bay (CD6),Summer 2021,2021-06-01,27.20062856,2021,6,2,Air Quality Indicator
740996,375,Nitrogen dioxide (NO2),Mean,ppb,UHF42,407,Southwest Queens,Summer 2021,2021-06-01,9.824654675,2021,6,2,Air Quality Indicator
743691,386,Ozone (O3),Mean,ppb,UHF42,408,Jamaica,Summer 2021,2021-06-01,30.99209985,2021,6,2,Air Quality Indicator
740882,375,Nitrogen dioxide (NO2),Mean,ppb,Borough,2,Brooklyn,Summer 2021,2021-06-01,11.46463917,2021,6,2,Air Quality Indicator
743591,386,Ozone (O3),Mean,ppb,CD,503,Tottenville and Great Kills (CD3),Summer 2021,2021-06-01,30.23352942,2021,6,2,Air Quality Indicator
743605,386,Ozone (O3),Mean,ppb,CD,403,Jackson Heights (CD3),Summer 2021,2021-06-01,30.44613858,2021,6,2,Air Quality Indicator
741056,375,Nitrogen dioxide (NO2),Mean,ppb,UHF34,209,Bensonhurst - Bay Ridge,Summer 2021,2021-06-01,10.80878775,2021,6,2,Air Quality Indicator
741152,375,Nitrogen dioxide (NO2),Mean,ppb,CD,110,Central Harlem (CD10),Summer 2021,2021-06-01,14.49825643,2021,6,2,Air Quality Indicator
742358,365,Fine particles (PM 2.5),Mean,mcg/m3,UHF34,407,Southwest Queens,Summer 2021,2021-06-01,7.921877507,2021,6,2,Air Quality Indicator
743670,386,Ozone (O3),Mean,ppb,UHF34,211,Williamsburg - Bushwick,Summer 2021,2021-06-01,29.27933416,2021,6,2,Air Quality Indicator
743672,386,Ozone (O3),Mean,ppb,UHF34,209,Bensonhurst - Bay Ridge,Summer 2021,2021-06-01,30.41113869,2021,6,2,Air Quality Indicator
743719,386,Ozone (O3),Mean,ppb,UHF42,201,Greenpoint,Summer 2021,2021-06-01,27.79246419,2021,6,2,Air Quality Indicator
741137,375,Nitrogen dioxide (NO2),Mean,ppb,CD,105,Midtown (CD5),Summer 2021,2021-06-01,22.06715193,2021,6,2,Air Quality Indicator
743684,386,Ozone (O3),Mean,ppb,UHF34,101,Kingsbridge - Riverdale,Summer 2021,2021-06-01,28.9974075,2021,6,2,Air Quality Indicator
743703,386,Ozone (O3),Mean,ppb,UHF42,306,Chelsea - Clinton,Summer 2021,2021-06-01,27.10942324,2021,6,2,Air Quality Indicator
743715,386,Ozone (O3),Mean,ppb,UHF42,205,Sunset Park,Summer 2021,2021-06-01,29.01817256,2021,6,2,Air Quality Indicator
742178,365,Fine particles (PM 2.5),Mean,mcg/m3,UHF42,106,High Bridge - Morrisania,Summer 2021,2021-06-01,8.597426702,2021,6,2,Air Quality Indicator
743706,386,Ozone (O3),Mean,ppb,UHF42,303,East Harlem,Summer 2021,2021-06-01,28.36491264,2021,6,2,Air Quality Indicator
741269,375,Nitrogen dioxide (NO2),Mean,ppb,CD,407,Flushing and Whitestone (CD7),Summer 2021,2021-06-01,11.67218229,2021,6,2,Air Quality Indicator
741017,375,Nitrogen dioxide (NO2),Mean,ppb,UHF42,504,South Beach - Tottenville,Summer 2021,2021-06-01,5.36481765,2021,6,2,Air Quality Indicator
743704,386,Ozone (O3),Mean,ppb,UHF42,305,Upper East Side,Summer 2021,2021-06-01,27.8255461,2021,6,2,Air Quality Indicator
742310,365,Fine particles (PM 2.5),Mean,mcg/m3,UHF34,204,East New York,Summer 2021,2021-06-01,8.306702536,2021,6,2,Air Quality Indicator
741209,375,Nitrogen dioxide (NO2),Mean,ppb,CD,305,East New York and Starrett City (CD5),Summer 2021,2021-06-01,10.44820093,2021,6,2,Air Quality Indicator
743632,386,Ozone (O3),Mean,ppb,CD,206,Belmont and East Tremont (CD6),Summer 2021,2021-06-01,29.51624125,2021,6,2,Air Quality Indicator
743646,386,Ozone (O3),Mean,ppb,CD,104,Clinton and Chelsea (CD4),Summer 2021,2021-06-01,27.28329754,2021,6,2,Air Quality Indicator
743702,386,Ozone (O3),Mean,ppb,UHF42,307,Gramercy Park - Murray Hill,Summer 2021,2021-06-01,26.94870178,2021,6,2,Air Quality Indicator
741263,375,Nitrogen dioxide (NO2),Mean,ppb,CD,405,Ridgewood and Maspeth (CD5),Summer 2021,2021-06-01,13.15798706,2021,6,2,Air Quality Indicator
743610,386,Ozone (O3),Mean,ppb,CD,316,Brownsville (CD16),Summer 2021,2021-06-01,30.80518625,2021,6,2,Air Quality Indicator
742151,365,Fine particles (PM 2.5),Mean,mcg/m3,Borough,2,Brooklyn,Summer 2021,2021-06-01,8.490756288,2021,6,2,Air Quality Indicator
742517,365,Fine particles (PM 2.5),Mean,mcg/m3,CD,318,Flatlands and Canarsie (CD18),Summer 2021,2021-06-01,7.970374526,2021,6,2,Air Quality Indicator
742514,365,Fine particles (PM 2.5),Mean,mcg/m3,CD,317,East Flatbush (CD17),Summer 2021,2021-06-01,8.313172395,2021,6,2,Air Quality Indicator
742472,365,Fine particles (PM 2.5),Mean,mcg/m3,CD,303,Bedford Stuyvesant (CD3),Summer 2021,2021-06-01,8.770812864,2021,6,2,Air Quality Indicator
742250,365,Fine particles (PM 2.5),Mean,mcg/m3,UHF42,402,West Queens,Summer 2021,2021-06-01,8.987049963,2021,6,2,Air Quality Indicator
742286,365,Fine particles (PM 2.5),Mean,mcg/m3,UHF42,504,South Beach - Tottenville,Summer 2021,2021-06-01,7.6181679,2021,6,2,Air Quality Indicator
743721,386,Ozone (O3),Mean,ppb,UHF42,106,High Bridge - Morrisania,Summer 2021,2021-06-01,29.20256483,2021,6,2,Air Quality Indicator
741248,375,Nitrogen dioxide (NO2),Mean,ppb,CD,318,Flatlands and Canarsie (CD18),Summer 2021,2021-06-01,8.115067493,2021,6,2,Air Quality Indicator
742529,365,Fine particles (PM 2.5),Mean,mcg/m3,CD,404,Elmhurst and Corona (CD4),Summer 2021,2021-06-01,8.505962415,2021,6,2,Air Quality Indicator
743709,386,Ozone (O3),Mean,ppb,UHF42,211,Williamsburg - Bushwick,Summer 2021,2021-06-01,29.27933416,2021,6,2,Air Quality Indicator
743617,386,Ozone (O3),Mean,ppb,CD,309,South Crown Heights and Lefferts Gardens (CD9),Summer 2021,2021-06-01,30.63473267,2021,6,2,Air Quality Indicator
741110,375,Nitrogen dioxide (NO2),Mean,ppb,UHF34,404406,Bayside Little Neck-Fresh Meadows,Summer 2021,2021-06-01,10.19669042,2021,6,2,Air Quality Indicator
743659,386,Ozone (O3),Mean,ppb,UHF34,409,Southeast Queens,Summer 2021,2021-06-01,31.45354126,2021,6,2,Air Quality Indicator
743722,386,Ozone (O3),Mean,ppb,UHF42,105,Crotona -Tremont,Summer 2021,2021-06-01,28.97885562,2021,6,2,Air Quality Indicator
743639,386,Ozone (O3),Mean,ppb,CD,111,East Harlem (CD11),Summer 2021,2021-06-01,28.33259453,2021,6,2,Air Quality Indicator
743616,386,Ozone (O3),Mean,ppb,CD,310,Bay Ridge and Dyker Heights (CD10),Summer 2021,2021-06-01,29.65426209,2021,6,2,Air Quality Indicator
742394,365,Fine particles (PM 2.5),Mean,mcg/m3,CD,101,Financial District (CD1),Summer 2021,2021-06-01,9.667357714,2021,6,2,Air Quality Indicator
743660,386,Ozone (O3),Mean,ppb,UHF34,408,Jamaica,Summer 2021,2021-06-01,30.99122698,2021,6,2,Air Quality Indicator
743713,386,Ozone (O3),Mean,ppb,UHF42,207,East Flatbush - Flatbush,Summer 2021,2021-06-01,30.87669675,2021,6,2,Air Quality Indicator
741290,375,Nitrogen dioxide (NO2),Mean,ppb,CD,414,Rockaway and Broad Channel (CD14),Summer 2021,2021-06-01,4.850858294,2021,6,2,Air Quality Indicator
741299,375,Nitrogen dioxide (NO2),Mean,ppb,CD,503,Tottenville and Great Kills (CD3),Summer 2021,2021-06-01,5.085557968,2021,6,2,Air Quality Indicator
742157,365,Fine particles (PM 2.5),Mean,mcg/m3,Borough,4,Queens,Summer 2021,2021-06-01,8.135956297,2021,6,2,Air Quality Indicator
741131,375,Nitrogen dioxide (NO2),Mean,ppb,CD,103,Lower East Side and Chinatown (CD3),Summer 2021,2021-06-01,15.39439938,2021,6,2,Air Quality Indicator
743609,386,Ozone (O3),Mean,ppb,CD,317,East Flatbush (CD17),Summer 2021,2021-06-01,31.04049048,2021,6,2,Air Quality Indicator
742433,365,Fine particles (PM 2.5),Mean,mcg/m3,CD,202,Hunts Point and Longwood (CD2),Summer 2021,2021-06-01,9.30273131,2021,6,2,Air Quality Indicator
743718,386,Ozone (O3),Mean,ppb,UHF42,202,Downtown - Heights - Slope,Summer 2021,2021-06-01,28.69795686,2021,6,2,Air Quality Indicator
742532,365,Fine particles (PM 2.5),Mean,mcg/m3,CD,405,Ridgewood and Maspeth (CD5),Summer 2021,2021-06-01,8.814331895,2021,6,2,Air Quality Indicator
742406,365,Fine particles (PM 2.5),Mean,mcg/m3,CD,105,Midtown (CD5),Summer 2021,2021-06-01,10.94066729,2021,6,2,Air Quality Indicator
742484,365,Fine particles (PM 2.5),Mean,mcg/m3,CD,307,Sunset Park (CD7),Summer 2021,2021-06-01,8.97075379,2021,6,2,Air Quality Indicator
740933,375,Nitrogen dioxide (NO2),Mean,ppb,UHF42,207,East Flatbush - Flatbush,Summer 2021,2021-06-01,10.74879393,2021,6,2,Air Quality Indicator
742511,365,Fine particles (PM 2.5),Mean,mcg/m3,CD,316,Brownsville (CD16),Summer 2021,2021-06-01,8.339782078,2021,6,2,Air Quality Indicator
743690,386,Ozone (O3),Mean,ppb,UHF42,409,Southeast Queens,Summer 2021,2021-06-01,31.45397097,2021,6,2,Air Quality Indicator
742478,365,Fine particles (PM 2.5),Mean,mcg/m3,CD,305,East New York and Starrett City (CD5),Summer 2021,2021-06-01,8.250709837,2021,6,2,Air Quality Indicator
741281,375,Nitrogen dioxide (NO2),Mean,ppb,CD,411,Bayside and Little Neck (CD11),Summer 2021,2021-06-01,10.2155364,2021,6,2,Air Quality Indicator
743711,386,Ozone (O3),Mean,ppb,UHF42,209,Bensonhurst - Bay Ridge,Summer 2021,2021-06-01,30.41113869,2021,6,2,Air Quality Indicator
743680,386,Ozone (O3),Mean,ppb,UHF34,201,Greenpoint,Summer 2021,2021-06-01,27.79246419,2021,6,2,Air Quality Indicator
742424,365,Fine particles (PM 2.5),Mean,mcg/m3,CD,111,East Harlem (CD11),Summer 2021,2021-06-01,8.697843674,2021,6,2,Air Quality Indicator
742490,365,Fine particles (PM 2.5),Mean,mcg/m3,CD,309,South Crown Heights and Lefferts Gardens (CD9),Summer 2021,2021-06-01,8.410817946,2021,6,2,Air Quality Indicator
740915,375,Nitrogen dioxide (NO2),Mean,ppb,UHF42,201,Greenpoint,Summer 2021,2021-06-01,17.18161384,2021,6,2,Air Quality Indicator
741125,375,Nitrogen dioxide (NO2),Mean,ppb,CD,101,Financial District (CD1),Summer 2021,2021-06-01,18.03017741,2021,6,2,Air Quality Indicator
743621,386,Ozone (O3),Mean,ppb,CD,305,East New York and Starrett City (CD5),Summer 2021,2021-06-01,31.30650519,2021,6,2,Air Quality Indicator
742223,365,Fine particles (PM 2.5),Mean,mcg/m3,UHF42,303,East Harlem,Summer 2021,2021-06-01,8.689396724,2021,6,2,Air Quality Indicator
742496,365,Fine particles (PM 2.5),Mean,mcg/m3,CD,311,Bensonhurst (CD11),Summer 2021,2021-06-01,8.238273731,2021,6,2,Air Quality Indicator
742550,365,Fine particles (PM 2.5),Mean,mcg/m3,CD,411,Bayside and Little Neck (CD11),Summer 2021,2021-06-01,7.90829535,2021,6,2,Air Quality Indicator
742544,365,Fine particles (PM 2.5),Mean,mcg/m3,CD,409,Kew Gardens and Woodhaven (CD9),Summer 2021,2021-06-01,8.127720145,2021,6,2,Air Quality Indicator
743642,386,Ozone (O3),Mean,ppb,CD,108,Upper East Side (CD8),Summer 2021,2021-06-01,27.80550348,2021,6,2,Air Quality Indicator
741029,375,Nitrogen dioxide (NO2),Mean,ppb,UHF34,104,Pelham - Throgs Neck,Summer 2021,2021-06-01,12.31674151,2021,6,2,Air Quality Indicator
743675,386,Ozone (O3),Mean,ppb,UHF34,206,Borough Park,Summer 2021,2021-06-01,30.45042006,2021,6,2,Air Quality Indicator
742475,365,Fine particles (PM 2.5),Mean,mcg/m3,CD,304,Bushwick (CD4),Summer 2021,2021-06-01,8.778825717,2021,6,2,Air Quality Indicator
743686,386,Ozone (O3),Mean,ppb,UHF42,503,Willowbrook,Summer 2021,2021-06-01,29.08620829,2021,6,2,Air Quality Indicator
743653,386,Ozone (O3),Mean,ppb,UHF34,501502,Northern SI,Summer 2021,2021-06-01,28.93255653,2021,6,2,Air Quality Indicator
741180,375,Nitrogen dioxide (NO2),Mean,ppb,CD,207,Kingsbridge Heights and Bedford (CD7),Annual Average 2021,2021-01-01,16.85715404,2021,1,1,Air Quality Indicator
741291,375,Nitrogen dioxide (NO2),Mean,ppb,CD,414,Rockaway and Broad Channel (CD14),Annual Average 2021,2021-01-01,11.33729397,2021,1,1,Air Quality Indicator
742548,365,Fine particles (PM 2.5),Mean,mcg/m3,CD,410,South Ozone Park and Howard Beach (CD10),Annual Average 2021,2021-01-01,6.194084833,2021,1,1,Air Quality Indicator
742170,365,Fine particles (PM 2.5),Mean,mcg/m3,UHF42,103,Fordham - Bronx Pk,Annual Average 2021,2021-01-01,6.58259927,2021,1,1,Air Quality Indicator
741039,375,Nitrogen dioxide (NO2),Mean,ppb,UHF34,203,Bedford Stuyvesant - Crown Heights,Annual Average 2021,2021-01-01,17.11865235,2021,1,1,Air Quality Indicator
741153,375,Nitrogen dioxide (NO2),Mean,ppb,CD,110,Central Harlem (CD10),Annual Average 2021,2021-01-01,18.30654991,2021,1,1,Air Quality Indicator
742332,365,Fine particles (PM 2.5),Mean,mcg/m3,UHF34,211,Williamsburg - Bushwick,Annual Average 2021,2021-01-01,7.247995672,2021,1,1,Air Quality Indicator
742416,365,Fine particles (PM 2.5),Mean,mcg/m3,CD,108,Upper East Side (CD8),Annual Average 2021,2021-01-01,7.031483788,2021,1,1,Air Quality Indicator
741069,375,Nitrogen dioxide (NO2),Mean,ppb,UHF34,302,Central Harlem - Morningside Heights,Annual Average 2021,2021-01-01,18.20655304,2021,1,1,Air Quality Indicator
740904,375,Nitrogen dioxide (NO2),Mean,ppb,UHF42,104,Pelham - Throgs Neck,Annual Average 2021,2021-01-01,16.00939977,2021,1,1,Air Quality Indicator
742296,365,Fine particles (PM 2.5),Mean,mcg/m3,UHF34,103,Fordham - Bronx Pk,Annual Average 2021,2021-01-01,6.58259927,2021,1,1,Air Quality Indicator
742482,365,Fine particles (PM 2.5),Mean,mcg/m3,CD,306,Park Slope and Carroll Gardens (CD6),Annual Average 2021,2021-01-01,7.063171222,2021,1,1,Air Quality Indicator
741117,375,Nitrogen dioxide (NO2),Mean,ppb,UHF34,503504,Southern SI,Annual Average 2021,2021-01-01,12.03012747,2021,1,1,Air Quality Indicator
742188,365,Fine particles (PM 2.5),Mean,mcg/m3,UHF42,202,Downtown - Heights - Slope,Annual Average 2021,2021-01-01,7.09930316,2021,1,1,Air Quality Indicator
742248,365,Fine particles (PM 2.5),Mean,mcg/m3,UHF42,401,Long Island City - Astoria,Annual Average 2021,2021-01-01,7.195535359,2021,1,1,Air Quality Indicator
742365,365,Fine particles (PM 2.5),Mean,mcg/m3,UHF34,409,Southeast Queens,Annual Average 2021,2021-01-01,6.22951803,2021,1,1,Air Quality Indicator
741225,375,Nitrogen dioxide (NO2),Mean,ppb,CD,310,Bay Ridge and Dyker Heights (CD10),Annual Average 2021,2021-01-01,16.42038182,2021,1,1,Air Quality Indicator
741000,375,Nitrogen dioxide (NO2),Mean,ppb,UHF42,408,Jamaica,Annual Average 2021,2021-01-01,15.29935075,2021,1,1,Air Quality Indicator
742533,365,Fine particles (PM 2.5),Mean,mcg/m3,CD,405,Ridgewood and Maspeth (CD5),Annual Average 2021,2021-01-01,6.961902901,2021,1,1,Air Quality Indicator
741273,375,Nitrogen dioxide (NO2),Mean,ppb,CD,408,Hillcrest and Fresh Meadows (CD8),Annual Average 2021,2021-01-01,14.6631576,2021,1,1,Air Quality Indicator
740946,375,Nitrogen dioxide (NO2),Mean,ppb,UHF42,211,Williamsburg - Bushwick,Annual Average 2021,2021-01-01,19.0385913,2021,1,1,Air Quality Indicator
741300,375,Nitrogen dioxide (NO2),Mean,ppb,CD,503,Tottenville and Great Kills (CD3),Annual Average 2021,2021-01-01,11.11513478,2021,1,1,Air Quality Indicator
742374,365,Fine particles (PM 2.5),Mean,mcg/m3,UHF34,306308,Chelsea-Village,Annual Average 2021,2021-01-01,8.368387811,2021,1,1,Air Quality Indicator
742452,365,Fine particles (PM 2.5),Mean,mcg/m3,CD,208,Riverdale and Fieldston (CD8),Annual Average 2021,2021-01-01,6.547798125,2021,1,1,Air Quality Indicator
741045,375,Nitrogen dioxide (NO2),Mean,ppb,UHF34,205,Sunset Park,Annual Average 2021,2021-01-01,18.02984319,2021,1,1,Air Quality Indicator
742161,365,Fine particles (PM 2.5),Mean,mcg/m3,Borough,5,Staten Island,Annual Average 2021,2021-01-01,6.152014512,2021,1,1,Air Quality Indicator
742395,365,Fine particles (PM 2.5),Mean,mcg/m3,CD,101,Financial District (CD1),Annual Average 2021,2021-01-01,7.656623364,2021,1,1,Air Quality Indicator
742434,365,Fine particles (PM 2.5),Mean,mcg/m3,CD,202,Hunts Point and Longwood (CD2),Annual Average 2021,2021-01-01,7.291174225,2021,1,1,Air Quality Indicator
742212,365,Fine particles (PM 2.5),Mean,mcg/m3,UHF42,210,Coney Island - Sheepshead Bay,Annual Average 2021,2021-01-01,6.270061176,2021,1,1,Air Quality Indicator
742404,365,Fine particles (PM 2.5),Mean,mcg/m3,CD,104,Clinton and Chelsea (CD4),Annual Average 2021,2021-01-01,8.070489512,2021,1,1,Air Quality Indicator
742329,365,Fine particles (PM 2.5),Mean,mcg/m3,UHF34,210,Coney Island - Sheepshead Bay,Annual Average 2021,2021-01-01,6.270061176,2021,1,1,Air Quality Indicator
742527,365,Fine particles (PM 2.5),Mean,mcg/m3,CD,403,Jackson Heights (CD3),Annual Average 2021,2021-01-01,6.644332844,2021,1,1,Air Quality Indicator
742560,365,Fine particles (PM 2.5),Mean,mcg/m3,CD,414,Rockaway and Broad Channel (CD14),Annual Average 2021,2021-01-01,5.918832207,2021,1,1,Air Quality Indicator
741075,375,Nitrogen dioxide (NO2),Mean,ppb,UHF34,304,Upper West Side,Annual Average 2021,2021-01-01,19.16866785,2021,1,1,Air Quality Indicator
742218,365,Fine particles (PM 2.5),Mean,mcg/m3,UHF42,301,Washington Heights,Annual Average 2021,2021-01-01,6.863263918,2021,1,1,Air Quality Indicator
742227,365,Fine particles (PM 2.5),Mean,mcg/m3,UHF42,304,Upper West Side,Annual Average 2021,2021-01-01,6.799980284,2021,1,1,Air Quality Indicator
740889,375,Nitrogen dioxide (NO2),Mean,ppb,Borough,4,Queens,Annual Average 2021,2021-01-01,15.46265071,2021,1,1,Air Quality Indicator
741210,375,Nitrogen dioxide (NO2),Mean,ppb,CD,305,East New York and Starrett City (CD5),Annual Average 2021,2021-01-01,15.86336629,2021,1,1,Air Quality Indicator
742392,365,Fine particles (PM 2.5),Mean,mcg/m3,Citywide,1,New York City,Annual Average 2021,2021-01-01,6.538726113,2021,1,1,Air Quality Indicator
740982,375,Nitrogen dioxide (NO2),Mean,ppb,UHF42,402,West Queens,Annual Average 2021,2021-01-01,18.56473211,2021,1,1,Air Quality Indicator
740934,375,Nitrogen dioxide (NO2),Mean,ppb,UHF42,207,East Flatbush - Flatbush,Annual Average 2021,2021-01-01,16.37635707,2021,1,1,Air Quality Indicator
742425,365,Fine particles (PM 2.5),Mean,mcg/m3,CD,111,East Harlem (CD11),Annual Average 2021,2021-01-01,6.793361386,2021,1,1,Air Quality Indicator
741186,375,Nitrogen dioxide (NO2),Mean,ppb,CD,209,Parkchester and Soundview (CD9),Annual Average 2021,2021-01-01,16.64423279,2021,1,1,Air Quality Indicator
742494,365,Fine particles (PM 2.5),Mean,mcg/m3,CD,310,Bay Ridge and Dyker Heights (CD10),Annual Average 2021,2021-01-01,6.533140942,2021,1,1,Air Quality Indicator
741018,375,Nitrogen dioxide (NO2),Mean,ppb,UHF42,504,South Beach - Tottenville,Annual Average 2021,2021-01-01,11.30307725,2021,1,1,Air Quality Indicator
741051,375,Nitrogen dioxide (NO2),Mean,ppb,UHF34,207,East Flatbush - Flatbush,Annual Average 2021,2021-01-01,16.37635707,2021,1,1,Air Quality Indicator
742335,365,Fine particles (PM 2.5),Mean,mcg/m3,UHF34,301,Washington Heights,Annual Average 2021,2021-01-01,6.8632673,2021,1,1,Air Quality Indicator
741159,375,Nitrogen dioxide (NO2),Mean,ppb,CD,112,Washington Heights and Inwood (CD12),Annual Average 2021,2021-01-01,16.90932785,2021,1,1,Air Quality Indicator
742275,365,Fine particles (PM 2.5),Mean,mcg/m3,UHF42,410,Rockaways,Annual Average 2021,2021-01-01,5.919665546,2021,1,1,Air Quality Indicator
741246,375,Nitrogen dioxide (NO2),Mean,ppb,CD,317,East Flatbush (CD17),Annual Average 2021,2021-01-01,16.52178403,2021,1,1,Air Quality Indicator
742305,365,Fine particles (PM 2.5),Mean,mcg/m3,UHF34,202,Downtown - Heights - Slope,Annual Average 2021,2021-01-01,7.09930316,2021,1,1,Air Quality Indicator
741015,375,Nitrogen dioxide (NO2),Mean,ppb,UHF42,503,Willowbrook,Annual Average 2021,2021-01-01,13.26473052,2021,1,1,Air Quality Indicator
742362,365,Fine particles (PM 2.5),Mean,mcg/m3,UHF34,408,Jamaica,Annual Average 2021,2021-01-01,6.429053208,2021,1,1,Air Quality Indicator
742299,365,Fine particles (PM 2.5),Mean,mcg/m3,UHF34,104,Pelham - Throgs Neck,Annual Average 2021,2021-01-01,6.597621828,2021,1,1,Air Quality Indicator
741099,375,Nitrogen dioxide (NO2),Mean,ppb,UHF34,410,Rockaways,Annual Average 2021,2021-01-01,11.40689356,2021,1,1,Air Quality Indicator
741288,375,Nitrogen dioxide (NO2),Mean,ppb,CD,413,Queens Village (CD13),Annual Average 2021,2021-01-01,14.62480522,2021,1,1,Air Quality Indicator
741054,375,Nitrogen dioxide (NO2),Mean,ppb,UHF34,208,Canarsie - Flatlands,Annual Average 2021,2021-01-01,14.27868791,2021,1,1,Air Quality Indicator
741156,375,Nitrogen dioxide (NO2),Mean,ppb,CD,111,East Harlem (CD11),Annual Average 2021,2021-01-01,18.25495208,2021,1,1,Air Quality Indicator
742563,365,Fine particles (PM 2.5),Mean,mcg/m3,CD,501,St. George and Stapleton (CD1),Annual Average 2021,2021-01-01,6.335447406,2021,1,1,Air Quality Indicator
742341,365,Fine particles (PM 2.5),Mean,mcg/m3,UHF34,303,East Harlem,Annual Average 2021,2021-01-01,6.788910431,2021,1,1,Air Quality Indicator
741270,375,Nitrogen dioxide (NO2),Mean,ppb,CD,407,Flushing and Whitestone (CD7),Annual Average 2021,2021-01-01,15.6640493,2021,1,1,Air Quality Indicator
741168,375,Nitrogen dioxide (NO2),Mean,ppb,CD,203,Morrisania and Crotona (CD3),Annual Average 2021,2021-01-01,17.31831844,2021,1,1,Air Quality Indicator
742380,365,Fine particles (PM 2.5),Mean,mcg/m3,UHF34,404406,Bayside Little Neck-Fresh Meadows,Annual Average 2021,2021-01-01,6.282001681,2021,1,1,Air Quality Indicator
741231,375,Nitrogen dioxide (NO2),Mean,ppb,CD,312,Borough Park (CD12),Annual Average 2021,2021-01-01,16.92434426,2021,1,1,Air Quality Indicator
742506,365,Fine particles (PM 2.5),Mean,mcg/m3,CD,314,Flatbush and Midwood (CD14),Annual Average 2021,2021-01-01,6.43107807,2021,1,1,Air Quality Indicator
741177,375,Nitrogen dioxide (NO2),Mean,ppb,CD,206,Belmont and East Tremont (CD6),Annual Average 2021,2021-01-01,17.35749835,2021,1,1,Air Quality Indicator
741183,375,Nitrogen dioxide (NO2),Mean,ppb,CD,208,Riverdale and Fieldston (CD8),Annual Average 2021,2021-01-01,14.70287685,2021,1,1,Air Quality Indicator
740997,375,Nitrogen dioxide (NO2),Mean,ppb,UHF42,407,Southwest Queens,Annual Average 2021,2021-01-01,15.09717692,2021,1,1,Air Quality Indicator
741084,375,Nitrogen dioxide (NO2),Mean,ppb,UHF34,403,Flushing - Clearview,Annual Average 2021,2021-01-01,15.66113891,2021,1,1,Air Quality Indicator
741024,375,Nitrogen dioxide (NO2),Mean,ppb,UHF34,102,Northeast Bronx,Annual Average 2021,2021-01-01,15.97800446,2021,1,1,Air Quality Indicator
742479,365,Fine particles (PM 2.5),Mean,mcg/m3,CD,305,East New York and Starrett City (CD5),Annual Average 2021,2021-01-01,6.510727859,2021,1,1,Air Quality Indicator
742203,365,Fine particles (PM 2.5),Mean,mcg/m3,UHF42,207,East Flatbush - Flatbush,Annual Average 2021,2021-01-01,6.436576312,2021,1,1,Air Quality Indicator
740970,375,Nitrogen dioxide (NO2),Mean,ppb,UHF42,308,Greenwich Village - SoHo,Annual Average 2021,2021-01-01,21.30032125,2021,1,1,Air Quality Indicator
742524,365,Fine particles (PM 2.5),Mean,mcg/m3,CD,402,Woodside and Sunnyside (CD2),Annual Average 2021,2021-01-01,7.607668343,2021,1,1,Air Quality Indicator
741192,375,Nitrogen dioxide (NO2),Mean,ppb,CD,211,Morris Park and Bronxdale (CD11),Annual Average 2021,2021-01-01,16.29302101,2021,1,1,Air Quality Indicator
740961,375,Nitrogen dioxide (NO2),Mean,ppb,UHF42,305,Upper East Side,Annual Average 2021,2021-01-01,20.30735751,2021,1,1,Air Quality Indicator
741096,375,Nitrogen dioxide (NO2),Mean,ppb,UHF34,409,Southeast Queens,Annual Average 2021,2021-01-01,14.2537478,2021,1,1,Air Quality Indicator
742446,365,Fine particles (PM 2.5),Mean,mcg/m3,CD,206,Belmont and East Tremont (CD6),Annual Average 2021,2021-01-01,6.804737138,2021,1,1,Air Quality Indicator
742314,365,Fine particles (PM 2.5),Mean,mcg/m3,UHF34,205,Sunset Park,Annual Average 2021,2021-01-01,6.990127119,2021,1,1,Air Quality Indicator
742488,365,Fine particles (PM 2.5),Mean,mcg/m3,CD,308,Crown Heights and Prospect Heights (CD8),Annual Average 2021,2021-01-01,6.716222573,2021,1,1,Air Quality Indicator
741111,375,Nitrogen dioxide (NO2),Mean,ppb,UHF34,404406,Bayside Little Neck-Fresh Meadows,Annual Average 2021,2021-01-01,14.30918095,2021,1,1,Air Quality Indicator
742443,365,Fine particles (PM 2.5),Mean,mcg/m3,CD,205,Fordham and University Heights (CD5),Annual Average 2021,2021-01-01,6.764031186,2021,1,1,Air Quality Indicator
740952,375,Nitrogen dioxide (NO2),Mean,ppb,UHF42,302,Central Harlem - Morningside Heights,Annual Average 2021,2021-01-01,18.20660748,2021,1,1,Air Quality Indicator
742281,365,Fine particles (PM 2.5),Mean,mcg/m3,UHF42,502,Stapleton - St. George,Annual Average 2021,2021-01-01,6.249466758,2021,1,1,Air Quality Indicator
741282,375,Nitrogen dioxide (NO2),Mean,ppb,CD,411,Bayside and Little Neck (CD11),Annual Average 2021,2021-01-01,14.16573829,2021,1,1,Air Quality Indicator
742428,365,Fine particles (PM 2.5),Mean,mcg/m3,CD,112,Washington Heights and Inwood (CD12),Annual Average 2021,2021-01-01,6.875152851,2021,1,1,Air Quality Indicator
741294,375,Nitrogen dioxide (NO2),Mean,ppb,CD,501,St. George and Stapleton (CD1),Annual Average 2021,2021-01-01,15.324288,2021,1,1,Air Quality Indicator
741258,375,Nitrogen dioxide (NO2),Mean,ppb,CD,403,Jackson Heights (CD3),Annual Average 2021,2021-01-01,16.90738454,2021,1,1,Air Quality Indicator
740883,375,Nitrogen dioxide (NO2),Mean,ppb,Borough,2,Brooklyn,Annual Average 2021,2021-01-01,16.68091536,2021,1,1,Air Quality Indicator
740964,375,Nitrogen dioxide (NO2),Mean,ppb,UHF42,306,Chelsea - Clinton,Annual Average 2021,2021-01-01,23.31831242,2021,1,1,Air Quality Indicator
741138,375,Nitrogen dioxide (NO2),Mean,ppb,CD,105,Midtown (CD5),Annual Average 2021,2021-01-01,25.23272825,2021,1,1,Air Quality Indicator
742179,365,Fine particles (PM 2.5),Mean,mcg/m3,UHF42,106,High Bridge - Morrisania,Annual Average 2021,2021-01-01,6.629757249,2021,1,1,Air Quality Indicator
740979,375,Nitrogen dioxide (NO2),Mean,ppb,UHF42,401,Long Island City - Astoria,Annual Average 2021,2021-01-01,19.0002808,2021,1,1,Air Quality Indicator
742233,365,Fine particles (PM 2.5),Mean,mcg/m3,UHF42,306,Chelsea - Clinton,Annual Average 2021,2021-01-01,8.44115285,2021,1,1,Air Quality Indicator
741036,375,Nitrogen dioxide (NO2),Mean,ppb,UHF34,202,Downtown - Heights - Slope,Annual Average 2021,2021-01-01,18.7817062,2021,1,1,Air Quality Indicator
740916,375,Nitrogen dioxide (NO2),Mean,ppb,UHF42,201,Greenpoint,Annual Average 2021,2021-01-01,20.5549156,2021,1,1,Air Quality Indicator
742476,365,Fine particles (PM 2.5),Mean,mcg/m3,CD,304,Bushwick (CD4),Annual Average 2021,2021-01-01,6.871332323,2021,1,1,Air Quality Indicator
742350,365,Fine particles (PM 2.5),Mean,mcg/m3,UHF34,402,West Queens,Annual Average 2021,2021-01-01,7.136551972,2021,1,1,Air Quality Indicator
742554,365,Fine particles (PM 2.5),Mean,mcg/m3,CD,412,Jamaica and Hollis (CD12),Annual Average 2021,2021-01-01,6.330484771,2021,1,1,Air Quality Indicator
742200,365,Fine particles (PM 2.5),Mean,mcg/m3,UHF42,206,Borough Park,Annual Average 2021,2021-01-01,6.43137482,2021,1,1,Air Quality Indicator
742530,365,Fine particles (PM 2.5),Mean,mcg/m3,CD,404,Elmhurst and Corona (CD4),Annual Average 2021,2021-01-01,6.711902664,2021,1,1,Air Quality Indicator
742263,365,Fine particles (PM 2.5),Mean,mcg/m3,UHF42,406,Fresh Meadows,Annual Average 2021,2021-01-01,6.265314982,2021,1,1,Air Quality Indicator
742290,365,Fine particles (PM 2.5),Mean,mcg/m3,UHF34,101,Kingsbridge - Riverdale,Annual Average 2021,2021-01-01,6.565820909,2021,1,1,Air Quality Indicator
742158,365,Fine particles (PM 2.5),Mean,mcg/m3,Borough,4,Queens,Annual Average 2021,2021-01-01,6.477947053,2021,1,1,Air Quality Indicator
741189,375,Nitrogen dioxide (NO2),Mean,ppb,CD,210,Throgs Neck and Co-op City (CD10),Annual Average 2021,2021-01-01,15.39164019,2021,1,1,Air Quality Indicator
742515,365,Fine particles (PM 2.5),Mean,mcg/m3,CD,317,East Flatbush (CD17),Annual Average 2021,2021-01-01,6.469369371,2021,1,1,Air Quality Indicator
741003,375,Nitrogen dioxide (NO2),Mean,ppb,UHF42,409,Southeast Queens,Annual Average 2021,2021-01-01,14.25391266,2021,1,1,Air Quality Indicator
742197,365,Fine particles (PM 2.5),Mean,mcg/m3,UHF42,205,Sunset Park,Annual Average 2021,2021-01-01,6.989881539,2021,1,1,Air Quality Indicator
742551,365,Fine particles (PM 2.5),Mean,mcg/m3,CD,411,Bayside and Little Neck (CD11),Annual Average 2021,2021-01-01,6.280127652,2021,1,1,Air Quality Indicator
742566,365,Fine particles (PM 2.5),Mean,mcg/m3,CD,502,South Beach and Willowbrook (CD2),Annual Average 2021,2021-01-01,6.158779317,2021,1,1,Air Quality Indicator
742293,365,Fine particles (PM 2.5),Mean,mcg/m3,UHF34,102,Northeast Bronx,Annual Average 2021,2021-01-01,6.493490746,2021,1,1,Air Quality Indicator
742242,365,Fine particles (PM 2.5),Mean,mcg/m3,UHF42,309,Union Square - Lower East Side,Annual Average 2021,2021-01-01,7.795986752,2021,1,1,Air Quality Indicator
742164,365,Fine particles (PM 2.5),Mean,mcg/m3,UHF42,101,Kingsbridge - Riverdale,Annual Average 2021,2021-01-01,6.565820909,2021,1,1,Air Quality Indicator
742308,365,Fine particles (PM 2.5),Mean,mcg/m3,UHF34,203,Bedford Stuyvesant - Crown Heights,Annual Average 2021,2021-01-01,6.605377793,2021,1,1,Air Quality Indicator
741285,375,Nitrogen dioxide (NO2),Mean,ppb,CD,412,Jamaica and Hollis (CD12),Annual Average 2021,2021-01-01,15.12704547,2021,1,1,Air Quality Indicator
740955,375,Nitrogen dioxide (NO2),Mean,ppb,UHF42,303,East Harlem,Annual Average 2021,2021-01-01,18.27860184,2021,1,1,Air Quality Indicator
742215,365,Fine particles (PM 2.5),Mean,mcg/m3,UHF42,211,Williamsburg - Bushwick,Annual Average 2021,2021-01-01,7.247995672,2021,1,1,Air Quality Indicator
742251,365,Fine particles (PM 2.5),Mean,mcg/m3,UHF42,402,West Queens,Annual Average 2021,2021-01-01,7.136551972,2021,1,1,Air Quality Indicator
742503,365,Fine particles (PM 2.5),Mean,mcg/m3,CD,313,Coney Island (CD13),Annual Average 2021,2021-01-01,6.255687694,2021,1,1,Air Quality Indicator
742326,365,Fine particles (PM 2.5),Mean,mcg/m3,UHF34,209,Bensonhurst - Bay Ridge,Annual Average 2021,2021-01-01,6.431367091,2021,1,1,Air Quality Indicator
741276,375,Nitrogen dioxide (NO2),Mean,ppb,CD,409,Kew Gardens and Woodhaven (CD9),Annual Average 2021,2021-01-01,15.81139108,2021,1,1,Air Quality Indicator
741135,375,Nitrogen dioxide (NO2),Mean,ppb,CD,104,Clinton and Chelsea (CD4),Annual Average 2021,2021-01-01,22.2763914,2021,1,1,Air Quality Indicator
742383,365,Fine particles (PM 2.5),Mean,mcg/m3,UHF34,501502,Northern SI,Annual Average 2021,2021-01-01,6.290312054,2021,1,1,Air Quality Indicator
742353,365,Fine particles (PM 2.5),Mean,mcg/m3,UHF34,403,Flushing - Clearview,Annual Average 2021,2021-01-01,6.451081609,2021,1,1,Air Quality Indicator
741027,375,Nitrogen dioxide (NO2),Mean,ppb,UHF34,103,Fordham - Bronx Pk,Annual Average 2021,2021-01-01,16.03453373,2021,1,1,Air Quality Indicator
742191,365,Fine particles (PM 2.5),Mean,mcg/m3,UHF42,203,Bedford Stuyvesant - Crown Heights,Annual Average 2021,2021-01-01,6.605377793,2021,1,1,Air Quality Indicator
741108,375,Nitrogen dioxide (NO2),Mean,ppb,UHF34,309310,Union Square-Lower Manhattan,Annual Average 2021,2021-01-01,20.1576577,2021,1,1,Air Quality Indicator
741120,375,Nitrogen dioxide (NO2),Mean,ppb,UHF34,105106107,South Bronx,Annual Average 2021,2021-01-01,18.11753712,2021,1,1,Air Quality Indicator
742461,365,Fine particles (PM 2.5),Mean,mcg/m3,CD,211,Morris Park and Bronxdale (CD11),Annual Average 2021,2021-01-01,6.55246426,2021,1,1,Air Quality Indicator
741249,375,Nitrogen dioxide (NO2),Mean,ppb,CD,318,Flatlands and Canarsie (CD18),Annual Average 2021,2021-01-01,14.25955205,2021,1,1,Air Quality Indicator
742407,365,Fine particles (PM 2.5),Mean,mcg/m3,CD,105,Midtown (CD5),Annual Average 2021,2021-01-01,8.946310852,2021,1,1,Air Quality Indicator
742371,365,Fine particles (PM 2.5),Mean,mcg/m3,UHF34,305307,Upper East Side-Gramercy,Annual Average 2021,2021-01-01,7.551693077,2021,1,1,Air Quality Indicator
742287,365,Fine particles (PM 2.5),Mean,mcg/m3,UHF42,504,South Beach - Tottenville,Annual Average 2021,2021-01-01,6.043162387,2021,1,1,Air Quality Indicator
740910,375,Nitrogen dioxide (NO2),Mean,ppb,UHF42,106,High Bridge - Morrisania,Annual Average 2021,2021-01-01,18.04002412,2021,1,1,Air Quality Indicator
741057,375,Nitrogen dioxide (NO2),Mean,ppb,UHF34,209,Bensonhurst - Bay Ridge,Annual Average 2021,2021-01-01,16.0317582,2021,1,1,Air Quality Indicator
741006,375,Nitrogen dioxide (NO2),Mean,ppb,UHF42,410,Rockaways,Annual Average 2021,2021-01-01,11.40689356,2021,1,1,Air Quality Indicator
741216,375,Nitrogen dioxide (NO2),Mean,ppb,CD,307,Sunset Park (CD7),Annual Average 2021,2021-01-01,18.0552559,2021,1,1,Air Quality Indicator
741213,375,Nitrogen dioxide (NO2),Mean,ppb,CD,306,Park Slope and Carroll Gardens (CD6),Annual Average 2021,2021-01-01,18.59620176,2021,1,1,Air Quality Indicator
740901,375,Nitrogen dioxide (NO2),Mean,ppb,UHF42,103,Fordham - Bronx Pk,Annual Average 2021,2021-01-01,16.03453373,2021,1,1,Air Quality Indicator
741261,375,Nitrogen dioxide (NO2),Mean,ppb,CD,404,Elmhurst and Corona (CD4),Annual Average 2021,2021-01-01,17.48514532,2021,1,1,Air Quality Indicator
742491,365,Fine particles (PM 2.5),Mean,mcg/m3,CD,309,South Crown Heights and Lefferts Gardens (CD9),Annual Average 2021,2021-01-01,6.501346358,2021,1,1,Air Quality Indicator
742539,365,Fine particles (PM 2.5),Mean,mcg/m3,CD,407,Flushing and Whitestone (CD7),Annual Average 2021,2021-01-01,6.46952393,2021,1,1,Air Quality Indicator
741063,375,Nitrogen dioxide (NO2),Mean,ppb,UHF34,211,Williamsburg - Bushwick,Annual Average 2021,2021-01-01,19.0385913,2021,1,1,Air Quality Indicator
742467,365,Fine particles (PM 2.5),Mean,mcg/m3,CD,301,Greenpoint and Williamsburg (CD1),Annual Average 2021,2021-01-01,7.744462605,2021,1,1,Air Quality Indicator
740880,375,Nitrogen dioxide (NO2),Mean,ppb,Borough,1,Bronx,Annual Average 2021,2021-01-01,16.54096158,2021,1,1,Air Quality Indicator
740943,375,Nitrogen dioxide (NO2),Mean,ppb,UHF42,210,Coney Island - Sheepshead Bay,Annual Average 2021,2021-01-01,14.68344079,2021,1,1,Air Quality Indicator
742545,365,Fine particles (PM 2.5),Mean,mcg/m3,CD,409,Kew Gardens and Woodhaven (CD9),Annual Average 2021,2021-01-01,6.456403863,2021,1,1,Air Quality Indicator
741297,375,Nitrogen dioxide (NO2),Mean,ppb,CD,502,South Beach and Willowbrook (CD2),Annual Average 2021,2021-01-01,13.01099406,2021,1,1,Air Quality Indicator
742449,365,Fine particles (PM 2.5),Mean,mcg/m3,CD,207,Kingsbridge Heights and Bedford (CD7),Annual Average 2021,2021-01-01,6.643258842,2021,1,1,Air Quality Indicator
742521,365,Fine particles (PM 2.5),Mean,mcg/m3,CD,401,Long Island City and Astoria (CD1),Annual Average 2021,2021-01-01,6.757503962,2021,1,1,Air Quality Indicator
742338,365,Fine particles (PM 2.5),Mean,mcg/m3,UHF34,302,Central Harlem - Morningside Heights,Annual Average 2021,2021-01-01,6.782480846,2021,1,1,Air Quality Indicator
742518,365,Fine particles (PM 2.5),Mean,mcg/m3,CD,318,Flatlands and Canarsie (CD18),Annual Average 2021,2021-01-01,6.245363937,2021,1,1,Air Quality Indicator
741048,375,Nitrogen dioxide (NO2),Mean,ppb,UHF34,206,Borough Park,Annual Average 2021,2021-01-01,16.74140021,2021,1,1,Air Quality Indicator
741240,375,Nitrogen dioxide (NO2),Mean,ppb,CD,315,Sheepshead Bay (CD15),Annual Average 2021,2021-01-01,14.85219635,2021,1,1,Air Quality Indicator
741072,375,Nitrogen dioxide (NO2),Mean,ppb,UHF34,303,East Harlem,Annual Average 2021,2021-01-01,18.27860184,2021,1,1,Air Quality Indicator
742455,365,Fine particles (PM 2.5),Mean,mcg/m3,CD,209,Parkchester and Soundview (CD9),Annual Average 2021,2021-01-01,6.69403683,2021,1,1,Air Quality Indicator
741234,375,Nitrogen dioxide (NO2),Mean,ppb,CD,313,Coney Island (CD13),Annual Average 2021,2021-01-01,14.08741217,2021,1,1,Air Quality Indicator
742500,365,Fine particles (PM 2.5),Mean,mcg/m3,CD,312,Borough Park (CD12),Annual Average 2021,2021-01-01,6.450384707,2021,1,1,Air Quality Indicator
741090,375,Nitrogen dioxide (NO2),Mean,ppb,UHF34,407,Southwest Queens,Annual Average 2021,2021-01-01,15.09811108,2021,1,1,Air Quality Indicator
741030,375,Nitrogen dioxide (NO2),Mean,ppb,UHF34,104,Pelham - Throgs Neck,Annual Average 2021,2021-01-01,16.00939977,2021,1,1,Air Quality Indicator
740973,375,Nitrogen dioxide (NO2),Mean,ppb,UHF42,309,Union Square - Lower East Side,Annual Average 2021,2021-01-01,19.55281947,2021,1,1,Air Quality Indicator
740985,375,Nitrogen dioxide (NO2),Mean,ppb,UHF42,403,Flushing - Clearview,Annual Average 2021,2021-01-01,15.66228967,2021,1,1,Air Quality Indicator
741204,375,Nitrogen dioxide (NO2),Mean,ppb,CD,303,Bedford Stuyvesant (CD3),Annual Average 2021,2021-01-01,17.87566761,2021,1,1,Air Quality Indicator
742401,365,Fine particles (PM 2.5),Mean,mcg/m3,CD,103,Lower East Side and Chinatown (CD3),Annual Average 2021,2021-01-01,7.609039459,2021,1,1,Air Quality Indicator
741093,375,Nitrogen dioxide (NO2),Mean,ppb,UHF34,408,Jamaica,Annual Average 2021,2021-01-01,15.2992962,2021,1,1,Air Quality Indicator
742437,365,Fine particles (PM 2.5),Mean,mcg/m3,CD,203,Morrisania and Crotona (CD3),Annual Average 2021,2021-01-01,6.698096695,2021,1,1,Air Quality Indicator
741222,375,Nitrogen dioxide (NO2),Mean,ppb,CD,309,South Crown Heights and Lefferts Gardens (CD9),Annual Average 2021,2021-01-01,17.01527761,2021,1,1,Air Quality Indicator
742149,365,Fine particles (PM 2.5),Mean,mcg/m3,Borough,1,Bronx,Annual Average 2021,2021-01-01,6.644257031,2021,1,1,Air Quality Indicator
740940,375,Nitrogen dioxide (NO2),Mean,ppb,UHF42,209,Bensonhurst - Bay Ridge,Annual Average 2021,2021-01-01,16.0317582,2021,1,1,Air Quality Indicator
741228,375,Nitrogen dioxide (NO2),Mean,ppb,CD,311,Bensonhurst (CD11),Annual Average 2021,2021-01-01,16.39785979,2021,1,1,Air Quality Indicator
740895,375,Nitrogen dioxide (NO2),Mean,ppb,UHF42,101,Kingsbridge - Riverdale,Annual Average 2021,2021-01-01,14.77021939,2021,1,1,Air Quality Indicator
742557,365,Fine particles (PM 2.5),Mean,mcg/m3,CD,413,Queens Village (CD13),Annual Average 2021,2021-01-01,6.338519067,2021,1,1,Air Quality Indicator
742419,365,Fine particles (PM 2.5),Mean,mcg/m3,CD,109,Morningside Heights and Hamilton Heights (CD9),Annual Average 2021,2021-01-01,6.79355778,2021,1,1,Air Quality Indicator
742221,365,Fine particles (PM 2.5),Mean,mcg/m3,UHF42,302,Central Harlem - Morningside Heights,Annual Average 2021,2021-01-01,6.782473216,2021,1,1,Air Quality Indicator
741132,375,Nitrogen dioxide (NO2),Mean,ppb,CD,103,Lower East Side and Chinatown (CD3),Annual Average 2021,2021-01-01,19.28577276,2021,1,1,Air Quality Indicator
740967,375,Nitrogen dioxide (NO2),Mean,ppb,UHF42,307,Gramercy Park - Murray Hill,Annual Average 2021,2021-01-01,23.5446921,2021,1,1,Air Quality Indicator
742431,365,Fine particles (PM 2.5),Mean,mcg/m3,CD,201,Mott Haven and Melrose (CD1),Annual Average 2021,2021-01-01,6.842618821,2021,1,1,Air Quality Indicator
741201,375,Nitrogen dioxide (NO2),Mean,ppb,CD,302,Fort Greene and Brooklyn Heights (CD2),Annual Average 2021,2021-01-01,18.80308105,2021,1,1,Air Quality Indicator
741150,375,Nitrogen dioxide (NO2),Mean,ppb,CD,109,Morningside Heights and Hamilton Heights (CD9),Annual Average 2021,2021-01-01,17.95966185,2021,1,1,Air Quality Indicator
742422,365,Fine particles (PM 2.5),Mean,mcg/m3,CD,110,Central Harlem (CD10),Annual Average 2021,2021-01-01,6.772465316,2021,1,1,Air Quality Indicator
741060,375,Nitrogen dioxide (NO2),Mean,ppb,UHF34,210,Coney Island - Sheepshead Bay,Annual Average 2021,2021-01-01,14.68344079,2021,1,1,Air Quality Indicator
742245,365,Fine particles (PM 2.5),Mean,mcg/m3,UHF42,310,Lower Manhattan,Annual Average 2021,2021-01-01,7.581538553,2021,1,1,Air Quality Indicator
741219,375,Nitrogen dioxide (NO2),Mean,ppb,CD,308,Crown Heights and Prospect Heights (CD8),Annual Average 2021,2021-01-01,17.45634392,2021,1,1,Air Quality Indicator
742359,365,Fine particles (PM 2.5),Mean,mcg/m3,UHF34,407,Southwest Queens,Annual Average 2021,2021-01-01,6.297910176,2021,1,1,Air Quality Indicator
740949,375,Nitrogen dioxide (NO2),Mean,ppb,UHF42,301,Washington Heights,Annual Average 2021,2021-01-01,17.1012008,2021,1,1,Air Quality Indicator
740937,375,Nitrogen dioxide (NO2),Mean,ppb,UHF42,208,Canarsie - Flatlands,Annual Average 2021,2021-01-01,14.27868791,2021,1,1,Air Quality Indicator
740928,375,Nitrogen dioxide (NO2),Mean,ppb,UHF42,205,Sunset Park,Annual Average 2021,2021-01-01,18.02899745,2021,1,1,Air Quality Indicator
740892,375,Nitrogen dioxide (NO2),Mean,ppb,Borough,5,Staten Island,Annual Average 2021,2021-01-01,12.84495181,2021,1,1,Air Quality Indicator
742509,365,Fine particles (PM 2.5),Mean,mcg/m3,CD,315,Sheepshead Bay (CD15),Annual Average 2021,2021-01-01,6.269496505,2021,1,1,Air Quality Indicator
742206,365,Fine particles (PM 2.5),Mean,mcg/m3,UHF42,208,Canarsie - Flatlands,Annual Average 2021,2021-01-01,6.266817392,2021,1,1,Air Quality Indicator
742512,365,Fine particles (PM 2.5),Mean,mcg/m3,CD,316,Brownsville (CD16),Annual Average 2021,2021-01-01,6.516694888,2021,1,1,Air Quality Indicator
740898,375,Nitrogen dioxide (NO2),Mean,ppb,UHF42,102,Northeast Bronx,Annual Average 2021,2021-01-01,15.97800832,2021,1,1,Air Quality Indicator
740958,375,Nitrogen dioxide (NO2),Mean,ppb,UHF42,304,Upper West Side,Annual Average 2021,2021-01-01,19.16877835,2021,1,1,Air Quality Indicator
742485,365,Fine particles (PM 2.5),Mean,mcg/m3,CD,307,Sunset Park (CD7),Annual Average 2021,2021-01-01,6.997014388,2021,1,1,Air Quality Indicator
742155,365,Fine particles (PM 2.5),Mean,mcg/m3,Borough,3,Manhattan,Annual Average 2021,2021-01-01,7.406968016,2021,1,1,Air Quality Indicator
741012,375,Nitrogen dioxide (NO2),Mean,ppb,UHF42,502,Stapleton - St. George,Annual Average 2021,2021-01-01,14.27769969,2021,1,1,Air Quality Indicator
742377,365,Fine particles (PM 2.5),Mean,mcg/m3,UHF34,309310,Union Square-Lower Manhattan,Annual Average 2021,2021-01-01,7.728706348,2021,1,1,Air Quality Indicator
741126,375,Nitrogen dioxide (NO2),Mean,ppb,CD,101,Financial District (CD1),Annual Average 2021,2021-01-01,21.61461692,2021,1,1,Air Quality Indicator
742413,365,Fine particles (PM 2.5),Mean,mcg/m3,CD,107,Upper West Side (CD7),Annual Average 2021,2021-01-01,6.794751323,2021,1,1,Air Quality Indicator
742497,365,Fine particles (PM 2.5),Mean,mcg/m3,CD,311,Bensonhurst (CD11),Annual Average 2021,2021-01-01,6.370488871,2021,1,1,Air Quality Indicator
742440,365,Fine particles (PM 2.5),Mean,mcg/m3,CD,204,Highbridge and Concourse (CD4),Annual Average 2021,2021-01-01,6.654364052,2021,1,1,Air Quality Indicator
742317,365,Fine particles (PM 2.5),Mean,mcg/m3,UHF34,206,Borough Park,Annual Average 2021,2021-01-01,6.43137482,2021,1,1,Air Quality Indicator
742473,365,Fine particles (PM 2.5),Mean,mcg/m3,CD,303,Bedford Stuyvesant (CD3),Annual Average 2021,2021-01-01,6.83901039,2021,1,1,Air Quality Indicator
741237,375,Nitrogen dioxide (NO2),Mean,ppb,CD,314,Flatbush and Midwood (CD14),Annual Average 2021,2021-01-01,16.16684381,2021,1,1,Air Quality Indicator
742368,365,Fine particles (PM 2.5),Mean,mcg/m3,UHF34,410,Rockaways,Annual Average 2021,2021-01-01,5.919665546,2021,1,1,Air Quality Indicator
742272,365,Fine particles (PM 2.5),Mean,mcg/m3,UHF42,409,Southeast Queens,Annual Average 2021,2021-01-01,6.229557151,2021,1,1,Air Quality Indicator
742398,365,Fine particles (PM 2.5),Mean,mcg/m3,CD,102,Greenwich Village and Soho (CD2),Annual Average 2021,2021-01-01,8.468254027,2021,1,1,Air Quality Indicator
742254,365,Fine particles (PM 2.5),Mean,mcg/m3,UHF42,403,Flushing - Clearview,Annual Average 2021,2021-01-01,6.451618915,2021,1,1,Air Quality Indicator
741279,375,Nitrogen dioxide (NO2),Mean,ppb,CD,410,South Ozone Park and Howard Beach (CD10),Annual Average 2021,2021-01-01,14.63706828,2021,1,1,Air Quality Indicator
741066,375,Nitrogen dioxide (NO2),Mean,ppb,UHF34,301,Washington Heights,Annual Average 2021,2021-01-01,17.1012008,2021,1,1,Air Quality Indicator
742167,365,Fine particles (PM 2.5),Mean,mcg/m3,UHF42,102,Northeast Bronx,Annual Average 2021,2021-01-01,6.493489505,2021,1,1,Air Quality Indicator
741147,375,Nitrogen dioxide (NO2),Mean,ppb,CD,108,Upper East Side (CD8),Annual Average 2021,2021-01-01,20.36619,2021,1,1,Air Quality Indicator
740994,375,Nitrogen dioxide (NO2),Mean,ppb,UHF42,406,Fresh Meadows,Annual Average 2021,2021-01-01,14.89884447,2021,1,1,Air Quality Indicator
742209,365,Fine particles (PM 2.5),Mean,mcg/m3,UHF42,209,Bensonhurst - Bay Ridge,Annual Average 2021,2021-01-01,6.431367091,2021,1,1,Air Quality Indicator
742386,365,Fine particles (PM 2.5),Mean,mcg/m3,UHF34,503504,Southern SI,Annual Average 2021,2021-01-01,6.093326481,2021,1,1,Air Quality Indicator
741195,375,Nitrogen dioxide (NO2),Mean,ppb,CD,212,Williamsbridge and Baychester (CD12),Annual Average 2021,2021-01-01,15.63649818,2021,1,1,Air Quality Indicator
742344,365,Fine particles (PM 2.5),Mean,mcg/m3,UHF34,304,Upper West Side,Annual Average 2021,2021-01-01,6.799969025,2021,1,1,Air Quality Indicator
742464,365,Fine particles (PM 2.5),Mean,mcg/m3,CD,212,Williamsbridge and Baychester (CD12),Annual Average 2021,2021-01-01,6.492117235,2021,1,1,Air Quality Indicator
741102,375,Nitrogen dioxide (NO2),Mean,ppb,UHF34,305307,Upper East Side-Gramercy,Annual Average 2021,2021-01-01,21.82693658,2021,1,1,Air Quality Indicator
741174,375,Nitrogen dioxide (NO2),Mean,ppb,CD,205,Fordham and University Heights (CD5),Annual Average 2021,2021-01-01,18.11829898,2021,1,1,Air Quality Indicator
742269,365,Fine particles (PM 2.5),Mean,mcg/m3,UHF42,408,Jamaica,Annual Average 2021,2021-01-01,6.429082861,2021,1,1,Air Quality Indicator
742311,365,Fine particles (PM 2.5),Mean,mcg/m3,UHF34,204,East New York,Annual Average 2021,2021-01-01,6.549541035,2021,1,1,Air Quality Indicator
741267,375,Nitrogen dioxide (NO2),Mean,ppb,CD,406,Rego Park and Forest Hills (CD6),Annual Average 2021,2021-01-01,15.82976595,2021,1,1,Air Quality Indicator
740919,375,Nitrogen dioxide (NO2),Mean,ppb,UHF42,202,Downtown - Heights - Slope,Annual Average 2021,2021-01-01,18.7817062,2021,1,1,Air Quality Indicator
740976,375,Nitrogen dioxide (NO2),Mean,ppb,UHF42,310,Lower Manhattan,Annual Average 2021,2021-01-01,21.4863876,2021,1,1,Air Quality Indicator
740913,375,Nitrogen dioxide (NO2),Mean,ppb,UHF42,107,Hunts Point - Mott Haven,Annual Average 2021,2021-01-01,18.51667627,2021,1,1,Air Quality Indicator
741078,375,Nitrogen dioxide (NO2),Mean,ppb,UHF34,401,Long Island City - Astoria,Annual Average 2021,2021-01-01,19.0002808,2021,1,1,Air Quality Indicator
741207,375,Nitrogen dioxide (NO2),Mean,ppb,CD,304,Bushwick (CD4),Annual Average 2021,2021-01-01,17.51225886,2021,1,1,Air Quality Indicator
740988,375,Nitrogen dioxide (NO2),Mean,ppb,UHF42,404,Bayside - Little Neck,Annual Average 2021,2021-01-01,13.91228672,2021,1,1,Air Quality Indicator
742470,365,Fine particles (PM 2.5),Mean,mcg/m3,CD,302,Fort Greene and Brooklyn Heights (CD2),Annual Average 2021,2021-01-01,7.099629413,2021,1,1,Air Quality Indicator
741087,375,Nitrogen dioxide (NO2),Mean,ppb,UHF34,405,Ridgewood - Forest Hills,Annual Average 2021,2021-01-01,16.04402697,2021,1,1,Air Quality Indicator
741033,375,Nitrogen dioxide (NO2),Mean,ppb,UHF34,201,Greenpoint,Annual Average 2021,2021-01-01,20.5549156,2021,1,1,Air Quality Indicator
741114,375,Nitrogen dioxide (NO2),Mean,ppb,UHF34,501502,Northern SI,Annual Average 2021,2021-01-01,14.75901814,2021,1,1,Air Quality Indicator
740925,375,Nitrogen dioxide (NO2),Mean,ppb,UHF42,204,East New York,Annual Average 2021,2021-01-01,16.12205605,2021,1,1,Air Quality Indicator
740922,375,Nitrogen dioxide (NO2),Mean,ppb,UHF42,203,Bedford Stuyvesant - Crown Heights,Annual Average 2021,2021-01-01,17.11865235,2021,1,1,Air Quality Indicator
741081,375,Nitrogen dioxide (NO2),Mean,ppb,UHF34,402,West Queens,Annual Average 2021,2021-01-01,18.56473211,2021,1,1,Air Quality Indicator
742176,365,Fine particles (PM 2.5),Mean,mcg/m3,UHF42,105,Crotona -Tremont,Annual Average 2021,2021-01-01,6.794969345,2021,1,1,Air Quality Indicator
741021,375,Nitrogen dioxide (NO2),Mean,ppb,UHF34,101,Kingsbridge - Riverdale,Annual Average 2021,2021-01-01,14.77021939,2021,1,1,Air Quality Indicator
742185,365,Fine particles (PM 2.5),Mean,mcg/m3,UHF42,201,Greenpoint,Annual Average 2021,2021-01-01,7.670414078,2021,1,1,Air Quality Indicator
741105,375,Nitrogen dioxide (NO2),Mean,ppb,UHF34,306308,Chelsea-Village,Annual Average 2021,2021-01-01,22.64299704,2021,1,1,Air Quality Indicator
742389,365,Fine particles (PM 2.5),Mean,mcg/m3,UHF34,105106107,South Bronx,Annual Average 2021,2021-01-01,6.826255998,2021,1,1,Air Quality Indicator
741243,375,Nitrogen dioxide (NO2),Mean,ppb,CD,316,Brownsville (CD16),Annual Average 2021,2021-01-01,16.73394699,2021,1,1,Air Quality Indicator
742194,365,Fine particles (PM 2.5),Mean,mcg/m3,UHF42,204,East New York,Annual Average 2021,2021-01-01,6.549541035,2021,1,1,Air Quality Indicator
740931,375,Nitrogen dioxide (NO2),Mean,ppb,UHF42,206,Borough Park,Annual Average 2021,2021-01-01,16.74140021,2021,1,1,Air Quality Indicator
742260,365,Fine particles (PM 2.5),Mean,mcg/m3,UHF42,405,Ridgewood - Forest Hills,Annual Average 2021,2021-01-01,6.543910861,2021,1,1,Air Quality Indicator
741264,375,Nitrogen dioxide (NO2),Mean,ppb,CD,405,Ridgewood and Maspeth (CD5),Annual Average 2021,2021-01-01,17.50635997,2021,1,1,Air Quality Indicator
741009,375,Nitrogen dioxide (NO2),Mean,ppb,UHF42,501,Port Richmond,Annual Average 2021,2021-01-01,15.66082709,2021,1,1,Air Quality Indicator
742152,365,Fine particles (PM 2.5),Mean,mcg/m3,Borough,2,Brooklyn,Annual Average 2021,2021-01-01,6.6345102,2021,1,1,Air Quality Indicator
742323,365,Fine particles (PM 2.5),Mean,mcg/m3,UHF34,208,Canarsie - Flatlands,Annual Average 2021,2021-01-01,6.266817392,2021,1,1,Air Quality Indicator
741042,375,Nitrogen dioxide (NO2),Mean,ppb,UHF34,204,East New York,Annual Average 2021,2021-01-01,16.12205605,2021,1,1,Air Quality Indicator
742257,365,Fine particles (PM 2.5),Mean,mcg/m3,UHF42,404,Bayside - Little Neck,Annual Average 2021,2021-01-01,6.290971464,2021,1,1,Air Quality Indicator
742458,365,Fine particles (PM 2.5),Mean,mcg/m3,CD,210,Throgs Neck and Co-op City (CD10),Annual Average 2021,2021-01-01,6.51787953,2021,1,1,Air Quality Indicator
742224,365,Fine particles (PM 2.5),Mean,mcg/m3,UHF42,303,East Harlem,Annual Average 2021,2021-01-01,6.788910431,2021,1,1,Air Quality Indicator
742182,365,Fine particles (PM 2.5),Mean,mcg/m3,UHF42,107,Hunts Point - Mott Haven,Annual Average 2021,2021-01-01,6.979984447,2021,1,1,Air Quality Indicator
742230,365,Fine particles (PM 2.5),Mean,mcg/m3,UHF42,305,Upper East Side,Annual Average 2021,2021-01-01,7.018751653,2021,1,1,Air Quality Indicator
740991,375,Nitrogen dioxide (NO2),Mean,ppb,UHF42,405,Ridgewood - Forest Hills,Annual Average 2021,2021-01-01,16.04402697,2021,1,1,Air Quality Indicator
742536,365,Fine particles (PM 2.5),Mean,mcg/m3,CD,406,Rego Park and Forest Hills (CD6),Annual Average 2021,2021-01-01,6.428650047,2021,1,1,Air Quality Indicator
742569,365,Fine particles (PM 2.5),Mean,mcg/m3,CD,503,Tottenville and Great Kills (CD3),Annual Average 2021,2021-01-01,6.029808193,2021,1,1,Air Quality Indicator
741123,375,Nitrogen dioxide (NO2),Mean,ppb,Citywide,1,New York City,Annual Average 2021,2021-01-01,15.67989723,2021,1,1,Air Quality Indicator
742347,365,Fine particles (PM 2.5),Mean,mcg/m3,UHF34,401,Long Island City - Astoria,Annual Average 2021,2021-01-01,7.195535359,2021,1,1,Air Quality Indicator
741252,375,Nitrogen dioxide (NO2),Mean,ppb,CD,401,Long Island City and Astoria (CD1),Annual Average 2021,2021-01-01,17.34402716,2021,1,1,Air Quality Indicator
742266,365,Fine particles (PM 2.5),Mean,mcg/m3,UHF42,407,Southwest Queens,Annual Average 2021,2021-01-01,6.297781718,2021,1,1,Air Quality Indicator
741198,375,Nitrogen dioxide (NO2),Mean,ppb,CD,301,Greenpoint and Williamsburg (CD1),Annual Average 2021,2021-01-01,20.74754327,2021,1,1,Air Quality Indicator
742320,365,Fine particles (PM 2.5),Mean,mcg/m3,UHF34,207,East Flatbush - Flatbush,Annual Average 2021,2021-01-01,6.436576312,2021,1,1,Air Quality Indicator
741255,375,Nitrogen dioxide (NO2),Mean,ppb,CD,402,Woodside and Sunnyside (CD2),Annual Average 2021,2021-01-01,20.20661771,2021,1,1,Air Quality Indicator
741162,375,Nitrogen dioxide (NO2),Mean,ppb,CD,201,Mott Haven and Melrose (CD1),Annual Average 2021,2021-01-01,18.74887523,2021,1,1,Air Quality Indicator
740907,375,Nitrogen dioxide (NO2),Mean,ppb,UHF42,105,Crotona -Tremont,Annual Average 2021,2021-01-01,17.64194468,2021,1,1,Air Quality Indicator
742173,365,Fine particles (PM 2.5),Mean,mcg/m3,UHF42,104,Pelham - Throgs Neck,Annual Average 2021,2021-01-01,6.597621828,2021,1,1,Air Quality Indicator
742236,365,Fine particles (PM 2.5),Mean,mcg/m3,UHF42,307,Gramercy Park - Murray Hill,Annual Average 2021,2021-01-01,8.154833608,2021,1,1,Air Quality Indicator
742284,365,Fine particles (PM 2.5),Mean,mcg/m3,UHF42,503,Willowbrook,Annual Average 2021,2021-01-01,6.178614542,2021,1,1,Air Quality Indicator
741129,375,Nitrogen dioxide (NO2),Mean,ppb,CD,102,Greenwich Village and Soho (CD2),Annual Average 2021,2021-01-01,21.20923182,2021,1,1,Air Quality Indicator
742278,365,Fine particles (PM 2.5),Mean,mcg/m3,UHF42,501,Port Richmond,Annual Average 2021,2021-01-01,6.366716674,2021,1,1,Air Quality Indicator
740886,375,Nitrogen dioxide (NO2),Mean,ppb,Borough,3,Manhattan,Annual Average 2021,2021-01-01,19.96942812,2021,1,1,Air Quality Indicator
742302,365,Fine particles (PM 2.5),Mean,mcg/m3,UHF34,201,Greenpoint,Annual Average 2021,2021-01-01,7.670414078,2021,1,1,Air Quality Indicator
741141,375,Nitrogen dioxide (NO2),Mean,ppb,CD,106,Stuyvesant Town and Turtle Bay (CD6),Annual Average 2021,2021-01-01,22.13043181,2021,1,1,Air Quality Indicator
742410,365,Fine particles (PM 2.5),Mean,mcg/m3,CD,106,Stuyvesant Town and Turtle Bay (CD6),Annual Average 2021,2021-01-01,7.855239585,2021,1,1,Air Quality Indicator
741171,375,Nitrogen dioxide (NO2),Mean,ppb,CD,204,Highbridge and Concourse (CD4),Annual Average 2021,2021-01-01,18.11253001,2021,1,1,Air Quality Indicator
741144,375,Nitrogen dioxide (NO2),Mean,ppb,CD,107,Upper West Side (CD7),Annual Average 2021,2021-01-01,19.18539662,2021,1,1,Air Quality Indicator
742356,365,Fine particles (PM 2.5),Mean,mcg/m3,UHF34,405,Ridgewood - Forest Hills,Annual Average 2021,2021-01-01,6.543910861,2021,1,1,Air Quality Indicator
741165,375,Nitrogen dioxide (NO2),Mean,ppb,CD,202,Hunts Point and Longwood (CD2),Annual Average 2021,2021-01-01,19.30604564,2021,1,1,Air Quality Indicator
742542,365,Fine particles (PM 2.5),Mean,mcg/m3,CD,408,Hillcrest and Fresh Meadows (CD8),Annual Average 2021,2021-01-01,6.294422271,2021,1,1,Air Quality Indicator
742239,365,Fine particles (PM 2.5),Mean,mcg/m3,UHF42,308,Greenwich Village - SoHo,Annual Average 2021,2021-01-01,8.224712887,2021,1,1,Air Quality Indicator
740983,375,Nitrogen dioxide (NO2),Mean,ppb,UHF42,403,Flushing - Clearview,Winter 2020-21,2020-12-01,20.06297484,2020,12,4,Air Quality Indicator
742165,365,Fine particles (PM 2.5),Mean,mcg/m3,UHF42,102,Northeast Bronx,Winter 2020-21,2020-12-01,6.322058055,2020,12,4,Air Quality Indicator
740962,375,Nitrogen dioxide (NO2),Mean,ppb,UHF42,306,Chelsea - Clinton,Winter 2020-21,2020-12-01,26.71253911,2020,12,4,Air Quality Indicator
741289,375,Nitrogen dioxide (NO2),Mean,ppb,CD,414,Rockaway and Broad Channel (CD14),Winter 2020-21,2020-12-01,18.98386095,2020,12,4,Air Quality Indicator
742414,365,Fine particles (PM 2.5),Mean,mcg/m3,CD,108,Upper East Side (CD8),Winter 2020-21,2020-12-01,7.113967254,2020,12,4,Air Quality Indicator
742492,365,Fine particles (PM 2.5),Mean,mcg/m3,CD,310,Bay Ridge and Dyker Heights (CD10),Winter 2020-21,2020-12-01,6.77063039,2020,12,4,Air Quality Indicator
741268,375,Nitrogen dioxide (NO2),Mean,ppb,CD,407,Flushing and Whitestone (CD7),Winter 2020-21,2020-12-01,20.07324923,2020,12,4,Air Quality Indicator
741214,375,Nitrogen dioxide (NO2),Mean,ppb,CD,307,Sunset Park (CD7),Winter 2020-21,2020-12-01,23.43546409,2020,12,4,Air Quality Indicator
742207,365,Fine particles (PM 2.5),Mean,mcg/m3,UHF42,209,Bensonhurst - Bay Ridge,Winter 2020-21,2020-12-01,6.684419275,2020,12,4,Air Quality Indicator
740980,375,Nitrogen dioxide (NO2),Mean,ppb,UHF42,402,West Queens,Winter 2020-21,2020-12-01,22.91679062,2020,12,4,Air Quality Indicator
741064,375,Nitrogen dioxide (NO2),Mean,ppb,UHF34,301,Washington Heights,Winter 2020-21,2020-12-01,20.45978531,2020,12,4,Air Quality Indicator
741121,375,Nitrogen dioxide (NO2),Mean,ppb,Citywide,1,New York City,Winter 2020-21,2020-12-01,20.89668004,2020,12,4,Air Quality Indicator
741004,375,Nitrogen dioxide (NO2),Mean,ppb,UHF42,410,Rockaways,Winter 2020-21,2020-12-01,19.04557254,2020,12,4,Air Quality Indicator
742504,365,Fine particles (PM 2.5),Mean,mcg/m3,CD,314,Flatbush and Midwood (CD14),Winter 2020-21,2020-12-01,6.654108086,2020,12,4,Air Quality Indicator
742483,365,Fine particles (PM 2.5),Mean,mcg/m3,CD,307,Sunset Park (CD7),Winter 2020-21,2020-12-01,7.28062028,2020,12,4,Air Quality Indicator
742270,365,Fine particles (PM 2.5),Mean,mcg/m3,UHF42,409,Southeast Queens,Winter 2020-21,2020-12-01,6.482848181,2020,12,4,Air Quality Indicator
741016,375,Nitrogen dioxide (NO2),Mean,ppb,UHF42,504,South Beach - Tottenville,Winter 2020-21,2020-12-01,17.53829412,2020,12,4,Air Quality Indicator
742537,365,Fine particles (PM 2.5),Mean,mcg/m3,CD,407,Flushing and Whitestone (CD7),Winter 2020-21,2020-12-01,6.523404116,2020,12,4,Air Quality Indicator
741187,375,Nitrogen dioxide (NO2),Mean,ppb,CD,210,Throgs Neck and Co-op City (CD10),Winter 2020-21,2020-12-01,18.93816458,2020,12,4,Air Quality Indicator
742156,365,Fine particles (PM 2.5),Mean,mcg/m3,Borough,4,Queens,Winter 2020-21,2020-12-01,6.678513402,2020,12,4,Air Quality Indicator
741205,375,Nitrogen dioxide (NO2),Mean,ppb,CD,304,Bushwick (CD4),Winter 2020-21,2020-12-01,23.07006868,2020,12,4,Air Quality Indicator
742546,365,Fine particles (PM 2.5),Mean,mcg/m3,CD,410,South Ozone Park and Howard Beach (CD10),Winter 2020-21,2020-12-01,6.434144663,2020,12,4,Air Quality Indicator
742552,365,Fine particles (PM 2.5),Mean,mcg/m3,CD,412,Jamaica and Hollis (CD12),Winter 2020-21,2020-12-01,6.583811004,2020,12,4,Air Quality Indicator
741157,375,Nitrogen dioxide (NO2),Mean,ppb,CD,112,Washington Heights and Inwood (CD12),Winter 2020-21,2020-12-01,20.21951561,2020,12,4,Air Quality Indicator
742399,365,Fine particles (PM 2.5),Mean,mcg/m3,CD,103,Lower East Side and Chinatown (CD3),Winter 2020-21,2020-12-01,7.721812086,2020,12,4,Air Quality Indicator
741007,375,Nitrogen dioxide (NO2),Mean,ppb,UHF42,501,Port Richmond,Winter 2020-21,2020-12-01,20.82051999,2020,12,4,Air Quality Indicator
740887,375,Nitrogen dioxide (NO2),Mean,ppb,Borough,4,Queens,Winter 2020-21,2020-12-01,20.73316681,2020,12,4,Air Quality Indicator
742276,365,Fine particles (PM 2.5),Mean,mcg/m3,UHF42,501,Port Richmond,Winter 2020-21,2020-12-01,6.608912463,2020,12,4,Air Quality Indicator
742168,365,Fine particles (PM 2.5),Mean,mcg/m3,UHF42,103,Fordham - Bronx Pk,Winter 2020-21,2020-12-01,6.408438312,2020,12,4,Air Quality Indicator
742282,365,Fine particles (PM 2.5),Mean,mcg/m3,UHF42,503,Willowbrook,Winter 2020-21,2020-12-01,6.495772269,2020,12,4,Air Quality Indicator
740950,375,Nitrogen dioxide (NO2),Mean,ppb,UHF42,302,Central Harlem - Morningside Heights,Winter 2020-21,2020-12-01,21.81903902,2020,12,4,Air Quality Indicator
742555,365,Fine particles (PM 2.5),Mean,mcg/m3,CD,413,Queens Village (CD13),Winter 2020-21,2020-12-01,6.621152709,2020,12,4,Air Quality Indicator
742402,365,Fine particles (PM 2.5),Mean,mcg/m3,CD,104,Clinton and Chelsea (CD4),Winter 2020-21,2020-12-01,8.210055018,2020,12,4,Air Quality Indicator
742450,365,Fine particles (PM 2.5),Mean,mcg/m3,CD,208,Riverdale and Fieldston (CD8),Winter 2020-21,2020-12-01,6.341320835,2020,12,4,Air Quality Indicator
741109,375,Nitrogen dioxide (NO2),Mean,ppb,UHF34,404406,Bayside Little Neck-Fresh Meadows,Winter 2020-21,2020-12-01,19.17208154,2020,12,4,Air Quality Indicator
742384,365,Fine particles (PM 2.5),Mean,mcg/m3,UHF34,503504,Southern SI,Winter 2020-21,2020-12-01,6.49827416,2020,12,4,Air Quality Indicator
740944,375,Nitrogen dioxide (NO2),Mean,ppb,UHF42,211,Williamsburg - Bushwick,Winter 2020-21,2020-12-01,24.12098756,2020,12,4,Air Quality Indicator
740923,375,Nitrogen dioxide (NO2),Mean,ppb,UHF42,204,East New York,Winter 2020-21,2020-12-01,22.24045642,2020,12,4,Air Quality Indicator
740956,375,Nitrogen dioxide (NO2),Mean,ppb,UHF42,304,Upper West Side,Winter 2020-21,2020-12-01,22.80826284,2020,12,4,Air Quality Indicator
742198,365,Fine particles (PM 2.5),Mean,mcg/m3,UHF42,206,Borough Park,Winter 2020-21,2020-12-01,6.651149578,2020,12,4,Air Quality Indicator
741115,375,Nitrogen dioxide (NO2),Mean,ppb,UHF34,503504,Southern SI,Winter 2020-21,2020-12-01,18.0318932,2020,12,4,Air Quality Indicator
741091,375,Nitrogen dioxide (NO2),Mean,ppb,UHF34,408,Jamaica,Winter 2020-21,2020-12-01,20.87859767,2020,12,4,Air Quality Indicator
741226,375,Nitrogen dioxide (NO2),Mean,ppb,CD,311,Bensonhurst (CD11),Winter 2020-21,2020-12-01,22.83229057,2020,12,4,Air Quality Indicator
741286,375,Nitrogen dioxide (NO2),Mean,ppb,CD,413,Queens Village (CD13),Winter 2020-21,2020-12-01,20.08999115,2020,12,4,Air Quality Indicator
742435,365,Fine particles (PM 2.5),Mean,mcg/m3,CD,203,Morrisania and Crotona (CD3),Winter 2020-21,2020-12-01,6.632313723,2020,12,4,Air Quality Indicator
742318,365,Fine particles (PM 2.5),Mean,mcg/m3,UHF34,207,East Flatbush - Flatbush,Winter 2020-21,2020-12-01,6.646496231,2020,12,4,Air Quality Indicator
742273,365,Fine particles (PM 2.5),Mean,mcg/m3,UHF42,410,Rockaways,Winter 2020-21,2020-12-01,6.331845777,2020,12,4,Air Quality Indicator
741211,375,Nitrogen dioxide (NO2),Mean,ppb,CD,306,Park Slope and Carroll Gardens (CD6),Winter 2020-21,2020-12-01,23.79818534,2020,12,4,Air Quality Indicator
742201,365,Fine particles (PM 2.5),Mean,mcg/m3,UHF42,207,East Flatbush - Flatbush,Winter 2020-21,2020-12-01,6.646496231,2020,12,4,Air Quality Indicator
742147,365,Fine particles (PM 2.5),Mean,mcg/m3,Borough,1,Bronx,Winter 2020-21,2020-12-01,6.56557709,2020,12,4,Air Quality Indicator
742375,365,Fine particles (PM 2.5),Mean,mcg/m3,UHF34,309310,Union Square-Lower Manhattan,Winter 2020-21,2020-12-01,7.843774786,2020,12,4,Air Quality Indicator
742441,365,Fine particles (PM 2.5),Mean,mcg/m3,CD,205,Fordham and University Heights (CD5),Winter 2020-21,2020-12-01,6.714223259,2020,12,4,Air Quality Indicator
741181,375,Nitrogen dioxide (NO2),Mean,ppb,CD,208,Riverdale and Fieldston (CD8),Winter 2020-21,2020-12-01,17.97062937,2020,12,4,Air Quality Indicator
742405,365,Fine particles (PM 2.5),Mean,mcg/m3,CD,105,Midtown (CD5),Winter 2020-21,2020-12-01,9.067792916,2020,12,4,Air Quality Indicator
742255,365,Fine particles (PM 2.5),Mean,mcg/m3,UHF42,404,Bayside - Little Neck,Winter 2020-21,2020-12-01,6.409598292,2020,12,4,Air Quality Indicator
742390,365,Fine particles (PM 2.5),Mean,mcg/m3,Citywide,1,New York City,Winter 2020-21,2020-12-01,6.736339132,2020,12,4,Air Quality Indicator
741034,375,Nitrogen dioxide (NO2),Mean,ppb,UHF34,202,Downtown - Heights - Slope,Winter 2020-21,2020-12-01,23.90034361,2020,12,4,Air Quality Indicator
741022,375,Nitrogen dioxide (NO2),Mean,ppb,UHF34,102,Northeast Bronx,Winter 2020-21,2020-12-01,19.18249501,2020,12,4,Air Quality Indicator
741202,375,Nitrogen dioxide (NO2),Mean,ppb,CD,303,Bedford Stuyvesant (CD3),Winter 2020-21,2020-12-01,23.41296519,2020,12,4,Air Quality Indicator
742465,365,Fine particles (PM 2.5),Mean,mcg/m3,CD,301,Greenpoint and Williamsburg (CD1),Winter 2020-21,2020-12-01,8.080634674,2020,12,4,Air Quality Indicator
740890,375,Nitrogen dioxide (NO2),Mean,ppb,Borough,5,Staten Island,Winter 2020-21,2020-12-01,18.72074056,2020,12,4,Air Quality Indicator
740929,375,Nitrogen dioxide (NO2),Mean,ppb,UHF42,206,Borough Park,Winter 2020-21,2020-12-01,23.00687944,2020,12,4,Air Quality Indicator
741247,375,Nitrogen dioxide (NO2),Mean,ppb,CD,318,Flatlands and Canarsie (CD18),Winter 2020-21,2020-12-01,21.19501304,2020,12,4,Air Quality Indicator
740965,375,Nitrogen dioxide (NO2),Mean,ppb,UHF42,307,Gramercy Park - Murray Hill,Winter 2020-21,2020-12-01,26.99836891,2020,12,4,Air Quality Indicator
742357,365,Fine particles (PM 2.5),Mean,mcg/m3,UHF34,407,Southwest Queens,Winter 2020-21,2020-12-01,6.524562413,2020,12,4,Air Quality Indicator
741154,375,Nitrogen dioxide (NO2),Mean,ppb,CD,111,East Harlem (CD11),Winter 2020-21,2020-12-01,21.9958319,2020,12,4,Air Quality Indicator
742306,365,Fine particles (PM 2.5),Mean,mcg/m3,UHF34,203,Bedford Stuyvesant - Crown Heights,Winter 2020-21,2020-12-01,6.784997881,2020,12,4,Air Quality Indicator
741184,375,Nitrogen dioxide (NO2),Mean,ppb,CD,209,Parkchester and Soundview (CD9),Winter 2020-21,2020-12-01,20.20105589,2020,12,4,Air Quality Indicator
742321,365,Fine particles (PM 2.5),Mean,mcg/m3,UHF34,208,Canarsie - Flatlands,Winter 2020-21,2020-12-01,6.551944631,2020,12,4,Air Quality Indicator
742345,365,Fine particles (PM 2.5),Mean,mcg/m3,UHF34,401,Long Island City - Astoria,Winter 2020-21,2020-12-01,7.362022469,2020,12,4,Air Quality Indicator
742336,365,Fine particles (PM 2.5),Mean,mcg/m3,UHF34,302,Central Harlem - Morningside Heights,Winter 2020-21,2020-12-01,6.741874433,2020,12,4,Air Quality Indicator
741175,375,Nitrogen dioxide (NO2),Mean,ppb,CD,206,Belmont and East Tremont (CD6),Winter 2020-21,2020-12-01,20.68311406,2020,12,4,Air Quality Indicator
741217,375,Nitrogen dioxide (NO2),Mean,ppb,CD,308,Crown Heights and Prospect Heights (CD8),Winter 2020-21,2020-12-01,23.30952501,2020,12,4,Air Quality Indicator
742243,365,Fine particles (PM 2.5),Mean,mcg/m3,UHF42,310,Lower Manhattan,Winter 2020-21,2020-12-01,7.710772492,2020,12,4,Air Quality Indicator
742279,365,Fine particles (PM 2.5),Mean,mcg/m3,UHF42,502,Stapleton - St. George,Winter 2020-21,2020-12-01,6.507185457,2020,12,4,Air Quality Indicator
741232,375,Nitrogen dioxide (NO2),Mean,ppb,CD,313,Coney Island (CD13),Winter 2020-21,2020-12-01,21.02377569,2020,12,4,Air Quality Indicator
741085,375,Nitrogen dioxide (NO2),Mean,ppb,UHF34,405,Ridgewood - Forest Hills,Winter 2020-21,2020-12-01,21.47540613,2020,12,4,Air Quality Indicator
742366,365,Fine particles (PM 2.5),Mean,mcg/m3,UHF34,410,Rockaways,Winter 2020-21,2020-12-01,6.331845777,2020,12,4,Air Quality Indicator
740893,375,Nitrogen dioxide (NO2),Mean,ppb,UHF42,101,Kingsbridge - Riverdale,Winter 2020-21,2020-12-01,18.02258258,2020,12,4,Air Quality Indicator
741238,375,Nitrogen dioxide (NO2),Mean,ppb,CD,315,Sheepshead Bay (CD15),Winter 2020-21,2020-12-01,21.85758448,2020,12,4,Air Quality Indicator
742324,365,Fine particles (PM 2.5),Mean,mcg/m3,UHF34,209,Bensonhurst - Bay Ridge,Winter 2020-21,2020-12-01,6.684419275,2020,12,4,Air Quality Indicator
742564,365,Fine particles (PM 2.5),Mean,mcg/m3,CD,502,South Beach and Willowbrook (CD2),Winter 2020-21,2020-12-01,6.478966029,2020,12,4,Air Quality Indicator
742225,365,Fine particles (PM 2.5),Mean,mcg/m3,UHF42,304,Upper West Side,Winter 2020-21,2020-12-01,6.839045172,2020,12,4,Air Quality Indicator
740995,375,Nitrogen dioxide (NO2),Mean,ppb,UHF42,407,Southwest Queens,Winter 2020-21,2020-12-01,21.28522479,2020,12,4,Air Quality Indicator
740911,375,Nitrogen dioxide (NO2),Mean,ppb,UHF42,107,Hunts Point - Mott Haven,Winter 2020-21,2020-12-01,21.86906445,2020,12,4,Air Quality Indicator
742516,365,Fine particles (PM 2.5),Mean,mcg/m3,CD,318,Flatlands and Canarsie (CD18),Winter 2020-21,2020-12-01,6.528260119,2020,12,4,Air Quality Indicator
740968,375,Nitrogen dioxide (NO2),Mean,ppb,UHF42,308,Greenwich Village - SoHo,Winter 2020-21,2020-12-01,25.41772516,2020,12,4,Air Quality Indicator
740947,375,Nitrogen dioxide (NO2),Mean,ppb,UHF42,301,Washington Heights,Winter 2020-21,2020-12-01,20.45978531,2020,12,4,Air Quality Indicator
740986,375,Nitrogen dioxide (NO2),Mean,ppb,UHF42,404,Bayside - Little Neck,Winter 2020-21,2020-12-01,18.62210512,2020,12,4,Air Quality Indicator
741160,375,Nitrogen dioxide (NO2),Mean,ppb,CD,201,Mott Haven and Melrose (CD1),Winter 2020-21,2020-12-01,22.11981526,2020,12,4,Air Quality Indicator
741250,375,Nitrogen dioxide (NO2),Mean,ppb,CD,401,Long Island City and Astoria (CD1),Winter 2020-21,2020-12-01,21.63925524,2020,12,4,Air Quality Indicator
741235,375,Nitrogen dioxide (NO2),Mean,ppb,CD,314,Flatbush and Midwood (CD14),Winter 2020-21,2020-12-01,22.60717894,2020,12,4,Air Quality Indicator
742387,365,Fine particles (PM 2.5),Mean,mcg/m3,UHF34,105106107,South Bronx,Winter 2020-21,2020-12-01,6.835494527,2020,12,4,Air Quality Indicator
742249,365,Fine particles (PM 2.5),Mean,mcg/m3,UHF42,402,West Queens,Winter 2020-21,2020-12-01,7.354483616,2020,12,4,Air Quality Indicator
741253,375,Nitrogen dioxide (NO2),Mean,ppb,CD,402,Woodside and Sunnyside (CD2),Winter 2020-21,2020-12-01,24.10456292,2020,12,4,Air Quality Indicator
741277,375,Nitrogen dioxide (NO2),Mean,ppb,CD,410,South Ozone Park and Howard Beach (CD10),Winter 2020-21,2020-12-01,21.06478607,2020,12,4,Air Quality Indicator
741283,375,Nitrogen dioxide (NO2),Mean,ppb,CD,412,Jamaica and Hollis (CD12),Winter 2020-21,2020-12-01,20.85656728,2020,12,4,Air Quality Indicator
742498,365,Fine particles (PM 2.5),Mean,mcg/m3,CD,312,Borough Park (CD12),Winter 2020-21,2020-12-01,6.660195406,2020,12,4,Air Quality Indicator
740977,375,Nitrogen dioxide (NO2),Mean,ppb,UHF42,401,Long Island City - Astoria,Winter 2020-21,2020-12-01,23.0691479,2020,12,4,Air Quality Indicator
742543,365,Fine particles (PM 2.5),Mean,mcg/m3,CD,409,Kew Gardens and Woodhaven (CD9),Winter 2020-21,2020-12-01,6.666130721,2020,12,4,Air Quality Indicator
742315,365,Fine particles (PM 2.5),Mean,mcg/m3,UHF34,206,Borough Park,Winter 2020-21,2020-12-01,6.651149578,2020,12,4,Air Quality Indicator
741031,375,Nitrogen dioxide (NO2),Mean,ppb,UHF34,201,Greenpoint,Winter 2020-21,2020-12-01,24.77301172,2020,12,4,Air Quality Indicator
742240,365,Fine particles (PM 2.5),Mean,mcg/m3,UHF42,309,Union Square - Lower East Side,Winter 2020-21,2020-12-01,7.904579176,2020,12,4,Air Quality Indicator
741049,375,Nitrogen dioxide (NO2),Mean,ppb,UHF34,207,East Flatbush - Flatbush,Winter 2020-21,2020-12-01,22.76288546,2020,12,4,Air Quality Indicator
742252,365,Fine particles (PM 2.5),Mean,mcg/m3,UHF42,403,Flushing - Clearview,Winter 2020-21,2020-12-01,6.501060424,2020,12,4,Air Quality Indicator
740998,375,Nitrogen dioxide (NO2),Mean,ppb,UHF42,408,Jamaica,Winter 2020-21,2020-12-01,20.8790196,2020,12,4,Air Quality Indicator
741190,375,Nitrogen dioxide (NO2),Mean,ppb,CD,211,Morris Park and Bronxdale (CD11),Winter 2020-21,2020-12-01,19.65867567,2020,12,4,Air Quality Indicator
742525,365,Fine particles (PM 2.5),Mean,mcg/m3,CD,403,Jackson Heights (CD3),Winter 2020-21,2020-12-01,6.706209052,2020,12,4,Air Quality Indicator
742528,365,Fine particles (PM 2.5),Mean,mcg/m3,CD,404,Elmhurst and Corona (CD4),Winter 2020-21,2020-12-01,6.828981468,2020,12,4,Air Quality Indicator
742363,365,Fine particles (PM 2.5),Mean,mcg/m3,UHF34,409,Southeast Queens,Winter 2020-21,2020-12-01,6.48277595,2020,12,4,Air Quality Indicator
742285,365,Fine particles (PM 2.5),Mean,mcg/m3,UHF42,504,South Beach - Tottenville,Winter 2020-21,2020-12-01,6.499745703,2020,12,4,Air Quality Indicator
741199,375,Nitrogen dioxide (NO2),Mean,ppb,CD,302,Fort Greene and Brooklyn Heights (CD2),Winter 2020-21,2020-12-01,23.85582362,2020,12,4,Air Quality Indicator
741010,375,Nitrogen dioxide (NO2),Mean,ppb,UHF42,502,Stapleton - St. George,Winter 2020-21,2020-12-01,20.07934468,2020,12,4,Air Quality Indicator
742426,365,Fine particles (PM 2.5),Mean,mcg/m3,CD,112,Washington Heights and Inwood (CD12),Winter 2020-21,2020-12-01,6.819667468,2020,12,4,Air Quality Indicator
741094,375,Nitrogen dioxide (NO2),Mean,ppb,UHF34,409,Southeast Queens,Winter 2020-21,2020-12-01,19.77780206,2020,12,4,Air Quality Indicator
741220,375,Nitrogen dioxide (NO2),Mean,ppb,CD,309,South Crown Heights and Lefferts Gardens (CD9),Winter 2020-21,2020-12-01,23.12825233,2020,12,4,Air Quality Indicator
742534,365,Fine particles (PM 2.5),Mean,mcg/m3,CD,406,Rego Park and Forest Hills (CD6),Winter 2020-21,2020-12-01,6.574532159,2020,12,4,Air Quality Indicator
741013,375,Nitrogen dioxide (NO2),Mean,ppb,UHF42,503,Willowbrook,Winter 2020-21,2020-12-01,18.87007315,2020,12,4,Air Quality Indicator
742246,365,Fine particles (PM 2.5),Mean,mcg/m3,UHF42,401,Long Island City - Astoria,Winter 2020-21,2020-12-01,7.362022469,2020,12,4,Air Quality Indicator
741130,375,Nitrogen dioxide (NO2),Mean,ppb,CD,103,Lower East Side and Chinatown (CD3),Winter 2020-21,2020-12-01,23.90596078,2020,12,4,Air Quality Indicator
742192,365,Fine particles (PM 2.5),Mean,mcg/m3,UHF42,204,East New York,Winter 2020-21,2020-12-01,6.804081903,2020,12,4,Air Quality Indicator
741133,375,Nitrogen dioxide (NO2),Mean,ppb,CD,104,Clinton and Chelsea (CD4),Winter 2020-21,2020-12-01,25.80933499,2020,12,4,Air Quality Indicator
741151,375,Nitrogen dioxide (NO2),Mean,ppb,CD,110,Central Harlem (CD10),Winter 2020-21,2020-12-01,21.92755306,2020,12,4,Air Quality Indicator
742519,365,Fine particles (PM 2.5),Mean,mcg/m3,CD,401,Long Island City and Astoria (CD1),Winter 2020-21,2020-12-01,6.816282653,2020,12,4,Air Quality Indicator
740899,375,Nitrogen dioxide (NO2),Mean,ppb,UHF42,103,Fordham - Bronx Pk,Winter 2020-21,2020-12-01,19.32926512,2020,12,4,Air Quality Indicator
742228,365,Fine particles (PM 2.5),Mean,mcg/m3,UHF42,305,Upper East Side,Winter 2020-21,2020-12-01,7.099794779,2020,12,4,Air Quality Indicator
741280,375,Nitrogen dioxide (NO2),Mean,ppb,CD,411,Bayside and Little Neck (CD11),Winter 2020-21,2020-12-01,18.87434444,2020,12,4,Air Quality Indicator
741106,375,Nitrogen dioxide (NO2),Mean,ppb,UHF34,309310,Union Square-Lower Manhattan,Winter 2020-21,2020-12-01,24.58160996,2020,12,4,Air Quality Indicator
741112,375,Nitrogen dioxide (NO2),Mean,ppb,UHF34,501502,Northern SI,Winter 2020-21,2020-12-01,20.33724781,2020,12,4,Air Quality Indicator
742360,365,Fine particles (PM 2.5),Mean,mcg/m3,UHF34,408,Jamaica,Winter 2020-21,2020-12-01,6.690577085,2020,12,4,Air Quality Indicator
742513,365,Fine particles (PM 2.5),Mean,mcg/m3,CD,317,East Flatbush (CD17),Winter 2020-21,2020-12-01,6.697176374,2020,12,4,Air Quality Indicator
742549,365,Fine particles (PM 2.5),Mean,mcg/m3,CD,411,Bayside and Little Neck (CD11),Winter 2020-21,2020-12-01,6.390453634,2020,12,4,Air Quality Indicator
742486,365,Fine particles (PM 2.5),Mean,mcg/m3,CD,308,Crown Heights and Prospect Heights (CD8),Winter 2020-21,2020-12-01,6.886115731,2020,12,4,Air Quality Indicator
741208,375,Nitrogen dioxide (NO2),Mean,ppb,CD,305,East New York and Starrett City (CD5),Winter 2020-21,2020-12-01,22.06994742,2020,12,4,Air Quality Indicator
742378,365,Fine particles (PM 2.5),Mean,mcg/m3,UHF34,404406,Bayside Little Neck-Fresh Meadows,Winter 2020-21,2020-12-01,6.407498086,2020,12,4,Air Quality Indicator
742267,365,Fine particles (PM 2.5),Mean,mcg/m3,UHF42,408,Jamaica,Winter 2020-21,2020-12-01,6.69067221,2020,12,4,Air Quality Indicator
741139,375,Nitrogen dioxide (NO2),Mean,ppb,CD,106,Stuyvesant Town and Turtle Bay (CD6),Winter 2020-21,2020-12-01,25.88404044,2020,12,4,Air Quality Indicator
741196,375,Nitrogen dioxide (NO2),Mean,ppb,CD,301,Greenpoint and Williamsburg (CD1),Winter 2020-21,2020-12-01,24.96883419,2020,12,4,Air Quality Indicator
742237,365,Fine particles (PM 2.5),Mean,mcg/m3,UHF42,308,Greenwich Village - SoHo,Winter 2020-21,2020-12-01,8.37023922,2020,12,4,Air Quality Indicator
742501,365,Fine particles (PM 2.5),Mean,mcg/m3,CD,313,Coney Island (CD13),Winter 2020-21,2020-12-01,6.581984972,2020,12,4,Air Quality Indicator
742234,365,Fine particles (PM 2.5),Mean,mcg/m3,UHF42,307,Gramercy Park - Murray Hill,Winter 2020-21,2020-12-01,8.289208713,2020,12,4,Air Quality Indicator
742189,365,Fine particles (PM 2.5),Mean,mcg/m3,UHF42,203,Bedford Stuyvesant - Crown Heights,Winter 2020-21,2020-12-01,6.784997881,2020,12,4,Air Quality Indicator
742174,365,Fine particles (PM 2.5),Mean,mcg/m3,UHF42,105,Crotona -Tremont,Winter 2020-21,2020-12-01,6.759385889,2020,12,4,Air Quality Indicator
742222,365,Fine particles (PM 2.5),Mean,mcg/m3,UHF42,303,East Harlem,Winter 2020-21,2020-12-01,6.819499301,2020,12,4,Air Quality Indicator
740896,375,Nitrogen dioxide (NO2),Mean,ppb,UHF42,102,Northeast Bronx,Winter 2020-21,2020-12-01,19.18248894,2020,12,4,Air Quality Indicator
741076,375,Nitrogen dioxide (NO2),Mean,ppb,UHF34,401,Long Island City - Astoria,Winter 2020-21,2020-12-01,23.0691479,2020,12,4,Air Quality Indicator
742195,365,Fine particles (PM 2.5),Mean,mcg/m3,UHF42,205,Sunset Park,Winter 2020-21,2020-12-01,7.272910258,2020,12,4,Air Quality Indicator
740938,375,Nitrogen dioxide (NO2),Mean,ppb,UHF42,209,Bensonhurst - Bay Ridge,Winter 2020-21,2020-12-01,22.26082029,2020,12,4,Air Quality Indicator
741127,375,Nitrogen dioxide (NO2),Mean,ppb,CD,102,Greenwich Village and Soho (CD2),Winter 2020-21,2020-12-01,25.31347964,2020,12,4,Air Quality Indicator
741040,375,Nitrogen dioxide (NO2),Mean,ppb,UHF34,204,East New York,Winter 2020-21,2020-12-01,22.24045642,2020,12,4,Air Quality Indicator
740941,375,Nitrogen dioxide (NO2),Mean,ppb,UHF42,210,Coney Island - Sheepshead Bay,Winter 2020-21,2020-12-01,21.64803485,2020,12,4,Air Quality Indicator
742522,365,Fine particles (PM 2.5),Mean,mcg/m3,CD,402,Woodside and Sunnyside (CD2),Winter 2020-21,2020-12-01,7.931445484,2020,12,4,Air Quality Indicator
742333,365,Fine particles (PM 2.5),Mean,mcg/m3,UHF34,301,Washington Heights,Winter 2020-21,2020-12-01,6.808006103,2020,12,4,Air Quality Indicator
741172,375,Nitrogen dioxide (NO2),Mean,ppb,CD,205,Fordham and University Heights (CD5),Winter 2020-21,2020-12-01,21.33647876,2020,12,4,Air Quality Indicator
740884,375,Nitrogen dioxide (NO2),Mean,ppb,Borough,3,Manhattan,Winter 2020-21,2020-12-01,23.67404351,2020,12,4,Air Quality Indicator
741136,375,Nitrogen dioxide (NO2),Mean,ppb,CD,105,Midtown (CD5),Winter 2020-21,2020-12-01,28.35257576,2020,12,4,Air Quality Indicator
741241,375,Nitrogen dioxide (NO2),Mean,ppb,CD,316,Brownsville (CD16),Winter 2020-21,2020-12-01,22.88662037,2020,12,4,Air Quality Indicator
742471,365,Fine particles (PM 2.5),Mean,mcg/m3,CD,303,Bedford Stuyvesant (CD3),Winter 2020-21,2020-12-01,7.023570516,2020,12,4,Air Quality Indicator
742153,365,Fine particles (PM 2.5),Mean,mcg/m3,Borough,3,Manhattan,Winter 2020-21,2020-12-01,7.462985659,2020,12,4,Air Quality Indicator
740902,375,Nitrogen dioxide (NO2),Mean,ppb,UHF42,104,Pelham - Throgs Neck,Winter 2020-21,2020-12-01,19.5542201,2020,12,4,Air Quality Indicator
740971,375,Nitrogen dioxide (NO2),Mean,ppb,UHF42,309,Union Square - Lower East Side,Winter 2020-21,2020-12-01,24.08478387,2020,12,4,Air Quality Indicator
741178,375,Nitrogen dioxide (NO2),Mean,ppb,CD,207,Kingsbridge Heights and Bedford (CD7),Winter 2020-21,2020-12-01,20.0999397,2020,12,4,Air Quality Indicator
742348,365,Fine particles (PM 2.5),Mean,mcg/m3,UHF34,402,West Queens,Winter 2020-21,2020-12-01,7.354483616,2020,12,4,Air Quality Indicator
742420,365,Fine particles (PM 2.5),Mean,mcg/m3,CD,110,Central Harlem (CD10),Winter 2020-21,2020-12-01,6.720790448,2020,12,4,Air Quality Indicator
741262,375,Nitrogen dioxide (NO2),Mean,ppb,CD,405,Ridgewood and Maspeth (CD5),Winter 2020-21,2020-12-01,22.56662365,2020,12,4,Air Quality Indicator
742216,365,Fine particles (PM 2.5),Mean,mcg/m3,UHF42,301,Washington Heights,Winter 2020-21,2020-12-01,6.807999778,2020,12,4,Air Quality Indicator
742561,365,Fine particles (PM 2.5),Mean,mcg/m3,CD,501,St. George and Stapleton (CD1),Winter 2020-21,2020-12-01,6.577477788,2020,12,4,Air Quality Indicator
742183,365,Fine particles (PM 2.5),Mean,mcg/m3,UHF42,201,Greenpoint,Winter 2020-21,2020-12-01,7.991917191,2020,12,4,Air Quality Indicator
741043,375,Nitrogen dioxide (NO2),Mean,ppb,UHF34,205,Sunset Park,Winter 2020-21,2020-12-01,23.41154977,2020,12,4,Air Quality Indicator
742291,365,Fine particles (PM 2.5),Mean,mcg/m3,UHF34,102,Northeast Bronx,Winter 2020-21,2020-12-01,6.322062625,2020,12,4,Air Quality Indicator
742354,365,Fine particles (PM 2.5),Mean,mcg/m3,UHF34,405,Ridgewood - Forest Hills,Winter 2020-21,2020-12-01,6.716234864,2020,12,4,Air Quality Indicator
742300,365,Fine particles (PM 2.5),Mean,mcg/m3,UHF34,201,Greenpoint,Winter 2020-21,2020-12-01,7.991917191,2020,12,4,Air Quality Indicator
742468,365,Fine particles (PM 2.5),Mean,mcg/m3,CD,302,Fort Greene and Brooklyn Heights (CD2),Winter 2020-21,2020-12-01,7.288416526,2020,12,4,Air Quality Indicator
741295,375,Nitrogen dioxide (NO2),Mean,ppb,CD,502,South Beach and Willowbrook (CD2),Winter 2020-21,2020-12-01,18.82259668,2020,12,4,Air Quality Indicator
742303,365,Fine particles (PM 2.5),Mean,mcg/m3,UHF34,202,Downtown - Heights - Slope,Winter 2020-21,2020-12-01,7.310411539,2020,12,4,Air Quality Indicator
741163,375,Nitrogen dioxide (NO2),Mean,ppb,CD,202,Hunts Point and Longwood (CD2),Winter 2020-21,2020-12-01,22.37779025,2020,12,4,Air Quality Indicator
741271,375,Nitrogen dioxide (NO2),Mean,ppb,CD,408,Hillcrest and Fresh Meadows (CD8),Winter 2020-21,2020-12-01,19.89414969,2020,12,4,Air Quality Indicator
741265,375,Nitrogen dioxide (NO2),Mean,ppb,CD,406,Rego Park and Forest Hills (CD6),Winter 2020-21,2020-12-01,21.1377716,2020,12,4,Air Quality Indicator
742210,365,Fine particles (PM 2.5),Mean,mcg/m3,UHF42,210,Coney Island - Sheepshead Bay,Winter 2020-21,2020-12-01,6.581753595,2020,12,4,Air Quality Indicator
740935,375,Nitrogen dioxide (NO2),Mean,ppb,UHF42,208,Canarsie - Flatlands,Winter 2020-21,2020-12-01,21.17469782,2020,12,4,Air Quality Indicator
741292,375,Nitrogen dioxide (NO2),Mean,ppb,CD,501,St. George and Stapleton (CD1),Winter 2020-21,2020-12-01,20.70509364,2020,12,4,Air Quality Indicator
741193,375,Nitrogen dioxide (NO2),Mean,ppb,CD,212,Williamsbridge and Baychester (CD12),Winter 2020-21,2020-12-01,18.82935167,2020,12,4,Air Quality Indicator
742309,365,Fine particles (PM 2.5),Mean,mcg/m3,UHF34,204,East New York,Winter 2020-21,2020-12-01,6.804081903,2020,12,4,Air Quality Indicator
742162,365,Fine particles (PM 2.5),Mean,mcg/m3,UHF42,101,Kingsbridge - Riverdale,Winter 2020-21,2020-12-01,6.366259841,2020,12,4,Air Quality Indicator
742342,365,Fine particles (PM 2.5),Mean,mcg/m3,UHF34,304,Upper West Side,Winter 2020-21,2020-12-01,6.839020945,2020,12,4,Air Quality Indicator
741274,375,Nitrogen dioxide (NO2),Mean,ppb,CD,409,Kew Gardens and Woodhaven (CD9),Winter 2020-21,2020-12-01,21.63258776,2020,12,4,Air Quality Indicator
742150,365,Fine particles (PM 2.5),Mean,mcg/m3,Borough,2,Brooklyn,Winter 2020-21,2020-12-01,6.886463032,2020,12,4,Air Quality Indicator
742480,365,Fine particles (PM 2.5),Mean,mcg/m3,CD,306,Park Slope and Carroll Gardens (CD6),Winter 2020-21,2020-12-01,7.272206793,2020,12,4,Air Quality Indicator
741124,375,Nitrogen dioxide (NO2),Mean,ppb,CD,101,Financial District (CD1),Winter 2020-21,2020-12-01,25.77217279,2020,12,4,Air Quality Indicator
742531,365,Fine particles (PM 2.5),Mean,mcg/m3,CD,405,Ridgewood and Maspeth (CD5),Winter 2020-21,2020-12-01,7.222219737,2020,12,4,Air Quality Indicator
742258,365,Fine particles (PM 2.5),Mean,mcg/m3,UHF42,405,Ridgewood - Forest Hills,Winter 2020-21,2020-12-01,6.716234864,2020,12,4,Air Quality Indicator
742330,365,Fine particles (PM 2.5),Mean,mcg/m3,UHF34,211,Williamsburg - Bushwick,Winter 2020-21,2020-12-01,7.491394425,2020,12,4,Air Quality Indicator
740989,375,Nitrogen dioxide (NO2),Mean,ppb,UHF42,405,Ridgewood - Forest Hills,Winter 2020-21,2020-12-01,21.47540613,2020,12,4,Air Quality Indicator
740905,375,Nitrogen dioxide (NO2),Mean,ppb,UHF42,105,Crotona -Tremont,Winter 2020-21,2020-12-01,20.93965076,2020,12,4,Air Quality Indicator
742261,365,Fine particles (PM 2.5),Mean,mcg/m3,UHF42,406,Fresh Meadows,Winter 2020-21,2020-12-01,6.400966565,2020,12,4,Air Quality Indicator
741052,375,Nitrogen dioxide (NO2),Mean,ppb,UHF34,208,Canarsie - Flatlands,Winter 2020-21,2020-12-01,21.17469782,2020,12,4,Air Quality Indicator
741259,375,Nitrogen dioxide (NO2),Mean,ppb,CD,404,Elmhurst and Corona (CD4),Winter 2020-21,2020-12-01,22.32478638,2020,12,4,Air Quality Indicator
741142,375,Nitrogen dioxide (NO2),Mean,ppb,CD,107,Upper West Side (CD7),Winter 2020-21,2020-12-01,22.83668871,2020,12,4,Air Quality Indicator
741097,375,Nitrogen dioxide (NO2),Mean,ppb,UHF34,410,Rockaways,Winter 2020-21,2020-12-01,19.04557254,2020,12,4,Air Quality Indicator
740878,375,Nitrogen dioxide (NO2),Mean,ppb,Borough,1,Bronx,Winter 2020-21,2020-12-01,19.91634153,2020,12,4,Air Quality Indicator
740917,375,Nitrogen dioxide (NO2),Mean,ppb,UHF42,202,Downtown - Heights - Slope,Winter 2020-21,2020-12-01,23.90034361,2020,12,4,Air Quality Indicator
741055,375,Nitrogen dioxide (NO2),Mean,ppb,UHF34,209,Bensonhurst - Bay Ridge,Winter 2020-21,2020-12-01,22.26082029,2020,12,4,Air Quality Indicator
740992,375,Nitrogen dioxide (NO2),Mean,ppb,UHF42,406,Fresh Meadows,Winter 2020-21,2020-12-01,20.00034982,2020,12,4,Air Quality Indicator
741244,375,Nitrogen dioxide (NO2),Mean,ppb,CD,317,East Flatbush (CD17),Winter 2020-21,2020-12-01,22.90000661,2020,12,4,Air Quality Indicator
742177,365,Fine particles (PM 2.5),Mean,mcg/m3,UHF42,106,High Bridge - Morrisania,Winter 2020-21,2020-12-01,6.588964424,2020,12,4,Air Quality Indicator
741223,375,Nitrogen dioxide (NO2),Mean,ppb,CD,310,Bay Ridge and Dyker Heights (CD10),Winter 2020-21,2020-12-01,22.37811751,2020,12,4,Air Quality Indicator
740974,375,Nitrogen dioxide (NO2),Mean,ppb,UHF42,310,Lower Manhattan,Winter 2020-21,2020-12-01,25.67305502,2020,12,4,Air Quality Indicator
741229,375,Nitrogen dioxide (NO2),Mean,ppb,CD,312,Borough Park (CD12),Winter 2020-21,2020-12-01,23.12209488,2020,12,4,Air Quality Indicator
740914,375,Nitrogen dioxide (NO2),Mean,ppb,UHF42,201,Greenpoint,Winter 2020-21,2020-12-01,24.77301172,2020,12,4,Air Quality Indicator
740953,375,Nitrogen dioxide (NO2),Mean,ppb,UHF42,303,East Harlem,Winter 2020-21,2020-12-01,22.03433662,2020,12,4,Air Quality Indicator
740908,375,Nitrogen dioxide (NO2),Mean,ppb,UHF42,106,High Bridge - Morrisania,Winter 2020-21,2020-12-01,21.49521979,2020,12,4,Air Quality Indicator
740926,375,Nitrogen dioxide (NO2),Mean,ppb,UHF42,205,Sunset Park,Winter 2020-21,2020-12-01,23.4109752,2020,12,4,Air Quality Indicator
742231,365,Fine particles (PM 2.5),Mean,mcg/m3,UHF42,306,Chelsea - Clinton,Winter 2020-21,2020-12-01,8.569511769,2020,12,4,Air Quality Indicator
741145,375,Nitrogen dioxide (NO2),Mean,ppb,CD,108,Upper East Side (CD8),Winter 2020-21,2020-12-01,24.05023118,2020,12,4,Air Quality Indicator
742429,365,Fine particles (PM 2.5),Mean,mcg/m3,CD,201,Mott Haven and Melrose (CD1),Winter 2020-21,2020-12-01,6.907172966,2020,12,4,Air Quality Indicator
742411,365,Fine particles (PM 2.5),Mean,mcg/m3,CD,107,Upper West Side (CD7),Winter 2020-21,2020-12-01,6.835727638,2020,12,4,Air Quality Indicator
742396,365,Fine particles (PM 2.5),Mean,mcg/m3,CD,102,Greenwich Village and Soho (CD2),Winter 2020-21,2020-12-01,8.601113901,2020,12,4,Air Quality Indicator
740920,375,Nitrogen dioxide (NO2),Mean,ppb,UHF42,203,Bedford Stuyvesant - Crown Heights,Winter 2020-21,2020-12-01,23.08848961,2020,12,4,Air Quality Indicator
742447,365,Fine particles (PM 2.5),Mean,mcg/m3,CD,207,Kingsbridge Heights and Bedford (CD7),Winter 2020-21,2020-12-01,6.485340479,2020,12,4,Air Quality Indicator
742351,365,Fine particles (PM 2.5),Mean,mcg/m3,UHF34,403,Flushing - Clearview,Winter 2020-21,2020-12-01,6.500092537,2020,12,4,Air Quality Indicator
742462,365,Fine particles (PM 2.5),Mean,mcg/m3,CD,212,Williamsbridge and Baychester (CD12),Winter 2020-21,2020-12-01,6.301807275,2020,12,4,Air Quality Indicator
741256,375,Nitrogen dioxide (NO2),Mean,ppb,CD,403,Jackson Heights (CD3),Winter 2020-21,2020-12-01,21.53392361,2020,12,4,Air Quality Indicator
742456,365,Fine particles (PM 2.5),Mean,mcg/m3,CD,210,Throgs Neck and Co-op City (CD10),Winter 2020-21,2020-12-01,6.470316844,2020,12,4,Air Quality Indicator
742219,365,Fine particles (PM 2.5),Mean,mcg/m3,UHF42,302,Central Harlem - Morningside Heights,Winter 2020-21,2020-12-01,6.741867749,2020,12,4,Air Quality Indicator
742369,365,Fine particles (PM 2.5),Mean,mcg/m3,UHF34,305307,Upper East Side-Gramercy,Winter 2020-21,2020-12-01,7.657733693,2020,12,4,Air Quality Indicator
742372,365,Fine particles (PM 2.5),Mean,mcg/m3,UHF34,306308,Chelsea-Village,Winter 2020-21,2020-12-01,8.502505784,2020,12,4,Air Quality Indicator
742297,365,Fine particles (PM 2.5),Mean,mcg/m3,UHF34,104,Pelham - Throgs Neck,Winter 2020-21,2020-12-01,6.555343892,2020,12,4,Air Quality Indicator
742339,365,Fine particles (PM 2.5),Mean,mcg/m3,UHF34,303,East Harlem,Winter 2020-21,2020-12-01,6.819499301,2020,12,4,Air Quality Indicator
740959,375,Nitrogen dioxide (NO2),Mean,ppb,UHF42,305,Upper East Side,Winter 2020-21,2020-12-01,23.9994318,2020,12,4,Air Quality Indicator
741058,375,Nitrogen dioxide (NO2),Mean,ppb,UHF34,210,Coney Island - Sheepshead Bay,Winter 2020-21,2020-12-01,21.64803485,2020,12,4,Air Quality Indicator
741166,375,Nitrogen dioxide (NO2),Mean,ppb,CD,203,Morrisania and Crotona (CD3),Winter 2020-21,2020-12-01,20.81815074,2020,12,4,Air Quality Indicator
741298,375,Nitrogen dioxide (NO2),Mean,ppb,CD,503,Tottenville and Great Kills (CD3),Winter 2020-21,2020-12-01,17.36374437,2020,12,4,Air Quality Indicator
742171,365,Fine particles (PM 2.5),Mean,mcg/m3,UHF42,104,Pelham - Throgs Neck,Winter 2020-21,2020-12-01,6.555343892,2020,12,4,Air Quality Indicator
741046,375,Nitrogen dioxide (NO2),Mean,ppb,UHF34,206,Borough Park,Winter 2020-21,2020-12-01,23.00687944,2020,12,4,Air Quality Indicator
742213,365,Fine particles (PM 2.5),Mean,mcg/m3,UHF42,211,Williamsburg - Bushwick,Winter 2020-21,2020-12-01,7.491394425,2020,12,4,Air Quality Indicator
742288,365,Fine particles (PM 2.5),Mean,mcg/m3,UHF34,101,Kingsbridge - Riverdale,Winter 2020-21,2020-12-01,6.366259841,2020,12,4,Air Quality Indicator
741001,375,Nitrogen dioxide (NO2),Mean,ppb,UHF42,409,Southeast Queens,Winter 2020-21,2020-12-01,19.77808481,2020,12,4,Air Quality Indicator
740932,375,Nitrogen dioxide (NO2),Mean,ppb,UHF42,207,East Flatbush - Flatbush,Winter 2020-21,2020-12-01,22.76288546,2020,12,4,Air Quality Indicator
742180,365,Fine particles (PM 2.5),Mean,mcg/m3,UHF42,107,Hunts Point - Mott Haven,Winter 2020-21,2020-12-01,7.055217343,2020,12,4,Air Quality Indicator
742393,365,Fine particles (PM 2.5),Mean,mcg/m3,CD,101,Financial District (CD1),Winter 2020-21,2020-12-01,7.789747939,2020,12,4,Air Quality Indicator
742540,365,Fine particles (PM 2.5),Mean,mcg/m3,CD,408,Hillcrest and Fresh Meadows (CD8),Winter 2020-21,2020-12-01,6.455631485,2020,12,4,Air Quality Indicator
742444,365,Fine particles (PM 2.5),Mean,mcg/m3,CD,206,Belmont and East Tremont (CD6),Winter 2020-21,2020-12-01,6.73846038,2020,12,4,Air Quality Indicator
742327,365,Fine particles (PM 2.5),Mean,mcg/m3,UHF34,210,Coney Island - Sheepshead Bay,Winter 2020-21,2020-12-01,6.581753595,2020,12,4,Air Quality Indicator
741073,375,Nitrogen dioxide (NO2),Mean,ppb,UHF34,304,Upper West Side,Winter 2020-21,2020-12-01,22.8081457,2020,12,4,Air Quality Indicator
741118,375,Nitrogen dioxide (NO2),Mean,ppb,UHF34,105106107,South Bronx,Winter 2020-21,2020-12-01,21.48186462,2020,12,4,Air Quality Indicator
741028,375,Nitrogen dioxide (NO2),Mean,ppb,UHF34,104,Pelham - Throgs Neck,Winter 2020-21,2020-12-01,19.5542201,2020,12,4,Air Quality Indicator
742417,365,Fine particles (PM 2.5),Mean,mcg/m3,CD,109,Morningside Heights and Hamilton Heights (CD9),Winter 2020-21,2020-12-01,6.755322078,2020,12,4,Air Quality Indicator
741169,375,Nitrogen dioxide (NO2),Mean,ppb,CD,204,Highbridge and Concourse (CD4),Winter 2020-21,2020-12-01,21.50564741,2020,12,4,Air Quality Indicator
742438,365,Fine particles (PM 2.5),Mean,mcg/m3,CD,204,Highbridge and Concourse (CD4),Winter 2020-21,2020-12-01,6.621893635,2020,12,4,Air Quality Indicator
742408,365,Fine particles (PM 2.5),Mean,mcg/m3,CD,106,Stuyvesant Town and Turtle Bay (CD6),Winter 2020-21,2020-12-01,7.985021676,2020,12,4,Air Quality Indicator
742474,365,Fine particles (PM 2.5),Mean,mcg/m3,CD,304,Bushwick (CD4),Winter 2020-21,2020-12-01,7.060204773,2020,12,4,Air Quality Indicator
741082,375,Nitrogen dioxide (NO2),Mean,ppb,UHF34,403,Flushing - Clearview,Winter 2020-21,2020-12-01,20.06197741,2020,12,4,Air Quality Indicator
741025,375,Nitrogen dioxide (NO2),Mean,ppb,UHF34,103,Fordham - Bronx Pk,Winter 2020-21,2020-12-01,19.32926512,2020,12,4,Air Quality Indicator
742567,365,Fine particles (PM 2.5),Mean,mcg/m3,CD,503,Tottenville and Great Kills (CD3),Winter 2020-21,2020-12-01,6.501186679,2020,12,4,Air Quality Indicator
742159,365,Fine particles (PM 2.5),Mean,mcg/m3,Borough,5,Staten Island,Winter 2020-21,2020-12-01,6.511465052,2020,12,4,Air Quality Indicator
741061,375,Nitrogen dioxide (NO2),Mean,ppb,UHF34,211,Williamsburg - Bushwick,Winter 2020-21,2020-12-01,24.12098756,2020,12,4,Air Quality Indicator
741070,375,Nitrogen dioxide (NO2),Mean,ppb,UHF34,303,East Harlem,Winter 2020-21,2020-12-01,22.03433662,2020,12,4,Air Quality Indicator
741037,375,Nitrogen dioxide (NO2),Mean,ppb,UHF34,203,Bedford Stuyvesant - Crown Heights,Winter 2020-21,2020-12-01,23.08848961,2020,12,4,Air Quality Indicator
742312,365,Fine particles (PM 2.5),Mean,mcg/m3,UHF34,205,Sunset Park,Winter 2020-21,2020-12-01,7.273208462,2020,12,4,Air Quality Indicator
742495,365,Fine particles (PM 2.5),Mean,mcg/m3,CD,311,Bensonhurst (CD11),Winter 2020-21,2020-12-01,6.625950393,2020,12,4,Air Quality Indicator
740881,375,Nitrogen dioxide (NO2),Mean,ppb,Borough,2,Brooklyn,Winter 2020-21,2020-12-01,22.73678664,2020,12,4,Air Quality Indicator
742204,365,Fine particles (PM 2.5),Mean,mcg/m3,UHF42,208,Canarsie - Flatlands,Winter 2020-21,2020-12-01,6.551944631,2020,12,4,Air Quality Indicator
742489,365,Fine particles (PM 2.5),Mean,mcg/m3,CD,309,South Crown Heights and Lefferts Gardens (CD9),Winter 2020-21,2020-12-01,6.66773164,2020,12,4,Air Quality Indicator
742423,365,Fine particles (PM 2.5),Mean,mcg/m3,CD,111,East Harlem (CD11),Winter 2020-21,2020-12-01,6.821440653,2020,12,4,Air Quality Indicator
742432,365,Fine particles (PM 2.5),Mean,mcg/m3,CD,202,Hunts Point and Longwood (CD2),Winter 2020-21,2020-12-01,7.413674015,2020,12,4,Air Quality Indicator
742459,365,Fine particles (PM 2.5),Mean,mcg/m3,CD,211,Morris Park and Bronxdale (CD11),Winter 2020-21,2020-12-01,6.422725796,2020,12,4,Air Quality Indicator
742294,365,Fine particles (PM 2.5),Mean,mcg/m3,UHF34,103,Fordham - Bronx Pk,Winter 2020-21,2020-12-01,6.408438312,2020,12,4,Air Quality Indicator
742453,365,Fine particles (PM 2.5),Mean,mcg/m3,CD,209,Parkchester and Soundview (CD9),Winter 2020-21,2020-12-01,6.67587762,2020,12,4,Air Quality Indicator
742381,365,Fine particles (PM 2.5),Mean,mcg/m3,UHF34,501502,Northern SI,Winter 2020-21,2020-12-01,6.542620129,2020,12,4,Air Quality Indicator
741148,375,Nitrogen dioxide (NO2),Mean,ppb,CD,109,Morningside Heights and Hamilton Heights (CD9),Winter 2020-21,2020-12-01,21.53274518,2020,12,4,Air Quality Indicator
742558,365,Fine particles (PM 2.5),Mean,mcg/m3,CD,414,Rockaway and Broad Channel (CD14),Winter 2020-21,2020-12-01,6.33109299,2020,12,4,Air Quality Indicator
742477,365,Fine particles (PM 2.5),Mean,mcg/m3,CD,305,East New York and Starrett City (CD5),Winter 2020-21,2020-12-01,6.771351516,2020,12,4,Air Quality Indicator
741019,375,Nitrogen dioxide (NO2),Mean,ppb,UHF34,101,Kingsbridge - Riverdale,Winter 2020-21,2020-12-01,18.02258258,2020,12,4,Air Quality Indicator
742510,365,Fine particles (PM 2.5),Mean,mcg/m3,CD,316,Brownsville (CD16),Winter 2020-21,2020-12-01,6.733893336,2020,12,4,Air Quality Indicator
741079,375,Nitrogen dioxide (NO2),Mean,ppb,UHF34,402,West Queens,Winter 2020-21,2020-12-01,22.91679062,2020,12,4,Air Quality Indicator
741067,375,Nitrogen dioxide (NO2),Mean,ppb,UHF34,302,Central Harlem - Morningside Heights,Winter 2020-21,2020-12-01,21.81898634,2020,12,4,Air Quality Indicator
741088,375,Nitrogen dioxide (NO2),Mean,ppb,UHF34,407,Southwest Queens,Winter 2020-21,2020-12-01,21.28584552,2020,12,4,Air Quality Indicator
742507,365,Fine particles (PM 2.5),Mean,mcg/m3,CD,315,Sheepshead Bay (CD15),Winter 2020-21,2020-12-01,6.578671948,2020,12,4,Air Quality Indicator
742186,365,Fine particles (PM 2.5),Mean,mcg/m3,UHF42,202,Downtown - Heights - Slope,Winter 2020-21,2020-12-01,7.310411539,2020,12,4,Air Quality Indicator
741100,375,Nitrogen dioxide (NO2),Mean,ppb,UHF34,305307,Upper East Side-Gramercy,Winter 2020-21,2020-12-01,25.40715528,2020,12,4,Air Quality Indicator
741103,375,Nitrogen dioxide (NO2),Mean,ppb,UHF34,306308,Chelsea-Village,Winter 2020-21,2020-12-01,26.27910353,2020,12,4,Air Quality Indicator
742264,365,Fine particles (PM 2.5),Mean,mcg/m3,UHF42,407,Southwest Queens,Winter 2020-21,2020-12-01,6.524448009,2020,12,4,Air Quality Indicator
669710,365,Fine particles (PM 2.5),Mean,mcg/m3,UHF34,101,Kingsbridge - Riverdale,Summer 2020,2020-06-01,7.22,2020,6,2,Air Quality Indicator
667605,375,Nitrogen dioxide (NO2),Mean,ppb,CD,203,Morrisania and Crotona (CD3),Summer 2020,2020-06-01,13.96,2020,6,2,Air Quality Indicator
670955,386,Ozone (O3),Mean,ppb,UHF42,307,Gramercy Park - Murray Hill,Summer 2020,2020-06-01,27.65,2020,6,2,Air Quality Indicator
667611,375,Nitrogen dioxide (NO2),Mean,ppb,CD,204,Highbridge and Concourse (CD4),Summer 2020,2020-06-01,14.92,2020,6,2,Air Quality Indicator
667437,375,Nitrogen dioxide (NO2),Mean,ppb,UHF34,403,Flushing - Clearview,Summer 2020,2020-06-01,11.03,2020,6,2,Air Quality Indicator
669939,365,Fine particles (PM 2.5),Mean,mcg/m3,CD,402,Woodside and Sunnyside (CD2),Summer 2020,2020-06-01,7.9,2020,6,2,Air Quality Indicator
669689,365,Fine particles (PM 2.5),Mean,mcg/m3,UHF34,204,East New York,Summer 2020,2020-06-01,6.89,2020,6,2,Air Quality Indicator
667527,375,Nitrogen dioxide (NO2),Mean,ppb,CD,102,Greenwich Village and Soho (CD2),Summer 2020,2020-06-01,16.16,2020,6,2,Air Quality Indicator
669632,365,Fine particles (PM 2.5),Mean,mcg/m3,UHF34,410,Rockaways,Summer 2020,2020-06-01,6.27,2020,6,2,Air Quality Indicator
670950,386,Ozone (O3),Mean,ppb,UHF42,402,West Queens,Summer 2020,2020-06-01,30.94,2020,6,2,Air Quality Indicator
667047,375,Nitrogen dioxide (NO2),Mean,ppb,Borough,4,Queens,Summer 2020,2020-06-01,10.0,2020,6,2,Air Quality Indicator
669830,365,Fine particles (PM 2.5),Mean,mcg/m3,UHF42,103,Fordham - Bronx Pk,Summer 2020,2020-06-01,7.22,2020,6,2,Air Quality Indicator
669611,365,Fine particles (PM 2.5),Mean,mcg/m3,UHF34,105106107,South Bronx,Summer 2020,2020-06-01,7.39,2020,6,2,Air Quality Indicator
670930,386,Ozone (O3),Mean,ppb,UHF34,204,East New York,Summer 2020,2020-06-01,29.48,2020,6,2,Air Quality Indicator
669924,365,Fine particles (PM 2.5),Mean,mcg/m3,CD,315,Sheepshead Bay (CD15),Summer 2020,2020-06-01,6.53,2020,6,2,Air Quality Indicator
669897,365,Fine particles (PM 2.5),Mean,mcg/m3,CD,306,Park Slope and Carroll Gardens (CD6),Summer 2020,2020-06-01,7.52,2020,6,2,Air Quality Indicator
670948,386,Ozone (O3),Mean,ppb,UHF42,404,Bayside - Little Neck,Summer 2020,2020-06-01,30.45,2020,6,2,Air Quality Indicator
670935,386,Ozone (O3),Mean,ppb,UHF34,103,Fordham - Bronx Pk,Summer 2020,2020-06-01,30.17,2020,6,2,Air Quality Indicator
670919,386,Ozone (O3),Mean,ppb,UHF34,304,Upper West Side,Summer 2020,2020-06-01,28.97,2020,6,2,Air Quality Indicator
667863,375,Nitrogen dioxide (NO2),Mean,ppb,CD,502,South Beach and Willowbrook (CD2),Summer 2020,2020-06-01,7.5,2020,6,2,Air Quality Indicator
667323,375,Nitrogen dioxide (NO2),Mean,ppb,UHF34,103,Fordham - Bronx Pk,Summer 2020,2020-06-01,13.15,2020,6,2,Air Quality Indicator
669788,365,Fine particles (PM 2.5),Mean,mcg/m3,UHF42,210,Coney Island - Sheepshead Bay,Summer 2020,2020-06-01,6.54,2020,6,2,Air Quality Indicator
667443,375,Nitrogen dioxide (NO2),Mean,ppb,UHF34,405,Ridgewood - Forest Hills,Summer 2020,2020-06-01,10.49,2020,6,2,Air Quality Indicator
669749,365,Fine particles (PM 2.5),Mean,mcg/m3,UHF42,402,West Queens,Summer 2020,2020-06-01,7.37,2020,6,2,Air Quality Indicator
667119,375,Nitrogen dioxide (NO2),Mean,ppb,UHF42,204,East New York,Summer 2020,2020-06-01,10.42,2020,6,2,Air Quality Indicator
667395,375,Nitrogen dioxide (NO2),Mean,ppb,UHF34,211,Williamsburg - Bushwick,Summer 2020,2020-06-01,13.24,2020,6,2,Air Quality Indicator
667257,375,Nitrogen dioxide (NO2),Mean,ppb,UHF42,406,Fresh Meadows,Summer 2020,2020-06-01,9.49,2020,6,2,Air Quality Indicator
670894,386,Ozone (O3),Mean,ppb,CD,109,Morningside Heights and Hamilton Heights (CD9),Summer 2020,2020-06-01,29.42,2020,6,2,Air Quality Indicator
671117,386,Ozone (O3),Mean,ppb,CD,307,Sunset Park (CD7),Summer 2020,2020-06-01,28.86,2020,6,2,Air Quality Indicator
667065,375,Nitrogen dioxide (NO2),Mean,ppb,UHF42,102,Northeast Bronx,Summer 2020,2020-06-01,13.0,2020,6,2,Air Quality Indicator
669617,365,Fine particles (PM 2.5),Mean,mcg/m3,UHF34,501502,Northern SI,Summer 2020,2020-06-01,6.67,2020,6,2,Air Quality Indicator
670882,386,Ozone (O3),Mean,ppb,CD,209,Parkchester and Soundview (CD9),Summer 2020,2020-06-01,31.72,2020,6,2,Air Quality Indicator
671093,386,Ozone (O3),Mean,ppb,CD,413,Queens Village (CD13),Summer 2020,2020-06-01,30.02,2020,6,2,Air Quality Indicator
667455,375,Nitrogen dioxide (NO2),Mean,ppb,UHF34,408,Jamaica,Summer 2020,2020-06-01,9.35,2020,6,2,Air Quality Indicator
667203,375,Nitrogen dioxide (NO2),Mean,ppb,UHF42,307,Gramercy Park - Murray Hill,Summer 2020,2020-06-01,19.72,2020,6,2,Air Quality Indicator
667617,375,Nitrogen dioxide (NO2),Mean,ppb,CD,205,Fordham and University Heights (CD5),Summer 2020,2020-06-01,15.18,2020,6,2,Air Quality Indicator
667155,375,Nitrogen dioxide (NO2),Mean,ppb,UHF42,210,Coney Island - Sheepshead Bay,Summer 2020,2020-06-01,8.92,2020,6,2,Air Quality Indicator
669680,365,Fine particles (PM 2.5),Mean,mcg/m3,UHF34,207,East Flatbush - Flatbush,Summer 2020,2020-06-01,6.76,2020,6,2,Air Quality Indicator
667647,375,Nitrogen dioxide (NO2),Mean,ppb,CD,210,Throgs Neck and Co-op City (CD10),Summer 2020,2020-06-01,11.58,2020,6,2,Air Quality Indicator
667419,375,Nitrogen dioxide (NO2),Mean,ppb,UHF34,304,Upper West Side,Summer 2020,2020-06-01,15.07,2020,6,2,Air Quality Indicator
670909,386,Ozone (O3),Mean,ppb,UHF34,306308,Chelsea-Village,Summer 2020,2020-06-01,28.06,2020,6,2,Air Quality Indicator
669608,365,Fine particles (PM 2.5),Mean,mcg/m3,Citywide,1,New York City,Summer 2020,2020-06-01,6.95,2020,6,2,Air Quality Indicator
670952,386,Ozone (O3),Mean,ppb,UHF42,310,Lower Manhattan,Summer 2020,2020-06-01,27.71,2020,6,2,Air Quality Indicator
667197,375,Nitrogen dioxide (NO2),Mean,ppb,UHF42,306,Chelsea - Clinton,Summer 2020,2020-06-01,19.29,2020,6,2,Air Quality Indicator
669845,365,Fine particles (PM 2.5),Mean,mcg/m3,Borough,3,Manhattan,Summer 2020,2020-06-01,7.8,2020,6,2,Air Quality Indicator
669960,365,Fine particles (PM 2.5),Mean,mcg/m3,CD,409,Kew Gardens and Woodhaven (CD9),Summer 2020,2020-06-01,6.84,2020,6,2,Air Quality Indicator
667827,375,Nitrogen dioxide (NO2),Mean,ppb,CD,410,South Ozone Park and Howard Beach (CD10),Summer 2020,2020-06-01,8.99,2020,6,2,Air Quality Indicator
669933,365,Fine particles (PM 2.5),Mean,mcg/m3,CD,318,Flatlands and Canarsie (CD18),Summer 2020,2020-06-01,6.57,2020,6,2,Air Quality Indicator
669948,365,Fine particles (PM 2.5),Mean,mcg/m3,CD,405,Ridgewood and Maspeth (CD5),Summer 2020,2020-06-01,7.15,2020,6,2,Air Quality Indicator
669605,365,Fine particles (PM 2.5),Mean,mcg/m3,CD,101,Financial District (CD1),Summer 2020,2020-06-01,7.91,2020,6,2,Air Quality Indicator
670934,386,Ozone (O3),Mean,ppb,UHF34,104,Pelham - Throgs Neck,Summer 2020,2020-06-01,32.05,2020,6,2,Air Quality Indicator
667701,375,Nitrogen dioxide (NO2),Mean,ppb,CD,307,Sunset Park (CD7),Summer 2020,2020-06-01,11.85,2020,6,2,Air Quality Indicator
671115,386,Ozone (O3),Mean,ppb,CD,309,South Crown Heights and Lefferts Gardens (CD9),Summer 2020,2020-06-01,29.33,2020,6,2,Air Quality Indicator
669767,365,Fine particles (PM 2.5),Mean,mcg/m3,UHF42,306,Chelsea - Clinton,Summer 2020,2020-06-01,8.7,2020,6,2,Air Quality Indicator
669969,365,Fine particles (PM 2.5),Mean,mcg/m3,CD,412,Jamaica and Hollis (CD12),Summer 2020,2020-06-01,6.73,2020,6,2,Air Quality Indicator
669641,365,Fine particles (PM 2.5),Mean,mcg/m3,UHF34,407,Southwest Queens,Summer 2020,2020-06-01,6.69,2020,6,2,Air Quality Indicator
670945,386,Ozone (O3),Mean,ppb,UHF42,407,Southwest Queens,Summer 2020,2020-06-01,29.73,2020,6,2,Air Quality Indicator
669942,365,Fine particles (PM 2.5),Mean,mcg/m3,CD,403,Jackson Heights (CD3),Summer 2020,2020-06-01,7.12,2020,6,2,Air Quality Indicator
669653,365,Fine particles (PM 2.5),Mean,mcg/m3,UHF34,401,Long Island City - Astoria,Summer 2020,2020-06-01,7.76,2020,6,2,Air Quality Indicator
667089,375,Nitrogen dioxide (NO2),Mean,ppb,UHF42,106,High Bridge - Morrisania,Summer 2020,2020-06-01,14.75,2020,6,2,Air Quality Indicator
669794,365,Fine particles (PM 2.5),Mean,mcg/m3,UHF42,208,Canarsie - Flatlands,Summer 2020,2020-06-01,6.6,2020,6,2,Air Quality Indicator
669851,365,Fine particles (PM 2.5),Mean,mcg/m3,Borough,1,Bronx,Summer 2020,2020-06-01,7.24,2020,6,2,Air Quality Indicator
667377,375,Nitrogen dioxide (NO2),Mean,ppb,UHF34,208,Canarsie - Flatlands,Summer 2020,2020-06-01,8.63,2020,6,2,Air Quality Indicator
670949,386,Ozone (O3),Mean,ppb,UHF42,403,Flushing - Clearview,Summer 2020,2020-06-01,31.59,2020,6,2,Air Quality Indicator
667239,375,Nitrogen dioxide (NO2),Mean,ppb,UHF42,403,Flushing - Clearview,Summer 2020,2020-06-01,11.03,2020,6,2,Air Quality Indicator
669848,365,Fine particles (PM 2.5),Mean,mcg/m3,Borough,2,Brooklyn,Summer 2020,2020-06-01,6.94,2020,6,2,Air Quality Indicator
667743,375,Nitrogen dioxide (NO2),Mean,ppb,CD,314,Flatbush and Midwood (CD14),Summer 2020,2020-06-01,10.3,2020,6,2,Air Quality Indicator
667371,375,Nitrogen dioxide (NO2),Mean,ppb,UHF34,207,East Flatbush - Flatbush,Summer 2020,2020-06-01,10.66,2020,6,2,Air Quality Indicator
667671,375,Nitrogen dioxide (NO2),Mean,ppb,CD,302,Fort Greene and Brooklyn Heights (CD2),Summer 2020,2020-06-01,13.0,2020,6,2,Air Quality Indicator
670983,386,Ozone (O3),Mean,ppb,Borough,2,Brooklyn,Summer 2020,2020-06-01,29.69,2020,6,2,Air Quality Indicator
670979,386,Ozone (O3),Mean,ppb,UHF42,101,Kingsbridge - Riverdale,Summer 2020,2020-06-01,28.49,2020,6,2,Air Quality Indicator
669638,365,Fine particles (PM 2.5),Mean,mcg/m3,UHF34,408,Jamaica,Summer 2020,2020-06-01,6.73,2020,6,2,Air Quality Indicator
671095,386,Ozone (O3),Mean,ppb,CD,411,Bayside and Little Neck (CD11),Summer 2020,2020-06-01,30.66,2020,6,2,Air Quality Indicator
670891,386,Ozone (O3),Mean,ppb,CD,112,Washington Heights and Inwood (CD12),Summer 2020,2020-06-01,28.66,2020,6,2,Air Quality Indicator
667641,375,Nitrogen dioxide (NO2),Mean,ppb,CD,209,Parkchester and Soundview (CD9),Summer 2020,2020-06-01,12.72,2020,6,2,Air Quality Indicator
669867,365,Fine particles (PM 2.5),Mean,mcg/m3,CD,208,Riverdale and Fieldston (CD8),Summer 2020,2020-06-01,7.21,2020,6,2,Air Quality Indicator
671091,386,Ozone (O3),Mean,ppb,CD,501,St. George and Stapleton (CD1),Summer 2020,2020-06-01,27.39,2020,6,2,Air Quality Indicator
670926,386,Ozone (O3),Mean,ppb,UHF34,208,Canarsie - Flatlands,Summer 2020,2020-06-01,30.36,2020,6,2,Air Quality Indicator
669839,365,Fine particles (PM 2.5),Mean,mcg/m3,Borough,5,Staten Island,Summer 2020,2020-06-01,6.58,2020,6,2,Air Quality Indicator
667299,375,Nitrogen dioxide (NO2),Mean,ppb,UHF42,503,Willowbrook,Summer 2020,2020-06-01,7.84,2020,6,2,Air Quality Indicator
669776,365,Fine particles (PM 2.5),Mean,mcg/m3,UHF42,303,East Harlem,Summer 2020,2020-06-01,7.27,2020,6,2,Air Quality Indicator
670890,386,Ozone (O3),Mean,ppb,CD,201,Mott Haven and Melrose (CD1),Summer 2020,2020-06-01,30.55,2020,6,2,Air Quality Indicator
667317,375,Nitrogen dioxide (NO2),Mean,ppb,UHF34,102,Northeast Bronx,Summer 2020,2020-06-01,13.0,2020,6,2,Air Quality Indicator
667695,375,Nitrogen dioxide (NO2),Mean,ppb,CD,306,Park Slope and Carroll Gardens (CD6),Summer 2020,2020-06-01,12.95,2020,6,2,Air Quality Indicator
670910,386,Ozone (O3),Mean,ppb,UHF34,305307,Upper East Side-Gramercy,Summer 2020,2020-06-01,28.53,2020,6,2,Air Quality Indicator
669578,365,Fine particles (PM 2.5),Mean,mcg/m3,CD,110,Central Harlem (CD10),Summer 2020,2020-06-01,7.38,2020,6,2,Air Quality Indicator
670937,386,Ozone (O3),Mean,ppb,UHF34,101,Kingsbridge - Riverdale,Summer 2020,2020-06-01,28.49,2020,6,2,Air Quality Indicator
670901,386,Ozone (O3),Mean,ppb,CD,102,Greenwich Village and Soho (CD2),Summer 2020,2020-06-01,28.54,2020,6,2,Air Quality Indicator
669614,365,Fine particles (PM 2.5),Mean,mcg/m3,UHF34,503504,Southern SI,Summer 2020,2020-06-01,6.55,2020,6,2,Air Quality Indicator
669770,365,Fine particles (PM 2.5),Mean,mcg/m3,UHF42,305,Upper East Side,Summer 2020,2020-06-01,7.44,2020,6,2,Air Quality Indicator
669954,365,Fine particles (PM 2.5),Mean,mcg/m3,CD,407,Flushing and Whitestone (CD7),Summer 2020,2020-06-01,7.06,2020,6,2,Air Quality Indicator
667401,375,Nitrogen dioxide (NO2),Mean,ppb,UHF34,301,Washington Heights,Summer 2020,2020-06-01,14.03,2020,6,2,Air Quality Indicator
669761,365,Fine particles (PM 2.5),Mean,mcg/m3,UHF42,308,Greenwich Village - SoHo,Summer 2020,2020-06-01,8.45,2020,6,2,Air Quality Indicator
669824,365,Fine particles (PM 2.5),Mean,mcg/m3,UHF42,105,Crotona -Tremont,Summer 2020,2020-06-01,7.34,2020,6,2,Air Quality Indicator
670944,386,Ozone (O3),Mean,ppb,UHF42,408,Jamaica,Summer 2020,2020-06-01,29.47,2020,6,2,Air Quality Indicator
669870,365,Fine particles (PM 2.5),Mean,mcg/m3,CD,209,Parkchester and Soundview (CD9),Summer 2020,2020-06-01,7.2,2020,6,2,Air Quality Indicator
669978,365,Fine particles (PM 2.5),Mean,mcg/m3,CD,501,St. George and Stapleton (CD1),Summer 2020,2020-06-01,6.74,2020,6,2,Air Quality Indicator
670977,386,Ozone (O3),Mean,ppb,UHF42,103,Fordham - Bronx Pk,Summer 2020,2020-06-01,30.17,2020,6,2,Air Quality Indicator
669764,365,Fine particles (PM 2.5),Mean,mcg/m3,UHF42,307,Gramercy Park - Murray Hill,Summer 2020,2020-06-01,8.4,2020,6,2,Air Quality Indicator
667227,375,Nitrogen dioxide (NO2),Mean,ppb,UHF42,401,Long Island City - Astoria,Summer 2020,2020-06-01,14.24,2020,6,2,Air Quality Indicator
669797,365,Fine particles (PM 2.5),Mean,mcg/m3,UHF42,207,East Flatbush - Flatbush,Summer 2020,2020-06-01,6.76,2020,6,2,Air Quality Indicator
667341,375,Nitrogen dioxide (NO2),Mean,ppb,UHF34,202,Downtown - Heights - Slope,Summer 2020,2020-06-01,12.96,2020,6,2,Air Quality Indicator
670957,386,Ozone (O3),Mean,ppb,UHF42,305,Upper East Side,Summer 2020,2020-06-01,29.3,2020,6,2,Air Quality Indicator
667569,375,Nitrogen dioxide (NO2),Mean,ppb,CD,109,Morningside Heights and Hamilton Heights (CD9),Summer 2020,2020-06-01,14.28,2020,6,2,Air Quality Indicator
667431,375,Nitrogen dioxide (NO2),Mean,ppb,UHF34,402,West Queens,Summer 2020,2020-06-01,12.85,2020,6,2,Air Quality Indicator
669791,365,Fine particles (PM 2.5),Mean,mcg/m3,UHF42,209,Bensonhurst - Bay Ridge,Summer 2020,2020-06-01,6.69,2020,6,2,Air Quality Indicator
667131,375,Nitrogen dioxide (NO2),Mean,ppb,UHF42,206,Borough Park,Summer 2020,2020-06-01,10.74,2020,6,2,Air Quality Indicator
667329,375,Nitrogen dioxide (NO2),Mean,ppb,UHF34,104,Pelham - Throgs Neck,Summer 2020,2020-06-01,12.14,2020,6,2,Air Quality Indicator
670959,386,Ozone (O3),Mean,ppb,UHF42,303,East Harlem,Summer 2020,2020-06-01,30.19,2020,6,2,Air Quality Indicator
669620,365,Fine particles (PM 2.5),Mean,mcg/m3,UHF34,404406,Bayside Little Neck-Fresh Meadows,Summer 2020,2020-06-01,6.71,2020,6,2,Air Quality Indicator
667761,375,Nitrogen dioxide (NO2),Mean,ppb,CD,317,East Flatbush (CD17),Summer 2020,2020-06-01,10.82,2020,6,2,Air Quality Indicator
669728,365,Fine particles (PM 2.5),Mean,mcg/m3,UHF42,409,Southeast Queens,Summer 2020,2020-06-01,6.57,2020,6,2,Air Quality Indicator
670885,386,Ozone (O3),Mean,ppb,CD,206,Belmont and East Tremont (CD6),Summer 2020,2020-06-01,30.44,2020,6,2,Air Quality Indicator
670899,386,Ozone (O3),Mean,ppb,CD,104,Clinton and Chelsea (CD4),Summer 2020,2020-06-01,28.42,2020,6,2,Air Quality Indicator
669692,365,Fine particles (PM 2.5),Mean,mcg/m3,UHF34,203,Bedford Stuyvesant - Crown Heights,Summer 2020,2020-06-01,6.98,2020,6,2,Air Quality Indicator
667707,375,Nitrogen dioxide (NO2),Mean,ppb,CD,308,Crown Heights and Prospect Heights (CD8),Summer 2020,2020-06-01,11.78,2020,6,2,Air Quality Indicator
667059,375,Nitrogen dioxide (NO2),Mean,ppb,UHF42,101,Kingsbridge - Riverdale,Summer 2020,2020-06-01,12.22,2020,6,2,Air Quality Indicator
667305,375,Nitrogen dioxide (NO2),Mean,ppb,UHF42,504,South Beach - Tottenville,Summer 2020,2020-06-01,7.29,2020,6,2,Air Quality Indicator
667539,375,Nitrogen dioxide (NO2),Mean,ppb,CD,104,Clinton and Chelsea (CD4),Summer 2020,2020-06-01,17.82,2020,6,2,Air Quality Indicator
667209,375,Nitrogen dioxide (NO2),Mean,ppb,UHF42,308,Greenwich Village - SoHo,Summer 2020,2020-06-01,16.22,2020,6,2,Air Quality Indicator
671105,386,Ozone (O3),Mean,ppb,CD,401,Long Island City and Astoria (CD1),Summer 2020,2020-06-01,31.83,2020,6,2,Air Quality Indicator
667479,375,Nitrogen dioxide (NO2),Mean,ppb,UHF34,306308,Chelsea-Village,Summer 2020,2020-06-01,18.26,2020,6,2,Air Quality Indicator
669906,365,Fine particles (PM 2.5),Mean,mcg/m3,CD,309,South Crown Heights and Lefferts Gardens (CD9),Summer 2020,2020-06-01,6.83,2020,6,2,Air Quality Indicator
670942,386,Ozone (O3),Mean,ppb,UHF42,410,Rockaways,Summer 2020,2020-06-01,31.49,2020,6,2,Air Quality Indicator
670960,386,Ozone (O3),Mean,ppb,UHF42,302,Central Harlem - Morningside Heights,Summer 2020,2020-06-01,29.52,2020,6,2,Air Quality Indicator
671103,386,Ozone (O3),Mean,ppb,CD,403,Jackson Heights (CD3),Summer 2020,2020-06-01,31.61,2020,6,2,Air Quality Indicator
667347,375,Nitrogen dioxide (NO2),Mean,ppb,UHF34,203,Bedford Stuyvesant - Crown Heights,Summer 2020,2020-06-01,11.59,2020,6,2,Air Quality Indicator
667473,375,Nitrogen dioxide (NO2),Mean,ppb,UHF34,305307,Upper East Side-Gramercy,Summer 2020,2020-06-01,17.92,2020,6,2,Air Quality Indicator
667161,375,Nitrogen dioxide (NO2),Mean,ppb,UHF42,211,Williamsburg - Bushwick,Summer 2020,2020-06-01,13.24,2020,6,2,Air Quality Indicator
667149,375,Nitrogen dioxide (NO2),Mean,ppb,UHF42,209,Bensonhurst - Bay Ridge,Summer 2020,2020-06-01,9.8,2020,6,2,Air Quality Indicator
669623,365,Fine particles (PM 2.5),Mean,mcg/m3,UHF34,309310,Union Square-Lower Manhattan,Summer 2020,2020-06-01,8.02,2020,6,2,Air Quality Indicator
667767,375,Nitrogen dioxide (NO2),Mean,ppb,CD,318,Flatlands and Canarsie (CD18),Summer 2020,2020-06-01,8.61,2020,6,2,Air Quality Indicator
667185,375,Nitrogen dioxide (NO2),Mean,ppb,UHF42,304,Upper West Side,Summer 2020,2020-06-01,15.07,2020,6,2,Air Quality Indicator
669734,365,Fine particles (PM 2.5),Mean,mcg/m3,UHF42,407,Southwest Queens,Summer 2020,2020-06-01,6.69,2020,6,2,Air Quality Indicator
667821,375,Nitrogen dioxide (NO2),Mean,ppb,CD,409,Kew Gardens and Woodhaven (CD9),Summer 2020,2020-06-01,10.2,2020,6,2,Air Quality Indicator
669677,365,Fine particles (PM 2.5),Mean,mcg/m3,UHF34,208,Canarsie - Flatlands,Summer 2020,2020-06-01,6.6,2020,6,2,Air Quality Indicator
667845,375,Nitrogen dioxide (NO2),Mean,ppb,CD,413,Queens Village (CD13),Summer 2020,2020-06-01,8.42,2020,6,2,Air Quality Indicator
667599,375,Nitrogen dioxide (NO2),Mean,ppb,CD,202,Hunts Point and Longwood (CD2),Summer 2020,2020-06-01,14.77,2020,6,2,Air Quality Indicator
667563,375,Nitrogen dioxide (NO2),Mean,ppb,CD,108,Upper East Side (CD8),Summer 2020,2020-06-01,16.39,2020,6,2,Air Quality Indicator
667593,375,Nitrogen dioxide (NO2),Mean,ppb,CD,201,Mott Haven and Melrose (CD1),Summer 2020,2020-06-01,15.02,2020,6,2,Air Quality Indicator
667809,375,Nitrogen dioxide (NO2),Mean,ppb,CD,407,Flushing and Whitestone (CD7),Summer 2020,2020-06-01,11.06,2020,6,2,Air Quality Indicator
671114,386,Ozone (O3),Mean,ppb,CD,310,Bay Ridge and Dyker Heights (CD10),Summer 2020,2020-06-01,29.22,2020,6,2,Air Quality Indicator
667179,375,Nitrogen dioxide (NO2),Mean,ppb,UHF42,303,East Harlem,Summer 2020,2020-06-01,14.24,2020,6,2,Air Quality Indicator
669972,365,Fine particles (PM 2.5),Mean,mcg/m3,CD,413,Queens Village (CD13),Summer 2020,2020-06-01,6.58,2020,6,2,Air Quality Indicator
671112,386,Ozone (O3),Mean,ppb,CD,312,Borough Park (CD12),Summer 2020,2020-06-01,29.34,2020,6,2,Air Quality Indicator
669719,365,Fine particles (PM 2.5),Mean,mcg/m3,UHF42,502,Stapleton - St. George,Summer 2020,2020-06-01,6.56,2020,6,2,Air Quality Indicator
667359,375,Nitrogen dioxide (NO2),Mean,ppb,UHF34,205,Sunset Park,Summer 2020,2020-06-01,11.77,2020,6,2,Air Quality Indicator
669782,365,Fine particles (PM 2.5),Mean,mcg/m3,UHF42,301,Washington Heights,Summer 2020,2020-06-01,7.35,2020,6,2,Air Quality Indicator
671096,386,Ozone (O3),Mean,ppb,CD,410,South Ozone Park and Howard Beach (CD10),Summer 2020,2020-06-01,29.84,2020,6,2,Air Quality Indicator
671113,386,Ozone (O3),Mean,ppb,CD,311,Bensonhurst (CD11),Summer 2020,2020-06-01,30.22,2020,6,2,Air Quality Indicator
669894,365,Fine particles (PM 2.5),Mean,mcg/m3,CD,305,East New York and Starrett City (CD5),Summer 2020,2020-06-01,6.85,2020,6,2,Air Quality Indicator
667737,375,Nitrogen dioxide (NO2),Mean,ppb,CD,313,Coney Island (CD13),Summer 2020,2020-06-01,8.38,2020,6,2,Air Quality Indicator
667449,375,Nitrogen dioxide (NO2),Mean,ppb,UHF34,407,Southwest Queens,Summer 2020,2020-06-01,9.47,2020,6,2,Air Quality Indicator
671101,386,Ozone (O3),Mean,ppb,CD,405,Ridgewood and Maspeth (CD5),Summer 2020,2020-06-01,30.21,2020,6,2,Air Quality Indicator
669815,365,Fine particles (PM 2.5),Mean,mcg/m3,UHF42,201,Greenpoint,Summer 2020,2020-06-01,7.95,2020,6,2,Air Quality Indicator
667749,375,Nitrogen dioxide (NO2),Mean,ppb,CD,315,Sheepshead Bay (CD15),Summer 2020,2020-06-01,9.08,2020,6,2,Air Quality Indicator
670946,386,Ozone (O3),Mean,ppb,UHF42,406,Fresh Meadows,Summer 2020,2020-06-01,30.5,2020,6,2,Air Quality Indicator
669773,365,Fine particles (PM 2.5),Mean,mcg/m3,UHF42,304,Upper West Side,Summer 2020,2020-06-01,7.24,2020,6,2,Air Quality Indicator
669900,365,Fine particles (PM 2.5),Mean,mcg/m3,CD,307,Sunset Park (CD7),Summer 2020,2020-06-01,7.28,2020,6,2,Air Quality Indicator
670981,386,Ozone (O3),Mean,ppb,Borough,4,Queens,Summer 2020,2020-06-01,30.52,2020,6,2,Air Quality Indicator
671089,386,Ozone (O3),Mean,ppb,CD,503,Tottenville and Great Kills (CD3),Summer 2020,2020-06-01,29.67,2020,6,2,Air Quality Indicator
670971,386,Ozone (O3),Mean,ppb,UHF42,202,Downtown - Heights - Slope,Summer 2020,2020-06-01,28.79,2020,6,2,Air Quality Indicator
667833,375,Nitrogen dioxide (NO2),Mean,ppb,CD,411,Bayside and Little Neck (CD11),Summer 2020,2020-06-01,8.94,2020,6,2,Air Quality Indicator
667581,375,Nitrogen dioxide (NO2),Mean,ppb,CD,111,East Harlem (CD11),Summer 2020,2020-06-01,14.27,2020,6,2,Air Quality Indicator
667725,375,Nitrogen dioxide (NO2),Mean,ppb,CD,311,Bensonhurst (CD11),Summer 2020,2020-06-01,10.28,2020,6,2,Air Quality Indicator
669873,365,Fine particles (PM 2.5),Mean,mcg/m3,CD,210,Throgs Neck and Co-op City (CD10),Summer 2020,2020-06-01,7.08,2020,6,2,Air Quality Indicator
669572,365,Fine particles (PM 2.5),Mean,mcg/m3,CD,108,Upper East Side (CD8),Summer 2020,2020-06-01,7.45,2020,6,2,Air Quality Indicator
669945,365,Fine particles (PM 2.5),Mean,mcg/m3,CD,404,Elmhurst and Corona (CD4),Summer 2020,2020-06-01,7.12,2020,6,2,Air Quality Indicator
669635,365,Fine particles (PM 2.5),Mean,mcg/m3,UHF34,409,Southeast Queens,Summer 2020,2020-06-01,6.57,2020,6,2,Air Quality Indicator
669743,365,Fine particles (PM 2.5),Mean,mcg/m3,UHF42,404,Bayside - Little Neck,Summer 2020,2020-06-01,6.73,2020,6,2,Air Quality Indicator
667755,375,Nitrogen dioxide (NO2),Mean,ppb,CD,316,Brownsville (CD16),Summer 2020,2020-06-01,11.4,2020,6,2,Air Quality Indicator
667311,375,Nitrogen dioxide (NO2),Mean,ppb,UHF34,101,Kingsbridge - Riverdale,Summer 2020,2020-06-01,12.22,2020,6,2,Air Quality Indicator
670888,386,Ozone (O3),Mean,ppb,CD,203,Morrisania and Crotona (CD3),Summer 2020,2020-06-01,30.6,2020,6,2,Air Quality Indicator
669855,365,Fine particles (PM 2.5),Mean,mcg/m3,CD,204,Highbridge and Concourse (CD4),Summer 2020,2020-06-01,7.23,2020,6,2,Air Quality Indicator
669818,365,Fine particles (PM 2.5),Mean,mcg/m3,UHF42,107,Hunts Point - Mott Haven,Summer 2020,2020-06-01,7.52,2020,6,2,Air Quality Indicator
669891,365,Fine particles (PM 2.5),Mean,mcg/m3,CD,304,Bushwick (CD4),Summer 2020,2020-06-01,7.31,2020,6,2,Air Quality Indicator
670907,386,Ozone (O3),Mean,ppb,UHF34,404406,Bayside Little Neck-Fresh Meadows,Summer 2020,2020-06-01,30.47,2020,6,2,Air Quality Indicator
667095,375,Nitrogen dioxide (NO2),Mean,ppb,UHF42,107,Hunts Point - Mott Haven,Summer 2020,2020-06-01,14.29,2020,6,2,Air Quality Indicator
671122,386,Ozone (O3),Mean,ppb,CD,302,Fort Greene and Brooklyn Heights (CD2),Summer 2020,2020-06-01,28.93,2020,6,2,Air Quality Indicator
670921,386,Ozone (O3),Mean,ppb,UHF34,302,Central Harlem - Morningside Heights,Summer 2020,2020-06-01,29.52,2020,6,2,Air Quality Indicator
670889,386,Ozone (O3),Mean,ppb,CD,202,Hunts Point and Longwood (CD2),Summer 2020,2020-06-01,31.52,2020,6,2,Air Quality Indicator
670880,386,Ozone (O3),Mean,ppb,CD,211,Morris Park and Bronxdale (CD11),Summer 2020,2020-06-01,31.33,2020,6,2,Air Quality Indicator
669921,365,Fine particles (PM 2.5),Mean,mcg/m3,CD,314,Flatbush and Midwood (CD14),Summer 2020,2020-06-01,6.7,2020,6,2,Air Quality Indicator
667665,375,Nitrogen dioxide (NO2),Mean,ppb,CD,301,Greenpoint and Williamsburg (CD1),Summer 2020,2020-06-01,14.83,2020,6,2,Air Quality Indicator
670967,386,Ozone (O3),Mean,ppb,UHF42,206,Borough Park,Summer 2020,2020-06-01,29.38,2020,6,2,Air Quality Indicator
671094,386,Ozone (O3),Mean,ppb,CD,412,Jamaica and Hollis (CD12),Summer 2020,2020-06-01,29.45,2020,6,2,Air Quality Indicator
670956,386,Ozone (O3),Mean,ppb,UHF42,306,Chelsea - Clinton,Summer 2020,2020-06-01,27.83,2020,6,2,Air Quality Indicator
670974,386,Ozone (O3),Mean,ppb,UHF42,106,High Bridge - Morrisania,Summer 2020,2020-06-01,30.13,2020,6,2,Air Quality Indicator
667545,375,Nitrogen dioxide (NO2),Mean,ppb,CD,105,Midtown (CD5),Summer 2020,2020-06-01,21.93,2020,6,2,Air Quality Indicator
671111,386,Ozone (O3),Mean,ppb,CD,313,Coney Island (CD13),Summer 2020,2020-06-01,31.56,2020,6,2,Air Quality Indicator
670914,386,Ozone (O3),Mean,ppb,UHF34,407,Southwest Queens,Summer 2020,2020-06-01,29.73,2020,6,2,Air Quality Indicator
667281,375,Nitrogen dioxide (NO2),Mean,ppb,UHF42,410,Rockaways,Summer 2020,2020-06-01,5.96,2020,6,2,Air Quality Indicator
669927,365,Fine particles (PM 2.5),Mean,mcg/m3,CD,316,Brownsville (CD16),Summer 2020,2020-06-01,6.96,2020,6,2,Air Quality Indicator
667107,375,Nitrogen dioxide (NO2),Mean,ppb,UHF42,202,Downtown - Heights - Slope,Summer 2020,2020-06-01,12.96,2020,6,2,Air Quality Indicator
667815,375,Nitrogen dioxide (NO2),Mean,ppb,CD,408,Hillcrest and Fresh Meadows (CD8),Summer 2020,2020-06-01,9.26,2020,6,2,Air Quality Indicator
667191,375,Nitrogen dioxide (NO2),Mean,ppb,UHF42,305,Upper East Side,Summer 2020,2020-06-01,16.33,2020,6,2,Air Quality Indicator
669915,365,Fine particles (PM 2.5),Mean,mcg/m3,CD,312,Borough Park (CD12),Summer 2020,2020-06-01,6.78,2020,6,2,Air Quality Indicator
669951,365,Fine particles (PM 2.5),Mean,mcg/m3,CD,406,Rego Park and Forest Hills (CD6),Summer 2020,2020-06-01,6.82,2020,6,2,Air Quality Indicator
670917,386,Ozone (O3),Mean,ppb,UHF34,402,West Queens,Summer 2020,2020-06-01,30.94,2020,6,2,Air Quality Indicator
669704,365,Fine particles (PM 2.5),Mean,mcg/m3,UHF34,103,Fordham - Bronx Pk,Summer 2020,2020-06-01,7.22,2020,6,2,Air Quality Indicator
669563,365,Fine particles (PM 2.5),Mean,mcg/m3,CD,105,Midtown (CD5),Summer 2020,2020-06-01,9.19,2020,6,2,Air Quality Indicator
671108,386,Ozone (O3),Mean,ppb,CD,316,Brownsville (CD16),Summer 2020,2020-06-01,29.22,2020,6,2,Air Quality Indicator
670936,386,Ozone (O3),Mean,ppb,UHF34,102,Northeast Bronx,Summer 2020,2020-06-01,30.85,2020,6,2,Air Quality Indicator
669861,365,Fine particles (PM 2.5),Mean,mcg/m3,CD,206,Belmont and East Tremont (CD6),Summer 2020,2020-06-01,7.37,2020,6,2,Air Quality Indicator
670973,386,Ozone (O3),Mean,ppb,UHF42,107,Hunts Point - Mott Haven,Summer 2020,2020-06-01,31.49,2020,6,2,Air Quality Indicator
667731,375,Nitrogen dioxide (NO2),Mean,ppb,CD,312,Borough Park (CD12),Summer 2020,2020-06-01,10.94,2020,6,2,Air Quality Indicator
670951,386,Ozone (O3),Mean,ppb,UHF42,401,Long Island City - Astoria,Summer 2020,2020-06-01,30.96,2020,6,2,Air Quality Indicator
667509,375,Nitrogen dioxide (NO2),Mean,ppb,UHF34,105106107,South Bronx,Summer 2020,2020-06-01,14.49,2020,6,2,Air Quality Indicator
670922,386,Ozone (O3),Mean,ppb,UHF34,301,Washington Heights,Summer 2020,2020-06-01,28.84,2020,6,2,Air Quality Indicator
667779,375,Nitrogen dioxide (NO2),Mean,ppb,CD,402,Woodside and Sunnyside (CD2),Summer 2020,2020-06-01,14.58,2020,6,2,Air Quality Indicator
667839,375,Nitrogen dioxide (NO2),Mean,ppb,CD,412,Jamaica and Hollis (CD12),Summer 2020,2020-06-01,9.38,2020,6,2,Air Quality Indicator
669858,365,Fine particles (PM 2.5),Mean,mcg/m3,CD,205,Fordham and University Heights (CD5),Summer 2020,2020-06-01,7.3,2020,6,2,Air Quality Indicator
669644,365,Fine particles (PM 2.5),Mean,mcg/m3,UHF34,405,Ridgewood - Forest Hills,Summer 2020,2020-06-01,6.91,2020,6,2,Air Quality Indicator
669936,365,Fine particles (PM 2.5),Mean,mcg/m3,CD,401,Long Island City and Astoria (CD1),Summer 2020,2020-06-01,7.38,2020,6,2,Air Quality Indicator
669716,365,Fine particles (PM 2.5),Mean,mcg/m3,UHF42,503,Willowbrook,Summer 2020,2020-06-01,6.6,2020,6,2,Air Quality Indicator
669963,365,Fine particles (PM 2.5),Mean,mcg/m3,CD,410,South Ozone Park and Howard Beach (CD10),Summer 2020,2020-06-01,6.58,2020,6,2,Air Quality Indicator
669758,365,Fine particles (PM 2.5),Mean,mcg/m3,UHF42,309,Union Square - Lower East Side,Summer 2020,2020-06-01,8.1,2020,6,2,Air Quality Indicator
667137,375,Nitrogen dioxide (NO2),Mean,ppb,UHF42,207,East Flatbush - Flatbush,Summer 2020,2020-06-01,10.66,2020,6,2,Air Quality Indicator
669659,365,Fine particles (PM 2.5),Mean,mcg/m3,UHF34,303,East Harlem,Summer 2020,2020-06-01,7.27,2020,6,2,Air Quality Indicator
669803,365,Fine particles (PM 2.5),Mean,mcg/m3,UHF42,205,Sunset Park,Summer 2020,2020-06-01,7.27,2020,6,2,Air Quality Indicator
669755,365,Fine particles (PM 2.5),Mean,mcg/m3,UHF42,310,Lower Manhattan,Summer 2020,2020-06-01,7.83,2020,6,2,Air Quality Indicator
670976,386,Ozone (O3),Mean,ppb,UHF42,104,Pelham - Throgs Neck,Summer 2020,2020-06-01,32.05,2020,6,2,Air Quality Indicator
667497,375,Nitrogen dioxide (NO2),Mean,ppb,UHF34,501502,Northern SI,Summer 2020,2020-06-01,8.64,2020,6,2,Air Quality Indicator
670908,386,Ozone (O3),Mean,ppb,UHF34,309310,Union Square-Lower Manhattan,Summer 2020,2020-06-01,28.54,2020,6,2,Air Quality Indicator
669587,365,Fine particles (PM 2.5),Mean,mcg/m3,CD,201,Mott Haven and Melrose (CD1),Summer 2020,2020-06-01,7.48,2020,6,2,Air Quality Indicator
671120,386,Ozone (O3),Mean,ppb,CD,304,Bushwick (CD4),Summer 2020,2020-06-01,29.65,2020,6,2,Air Quality Indicator
670915,386,Ozone (O3),Mean,ppb,UHF34,405,Ridgewood - Forest Hills,Summer 2020,2020-06-01,30.2,2020,6,2,Air Quality Indicator
671107,386,Ozone (O3),Mean,ppb,CD,317,East Flatbush (CD17),Summer 2020,2020-06-01,29.54,2020,6,2,Air Quality Indicator
670906,386,Ozone (O3),Mean,ppb,UHF34,501502,Northern SI,Summer 2020,2020-06-01,27.85,2020,6,2,Air Quality Indicator
670961,386,Ozone (O3),Mean,ppb,UHF42,301,Washington Heights,Summer 2020,2020-06-01,28.84,2020,6,2,Air Quality Indicator
670904,386,Ozone (O3),Mean,ppb,UHF34,105106107,South Bronx,Summer 2020,2020-06-01,30.7,2020,6,2,Air Quality Indicator
670980,386,Ozone (O3),Mean,ppb,Borough,5,Staten Island,Summer 2020,2020-06-01,28.61,2020,6,2,Air Quality Indicator
667551,375,Nitrogen dioxide (NO2),Mean,ppb,CD,106,Stuyvesant Town and Turtle Bay (CD6),Summer 2020,2020-06-01,17.91,2020,6,2,Air Quality Indicator
670905,386,Ozone (O3),Mean,ppb,UHF34,503504,Southern SI,Summer 2020,2020-06-01,28.92,2020,6,2,Air Quality Indicator
670892,386,Ozone (O3),Mean,ppb,CD,111,East Harlem (CD11),Summer 2020,2020-06-01,30.13,2020,6,2,Air Quality Indicator
669864,365,Fine particles (PM 2.5),Mean,mcg/m3,CD,207,Kingsbridge Heights and Bedford (CD7),Summer 2020,2020-06-01,7.26,2020,6,2,Air Quality Indicator
669746,365,Fine particles (PM 2.5),Mean,mcg/m3,UHF42,403,Flushing - Clearview,Summer 2020,2020-06-01,7.05,2020,6,2,Air Quality Indicator
670879,386,Ozone (O3),Mean,ppb,CD,212,Williamsbridge and Baychester (CD12),Summer 2020,2020-06-01,30.49,2020,6,2,Air Quality Indicator
670958,386,Ozone (O3),Mean,ppb,UHF42,304,Upper West Side,Summer 2020,2020-06-01,28.97,2020,6,2,Air Quality Indicator
667251,375,Nitrogen dioxide (NO2),Mean,ppb,UHF42,405,Ridgewood - Forest Hills,Summer 2020,2020-06-01,10.49,2020,6,2,Air Quality Indicator
670912,386,Ozone (O3),Mean,ppb,UHF34,409,Southeast Queens,Summer 2020,2020-06-01,29.98,2020,6,2,Air Quality Indicator
669626,365,Fine particles (PM 2.5),Mean,mcg/m3,UHF34,306308,Chelsea-Village,Summer 2020,2020-06-01,8.61,2020,6,2,Air Quality Indicator
667629,375,Nitrogen dioxide (NO2),Mean,ppb,CD,207,Kingsbridge Heights and Bedford (CD7),Summer 2020,2020-06-01,13.98,2020,6,2,Air Quality Indicator
670965,386,Ozone (O3),Mean,ppb,UHF42,208,Canarsie - Flatlands,Summer 2020,2020-06-01,30.36,2020,6,2,Air Quality Indicator
667803,375,Nitrogen dioxide (NO2),Mean,ppb,CD,406,Rego Park and Forest Hills (CD6),Summer 2020,2020-06-01,10.56,2020,6,2,Air Quality Indicator
670924,386,Ozone (O3),Mean,ppb,UHF34,210,Coney Island - Sheepshead Bay,Summer 2020,2020-06-01,30.89,2020,6,2,Air Quality Indicator
670929,386,Ozone (O3),Mean,ppb,UHF34,205,Sunset Park,Summer 2020,2020-06-01,28.93,2020,6,2,Air Quality Indicator
670881,386,Ozone (O3),Mean,ppb,CD,210,Throgs Neck and Co-op City (CD10),Summer 2020,2020-06-01,32.41,2020,6,2,Air Quality Indicator
670918,386,Ozone (O3),Mean,ppb,UHF34,401,Long Island City - Astoria,Summer 2020,2020-06-01,30.96,2020,6,2,Air Quality Indicator
667029,375,Nitrogen dioxide (NO2),Mean,ppb,Borough,1,Bronx,Summer 2020,2020-06-01,13.16,2020,6,2,Air Quality Indicator
669602,365,Fine particles (PM 2.5),Mean,mcg/m3,CD,102,Greenwich Village and Soho (CD2),Summer 2020,2020-06-01,8.68,2020,6,2,Air Quality Indicator
667035,375,Nitrogen dioxide (NO2),Mean,ppb,Borough,2,Brooklyn,Summer 2020,2020-06-01,10.82,2020,6,2,Air Quality Indicator
669903,365,Fine particles (PM 2.5),Mean,mcg/m3,CD,308,Crown Heights and Prospect Heights (CD8),Summer 2020,2020-06-01,7.03,2020,6,2,Air Quality Indicator
670962,386,Ozone (O3),Mean,ppb,UHF42,211,Williamsburg - Bushwick,Summer 2020,2020-06-01,29.38,2020,6,2,Air Quality Indicator
667071,375,Nitrogen dioxide (NO2),Mean,ppb,UHF42,103,Fordham - Bronx Pk,Summer 2020,2020-06-01,13.15,2020,6,2,Air Quality Indicator
669912,365,Fine particles (PM 2.5),Mean,mcg/m3,CD,311,Bensonhurst (CD11),Summer 2020,2020-06-01,6.65,2020,6,2,Air Quality Indicator
667167,375,Nitrogen dioxide (NO2),Mean,ppb,UHF42,301,Washington Heights,Summer 2020,2020-06-01,14.03,2020,6,2,Air Quality Indicator
670969,386,Ozone (O3),Mean,ppb,UHF42,204,East New York,Summer 2020,2020-06-01,29.48,2020,6,2,Air Quality Indicator
667797,375,Nitrogen dioxide (NO2),Mean,ppb,CD,405,Ridgewood and Maspeth (CD5),Summer 2020,2020-06-01,11.32,2020,6,2,Air Quality Indicator
669698,365,Fine particles (PM 2.5),Mean,mcg/m3,UHF34,201,Greenpoint,Summer 2020,2020-06-01,7.95,2020,6,2,Air Quality Indicator
669590,365,Fine particles (PM 2.5),Mean,mcg/m3,CD,202,Hunts Point and Longwood (CD2),Summer 2020,2020-06-01,7.73,2020,6,2,Air Quality Indicator
669821,365,Fine particles (PM 2.5),Mean,mcg/m3,UHF42,106,High Bridge - Morrisania,Summer 2020,2020-06-01,7.24,2020,6,2,Air Quality Indicator
670968,386,Ozone (O3),Mean,ppb,UHF42,205,Sunset Park,Summer 2020,2020-06-01,28.93,2020,6,2,Air Quality Indicator
669593,365,Fine particles (PM 2.5),Mean,mcg/m3,CD,203,Morrisania and Crotona (CD3),Summer 2020,2020-06-01,7.33,2020,6,2,Air Quality Indicator
670970,386,Ozone (O3),Mean,ppb,UHF42,203,Bedford Stuyvesant - Crown Heights,Summer 2020,2020-06-01,29.16,2020,6,2,Air Quality Indicator
669800,365,Fine particles (PM 2.5),Mean,mcg/m3,UHF42,206,Borough Park,Summer 2020,2020-06-01,6.74,2020,6,2,Air Quality Indicator
670893,386,Ozone (O3),Mean,ppb,CD,110,Central Harlem (CD10),Summer 2020,2020-06-01,29.62,2020,6,2,Air Quality Indicator
667635,375,Nitrogen dioxide (NO2),Mean,ppb,CD,208,Riverdale and Fieldston (CD8),Summer 2020,2020-06-01,12.14,2020,6,2,Air Quality Indicator
670933,386,Ozone (O3),Mean,ppb,UHF34,201,Greenpoint,Summer 2020,2020-06-01,29.71,2020,6,2,Air Quality Indicator
667857,375,Nitrogen dioxide (NO2),Mean,ppb,CD,501,St. George and Stapleton (CD1),Summer 2020,2020-06-01,9.18,2020,6,2,Air Quality Indicator
667851,375,Nitrogen dioxide (NO2),Mean,ppb,CD,414,Rockaway and Broad Channel (CD14),Summer 2020,2020-06-01,5.9,2020,6,2,Air Quality Indicator
669966,365,Fine particles (PM 2.5),Mean,mcg/m3,CD,411,Bayside and Little Neck (CD11),Summer 2020,2020-06-01,6.73,2020,6,2,Air Quality Indicator
667263,375,Nitrogen dioxide (NO2),Mean,ppb,UHF42,407,Southwest Queens,Summer 2020,2020-06-01,9.47,2020,6,2,Air Quality Indicator
669740,365,Fine particles (PM 2.5),Mean,mcg/m3,UHF42,405,Ridgewood - Forest Hills,Summer 2020,2020-06-01,6.91,2020,6,2,Air Quality Indicator
667335,375,Nitrogen dioxide (NO2),Mean,ppb,UHF34,201,Greenpoint,Summer 2020,2020-06-01,14.72,2020,6,2,Air Quality Indicator
667653,375,Nitrogen dioxide (NO2),Mean,ppb,CD,211,Morris Park and Bronxdale (CD11),Summer 2020,2020-06-01,12.86,2020,6,2,Air Quality Indicator
669596,365,Fine particles (PM 2.5),Mean,mcg/m3,CD,104,Clinton and Chelsea (CD4),Summer 2020,2020-06-01,8.32,2020,6,2,Air Quality Indicator
669930,365,Fine particles (PM 2.5),Mean,mcg/m3,CD,317,East Flatbush (CD17),Summer 2020,2020-06-01,6.81,2020,6,2,Air Quality Indicator
669566,365,Fine particles (PM 2.5),Mean,mcg/m3,CD,106,Stuyvesant Town and Turtle Bay (CD6),Summer 2020,2020-06-01,8.12,2020,6,2,Air Quality Indicator
667173,375,Nitrogen dioxide (NO2),Mean,ppb,UHF42,302,Central Harlem - Morningside Heights,Summer 2020,2020-06-01,14.6,2020,6,2,Air Quality Indicator
667485,375,Nitrogen dioxide (NO2),Mean,ppb,UHF34,309310,Union Square-Lower Manhattan,Summer 2020,2020-06-01,15.12,2020,6,2,Air Quality Indicator
670941,386,Ozone (O3),Mean,ppb,UHF42,501,Port Richmond,Summer 2020,2020-06-01,26.96,2020,6,2,Air Quality Indicator
670886,386,Ozone (O3),Mean,ppb,CD,205,Fordham and University Heights (CD5),Summer 2020,2020-06-01,29.67,2020,6,2,Air Quality Indicator
670911,386,Ozone (O3),Mean,ppb,UHF34,410,Rockaways,Summer 2020,2020-06-01,31.49,2020,6,2,Air Quality Indicator
669713,365,Fine particles (PM 2.5),Mean,mcg/m3,UHF42,504,South Beach - Tottenville,Summer 2020,2020-06-01,6.51,2020,6,2,Air Quality Indicator
669833,365,Fine particles (PM 2.5),Mean,mcg/m3,UHF42,102,Northeast Bronx,Summer 2020,2020-06-01,7.17,2020,6,2,Air Quality Indicator
667143,375,Nitrogen dioxide (NO2),Mean,ppb,UHF42,208,Canarsie - Flatlands,Summer 2020,2020-06-01,8.63,2020,6,2,Air Quality Indicator
669918,365,Fine particles (PM 2.5),Mean,mcg/m3,CD,313,Coney Island (CD13),Summer 2020,2020-06-01,6.54,2020,6,2,Air Quality Indicator
669695,365,Fine particles (PM 2.5),Mean,mcg/m3,UHF34,202,Downtown - Heights - Slope,Summer 2020,2020-06-01,7.41,2020,6,2,Air Quality Indicator
667233,375,Nitrogen dioxide (NO2),Mean,ppb,UHF42,402,West Queens,Summer 2020,2020-06-01,12.85,2020,6,2,Air Quality Indicator
669737,365,Fine particles (PM 2.5),Mean,mcg/m3,UHF42,406,Fresh Meadows,Summer 2020,2020-06-01,6.68,2020,6,2,Air Quality Indicator
670902,386,Ozone (O3),Mean,ppb,CD,101,Financial District (CD1),Summer 2020,2020-06-01,27.87,2020,6,2,Air Quality Indicator
667221,375,Nitrogen dioxide (NO2),Mean,ppb,UHF42,310,Lower Manhattan,Summer 2020,2020-06-01,16.58,2020,6,2,Air Quality Indicator
667683,375,Nitrogen dioxide (NO2),Mean,ppb,CD,304,Bushwick (CD4),Summer 2020,2020-06-01,12.1,2020,6,2,Air Quality Indicator
671102,386,Ozone (O3),Mean,ppb,CD,404,Elmhurst and Corona (CD4),Summer 2020,2020-06-01,30.98,2020,6,2,Air Quality Indicator
667467,375,Nitrogen dioxide (NO2),Mean,ppb,UHF34,410,Rockaways,Summer 2020,2020-06-01,5.96,2020,6,2,Air Quality Indicator
671116,386,Ozone (O3),Mean,ppb,CD,308,Crown Heights and Prospect Heights (CD8),Summer 2020,2020-06-01,29.08,2020,6,2,Air Quality Indicator
667053,375,Nitrogen dioxide (NO2),Mean,ppb,Borough,5,Staten Island,Summer 2020,2020-06-01,7.83,2020,6,2,Air Quality Indicator
669842,365,Fine particles (PM 2.5),Mean,mcg/m3,Borough,4,Queens,Summer 2020,2020-06-01,6.87,2020,6,2,Air Quality Indicator
669701,365,Fine particles (PM 2.5),Mean,mcg/m3,UHF34,104,Pelham - Throgs Neck,Summer 2020,2020-06-01,7.14,2020,6,2,Air Quality Indicator
669957,365,Fine particles (PM 2.5),Mean,mcg/m3,CD,408,Hillcrest and Fresh Meadows (CD8),Summer 2020,2020-06-01,6.7,2020,6,2,Air Quality Indicator
667785,375,Nitrogen dioxide (NO2),Mean,ppb,CD,403,Jackson Heights (CD3),Summer 2020,2020-06-01,11.93,2020,6,2,Air Quality Indicator
670878,386,Ozone (O3),Mean,ppb,CD,301,Greenpoint and Williamsburg (CD1),Summer 2020,2020-06-01,29.57,2020,6,2,Air Quality Indicator
670978,386,Ozone (O3),Mean,ppb,UHF42,102,Northeast Bronx,Summer 2020,2020-06-01,30.85,2020,6,2,Air Quality Indicator
669683,365,Fine particles (PM 2.5),Mean,mcg/m3,UHF34,206,Borough Park,Summer 2020,2020-06-01,6.74,2020,6,2,Air Quality Indicator
669599,365,Fine particles (PM 2.5),Mean,mcg/m3,CD,103,Lower East Side and Chinatown (CD3),Summer 2020,2020-06-01,7.93,2020,6,2,Air Quality Indicator
671109,386,Ozone (O3),Mean,ppb,CD,315,Sheepshead Bay (CD15),Summer 2020,2020-06-01,30.57,2020,6,2,Air Quality Indicator
667125,375,Nitrogen dioxide (NO2),Mean,ppb,UHF42,205,Sunset Park,Summer 2020,2020-06-01,11.77,2020,6,2,Air Quality Indicator
669975,365,Fine particles (PM 2.5),Mean,mcg/m3,CD,414,Rockaway and Broad Channel (CD14),Summer 2020,2020-06-01,6.27,2020,6,2,Air Quality Indicator
670966,386,Ozone (O3),Mean,ppb,UHF42,207,East Flatbush - Flatbush,Summer 2020,2020-06-01,29.46,2020,6,2,Air Quality Indicator
670903,386,Ozone (O3),Mean,ppb,Citywide,1,New York City,Summer 2020,2020-06-01,29.84,2020,6,2,Air Quality Indicator
671119,386,Ozone (O3),Mean,ppb,CD,305,East New York and Starrett City (CD5),Summer 2020,2020-06-01,29.56,2020,6,2,Air Quality Indicator
669629,365,Fine particles (PM 2.5),Mean,mcg/m3,UHF34,305307,Upper East Side-Gramercy,Summer 2020,2020-06-01,7.89,2020,6,2,Air Quality Indicator
670883,386,Ozone (O3),Mean,ppb,CD,208,Riverdale and Fieldston (CD8),Summer 2020,2020-06-01,28.72,2020,6,2,Air Quality Indicator
671104,386,Ozone (O3),Mean,ppb,CD,402,Woodside and Sunnyside (CD2),Summer 2020,2020-06-01,30.55,2020,6,2,Air Quality Indicator
669882,365,Fine particles (PM 2.5),Mean,mcg/m3,CD,301,Greenpoint and Williamsburg (CD1),Summer 2020,2020-06-01,8.0,2020,6,2,Air Quality Indicator
667719,375,Nitrogen dioxide (NO2),Mean,ppb,CD,310,Bay Ridge and Dyker Heights (CD10),Summer 2020,2020-06-01,10.09,2020,6,2,Air Quality Indicator
670916,386,Ozone (O3),Mean,ppb,UHF34,403,Flushing - Clearview,Summer 2020,2020-06-01,31.6,2020,6,2,Air Quality Indicator
671098,386,Ozone (O3),Mean,ppb,CD,408,Hillcrest and Fresh Meadows (CD8),Summer 2020,2020-06-01,29.87,2020,6,2,Air Quality Indicator
667365,375,Nitrogen dioxide (NO2),Mean,ppb,UHF34,206,Borough Park,Summer 2020,2020-06-01,10.74,2020,6,2,Air Quality Indicator
669584,365,Fine particles (PM 2.5),Mean,mcg/m3,CD,112,Washington Heights and Inwood (CD12),Summer 2020,2020-06-01,7.35,2020,6,2,Air Quality Indicator
669650,365,Fine particles (PM 2.5),Mean,mcg/m3,UHF34,402,West Queens,Summer 2020,2020-06-01,7.37,2020,6,2,Air Quality Indicator
671097,386,Ozone (O3),Mean,ppb,CD,409,Kew Gardens and Woodhaven (CD9),Summer 2020,2020-06-01,29.56,2020,6,2,Air Quality Indicator
671090,386,Ozone (O3),Mean,ppb,CD,502,South Beach and Willowbrook (CD2),Summer 2020,2020-06-01,28.29,2020,6,2,Air Quality Indicator
669569,365,Fine particles (PM 2.5),Mean,mcg/m3,CD,107,Upper West Side (CD7),Summer 2020,2020-06-01,7.23,2020,6,2,Air Quality Indicator
669876,365,Fine particles (PM 2.5),Mean,mcg/m3,CD,211,Morris Park and Bronxdale (CD11),Summer 2020,2020-06-01,7.17,2020,6,2,Air Quality Indicator
670900,386,Ozone (O3),Mean,ppb,CD,103,Lower East Side and Chinatown (CD3),Summer 2020,2020-06-01,28.97,2020,6,2,Air Quality Indicator
669674,365,Fine particles (PM 2.5),Mean,mcg/m3,UHF34,209,Bensonhurst - Bay Ridge,Summer 2020,2020-06-01,6.69,2020,6,2,Air Quality Indicator
669879,365,Fine particles (PM 2.5),Mean,mcg/m3,CD,212,Williamsbridge and Baychester (CD12),Summer 2020,2020-06-01,7.18,2020,6,2,Air Quality Indicator
669812,365,Fine particles (PM 2.5),Mean,mcg/m3,UHF42,202,Downtown - Heights - Slope,Summer 2020,2020-06-01,7.41,2020,6,2,Air Quality Indicator
670975,386,Ozone (O3),Mean,ppb,UHF42,105,Crotona -Tremont,Summer 2020,2020-06-01,30.15,2020,6,2,Air Quality Indicator
669731,365,Fine particles (PM 2.5),Mean,mcg/m3,UHF42,408,Jamaica,Summer 2020,2020-06-01,6.73,2020,6,2,Air Quality Indicator
669581,365,Fine particles (PM 2.5),Mean,mcg/m3,CD,111,East Harlem (CD11),Summer 2020,2020-06-01,7.29,2020,6,2,Air Quality Indicator
671106,386,Ozone (O3),Mean,ppb,CD,318,Flatlands and Canarsie (CD18),Summer 2020,2020-06-01,30.38,2020,6,2,Air Quality Indicator
667623,375,Nitrogen dioxide (NO2),Mean,ppb,CD,206,Belmont and East Tremont (CD6),Summer 2020,2020-06-01,14.19,2020,6,2,Air Quality Indicator
670964,386,Ozone (O3),Mean,ppb,UHF42,209,Bensonhurst - Bay Ridge,Summer 2020,2020-06-01,29.84,2020,6,2,Air Quality Indicator
670896,386,Ozone (O3),Mean,ppb,CD,107,Upper West Side (CD7),Summer 2020,2020-06-01,29.0,2020,6,2,Air Quality Indicator
671110,386,Ozone (O3),Mean,ppb,CD,314,Flatbush and Midwood (CD14),Summer 2020,2020-06-01,29.23,2020,6,2,Air Quality Indicator
669662,365,Fine particles (PM 2.5),Mean,mcg/m3,UHF34,302,Central Harlem - Morningside Heights,Summer 2020,2020-06-01,7.36,2020,6,2,Air Quality Indicator
670963,386,Ozone (O3),Mean,ppb,UHF42,210,Coney Island - Sheepshead Bay,Summer 2020,2020-06-01,30.89,2020,6,2,Air Quality Indicator
667407,375,Nitrogen dioxide (NO2),Mean,ppb,UHF34,302,Central Harlem - Morningside Heights,Summer 2020,2020-06-01,14.6,2020,6,2,Air Quality Indicator
669981,365,Fine particles (PM 2.5),Mean,mcg/m3,CD,502,South Beach and Willowbrook (CD2),Summer 2020,2020-06-01,6.55,2020,6,2,Air Quality Indicator
670928,386,Ozone (O3),Mean,ppb,UHF34,206,Borough Park,Summer 2020,2020-06-01,29.38,2020,6,2,Air Quality Indicator
671092,386,Ozone (O3),Mean,ppb,CD,414,Rockaway and Broad Channel (CD14),Summer 2020,2020-06-01,31.59,2020,6,2,Air Quality Indicator
670984,386,Ozone (O3),Mean,ppb,Borough,1,Bronx,Summer 2020,2020-06-01,30.85,2020,6,2,Air Quality Indicator
667083,375,Nitrogen dioxide (NO2),Mean,ppb,UHF42,105,Crotona -Tremont,Summer 2020,2020-06-01,14.53,2020,6,2,Air Quality Indicator
670884,386,Ozone (O3),Mean,ppb,CD,207,Kingsbridge Heights and Bedford (CD7),Summer 2020,2020-06-01,29.81,2020,6,2,Air Quality Indicator
667275,375,Nitrogen dioxide (NO2),Mean,ppb,UHF42,409,Southeast Queens,Summer 2020,2020-06-01,8.37,2020,6,2,Air Quality Indicator
670953,386,Ozone (O3),Mean,ppb,UHF42,309,Union Square - Lower East Side,Summer 2020,2020-06-01,28.92,2020,6,2,Air Quality Indicator
670898,386,Ozone (O3),Mean,ppb,CD,105,Midtown (CD5),Summer 2020,2020-06-01,26.94,2020,6,2,Air Quality Indicator
669575,365,Fine particles (PM 2.5),Mean,mcg/m3,CD,109,Morningside Heights and Hamilton Heights (CD9),Summer 2020,2020-06-01,7.32,2020,6,2,Air Quality Indicator
670931,386,Ozone (O3),Mean,ppb,UHF34,203,Bedford Stuyvesant - Crown Heights,Summer 2020,2020-06-01,29.16,2020,6,2,Air Quality Indicator
669668,365,Fine particles (PM 2.5),Mean,mcg/m3,UHF34,211,Williamsburg - Bushwick,Summer 2020,2020-06-01,7.55,2020,6,2,Air Quality Indicator
667869,375,Nitrogen dioxide (NO2),Mean,ppb,CD,503,Tottenville and Great Kills (CD3),Summer 2020,2020-06-01,7.32,2020,6,2,Air Quality Indicator
669909,365,Fine particles (PM 2.5),Mean,mcg/m3,CD,310,Bay Ridge and Dyker Heights (CD10),Summer 2020,2020-06-01,6.79,2020,6,2,Air Quality Indicator
670954,386,Ozone (O3),Mean,ppb,UHF42,308,Greenwich Village - SoHo,Summer 2020,2020-06-01,28.54,2020,6,2,Air Quality Indicator
667791,375,Nitrogen dioxide (NO2),Mean,ppb,CD,404,Elmhurst and Corona (CD4),Summer 2020,2020-06-01,12.36,2020,6,2,Air Quality Indicator
667041,375,Nitrogen dioxide (NO2),Mean,ppb,Borough,3,Manhattan,Summer 2020,2020-06-01,15.97,2020,6,2,Air Quality Indicator
667413,375,Nitrogen dioxide (NO2),Mean,ppb,UHF34,303,East Harlem,Summer 2020,2020-06-01,14.24,2020,6,2,Air Quality Indicator
669722,365,Fine particles (PM 2.5),Mean,mcg/m3,UHF42,501,Port Richmond,Summer 2020,2020-06-01,6.88,2020,6,2,Air Quality Indicator
671099,386,Ozone (O3),Mean,ppb,CD,407,Flushing and Whitestone (CD7),Summer 2020,2020-06-01,31.56,2020,6,2,Air Quality Indicator
667515,375,Nitrogen dioxide (NO2),Mean,ppb,Citywide,1,New York City,Summer 2020,2020-06-01,10.61,2020,6,2,Air Quality Indicator
669707,365,Fine particles (PM 2.5),Mean,mcg/m3,UHF34,102,Northeast Bronx,Summer 2020,2020-06-01,7.17,2020,6,2,Air Quality Indicator
667773,375,Nitrogen dioxide (NO2),Mean,ppb,CD,401,Long Island City and Astoria (CD1),Summer 2020,2020-06-01,12.83,2020,6,2,Air Quality Indicator
669836,365,Fine particles (PM 2.5),Mean,mcg/m3,UHF42,101,Kingsbridge - Riverdale,Summer 2020,2020-06-01,7.22,2020,6,2,Air Quality Indicator
667491,375,Nitrogen dioxide (NO2),Mean,ppb,UHF34,404406,Bayside Little Neck-Fresh Meadows,Summer 2020,2020-06-01,9.03,2020,6,2,Air Quality Indicator
669885,365,Fine particles (PM 2.5),Mean,mcg/m3,CD,302,Fort Greene and Brooklyn Heights (CD2),Summer 2020,2020-06-01,7.32,2020,6,2,Air Quality Indicator
667425,375,Nitrogen dioxide (NO2),Mean,ppb,UHF34,401,Long Island City - Astoria,Summer 2020,2020-06-01,14.24,2020,6,2,Air Quality Indicator
670925,386,Ozone (O3),Mean,ppb,UHF34,209,Bensonhurst - Bay Ridge,Summer 2020,2020-06-01,29.84,2020,6,2,Air Quality Indicator
669888,365,Fine particles (PM 2.5),Mean,mcg/m3,CD,303,Bedford Stuyvesant (CD3),Summer 2020,2020-06-01,7.07,2020,6,2,Air Quality Indicator
670927,386,Ozone (O3),Mean,ppb,UHF34,207,East Flatbush - Flatbush,Summer 2020,2020-06-01,29.46,2020,6,2,Air Quality Indicator
667689,375,Nitrogen dioxide (NO2),Mean,ppb,CD,305,East New York and Starrett City (CD5),Summer 2020,2020-06-01,10.19,2020,6,2,Air Quality Indicator
667113,375,Nitrogen dioxide (NO2),Mean,ppb,UHF42,203,Bedford Stuyvesant - Crown Heights,Summer 2020,2020-06-01,11.59,2020,6,2,Air Quality Indicator
667245,375,Nitrogen dioxide (NO2),Mean,ppb,UHF42,404,Bayside - Little Neck,Summer 2020,2020-06-01,8.71,2020,6,2,Air Quality Indicator
667713,375,Nitrogen dioxide (NO2),Mean,ppb,CD,309,South Crown Heights and Lefferts Gardens (CD9),Summer 2020,2020-06-01,11.3,2020,6,2,Air Quality Indicator
669725,365,Fine particles (PM 2.5),Mean,mcg/m3,UHF42,410,Rockaways,Summer 2020,2020-06-01,6.27,2020,6,2,Air Quality Indicator
670939,386,Ozone (O3),Mean,ppb,UHF42,503,Willowbrook,Summer 2020,2020-06-01,27.74,2020,6,2,Air Quality Indicator
669671,365,Fine particles (PM 2.5),Mean,mcg/m3,UHF34,210,Coney Island - Sheepshead Bay,Summer 2020,2020-06-01,6.54,2020,6,2,Air Quality Indicator
671100,386,Ozone (O3),Mean,ppb,CD,406,Rego Park and Forest Hills (CD6),Summer 2020,2020-06-01,29.99,2020,6,2,Air Quality Indicator
670982,386,Ozone (O3),Mean,ppb,Borough,3,Manhattan,Summer 2020,2020-06-01,28.77,2020,6,2,Air Quality Indicator
667077,375,Nitrogen dioxide (NO2),Mean,ppb,UHF42,104,Pelham - Throgs Neck,Summer 2020,2020-06-01,12.14,2020,6,2,Air Quality Indicator
667383,375,Nitrogen dioxide (NO2),Mean,ppb,UHF34,209,Bensonhurst - Bay Ridge,Summer 2020,2020-06-01,9.8,2020,6,2,Air Quality Indicator
669785,365,Fine particles (PM 2.5),Mean,mcg/m3,UHF42,211,Williamsburg - Bushwick,Summer 2020,2020-06-01,7.55,2020,6,2,Air Quality Indicator
669827,365,Fine particles (PM 2.5),Mean,mcg/m3,UHF42,104,Pelham - Throgs Neck,Summer 2020,2020-06-01,7.14,2020,6,2,Air Quality Indicator
667533,375,Nitrogen dioxide (NO2),Mean,ppb,CD,103,Lower East Side and Chinatown (CD3),Summer 2020,2020-06-01,14.09,2020,6,2,Air Quality Indicator
670940,386,Ozone (O3),Mean,ppb,UHF42,502,Stapleton - St. George,Summer 2020,2020-06-01,28.33,2020,6,2,Air Quality Indicator
670943,386,Ozone (O3),Mean,ppb,UHF42,409,Southeast Queens,Summer 2020,2020-06-01,29.98,2020,6,2,Air Quality Indicator
670972,386,Ozone (O3),Mean,ppb,UHF42,201,Greenpoint,Summer 2020,2020-06-01,29.71,2020,6,2,Air Quality Indicator
667557,375,Nitrogen dioxide (NO2),Mean,ppb,CD,107,Upper West Side (CD7),Summer 2020,2020-06-01,15.06,2020,6,2,Air Quality Indicator
670932,386,Ozone (O3),Mean,ppb,UHF34,202,Downtown - Heights - Slope,Summer 2020,2020-06-01,28.79,2020,6,2,Air Quality Indicator
671118,386,Ozone (O3),Mean,ppb,CD,306,Park Slope and Carroll Gardens (CD6),Summer 2020,2020-06-01,28.7,2020,6,2,Air Quality Indicator
667587,375,Nitrogen dioxide (NO2),Mean,ppb,CD,112,Washington Heights and Inwood (CD12),Summer 2020,2020-06-01,13.98,2020,6,2,Air Quality Indicator
667503,375,Nitrogen dioxide (NO2),Mean,ppb,UHF34,503504,Southern SI,Summer 2020,2020-06-01,7.49,2020,6,2,Air Quality Indicator
669647,365,Fine particles (PM 2.5),Mean,mcg/m3,UHF34,403,Flushing - Clearview,Summer 2020,2020-06-01,7.05,2020,6,2,Air Quality Indicator
670897,386,Ozone (O3),Mean,ppb,CD,106,Stuyvesant Town and Turtle Bay (CD6),Summer 2020,2020-06-01,28.13,2020,6,2,Air Quality Indicator
667101,375,Nitrogen dioxide (NO2),Mean,ppb,UHF42,201,Greenpoint,Summer 2020,2020-06-01,14.72,2020,6,2,Air Quality Indicator
669779,365,Fine particles (PM 2.5),Mean,mcg/m3,UHF42,302,Central Harlem - Morningside Heights,Summer 2020,2020-06-01,7.36,2020,6,2,Air Quality Indicator
670887,386,Ozone (O3),Mean,ppb,CD,204,Highbridge and Concourse (CD4),Summer 2020,2020-06-01,29.89,2020,6,2,Air Quality Indicator
671121,386,Ozone (O3),Mean,ppb,CD,303,Bedford Stuyvesant (CD3),Summer 2020,2020-06-01,29.28,2020,6,2,Air Quality Indicator
669809,365,Fine particles (PM 2.5),Mean,mcg/m3,UHF42,203,Bedford Stuyvesant - Crown Heights,Summer 2020,2020-06-01,6.98,2020,6,2,Air Quality Indicator
669806,365,Fine particles (PM 2.5),Mean,mcg/m3,UHF42,204,East New York,Summer 2020,2020-06-01,6.89,2020,6,2,Air Quality Indicator
670938,386,Ozone (O3),Mean,ppb,UHF42,504,South Beach - Tottenville,Summer 2020,2020-06-01,29.62,2020,6,2,Air Quality Indicator
669984,365,Fine particles (PM 2.5),Mean,mcg/m3,CD,503,Tottenville and Great Kills (CD3),Summer 2020,2020-06-01,6.52,2020,6,2,Air Quality Indicator
669665,365,Fine particles (PM 2.5),Mean,mcg/m3,UHF34,301,Washington Heights,Summer 2020,2020-06-01,7.35,2020,6,2,Air Quality Indicator
670913,386,Ozone (O3),Mean,ppb,UHF34,408,Jamaica,Summer 2020,2020-06-01,29.47,2020,6,2,Air Quality Indicator
667215,375,Nitrogen dioxide (NO2),Mean,ppb,UHF42,309,Union Square - Lower East Side,Summer 2020,2020-06-01,14.45,2020,6,2,Air Quality Indicator
670947,386,Ozone (O3),Mean,ppb,UHF42,405,Ridgewood - Forest Hills,Summer 2020,2020-06-01,30.2,2020,6,2,Air Quality Indicator
669752,365,Fine particles (PM 2.5),Mean,mcg/m3,UHF42,401,Long Island City - Astoria,Summer 2020,2020-06-01,7.76,2020,6,2,Air Quality Indicator
667287,375,Nitrogen dioxide (NO2),Mean,ppb,UHF42,501,Port Richmond,Summer 2020,2020-06-01,9.8,2020,6,2,Air Quality Indicator
667677,375,Nitrogen dioxide (NO2),Mean,ppb,CD,303,Bedford Stuyvesant (CD3),Summer 2020,2020-06-01,11.93,2020,6,2,Air Quality Indicator
667659,375,Nitrogen dioxide (NO2),Mean,ppb,CD,212,Williamsbridge and Baychester (CD12),Summer 2020,2020-06-01,12.77,2020,6,2,Air Quality Indicator
667389,375,Nitrogen dioxide (NO2),Mean,ppb,UHF34,210,Coney Island - Sheepshead Bay,Summer 2020,2020-06-01,8.92,2020,6,2,Air Quality Indicator
670923,386,Ozone (O3),Mean,ppb,UHF34,211,Williamsburg - Bushwick,Summer 2020,2020-06-01,29.38,2020,6,2,Air Quality Indicator
669686,365,Fine particles (PM 2.5),Mean,mcg/m3,UHF34,205,Sunset Park,Summer 2020,2020-06-01,7.27,2020,6,2,Air Quality Indicator
669656,365,Fine particles (PM 2.5),Mean,mcg/m3,UHF34,304,Upper West Side,Summer 2020,2020-06-01,7.24,2020,6,2,Air Quality Indicator
667461,375,Nitrogen dioxide (NO2),Mean,ppb,UHF34,409,Southeast Queens,Summer 2020,2020-06-01,8.37,2020,6,2,Air Quality Indicator
670920,386,Ozone (O3),Mean,ppb,UHF34,303,East Harlem,Summer 2020,2020-06-01,30.19,2020,6,2,Air Quality Indicator
667575,375,Nitrogen dioxide (NO2),Mean,ppb,CD,110,Central Harlem (CD10),Summer 2020,2020-06-01,14.74,2020,6,2,Air Quality Indicator
667293,375,Nitrogen dioxide (NO2),Mean,ppb,UHF42,502,Stapleton - St. George,Summer 2020,2020-06-01,8.02,2020,6,2,Air Quality Indicator
670895,386,Ozone (O3),Mean,ppb,CD,108,Upper East Side (CD8),Summer 2020,2020-06-01,29.28,2020,6,2,Air Quality Indicator
667353,375,Nitrogen dioxide (NO2),Mean,ppb,UHF34,204,East New York,Summer 2020,2020-06-01,10.42,2020,6,2,Air Quality Indicator
667521,375,Nitrogen dioxide (NO2),Mean,ppb,CD,101,Financial District (CD1),Summer 2020,2020-06-01,16.72,2020,6,2,Air Quality Indicator
667269,375,Nitrogen dioxide (NO2),Mean,ppb,UHF42,408,Jamaica,Summer 2020,2020-06-01,9.35,2020,6,2,Air Quality Indicator
669778,365,Fine particles (PM 2.5),Mean,mcg/m3,UHF42,303,East Harlem,Annual Average 2020,2020-01-01,6.37,2020,1,1,Air Quality Indicator
667615,375,Nitrogen dioxide (NO2),Mean,ppb,CD,205,Fordham and University Heights (CD5),Annual Average 2020,2020-01-01,19.15,2020,1,1,Air Quality Indicator
669709,365,Fine particles (PM 2.5),Mean,mcg/m3,UHF34,102,Northeast Bronx,Annual Average 2020,2020-01-01,5.95,2020,1,1,Air Quality Indicator
669787,365,Fine particles (PM 2.5),Mean,mcg/m3,UHF42,211,Williamsburg - Bushwick,Annual Average 2020,2020-01-01,6.72,2020,1,1,Air Quality Indicator
669946,365,Fine particles (PM 2.5),Mean,mcg/m3,CD,405,Ridgewood and Maspeth (CD5),Annual Average 2020,2020-01-01,6.25,2020,1,1,Air Quality Indicator
667369,375,Nitrogen dioxide (NO2),Mean,ppb,UHF34,207,East Flatbush - Flatbush,Annual Average 2020,2020-01-01,16.07,2020,1,1,Air Quality Indicator
667255,375,Nitrogen dioxide (NO2),Mean,ppb,UHF42,406,Fresh Meadows,Annual Average 2020,2020-01-01,14.4,2020,1,1,Air Quality Indicator
669928,365,Fine particles (PM 2.5),Mean,mcg/m3,CD,317,East Flatbush (CD17),Annual Average 2020,2020-01-01,5.97,2020,1,1,Air Quality Indicator
669931,365,Fine particles (PM 2.5),Mean,mcg/m3,CD,318,Flatlands and Canarsie (CD18),Annual Average 2020,2020-01-01,5.67,2020,1,1,Air Quality Indicator
669649,365,Fine particles (PM 2.5),Mean,mcg/m3,UHF34,403,Flushing - Clearview,Annual Average 2020,2020-01-01,6.24,2020,1,1,Air Quality Indicator
669856,365,Fine particles (PM 2.5),Mean,mcg/m3,CD,205,Fordham and University Heights (CD5),Annual Average 2020,2020-01-01,6.21,2020,1,1,Air Quality Indicator
669925,365,Fine particles (PM 2.5),Mean,mcg/m3,CD,316,Brownsville (CD16),Annual Average 2020,2020-01-01,6.11,2020,1,1,Air Quality Indicator
669817,365,Fine particles (PM 2.5),Mean,mcg/m3,UHF42,201,Greenpoint,Annual Average 2020,2020-01-01,7.04,2020,1,1,Air Quality Indicator
669781,365,Fine particles (PM 2.5),Mean,mcg/m3,UHF42,302,Central Harlem - Morningside Heights,Annual Average 2020,2020-01-01,6.35,2020,1,1,Air Quality Indicator
669616,365,Fine particles (PM 2.5),Mean,mcg/m3,UHF34,503504,Southern SI,Annual Average 2020,2020-01-01,5.44,2020,1,1,Air Quality Indicator
669883,365,Fine particles (PM 2.5),Mean,mcg/m3,CD,302,Fort Greene and Brooklyn Heights (CD2),Annual Average 2020,2020-01-01,6.68,2020,1,1,Air Quality Indicator
669775,365,Fine particles (PM 2.5),Mean,mcg/m3,UHF42,304,Upper West Side,Annual Average 2020,2020-01-01,6.35,2020,1,1,Air Quality Indicator
669607,365,Fine particles (PM 2.5),Mean,mcg/m3,CD,101,Financial District (CD1),Annual Average 2020,2020-01-01,7.52,2020,1,1,Air Quality Indicator
669841,365,Fine particles (PM 2.5),Mean,mcg/m3,Borough,5,Staten Island,Annual Average 2020,2020-01-01,5.54,2020,1,1,Air Quality Indicator
669940,365,Fine particles (PM 2.5),Mean,mcg/m3,CD,403,Jackson Heights (CD3),Annual Average 2020,2020-01-01,6.38,2020,1,1,Air Quality Indicator
669594,365,Fine particles (PM 2.5),Mean,mcg/m3,CD,204,Highbridge and Concourse (CD4),Annual Average 2020,2020-01-01,6.12,2020,1,1,Air Quality Indicator
667693,375,Nitrogen dioxide (NO2),Mean,ppb,CD,306,Park Slope and Carroll Gardens (CD6),Annual Average 2020,2020-01-01,18.17,2020,1,1,Air Quality Indicator
669772,365,Fine particles (PM 2.5),Mean,mcg/m3,UHF42,305,Upper East Side,Annual Average 2020,2020-01-01,6.72,2020,1,1,Air Quality Indicator
669871,365,Fine particles (PM 2.5),Mean,mcg/m3,CD,210,Throgs Neck and Co-op City (CD10),Annual Average 2020,2020-01-01,6.07,2020,1,1,Air Quality Indicator
669646,365,Fine particles (PM 2.5),Mean,mcg/m3,UHF34,405,Ridgewood - Forest Hills,Annual Average 2020,2020-01-01,6.11,2020,1,1,Air Quality Indicator
667129,375,Nitrogen dioxide (NO2),Mean,ppb,UHF42,206,Borough Park,Annual Average 2020,2020-01-01,16.0,2020,1,1,Air Quality Indicator
667777,375,Nitrogen dioxide (NO2),Mean,ppb,CD,402,Woodside and Sunnyside (CD2),Annual Average 2020,2020-01-01,19.22,2020,1,1,Air Quality Indicator
667633,375,Nitrogen dioxide (NO2),Mean,ppb,CD,208,Riverdale and Fieldston (CD8),Annual Average 2020,2020-01-01,15.83,2020,1,1,Air Quality Indicator
669766,365,Fine particles (PM 2.5),Mean,mcg/m3,UHF42,307,Gramercy Park - Murray Hill,Annual Average 2020,2020-01-01,8.18,2020,1,1,Air Quality Indicator
667249,375,Nitrogen dioxide (NO2),Mean,ppb,UHF42,405,Ridgewood - Forest Hills,Annual Average 2020,2020-01-01,15.74,2020,1,1,Air Quality Indicator
669715,365,Fine particles (PM 2.5),Mean,mcg/m3,UHF42,504,South Beach - Tottenville,Annual Average 2020,2020-01-01,5.34,2020,1,1,Air Quality Indicator
667855,375,Nitrogen dioxide (NO2),Mean,ppb,CD,501,St. George and Stapleton (CD1),Annual Average 2020,2020-01-01,13.68,2020,1,1,Air Quality Indicator
669826,365,Fine particles (PM 2.5),Mean,mcg/m3,UHF42,105,Crotona -Tremont,Annual Average 2020,2020-01-01,6.28,2020,1,1,Air Quality Indicator
667669,375,Nitrogen dioxide (NO2),Mean,ppb,CD,302,Fort Greene and Brooklyn Heights (CD2),Annual Average 2020,2020-01-01,18.4,2020,1,1,Air Quality Indicator
667675,375,Nitrogen dioxide (NO2),Mean,ppb,CD,303,Bedford Stuyvesant (CD3),Annual Average 2020,2020-01-01,17.47,2020,1,1,Air Quality Indicator
667441,375,Nitrogen dioxide (NO2),Mean,ppb,UHF34,405,Ridgewood - Forest Hills,Annual Average 2020,2020-01-01,15.74,2020,1,1,Air Quality Indicator
669805,365,Fine particles (PM 2.5),Mean,mcg/m3,UHF42,205,Sunset Park,Annual Average 2020,2020-01-01,6.47,2020,1,1,Air Quality Indicator
669811,365,Fine particles (PM 2.5),Mean,mcg/m3,UHF42,203,Bedford Stuyvesant - Crown Heights,Annual Average 2020,2020-01-01,6.2,2020,1,1,Air Quality Indicator
669694,365,Fine particles (PM 2.5),Mean,mcg/m3,UHF34,203,Bedford Stuyvesant - Crown Heights,Annual Average 2020,2020-01-01,6.2,2020,1,1,Air Quality Indicator
667723,375,Nitrogen dioxide (NO2),Mean,ppb,CD,311,Bensonhurst (CD11),Annual Average 2020,2020-01-01,15.36,2020,1,1,Air Quality Indicator
667063,375,Nitrogen dioxide (NO2),Mean,ppb,UHF42,102,Northeast Bronx,Annual Average 2020,2020-01-01,16.75,2020,1,1,Air Quality Indicator
667033,375,Nitrogen dioxide (NO2),Mean,ppb,Borough,2,Brooklyn,Annual Average 2020,2020-01-01,16.0,2020,1,1,Air Quality Indicator
667105,375,Nitrogen dioxide (NO2),Mean,ppb,UHF42,202,Downtown - Heights - Slope,Annual Average 2020,2020-01-01,18.26,2020,1,1,Air Quality Indicator
667423,375,Nitrogen dioxide (NO2),Mean,ppb,UHF34,401,Long Island City - Astoria,Annual Average 2020,2020-01-01,18.94,2020,1,1,Air Quality Indicator
667699,375,Nitrogen dioxide (NO2),Mean,ppb,CD,307,Sunset Park (CD7),Annual Average 2020,2020-01-01,16.89,2020,1,1,Air Quality Indicator
669712,365,Fine particles (PM 2.5),Mean,mcg/m3,UHF34,101,Kingsbridge - Riverdale,Annual Average 2020,2020-01-01,5.89,2020,1,1,Air Quality Indicator
667801,375,Nitrogen dioxide (NO2),Mean,ppb,CD,406,Rego Park and Forest Hills (CD6),Annual Average 2020,2020-01-01,15.71,2020,1,1,Air Quality Indicator
667507,375,Nitrogen dioxide (NO2),Mean,ppb,UHF34,105106107,South Bronx,Annual Average 2020,2020-01-01,18.59,2020,1,1,Air Quality Indicator
669943,365,Fine particles (PM 2.5),Mean,mcg/m3,CD,404,Elmhurst and Corona (CD4),Annual Average 2020,2020-01-01,6.46,2020,1,1,Air Quality Indicator
669913,365,Fine particles (PM 2.5),Mean,mcg/m3,CD,312,Borough Park (CD12),Annual Average 2020,2020-01-01,5.99,2020,1,1,Air Quality Indicator
669739,365,Fine particles (PM 2.5),Mean,mcg/m3,UHF42,406,Fresh Meadows,Annual Average 2020,2020-01-01,5.95,2020,1,1,Air Quality Indicator
669622,365,Fine particles (PM 2.5),Mean,mcg/m3,UHF34,404406,Bayside Little Neck-Fresh Meadows,Annual Average 2020,2020-01-01,5.98,2020,1,1,Air Quality Indicator
669961,365,Fine particles (PM 2.5),Mean,mcg/m3,CD,410,South Ozone Park and Howard Beach (CD10),Annual Average 2020,2020-01-01,5.79,2020,1,1,Air Quality Indicator
667657,375,Nitrogen dioxide (NO2),Mean,ppb,CD,212,Williamsbridge and Baychester (CD12),Annual Average 2020,2020-01-01,16.48,2020,1,1,Air Quality Indicator
667573,375,Nitrogen dioxide (NO2),Mean,ppb,CD,110,Central Harlem (CD10),Annual Average 2020,2020-01-01,19.13,2020,1,1,Air Quality Indicator
667147,375,Nitrogen dioxide (NO2),Mean,ppb,UHF42,209,Bensonhurst - Bay Ridge,Annual Average 2020,2020-01-01,14.81,2020,1,1,Air Quality Indicator
667045,375,Nitrogen dioxide (NO2),Mean,ppb,Borough,4,Queens,Annual Average 2020,2020-01-01,14.82,2020,1,1,Air Quality Indicator
669793,365,Fine particles (PM 2.5),Mean,mcg/m3,UHF42,209,Bensonhurst - Bay Ridge,Annual Average 2020,2020-01-01,5.93,2020,1,1,Air Quality Indicator
669847,365,Fine particles (PM 2.5),Mean,mcg/m3,Borough,3,Manhattan,Annual Average 2020,2020-01-01,7.16,2020,1,1,Air Quality Indicator
667285,375,Nitrogen dioxide (NO2),Mean,ppb,UHF42,501,Port Richmond,Annual Average 2020,2020-01-01,14.15,2020,1,1,Air Quality Indicator
669727,365,Fine particles (PM 2.5),Mean,mcg/m3,UHF42,410,Rockaways,Annual Average 2020,2020-01-01,5.33,2020,1,1,Air Quality Indicator
667453,375,Nitrogen dioxide (NO2),Mean,ppb,UHF34,408,Jamaica,Annual Average 2020,2020-01-01,14.24,2020,1,1,Air Quality Indicator
669730,365,Fine particles (PM 2.5),Mean,mcg/m3,UHF42,409,Southeast Queens,Annual Average 2020,2020-01-01,5.78,2020,1,1,Air Quality Indicator
667681,375,Nitrogen dioxide (NO2),Mean,ppb,CD,304,Bushwick (CD4),Annual Average 2020,2020-01-01,17.47,2020,1,1,Air Quality Indicator
669588,365,Fine particles (PM 2.5),Mean,mcg/m3,CD,202,Hunts Point and Longwood (CD2),Annual Average 2020,2020-01-01,6.56,2020,1,1,Air Quality Indicator
669799,365,Fine particles (PM 2.5),Mean,mcg/m3,UHF42,207,East Flatbush - Flatbush,Annual Average 2020,2020-01-01,5.97,2020,1,1,Air Quality Indicator
669853,365,Fine particles (PM 2.5),Mean,mcg/m3,Borough,1,Bronx,Annual Average 2020,2020-01-01,6.11,2020,1,1,Air Quality Indicator
669652,365,Fine particles (PM 2.5),Mean,mcg/m3,UHF34,402,West Queens,Annual Average 2020,2020-01-01,6.56,2020,1,1,Air Quality Indicator
669742,365,Fine particles (PM 2.5),Mean,mcg/m3,UHF42,405,Ridgewood - Forest Hills,Annual Average 2020,2020-01-01,6.11,2020,1,1,Air Quality Indicator
667621,375,Nitrogen dioxide (NO2),Mean,ppb,CD,206,Belmont and East Tremont (CD6),Annual Average 2020,2020-01-01,18.18,2020,1,1,Air Quality Indicator
667093,375,Nitrogen dioxide (NO2),Mean,ppb,UHF42,107,Hunts Point - Mott Haven,Annual Average 2020,2020-01-01,18.43,2020,1,1,Air Quality Indicator
669868,365,Fine particles (PM 2.5),Mean,mcg/m3,CD,209,Parkchester and Soundview (CD9),Annual Average 2020,2020-01-01,6.2,2020,1,1,Air Quality Indicator
669916,365,Fine particles (PM 2.5),Mean,mcg/m3,CD,313,Coney Island (CD13),Annual Average 2020,2020-01-01,5.69,2020,1,1,Air Quality Indicator
667789,375,Nitrogen dioxide (NO2),Mean,ppb,CD,404,Elmhurst and Corona (CD4),Annual Average 2020,2020-01-01,17.52,2020,1,1,Air Quality Indicator
667519,375,Nitrogen dioxide (NO2),Mean,ppb,CD,101,Financial District (CD1),Annual Average 2020,2020-01-01,21.7,2020,1,1,Air Quality Indicator
669874,365,Fine particles (PM 2.5),Mean,mcg/m3,CD,211,Morris Park and Bronxdale (CD11),Annual Average 2020,2020-01-01,6.01,2020,1,1,Air Quality Indicator
669573,365,Fine particles (PM 2.5),Mean,mcg/m3,CD,109,Morningside Heights and Hamilton Heights (CD9),Annual Average 2020,2020-01-01,6.3,2020,1,1,Air Quality Indicator
667705,375,Nitrogen dioxide (NO2),Mean,ppb,CD,308,Crown Heights and Prospect Heights (CD8),Annual Average 2020,2020-01-01,17.34,2020,1,1,Air Quality Indicator
667201,375,Nitrogen dioxide (NO2),Mean,ppb,UHF42,307,Gramercy Park - Murray Hill,Annual Average 2020,2020-01-01,24.27,2020,1,1,Air Quality Indicator
667135,375,Nitrogen dioxide (NO2),Mean,ppb,UHF42,207,East Flatbush - Flatbush,Annual Average 2020,2020-01-01,16.07,2020,1,1,Air Quality Indicator
667027,375,Nitrogen dioxide (NO2),Mean,ppb,Borough,1,Bronx,Annual Average 2020,2020-01-01,17.1,2020,1,1,Air Quality Indicator
669832,365,Fine particles (PM 2.5),Mean,mcg/m3,UHF42,103,Fordham - Bronx Pk,Annual Average 2020,2020-01-01,6.0,2020,1,1,Air Quality Indicator
667159,375,Nitrogen dioxide (NO2),Mean,ppb,UHF42,211,Williamsburg - Bushwick,Annual Average 2020,2020-01-01,18.5,2020,1,1,Air Quality Indicator
669733,365,Fine particles (PM 2.5),Mean,mcg/m3,UHF42,408,Jamaica,Annual Average 2020,2020-01-01,5.97,2020,1,1,Air Quality Indicator
667489,375,Nitrogen dioxide (NO2),Mean,ppb,UHF34,404406,Bayside Little Neck-Fresh Meadows,Annual Average 2020,2020-01-01,13.66,2020,1,1,Air Quality Indicator
667183,375,Nitrogen dioxide (NO2),Mean,ppb,UHF42,304,Upper West Side,Annual Average 2020,2020-01-01,19.62,2020,1,1,Air Quality Indicator
667543,375,Nitrogen dioxide (NO2),Mean,ppb,CD,105,Midtown (CD5),Annual Average 2020,2020-01-01,26.27,2020,1,1,Air Quality Indicator
667051,375,Nitrogen dioxide (NO2),Mean,ppb,Borough,5,Staten Island,Annual Average 2020,2020-01-01,11.63,2020,1,1,Air Quality Indicator
669658,365,Fine particles (PM 2.5),Mean,mcg/m3,UHF34,304,Upper West Side,Annual Average 2020,2020-01-01,6.35,2020,1,1,Air Quality Indicator
667303,375,Nitrogen dioxide (NO2),Mean,ppb,UHF42,504,South Beach - Tottenville,Annual Average 2020,2020-01-01,10.56,2020,1,1,Air Quality Indicator
669634,365,Fine particles (PM 2.5),Mean,mcg/m3,UHF34,410,Rockaways,Annual Average 2020,2020-01-01,5.33,2020,1,1,Air Quality Indicator
667231,375,Nitrogen dioxide (NO2),Mean,ppb,UHF42,402,West Queens,Annual Average 2020,2020-01-01,17.79,2020,1,1,Air Quality Indicator
669706,365,Fine particles (PM 2.5),Mean,mcg/m3,UHF34,103,Fordham - Bronx Pk,Annual Average 2020,2020-01-01,6.0,2020,1,1,Air Quality Indicator
669901,365,Fine particles (PM 2.5),Mean,mcg/m3,CD,308,Crown Heights and Prospect Heights (CD8),Annual Average 2020,2020-01-01,6.31,2020,1,1,Air Quality Indicator
667123,375,Nitrogen dioxide (NO2),Mean,ppb,UHF42,205,Sunset Park,Annual Average 2020,2020-01-01,16.77,2020,1,1,Air Quality Indicator
669949,365,Fine particles (PM 2.5),Mean,mcg/m3,CD,406,Rego Park and Forest Hills (CD6),Annual Average 2020,2020-01-01,6.12,2020,1,1,Air Quality Indicator
669859,365,Fine particles (PM 2.5),Mean,mcg/m3,CD,206,Belmont and East Tremont (CD6),Annual Average 2020,2020-01-01,6.32,2020,1,1,Air Quality Indicator
669955,365,Fine particles (PM 2.5),Mean,mcg/m3,CD,408,Hillcrest and Fresh Meadows (CD8),Annual Average 2020,2020-01-01,5.99,2020,1,1,Air Quality Indicator
667363,375,Nitrogen dioxide (NO2),Mean,ppb,UHF34,206,Borough Park,Annual Average 2020,2020-01-01,16.0,2020,1,1,Air Quality Indicator
669844,365,Fine particles (PM 2.5),Mean,mcg/m3,Borough,4,Queens,Annual Average 2020,2020-01-01,6.06,2020,1,1,Air Quality Indicator
669598,365,Fine particles (PM 2.5),Mean,mcg/m3,CD,104,Clinton and Chelsea (CD4),Annual Average 2020,2020-01-01,7.96,2020,1,1,Air Quality Indicator
669754,365,Fine particles (PM 2.5),Mean,mcg/m3,UHF42,401,Long Island City - Astoria,Annual Average 2020,2020-01-01,6.83,2020,1,1,Air Quality Indicator
667807,375,Nitrogen dioxide (NO2),Mean,ppb,CD,407,Flushing and Whitestone (CD7),Annual Average 2020,2020-01-01,15.61,2020,1,1,Air Quality Indicator
669922,365,Fine particles (PM 2.5),Mean,mcg/m3,CD,315,Sheepshead Bay (CD15),Annual Average 2020,2020-01-01,5.69,2020,1,1,Air Quality Indicator
669676,365,Fine particles (PM 2.5),Mean,mcg/m3,UHF34,209,Bensonhurst - Bay Ridge,Annual Average 2020,2020-01-01,5.93,2020,1,1,Air Quality Indicator
667645,375,Nitrogen dioxide (NO2),Mean,ppb,CD,210,Throgs Neck and Co-op City (CD10),Annual Average 2020,2020-01-01,15.54,2020,1,1,Air Quality Indicator
669628,365,Fine particles (PM 2.5),Mean,mcg/m3,UHF34,306308,Chelsea-Village,Annual Average 2020,2020-01-01,8.41,2020,1,1,Air Quality Indicator
667225,375,Nitrogen dioxide (NO2),Mean,ppb,UHF42,401,Long Island City - Astoria,Annual Average 2020,2020-01-01,18.94,2020,1,1,Air Quality Indicator
669958,365,Fine particles (PM 2.5),Mean,mcg/m3,CD,409,Kew Gardens and Woodhaven (CD9),Annual Average 2020,2020-01-01,6.09,2020,1,1,Air Quality Indicator
667579,375,Nitrogen dioxide (NO2),Mean,ppb,CD,111,East Harlem (CD11),Annual Average 2020,2020-01-01,18.78,2020,1,1,Air Quality Indicator
667195,375,Nitrogen dioxide (NO2),Mean,ppb,UHF42,306,Chelsea - Clinton,Annual Average 2020,2020-01-01,23.87,2020,1,1,Air Quality Indicator
667375,375,Nitrogen dioxide (NO2),Mean,ppb,UHF34,208,Canarsie - Flatlands,Annual Average 2020,2020-01-01,13.76,2020,1,1,Air Quality Indicator
667819,375,Nitrogen dioxide (NO2),Mean,ppb,CD,409,Kew Gardens and Woodhaven (CD9),Annual Average 2020,2020-01-01,15.47,2020,1,1,Air Quality Indicator
669919,365,Fine particles (PM 2.5),Mean,mcg/m3,CD,314,Flatbush and Midwood (CD14),Annual Average 2020,2020-01-01,5.92,2020,1,1,Air Quality Indicator
669880,365,Fine particles (PM 2.5),Mean,mcg/m3,CD,301,Greenpoint and Williamsburg (CD1),Annual Average 2020,2020-01-01,7.08,2020,1,1,Air Quality Indicator
667831,375,Nitrogen dioxide (NO2),Mean,ppb,CD,411,Bayside and Little Neck (CD11),Annual Average 2020,2020-01-01,13.45,2020,1,1,Air Quality Indicator
669904,365,Fine particles (PM 2.5),Mean,mcg/m3,CD,309,South Crown Heights and Lefferts Gardens (CD9),Annual Average 2020,2020-01-01,6.06,2020,1,1,Air Quality Indicator
667243,375,Nitrogen dioxide (NO2),Mean,ppb,UHF42,404,Bayside - Little Neck,Annual Average 2020,2020-01-01,13.16,2020,1,1,Air Quality Indicator
667555,375,Nitrogen dioxide (NO2),Mean,ppb,CD,107,Upper West Side (CD7),Annual Average 2020,2020-01-01,19.63,2020,1,1,Air Quality Indicator
667357,375,Nitrogen dioxide (NO2),Mean,ppb,UHF34,205,Sunset Park,Annual Average 2020,2020-01-01,16.77,2020,1,1,Air Quality Indicator
669601,365,Fine particles (PM 2.5),Mean,mcg/m3,CD,103,Lower East Side and Chinatown (CD3),Annual Average 2020,2020-01-01,7.51,2020,1,1,Air Quality Indicator
667597,375,Nitrogen dioxide (NO2),Mean,ppb,CD,202,Hunts Point and Longwood (CD2),Annual Average 2020,2020-01-01,18.77,2020,1,1,Air Quality Indicator
667861,375,Nitrogen dioxide (NO2),Mean,ppb,CD,502,South Beach and Willowbrook (CD2),Annual Average 2020,2020-01-01,11.49,2020,1,1,Air Quality Indicator
667405,375,Nitrogen dioxide (NO2),Mean,ppb,UHF34,302,Central Harlem - Morningside Heights,Annual Average 2020,2020-01-01,18.99,2020,1,1,Air Quality Indicator
667459,375,Nitrogen dioxide (NO2),Mean,ppb,UHF34,409,Southeast Queens,Annual Average 2020,2020-01-01,13.02,2020,1,1,Air Quality Indicator
669886,365,Fine particles (PM 2.5),Mean,mcg/m3,CD,303,Bedford Stuyvesant (CD3),Annual Average 2020,2020-01-01,6.31,2020,1,1,Air Quality Indicator
669862,365,Fine particles (PM 2.5),Mean,mcg/m3,CD,207,Kingsbridge Heights and Bedford (CD7),Annual Average 2020,2020-01-01,6.05,2020,1,1,Air Quality Indicator
667165,375,Nitrogen dioxide (NO2),Mean,ppb,UHF42,301,Washington Heights,Annual Average 2020,2020-01-01,18.08,2020,1,1,Air Quality Indicator
669604,365,Fine particles (PM 2.5),Mean,mcg/m3,CD,102,Greenwich Village and Soho (CD2),Annual Average 2020,2020-01-01,8.54,2020,1,1,Air Quality Indicator
667795,375,Nitrogen dioxide (NO2),Mean,ppb,CD,405,Ridgewood and Maspeth (CD5),Annual Average 2020,2020-01-01,16.49,2020,1,1,Air Quality Indicator
669631,365,Fine particles (PM 2.5),Mean,mcg/m3,UHF34,305307,Upper East Side-Gramercy,Annual Average 2020,2020-01-01,7.41,2020,1,1,Air Quality Indicator
669637,365,Fine particles (PM 2.5),Mean,mcg/m3,UHF34,409,Southeast Queens,Annual Average 2020,2020-01-01,5.78,2020,1,1,Air Quality Indicator
669691,365,Fine particles (PM 2.5),Mean,mcg/m3,UHF34,204,East New York,Annual Average 2020,2020-01-01,6.02,2020,1,1,Air Quality Indicator
669760,365,Fine particles (PM 2.5),Mean,mcg/m3,UHF42,309,Union Square - Lower East Side,Annual Average 2020,2020-01-01,7.76,2020,1,1,Air Quality Indicator
669808,365,Fine particles (PM 2.5),Mean,mcg/m3,UHF42,204,East New York,Annual Average 2020,2020-01-01,6.02,2020,1,1,Air Quality Indicator
667567,375,Nitrogen dioxide (NO2),Mean,ppb,CD,109,Morningside Heights and Hamilton Heights (CD9),Annual Average 2020,2020-01-01,18.65,2020,1,1,Air Quality Indicator
667477,375,Nitrogen dioxide (NO2),Mean,ppb,UHF34,306308,Chelsea-Village,Annual Average 2020,2020-01-01,23.02,2020,1,1,Air Quality Indicator
667471,375,Nitrogen dioxide (NO2),Mean,ppb,UHF34,305307,Upper East Side-Gramercy,Annual Average 2020,2020-01-01,22.48,2020,1,1,Air Quality Indicator
669889,365,Fine particles (PM 2.5),Mean,mcg/m3,CD,304,Bushwick (CD4),Annual Average 2020,2020-01-01,6.5,2020,1,1,Air Quality Indicator
667273,375,Nitrogen dioxide (NO2),Mean,ppb,UHF42,409,Southeast Queens,Annual Average 2020,2020-01-01,13.02,2020,1,1,Air Quality Indicator
669910,365,Fine particles (PM 2.5),Mean,mcg/m3,CD,311,Bensonhurst (CD11),Annual Average 2020,2020-01-01,5.85,2020,1,1,Air Quality Indicator
669964,365,Fine particles (PM 2.5),Mean,mcg/m3,CD,411,Bayside and Little Neck (CD11),Annual Average 2020,2020-01-01,5.99,2020,1,1,Air Quality Indicator
667465,375,Nitrogen dioxide (NO2),Mean,ppb,UHF34,410,Rockaways,Annual Average 2020,2020-01-01,10.55,2020,1,1,Air Quality Indicator
667525,375,Nitrogen dioxide (NO2),Mean,ppb,CD,102,Greenwich Village and Soho (CD2),Annual Average 2020,2020-01-01,21.26,2020,1,1,Air Quality Indicator
669697,365,Fine particles (PM 2.5),Mean,mcg/m3,UHF34,202,Downtown - Heights - Slope,Annual Average 2020,2020-01-01,6.69,2020,1,1,Air Quality Indicator
669757,365,Fine particles (PM 2.5),Mean,mcg/m3,UHF42,310,Lower Manhattan,Annual Average 2020,2020-01-01,7.42,2020,1,1,Air Quality Indicator
669784,365,Fine particles (PM 2.5),Mean,mcg/m3,UHF42,301,Washington Heights,Annual Average 2020,2020-01-01,6.29,2020,1,1,Air Quality Indicator
669661,365,Fine particles (PM 2.5),Mean,mcg/m3,UHF34,303,East Harlem,Annual Average 2020,2020-01-01,6.37,2020,1,1,Air Quality Indicator
667495,375,Nitrogen dioxide (NO2),Mean,ppb,UHF34,501502,Northern SI,Annual Average 2020,2020-01-01,13.11,2020,1,1,Air Quality Indicator
669979,365,Fine particles (PM 2.5),Mean,mcg/m3,CD,502,South Beach and Willowbrook (CD2),Annual Average 2020,2020-01-01,5.58,2020,1,1,Air Quality Indicator
667561,375,Nitrogen dioxide (NO2),Mean,ppb,CD,108,Upper East Side (CD8),Annual Average 2020,2020-01-01,20.95,2020,1,1,Air Quality Indicator
667501,375,Nitrogen dioxide (NO2),Mean,ppb,UHF34,503504,Southern SI,Annual Average 2020,2020-01-01,11.01,2020,1,1,Air Quality Indicator
667627,375,Nitrogen dioxide (NO2),Mean,ppb,CD,207,Kingsbridge Heights and Bedford (CD7),Annual Average 2020,2020-01-01,17.86,2020,1,1,Air Quality Indicator
669820,365,Fine particles (PM 2.5),Mean,mcg/m3,UHF42,107,Hunts Point - Mott Haven,Annual Average 2020,2020-01-01,6.36,2020,1,1,Air Quality Indicator
667141,375,Nitrogen dioxide (NO2),Mean,ppb,UHF42,208,Canarsie - Flatlands,Annual Average 2020,2020-01-01,13.76,2020,1,1,Air Quality Indicator
669982,365,Fine particles (PM 2.5),Mean,mcg/m3,CD,503,Tottenville and Great Kills (CD3),Annual Average 2020,2020-01-01,5.32,2020,1,1,Air Quality Indicator
669685,365,Fine particles (PM 2.5),Mean,mcg/m3,UHF34,206,Borough Park,Annual Average 2020,2020-01-01,5.94,2020,1,1,Air Quality Indicator
669967,365,Fine particles (PM 2.5),Mean,mcg/m3,CD,412,Jamaica and Hollis (CD12),Annual Average 2020,2020-01-01,5.94,2020,1,1,Air Quality Indicator
669679,365,Fine particles (PM 2.5),Mean,mcg/m3,UHF34,208,Canarsie - Flatlands,Annual Average 2020,2020-01-01,5.69,2020,1,1,Air Quality Indicator
667867,375,Nitrogen dioxide (NO2),Mean,ppb,CD,503,Tottenville and Great Kills (CD3),Annual Average 2020,2020-01-01,10.49,2020,1,1,Air Quality Indicator
667417,375,Nitrogen dioxide (NO2),Mean,ppb,UHF34,304,Upper West Side,Annual Average 2020,2020-01-01,19.62,2020,1,1,Air Quality Indicator
667069,375,Nitrogen dioxide (NO2),Mean,ppb,UHF42,103,Fordham - Bronx Pk,Annual Average 2020,2020-01-01,16.98,2020,1,1,Air Quality Indicator
667321,375,Nitrogen dioxide (NO2),Mean,ppb,UHF34,103,Fordham - Bronx Pk,Annual Average 2020,2020-01-01,16.98,2020,1,1,Air Quality Indicator
667081,375,Nitrogen dioxide (NO2),Mean,ppb,UHF42,105,Crotona -Tremont,Annual Average 2020,2020-01-01,18.5,2020,1,1,Air Quality Indicator
669724,365,Fine particles (PM 2.5),Mean,mcg/m3,UHF42,501,Port Richmond,Annual Average 2020,2020-01-01,5.93,2020,1,1,Air Quality Indicator
669591,365,Fine particles (PM 2.5),Mean,mcg/m3,CD,203,Morrisania and Crotona (CD3),Annual Average 2020,2020-01-01,6.22,2020,1,1,Air Quality Indicator
667711,375,Nitrogen dioxide (NO2),Mean,ppb,CD,309,South Crown Heights and Lefferts Gardens (CD9),Annual Average 2020,2020-01-01,16.87,2020,1,1,Air Quality Indicator
667111,375,Nitrogen dioxide (NO2),Mean,ppb,UHF42,203,Bedford Stuyvesant - Crown Heights,Annual Average 2020,2020-01-01,17.1,2020,1,1,Air Quality Indicator
667333,375,Nitrogen dioxide (NO2),Mean,ppb,UHF34,201,Greenpoint,Annual Average 2020,2020-01-01,19.63,2020,1,1,Air Quality Indicator
667399,375,Nitrogen dioxide (NO2),Mean,ppb,UHF34,301,Washington Heights,Annual Average 2020,2020-01-01,18.08,2020,1,1,Air Quality Indicator
669673,365,Fine particles (PM 2.5),Mean,mcg/m3,UHF34,210,Coney Island - Sheepshead Bay,Annual Average 2020,2020-01-01,5.7,2020,1,1,Air Quality Indicator
667609,375,Nitrogen dioxide (NO2),Mean,ppb,CD,204,Highbridge and Concourse (CD4),Annual Average 2020,2020-01-01,19.05,2020,1,1,Air Quality Indicator
667783,375,Nitrogen dioxide (NO2),Mean,ppb,CD,403,Jackson Heights (CD3),Annual Average 2020,2020-01-01,16.98,2020,1,1,Air Quality Indicator
667267,375,Nitrogen dioxide (NO2),Mean,ppb,UHF42,408,Jamaica,Annual Average 2020,2020-01-01,14.24,2020,1,1,Air Quality Indicator
667309,375,Nitrogen dioxide (NO2),Mean,ppb,UHF34,101,Kingsbridge - Riverdale,Annual Average 2020,2020-01-01,15.9,2020,1,1,Air Quality Indicator
667261,375,Nitrogen dioxide (NO2),Mean,ppb,UHF42,407,Southwest Queens,Annual Average 2020,2020-01-01,14.75,2020,1,1,Air Quality Indicator
667531,375,Nitrogen dioxide (NO2),Mean,ppb,CD,103,Lower East Side and Chinatown (CD3),Annual Average 2020,2020-01-01,19.36,2020,1,1,Air Quality Indicator
667435,375,Nitrogen dioxide (NO2),Mean,ppb,UHF34,403,Flushing - Clearview,Annual Average 2020,2020-01-01,15.59,2020,1,1,Air Quality Indicator
669595,365,Fine particles (PM 2.5),Mean,mcg/m3,CD,105,Midtown (CD5),Annual Average 2020,2020-01-01,9.24,2020,1,1,Air Quality Indicator
669610,365,Fine particles (PM 2.5),Mean,mcg/m3,Citywide,1,New York City,Annual Average 2020,2020-01-01,6.06,2020,1,1,Air Quality Indicator
667483,375,Nitrogen dioxide (NO2),Mean,ppb,UHF34,309310,Union Square-Lower Manhattan,Annual Average 2020,2020-01-01,20.27,2020,1,1,Air Quality Indicator
669567,365,Fine particles (PM 2.5),Mean,mcg/m3,CD,107,Upper West Side (CD7),Annual Average 2020,2020-01-01,6.35,2020,1,1,Air Quality Indicator
669976,365,Fine particles (PM 2.5),Mean,mcg/m3,CD,501,St. George and Stapleton (CD1),Annual Average 2020,2020-01-01,5.84,2020,1,1,Air Quality Indicator
667291,375,Nitrogen dioxide (NO2),Mean,ppb,UHF42,502,Stapleton - St. George,Annual Average 2020,2020-01-01,12.56,2020,1,1,Air Quality Indicator
669655,365,Fine particles (PM 2.5),Mean,mcg/m3,UHF34,401,Long Island City - Astoria,Annual Average 2020,2020-01-01,6.83,2020,1,1,Air Quality Indicator
667747,375,Nitrogen dioxide (NO2),Mean,ppb,CD,315,Sheepshead Bay (CD15),Annual Average 2020,2020-01-01,14.02,2020,1,1,Air Quality Indicator
669823,365,Fine particles (PM 2.5),Mean,mcg/m3,UHF42,106,High Bridge - Morrisania,Annual Average 2020,2020-01-01,6.12,2020,1,1,Air Quality Indicator
667099,375,Nitrogen dioxide (NO2),Mean,ppb,UHF42,201,Greenpoint,Annual Average 2020,2020-01-01,19.63,2020,1,1,Air Quality Indicator
667765,375,Nitrogen dioxide (NO2),Mean,ppb,CD,318,Flatlands and Canarsie (CD18),Annual Average 2020,2020-01-01,13.74,2020,1,1,Air Quality Indicator
669667,365,Fine particles (PM 2.5),Mean,mcg/m3,UHF34,301,Washington Heights,Annual Average 2020,2020-01-01,6.29,2020,1,1,Air Quality Indicator
667585,375,Nitrogen dioxide (NO2),Mean,ppb,CD,112,Washington Heights and Inwood (CD12),Annual Average 2020,2020-01-01,17.94,2020,1,1,Air Quality Indicator
667663,375,Nitrogen dioxide (NO2),Mean,ppb,CD,301,Greenpoint and Williamsburg (CD1),Annual Average 2020,2020-01-01,19.72,2020,1,1,Air Quality Indicator
669970,365,Fine particles (PM 2.5),Mean,mcg/m3,CD,413,Queens Village (CD13),Annual Average 2020,2020-01-01,5.78,2020,1,1,Air Quality Indicator
667057,375,Nitrogen dioxide (NO2),Mean,ppb,UHF42,101,Kingsbridge - Riverdale,Annual Average 2020,2020-01-01,15.9,2020,1,1,Air Quality Indicator
669877,365,Fine particles (PM 2.5),Mean,mcg/m3,CD,212,Williamsbridge and Baychester (CD12),Annual Average 2020,2020-01-01,5.92,2020,1,1,Air Quality Indicator
667189,375,Nitrogen dioxide (NO2),Mean,ppb,UHF42,305,Upper East Side,Annual Average 2020,2020-01-01,20.89,2020,1,1,Air Quality Indicator
667843,375,Nitrogen dioxide (NO2),Mean,ppb,CD,413,Queens Village (CD13),Annual Average 2020,2020-01-01,13.08,2020,1,1,Air Quality Indicator
669973,365,Fine particles (PM 2.5),Mean,mcg/m3,CD,414,Rockaway and Broad Channel (CD14),Annual Average 2020,2020-01-01,5.33,2020,1,1,Air Quality Indicator
667741,375,Nitrogen dioxide (NO2),Mean,ppb,CD,314,Flatbush and Midwood (CD14),Annual Average 2020,2020-01-01,15.6,2020,1,1,Air Quality Indicator
667735,375,Nitrogen dioxide (NO2),Mean,ppb,CD,313,Coney Island (CD13),Annual Average 2020,2020-01-01,13.04,2020,1,1,Air Quality Indicator
669643,365,Fine particles (PM 2.5),Mean,mcg/m3,UHF34,407,Southwest Queens,Annual Average 2020,2020-01-01,5.91,2020,1,1,Air Quality Indicator
669769,365,Fine particles (PM 2.5),Mean,mcg/m3,UHF42,306,Chelsea - Clinton,Annual Average 2020,2020-01-01,8.5,2020,1,1,Air Quality Indicator
669952,365,Fine particles (PM 2.5),Mean,mcg/m3,CD,407,Flushing and Whitestone (CD7),Annual Average 2020,2020-01-01,6.26,2020,1,1,Air Quality Indicator
667297,375,Nitrogen dioxide (NO2),Mean,ppb,UHF42,503,Willowbrook,Annual Average 2020,2020-01-01,11.78,2020,1,1,Air Quality Indicator
669664,365,Fine particles (PM 2.5),Mean,mcg/m3,UHF34,302,Central Harlem - Morningside Heights,Annual Average 2020,2020-01-01,6.35,2020,1,1,Air Quality Indicator
669898,365,Fine particles (PM 2.5),Mean,mcg/m3,CD,307,Sunset Park (CD7),Annual Average 2020,2020-01-01,6.47,2020,1,1,Air Quality Indicator
667447,375,Nitrogen dioxide (NO2),Mean,ppb,UHF34,407,Southwest Queens,Annual Average 2020,2020-01-01,14.75,2020,1,1,Air Quality Indicator
667603,375,Nitrogen dioxide (NO2),Mean,ppb,CD,203,Morrisania and Crotona (CD3),Annual Average 2020,2020-01-01,18.08,2020,1,1,Air Quality Indicator
667651,375,Nitrogen dioxide (NO2),Mean,ppb,CD,211,Morris Park and Bronxdale (CD11),Annual Average 2020,2020-01-01,16.8,2020,1,1,Air Quality Indicator
669564,365,Fine particles (PM 2.5),Mean,mcg/m3,CD,106,Stuyvesant Town and Turtle Bay (CD6),Annual Average 2020,2020-01-01,7.79,2020,1,1,Air Quality Indicator
667537,375,Nitrogen dioxide (NO2),Mean,ppb,CD,104,Clinton and Chelsea (CD4),Annual Average 2020,2020-01-01,22.53,2020,1,1,Air Quality Indicator
667849,375,Nitrogen dioxide (NO2),Mean,ppb,CD,414,Rockaway and Broad Channel (CD14),Annual Average 2020,2020-01-01,10.47,2020,1,1,Air Quality Indicator
669814,365,Fine particles (PM 2.5),Mean,mcg/m3,UHF42,202,Downtown - Heights - Slope,Annual Average 2020,2020-01-01,6.69,2020,1,1,Air Quality Indicator
667813,375,Nitrogen dioxide (NO2),Mean,ppb,CD,408,Hillcrest and Fresh Meadows (CD8),Annual Average 2020,2020-01-01,14.13,2020,1,1,Air Quality Indicator
667351,375,Nitrogen dioxide (NO2),Mean,ppb,UHF34,204,East New York,Annual Average 2020,2020-01-01,15.74,2020,1,1,Air Quality Indicator
669865,365,Fine particles (PM 2.5),Mean,mcg/m3,CD,208,Riverdale and Fieldston (CD8),Annual Average 2020,2020-01-01,5.87,2020,1,1,Air Quality Indicator
669703,365,Fine particles (PM 2.5),Mean,mcg/m3,UHF34,104,Pelham - Throgs Neck,Annual Average 2020,2020-01-01,6.12,2020,1,1,Air Quality Indicator
669745,365,Fine particles (PM 2.5),Mean,mcg/m3,UHF42,404,Bayside - Little Neck,Annual Average 2020,2020-01-01,6.0,2020,1,1,Air Quality Indicator
667075,375,Nitrogen dioxide (NO2),Mean,ppb,UHF42,104,Pelham - Throgs Neck,Annual Average 2020,2020-01-01,16.19,2020,1,1,Air Quality Indicator
669582,365,Fine particles (PM 2.5),Mean,mcg/m3,CD,112,Washington Heights and Inwood (CD12),Annual Average 2020,2020-01-01,6.28,2020,1,1,Air Quality Indicator
669796,365,Fine particles (PM 2.5),Mean,mcg/m3,UHF42,208,Canarsie - Flatlands,Annual Average 2020,2020-01-01,5.69,2020,1,1,Air Quality Indicator
667387,375,Nitrogen dioxide (NO2),Mean,ppb,UHF34,210,Coney Island - Sheepshead Bay,Annual Average 2020,2020-01-01,13.78,2020,1,1,Air Quality Indicator
669736,365,Fine particles (PM 2.5),Mean,mcg/m3,UHF42,407,Southwest Queens,Annual Average 2020,2020-01-01,5.91,2020,1,1,Air Quality Indicator
669895,365,Fine particles (PM 2.5),Mean,mcg/m3,CD,306,Park Slope and Carroll Gardens (CD6),Annual Average 2020,2020-01-01,6.74,2020,1,1,Air Quality Indicator
667153,375,Nitrogen dioxide (NO2),Mean,ppb,UHF42,210,Coney Island - Sheepshead Bay,Annual Average 2020,2020-01-01,13.78,2020,1,1,Air Quality Indicator
667039,375,Nitrogen dioxide (NO2),Mean,ppb,Borough,3,Manhattan,Annual Average 2020,2020-01-01,20.54,2020,1,1,Air Quality Indicator
669937,365,Fine particles (PM 2.5),Mean,mcg/m3,CD,402,Woodside and Sunnyside (CD2),Annual Average 2020,2020-01-01,6.95,2020,1,1,Air Quality Indicator
669721,365,Fine particles (PM 2.5),Mean,mcg/m3,UHF42,502,Stapleton - St. George,Annual Average 2020,2020-01-01,5.7,2020,1,1,Air Quality Indicator
669838,365,Fine particles (PM 2.5),Mean,mcg/m3,UHF42,101,Kingsbridge - Riverdale,Annual Average 2020,2020-01-01,5.89,2020,1,1,Air Quality Indicator
669802,365,Fine particles (PM 2.5),Mean,mcg/m3,UHF42,206,Borough Park,Annual Average 2020,2020-01-01,5.94,2020,1,1,Air Quality Indicator
667771,375,Nitrogen dioxide (NO2),Mean,ppb,CD,401,Long Island City and Astoria (CD1),Annual Average 2020,2020-01-01,17.63,2020,1,1,Air Quality Indicator
667279,375,Nitrogen dioxide (NO2),Mean,ppb,UHF42,410,Rockaways,Annual Average 2020,2020-01-01,10.55,2020,1,1,Air Quality Indicator
669613,365,Fine particles (PM 2.5),Mean,mcg/m3,UHF34,105106107,South Bronx,Annual Average 2020,2020-01-01,6.27,2020,1,1,Air Quality Indicator
669640,365,Fine particles (PM 2.5),Mean,mcg/m3,UHF34,408,Jamaica,Annual Average 2020,2020-01-01,5.97,2020,1,1,Air Quality Indicator
669718,365,Fine particles (PM 2.5),Mean,mcg/m3,UHF42,503,Willowbrook,Annual Average 2020,2020-01-01,5.62,2020,1,1,Air Quality Indicator
669700,365,Fine particles (PM 2.5),Mean,mcg/m3,UHF34,201,Greenpoint,Annual Average 2020,2020-01-01,7.04,2020,1,1,Air Quality Indicator
669934,365,Fine particles (PM 2.5),Mean,mcg/m3,CD,401,Long Island City and Astoria (CD1),Annual Average 2020,2020-01-01,6.47,2020,1,1,Air Quality Indicator
669585,365,Fine particles (PM 2.5),Mean,mcg/m3,CD,201,Mott Haven and Melrose (CD1),Annual Average 2020,2020-01-01,6.3,2020,1,1,Air Quality Indicator
669625,365,Fine particles (PM 2.5),Mean,mcg/m3,UHF34,309310,Union Square-Lower Manhattan,Annual Average 2020,2020-01-01,7.65,2020,1,1,Air Quality Indicator
669907,365,Fine particles (PM 2.5),Mean,mcg/m3,CD,310,Bay Ridge and Dyker Heights (CD10),Annual Average 2020,2020-01-01,6.06,2020,1,1,Air Quality Indicator
669763,365,Fine particles (PM 2.5),Mean,mcg/m3,UHF42,308,Greenwich Village - SoHo,Annual Average 2020,2020-01-01,8.22,2020,1,1,Air Quality Indicator
669790,365,Fine particles (PM 2.5),Mean,mcg/m3,UHF42,210,Coney Island - Sheepshead Bay,Annual Average 2020,2020-01-01,5.7,2020,1,1,Air Quality Indicator
667315,375,Nitrogen dioxide (NO2),Mean,ppb,UHF34,102,Northeast Bronx,Annual Average 2020,2020-01-01,16.75,2020,1,1,Air Quality Indicator
669670,365,Fine particles (PM 2.5),Mean,mcg/m3,UHF34,211,Williamsburg - Bushwick,Annual Average 2020,2020-01-01,6.72,2020,1,1,Air Quality Indicator
669576,365,Fine particles (PM 2.5),Mean,mcg/m3,CD,110,Central Harlem (CD10),Annual Average 2020,2020-01-01,6.36,2020,1,1,Air Quality Indicator
667513,375,Nitrogen dioxide (NO2),Mean,ppb,Citywide,1,New York City,Annual Average 2020,2020-01-01,15.17,2020,1,1,Air Quality Indicator
667177,375,Nitrogen dioxide (NO2),Mean,ppb,UHF42,303,East Harlem,Annual Average 2020,2020-01-01,18.77,2020,1,1,Air Quality Indicator
667237,375,Nitrogen dioxide (NO2),Mean,ppb,UHF42,403,Flushing - Clearview,Annual Average 2020,2020-01-01,15.59,2020,1,1,Air Quality Indicator
669570,365,Fine particles (PM 2.5),Mean,mcg/m3,CD,108,Upper East Side (CD8),Annual Average 2020,2020-01-01,6.73,2020,1,1,Air Quality Indicator
667339,375,Nitrogen dioxide (NO2),Mean,ppb,UHF34,202,Downtown - Heights - Slope,Annual Average 2020,2020-01-01,18.26,2020,1,1,Air Quality Indicator
667207,375,Nitrogen dioxide (NO2),Mean,ppb,UHF42,308,Greenwich Village - SoHo,Annual Average 2020,2020-01-01,21.32,2020,1,1,Air Quality Indicator
669579,365,Fine particles (PM 2.5),Mean,mcg/m3,CD,111,East Harlem (CD11),Annual Average 2020,2020-01-01,6.38,2020,1,1,Air Quality Indicator
667429,375,Nitrogen dioxide (NO2),Mean,ppb,UHF34,402,West Queens,Annual Average 2020,2020-01-01,17.79,2020,1,1,Air Quality Indicator
667219,375,Nitrogen dioxide (NO2),Mean,ppb,UHF42,310,Lower Manhattan,Annual Average 2020,2020-01-01,21.55,2020,1,1,Air Quality Indicator
669682,365,Fine particles (PM 2.5),Mean,mcg/m3,UHF34,207,East Flatbush - Flatbush,Annual Average 2020,2020-01-01,5.97,2020,1,1,Air Quality Indicator
667213,375,Nitrogen dioxide (NO2),Mean,ppb,UHF42,309,Union Square - Lower East Side,Annual Average 2020,2020-01-01,19.69,2020,1,1,Air Quality Indicator
667345,375,Nitrogen dioxide (NO2),Mean,ppb,UHF34,203,Bedford Stuyvesant - Crown Heights,Annual Average 2020,2020-01-01,17.1,2020,1,1,Air Quality Indicator
667753,375,Nitrogen dioxide (NO2),Mean,ppb,CD,316,Brownsville (CD16),Annual Average 2020,2020-01-01,16.79,2020,1,1,Air Quality Indicator
667687,375,Nitrogen dioxide (NO2),Mean,ppb,CD,305,East New York and Starrett City (CD5),Annual Average 2020,2020-01-01,15.48,2020,1,1,Air Quality Indicator
667411,375,Nitrogen dioxide (NO2),Mean,ppb,UHF34,303,East Harlem,Annual Average 2020,2020-01-01,18.77,2020,1,1,Air Quality Indicator
667393,375,Nitrogen dioxide (NO2),Mean,ppb,UHF34,211,Williamsburg - Bushwick,Annual Average 2020,2020-01-01,18.5,2020,1,1,Air Quality Indicator
667327,375,Nitrogen dioxide (NO2),Mean,ppb,UHF34,104,Pelham - Throgs Neck,Annual Average 2020,2020-01-01,16.19,2020,1,1,Air Quality Indicator
667381,375,Nitrogen dioxide (NO2),Mean,ppb,UHF34,209,Bensonhurst - Bay Ridge,Annual Average 2020,2020-01-01,14.81,2020,1,1,Air Quality Indicator
669829,365,Fine particles (PM 2.5),Mean,mcg/m3,UHF42,104,Pelham - Throgs Neck,Annual Average 2020,2020-01-01,6.12,2020,1,1,Air Quality Indicator
669850,365,Fine particles (PM 2.5),Mean,mcg/m3,Borough,2,Brooklyn,Annual Average 2020,2020-01-01,6.12,2020,1,1,Air Quality Indicator
669751,365,Fine particles (PM 2.5),Mean,mcg/m3,UHF42,402,West Queens,Annual Average 2020,2020-01-01,6.56,2020,1,1,Air Quality Indicator
669835,365,Fine particles (PM 2.5),Mean,mcg/m3,UHF42,102,Northeast Bronx,Annual Average 2020,2020-01-01,5.95,2020,1,1,Air Quality Indicator
667591,375,Nitrogen dioxide (NO2),Mean,ppb,CD,201,Mott Haven and Melrose (CD1),Annual Average 2020,2020-01-01,19.14,2020,1,1,Air Quality Indicator
667117,375,Nitrogen dioxide (NO2),Mean,ppb,UHF42,204,East New York,Annual Average 2020,2020-01-01,15.74,2020,1,1,Air Quality Indicator
667087,375,Nitrogen dioxide (NO2),Mean,ppb,UHF42,106,High Bridge - Morrisania,Annual Average 2020,2020-01-01,18.92,2020,1,1,Air Quality Indicator
669619,365,Fine particles (PM 2.5),Mean,mcg/m3,UHF34,501502,Northern SI,Annual Average 2020,2020-01-01,5.78,2020,1,1,Air Quality Indicator
667549,375,Nitrogen dioxide (NO2),Mean,ppb,CD,106,Stuyvesant Town and Turtle Bay (CD6),Annual Average 2020,2020-01-01,22.65,2020,1,1,Air Quality Indicator
669688,365,Fine particles (PM 2.5),Mean,mcg/m3,UHF34,205,Sunset Park,Annual Average 2020,2020-01-01,6.47,2020,1,1,Air Quality Indicator
669748,365,Fine particles (PM 2.5),Mean,mcg/m3,UHF42,403,Flushing - Clearview,Annual Average 2020,2020-01-01,6.24,2020,1,1,Air Quality Indicator
667639,375,Nitrogen dioxide (NO2),Mean,ppb,CD,209,Parkchester and Soundview (CD9),Annual Average 2020,2020-01-01,16.87,2020,1,1,Air Quality Indicator
667759,375,Nitrogen dioxide (NO2),Mean,ppb,CD,317,East Flatbush (CD17),Annual Average 2020,2020-01-01,16.23,2020,1,1,Air Quality Indicator
667837,375,Nitrogen dioxide (NO2),Mean,ppb,CD,412,Jamaica and Hollis (CD12),Annual Average 2020,2020-01-01,14.28,2020,1,1,Air Quality Indicator
669892,365,Fine particles (PM 2.5),Mean,mcg/m3,CD,305,East New York and Starrett City (CD5),Annual Average 2020,2020-01-01,5.98,2020,1,1,Air Quality Indicator
667171,375,Nitrogen dioxide (NO2),Mean,ppb,UHF42,302,Central Harlem - Morningside Heights,Annual Average 2020,2020-01-01,18.99,2020,1,1,Air Quality Indicator
667825,375,Nitrogen dioxide (NO2),Mean,ppb,CD,410,South Ozone Park and Howard Beach (CD10),Annual Average 2020,2020-01-01,14.28,2020,1,1,Air Quality Indicator
667717,375,Nitrogen dioxide (NO2),Mean,ppb,CD,310,Bay Ridge and Dyker Heights (CD10),Annual Average 2020,2020-01-01,15.16,2020,1,1,Air Quality Indicator
667729,375,Nitrogen dioxide (NO2),Mean,ppb,CD,312,Borough Park (CD12),Annual Average 2020,2020-01-01,16.21,2020,1,1,Air Quality Indicator
669965,365,Fine particles (PM 2.5),Mean,mcg/m3,CD,411,Bayside and Little Neck (CD11),Winter 2019-20,2019-12-01,7.62,2019,12,4,Air Quality Indicator
669911,365,Fine particles (PM 2.5),Mean,mcg/m3,CD,311,Bensonhurst (CD11),Winter 2019-20,2019-12-01,7.34,2019,12,4,Air Quality Indicator
669983,365,Fine particles (PM 2.5),Mean,mcg/m3,CD,503,Tottenville and Great Kills (CD3),Winter 2019-20,2019-12-01,5.95,2019,12,4,Air Quality Indicator
667574,375,Nitrogen dioxide (NO2),Mean,ppb,CD,110,Central Harlem (CD10),Winter 2019-20,2019-12-01,26.73,2019,12,4,Air Quality Indicator
667724,375,Nitrogen dioxide (NO2),Mean,ppb,CD,311,Bensonhurst (CD11),Winter 2019-20,2019-12-01,24.34,2019,12,4,Air Quality Indicator
667556,375,Nitrogen dioxide (NO2),Mean,ppb,CD,107,Upper West Side (CD7),Winter 2019-20,2019-12-01,28.15,2019,12,4,Air Quality Indicator
669636,365,Fine particles (PM 2.5),Mean,mcg/m3,UHF34,409,Southeast Queens,Winter 2019-20,2019-12-01,7.16,2019,12,4,Air Quality Indicator
667310,375,Nitrogen dioxide (NO2),Mean,ppb,UHF34,101,Kingsbridge - Riverdale,Winter 2019-20,2019-12-01,21.27,2019,12,4,Air Quality Indicator
669837,365,Fine particles (PM 2.5),Mean,mcg/m3,UHF42,101,Kingsbridge - Riverdale,Winter 2019-20,2019-12-01,6.37,2019,12,4,Air Quality Indicator
669756,365,Fine particles (PM 2.5),Mean,mcg/m3,UHF42,310,Lower Manhattan,Winter 2019-20,2019-12-01,9.88,2019,12,4,Air Quality Indicator
667400,375,Nitrogen dioxide (NO2),Mean,ppb,UHF34,301,Washington Heights,Winter 2019-20,2019-12-01,24.61,2019,12,4,Air Quality Indicator
669624,365,Fine particles (PM 2.5),Mean,mcg/m3,UHF34,309310,Union Square-Lower Manhattan,Winter 2019-20,2019-12-01,10.18,2019,12,4,Air Quality Indicator
669959,365,Fine particles (PM 2.5),Mean,mcg/m3,CD,409,Kew Gardens and Woodhaven (CD9),Winter 2019-20,2019-12-01,7.71,2019,12,4,Air Quality Indicator
669618,365,Fine particles (PM 2.5),Mean,mcg/m3,UHF34,501502,Northern SI,Winter 2019-20,2019-12-01,7.31,2019,12,4,Air Quality Indicator
667742,375,Nitrogen dioxide (NO2),Mean,ppb,CD,314,Flatbush and Midwood (CD14),Winter 2019-20,2019-12-01,25.36,2019,12,4,Air Quality Indicator
667442,375,Nitrogen dioxide (NO2),Mean,ppb,UHF34,405,Ridgewood - Forest Hills,Winter 2019-20,2019-12-01,25.26,2019,12,4,Air Quality Indicator
669586,365,Fine particles (PM 2.5),Mean,mcg/m3,CD,201,Mott Haven and Melrose (CD1),Winter 2019-20,2019-12-01,7.25,2019,12,4,Air Quality Indicator
669571,365,Fine particles (PM 2.5),Mean,mcg/m3,CD,108,Upper East Side (CD8),Winter 2019-20,2019-12-01,8.59,2019,12,4,Air Quality Indicator
669878,365,Fine particles (PM 2.5),Mean,mcg/m3,CD,212,Williamsbridge and Baychester (CD12),Winter 2019-20,2019-12-01,6.53,2019,12,4,Air Quality Indicator
669765,365,Fine particles (PM 2.5),Mean,mcg/m3,UHF42,307,Gramercy Park - Murray Hill,Winter 2019-20,2019-12-01,11.0,2019,12,4,Air Quality Indicator
667226,375,Nitrogen dioxide (NO2),Mean,ppb,UHF42,401,Long Island City - Astoria,Winter 2019-20,2019-12-01,27.62,2019,12,4,Air Quality Indicator
667784,375,Nitrogen dioxide (NO2),Mean,ppb,CD,403,Jackson Heights (CD3),Winter 2019-20,2019-12-01,25.71,2019,12,4,Air Quality Indicator
669565,365,Fine particles (PM 2.5),Mean,mcg/m3,CD,106,Stuyvesant Town and Turtle Bay (CD6),Winter 2019-20,2019-12-01,10.4,2019,12,4,Air Quality Indicator
667052,375,Nitrogen dioxide (NO2),Mean,ppb,Borough,5,Staten Island,Winter 2019-20,2019-12-01,17.87,2019,12,4,Air Quality Indicator
669708,365,Fine particles (PM 2.5),Mean,mcg/m3,UHF34,102,Northeast Bronx,Winter 2019-20,2019-12-01,6.66,2019,12,4,Air Quality Indicator
667610,375,Nitrogen dioxide (NO2),Mean,ppb,CD,204,Highbridge and Concourse (CD4),Winter 2019-20,2019-12-01,25.84,2019,12,4,Air Quality Indicator
669723,365,Fine particles (PM 2.5),Mean,mcg/m3,UHF42,501,Port Richmond,Winter 2019-20,2019-12-01,7.44,2019,12,4,Air Quality Indicator
669580,365,Fine particles (PM 2.5),Mean,mcg/m3,CD,111,East Harlem (CD11),Winter 2019-20,2019-12-01,7.82,2019,12,4,Air Quality Indicator
667418,375,Nitrogen dioxide (NO2),Mean,ppb,UHF34,304,Upper West Side,Winter 2019-20,2019-12-01,28.11,2019,12,4,Air Quality Indicator
669813,365,Fine particles (PM 2.5),Mean,mcg/m3,UHF42,202,Downtown - Heights - Slope,Winter 2019-20,2019-12-01,8.55,2019,12,4,Air Quality Indicator
669633,365,Fine particles (PM 2.5),Mean,mcg/m3,UHF34,410,Rockaways,Winter 2019-20,2019-12-01,6.12,2019,12,4,Air Quality Indicator
669783,365,Fine particles (PM 2.5),Mean,mcg/m3,UHF42,301,Washington Heights,Winter 2019-20,2019-12-01,7.35,2019,12,4,Air Quality Indicator
669810,365,Fine particles (PM 2.5),Mean,mcg/m3,UHF42,203,Bedford Stuyvesant - Crown Heights,Winter 2019-20,2019-12-01,7.81,2019,12,4,Air Quality Indicator
669786,365,Fine particles (PM 2.5),Mean,mcg/m3,UHF42,211,Williamsburg - Bushwick,Winter 2019-20,2019-12-01,8.29,2019,12,4,Air Quality Indicator
669849,365,Fine particles (PM 2.5),Mean,mcg/m3,Borough,2,Brooklyn,Winter 2019-20,2019-12-01,7.62,2019,12,4,Air Quality Indicator
667664,375,Nitrogen dioxide (NO2),Mean,ppb,CD,301,Greenpoint and Williamsburg (CD1),Winter 2019-20,2019-12-01,29.38,2019,12,4,Air Quality Indicator
669852,365,Fine particles (PM 2.5),Mean,mcg/m3,Borough,1,Bronx,Winter 2019-20,2019-12-01,7.02,2019,12,4,Air Quality Indicator
667826,375,Nitrogen dioxide (NO2),Mean,ppb,CD,410,South Ozone Park and Howard Beach (CD10),Winter 2019-20,2019-12-01,23.38,2019,12,4,Air Quality Indicator
667100,375,Nitrogen dioxide (NO2),Mean,ppb,UHF42,201,Greenpoint,Winter 2019-20,2019-12-01,29.27,2019,12,4,Air Quality Indicator
669846,365,Fine particles (PM 2.5),Mean,mcg/m3,Borough,3,Manhattan,Winter 2019-20,2019-12-01,9.13,2019,12,4,Air Quality Indicator
667172,375,Nitrogen dioxide (NO2),Mean,ppb,UHF42,302,Central Harlem - Morningside Heights,Winter 2019-20,2019-12-01,26.6,2019,12,4,Air Quality Indicator
669962,365,Fine particles (PM 2.5),Mean,mcg/m3,CD,410,South Ozone Park and Howard Beach (CD10),Winter 2019-20,2019-12-01,7.19,2019,12,4,Air Quality Indicator
667712,375,Nitrogen dioxide (NO2),Mean,ppb,CD,309,South Crown Heights and Lefferts Gardens (CD9),Winter 2019-20,2019-12-01,27.43,2019,12,4,Air Quality Indicator
669807,365,Fine particles (PM 2.5),Mean,mcg/m3,UHF42,204,East New York,Winter 2019-20,2019-12-01,7.4,2019,12,4,Air Quality Indicator
667382,375,Nitrogen dioxide (NO2),Mean,ppb,UHF34,209,Bensonhurst - Bay Ridge,Winter 2019-20,2019-12-01,23.75,2019,12,4,Air Quality Indicator
669834,365,Fine particles (PM 2.5),Mean,mcg/m3,UHF42,102,Northeast Bronx,Winter 2019-20,2019-12-01,6.66,2019,12,4,Air Quality Indicator
669828,365,Fine particles (PM 2.5),Mean,mcg/m3,UHF42,104,Pelham - Throgs Neck,Winter 2019-20,2019-12-01,7.28,2019,12,4,Air Quality Indicator
669762,365,Fine particles (PM 2.5),Mean,mcg/m3,UHF42,308,Greenwich Village - SoHo,Winter 2019-20,2019-12-01,11.04,2019,12,4,Air Quality Indicator
669840,365,Fine particles (PM 2.5),Mean,mcg/m3,Borough,5,Staten Island,Winter 2019-20,2019-12-01,6.66,2019,12,4,Air Quality Indicator
667688,375,Nitrogen dioxide (NO2),Mean,ppb,CD,305,East New York and Starrett City (CD5),Winter 2019-20,2019-12-01,25.15,2019,12,4,Air Quality Indicator
669938,365,Fine particles (PM 2.5),Mean,mcg/m3,CD,402,Woodside and Sunnyside (CD2),Winter 2019-20,2019-12-01,8.43,2019,12,4,Air Quality Indicator
669654,365,Fine particles (PM 2.5),Mean,mcg/m3,UHF34,401,Long Island City - Astoria,Winter 2019-20,2019-12-01,8.31,2019,12,4,Air Quality Indicator
667538,375,Nitrogen dioxide (NO2),Mean,ppb,CD,104,Clinton and Chelsea (CD4),Winter 2019-20,2019-12-01,32.14,2019,12,4,Air Quality Indicator
669980,365,Fine particles (PM 2.5),Mean,mcg/m3,CD,502,South Beach and Willowbrook (CD2),Winter 2019-20,2019-12-01,6.89,2019,12,4,Air Quality Indicator
667622,375,Nitrogen dioxide (NO2),Mean,ppb,CD,206,Belmont and East Tremont (CD6),Winter 2019-20,2019-12-01,24.31,2019,12,4,Air Quality Indicator
669681,365,Fine particles (PM 2.5),Mean,mcg/m3,UHF34,207,East Flatbush - Flatbush,Winter 2019-20,2019-12-01,7.47,2019,12,4,Air Quality Indicator
667070,375,Nitrogen dioxide (NO2),Mean,ppb,UHF42,103,Fordham - Bronx Pk,Winter 2019-20,2019-12-01,22.59,2019,12,4,Air Quality Indicator
669675,365,Fine particles (PM 2.5),Mean,mcg/m3,UHF34,209,Bensonhurst - Bay Ridge,Winter 2019-20,2019-12-01,7.56,2019,12,4,Air Quality Indicator
667754,375,Nitrogen dioxide (NO2),Mean,ppb,CD,316,Brownsville (CD16),Winter 2019-20,2019-12-01,26.94,2019,12,4,Air Quality Indicator
667586,375,Nitrogen dioxide (NO2),Mean,ppb,CD,112,Washington Heights and Inwood (CD12),Winter 2019-20,2019-12-01,24.28,2019,12,4,Air Quality Indicator
667406,375,Nitrogen dioxide (NO2),Mean,ppb,UHF34,302,Central Harlem - Morningside Heights,Winter 2019-20,2019-12-01,26.6,2019,12,4,Air Quality Indicator
669705,365,Fine particles (PM 2.5),Mean,mcg/m3,UHF34,103,Fordham - Bronx Pk,Winter 2019-20,2019-12-01,6.68,2019,12,4,Air Quality Indicator
669914,365,Fine particles (PM 2.5),Mean,mcg/m3,CD,312,Borough Park (CD12),Winter 2019-20,2019-12-01,7.54,2019,12,4,Air Quality Indicator
669574,365,Fine particles (PM 2.5),Mean,mcg/m3,CD,109,Morningside Heights and Hamilton Heights (CD9),Winter 2019-20,2019-12-01,7.49,2019,12,4,Air Quality Indicator
667322,375,Nitrogen dioxide (NO2),Mean,ppb,UHF34,103,Fordham - Bronx Pk,Winter 2019-20,2019-12-01,22.59,2019,12,4,Air Quality Indicator
669627,365,Fine particles (PM 2.5),Mean,mcg/m3,UHF34,306308,Chelsea-Village,Winter 2019-20,2019-12-01,11.26,2019,12,4,Air Quality Indicator
669630,365,Fine particles (PM 2.5),Mean,mcg/m3,UHF34,305307,Upper East Side-Gramercy,Winter 2019-20,2019-12-01,9.71,2019,12,4,Air Quality Indicator
667244,375,Nitrogen dioxide (NO2),Mean,ppb,UHF42,404,Bayside - Little Neck,Winter 2019-20,2019-12-01,19.92,2019,12,4,Air Quality Indicator
669875,365,Fine particles (PM 2.5),Mean,mcg/m3,CD,211,Morris Park and Bronxdale (CD11),Winter 2019-20,2019-12-01,6.85,2019,12,4,Air Quality Indicator
667328,375,Nitrogen dioxide (NO2),Mean,ppb,UHF34,104,Pelham - Throgs Neck,Winter 2019-20,2019-12-01,22.22,2019,12,4,Air Quality Indicator
667514,375,Nitrogen dioxide (NO2),Mean,ppb,Citywide,1,New York City,Winter 2019-20,2019-12-01,22.98,2019,12,4,Air Quality Indicator
667592,375,Nitrogen dioxide (NO2),Mean,ppb,CD,201,Mott Haven and Melrose (CD1),Winter 2019-20,2019-12-01,26.15,2019,12,4,Air Quality Indicator
669651,365,Fine particles (PM 2.5),Mean,mcg/m3,UHF34,402,West Queens,Winter 2019-20,2019-12-01,8.24,2019,12,4,Air Quality Indicator
667658,375,Nitrogen dioxide (NO2),Mean,ppb,CD,212,Williamsbridge and Baychester (CD12),Winter 2019-20,2019-12-01,21.56,2019,12,4,Air Quality Indicator
667076,375,Nitrogen dioxide (NO2),Mean,ppb,UHF42,104,Pelham - Throgs Neck,Winter 2019-20,2019-12-01,22.22,2019,12,4,Air Quality Indicator
669881,365,Fine particles (PM 2.5),Mean,mcg/m3,CD,301,Greenpoint and Williamsburg (CD1),Winter 2019-20,2019-12-01,8.6,2019,12,4,Air Quality Indicator
669825,365,Fine particles (PM 2.5),Mean,mcg/m3,UHF42,105,Crotona -Tremont,Winter 2019-20,2019-12-01,7.37,2019,12,4,Air Quality Indicator
667496,375,Nitrogen dioxide (NO2),Mean,ppb,UHF34,501502,Northern SI,Winter 2019-20,2019-12-01,21.0,2019,12,4,Air Quality Indicator
667196,375,Nitrogen dioxide (NO2),Mean,ppb,UHF42,306,Chelsea - Clinton,Winter 2019-20,2019-12-01,33.6,2019,12,4,Air Quality Indicator
667550,375,Nitrogen dioxide (NO2),Mean,ppb,CD,106,Stuyvesant Town and Turtle Bay (CD6),Winter 2019-20,2019-12-01,32.57,2019,12,4,Air Quality Indicator
667124,375,Nitrogen dioxide (NO2),Mean,ppb,UHF42,205,Sunset Park,Winter 2019-20,2019-12-01,26.36,2019,12,4,Air Quality Indicator
667868,375,Nitrogen dioxide (NO2),Mean,ppb,CD,503,Tottenville and Great Kills (CD3),Winter 2019-20,2019-12-01,15.11,2019,12,4,Air Quality Indicator
667634,375,Nitrogen dioxide (NO2),Mean,ppb,CD,208,Riverdale and Fieldston (CD8),Winter 2019-20,2019-12-01,21.19,2019,12,4,Air Quality Indicator
669738,365,Fine particles (PM 2.5),Mean,mcg/m3,UHF42,406,Fresh Meadows,Winter 2019-20,2019-12-01,7.63,2019,12,4,Air Quality Indicator
667232,375,Nitrogen dioxide (NO2),Mean,ppb,UHF42,402,West Queens,Winter 2019-20,2019-12-01,26.72,2019,12,4,Air Quality Indicator
669890,365,Fine particles (PM 2.5),Mean,mcg/m3,CD,304,Bushwick (CD4),Winter 2019-20,2019-12-01,8.07,2019,12,4,Air Quality Indicator
667190,375,Nitrogen dioxide (NO2),Mean,ppb,UHF42,305,Upper East Side,Winter 2019-20,2019-12-01,29.8,2019,12,4,Air Quality Indicator
667736,375,Nitrogen dioxide (NO2),Mean,ppb,CD,313,Coney Island (CD13),Winter 2019-20,2019-12-01,20.92,2019,12,4,Air Quality Indicator
667604,375,Nitrogen dioxide (NO2),Mean,ppb,CD,203,Morrisania and Crotona (CD3),Winter 2019-20,2019-12-01,24.69,2019,12,4,Air Quality Indicator
669612,365,Fine particles (PM 2.5),Mean,mcg/m3,UHF34,105106107,South Bronx,Winter 2019-20,2019-12-01,7.28,2019,12,4,Air Quality Indicator
669944,365,Fine particles (PM 2.5),Mean,mcg/m3,CD,404,Elmhurst and Corona (CD4),Winter 2019-20,2019-12-01,8.36,2019,12,4,Air Quality Indicator
669744,365,Fine particles (PM 2.5),Mean,mcg/m3,UHF42,404,Bayside - Little Neck,Winter 2019-20,2019-12-01,7.65,2019,12,4,Air Quality Indicator
667112,375,Nitrogen dioxide (NO2),Mean,ppb,UHF42,203,Bedford Stuyvesant - Crown Heights,Winter 2019-20,2019-12-01,27.58,2019,12,4,Air Quality Indicator
667286,375,Nitrogen dioxide (NO2),Mean,ppb,UHF42,501,Port Richmond,Winter 2019-20,2019-12-01,21.89,2019,12,4,Air Quality Indicator
667178,375,Nitrogen dioxide (NO2),Mean,ppb,UHF42,303,East Harlem,Winter 2019-20,2019-12-01,26.76,2019,12,4,Air Quality Indicator
669905,365,Fine particles (PM 2.5),Mean,mcg/m3,CD,309,South Crown Heights and Lefferts Gardens (CD9),Winter 2019-20,2019-12-01,7.67,2019,12,4,Air Quality Indicator
669893,365,Fine particles (PM 2.5),Mean,mcg/m3,CD,305,East New York and Starrett City (CD5),Winter 2019-20,2019-12-01,7.33,2019,12,4,Air Quality Indicator
669902,365,Fine particles (PM 2.5),Mean,mcg/m3,CD,308,Crown Heights and Prospect Heights (CD8),Winter 2019-20,2019-12-01,8.04,2019,12,4,Air Quality Indicator
669735,365,Fine particles (PM 2.5),Mean,mcg/m3,UHF42,407,Southwest Queens,Winter 2019-20,2019-12-01,7.4,2019,12,4,Air Quality Indicator
669684,365,Fine particles (PM 2.5),Mean,mcg/m3,UHF34,206,Borough Park,Winter 2019-20,2019-12-01,7.49,2019,12,4,Air Quality Indicator
669884,365,Fine particles (PM 2.5),Mean,mcg/m3,CD,302,Fort Greene and Brooklyn Heights (CD2),Winter 2019-20,2019-12-01,8.68,2019,12,4,Air Quality Indicator
669642,365,Fine particles (PM 2.5),Mean,mcg/m3,UHF34,407,Southwest Queens,Winter 2019-20,2019-12-01,7.4,2019,12,4,Air Quality Indicator
669687,365,Fine particles (PM 2.5),Mean,mcg/m3,UHF34,205,Sunset Park,Winter 2019-20,2019-12-01,8.17,2019,12,4,Air Quality Indicator
669768,365,Fine particles (PM 2.5),Mean,mcg/m3,UHF42,306,Chelsea - Clinton,Winter 2019-20,2019-12-01,11.38,2019,12,4,Air Quality Indicator
669663,365,Fine particles (PM 2.5),Mean,mcg/m3,UHF34,302,Central Harlem - Morningside Heights,Winter 2019-20,2019-12-01,7.56,2019,12,4,Air Quality Indicator
669562,365,Fine particles (PM 2.5),Mean,mcg/m3,CD,105,Midtown (CD5),Winter 2019-20,2019-12-01,12.55,2019,12,4,Air Quality Indicator
669741,365,Fine particles (PM 2.5),Mean,mcg/m3,UHF42,405,Ridgewood - Forest Hills,Winter 2019-20,2019-12-01,7.7,2019,12,4,Air Quality Indicator
669863,365,Fine particles (PM 2.5),Mean,mcg/m3,CD,207,Kingsbridge Heights and Bedford (CD7),Winter 2019-20,2019-12-01,6.78,2019,12,4,Air Quality Indicator
667256,375,Nitrogen dioxide (NO2),Mean,ppb,UHF42,406,Fresh Meadows,Winter 2019-20,2019-12-01,22.53,2019,12,4,Air Quality Indicator
669568,365,Fine particles (PM 2.5),Mean,mcg/m3,CD,107,Upper West Side (CD7),Winter 2019-20,2019-12-01,7.87,2019,12,4,Air Quality Indicator
667544,375,Nitrogen dioxide (NO2),Mean,ppb,CD,105,Midtown (CD5),Winter 2019-20,2019-12-01,36.18,2019,12,4,Air Quality Indicator
669968,365,Fine particles (PM 2.5),Mean,mcg/m3,CD,412,Jamaica and Hollis (CD12),Winter 2019-20,2019-12-01,7.37,2019,12,4,Air Quality Indicator
667646,375,Nitrogen dioxide (NO2),Mean,ppb,CD,210,Throgs Neck and Co-op City (CD10),Winter 2019-20,2019-12-01,21.25,2019,12,4,Air Quality Indicator
667580,375,Nitrogen dioxide (NO2),Mean,ppb,CD,111,East Harlem (CD11),Winter 2019-20,2019-12-01,26.71,2019,12,4,Air Quality Indicator
669603,365,Fine particles (PM 2.5),Mean,mcg/m3,CD,102,Greenwich Village and Soho (CD2),Winter 2019-20,2019-12-01,11.5,2019,12,4,Air Quality Indicator
669860,365,Fine particles (PM 2.5),Mean,mcg/m3,CD,206,Belmont and East Tremont (CD6),Winter 2019-20,2019-12-01,7.4,2019,12,4,Air Quality Indicator
667364,375,Nitrogen dioxide (NO2),Mean,ppb,UHF34,206,Borough Park,Winter 2019-20,2019-12-01,25.64,2019,12,4,Air Quality Indicator
667376,375,Nitrogen dioxide (NO2),Mean,ppb,UHF34,208,Canarsie - Flatlands,Winter 2019-20,2019-12-01,22.86,2019,12,4,Air Quality Indicator
669732,365,Fine particles (PM 2.5),Mean,mcg/m3,UHF42,408,Jamaica,Winter 2019-20,2019-12-01,7.45,2019,12,4,Air Quality Indicator
669795,365,Fine particles (PM 2.5),Mean,mcg/m3,UHF42,208,Canarsie - Flatlands,Winter 2019-20,2019-12-01,6.85,2019,12,4,Air Quality Indicator
667856,375,Nitrogen dioxide (NO2),Mean,ppb,CD,501,St. George and Stapleton (CD1),Winter 2019-20,2019-12-01,21.69,2019,12,4,Air Quality Indicator
669819,365,Fine particles (PM 2.5),Mean,mcg/m3,UHF42,107,Hunts Point - Mott Haven,Winter 2019-20,2019-12-01,7.34,2019,12,4,Air Quality Indicator
669678,365,Fine particles (PM 2.5),Mean,mcg/m3,UHF34,208,Canarsie - Flatlands,Winter 2019-20,2019-12-01,6.85,2019,12,4,Air Quality Indicator
669714,365,Fine particles (PM 2.5),Mean,mcg/m3,UHF42,504,South Beach - Tottenville,Winter 2019-20,2019-12-01,6.05,2019,12,4,Air Quality Indicator
667520,375,Nitrogen dioxide (NO2),Mean,ppb,CD,101,Financial District (CD1),Winter 2019-20,2019-12-01,32.25,2019,12,4,Air Quality Indicator
669941,365,Fine particles (PM 2.5),Mean,mcg/m3,CD,403,Jackson Heights (CD3),Winter 2019-20,2019-12-01,8.14,2019,12,4,Air Quality Indicator
669792,365,Fine particles (PM 2.5),Mean,mcg/m3,UHF42,209,Bensonhurst - Bay Ridge,Winter 2019-20,2019-12-01,7.56,2019,12,4,Air Quality Indicator
669953,365,Fine particles (PM 2.5),Mean,mcg/m3,CD,407,Flushing and Whitestone (CD7),Winter 2019-20,2019-12-01,7.86,2019,12,4,Air Quality Indicator
669974,365,Fine particles (PM 2.5),Mean,mcg/m3,CD,414,Rockaway and Broad Channel (CD14),Winter 2019-20,2019-12-01,6.12,2019,12,4,Air Quality Indicator
667598,375,Nitrogen dioxide (NO2),Mean,ppb,CD,202,Hunts Point and Longwood (CD2),Winter 2019-20,2019-12-01,25.34,2019,12,4,Air Quality Indicator
667148,375,Nitrogen dioxide (NO2),Mean,ppb,UHF42,209,Bensonhurst - Bay Ridge,Winter 2019-20,2019-12-01,23.75,2019,12,4,Air Quality Indicator
669690,365,Fine particles (PM 2.5),Mean,mcg/m3,UHF34,204,East New York,Winter 2019-20,2019-12-01,7.4,2019,12,4,Air Quality Indicator
667046,375,Nitrogen dioxide (NO2),Mean,ppb,Borough,4,Queens,Winter 2019-20,2019-12-01,22.86,2019,12,4,Air Quality Indicator
667358,375,Nitrogen dioxide (NO2),Mean,ppb,UHF34,205,Sunset Park,Winter 2019-20,2019-12-01,26.36,2019,12,4,Air Quality Indicator
669896,365,Fine particles (PM 2.5),Mean,mcg/m3,CD,306,Park Slope and Carroll Gardens (CD6),Winter 2019-20,2019-12-01,8.49,2019,12,4,Air Quality Indicator
667790,375,Nitrogen dioxide (NO2),Mean,ppb,CD,404,Elmhurst and Corona (CD4),Winter 2019-20,2019-12-01,26.69,2019,12,4,Air Quality Indicator
669597,365,Fine particles (PM 2.5),Mean,mcg/m3,CD,104,Clinton and Chelsea (CD4),Winter 2019-20,2019-12-01,10.55,2019,12,4,Air Quality Indicator
669759,365,Fine particles (PM 2.5),Mean,mcg/m3,UHF42,309,Union Square - Lower East Side,Winter 2019-20,2019-12-01,10.31,2019,12,4,Air Quality Indicator
667448,375,Nitrogen dioxide (NO2),Mean,ppb,UHF34,407,Southwest Queens,Winter 2019-20,2019-12-01,23.92,2019,12,4,Air Quality Indicator
667670,375,Nitrogen dioxide (NO2),Mean,ppb,CD,302,Fort Greene and Brooklyn Heights (CD2),Winter 2019-20,2019-12-01,29.0,2019,12,4,Air Quality Indicator
667280,375,Nitrogen dioxide (NO2),Mean,ppb,UHF42,410,Rockaways,Winter 2019-20,2019-12-01,17.57,2019,12,4,Air Quality Indicator
667676,375,Nitrogen dioxide (NO2),Mean,ppb,CD,303,Bedford Stuyvesant (CD3),Winter 2019-20,2019-12-01,28.08,2019,12,4,Air Quality Indicator
667760,375,Nitrogen dioxide (NO2),Mean,ppb,CD,317,East Flatbush (CD17),Winter 2019-20,2019-12-01,26.3,2019,12,4,Air Quality Indicator
667766,375,Nitrogen dioxide (NO2),Mean,ppb,CD,318,Flatlands and Canarsie (CD18),Winter 2019-20,2019-12-01,22.83,2019,12,4,Air Quality Indicator
669822,365,Fine particles (PM 2.5),Mean,mcg/m3,UHF42,106,High Bridge - Morrisania,Winter 2019-20,2019-12-01,7.11,2019,12,4,Air Quality Indicator
669747,365,Fine particles (PM 2.5),Mean,mcg/m3,UHF42,403,Flushing - Clearview,Winter 2019-20,2019-12-01,7.83,2019,12,4,Air Quality Indicator
669929,365,Fine particles (PM 2.5),Mean,mcg/m3,CD,317,East Flatbush (CD17),Winter 2019-20,2019-12-01,7.41,2019,12,4,Air Quality Indicator
667502,375,Nitrogen dioxide (NO2),Mean,ppb,UHF34,503504,Southern SI,Winter 2019-20,2019-12-01,16.54,2019,12,4,Air Quality Indicator
667466,375,Nitrogen dioxide (NO2),Mean,ppb,UHF34,410,Rockaways,Winter 2019-20,2019-12-01,17.57,2019,12,4,Air Quality Indicator
667262,375,Nitrogen dioxide (NO2),Mean,ppb,UHF42,407,Southwest Queens,Winter 2019-20,2019-12-01,23.92,2019,12,4,Air Quality Indicator
667424,375,Nitrogen dioxide (NO2),Mean,ppb,UHF34,401,Long Island City - Astoria,Winter 2019-20,2019-12-01,27.62,2019,12,4,Air Quality Indicator
667208,375,Nitrogen dioxide (NO2),Mean,ppb,UHF42,308,Greenwich Village - SoHo,Winter 2019-20,2019-12-01,31.63,2019,12,4,Air Quality Indicator
667436,375,Nitrogen dioxide (NO2),Mean,ppb,UHF34,403,Flushing - Clearview,Winter 2019-20,2019-12-01,22.92,2019,12,4,Air Quality Indicator
667346,375,Nitrogen dioxide (NO2),Mean,ppb,UHF34,203,Bedford Stuyvesant - Crown Heights,Winter 2019-20,2019-12-01,27.58,2019,12,4,Air Quality Indicator
667352,375,Nitrogen dioxide (NO2),Mean,ppb,UHF34,204,East New York,Winter 2019-20,2019-12-01,25.5,2019,12,4,Air Quality Indicator
667268,375,Nitrogen dioxide (NO2),Mean,ppb,UHF42,408,Jamaica,Winter 2019-20,2019-12-01,22.29,2019,12,4,Air Quality Indicator
667202,375,Nitrogen dioxide (NO2),Mean,ppb,UHF42,307,Gramercy Park - Murray Hill,Winter 2019-20,2019-12-01,34.16,2019,12,4,Air Quality Indicator
667298,375,Nitrogen dioxide (NO2),Mean,ppb,UHF42,503,Willowbrook,Winter 2019-20,2019-12-01,18.46,2019,12,4,Air Quality Indicator
667058,375,Nitrogen dioxide (NO2),Mean,ppb,UHF42,101,Kingsbridge - Riverdale,Winter 2019-20,2019-12-01,21.27,2019,12,4,Air Quality Indicator
667304,375,Nitrogen dioxide (NO2),Mean,ppb,UHF42,504,South Beach - Tottenville,Winter 2019-20,2019-12-01,15.41,2019,12,4,Air Quality Indicator
667700,375,Nitrogen dioxide (NO2),Mean,ppb,CD,307,Sunset Park (CD7),Winter 2019-20,2019-12-01,26.6,2019,12,4,Air Quality Indicator
667082,375,Nitrogen dioxide (NO2),Mean,ppb,UHF42,105,Crotona -Tremont,Winter 2019-20,2019-12-01,24.76,2019,12,4,Air Quality Indicator
669720,365,Fine particles (PM 2.5),Mean,mcg/m3,UHF42,502,Stapleton - St. George,Winter 2019-20,2019-12-01,7.24,2019,12,4,Air Quality Indicator
667292,375,Nitrogen dioxide (NO2),Mean,ppb,UHF42,502,Stapleton - St. George,Winter 2019-20,2019-12-01,20.53,2019,12,4,Air Quality Indicator
669660,365,Fine particles (PM 2.5),Mean,mcg/m3,UHF34,303,East Harlem,Winter 2019-20,2019-12-01,7.83,2019,12,4,Air Quality Indicator
669843,365,Fine particles (PM 2.5),Mean,mcg/m3,Borough,4,Queens,Winter 2019-20,2019-12-01,7.55,2019,12,4,Air Quality Indicator
669672,365,Fine particles (PM 2.5),Mean,mcg/m3,UHF34,210,Coney Island - Sheepshead Bay,Winter 2019-20,2019-12-01,6.98,2019,12,4,Air Quality Indicator
669917,365,Fine particles (PM 2.5),Mean,mcg/m3,CD,313,Coney Island (CD13),Winter 2019-20,2019-12-01,6.97,2019,12,4,Air Quality Indicator
669804,365,Fine particles (PM 2.5),Mean,mcg/m3,UHF42,205,Sunset Park,Winter 2019-20,2019-12-01,8.17,2019,12,4,Air Quality Indicator
667028,375,Nitrogen dioxide (NO2),Mean,ppb,Borough,1,Bronx,Winter 2019-20,2019-12-01,23.04,2019,12,4,Air Quality Indicator
669831,365,Fine particles (PM 2.5),Mean,mcg/m3,UHF42,103,Fordham - Bronx Pk,Winter 2019-20,2019-12-01,6.68,2019,12,4,Air Quality Indicator
667694,375,Nitrogen dioxide (NO2),Mean,ppb,CD,306,Park Slope and Carroll Gardens (CD6),Winter 2019-20,2019-12-01,28.37,2019,12,4,Air Quality Indicator
669920,365,Fine particles (PM 2.5),Mean,mcg/m3,CD,314,Flatbush and Midwood (CD14),Winter 2019-20,2019-12-01,7.45,2019,12,4,Air Quality Indicator
667106,375,Nitrogen dioxide (NO2),Mean,ppb,UHF42,202,Downtown - Heights - Slope,Winter 2019-20,2019-12-01,28.64,2019,12,4,Air Quality Indicator
669777,365,Fine particles (PM 2.5),Mean,mcg/m3,UHF42,303,East Harlem,Winter 2019-20,2019-12-01,7.83,2019,12,4,Air Quality Indicator
667568,375,Nitrogen dioxide (NO2),Mean,ppb,CD,109,Morningside Heights and Hamilton Heights (CD9),Winter 2019-20,2019-12-01,26.17,2019,12,4,Air Quality Indicator
667136,375,Nitrogen dioxide (NO2),Mean,ppb,UHF42,207,East Flatbush - Flatbush,Winter 2019-20,2019-12-01,26.13,2019,12,4,Air Quality Indicator
667652,375,Nitrogen dioxide (NO2),Mean,ppb,CD,211,Morris Park and Bronxdale (CD11),Winter 2019-20,2019-12-01,22.5,2019,12,4,Air Quality Indicator
667484,375,Nitrogen dioxide (NO2),Mean,ppb,UHF34,309310,Union Square-Lower Manhattan,Winter 2019-20,2019-12-01,30.71,2019,12,4,Air Quality Indicator
669771,365,Fine particles (PM 2.5),Mean,mcg/m3,UHF42,305,Upper East Side,Winter 2019-20,2019-12-01,8.57,2019,12,4,Air Quality Indicator
669923,365,Fine particles (PM 2.5),Mean,mcg/m3,CD,315,Sheepshead Bay (CD15),Winter 2019-20,2019-12-01,6.97,2019,12,4,Air Quality Indicator
667166,375,Nitrogen dioxide (NO2),Mean,ppb,UHF42,301,Washington Heights,Winter 2019-20,2019-12-01,24.62,2019,12,4,Air Quality Indicator
667388,375,Nitrogen dioxide (NO2),Mean,ppb,UHF34,210,Coney Island - Sheepshead Bay,Winter 2019-20,2019-12-01,22.1,2019,12,4,Air Quality Indicator
667394,375,Nitrogen dioxide (NO2),Mean,ppb,UHF34,211,Williamsburg - Bushwick,Winter 2019-20,2019-12-01,28.7,2019,12,4,Air Quality Indicator
667220,375,Nitrogen dioxide (NO2),Mean,ppb,UHF42,310,Lower Manhattan,Winter 2019-20,2019-12-01,32.12,2019,12,4,Air Quality Indicator
669609,365,Fine particles (PM 2.5),Mean,mcg/m3,Citywide,1,New York City,Winter 2019-20,2019-12-01,7.43,2019,12,4,Air Quality Indicator
667562,375,Nitrogen dioxide (NO2),Mean,ppb,CD,108,Upper East Side (CD8),Winter 2019-20,2019-12-01,29.87,2019,12,4,Air Quality Indicator
669887,365,Fine particles (PM 2.5),Mean,mcg/m3,CD,303,Bedford Stuyvesant (CD3),Winter 2019-20,2019-12-01,7.99,2019,12,4,Air Quality Indicator
669726,365,Fine particles (PM 2.5),Mean,mcg/m3,UHF42,410,Rockaways,Winter 2019-20,2019-12-01,6.12,2019,12,4,Air Quality Indicator
667748,375,Nitrogen dioxide (NO2),Mean,ppb,CD,315,Sheepshead Bay (CD15),Winter 2019-20,2019-12-01,22.52,2019,12,4,Air Quality Indicator
667808,375,Nitrogen dioxide (NO2),Mean,ppb,CD,407,Flushing and Whitestone (CD7),Winter 2019-20,2019-12-01,22.99,2019,12,4,Air Quality Indicator
669971,365,Fine particles (PM 2.5),Mean,mcg/m3,CD,413,Queens Village (CD13),Winter 2019-20,2019-12-01,7.15,2019,12,4,Air Quality Indicator
669789,365,Fine particles (PM 2.5),Mean,mcg/m3,UHF42,210,Coney Island - Sheepshead Bay,Winter 2019-20,2019-12-01,6.98,2019,12,4,Air Quality Indicator
667430,375,Nitrogen dioxide (NO2),Mean,ppb,UHF34,402,West Queens,Winter 2019-20,2019-12-01,26.72,2019,12,4,Air Quality Indicator
667460,375,Nitrogen dioxide (NO2),Mean,ppb,UHF34,409,Southeast Queens,Winter 2019-20,2019-12-01,20.09,2019,12,4,Air Quality Indicator
669780,365,Fine particles (PM 2.5),Mean,mcg/m3,UHF42,302,Central Harlem - Morningside Heights,Winter 2019-20,2019-12-01,7.56,2019,12,4,Air Quality Indicator
667472,375,Nitrogen dioxide (NO2),Mean,ppb,UHF34,305307,Upper East Side-Gramercy,Winter 2019-20,2019-12-01,31.84,2019,12,4,Air Quality Indicator
667118,375,Nitrogen dioxide (NO2),Mean,ppb,UHF42,204,East New York,Winter 2019-20,2019-12-01,25.5,2019,12,4,Air Quality Indicator
669899,365,Fine particles (PM 2.5),Mean,mcg/m3,CD,307,Sunset Park (CD7),Winter 2019-20,2019-12-01,8.16,2019,12,4,Air Quality Indicator
669729,365,Fine particles (PM 2.5),Mean,mcg/m3,UHF42,409,Southeast Queens,Winter 2019-20,2019-12-01,7.16,2019,12,4,Air Quality Indicator
667682,375,Nitrogen dioxide (NO2),Mean,ppb,CD,304,Bushwick (CD4),Winter 2019-20,2019-12-01,27.69,2019,12,4,Air Quality Indicator
667454,375,Nitrogen dioxide (NO2),Mean,ppb,UHF34,408,Jamaica,Winter 2019-20,2019-12-01,22.29,2019,12,4,Air Quality Indicator
669711,365,Fine particles (PM 2.5),Mean,mcg/m3,UHF34,101,Kingsbridge - Riverdale,Winter 2019-20,2019-12-01,6.37,2019,12,4,Air Quality Indicator
667094,375,Nitrogen dioxide (NO2),Mean,ppb,UHF42,107,Hunts Point - Mott Haven,Winter 2019-20,2019-12-01,25.29,2019,12,4,Air Quality Indicator
667412,375,Nitrogen dioxide (NO2),Mean,ppb,UHF34,303,East Harlem,Winter 2019-20,2019-12-01,26.76,2019,12,4,Air Quality Indicator
667640,375,Nitrogen dioxide (NO2),Mean,ppb,CD,209,Parkchester and Soundview (CD9),Winter 2019-20,2019-12-01,23.28,2019,12,4,Air Quality Indicator
667370,375,Nitrogen dioxide (NO2),Mean,ppb,UHF34,207,East Flatbush - Flatbush,Winter 2019-20,2019-12-01,26.13,2019,12,4,Air Quality Indicator
667532,375,Nitrogen dioxide (NO2),Mean,ppb,CD,103,Lower East Side and Chinatown (CD3),Winter 2019-20,2019-12-01,29.78,2019,12,4,Air Quality Indicator
669866,365,Fine particles (PM 2.5),Mean,mcg/m3,CD,208,Riverdale and Fieldston (CD8),Winter 2019-20,2019-12-01,6.33,2019,12,4,Air Quality Indicator
667508,375,Nitrogen dioxide (NO2),Mean,ppb,UHF34,105106107,South Bronx,Winter 2019-20,2019-12-01,25.27,2019,12,4,Air Quality Indicator
667718,375,Nitrogen dioxide (NO2),Mean,ppb,CD,310,Bay Ridge and Dyker Heights (CD10),Winter 2019-20,2019-12-01,24.36,2019,12,4,Air Quality Indicator
669693,365,Fine particles (PM 2.5),Mean,mcg/m3,UHF34,203,Bedford Stuyvesant - Crown Heights,Winter 2019-20,2019-12-01,7.81,2019,12,4,Air Quality Indicator
667832,375,Nitrogen dioxide (NO2),Mean,ppb,CD,411,Bayside and Little Neck (CD11),Winter 2019-20,2019-12-01,20.33,2019,12,4,Air Quality Indicator
669621,365,Fine particles (PM 2.5),Mean,mcg/m3,UHF34,404406,Bayside Little Neck-Fresh Meadows,Winter 2019-20,2019-12-01,7.64,2019,12,4,Air Quality Indicator
669801,365,Fine particles (PM 2.5),Mean,mcg/m3,UHF42,206,Borough Park,Winter 2019-20,2019-12-01,7.49,2019,12,4,Air Quality Indicator
669657,365,Fine particles (PM 2.5),Mean,mcg/m3,UHF34,304,Upper West Side,Winter 2019-20,2019-12-01,7.87,2019,12,4,Air Quality Indicator
667820,375,Nitrogen dioxide (NO2),Mean,ppb,CD,409,Kew Gardens and Woodhaven (CD9),Winter 2019-20,2019-12-01,24.72,2019,12,4,Air Quality Indicator
667814,375,Nitrogen dioxide (NO2),Mean,ppb,CD,408,Hillcrest and Fresh Meadows (CD8),Winter 2019-20,2019-12-01,22.21,2019,12,4,Air Quality Indicator
667730,375,Nitrogen dioxide (NO2),Mean,ppb,CD,312,Borough Park (CD12),Winter 2019-20,2019-12-01,25.93,2019,12,4,Air Quality Indicator
667238,375,Nitrogen dioxide (NO2),Mean,ppb,UHF42,403,Flushing - Clearview,Winter 2019-20,2019-12-01,22.92,2019,12,4,Air Quality Indicator
669750,365,Fine particles (PM 2.5),Mean,mcg/m3,UHF42,402,West Queens,Winter 2019-20,2019-12-01,8.24,2019,12,4,Air Quality Indicator
669932,365,Fine particles (PM 2.5),Mean,mcg/m3,CD,318,Flatlands and Canarsie (CD18),Winter 2019-20,2019-12-01,6.84,2019,12,4,Air Quality Indicator
667040,375,Nitrogen dioxide (NO2),Mean,ppb,Borough,3,Manhattan,Winter 2019-20,2019-12-01,29.31,2019,12,4,Air Quality Indicator
669798,365,Fine particles (PM 2.5),Mean,mcg/m3,UHF42,207,East Flatbush - Flatbush,Winter 2019-20,2019-12-01,7.47,2019,12,4,Air Quality Indicator
669583,365,Fine particles (PM 2.5),Mean,mcg/m3,CD,112,Washington Heights and Inwood (CD12),Winter 2019-20,2019-12-01,7.33,2019,12,4,Air Quality Indicator
667778,375,Nitrogen dioxide (NO2),Mean,ppb,CD,402,Woodside and Sunnyside (CD2),Winter 2019-20,2019-12-01,28.09,2019,12,4,Air Quality Indicator
667802,375,Nitrogen dioxide (NO2),Mean,ppb,CD,406,Rego Park and Forest Hills (CD6),Winter 2019-20,2019-12-01,24.87,2019,12,4,Air Quality Indicator
669615,365,Fine particles (PM 2.5),Mean,mcg/m3,UHF34,503504,Southern SI,Winter 2019-20,2019-12-01,6.38,2019,12,4,Air Quality Indicator
667796,375,Nitrogen dioxide (NO2),Mean,ppb,CD,405,Ridgewood and Maspeth (CD5),Winter 2019-20,2019-12-01,26.06,2019,12,4,Air Quality Indicator
669950,365,Fine particles (PM 2.5),Mean,mcg/m3,CD,406,Rego Park and Forest Hills (CD6),Winter 2019-20,2019-12-01,7.89,2019,12,4,Air Quality Indicator
667706,375,Nitrogen dioxide (NO2),Mean,ppb,CD,308,Crown Heights and Prospect Heights (CD8),Winter 2019-20,2019-12-01,27.98,2019,12,4,Air Quality Indicator
669648,365,Fine particles (PM 2.5),Mean,mcg/m3,UHF34,403,Flushing - Clearview,Winter 2019-20,2019-12-01,7.82,2019,12,4,Air Quality Indicator
667478,375,Nitrogen dioxide (NO2),Mean,ppb,UHF34,306308,Chelsea-Village,Winter 2019-20,2019-12-01,32.94,2019,12,4,Air Quality Indicator
669935,365,Fine particles (PM 2.5),Mean,mcg/m3,CD,401,Long Island City and Astoria (CD1),Winter 2019-20,2019-12-01,7.94,2019,12,4,Air Quality Indicator
669577,365,Fine particles (PM 2.5),Mean,mcg/m3,CD,110,Central Harlem (CD10),Winter 2019-20,2019-12-01,7.54,2019,12,4,Air Quality Indicator
669977,365,Fine particles (PM 2.5),Mean,mcg/m3,CD,501,St. George and Stapleton (CD1),Winter 2019-20,2019-12-01,7.43,2019,12,4,Air Quality Indicator
667850,375,Nitrogen dioxide (NO2),Mean,ppb,CD,414,Rockaway and Broad Channel (CD14),Winter 2019-20,2019-12-01,17.49,2019,12,4,Air Quality Indicator
667160,375,Nitrogen dioxide (NO2),Mean,ppb,UHF42,211,Williamsburg - Bushwick,Winter 2019-20,2019-12-01,28.7,2019,12,4,Air Quality Indicator
667184,375,Nitrogen dioxide (NO2),Mean,ppb,UHF42,304,Upper West Side,Winter 2019-20,2019-12-01,28.11,2019,12,4,Air Quality Indicator
669669,365,Fine particles (PM 2.5),Mean,mcg/m3,UHF34,211,Williamsburg - Bushwick,Winter 2019-20,2019-12-01,8.29,2019,12,4,Air Quality Indicator
669589,365,Fine particles (PM 2.5),Mean,mcg/m3,CD,202,Hunts Point and Longwood (CD2),Winter 2019-20,2019-12-01,7.52,2019,12,4,Air Quality Indicator
669816,365,Fine particles (PM 2.5),Mean,mcg/m3,UHF42,201,Greenpoint,Winter 2019-20,2019-12-01,8.59,2019,12,4,Air Quality Indicator
669872,365,Fine particles (PM 2.5),Mean,mcg/m3,CD,210,Throgs Neck and Co-op City (CD10),Winter 2019-20,2019-12-01,7.26,2019,12,4,Air Quality Indicator
669753,365,Fine particles (PM 2.5),Mean,mcg/m3,UHF42,401,Long Island City - Astoria,Winter 2019-20,2019-12-01,8.31,2019,12,4,Air Quality Indicator
667844,375,Nitrogen dioxide (NO2),Mean,ppb,CD,413,Queens Village (CD13),Winter 2019-20,2019-12-01,20.17,2019,12,4,Air Quality Indicator
669606,365,Fine particles (PM 2.5),Mean,mcg/m3,CD,101,Financial District (CD1),Winter 2019-20,2019-12-01,10.03,2019,12,4,Air Quality Indicator
667214,375,Nitrogen dioxide (NO2),Mean,ppb,UHF42,309,Union Square - Lower East Side,Winter 2019-20,2019-12-01,30.06,2019,12,4,Air Quality Indicator
667250,375,Nitrogen dioxide (NO2),Mean,ppb,UHF42,405,Ridgewood - Forest Hills,Winter 2019-20,2019-12-01,25.26,2019,12,4,Air Quality Indicator
669908,365,Fine particles (PM 2.5),Mean,mcg/m3,CD,310,Bay Ridge and Dyker Heights (CD10),Winter 2019-20,2019-12-01,7.84,2019,12,4,Air Quality Indicator
669774,365,Fine particles (PM 2.5),Mean,mcg/m3,UHF42,304,Upper West Side,Winter 2019-20,2019-12-01,7.87,2019,12,4,Air Quality Indicator
667088,375,Nitrogen dioxide (NO2),Mean,ppb,UHF42,106,High Bridge - Morrisania,Winter 2019-20,2019-12-01,25.81,2019,12,4,Air Quality Indicator
667526,375,Nitrogen dioxide (NO2),Mean,ppb,CD,102,Greenwich Village and Soho (CD2),Winter 2019-20,2019-12-01,31.53,2019,12,4,Air Quality Indicator
669869,365,Fine particles (PM 2.5),Mean,mcg/m3,CD,209,Parkchester and Soundview (CD9),Winter 2019-20,2019-12-01,7.43,2019,12,4,Air Quality Indicator
669717,365,Fine particles (PM 2.5),Mean,mcg/m3,UHF42,503,Willowbrook,Winter 2019-20,2019-12-01,6.95,2019,12,4,Air Quality Indicator
667490,375,Nitrogen dioxide (NO2),Mean,ppb,UHF34,404406,Bayside Little Neck-Fresh Meadows,Winter 2019-20,2019-12-01,20.96,2019,12,4,Air Quality Indicator
667772,375,Nitrogen dioxide (NO2),Mean,ppb,CD,401,Long Island City and Astoria (CD1),Winter 2019-20,2019-12-01,26.07,2019,12,4,Air Quality Indicator
667064,375,Nitrogen dioxide (NO2),Mean,ppb,UHF42,102,Northeast Bronx,Winter 2019-20,2019-12-01,21.91,2019,12,4,Air Quality Indicator
669956,365,Fine particles (PM 2.5),Mean,mcg/m3,CD,408,Hillcrest and Fresh Meadows (CD8),Winter 2019-20,2019-12-01,7.69,2019,12,4,Air Quality Indicator
669600,365,Fine particles (PM 2.5),Mean,mcg/m3,CD,103,Lower East Side and Chinatown (CD3),Winter 2019-20,2019-12-01,9.95,2019,12,4,Air Quality Indicator
667316,375,Nitrogen dioxide (NO2),Mean,ppb,UHF34,102,Northeast Bronx,Winter 2019-20,2019-12-01,21.91,2019,12,4,Air Quality Indicator
667862,375,Nitrogen dioxide (NO2),Mean,ppb,CD,502,South Beach and Willowbrook (CD2),Winter 2019-20,2019-12-01,18.24,2019,12,4,Air Quality Indicator
669592,365,Fine particles (PM 2.5),Mean,mcg/m3,CD,203,Morrisania and Crotona (CD3),Winter 2019-20,2019-12-01,7.21,2019,12,4,Air Quality Indicator
669639,365,Fine particles (PM 2.5),Mean,mcg/m3,UHF34,408,Jamaica,Winter 2019-20,2019-12-01,7.45,2019,12,4,Air Quality Indicator
667838,375,Nitrogen dioxide (NO2),Mean,ppb,CD,412,Jamaica and Hollis (CD12),Winter 2019-20,2019-12-01,22.29,2019,12,4,Air Quality Indicator
667616,375,Nitrogen dioxide (NO2),Mean,ppb,CD,205,Fordham and University Heights (CD5),Winter 2019-20,2019-12-01,25.45,2019,12,4,Air Quality Indicator
669702,365,Fine particles (PM 2.5),Mean,mcg/m3,UHF34,104,Pelham - Throgs Neck,Winter 2019-20,2019-12-01,7.28,2019,12,4,Air Quality Indicator
667154,375,Nitrogen dioxide (NO2),Mean,ppb,UHF42,210,Coney Island - Sheepshead Bay,Winter 2019-20,2019-12-01,22.1,2019,12,4,Air Quality Indicator
669857,365,Fine particles (PM 2.5),Mean,mcg/m3,CD,205,Fordham and University Heights (CD5),Winter 2019-20,2019-12-01,7.22,2019,12,4,Air Quality Indicator
667628,375,Nitrogen dioxide (NO2),Mean,ppb,CD,207,Kingsbridge Heights and Bedford (CD7),Winter 2019-20,2019-12-01,23.68,2019,12,4,Air Quality Indicator
669947,365,Fine particles (PM 2.5),Mean,mcg/m3,CD,405,Ridgewood and Maspeth (CD5),Winter 2019-20,2019-12-01,7.71,2019,12,4,Air Quality Indicator
669666,365,Fine particles (PM 2.5),Mean,mcg/m3,UHF34,301,Washington Heights,Winter 2019-20,2019-12-01,7.35,2019,12,4,Air Quality Indicator
669645,365,Fine particles (PM 2.5),Mean,mcg/m3,UHF34,405,Ridgewood - Forest Hills,Winter 2019-20,2019-12-01,7.7,2019,12,4,Air Quality Indicator
669696,365,Fine particles (PM 2.5),Mean,mcg/m3,UHF34,202,Downtown - Heights - Slope,Winter 2019-20,2019-12-01,8.55,2019,12,4,Air Quality Indicator
669926,365,Fine particles (PM 2.5),Mean,mcg/m3,CD,316,Brownsville (CD16),Winter 2019-20,2019-12-01,7.53,2019,12,4,Air Quality Indicator
667034,375,Nitrogen dioxide (NO2),Mean,ppb,Borough,2,Brooklyn,Winter 2019-20,2019-12-01,25.56,2019,12,4,Air Quality Indicator
667142,375,Nitrogen dioxide (NO2),Mean,ppb,UHF42,208,Canarsie - Flatlands,Winter 2019-20,2019-12-01,22.86,2019,12,4,Air Quality Indicator
669699,365,Fine particles (PM 2.5),Mean,mcg/m3,UHF34,201,Greenpoint,Winter 2019-20,2019-12-01,8.59,2019,12,4,Air Quality Indicator
667274,375,Nitrogen dioxide (NO2),Mean,ppb,UHF42,409,Southeast Queens,Winter 2019-20,2019-12-01,20.09,2019,12,4,Air Quality Indicator
669854,365,Fine particles (PM 2.5),Mean,mcg/m3,CD,204,Highbridge and Concourse (CD4),Winter 2019-20,2019-12-01,7.13,2019,12,4,Air Quality Indicator
667130,375,Nitrogen dioxide (NO2),Mean,ppb,UHF42,206,Borough Park,Winter 2019-20,2019-12-01,25.64,2019,12,4,Air Quality Indicator
667340,375,Nitrogen dioxide (NO2),Mean,ppb,UHF34,202,Downtown - Heights - Slope,Winter 2019-20,2019-12-01,28.64,2019,12,4,Air Quality Indicator
667334,375,Nitrogen dioxide (NO2),Mean,ppb,UHF34,201,Greenpoint,Winter 2019-20,2019-12-01,29.27,2019,12,4,Air Quality Indicator
649757,365,Fine particles (PM 2.5),Mean,mcg/m3,UHF42,404,Bayside - Little Neck,Summer 2019,2019-06-01,7.29,2019,6,2,Air Quality Indicator
643565,375,Nitrogen dioxide (NO2),Mean,ppb,CD,106,Stuyvesant Town and Turtle Bay (CD6),Summer 2019,2019-06-01,23.07,2019,6,2,Air Quality Indicator
643442,375,Nitrogen dioxide (NO2),Mean,ppb,UHF42,504,South Beach - Tottenville,Summer 2019,2019-06-01,7.82,2019,6,2,Air Quality Indicator
651016,386,Ozone (O3),Mean,ppb,CD,206,Belmont and East Tremont (CD6),Summer 2019,2019-06-01,29.49,2019,6,2,Air Quality Indicator
651002,386,Ozone (O3),Mean,ppb,CD,104,Clinton and Chelsea (CD4),Summer 2019,2019-06-01,24.4,2019,6,2,Air Quality Indicator
651018,386,Ozone (O3),Mean,ppb,CD,208,Riverdale and Fieldston (CD8),Summer 2019,2019-06-01,28.62,2019,6,2,Air Quality Indicator
651004,386,Ozone (O3),Mean,ppb,CD,106,Stuyvesant Town and Turtle Bay (CD6),Summer 2019,2019-06-01,24.56,2019,6,2,Air Quality Indicator
651028,386,Ozone (O3),Mean,ppb,CD,306,Park Slope and Carroll Gardens (CD6),Summer 2019,2019-06-01,27.6,2019,6,2,Air Quality Indicator
650006,365,Fine particles (PM 2.5),Mean,mcg/m3,CD,314,Flatbush and Midwood (CD14),Summer 2019,2019-06-01,7.78,2019,6,2,Air Quality Indicator
643520,375,Nitrogen dioxide (NO2),Mean,ppb,UHF34,409,Southeast Queens,Summer 2019,2019-06-01,12.99,2019,6,2,Air Quality Indicator
643469,375,Nitrogen dioxide (NO2),Mean,ppb,UHF34,205,Sunset Park,Summer 2019,2019-06-01,16.21,2019,6,2,Air Quality Indicator
649982,365,Fine particles (PM 2.5),Mean,mcg/m3,CD,306,Park Slope and Carroll Gardens (CD6),Summer 2019,2019-06-01,9.19,2019,6,2,Air Quality Indicator
649661,365,Fine particles (PM 2.5),Mean,mcg/m3,Borough,5,Staten Island,Summer 2019,2019-06-01,7.38,2019,6,2,Air Quality Indicator
643694,375,Nitrogen dioxide (NO2),Mean,ppb,CD,407,Flushing and Whitestone (CD7),Summer 2019,2019-06-01,13.58,2019,6,2,Air Quality Indicator
650978,386,Ozone (O3),Mean,ppb,UHF34,211,Williamsburg - Bushwick,Summer 2019,2019-06-01,29.34,2019,6,2,Air Quality Indicator
650976,386,Ozone (O3),Mean,ppb,UHF34,209,Bensonhurst - Bay Ridge,Summer 2019,2019-06-01,30.83,2019,6,2,Air Quality Indicator
649832,365,Fine particles (PM 2.5),Mean,mcg/m3,UHF34,211,Williamsburg - Bushwick,Summer 2019,2019-06-01,8.96,2019,6,2,Air Quality Indicator
651023,386,Ozone (O3),Mean,ppb,CD,301,Greenpoint and Williamsburg (CD1),Summer 2019,2019-06-01,27.86,2019,6,2,Air Quality Indicator
651000,386,Ozone (O3),Mean,ppb,CD,102,Greenwich Village and Soho (CD2),Summer 2019,2019-06-01,24.93,2019,6,2,Air Quality Indicator
649973,365,Fine particles (PM 2.5),Mean,mcg/m3,CD,303,Bedford Stuyvesant (CD3),Summer 2019,2019-06-01,8.09,2019,6,2,Air Quality Indicator
651041,386,Ozone (O3),Mean,ppb,CD,401,Long Island City and Astoria (CD1),Summer 2019,2019-06-01,29.41,2019,6,2,Air Quality Indicator
649799,365,Fine particles (PM 2.5),Mean,mcg/m3,UHF34,104,Pelham - Throgs Neck,Summer 2019,2019-06-01,7.81,2019,6,2,Air Quality Indicator
650974,386,Ozone (O3),Mean,ppb,UHF34,207,East Flatbush - Flatbush,Summer 2019,2019-06-01,31.43,2019,6,2,Air Quality Indicator
649937,365,Fine particles (PM 2.5),Mean,mcg/m3,CD,203,Morrisania and Crotona (CD3),Summer 2019,2019-06-01,8.05,2019,6,2,Air Quality Indicator
643550,375,Nitrogen dioxide (NO2),Mean,ppb,CD,101,Financial District (CD1),Summer 2019,2019-06-01,23.26,2019,6,2,Air Quality Indicator
649805,365,Fine particles (PM 2.5),Mean,mcg/m3,UHF34,202,Downtown - Heights - Slope,Summer 2019,2019-06-01,8.9,2019,6,2,Air Quality Indicator
649844,365,Fine particles (PM 2.5),Mean,mcg/m3,UHF34,304,Upper West Side,Summer 2019,2019-06-01,8.55,2019,6,2,Air Quality Indicator
649841,365,Fine particles (PM 2.5),Mean,mcg/m3,UHF34,303,East Harlem,Summer 2019,2019-06-01,8.27,2019,6,2,Air Quality Indicator
643577,375,Nitrogen dioxide (NO2),Mean,ppb,CD,110,Central Harlem (CD10),Summer 2019,2019-06-01,16.8,2019,6,2,Air Quality Indicator
649664,365,Fine particles (PM 2.5),Mean,mcg/m3,UHF42,101,Kingsbridge - Riverdale,Summer 2019,2019-06-01,7.78,2019,6,2,Air Quality Indicator
649697,365,Fine particles (PM 2.5),Mean,mcg/m3,UHF42,205,Sunset Park,Summer 2019,2019-06-01,8.86,2019,6,2,Air Quality Indicator
649958,365,Fine particles (PM 2.5),Mean,mcg/m3,CD,210,Throgs Neck and Co-op City (CD10),Summer 2019,2019-06-01,7.73,2019,6,2,Air Quality Indicator
649964,365,Fine particles (PM 2.5),Mean,mcg/m3,CD,212,Williamsbridge and Baychester (CD12),Summer 2019,2019-06-01,7.69,2019,6,2,Air Quality Indicator
650939,386,Ozone (O3),Mean,ppb,UHF42,211,Williamsburg - Bushwick,Summer 2019,2019-06-01,29.34,2019,6,2,Air Quality Indicator
649835,365,Fine particles (PM 2.5),Mean,mcg/m3,UHF34,301,Washington Heights,Summer 2019,2019-06-01,8.17,2019,6,2,Air Quality Indicator
649838,365,Fine particles (PM 2.5),Mean,mcg/m3,UHF34,302,Central Harlem - Morningside Heights,Summer 2019,2019-06-01,8.19,2019,6,2,Air Quality Indicator
649703,365,Fine particles (PM 2.5),Mean,mcg/m3,UHF42,207,East Flatbush - Flatbush,Summer 2019,2019-06-01,7.87,2019,6,2,Air Quality Indicator
649943,365,Fine particles (PM 2.5),Mean,mcg/m3,CD,205,Fordham and University Heights (CD5),Summer 2019,2019-06-01,8.31,2019,6,2,Air Quality Indicator
650964,386,Ozone (O3),Mean,ppb,UHF34,101,Kingsbridge - Riverdale,Summer 2019,2019-06-01,28.43,2019,6,2,Air Quality Indicator
650969,386,Ozone (O3),Mean,ppb,UHF34,202,Downtown - Heights - Slope,Summer 2019,2019-06-01,27.61,2019,6,2,Air Quality Indicator
649709,365,Fine particles (PM 2.5),Mean,mcg/m3,UHF42,209,Bensonhurst - Bay Ridge,Summer 2019,2019-06-01,7.79,2019,6,2,Air Quality Indicator
649670,365,Fine particles (PM 2.5),Mean,mcg/m3,UHF42,103,Fordham - Bronx Pk,Summer 2019,2019-06-01,7.77,2019,6,2,Air Quality Indicator
650970,386,Ozone (O3),Mean,ppb,UHF34,203,Bedford Stuyvesant - Crown Heights,Summer 2019,2019-06-01,30.46,2019,6,2,Air Quality Indicator
650982,386,Ozone (O3),Mean,ppb,UHF34,304,Upper West Side,Summer 2019,2019-06-01,25.59,2019,6,2,Air Quality Indicator
650925,386,Ozone (O3),Mean,ppb,UHF42,104,Pelham - Throgs Neck,Summer 2019,2019-06-01,30.87,2019,6,2,Air Quality Indicator
650971,386,Ozone (O3),Mean,ppb,UHF34,204,East New York,Summer 2019,2019-06-01,32.61,2019,6,2,Air Quality Indicator
650985,386,Ozone (O3),Mean,ppb,UHF34,403,Flushing - Clearview,Summer 2019,2019-06-01,31.31,2019,6,2,Air Quality Indicator
650963,386,Ozone (O3),Mean,ppb,UHF42,504,South Beach - Tottenville,Summer 2019,2019-06-01,30.14,2019,6,2,Air Quality Indicator
643661,375,Nitrogen dioxide (NO2),Mean,ppb,CD,314,Flatbush and Midwood (CD14),Summer 2019,2019-06-01,12.38,2019,6,2,Air Quality Indicator
651047,386,Ozone (O3),Mean,ppb,CD,407,Flushing and Whitestone (CD7),Summer 2019,2019-06-01,31.28,2019,6,2,Air Quality Indicator
650994,386,Ozone (O3),Mean,ppb,UHF34,404406,Bayside Little Neck-Fresh Meadows,Summer 2019,2019-06-01,31.73,2019,6,2,Air Quality Indicator
649760,365,Fine particles (PM 2.5),Mean,mcg/m3,UHF42,405,Ridgewood - Forest Hills,Summer 2019,2019-06-01,7.91,2019,6,2,Air Quality Indicator
649922,365,Fine particles (PM 2.5),Mean,mcg/m3,CD,110,Central Harlem (CD10),Summer 2019,2019-06-01,8.17,2019,6,2,Air Quality Indicator
643313,375,Nitrogen dioxide (NO2),Mean,ppb,Borough,4,Queens,Summer 2019,2019-06-01,13.06,2019,6,2,Air Quality Indicator
649748,365,Fine particles (PM 2.5),Mean,mcg/m3,UHF42,401,Long Island City - Astoria,Summer 2019,2019-06-01,9.28,2019,6,2,Air Quality Indicator
649895,365,Fine particles (PM 2.5),Mean,mcg/m3,CD,101,Financial District (CD1),Summer 2019,2019-06-01,9.69,2019,6,2,Air Quality Indicator
649655,365,Fine particles (PM 2.5),Mean,mcg/m3,Borough,3,Manhattan,Summer 2019,2019-06-01,9.44,2019,6,2,Air Quality Indicator
649802,365,Fine particles (PM 2.5),Mean,mcg/m3,UHF34,201,Greenpoint,Summer 2019,2019-06-01,9.93,2019,6,2,Air Quality Indicator
650920,386,Ozone (O3),Mean,ppb,Borough,4,Queens,Summer 2019,2019-06-01,32.18,2019,6,2,Air Quality Indicator
651037,386,Ozone (O3),Mean,ppb,CD,315,Sheepshead Bay (CD15),Summer 2019,2019-06-01,33.29,2019,6,2,Air Quality Indicator
651053,386,Ozone (O3),Mean,ppb,CD,413,Queens Village (CD13),Summer 2019,2019-06-01,33.58,2019,6,2,Air Quality Indicator
650943,386,Ozone (O3),Mean,ppb,UHF42,304,Upper West Side,Summer 2019,2019-06-01,25.59,2019,6,2,Air Quality Indicator
643595,375,Nitrogen dioxide (NO2),Mean,ppb,CD,204,Highbridge and Concourse (CD4),Summer 2019,2019-06-01,15.39,2019,6,2,Air Quality Indicator
650021,365,Fine particles (PM 2.5),Mean,mcg/m3,CD,401,Long Island City and Astoria (CD1),Summer 2019,2019-06-01,8.47,2019,6,2,Air Quality Indicator
650983,386,Ozone (O3),Mean,ppb,UHF34,401,Long Island City - Astoria,Summer 2019,2019-06-01,28.36,2019,6,2,Air Quality Indicator
649865,365,Fine particles (PM 2.5),Mean,mcg/m3,UHF34,409,Southeast Queens,Summer 2019,2019-06-01,7.18,2019,6,2,Air Quality Indicator
650039,365,Fine particles (PM 2.5),Mean,mcg/m3,CD,407,Flushing and Whitestone (CD7),Summer 2019,2019-06-01,7.81,2019,6,2,Air Quality Indicator
650060,365,Fine particles (PM 2.5),Mean,mcg/m3,CD,414,Rockaway and Broad Channel (CD14),Summer 2019,2019-06-01,7.02,2019,6,2,Air Quality Indicator
643397,375,Nitrogen dioxide (NO2),Mean,ppb,UHF42,309,Union Square - Lower East Side,Summer 2019,2019-06-01,20.28,2019,6,2,Air Quality Indicator
643400,375,Nitrogen dioxide (NO2),Mean,ppb,UHF42,310,Lower Manhattan,Summer 2019,2019-06-01,23.09,2019,6,2,Air Quality Indicator
643673,375,Nitrogen dioxide (NO2),Mean,ppb,CD,318,Flatlands and Canarsie (CD18),Summer 2019,2019-06-01,9.24,2019,6,2,Air Quality Indicator
643394,375,Nitrogen dioxide (NO2),Mean,ppb,UHF42,308,Greenwich Village - SoHo,Summer 2019,2019-06-01,22.64,2019,6,2,Air Quality Indicator
650929,386,Ozone (O3),Mean,ppb,UHF42,201,Greenpoint,Summer 2019,2019-06-01,27.77,2019,6,2,Air Quality Indicator
643547,375,Nitrogen dioxide (NO2),Mean,ppb,Citywide,1,New York City,Summer 2019,2019-06-01,12.98,2019,6,2,Air Quality Indicator
650938,386,Ozone (O3),Mean,ppb,UHF42,210,Coney Island - Sheepshead Bay,Summer 2019,2019-06-01,33.33,2019,6,2,Air Quality Indicator
650919,386,Ozone (O3),Mean,ppb,Borough,3,Manhattan,Summer 2019,2019-06-01,25.85,2019,6,2,Air Quality Indicator
643319,375,Nitrogen dioxide (NO2),Mean,ppb,UHF42,101,Kingsbridge - Riverdale,Summer 2019,2019-06-01,10.39,2019,6,2,Air Quality Indicator
650958,386,Ozone (O3),Mean,ppb,UHF42,409,Southeast Queens,Summer 2019,2019-06-01,33.42,2019,6,2,Air Quality Indicator
650965,386,Ozone (O3),Mean,ppb,UHF34,102,Northeast Bronx,Summer 2019,2019-06-01,30.34,2019,6,2,Air Quality Indicator
650984,386,Ozone (O3),Mean,ppb,UHF34,402,West Queens,Summer 2019,2019-06-01,29.95,2019,6,2,Air Quality Indicator
643457,375,Nitrogen dioxide (NO2),Mean,ppb,UHF34,201,Greenpoint,Summer 2019,2019-06-01,19.22,2019,6,2,Air Quality Indicator
643625,375,Nitrogen dioxide (NO2),Mean,ppb,CD,302,Fort Greene and Brooklyn Heights (CD2),Summer 2019,2019-06-01,18.02,2019,6,2,Air Quality Indicator
650979,386,Ozone (O3),Mean,ppb,UHF34,301,Washington Heights,Summer 2019,2019-06-01,27.73,2019,6,2,Air Quality Indicator
650986,386,Ozone (O3),Mean,ppb,UHF34,405,Ridgewood - Forest Hills,Summer 2019,2019-06-01,31.3,2019,6,2,Air Quality Indicator
650968,386,Ozone (O3),Mean,ppb,UHF34,201,Greenpoint,Summer 2019,2019-06-01,27.77,2019,6,2,Air Quality Indicator
650932,386,Ozone (O3),Mean,ppb,UHF42,204,East New York,Summer 2019,2019-06-01,32.61,2019,6,2,Air Quality Indicator
643355,375,Nitrogen dioxide (NO2),Mean,ppb,UHF42,206,Borough Park,Summer 2019,2019-06-01,13.58,2019,6,2,Air Quality Indicator
643604,375,Nitrogen dioxide (NO2),Mean,ppb,CD,207,Kingsbridge Heights and Bedford (CD7),Summer 2019,2019-06-01,13.09,2019,6,2,Air Quality Indicator
643328,375,Nitrogen dioxide (NO2),Mean,ppb,UHF42,104,Pelham - Throgs Neck,Summer 2019,2019-06-01,12.8,2019,6,2,Air Quality Indicator
643316,375,Nitrogen dioxide (NO2),Mean,ppb,Borough,5,Staten Island,Summer 2019,2019-06-01,9.84,2019,6,2,Air Quality Indicator
649829,365,Fine particles (PM 2.5),Mean,mcg/m3,UHF34,210,Coney Island - Sheepshead Bay,Summer 2019,2019-06-01,7.64,2019,6,2,Air Quality Indicator
643385,375,Nitrogen dioxide (NO2),Mean,ppb,UHF42,305,Upper East Side,Summer 2019,2019-06-01,20.08,2019,6,2,Air Quality Indicator
643484,375,Nitrogen dioxide (NO2),Mean,ppb,UHF34,210,Coney Island - Sheepshead Bay,Summer 2019,2019-06-01,9.97,2019,6,2,Air Quality Indicator
649658,365,Fine particles (PM 2.5),Mean,mcg/m3,Borough,4,Queens,Summer 2019,2019-06-01,7.72,2019,6,2,Air Quality Indicator
650977,386,Ozone (O3),Mean,ppb,UHF34,210,Coney Island - Sheepshead Bay,Summer 2019,2019-06-01,33.33,2019,6,2,Air Quality Indicator
643658,375,Nitrogen dioxide (NO2),Mean,ppb,CD,313,Coney Island (CD13),Summer 2019,2019-06-01,9.6,2019,6,2,Air Quality Indicator
650957,386,Ozone (O3),Mean,ppb,UHF42,408,Jamaica,Summer 2019,2019-06-01,32.83,2019,6,2,Air Quality Indicator
650956,386,Ozone (O3),Mean,ppb,UHF42,407,Southwest Queens,Summer 2019,2019-06-01,33.31,2019,6,2,Air Quality Indicator
650946,386,Ozone (O3),Mean,ppb,UHF42,307,Gramercy Park - Murray Hill,Summer 2019,2019-06-01,23.96,2019,6,2,Air Quality Indicator
651031,386,Ozone (O3),Mean,ppb,CD,309,South Crown Heights and Lefferts Gardens (CD9),Summer 2019,2019-06-01,30.57,2019,6,2,Air Quality Indicator
650935,386,Ozone (O3),Mean,ppb,UHF42,207,East Flatbush - Flatbush,Summer 2019,2019-06-01,31.43,2019,6,2,Air Quality Indicator
651051,386,Ozone (O3),Mean,ppb,CD,411,Bayside and Little Neck (CD11),Summer 2019,2019-06-01,31.78,2019,6,2,Air Quality Indicator
643685,375,Nitrogen dioxide (NO2),Mean,ppb,CD,404,Elmhurst and Corona (CD4),Summer 2019,2019-06-01,14.98,2019,6,2,Air Quality Indicator
643592,375,Nitrogen dioxide (NO2),Mean,ppb,CD,203,Morrisania and Crotona (CD3),Summer 2019,2019-06-01,14.43,2019,6,2,Air Quality Indicator
643628,375,Nitrogen dioxide (NO2),Mean,ppb,CD,303,Bedford Stuyvesant (CD3),Summer 2019,2019-06-01,15.35,2019,6,2,Air Quality Indicator
643670,375,Nitrogen dioxide (NO2),Mean,ppb,CD,317,East Flatbush (CD17),Summer 2019,2019-06-01,12.67,2019,6,2,Air Quality Indicator
650009,365,Fine particles (PM 2.5),Mean,mcg/m3,CD,315,Sheepshead Bay (CD15),Summer 2019,2019-06-01,7.66,2019,6,2,Air Quality Indicator
643637,375,Nitrogen dioxide (NO2),Mean,ppb,CD,306,Park Slope and Carroll Gardens (CD6),Summer 2019,2019-06-01,18.11,2019,6,2,Air Quality Indicator
649730,365,Fine particles (PM 2.5),Mean,mcg/m3,UHF42,305,Upper East Side,Summer 2019,2019-06-01,9.14,2019,6,2,Air Quality Indicator
643616,375,Nitrogen dioxide (NO2),Mean,ppb,CD,211,Morris Park and Bronxdale (CD11),Summer 2019,2019-06-01,12.73,2019,6,2,Air Quality Indicator
643481,375,Nitrogen dioxide (NO2),Mean,ppb,UHF34,209,Bensonhurst - Bay Ridge,Summer 2019,2019-06-01,13.0,2019,6,2,Air Quality Indicator
643487,375,Nitrogen dioxide (NO2),Mean,ppb,UHF34,211,Williamsburg - Bushwick,Summer 2019,2019-06-01,16.66,2019,6,2,Air Quality Indicator
643571,375,Nitrogen dioxide (NO2),Mean,ppb,CD,108,Upper East Side (CD8),Summer 2019,2019-06-01,20.15,2019,6,2,Air Quality Indicator
643586,375,Nitrogen dioxide (NO2),Mean,ppb,CD,201,Mott Haven and Melrose (CD1),Summer 2019,2019-06-01,16.48,2019,6,2,Air Quality Indicator
643475,375,Nitrogen dioxide (NO2),Mean,ppb,UHF34,207,East Flatbush - Flatbush,Summer 2019,2019-06-01,12.75,2019,6,2,Air Quality Indicator
643688,375,Nitrogen dioxide (NO2),Mean,ppb,CD,405,Ridgewood and Maspeth (CD5),Summer 2019,2019-06-01,13.71,2019,6,2,Air Quality Indicator
643619,375,Nitrogen dioxide (NO2),Mean,ppb,CD,212,Williamsbridge and Baychester (CD12),Summer 2019,2019-06-01,11.73,2019,6,2,Air Quality Indicator
649775,365,Fine particles (PM 2.5),Mean,mcg/m3,UHF42,410,Rockaways,Summer 2019,2019-06-01,7.02,2019,6,2,Air Quality Indicator
643634,375,Nitrogen dioxide (NO2),Mean,ppb,CD,305,East New York and Starrett City (CD5),Summer 2019,2019-06-01,11.56,2019,6,2,Air Quality Indicator
643667,375,Nitrogen dioxide (NO2),Mean,ppb,CD,316,Brownsville (CD16),Summer 2019,2019-06-01,13.24,2019,6,2,Air Quality Indicator
643598,375,Nitrogen dioxide (NO2),Mean,ppb,CD,205,Fordham and University Heights (CD5),Summer 2019,2019-06-01,14.89,2019,6,2,Air Quality Indicator
650967,386,Ozone (O3),Mean,ppb,UHF34,104,Pelham - Throgs Neck,Summer 2019,2019-06-01,30.87,2019,6,2,Air Quality Indicator
643352,375,Nitrogen dioxide (NO2),Mean,ppb,UHF42,205,Sunset Park,Summer 2019,2019-06-01,16.21,2019,6,2,Air Quality Indicator
643346,375,Nitrogen dioxide (NO2),Mean,ppb,UHF42,203,Bedford Stuyvesant - Crown Heights,Summer 2019,2019-06-01,14.34,2019,6,2,Air Quality Indicator
650981,386,Ozone (O3),Mean,ppb,UHF34,303,East Harlem,Summer 2019,2019-06-01,27.51,2019,6,2,Air Quality Indicator
643463,375,Nitrogen dioxide (NO2),Mean,ppb,UHF34,203,Bedford Stuyvesant - Crown Heights,Summer 2019,2019-06-01,14.34,2019,6,2,Air Quality Indicator
650942,386,Ozone (O3),Mean,ppb,UHF42,303,East Harlem,Summer 2019,2019-06-01,27.51,2019,6,2,Air Quality Indicator
650931,386,Ozone (O3),Mean,ppb,UHF42,203,Bedford Stuyvesant - Crown Heights,Summer 2019,2019-06-01,30.46,2019,6,2,Air Quality Indicator
650924,386,Ozone (O3),Mean,ppb,UHF42,103,Fordham - Bronx Pk,Summer 2019,2019-06-01,29.64,2019,6,2,Air Quality Indicator
650944,386,Ozone (O3),Mean,ppb,UHF42,305,Upper East Side,Summer 2019,2019-06-01,25.88,2019,6,2,Air Quality Indicator
649880,365,Fine particles (PM 2.5),Mean,mcg/m3,UHF34,404406,Bayside Little Neck-Fresh Meadows,Summer 2019,2019-06-01,7.31,2019,6,2,Air Quality Indicator
649787,365,Fine particles (PM 2.5),Mean,mcg/m3,UHF42,504,South Beach - Tottenville,Summer 2019,2019-06-01,7.25,2019,6,2,Air Quality Indicator
643664,375,Nitrogen dioxide (NO2),Mean,ppb,CD,315,Sheepshead Bay (CD15),Summer 2019,2019-06-01,9.96,2019,6,2,Air Quality Indicator
643643,375,Nitrogen dioxide (NO2),Mean,ppb,CD,308,Crown Heights and Prospect Heights (CD8),Summer 2019,2019-06-01,15.08,2019,6,2,Air Quality Indicator
649781,365,Fine particles (PM 2.5),Mean,mcg/m3,UHF42,502,Stapleton - St. George,Summer 2019,2019-06-01,7.43,2019,6,2,Air Quality Indicator
643436,375,Nitrogen dioxide (NO2),Mean,ppb,UHF42,502,Stapleton - St. George,Summer 2019,2019-06-01,11.42,2019,6,2,Air Quality Indicator
643640,375,Nitrogen dioxide (NO2),Mean,ppb,CD,307,Sunset Park (CD7),Summer 2019,2019-06-01,16.22,2019,6,2,Air Quality Indicator
650953,386,Ozone (O3),Mean,ppb,UHF42,404,Bayside - Little Neck,Summer 2019,2019-06-01,31.68,2019,6,2,Air Quality Indicator
649712,365,Fine particles (PM 2.5),Mean,mcg/m3,UHF42,210,Coney Island - Sheepshead Bay,Summer 2019,2019-06-01,7.64,2019,6,2,Air Quality Indicator
649817,365,Fine particles (PM 2.5),Mean,mcg/m3,UHF34,206,Borough Park,Summer 2019,2019-06-01,7.91,2019,6,2,Air Quality Indicator
643529,375,Nitrogen dioxide (NO2),Mean,ppb,UHF34,306308,Chelsea-Village,Summer 2019,2019-06-01,24.12,2019,6,2,Air Quality Indicator
643526,375,Nitrogen dioxide (NO2),Mean,ppb,UHF34,305307,Upper East Side-Gramercy,Summer 2019,2019-06-01,22.29,2019,6,2,Air Quality Indicator
643337,375,Nitrogen dioxide (NO2),Mean,ppb,UHF42,107,Hunts Point - Mott Haven,Summer 2019,2019-06-01,15.52,2019,6,2,Air Quality Indicator
643556,375,Nitrogen dioxide (NO2),Mean,ppb,CD,103,Lower East Side and Chinatown (CD3),Summer 2019,2019-06-01,19.94,2019,6,2,Air Quality Indicator
643493,375,Nitrogen dioxide (NO2),Mean,ppb,UHF34,302,Central Harlem - Morningside Heights,Summer 2019,2019-06-01,16.78,2019,6,2,Air Quality Indicator
643388,375,Nitrogen dioxide (NO2),Mean,ppb,UHF42,306,Chelsea - Clinton,Summer 2019,2019-06-01,24.86,2019,6,2,Air Quality Indicator
643349,375,Nitrogen dioxide (NO2),Mean,ppb,UHF42,204,East New York,Summer 2019,2019-06-01,11.97,2019,6,2,Air Quality Indicator
649886,365,Fine particles (PM 2.5),Mean,mcg/m3,UHF34,503504,Southern SI,Summer 2019,2019-06-01,7.31,2019,6,2,Air Quality Indicator
643715,375,Nitrogen dioxide (NO2),Mean,ppb,CD,414,Rockaway and Broad Channel (CD14),Summer 2019,2019-06-01,7.22,2019,6,2,Air Quality Indicator
650057,365,Fine particles (PM 2.5),Mean,mcg/m3,CD,413,Queens Village (CD13),Summer 2019,2019-06-01,7.2,2019,6,2,Air Quality Indicator
649889,365,Fine particles (PM 2.5),Mean,mcg/m3,UHF34,105106107,South Bronx,Summer 2019,2019-06-01,8.45,2019,6,2,Air Quality Indicator
650989,386,Ozone (O3),Mean,ppb,UHF34,409,Southeast Queens,Summer 2019,2019-06-01,33.41,2019,6,2,Air Quality Indicator
649862,365,Fine particles (PM 2.5),Mean,mcg/m3,UHF34,408,Jamaica,Summer 2019,2019-06-01,7.48,2019,6,2,Air Quality Indicator
651015,386,Ozone (O3),Mean,ppb,CD,205,Fordham and University Heights (CD5),Summer 2019,2019-06-01,28.72,2019,6,2,Air Quality Indicator
651003,386,Ozone (O3),Mean,ppb,CD,105,Midtown (CD5),Summer 2019,2019-06-01,23.05,2019,6,2,Air Quality Indicator
651030,386,Ozone (O3),Mean,ppb,CD,308,Crown Heights and Prospect Heights (CD8),Summer 2019,2019-06-01,29.74,2019,6,2,Air Quality Indicator
643379,375,Nitrogen dioxide (NO2),Mean,ppb,UHF42,303,East Harlem,Summer 2019,2019-06-01,16.73,2019,6,2,Air Quality Indicator
651017,386,Ozone (O3),Mean,ppb,CD,207,Kingsbridge Heights and Bedford (CD7),Summer 2019,2019-06-01,29.23,2019,6,2,Air Quality Indicator
650926,386,Ozone (O3),Mean,ppb,UHF42,105,Crotona -Tremont,Summer 2019,2019-06-01,29.06,2019,6,2,Air Quality Indicator
651019,386,Ozone (O3),Mean,ppb,CD,209,Parkchester and Soundview (CD9),Summer 2019,2019-06-01,30.33,2019,6,2,Air Quality Indicator
649721,365,Fine particles (PM 2.5),Mean,mcg/m3,UHF42,302,Central Harlem - Morningside Heights,Summer 2019,2019-06-01,8.19,2019,6,2,Air Quality Indicator
643367,375,Nitrogen dioxide (NO2),Mean,ppb,UHF42,210,Coney Island - Sheepshead Bay,Summer 2019,2019-06-01,9.97,2019,6,2,Air Quality Indicator
643610,375,Nitrogen dioxide (NO2),Mean,ppb,CD,209,Parkchester and Soundview (CD9),Summer 2019,2019-06-01,13.39,2019,6,2,Air Quality Indicator
651021,386,Ozone (O3),Mean,ppb,CD,211,Morris Park and Bronxdale (CD11),Summer 2019,2019-06-01,30.31,2019,6,2,Air Quality Indicator
651009,386,Ozone (O3),Mean,ppb,CD,111,East Harlem (CD11),Summer 2019,2019-06-01,27.47,2019,6,2,Air Quality Indicator
651007,386,Ozone (O3),Mean,ppb,CD,109,Morningside Heights and Hamilton Heights (CD9),Summer 2019,2019-06-01,26.99,2019,6,2,Air Quality Indicator
643574,375,Nitrogen dioxide (NO2),Mean,ppb,CD,109,Morningside Heights and Hamilton Heights (CD9),Summer 2019,2019-06-01,16.34,2019,6,2,Air Quality Indicator
649784,365,Fine particles (PM 2.5),Mean,mcg/m3,UHF42,503,Willowbrook,Summer 2019,2019-06-01,7.39,2019,6,2,Air Quality Indicator
649724,365,Fine particles (PM 2.5),Mean,mcg/m3,UHF42,303,East Harlem,Summer 2019,2019-06-01,8.27,2019,6,2,Air Quality Indicator
643580,375,Nitrogen dioxide (NO2),Mean,ppb,CD,111,East Harlem (CD11),Summer 2019,2019-06-01,16.7,2019,6,2,Air Quality Indicator
643424,375,Nitrogen dioxide (NO2),Mean,ppb,UHF42,408,Jamaica,Summer 2019,2019-06-01,13.05,2019,6,2,Air Quality Indicator
643454,375,Nitrogen dioxide (NO2),Mean,ppb,UHF34,104,Pelham - Throgs Neck,Summer 2019,2019-06-01,12.8,2019,6,2,Air Quality Indicator
643496,375,Nitrogen dioxide (NO2),Mean,ppb,UHF34,303,East Harlem,Summer 2019,2019-06-01,16.73,2019,6,2,Air Quality Indicator
650966,386,Ozone (O3),Mean,ppb,UHF34,103,Fordham - Bronx Pk,Summer 2019,2019-06-01,29.64,2019,6,2,Air Quality Indicator
649745,365,Fine particles (PM 2.5),Mean,mcg/m3,UHF42,310,Lower Manhattan,Summer 2019,2019-06-01,9.52,2019,6,2,Air Quality Indicator
651005,386,Ozone (O3),Mean,ppb,CD,107,Upper West Side (CD7),Summer 2019,2019-06-01,25.57,2019,6,2,Air Quality Indicator
643412,375,Nitrogen dioxide (NO2),Mean,ppb,UHF42,404,Bayside - Little Neck,Summer 2019,2019-06-01,12.49,2019,6,2,Air Quality Indicator
643502,375,Nitrogen dioxide (NO2),Mean,ppb,UHF34,401,Long Island City - Astoria,Summer 2019,2019-06-01,17.72,2019,6,2,Air Quality Indicator
643517,375,Nitrogen dioxide (NO2),Mean,ppb,UHF34,408,Jamaica,Summer 2019,2019-06-01,13.06,2019,6,2,Air Quality Indicator
649955,365,Fine particles (PM 2.5),Mean,mcg/m3,CD,209,Parkchester and Soundview (CD9),Summer 2019,2019-06-01,7.91,2019,6,2,Air Quality Indicator
649925,365,Fine particles (PM 2.5),Mean,mcg/m3,CD,111,East Harlem (CD11),Summer 2019,2019-06-01,8.29,2019,6,2,Air Quality Indicator
649919,365,Fine particles (PM 2.5),Mean,mcg/m3,CD,109,Morningside Heights and Hamilton Heights (CD9),Summer 2019,2019-06-01,8.1,2019,6,2,Air Quality Indicator
643589,375,Nitrogen dioxide (NO2),Mean,ppb,CD,202,Hunts Point and Longwood (CD2),Summer 2019,2019-06-01,15.78,2019,6,2,Air Quality Indicator
649949,365,Fine particles (PM 2.5),Mean,mcg/m3,CD,207,Kingsbridge Heights and Bedford (CD7),Summer 2019,2019-06-01,7.85,2019,6,2,Air Quality Indicator
651012,386,Ozone (O3),Mean,ppb,CD,202,Hunts Point and Longwood (CD2),Summer 2019,2019-06-01,29.73,2019,6,2,Air Quality Indicator
651042,386,Ozone (O3),Mean,ppb,CD,402,Woodside and Sunnyside (CD2),Summer 2019,2019-06-01,28.58,2019,6,2,Air Quality Indicator
651024,386,Ozone (O3),Mean,ppb,CD,302,Fort Greene and Brooklyn Heights (CD2),Summer 2019,2019-06-01,27.51,2019,6,2,Air Quality Indicator
649850,365,Fine particles (PM 2.5),Mean,mcg/m3,UHF34,402,West Queens,Summer 2019,2019-06-01,8.61,2019,6,2,Air Quality Indicator
651001,386,Ozone (O3),Mean,ppb,CD,103,Lower East Side and Chinatown (CD3),Summer 2019,2019-06-01,25.88,2019,6,2,Air Quality Indicator
649751,365,Fine particles (PM 2.5),Mean,mcg/m3,UHF42,402,West Queens,Summer 2019,2019-06-01,8.61,2019,6,2,Air Quality Indicator
651026,386,Ozone (O3),Mean,ppb,CD,304,Bushwick (CD4),Summer 2019,2019-06-01,30.49,2019,6,2,Air Quality Indicator
651014,386,Ozone (O3),Mean,ppb,CD,204,Highbridge and Concourse (CD4),Summer 2019,2019-06-01,28.49,2019,6,2,Air Quality Indicator
651039,386,Ozone (O3),Mean,ppb,CD,317,East Flatbush (CD17),Summer 2019,2019-06-01,31.81,2019,6,2,Air Quality Indicator
649754,365,Fine particles (PM 2.5),Mean,mcg/m3,UHF42,403,Flushing - Clearview,Summer 2019,2019-06-01,7.76,2019,6,2,Air Quality Indicator
650918,386,Ozone (O3),Mean,ppb,Borough,2,Brooklyn,Summer 2019,2019-06-01,31.07,2019,6,2,Air Quality Indicator
643307,375,Nitrogen dioxide (NO2),Mean,ppb,Borough,2,Brooklyn,Summer 2019,2019-06-01,13.4,2019,6,2,Air Quality Indicator
650936,386,Ozone (O3),Mean,ppb,UHF42,208,Canarsie - Flatlands,Summer 2019,2019-06-01,34.05,2019,6,2,Air Quality Indicator
643583,375,Nitrogen dioxide (NO2),Mean,ppb,CD,112,Washington Heights and Inwood (CD12),Summer 2019,2019-06-01,13.59,2019,6,2,Air Quality Indicator
643448,375,Nitrogen dioxide (NO2),Mean,ppb,UHF34,102,Northeast Bronx,Summer 2019,2019-06-01,12.28,2019,6,2,Air Quality Indicator
651022,386,Ozone (O3),Mean,ppb,CD,212,Williamsbridge and Baychester (CD12),Summer 2019,2019-06-01,30.16,2019,6,2,Air Quality Indicator
651010,386,Ozone (O3),Mean,ppb,CD,112,Washington Heights and Inwood (CD12),Summer 2019,2019-06-01,27.79,2019,6,2,Air Quality Indicator
650940,386,Ozone (O3),Mean,ppb,UHF42,301,Washington Heights,Summer 2019,2019-06-01,27.73,2019,6,2,Air Quality Indicator
650950,386,Ozone (O3),Mean,ppb,UHF42,401,Long Island City - Astoria,Summer 2019,2019-06-01,28.36,2019,6,2,Air Quality Indicator
650045,365,Fine particles (PM 2.5),Mean,mcg/m3,CD,409,Kew Gardens and Woodhaven (CD9),Summer 2019,2019-06-01,7.72,2019,6,2,Air Quality Indicator
649868,365,Fine particles (PM 2.5),Mean,mcg/m3,UHF34,410,Rockaways,Summer 2019,2019-06-01,7.02,2019,6,2,Air Quality Indicator
649811,365,Fine particles (PM 2.5),Mean,mcg/m3,UHF34,204,East New York,Summer 2019,2019-06-01,8.02,2019,6,2,Air Quality Indicator
650922,386,Ozone (O3),Mean,ppb,UHF42,101,Kingsbridge - Riverdale,Summer 2019,2019-06-01,28.43,2019,6,2,Air Quality Indicator
649961,365,Fine particles (PM 2.5),Mean,mcg/m3,CD,211,Morris Park and Bronxdale (CD11),Summer 2019,2019-06-01,7.73,2019,6,2,Air Quality Indicator
649874,365,Fine particles (PM 2.5),Mean,mcg/m3,UHF34,306308,Chelsea-Village,Summer 2019,2019-06-01,11.09,2019,6,2,Air Quality Indicator
649871,365,Fine particles (PM 2.5),Mean,mcg/m3,UHF34,305307,Upper East Side-Gramercy,Summer 2019,2019-06-01,10.07,2019,6,2,Air Quality Indicator
649910,365,Fine particles (PM 2.5),Mean,mcg/m3,CD,106,Stuyvesant Town and Turtle Bay (CD6),Summer 2019,2019-06-01,10.45,2019,6,2,Air Quality Indicator
643532,375,Nitrogen dioxide (NO2),Mean,ppb,UHF34,309310,Union Square-Lower Manhattan,Summer 2019,2019-06-01,21.16,2019,6,2,Air Quality Indicator
643538,375,Nitrogen dioxide (NO2),Mean,ppb,UHF34,501502,Northern SI,Summer 2019,2019-06-01,12.41,2019,6,2,Air Quality Indicator
650954,386,Ozone (O3),Mean,ppb,UHF42,405,Ridgewood - Forest Hills,Summer 2019,2019-06-01,31.3,2019,6,2,Air Quality Indicator
650933,386,Ozone (O3),Mean,ppb,UHF42,205,Sunset Park,Summer 2019,2019-06-01,28.83,2019,6,2,Air Quality Indicator
649772,365,Fine particles (PM 2.5),Mean,mcg/m3,UHF42,409,Southeast Queens,Summer 2019,2019-06-01,7.18,2019,6,2,Air Quality Indicator
643373,375,Nitrogen dioxide (NO2),Mean,ppb,UHF42,301,Washington Heights,Summer 2019,2019-06-01,14.03,2019,6,2,Air Quality Indicator
643433,375,Nitrogen dioxide (NO2),Mean,ppb,UHF42,501,Port Richmond,Summer 2019,2019-06-01,14.27,2019,6,2,Air Quality Indicator
643343,375,Nitrogen dioxide (NO2),Mean,ppb,UHF42,202,Downtown - Heights - Slope,Summer 2019,2019-06-01,17.99,2019,6,2,Air Quality Indicator
650930,386,Ozone (O3),Mean,ppb,UHF42,202,Downtown - Heights - Slope,Summer 2019,2019-06-01,27.61,2019,6,2,Air Quality Indicator
650955,386,Ozone (O3),Mean,ppb,UHF42,406,Fresh Meadows,Summer 2019,2019-06-01,31.81,2019,6,2,Air Quality Indicator
643322,375,Nitrogen dioxide (NO2),Mean,ppb,UHF42,102,Northeast Bronx,Summer 2019,2019-06-01,12.28,2019,6,2,Air Quality Indicator
643466,375,Nitrogen dioxide (NO2),Mean,ppb,UHF34,204,East New York,Summer 2019,2019-06-01,11.97,2019,6,2,Air Quality Indicator
650941,386,Ozone (O3),Mean,ppb,UHF42,302,Central Harlem - Morningside Heights,Summer 2019,2019-06-01,27.07,2019,6,2,Air Quality Indicator
650945,386,Ozone (O3),Mean,ppb,UHF42,306,Chelsea - Clinton,Summer 2019,2019-06-01,23.84,2019,6,2,Air Quality Indicator
649823,365,Fine particles (PM 2.5),Mean,mcg/m3,UHF34,208,Canarsie - Flatlands,Summer 2019,2019-06-01,7.71,2019,6,2,Air Quality Indicator
650973,386,Ozone (O3),Mean,ppb,UHF34,206,Borough Park,Summer 2019,2019-06-01,30.62,2019,6,2,Air Quality Indicator
650975,386,Ozone (O3),Mean,ppb,UHF34,208,Canarsie - Flatlands,Summer 2019,2019-06-01,34.05,2019,6,2,Air Quality Indicator
643544,375,Nitrogen dioxide (NO2),Mean,ppb,UHF34,105106107,South Bronx,Summer 2019,2019-06-01,15.15,2019,6,2,Air Quality Indicator
643310,375,Nitrogen dioxide (NO2),Mean,ppb,Borough,3,Manhattan,Summer 2019,2019-06-01,19.7,2019,6,2,Air Quality Indicator
643364,375,Nitrogen dioxide (NO2),Mean,ppb,UHF42,209,Bensonhurst - Bay Ridge,Summer 2019,2019-06-01,13.0,2019,6,2,Air Quality Indicator
650937,386,Ozone (O3),Mean,ppb,UHF42,209,Bensonhurst - Bay Ridge,Summer 2019,2019-06-01,30.83,2019,6,2,Air Quality Indicator
649913,365,Fine particles (PM 2.5),Mean,mcg/m3,CD,107,Upper West Side (CD7),Summer 2019,2019-06-01,8.55,2019,6,2,Air Quality Indicator
650948,386,Ozone (O3),Mean,ppb,UHF42,309,Union Square - Lower East Side,Summer 2019,2019-06-01,25.72,2019,6,2,Air Quality Indicator
650934,386,Ozone (O3),Mean,ppb,UHF42,206,Borough Park,Summer 2019,2019-06-01,30.62,2019,6,2,Air Quality Indicator
650927,386,Ozone (O3),Mean,ppb,UHF42,106,High Bridge - Morrisania,Summer 2019,2019-06-01,28.62,2019,6,2,Air Quality Indicator
649766,365,Fine particles (PM 2.5),Mean,mcg/m3,UHF42,407,Southwest Queens,Summer 2019,2019-06-01,7.54,2019,6,2,Air Quality Indicator
643490,375,Nitrogen dioxide (NO2),Mean,ppb,UHF34,301,Washington Heights,Summer 2019,2019-06-01,14.03,2019,6,2,Air Quality Indicator
643427,375,Nitrogen dioxide (NO2),Mean,ppb,UHF42,409,Southeast Queens,Summer 2019,2019-06-01,12.99,2019,6,2,Air Quality Indicator
650980,386,Ozone (O3),Mean,ppb,UHF34,302,Central Harlem - Morningside Heights,Summer 2019,2019-06-01,27.07,2019,6,2,Air Quality Indicator
650917,386,Ozone (O3),Mean,ppb,Borough,1,Bronx,Summer 2019,2019-06-01,29.87,2019,6,2,Air Quality Indicator
650928,386,Ozone (O3),Mean,ppb,UHF42,107,Hunts Point - Mott Haven,Summer 2019,2019-06-01,29.58,2019,6,2,Air Quality Indicator
650947,386,Ozone (O3),Mean,ppb,UHF42,308,Greenwich Village - SoHo,Summer 2019,2019-06-01,25.04,2019,6,2,Air Quality Indicator
643376,375,Nitrogen dioxide (NO2),Mean,ppb,UHF42,302,Central Harlem - Morningside Heights,Summer 2019,2019-06-01,16.78,2019,6,2,Air Quality Indicator
650063,365,Fine particles (PM 2.5),Mean,mcg/m3,CD,501,St. George and Stapleton (CD1),Summer 2019,2019-06-01,7.63,2019,6,2,Air Quality Indicator
649853,365,Fine particles (PM 2.5),Mean,mcg/m3,UHF34,403,Flushing - Clearview,Summer 2019,2019-06-01,7.76,2019,6,2,Air Quality Indicator
649928,365,Fine particles (PM 2.5),Mean,mcg/m3,CD,112,Washington Heights and Inwood (CD12),Summer 2019,2019-06-01,8.21,2019,6,2,Air Quality Indicator
650949,386,Ozone (O3),Mean,ppb,UHF42,310,Lower Manhattan,Summer 2019,2019-06-01,24.72,2019,6,2,Air Quality Indicator
650051,365,Fine particles (PM 2.5),Mean,mcg/m3,CD,411,Bayside and Little Neck (CD11),Summer 2019,2019-06-01,7.28,2019,6,2,Air Quality Indicator
643568,375,Nitrogen dioxide (NO2),Mean,ppb,CD,107,Upper West Side (CD7),Summer 2019,2019-06-01,18.89,2019,6,2,Air Quality Indicator
650069,365,Fine particles (PM 2.5),Mean,mcg/m3,CD,503,Tottenville and Great Kills (CD3),Summer 2019,2019-06-01,7.26,2019,6,2,Air Quality Indicator
649877,365,Fine particles (PM 2.5),Mean,mcg/m3,UHF34,309310,Union Square-Lower Manhattan,Summer 2019,2019-06-01,9.91,2019,6,2,Air Quality Indicator
649778,365,Fine particles (PM 2.5),Mean,mcg/m3,UHF42,501,Port Richmond,Summer 2019,2019-06-01,7.79,2019,6,2,Air Quality Indicator
643331,375,Nitrogen dioxide (NO2),Mean,ppb,UHF42,105,Crotona -Tremont,Summer 2019,2019-06-01,14.38,2019,6,2,Air Quality Indicator
643478,375,Nitrogen dioxide (NO2),Mean,ppb,UHF34,208,Canarsie - Flatlands,Summer 2019,2019-06-01,9.24,2019,6,2,Air Quality Indicator
650988,386,Ozone (O3),Mean,ppb,UHF34,408,Jamaica,Summer 2019,2019-06-01,32.83,2019,6,2,Air Quality Indicator
649934,365,Fine particles (PM 2.5),Mean,mcg/m3,CD,202,Hunts Point and Longwood (CD2),Summer 2019,2019-06-01,9.0,2019,6,2,Air Quality Indicator
643676,375,Nitrogen dioxide (NO2),Mean,ppb,CD,401,Long Island City and Astoria (CD1),Summer 2019,2019-06-01,15.61,2019,6,2,Air Quality Indicator
643631,375,Nitrogen dioxide (NO2),Mean,ppb,CD,304,Bushwick (CD4),Summer 2019,2019-06-01,14.81,2019,6,2,Air Quality Indicator
643682,375,Nitrogen dioxide (NO2),Mean,ppb,CD,403,Jackson Heights (CD3),Summer 2019,2019-06-01,14.43,2019,6,2,Air Quality Indicator
649916,365,Fine particles (PM 2.5),Mean,mcg/m3,CD,108,Upper East Side (CD8),Summer 2019,2019-06-01,9.17,2019,6,2,Air Quality Indicator
650048,365,Fine particles (PM 2.5),Mean,mcg/m3,CD,410,South Ozone Park and Howard Beach (CD10),Summer 2019,2019-06-01,7.42,2019,6,2,Air Quality Indicator
649883,365,Fine particles (PM 2.5),Mean,mcg/m3,UHF34,501502,Northern SI,Summer 2019,2019-06-01,7.56,2019,6,2,Air Quality Indicator
643712,375,Nitrogen dioxide (NO2),Mean,ppb,CD,413,Queens Village (CD13),Summer 2019,2019-06-01,13.03,2019,6,2,Air Quality Indicator
650066,365,Fine particles (PM 2.5),Mean,mcg/m3,CD,502,South Beach and Willowbrook (CD2),Summer 2019,2019-06-01,7.35,2019,6,2,Air Quality Indicator
649976,365,Fine particles (PM 2.5),Mean,mcg/m3,CD,304,Bushwick (CD4),Summer 2019,2019-06-01,8.56,2019,6,2,Air Quality Indicator
649940,365,Fine particles (PM 2.5),Mean,mcg/m3,CD,204,Highbridge and Concourse (CD4),Summer 2019,2019-06-01,8.33,2019,6,2,Air Quality Indicator
643679,375,Nitrogen dioxide (NO2),Mean,ppb,CD,402,Woodside and Sunnyside (CD2),Summer 2019,2019-06-01,18.09,2019,6,2,Air Quality Indicator
649826,365,Fine particles (PM 2.5),Mean,mcg/m3,UHF34,209,Bensonhurst - Bay Ridge,Summer 2019,2019-06-01,7.79,2019,6,2,Air Quality Indicator
649790,365,Fine particles (PM 2.5),Mean,mcg/m3,UHF34,101,Kingsbridge - Riverdale,Summer 2019,2019-06-01,7.78,2019,6,2,Air Quality Indicator
649769,365,Fine particles (PM 2.5),Mean,mcg/m3,UHF42,408,Jamaica,Summer 2019,2019-06-01,7.48,2019,6,2,Air Quality Indicator
643382,375,Nitrogen dioxide (NO2),Mean,ppb,UHF42,304,Upper West Side,Summer 2019,2019-06-01,18.84,2019,6,2,Air Quality Indicator
649796,365,Fine particles (PM 2.5),Mean,mcg/m3,UHF34,103,Fordham - Bronx Pk,Summer 2019,2019-06-01,7.77,2019,6,2,Air Quality Indicator
650003,365,Fine particles (PM 2.5),Mean,mcg/m3,CD,313,Coney Island (CD13),Summer 2019,2019-06-01,7.6,2019,6,2,Air Quality Indicator
649688,365,Fine particles (PM 2.5),Mean,mcg/m3,UHF42,202,Downtown - Heights - Slope,Summer 2019,2019-06-01,8.9,2019,6,2,Air Quality Indicator
649691,365,Fine particles (PM 2.5),Mean,mcg/m3,UHF42,203,Bedford Stuyvesant - Crown Heights,Summer 2019,2019-06-01,8.11,2019,6,2,Air Quality Indicator
649952,365,Fine particles (PM 2.5),Mean,mcg/m3,CD,208,Riverdale and Fieldston (CD8),Summer 2019,2019-06-01,7.75,2019,6,2,Air Quality Indicator
649904,365,Fine particles (PM 2.5),Mean,mcg/m3,CD,104,Clinton and Chelsea (CD4),Summer 2019,2019-06-01,10.41,2019,6,2,Air Quality Indicator
649685,365,Fine particles (PM 2.5),Mean,mcg/m3,UHF42,201,Greenpoint,Summer 2019,2019-06-01,9.93,2019,6,2,Air Quality Indicator
650054,365,Fine particles (PM 2.5),Mean,mcg/m3,CD,412,Jamaica and Hollis (CD12),Summer 2019,2019-06-01,7.48,2019,6,2,Air Quality Indicator
650000,365,Fine particles (PM 2.5),Mean,mcg/m3,CD,312,Borough Park (CD12),Summer 2019,2019-06-01,7.96,2019,6,2,Air Quality Indicator
649649,365,Fine particles (PM 2.5),Mean,mcg/m3,Borough,1,Bronx,Summer 2019,2019-06-01,7.99,2019,6,2,Air Quality Indicator
643421,375,Nitrogen dioxide (NO2),Mean,ppb,UHF42,407,Southwest Queens,Summer 2019,2019-06-01,11.69,2019,6,2,Air Quality Indicator
643361,375,Nitrogen dioxide (NO2),Mean,ppb,UHF42,208,Canarsie - Flatlands,Summer 2019,2019-06-01,9.24,2019,6,2,Air Quality Indicator
649679,365,Fine particles (PM 2.5),Mean,mcg/m3,UHF42,106,High Bridge - Morrisania,Summer 2019,2019-06-01,8.27,2019,6,2,Air Quality Indicator
643718,375,Nitrogen dioxide (NO2),Mean,ppb,CD,501,St. George and Stapleton (CD1),Summer 2019,2019-06-01,13.46,2019,6,2,Air Quality Indicator
643721,375,Nitrogen dioxide (NO2),Mean,ppb,CD,502,South Beach and Willowbrook (CD2),Summer 2019,2019-06-01,9.66,2019,6,2,Air Quality Indicator
650959,386,Ozone (O3),Mean,ppb,UHF42,410,Rockaways,Summer 2019,2019-06-01,37.44,2019,6,2,Air Quality Indicator
649727,365,Fine particles (PM 2.5),Mean,mcg/m3,UHF42,304,Upper West Side,Summer 2019,2019-06-01,8.55,2019,6,2,Air Quality Indicator
649700,365,Fine particles (PM 2.5),Mean,mcg/m3,UHF42,206,Borough Park,Summer 2019,2019-06-01,7.91,2019,6,2,Air Quality Indicator
649820,365,Fine particles (PM 2.5),Mean,mcg/m3,UHF34,207,East Flatbush - Flatbush,Summer 2019,2019-06-01,7.87,2019,6,2,Air Quality Indicator
649859,365,Fine particles (PM 2.5),Mean,mcg/m3,UHF34,407,Southwest Queens,Summer 2019,2019-06-01,7.54,2019,6,2,Air Quality Indicator
649763,365,Fine particles (PM 2.5),Mean,mcg/m3,UHF42,406,Fresh Meadows,Summer 2019,2019-06-01,7.35,2019,6,2,Air Quality Indicator
649994,365,Fine particles (PM 2.5),Mean,mcg/m3,CD,310,Bay Ridge and Dyker Heights (CD10),Summer 2019,2019-06-01,7.94,2019,6,2,Air Quality Indicator
643709,375,Nitrogen dioxide (NO2),Mean,ppb,CD,412,Jamaica and Hollis (CD12),Summer 2019,2019-06-01,13.28,2019,6,2,Air Quality Indicator
643703,375,Nitrogen dioxide (NO2),Mean,ppb,CD,410,South Ozone Park and Howard Beach (CD10),Summer 2019,2019-06-01,11.1,2019,6,2,Air Quality Indicator
650960,386,Ozone (O3),Mean,ppb,UHF42,501,Port Richmond,Summer 2019,2019-06-01,27.27,2019,6,2,Air Quality Indicator
643613,375,Nitrogen dioxide (NO2),Mean,ppb,CD,210,Throgs Neck and Co-op City (CD10),Summer 2019,2019-06-01,12.27,2019,6,2,Air Quality Indicator
651052,386,Ozone (O3),Mean,ppb,CD,412,Jamaica and Hollis (CD12),Summer 2019,2019-06-01,33.07,2019,6,2,Air Quality Indicator
643601,375,Nitrogen dioxide (NO2),Mean,ppb,CD,206,Belmont and East Tremont (CD6),Summer 2019,2019-06-01,13.87,2019,6,2,Air Quality Indicator
643559,375,Nitrogen dioxide (NO2),Mean,ppb,CD,104,Clinton and Chelsea (CD4),Summer 2019,2019-06-01,23.54,2019,6,2,Air Quality Indicator
649682,365,Fine particles (PM 2.5),Mean,mcg/m3,UHF42,107,Hunts Point - Mott Haven,Summer 2019,2019-06-01,8.71,2019,6,2,Air Quality Indicator
650962,386,Ozone (O3),Mean,ppb,UHF42,503,Willowbrook,Summer 2019,2019-06-01,28.8,2019,6,2,Air Quality Indicator
643607,375,Nitrogen dioxide (NO2),Mean,ppb,CD,208,Riverdale and Fieldston (CD8),Summer 2019,2019-06-01,10.37,2019,6,2,Air Quality Indicator
651048,386,Ozone (O3),Mean,ppb,CD,408,Hillcrest and Fresh Meadows (CD8),Summer 2019,2019-06-01,31.63,2019,6,2,Air Quality Indicator
651046,386,Ozone (O3),Mean,ppb,CD,406,Rego Park and Forest Hills (CD6),Summer 2019,2019-06-01,31.03,2019,6,2,Air Quality Indicator
649706,365,Fine particles (PM 2.5),Mean,mcg/m3,UHF42,208,Canarsie - Flatlands,Summer 2019,2019-06-01,7.71,2019,6,2,Air Quality Indicator
643541,375,Nitrogen dioxide (NO2),Mean,ppb,UHF34,503504,Southern SI,Summer 2019,2019-06-01,8.76,2019,6,2,Air Quality Indicator
650996,386,Ozone (O3),Mean,ppb,UHF34,503504,Southern SI,Summer 2019,2019-06-01,29.64,2019,6,2,Air Quality Indicator
649652,365,Fine particles (PM 2.5),Mean,mcg/m3,Borough,2,Brooklyn,Summer 2019,2019-06-01,8.19,2019,6,2,Air Quality Indicator
649736,365,Fine particles (PM 2.5),Mean,mcg/m3,UHF42,307,Gramercy Park - Murray Hill,Summer 2019,2019-06-01,11.11,2019,6,2,Air Quality Indicator
650921,386,Ozone (O3),Mean,ppb,Borough,5,Staten Island,Summer 2019,2019-06-01,29.29,2019,6,2,Air Quality Indicator
649739,365,Fine particles (PM 2.5),Mean,mcg/m3,UHF42,308,Greenwich Village - SoHo,Summer 2019,2019-06-01,10.79,2019,6,2,Air Quality Indicator
651055,386,Ozone (O3),Mean,ppb,CD,501,St. George and Stapleton (CD1),Summer 2019,2019-06-01,27.76,2019,6,2,Air Quality Indicator
651056,386,Ozone (O3),Mean,ppb,CD,502,South Beach and Willowbrook (CD2),Summer 2019,2019-06-01,29.51,2019,6,2,Air Quality Indicator
651027,386,Ozone (O3),Mean,ppb,CD,305,East New York and Starrett City (CD5),Summer 2019,2019-06-01,32.99,2019,6,2,Air Quality Indicator
643514,375,Nitrogen dioxide (NO2),Mean,ppb,UHF34,407,Southwest Queens,Summer 2019,2019-06-01,11.69,2019,6,2,Air Quality Indicator
649676,365,Fine particles (PM 2.5),Mean,mcg/m3,UHF42,105,Crotona -Tremont,Summer 2019,2019-06-01,8.27,2019,6,2,Air Quality Indicator
651043,386,Ozone (O3),Mean,ppb,CD,403,Jackson Heights (CD3),Summer 2019,2019-06-01,30.34,2019,6,2,Air Quality Indicator
651057,386,Ozone (O3),Mean,ppb,CD,503,Tottenville and Great Kills (CD3),Summer 2019,2019-06-01,30.04,2019,6,2,Air Quality Indicator
643451,375,Nitrogen dioxide (NO2),Mean,ppb,UHF34,103,Fordham - Bronx Pk,Summer 2019,2019-06-01,12.17,2019,6,2,Air Quality Indicator
650991,386,Ozone (O3),Mean,ppb,UHF34,305307,Upper East Side-Gramercy,Summer 2019,2019-06-01,24.98,2019,6,2,Air Quality Indicator
650992,386,Ozone (O3),Mean,ppb,UHF34,306308,Chelsea-Village,Summer 2019,2019-06-01,24.24,2019,6,2,Air Quality Indicator
649898,365,Fine particles (PM 2.5),Mean,mcg/m3,CD,102,Greenwich Village and Soho (CD2),Summer 2019,2019-06-01,11.07,2019,6,2,Air Quality Indicator
650030,365,Fine particles (PM 2.5),Mean,mcg/m3,CD,404,Elmhurst and Corona (CD4),Summer 2019,2019-06-01,8.08,2019,6,2,Air Quality Indicator
649901,365,Fine particles (PM 2.5),Mean,mcg/m3,CD,103,Lower East Side and Chinatown (CD3),Summer 2019,2019-06-01,9.92,2019,6,2,Air Quality Indicator
650015,365,Fine particles (PM 2.5),Mean,mcg/m3,CD,317,East Flatbush (CD17),Summer 2019,2019-06-01,7.98,2019,6,2,Air Quality Indicator
650018,365,Fine particles (PM 2.5),Mean,mcg/m3,CD,318,Flatlands and Canarsie (CD18),Summer 2019,2019-06-01,7.68,2019,6,2,Air Quality Indicator
650042,365,Fine particles (PM 2.5),Mean,mcg/m3,CD,408,Hillcrest and Fresh Meadows (CD8),Summer 2019,2019-06-01,7.39,2019,6,2,Air Quality Indicator
650036,365,Fine particles (PM 2.5),Mean,mcg/m3,CD,406,Rego Park and Forest Hills (CD6),Summer 2019,2019-06-01,7.73,2019,6,2,Air Quality Indicator
643706,375,Nitrogen dioxide (NO2),Mean,ppb,CD,411,Bayside and Little Neck (CD11),Summer 2019,2019-06-01,12.67,2019,6,2,Air Quality Indicator
650961,386,Ozone (O3),Mean,ppb,UHF42,502,Stapleton - St. George,Summer 2019,2019-06-01,29.1,2019,6,2,Air Quality Indicator
651049,386,Ozone (O3),Mean,ppb,CD,409,Kew Gardens and Woodhaven (CD9),Summer 2019,2019-06-01,32.37,2019,6,2,Air Quality Indicator
649931,365,Fine particles (PM 2.5),Mean,mcg/m3,CD,201,Mott Haven and Melrose (CD1),Summer 2019,2019-06-01,8.86,2019,6,2,Air Quality Indicator
643430,375,Nitrogen dioxide (NO2),Mean,ppb,UHF42,410,Rockaways,Summer 2019,2019-06-01,7.33,2019,6,2,Air Quality Indicator
643334,375,Nitrogen dioxide (NO2),Mean,ppb,UHF42,106,High Bridge - Morrisania,Summer 2019,2019-06-01,15.43,2019,6,2,Air Quality Indicator
649985,365,Fine particles (PM 2.5),Mean,mcg/m3,CD,307,Sunset Park (CD7),Summer 2019,2019-06-01,8.9,2019,6,2,Air Quality Indicator
651032,386,Ozone (O3),Mean,ppb,CD,310,Bay Ridge and Dyker Heights (CD10),Summer 2019,2019-06-01,29.74,2019,6,2,Air Quality Indicator
649673,365,Fine particles (PM 2.5),Mean,mcg/m3,UHF42,104,Pelham - Throgs Neck,Summer 2019,2019-06-01,7.81,2019,6,2,Air Quality Indicator
650993,386,Ozone (O3),Mean,ppb,UHF34,309310,Union Square-Lower Manhattan,Summer 2019,2019-06-01,25.41,2019,6,2,Air Quality Indicator
650995,386,Ozone (O3),Mean,ppb,UHF34,501502,Northern SI,Summer 2019,2019-06-01,28.46,2019,6,2,Air Quality Indicator
643340,375,Nitrogen dioxide (NO2),Mean,ppb,UHF42,201,Greenpoint,Summer 2019,2019-06-01,19.22,2019,6,2,Air Quality Indicator
650990,386,Ozone (O3),Mean,ppb,UHF34,410,Rockaways,Summer 2019,2019-06-01,37.44,2019,6,2,Air Quality Indicator
650951,386,Ozone (O3),Mean,ppb,UHF42,402,West Queens,Summer 2019,2019-06-01,29.95,2019,6,2,Air Quality Indicator
643511,375,Nitrogen dioxide (NO2),Mean,ppb,UHF34,405,Ridgewood - Forest Hills,Summer 2019,2019-06-01,12.77,2019,6,2,Air Quality Indicator
643445,375,Nitrogen dioxide (NO2),Mean,ppb,UHF34,101,Kingsbridge - Riverdale,Summer 2019,2019-06-01,10.39,2019,6,2,Air Quality Indicator
649718,365,Fine particles (PM 2.5),Mean,mcg/m3,UHF42,301,Washington Heights,Summer 2019,2019-06-01,8.17,2019,6,2,Air Quality Indicator
643370,375,Nitrogen dioxide (NO2),Mean,ppb,UHF42,211,Williamsburg - Bushwick,Summer 2019,2019-06-01,16.66,2019,6,2,Air Quality Indicator
650987,386,Ozone (O3),Mean,ppb,UHF34,407,Southwest Queens,Summer 2019,2019-06-01,33.31,2019,6,2,Air Quality Indicator
650033,365,Fine particles (PM 2.5),Mean,mcg/m3,CD,405,Ridgewood and Maspeth (CD5),Summer 2019,2019-06-01,8.39,2019,6,2,Air Quality Indicator
649907,365,Fine particles (PM 2.5),Mean,mcg/m3,CD,105,Midtown (CD5),Summer 2019,2019-06-01,12.47,2019,6,2,Air Quality Indicator
649742,365,Fine particles (PM 2.5),Mean,mcg/m3,UHF42,309,Union Square - Lower East Side,Summer 2019,2019-06-01,10.09,2019,6,2,Air Quality Indicator
643460,375,Nitrogen dioxide (NO2),Mean,ppb,UHF34,202,Downtown - Heights - Slope,Summer 2019,2019-06-01,17.99,2019,6,2,Air Quality Indicator
643325,375,Nitrogen dioxide (NO2),Mean,ppb,UHF42,103,Fordham - Bronx Pk,Summer 2019,2019-06-01,12.17,2019,6,2,Air Quality Indicator
643391,375,Nitrogen dioxide (NO2),Mean,ppb,UHF42,307,Gramercy Park - Murray Hill,Summer 2019,2019-06-01,24.78,2019,6,2,Air Quality Indicator
643439,375,Nitrogen dioxide (NO2),Mean,ppb,UHF42,503,Willowbrook,Summer 2019,2019-06-01,10.36,2019,6,2,Air Quality Indicator
651034,386,Ozone (O3),Mean,ppb,CD,312,Borough Park (CD12),Summer 2019,2019-06-01,30.39,2019,6,2,Air Quality Indicator
650997,386,Ozone (O3),Mean,ppb,UHF34,105106107,South Bronx,Summer 2019,2019-06-01,29.16,2019,6,2,Air Quality Indicator
651033,386,Ozone (O3),Mean,ppb,CD,311,Bensonhurst (CD11),Summer 2019,2019-06-01,31.62,2019,6,2,Air Quality Indicator
650998,386,Ozone (O3),Mean,ppb,Citywide,1,New York City,Summer 2019,2019-06-01,30.55,2019,6,2,Air Quality Indicator
651035,386,Ozone (O3),Mean,ppb,CD,313,Coney Island (CD13),Summer 2019,2019-06-01,33.61,2019,6,2,Air Quality Indicator
649847,365,Fine particles (PM 2.5),Mean,mcg/m3,UHF34,401,Long Island City - Astoria,Summer 2019,2019-06-01,9.28,2019,6,2,Air Quality Indicator
650999,386,Ozone (O3),Mean,ppb,CD,101,Financial District (CD1),Summer 2019,2019-06-01,24.82,2019,6,2,Air Quality Indicator
651011,386,Ozone (O3),Mean,ppb,CD,201,Mott Haven and Melrose (CD1),Summer 2019,2019-06-01,28.47,2019,6,2,Air Quality Indicator
651045,386,Ozone (O3),Mean,ppb,CD,405,Ridgewood and Maspeth (CD5),Summer 2019,2019-06-01,30.94,2019,6,2,Air Quality Indicator
651038,386,Ozone (O3),Mean,ppb,CD,316,Brownsville (CD16),Summer 2019,2019-06-01,31.63,2019,6,2,Air Quality Indicator
649979,365,Fine particles (PM 2.5),Mean,mcg/m3,CD,305,East New York and Starrett City (CD5),Summer 2019,2019-06-01,7.98,2019,6,2,Air Quality Indicator
650012,365,Fine particles (PM 2.5),Mean,mcg/m3,CD,316,Brownsville (CD16),Summer 2019,2019-06-01,8.16,2019,6,2,Air Quality Indicator
643499,375,Nitrogen dioxide (NO2),Mean,ppb,UHF34,304,Upper West Side,Summer 2019,2019-06-01,18.84,2019,6,2,Air Quality Indicator
643304,375,Nitrogen dioxide (NO2),Mean,ppb,Borough,1,Bronx,Summer 2019,2019-06-01,13.14,2019,6,2,Air Quality Indicator
643358,375,Nitrogen dioxide (NO2),Mean,ppb,UHF42,207,East Flatbush - Flatbush,Summer 2019,2019-06-01,12.75,2019,6,2,Air Quality Indicator
643415,375,Nitrogen dioxide (NO2),Mean,ppb,UHF42,405,Ridgewood - Forest Hills,Summer 2019,2019-06-01,12.77,2019,6,2,Air Quality Indicator
651013,386,Ozone (O3),Mean,ppb,CD,203,Morrisania and Crotona (CD3),Summer 2019,2019-06-01,29.2,2019,6,2,Air Quality Indicator
651008,386,Ozone (O3),Mean,ppb,CD,110,Central Harlem (CD10),Summer 2019,2019-06-01,27.3,2019,6,2,Air Quality Indicator
651020,386,Ozone (O3),Mean,ppb,CD,210,Throgs Neck and Co-op City (CD10),Summer 2019,2019-06-01,31.45,2019,6,2,Air Quality Indicator
651006,386,Ozone (O3),Mean,ppb,CD,108,Upper East Side (CD8),Summer 2019,2019-06-01,25.85,2019,6,2,Air Quality Indicator
651050,386,Ozone (O3),Mean,ppb,CD,410,South Ozone Park and Howard Beach (CD10),Summer 2019,2019-06-01,33.94,2019,6,2,Air Quality Indicator
651040,386,Ozone (O3),Mean,ppb,CD,318,Flatlands and Canarsie (CD18),Summer 2019,2019-06-01,33.98,2019,6,2,Air Quality Indicator
651044,386,Ozone (O3),Mean,ppb,CD,404,Elmhurst and Corona (CD4),Summer 2019,2019-06-01,30.62,2019,6,2,Air Quality Indicator
651025,386,Ozone (O3),Mean,ppb,CD,303,Bedford Stuyvesant (CD3),Summer 2019,2019-06-01,29.57,2019,6,2,Air Quality Indicator
643403,375,Nitrogen dioxide (NO2),Mean,ppb,UHF42,401,Long Island City - Astoria,Summer 2019,2019-06-01,17.72,2019,6,2,Air Quality Indicator
643505,375,Nitrogen dioxide (NO2),Mean,ppb,UHF34,402,West Queens,Summer 2019,2019-06-01,15.58,2019,6,2,Air Quality Indicator
649892,365,Fine particles (PM 2.5),Mean,mcg/m3,Citywide,1,New York City,Summer 2019,2019-06-01,7.93,2019,6,2,Air Quality Indicator
643535,375,Nitrogen dioxide (NO2),Mean,ppb,UHF34,404406,Bayside Little Neck-Fresh Meadows,Summer 2019,2019-06-01,12.56,2019,6,2,Air Quality Indicator
651029,386,Ozone (O3),Mean,ppb,CD,307,Sunset Park (CD7),Summer 2019,2019-06-01,28.78,2019,6,2,Air Quality Indicator
643691,375,Nitrogen dioxide (NO2),Mean,ppb,CD,406,Rego Park and Forest Hills (CD6),Summer 2019,2019-06-01,12.97,2019,6,2,Air Quality Indicator
643697,375,Nitrogen dioxide (NO2),Mean,ppb,CD,408,Hillcrest and Fresh Meadows (CD8),Summer 2019,2019-06-01,12.53,2019,6,2,Air Quality Indicator
649715,365,Fine particles (PM 2.5),Mean,mcg/m3,UHF42,211,Williamsburg - Bushwick,Summer 2019,2019-06-01,8.96,2019,6,2,Air Quality Indicator
649694,365,Fine particles (PM 2.5),Mean,mcg/m3,UHF42,204,East New York,Summer 2019,2019-06-01,8.02,2019,6,2,Air Quality Indicator
643646,375,Nitrogen dioxide (NO2),Mean,ppb,CD,309,South Crown Heights and Lefferts Gardens (CD9),Summer 2019,2019-06-01,14.06,2019,6,2,Air Quality Indicator
643553,375,Nitrogen dioxide (NO2),Mean,ppb,CD,102,Greenwich Village and Soho (CD2),Summer 2019,2019-06-01,22.5,2019,6,2,Air Quality Indicator
643622,375,Nitrogen dioxide (NO2),Mean,ppb,CD,301,Greenpoint and Williamsburg (CD1),Summer 2019,2019-06-01,19.2,2019,6,2,Air Quality Indicator
643652,375,Nitrogen dioxide (NO2),Mean,ppb,CD,311,Bensonhurst (CD11),Summer 2019,2019-06-01,12.81,2019,6,2,Air Quality Indicator
643700,375,Nitrogen dioxide (NO2),Mean,ppb,CD,409,Kew Gardens and Woodhaven (CD9),Summer 2019,2019-06-01,12.59,2019,6,2,Air Quality Indicator
649856,365,Fine particles (PM 2.5),Mean,mcg/m3,UHF34,405,Ridgewood - Forest Hills,Summer 2019,2019-06-01,7.91,2019,6,2,Air Quality Indicator
649793,365,Fine particles (PM 2.5),Mean,mcg/m3,UHF34,102,Northeast Bronx,Summer 2019,2019-06-01,7.7,2019,6,2,Air Quality Indicator
649967,365,Fine particles (PM 2.5),Mean,mcg/m3,CD,301,Greenpoint and Williamsburg (CD1),Summer 2019,2019-06-01,9.99,2019,6,2,Air Quality Indicator
643649,375,Nitrogen dioxide (NO2),Mean,ppb,CD,310,Bay Ridge and Dyker Heights (CD10),Summer 2019,2019-06-01,14.04,2019,6,2,Air Quality Indicator
643655,375,Nitrogen dioxide (NO2),Mean,ppb,CD,312,Borough Park (CD12),Summer 2019,2019-06-01,14.03,2019,6,2,Air Quality Indicator
649946,365,Fine particles (PM 2.5),Mean,mcg/m3,CD,206,Belmont and East Tremont (CD6),Summer 2019,2019-06-01,8.2,2019,6,2,Air Quality Indicator
649988,365,Fine particles (PM 2.5),Mean,mcg/m3,CD,308,Crown Heights and Prospect Heights (CD8),Summer 2019,2019-06-01,8.18,2019,6,2,Air Quality Indicator
650972,386,Ozone (O3),Mean,ppb,UHF34,205,Sunset Park,Summer 2019,2019-06-01,28.83,2019,6,2,Air Quality Indicator
643508,375,Nitrogen dioxide (NO2),Mean,ppb,UHF34,403,Flushing - Clearview,Summer 2019,2019-06-01,13.61,2019,6,2,Air Quality Indicator
643724,375,Nitrogen dioxide (NO2),Mean,ppb,CD,503,Tottenville and Great Kills (CD3),Summer 2019,2019-06-01,7.75,2019,6,2,Air Quality Indicator
649991,365,Fine particles (PM 2.5),Mean,mcg/m3,CD,309,South Crown Heights and Lefferts Gardens (CD9),Summer 2019,2019-06-01,7.88,2019,6,2,Air Quality Indicator
649997,365,Fine particles (PM 2.5),Mean,mcg/m3,CD,311,Bensonhurst (CD11),Summer 2019,2019-06-01,7.77,2019,6,2,Air Quality Indicator
649970,365,Fine particles (PM 2.5),Mean,mcg/m3,CD,302,Fort Greene and Brooklyn Heights (CD2),Summer 2019,2019-06-01,8.61,2019,6,2,Air Quality Indicator
651036,386,Ozone (O3),Mean,ppb,CD,314,Flatbush and Midwood (CD14),Summer 2019,2019-06-01,31.14,2019,6,2,Air Quality Indicator
650024,365,Fine particles (PM 2.5),Mean,mcg/m3,CD,402,Woodside and Sunnyside (CD2),Summer 2019,2019-06-01,9.73,2019,6,2,Air Quality Indicator
649733,365,Fine particles (PM 2.5),Mean,mcg/m3,UHF42,306,Chelsea - Clinton,Summer 2019,2019-06-01,11.24,2019,6,2,Air Quality Indicator
649667,365,Fine particles (PM 2.5),Mean,mcg/m3,UHF42,102,Northeast Bronx,Summer 2019,2019-06-01,7.7,2019,6,2,Air Quality Indicator
643418,375,Nitrogen dioxide (NO2),Mean,ppb,UHF42,406,Fresh Meadows,Summer 2019,2019-06-01,12.64,2019,6,2,Air Quality Indicator
643562,375,Nitrogen dioxide (NO2),Mean,ppb,CD,105,Midtown (CD5),Summer 2019,2019-06-01,27.15,2019,6,2,Air Quality Indicator
651054,386,Ozone (O3),Mean,ppb,CD,414,Rockaway and Broad Channel (CD14),Summer 2019,2019-06-01,37.53,2019,6,2,Air Quality Indicator
650027,365,Fine particles (PM 2.5),Mean,mcg/m3,CD,403,Jackson Heights (CD3),Summer 2019,2019-06-01,7.89,2019,6,2,Air Quality Indicator
649808,365,Fine particles (PM 2.5),Mean,mcg/m3,UHF34,203,Bedford Stuyvesant - Crown Heights,Summer 2019,2019-06-01,8.11,2019,6,2,Air Quality Indicator
643409,375,Nitrogen dioxide (NO2),Mean,ppb,UHF42,403,Flushing - Clearview,Summer 2019,2019-06-01,13.61,2019,6,2,Air Quality Indicator
643523,375,Nitrogen dioxide (NO2),Mean,ppb,UHF34,410,Rockaways,Summer 2019,2019-06-01,7.33,2019,6,2,Air Quality Indicator
649814,365,Fine particles (PM 2.5),Mean,mcg/m3,UHF34,205,Sunset Park,Summer 2019,2019-06-01,8.86,2019,6,2,Air Quality Indicator
643472,375,Nitrogen dioxide (NO2),Mean,ppb,UHF34,206,Borough Park,Summer 2019,2019-06-01,13.58,2019,6,2,Air Quality Indicator
643406,375,Nitrogen dioxide (NO2),Mean,ppb,UHF42,402,West Queens,Summer 2019,2019-06-01,15.58,2019,6,2,Air Quality Indicator
650923,386,Ozone (O3),Mean,ppb,UHF42,102,Northeast Bronx,Summer 2019,2019-06-01,30.34,2019,6,2,Air Quality Indicator
650952,386,Ozone (O3),Mean,ppb,UHF42,403,Flushing - Clearview,Summer 2019,2019-06-01,31.3,2019,6,2,Air Quality Indicator
649690,365,Fine particles (PM 2.5),Mean,mcg/m3,UHF42,203,Bedford Stuyvesant - Crown Heights,Annual Average 2019,2019-01-01,6.61,2019,1,1,Air Quality Indicator
643540,375,Nitrogen dioxide (NO2),Mean,ppb,UHF34,503504,Southern SI,Annual Average 2019,2019-01-01,10.97,2019,1,1,Air Quality Indicator
816912,643,Annual vehicle miles traveled,Million miles,per square mile,CD,502,South Beach and Willowbrook (CD2),2019,2019-01-01,26.902474,2019,1,1,Other Indicator
643486,375,Nitrogen dioxide (NO2),Mean,ppb,UHF34,211,Williamsburg - Bushwick,Annual Average 2019,2019-01-01,19.67,2019,1,1,Air Quality Indicator
817012,644,Annual vehicle miles traveled (cars),Million miles,per square mile,CD,101,Financial District (CD1),2019,2019-01-01,103.718606,2019,1,1,Other Indicator
817038,644,Annual vehicle miles traveled (cars),Million miles,per square mile,CD,202,Hunts Point and Longwood (CD2),2019,2019-01-01,46.497254,2019,1,1,Other Indicator
643480,375,Nitrogen dioxide (NO2),Mean,ppb,UHF34,209,Bensonhurst - Bay Ridge,Annual Average 2019,2019-01-01,15.7,2019,1,1,Air Quality Indicator
643702,375,Nitrogen dioxide (NO2),Mean,ppb,CD,410,South Ozone Park and Howard Beach (CD10),Annual Average 2019,2019-01-01,14.53,2019,1,1,Air Quality Indicator
817214,645,Annual vehicle miles traveled (trucks),Million miles,per square mile,UHF42,410,Rockaways,2019,2019-01-01,0.577668,2019,1,1,Other Indicator
817204,645,Annual vehicle miles traveled (trucks),Million miles,per square mile,UHF42,405,Ridgewood - Forest Hills,2019,2019-01-01,2.043201,2019,1,1,Other Indicator
817042,644,Annual vehicle miles traveled (cars),Million miles,per square mile,CD,204,Highbridge and Concourse (CD4),2019,2019-01-01,82.383507,2019,1,1,Other Indicator
816821,643,Annual vehicle miles traveled,Million miles,per square mile,UHF42,502,Stapleton - St. George,2019,2019-01-01,33.3406,2019,1,1,Other Indicator
816841,643,Annual vehicle miles traveled,Million miles,per square mile,UHF42,402,West Queens,2019,2019-01-01,103.85048,2019,1,1,Other Indicator
817064,644,Annual vehicle miles traveled (cars),Million miles,per square mile,CD,303,Bedford Stuyvesant (CD3),2019,2019-01-01,64.316194,2019,1,1,Other Indicator
816722,643,Annual vehicle miles traveled,Million miles,per square mile,CD,501,St. George and Stapleton (CD1),2019,2019-01-01,31.862744,2019,1,1,Other Indicator
817316,645,Annual vehicle miles traveled (trucks),Million miles,per square mile,CD,404,Elmhurst and Corona (CD4),2019,2019-01-01,4.882639,2019,1,1,Other Indicator
816855,643,Annual vehicle miles traveled,Million miles,per square mile,UHF42,305,Upper East Side,2019,2019-01-01,124.603967,2019,1,1,Other Indicator
817208,645,Annual vehicle miles traveled (trucks),Million miles,per square mile,UHF42,407,Southwest Queens,2019,2019-01-01,2.436994,2019,1,1,Other Indicator
643579,375,Nitrogen dioxide (NO2),Mean,ppb,CD,111,East Harlem (CD11),Annual Average 2019,2019-01-01,19.41,2019,1,1,Air Quality Indicator
649915,365,Fine particles (PM 2.5),Mean,mcg/m3,CD,108,Upper East Side (CD8),Annual Average 2019,2019-01-01,8.03,2019,1,1,Air Quality Indicator
649957,365,Fine particles (PM 2.5),Mean,mcg/m3,CD,210,Throgs Neck and Co-op City (CD10),Annual Average 2019,2019-01-01,6.7,2019,1,1,Air Quality Indicator
650017,365,Fine particles (PM 2.5),Mean,mcg/m3,CD,318,Flatlands and Canarsie (CD18),Annual Average 2019,2019-01-01,6.11,2019,1,1,Air Quality Indicator
643543,375,Nitrogen dioxide (NO2),Mean,ppb,UHF34,105106107,South Bronx,Annual Average 2019,2019-01-01,18.42,2019,1,1,Air Quality Indicator
649684,365,Fine particles (PM 2.5),Mean,mcg/m3,UHF42,201,Greenpoint,Annual Average 2019,2019-01-01,8.56,2019,1,1,Air Quality Indicator
643564,375,Nitrogen dioxide (NO2),Mean,ppb,CD,106,Stuyvesant Town and Turtle Bay (CD6),Annual Average 2019,2019-01-01,24.48,2019,1,1,Air Quality Indicator
649918,365,Fine particles (PM 2.5),Mean,mcg/m3,CD,109,Morningside Heights and Hamilton Heights (CD9),Annual Average 2019,2019-01-01,6.93,2019,1,1,Air Quality Indicator
643690,375,Nitrogen dioxide (NO2),Mean,ppb,CD,406,Rego Park and Forest Hills (CD6),Annual Average 2019,2019-01-01,16.35,2019,1,1,Air Quality Indicator
816739,643,Annual vehicle miles traveled,Million miles,per square mile,CD,314,Flatbush and Midwood (CD14),2019,2019-01-01,57.240846,2019,1,1,Other Indicator
643465,375,Nitrogen dioxide (NO2),Mean,ppb,UHF34,204,East New York,Annual Average 2019,2019-01-01,15.81,2019,1,1,Air Quality Indicator
817190,645,Annual vehicle miles traveled (trucks),Million miles,per square mile,UHF42,308,Greenwich Village - SoHo,2019,2019-01-01,10.146983,2019,1,1,Other Indicator
816863,643,Annual vehicle miles traveled,Million miles,per square mile,UHF42,301,Washington Heights,2019,2019-01-01,143.146246,2019,1,1,Other Indicator
650050,365,Fine particles (PM 2.5),Mean,mcg/m3,CD,411,Bayside and Little Neck (CD11),Annual Average 2019,2019-01-01,6.19,2019,1,1,Air Quality Indicator
643525,375,Nitrogen dioxide (NO2),Mean,ppb,UHF34,305307,Upper East Side-Gramercy,Annual Average 2019,2019-01-01,24.05,2019,1,1,Air Quality Indicator
649846,365,Fine particles (PM 2.5),Mean,mcg/m3,UHF34,401,Long Island City - Astoria,Annual Average 2019,2019-01-01,7.99,2019,1,1,Air Quality Indicator
817178,645,Annual vehicle miles traveled (trucks),Million miles,per square mile,UHF42,302,Central Harlem - Morningside Heights,2019,2019-01-01,4.351877,2019,1,1,Other Indicator
643318,375,Nitrogen dioxide (NO2),Mean,ppb,UHF42,101,Kingsbridge - Riverdale,Annual Average 2019,2019-01-01,13.5,2019,1,1,Air Quality Indicator
643528,375,Nitrogen dioxide (NO2),Mean,ppb,UHF34,306308,Chelsea-Village,Annual Average 2019,2019-01-01,25.2,2019,1,1,Air Quality Indicator
649828,365,Fine particles (PM 2.5),Mean,mcg/m3,UHF34,210,Coney Island - Sheepshead Bay,Annual Average 2019,2019-01-01,6.04,2019,1,1,Air Quality Indicator
643636,375,Nitrogen dioxide (NO2),Mean,ppb,CD,306,Park Slope and Carroll Gardens (CD6),Annual Average 2019,2019-01-01,20.08,2019,1,1,Air Quality Indicator
643450,375,Nitrogen dioxide (NO2),Mean,ppb,UHF34,103,Fordham - Bronx Pk,Annual Average 2019,2019-01-01,15.17,2019,1,1,Air Quality Indicator
643615,375,Nitrogen dioxide (NO2),Mean,ppb,CD,211,Morris Park and Bronxdale (CD11),Annual Average 2019,2019-01-01,15.46,2019,1,1,Air Quality Indicator
817224,645,Annual vehicle miles traveled (trucks),Million miles,per square mile,Citywide,1,New York City,2019,2019-01-01,3.162005,2019,1,1,Other Indicator
817158,645,Annual vehicle miles traveled (trucks),Million miles,per square mile,UHF42,203,Bedford Stuyvesant - Crown Heights,2019,2019-01-01,2.805015,2019,1,1,Other Indicator
643348,375,Nitrogen dioxide (NO2),Mean,ppb,UHF42,204,East New York,Annual Average 2019,2019-01-01,15.81,2019,1,1,Air Quality Indicator
817056,644,Annual vehicle miles traveled (cars),Million miles,per square mile,CD,211,Morris Park and Bronxdale (CD11),2019,2019-01-01,35.515431,2019,1,1,Other Indicator
649963,365,Fine particles (PM 2.5),Mean,mcg/m3,CD,212,Williamsbridge and Baychester (CD12),Annual Average 2019,2019-01-01,6.66,2019,1,1,Air Quality Indicator
816720,643,Annual vehicle miles traveled,Million miles,per square mile,CD,414,Rockaway and Broad Channel (CD14),2019,2019-01-01,15.124319,2019,1,1,Other Indicator
817126,644,Annual vehicle miles traveled (cars),Million miles,per square mile,CD,502,South Beach and Willowbrook (CD2),2019,2019-01-01,24.596442,2019,1,1,Other Indicator
816706,643,Annual vehicle miles traveled,Million miles,per square mile,CD,407,Flushing and Whitestone (CD7),2019,2019-01-01,42.805374,2019,1,1,Other Indicator
643711,375,Nitrogen dioxide (NO2),Mean,ppb,CD,413,Queens Village (CD13),Annual Average 2019,2019-01-01,14.55,2019,1,1,Air Quality Indicator
817010,644,Annual vehicle miles traveled (cars),Million miles,per square mile,Citywide,1,New York City,2019,2019-01-01,54.851447,2019,1,1,Other Indicator
649951,365,Fine particles (PM 2.5),Mean,mcg/m3,CD,208,Riverdale and Fieldston (CD8),Annual Average 2019,2019-01-01,6.68,2019,1,1,Air Quality Indicator
817296,645,Annual vehicle miles traveled (trucks),Million miles,per square mile,CD,312,Borough Park (CD12),2019,2019-01-01,1.798067,2019,1,1,Other Indicator
649657,365,Fine particles (PM 2.5),Mean,mcg/m3,Borough,4,Queens,Annual Average 2019,2019-01-01,6.47,2019,1,1,Air Quality Indicator
649981,365,Fine particles (PM 2.5),Mean,mcg/m3,CD,306,Park Slope and Carroll Gardens (CD6),Annual Average 2019,2019-01-01,7.7,2019,1,1,Air Quality Indicator
643405,375,Nitrogen dioxide (NO2),Mean,ppb,UHF42,402,West Queens,Annual Average 2019,2019-01-01,18.67,2019,1,1,Air Quality Indicator
816815,643,Annual vehicle miles traveled,Million miles,per square mile,Citywide,1,New York City,2019,2019-01-01,59.604506,2019,1,1,Other Indicator
816879,643,Annual vehicle miles traveled,Million miles,per square mile,UHF42,204,East New York,2019,2019-01-01,55.362066,2019,1,1,Other Indicator
650041,365,Fine particles (PM 2.5),Mean,mcg/m3,CD,408,Hillcrest and Fresh Meadows (CD8),Annual Average 2019,2019-01-01,6.2,2019,1,1,Air Quality Indicator
649909,365,Fine particles (PM 2.5),Mean,mcg/m3,CD,106,Stuyvesant Town and Turtle Bay (CD6),Annual Average 2019,2019-01-01,9.36,2019,1,1,Air Quality Indicator
649735,365,Fine particles (PM 2.5),Mean,mcg/m3,UHF42,307,Gramercy Park - Murray Hill,Annual Average 2019,2019-01-01,10.09,2019,1,1,Air Quality Indicator
649651,365,Fine particles (PM 2.5),Mean,mcg/m3,Borough,2,Brooklyn,Annual Average 2019,2019-01-01,6.66,2019,1,1,Air Quality Indicator
643330,375,Nitrogen dioxide (NO2),Mean,ppb,UHF42,105,Crotona -Tremont,Annual Average 2019,2019-01-01,17.64,2019,1,1,Air Quality Indicator
649945,365,Fine particles (PM 2.5),Mean,mcg/m3,CD,206,Belmont and East Tremont (CD6),Annual Average 2019,2019-01-01,7.15,2019,1,1,Air Quality Indicator
649999,365,Fine particles (PM 2.5),Mean,mcg/m3,CD,312,Borough Park (CD12),Annual Average 2019,2019-01-01,6.37,2019,1,1,Air Quality Indicator
817140,645,Annual vehicle miles traveled (trucks),Million miles,per square mile,UHF42,101,Kingsbridge - Riverdale,2019,2019-01-01,4.961,2019,1,1,Other Indicator
643501,375,Nitrogen dioxide (NO2),Mean,ppb,UHF34,401,Long Island City - Astoria,Annual Average 2019,2019-01-01,20.24,2019,1,1,Air Quality Indicator
649906,365,Fine particles (PM 2.5),Mean,mcg/m3,CD,105,Midtown (CD5),Annual Average 2019,2019-01-01,11.53,2019,1,1,Air Quality Indicator
650056,365,Fine particles (PM 2.5),Mean,mcg/m3,CD,413,Queens Village (CD13),Annual Average 2019,2019-01-01,6.03,2019,1,1,Air Quality Indicator
643606,375,Nitrogen dioxide (NO2),Mean,ppb,CD,208,Riverdale and Fieldston (CD8),Annual Average 2019,2019-01-01,13.48,2019,1,1,Air Quality Indicator
817092,644,Annual vehicle miles traveled (cars),Million miles,per square mile,CD,317,East Flatbush (CD17),2019,2019-01-01,61.501189,2019,1,1,Other Indicator
817094,644,Annual vehicle miles traveled (cars),Million miles,per square mile,CD,318,Flatlands and Canarsie (CD18),2019,2019-01-01,42.213408,2019,1,1,Other Indicator
643675,375,Nitrogen dioxide (NO2),Mean,ppb,CD,401,Long Island City and Astoria (CD1),Annual Average 2019,2019-01-01,18.4,2019,1,1,Air Quality Indicator
817080,644,Annual vehicle miles traveled (cars),Million miles,per square mile,CD,311,Bensonhurst (CD11),2019,2019-01-01,45.966633,2019,1,1,Other Indicator
816714,643,Annual vehicle miles traveled,Million miles,per square mile,CD,411,Bayside and Little Neck (CD11),2019,2019-01-01,73.643334,2019,1,1,Other Indicator
817044,644,Annual vehicle miles traveled (cars),Million miles,per square mile,CD,205,Fordham and University Heights (CD5),2019,2019-01-01,87.910318,2019,1,1,Other Indicator
643693,375,Nitrogen dioxide (NO2),Mean,ppb,CD,407,Flushing and Whitestone (CD7),Annual Average 2019,2019-01-01,16.27,2019,1,1,Air Quality Indicator
643717,375,Nitrogen dioxide (NO2),Mean,ppb,CD,501,St. George and Stapleton (CD1),Annual Average 2019,2019-01-01,15.05,2019,1,1,Air Quality Indicator
650044,365,Fine particles (PM 2.5),Mean,mcg/m3,CD,409,Kew Gardens and Woodhaven (CD9),Annual Average 2019,2019-01-01,6.4,2019,1,1,Air Quality Indicator
817206,645,Annual vehicle miles traveled (trucks),Million miles,per square mile,UHF42,406,Fresh Meadows,2019,2019-01-01,5.392645,2019,1,1,Other Indicator
817078,644,Annual vehicle miles traveled (cars),Million miles,per square mile,CD,310,Bay Ridge and Dyker Heights (CD10),2019,2019-01-01,77.161708,2019,1,1,Other Indicator
817300,645,Annual vehicle miles traveled (trucks),Million miles,per square mile,CD,314,Flatbush and Midwood (CD14),2019,2019-01-01,1.855355,2019,1,1,Other Indicator
817184,645,Annual vehicle miles traveled (trucks),Million miles,per square mile,UHF42,305,Upper East Side,2019,2019-01-01,7.064005,2019,1,1,Other Indicator
643474,375,Nitrogen dioxide (NO2),Mean,ppb,UHF34,207,East Flatbush - Flatbush,Annual Average 2019,2019-01-01,16.27,2019,1,1,Air Quality Indicator
649831,365,Fine particles (PM 2.5),Mean,mcg/m3,UHF34,211,Williamsburg - Bushwick,Annual Average 2019,2019-01-01,7.5,2019,1,1,Air Quality Indicator
649654,365,Fine particles (PM 2.5),Mean,mcg/m3,Borough,3,Manhattan,Annual Average 2019,2019-01-01,8.31,2019,1,1,Air Quality Indicator
816958,644,Annual vehicle miles traveled (cars),Million miles,per square mile,UHF42,210,Coney Island - Sheepshead Bay,2019,2019-01-01,42.206372,2019,1,1,Other Indicator
643513,375,Nitrogen dioxide (NO2),Mean,ppb,UHF34,407,Southwest Queens,Annual Average 2019,2019-01-01,15.14,2019,1,1,Air Quality Indicator
649732,365,Fine particles (PM 2.5),Mean,mcg/m3,UHF42,306,Chelsea - Clinton,Annual Average 2019,2019-01-01,10.21,2019,1,1,Air Quality Indicator
649774,365,Fine particles (PM 2.5),Mean,mcg/m3,UHF42,410,Rockaways,Annual Average 2019,2019-01-01,5.59,2019,1,1,Air Quality Indicator
649762,365,Fine particles (PM 2.5),Mean,mcg/m3,UHF42,406,Fresh Meadows,Annual Average 2019,2019-01-01,6.16,2019,1,1,Air Quality Indicator
643549,375,Nitrogen dioxide (NO2),Mean,ppb,CD,101,Financial District (CD1),Annual Average 2019,2019-01-01,24.3,2019,1,1,Air Quality Indicator
817098,644,Annual vehicle miles traveled (cars),Million miles,per square mile,CD,402,Woodside and Sunnyside (CD2),2019,2019-01-01,103.003909,2019,1,1,Other Indicator
816992,644,Annual vehicle miles traveled (cars),Million miles,per square mile,UHF42,406,Fresh Meadows,2019,2019-01-01,73.903539,2019,1,1,Other Indicator
649867,365,Fine particles (PM 2.5),Mean,mcg/m3,UHF34,410,Rockaways,Annual Average 2019,2019-01-01,5.59,2019,1,1,Air Quality Indicator
817338,645,Annual vehicle miles traveled (trucks),Million miles,per square mile,CD,501,St. George and Stapleton (CD1),2019,2019-01-01,2.033181,2019,1,1,Other Indicator
649693,365,Fine particles (PM 2.5),Mean,mcg/m3,UHF42,204,East New York,Annual Average 2019,2019-01-01,6.56,2019,1,1,Air Quality Indicator
816767,643,Annual vehicle miles traveled,Million miles,per square mile,CD,212,Williamsbridge and Baychester (CD12),2019,2019-01-01,54.751513,2019,1,1,Other Indicator
816964,644,Annual vehicle miles traveled (cars),Million miles,per square mile,UHF42,302,Central Harlem - Morningside Heights,2019,2019-01-01,100.681109,2019,1,1,Other Indicator
649714,365,Fine particles (PM 2.5),Mean,mcg/m3,UHF42,211,Williamsburg - Bushwick,Annual Average 2019,2019-01-01,7.5,2019,1,1,Air Quality Indicator
643648,375,Nitrogen dioxide (NO2),Mean,ppb,CD,310,Bay Ridge and Dyker Heights (CD10),Annual Average 2019,2019-01-01,16.43,2019,1,1,Air Quality Indicator
816777,643,Annual vehicle miles traveled,Million miles,per square mile,CD,207,Kingsbridge Heights and Bedford (CD7),2019,2019-01-01,70.491589,2019,1,1,Other Indicator
817198,645,Annual vehicle miles traveled (trucks),Million miles,per square mile,UHF42,402,West Queens,2019,2019-01-01,6.394251,2019,1,1,Other Indicator
643441,375,Nitrogen dioxide (NO2),Mean,ppb,UHF42,504,South Beach - Tottenville,Annual Average 2019,2019-01-01,10.23,2019,1,1,Air Quality Indicator
817148,645,Annual vehicle miles traveled (trucks),Million miles,per square mile,UHF42,105,Crotona -Tremont,2019,2019-01-01,9.104067,2019,1,1,Other Indicator
817166,645,Annual vehicle miles traveled (trucks),Million miles,per square mile,UHF42,207,East Flatbush - Flatbush,2019,2019-01-01,1.918668,2019,1,1,Other Indicator
643558,375,Nitrogen dioxide (NO2),Mean,ppb,CD,104,Clinton and Chelsea (CD4),Annual Average 2019,2019-01-01,24.6,2019,1,1,Air Quality Indicator
816801,643,Annual vehicle miles traveled,Million miles,per square mile,CD,107,Upper West Side (CD7),2019,2019-01-01,143.367392,2019,1,1,Other Indicator
643531,375,Nitrogen dioxide (NO2),Mean,ppb,UHF34,309310,Union Square-Lower Manhattan,Annual Average 2019,2019-01-01,22.39,2019,1,1,Air Quality Indicator
816942,644,Annual vehicle miles traveled (cars),Million miles,per square mile,UHF42,202,Downtown - Heights - Slope,2019,2019-01-01,116.158587,2019,1,1,Other Indicator
817210,645,Annual vehicle miles traveled (trucks),Million miles,per square mile,UHF42,408,Jamaica,2019,2019-01-01,1.364906,2019,1,1,Other Indicator
643600,375,Nitrogen dioxide (NO2),Mean,ppb,CD,206,Belmont and East Tremont (CD6),Annual Average 2019,2019-01-01,17.07,2019,1,1,Air Quality Indicator
643624,375,Nitrogen dioxide (NO2),Mean,ppb,CD,302,Fort Greene and Brooklyn Heights (CD2),Annual Average 2019,2019-01-01,19.94,2019,1,1,Air Quality Indicator
816960,644,Annual vehicle miles traveled (cars),Million miles,per square mile,UHF42,211,Williamsburg - Bushwick,2019,2019-01-01,46.233167,2019,1,1,Other Indicator
643489,375,Nitrogen dioxide (NO2),Mean,ppb,UHF34,301,Washington Heights,Annual Average 2019,2019-01-01,17.27,2019,1,1,Air Quality Indicator
649678,365,Fine particles (PM 2.5),Mean,mcg/m3,UHF42,106,High Bridge - Morrisania,Annual Average 2019,2019-01-01,7.14,2019,1,1,Air Quality Indicator
643537,375,Nitrogen dioxide (NO2),Mean,ppb,UHF34,501502,Northern SI,Annual Average 2019,2019-01-01,14.17,2019,1,1,Air Quality Indicator
643384,375,Nitrogen dioxide (NO2),Mean,ppb,UHF42,305,Upper East Side,Annual Average 2019,2019-01-01,22.13,2019,1,1,Air Quality Indicator
817334,645,Annual vehicle miles traveled (trucks),Million miles,per square mile,CD,413,Queens Village (CD13),2019,2019-01-01,1.626303,2019,1,1,Other Indicator
816944,644,Annual vehicle miles traveled (cars),Million miles,per square mile,UHF42,203,Bedford Stuyvesant - Crown Heights,2019,2019-01-01,77.615342,2019,1,1,Other Indicator
643723,375,Nitrogen dioxide (NO2),Mean,ppb,CD,503,Tottenville and Great Kills (CD3),Annual Average 2019,2019-01-01,10.18,2019,1,1,Air Quality Indicator
649825,365,Fine particles (PM 2.5),Mean,mcg/m3,UHF34,209,Bensonhurst - Bay Ridge,Annual Average 2019,2019-01-01,6.21,2019,1,1,Air Quality Indicator
643438,375,Nitrogen dioxide (NO2),Mean,ppb,UHF42,503,Willowbrook,Annual Average 2019,2019-01-01,12.21,2019,1,1,Air Quality Indicator
643447,375,Nitrogen dioxide (NO2),Mean,ppb,UHF34,102,Northeast Bronx,Annual Average 2019,2019-01-01,14.67,2019,1,1,Air Quality Indicator
649993,365,Fine particles (PM 2.5),Mean,mcg/m3,CD,310,Bay Ridge and Dyker Heights (CD10),Annual Average 2019,2019-01-01,6.39,2019,1,1,Air Quality Indicator
817112,644,Annual vehicle miles traveled (cars),Million miles,per square mile,CD,409,Kew Gardens and Woodhaven (CD9),2019,2019-01-01,43.575521,2019,1,1,Other Indicator
817052,644,Annual vehicle miles traveled (cars),Million miles,per square mile,CD,209,Parkchester and Soundview (CD9),2019,2019-01-01,65.927354,2019,1,1,Other Indicator
643516,375,Nitrogen dioxide (NO2),Mean,ppb,UHF34,408,Jamaica,Annual Average 2019,2019-01-01,15.51,2019,1,1,Air Quality Indicator
817332,645,Annual vehicle miles traveled (trucks),Million miles,per square mile,CD,412,Jamaica and Hollis (CD12),2019,2019-01-01,1.620186,2019,1,1,Other Indicator
817028,644,Annual vehicle miles traveled (cars),Million miles,per square mile,CD,109,Morningside Heights and Hamilton Heights (CD9),2019,2019-01-01,123.051578,2019,1,1,Other Indicator
650035,365,Fine particles (PM 2.5),Mean,mcg/m3,CD,406,Rego Park and Forest Hills (CD6),Annual Average 2019,2019-01-01,6.46,2019,1,1,Air Quality Indicator
649834,365,Fine particles (PM 2.5),Mean,mcg/m3,UHF34,301,Washington Heights,Annual Average 2019,2019-01-01,7.11,2019,1,1,Air Quality Indicator
650011,365,Fine particles (PM 2.5),Mean,mcg/m3,CD,316,Brownsville (CD16),Annual Average 2019,2019-01-01,6.65,2019,1,1,Air Quality Indicator
816990,644,Annual vehicle miles traveled (cars),Million miles,per square mile,UHF42,405,Ridgewood - Forest Hills,2019,2019-01-01,63.036357,2019,1,1,Other Indicator
817326,645,Annual vehicle miles traveled (trucks),Million miles,per square mile,CD,409,Kew Gardens and Woodhaven (CD9),2019,2019-01-01,2.982136,2019,1,1,Other Indicator
817074,644,Annual vehicle miles traveled (cars),Million miles,per square mile,CD,308,Crown Heights and Prospect Heights (CD8),2019,2019-01-01,82.748795,2019,1,1,Other Indicator
817192,645,Annual vehicle miles traveled (trucks),Million miles,per square mile,UHF42,309,Union Square - Lower East Side,2019,2019-01-01,6.664092,2019,1,1,Other Indicator
649813,365,Fine particles (PM 2.5),Mean,mcg/m3,UHF34,205,Sunset Park,Annual Average 2019,2019-01-01,7.32,2019,1,1,Air Quality Indicator
649801,365,Fine particles (PM 2.5),Mean,mcg/m3,UHF34,201,Greenpoint,Annual Average 2019,2019-01-01,8.56,2019,1,1,Air Quality Indicator
817290,645,Annual vehicle miles traveled (trucks),Million miles,per square mile,CD,309,South Crown Heights and Lefferts Gardens (CD9),2019,2019-01-01,1.957808,2019,1,1,Other Indicator
817096,644,Annual vehicle miles traveled (cars),Million miles,per square mile,CD,401,Long Island City and Astoria (CD1),2019,2019-01-01,38.405,2019,1,1,Other Indicator
817120,644,Annual vehicle miles traveled (cars),Million miles,per square mile,CD,413,Queens Village (CD13),2019,2019-01-01,72.393632,2019,1,1,Other Indicator
649792,365,Fine particles (PM 2.5),Mean,mcg/m3,UHF34,102,Northeast Bronx,Annual Average 2019,2019-01-01,6.68,2019,1,1,Air Quality Indicator
817066,644,Annual vehicle miles traveled (cars),Million miles,per square mile,CD,304,Bushwick (CD4),2019,2019-01-01,48.226637,2019,1,1,Other Indicator
817228,645,Annual vehicle miles traveled (trucks),Million miles,per square mile,CD,102,Greenwich Village and Soho (CD2),2019,2019-01-01,9.214598,2019,1,1,Other Indicator
817252,645,Annual vehicle miles traveled (trucks),Million miles,per square mile,CD,202,Hunts Point and Longwood (CD2),2019,2019-01-01,3.417027,2019,1,1,Other Indicator
816765,643,Annual vehicle miles traveled,Million miles,per square mile,CD,301,Greenpoint and Williamsburg (CD1),2019,2019-01-01,80.238976,2019,1,1,Other Indicator
816932,644,Annual vehicle miles traveled (cars),Million miles,per square mile,UHF42,104,Pelham - Throgs Neck,2019,2019-01-01,57.839396,2019,1,1,Other Indicator
817008,644,Annual vehicle miles traveled (cars),Million miles,per square mile,UHF42,504,South Beach - Tottenville,2019,2019-01-01,12.052576,2019,1,1,Other Indicator
817072,644,Annual vehicle miles traveled (cars),Million miles,per square mile,CD,307,Sunset Park (CD7),2019,2019-01-01,112.484639,2019,1,1,Other Indicator
816946,644,Annual vehicle miles traveled (cars),Million miles,per square mile,UHF42,204,East New York,2019,2019-01-01,51.690593,2019,1,1,Other Indicator
649873,365,Fine particles (PM 2.5),Mean,mcg/m3,UHF34,306308,Chelsea-Village,Annual Average 2019,2019-01-01,10.02,2019,1,1,Air Quality Indicator
649936,365,Fine particles (PM 2.5),Mean,mcg/m3,CD,203,Morrisania and Crotona (CD3),Annual Average 2019,2019-01-01,6.91,2019,1,1,Air Quality Indicator
816729,643,Annual vehicle miles traveled,Million miles,per square mile,CD,401,Long Island City and Astoria (CD1),2019,2019-01-01,43.45868,2019,1,1,Other Indicator
816907,643,Annual vehicle miles traveled,Million miles,per square mile,Borough,2,Brooklyn,2019,2019-01-01,66.484843,2019,1,1,Other Indicator
817194,645,Annual vehicle miles traveled (trucks),Million miles,per square mile,UHF42,310,Lower Manhattan,2019,2019-01-01,3.446159,2019,1,1,Other Indicator
649912,365,Fine particles (PM 2.5),Mean,mcg/m3,CD,107,Upper West Side (CD7),Annual Average 2019,2019-01-01,7.38,2019,1,1,Air Quality Indicator
816771,643,Annual vehicle miles traveled,Million miles,per square mile,CD,210,Throgs Neck and Co-op City (CD10),2019,2019-01-01,73.927497,2019,1,1,Other Indicator
817170,645,Annual vehicle miles traveled (trucks),Million miles,per square mile,UHF42,209,Bensonhurst - Bay Ridge,2019,2019-01-01,3.087654,2019,1,1,Other Indicator
650038,365,Fine particles (PM 2.5),Mean,mcg/m3,CD,407,Flushing and Whitestone (CD7),Annual Average 2019,2019-01-01,6.65,2019,1,1,Air Quality Indicator
817018,644,Annual vehicle miles traveled (cars),Million miles,per square mile,CD,104,Clinton and Chelsea (CD4),2019,2019-01-01,147.425297,2019,1,1,Other Indicator
649708,365,Fine particles (PM 2.5),Mean,mcg/m3,UHF42,209,Bensonhurst - Bay Ridge,Annual Average 2019,2019-01-01,6.21,2019,1,1,Air Quality Indicator
817196,645,Annual vehicle miles traveled (trucks),Million miles,per square mile,UHF42,401,Long Island City - Astoria,2019,2019-01-01,4.165643,2019,1,1,Other Indicator
816757,643,Annual vehicle miles traveled,Million miles,per square mile,CD,305,East New York and Starrett City (CD5),2019,2019-01-01,58.108108,2019,1,1,Other Indicator
649717,365,Fine particles (PM 2.5),Mean,mcg/m3,UHF42,301,Washington Heights,Annual Average 2019,2019-01-01,7.11,2019,1,1,Air Quality Indicator
643375,375,Nitrogen dioxide (NO2),Mean,ppb,UHF42,302,Central Harlem - Morningside Heights,Annual Average 2019,2019-01-01,19.7,2019,1,1,Air Quality Indicator
817136,645,Annual vehicle miles traveled (trucks),Million miles,per square mile,Borough,4,Queens,2019,2019-01-01,2.786516,2019,1,1,Other Indicator
643660,375,Nitrogen dioxide (NO2),Mean,ppb,CD,314,Flatbush and Midwood (CD14),Annual Average 2019,2019-01-01,15.8,2019,1,1,Air Quality Indicator
816885,643,Annual vehicle miles traveled,Million miles,per square mile,UHF42,201,Greenpoint,2019,2019-01-01,88.576175,2019,1,1,Other Indicator
643567,375,Nitrogen dioxide (NO2),Mean,ppb,CD,107,Upper West Side (CD7),Annual Average 2019,2019-01-01,20.82,2019,1,1,Air Quality Indicator
817278,645,Annual vehicle miles traveled (trucks),Million miles,per square mile,CD,303,Bedford Stuyvesant (CD3),2019,2019-01-01,2.478643,2019,1,1,Other Indicator
817232,645,Annual vehicle miles traveled (trucks),Million miles,per square mile,CD,104,Clinton and Chelsea (CD4),2019,2019-01-01,6.532178,2019,1,1,Other Indicator
643357,375,Nitrogen dioxide (NO2),Mean,ppb,UHF42,207,East Flatbush - Flatbush,Annual Average 2019,2019-01-01,16.27,2019,1,1,Air Quality Indicator
816781,643,Annual vehicle miles traveled,Million miles,per square mile,CD,205,Fordham and University Heights (CD5),2019,2019-01-01,101.001219,2019,1,1,Other Indicator
649975,365,Fine particles (PM 2.5),Mean,mcg/m3,CD,304,Bushwick (CD4),Annual Average 2019,2019-01-01,7.1,2019,1,1,Air Quality Indicator
817100,644,Annual vehicle miles traveled (cars),Million miles,per square mile,CD,403,Jackson Heights (CD3),2019,2019-01-01,70.635824,2019,1,1,Other Indicator
816883,643,Annual vehicle miles traveled,Million miles,per square mile,UHF42,202,Downtown - Heights - Slope,2019,2019-01-01,126.755171,2019,1,1,Other Indicator
649939,365,Fine particles (PM 2.5),Mean,mcg/m3,CD,204,Highbridge and Concourse (CD4),Annual Average 2019,2019-01-01,7.24,2019,1,1,Air Quality Indicator
817306,645,Annual vehicle miles traveled (trucks),Million miles,per square mile,CD,317,East Flatbush (CD17),2019,2019-01-01,2.175616,2019,1,1,Other Indicator
649738,365,Fine particles (PM 2.5),Mean,mcg/m3,UHF42,308,Greenwich Village - SoHo,Annual Average 2019,2019-01-01,9.65,2019,1,1,Air Quality Indicator
816966,644,Annual vehicle miles traveled (cars),Million miles,per square mile,UHF42,303,East Harlem,2019,2019-01-01,135.751881,2019,1,1,Other Indicator
817256,645,Annual vehicle miles traveled (trucks),Million miles,per square mile,CD,204,Highbridge and Concourse (CD4),2019,2019-01-01,10.841496,2019,1,1,Other Indicator
816747,643,Annual vehicle miles traveled,Million miles,per square mile,CD,310,Bay Ridge and Dyker Heights (CD10),2019,2019-01-01,84.042302,2019,1,1,Other Indicator
816970,644,Annual vehicle miles traveled (cars),Million miles,per square mile,UHF42,305,Upper East Side,2019,2019-01-01,111.069811,2019,1,1,Other Indicator
816837,643,Annual vehicle miles traveled,Million miles,per square mile,UHF42,404,Bayside - Little Neck,2019,2019-01-01,80.044253,2019,1,1,Other Indicator
643555,375,Nitrogen dioxide (NO2),Mean,ppb,CD,103,Lower East Side and Chinatown (CD3),Annual Average 2019,2019-01-01,21.24,2019,1,1,Air Quality Indicator
817006,644,Annual vehicle miles traveled (cars),Million miles,per square mile,UHF42,503,Willowbrook,2019,2019-01-01,31.513672,2019,1,1,Other Indicator
817068,644,Annual vehicle miles traveled (cars),Million miles,per square mile,CD,305,East New York and Starrett City (CD5),2019,2019-01-01,54.739867,2019,1,1,Other Indicator
643435,375,Nitrogen dioxide (NO2),Mean,ppb,UHF42,502,Stapleton - St. George,Annual Average 2019,2019-01-01,13.33,2019,1,1,Air Quality Indicator
816986,644,Annual vehicle miles traveled (cars),Million miles,per square mile,UHF42,403,Flushing - Clearview,2019,2019-01-01,37.609916,2019,1,1,Other Indicator
817016,644,Annual vehicle miles traveled (cars),Million miles,per square mile,CD,103,Lower East Side and Chinatown (CD3),2019,2019-01-01,127.356605,2019,1,1,Other Indicator
817130,645,Annual vehicle miles traveled (trucks),Million miles,per square mile,Borough,1,Bronx,2019,2019-01-01,5.077953,2019,1,1,Other Indicator
816974,644,Annual vehicle miles traveled (cars),Million miles,per square mile,UHF42,307,Gramercy Park - Murray Hill,2019,2019-01-01,168.719696,2019,1,1,Other Indicator
649795,365,Fine particles (PM 2.5),Mean,mcg/m3,UHF34,103,Fordham - Bronx Pk,Annual Average 2019,2019-01-01,6.7,2019,1,1,Air Quality Indicator
816865,643,Annual vehicle miles traveled,Million miles,per square mile,UHF42,211,Williamsburg - Bushwick,2019,2019-01-01,49.844872,2019,1,1,Other Indicator
643378,375,Nitrogen dioxide (NO2),Mean,ppb,UHF42,303,East Harlem,Annual Average 2019,2019-01-01,19.4,2019,1,1,Air Quality Indicator
816857,643,Annual vehicle miles traveled,Million miles,per square mile,UHF42,304,Upper West Side,2019,2019-01-01,143.536157,2019,1,1,Other Indicator
817070,644,Annual vehicle miles traveled (cars),Million miles,per square mile,CD,306,Park Slope and Carroll Gardens (CD6),2019,2019-01-01,85.905088,2019,1,1,Other Indicator
649840,365,Fine particles (PM 2.5),Mean,mcg/m3,UHF34,303,East Harlem,Annual Average 2019,2019-01-01,7.11,2019,1,1,Air Quality Indicator
649687,365,Fine particles (PM 2.5),Mean,mcg/m3,UHF42,202,Downtown - Heights - Slope,Annual Average 2019,2019-01-01,7.44,2019,1,1,Air Quality Indicator
649837,365,Fine particles (PM 2.5),Mean,mcg/m3,UHF34,302,Central Harlem - Morningside Heights,Annual Average 2019,2019-01-01,7.0,2019,1,1,Air Quality Indicator
816833,643,Annual vehicle miles traveled,Million miles,per square mile,UHF42,406,Fresh Meadows,2019,2019-01-01,80.85455,2019,1,1,Other Indicator
649894,365,Fine particles (PM 2.5),Mean,mcg/m3,CD,101,Financial District (CD1),Annual Average 2019,2019-01-01,8.42,2019,1,1,Air Quality Indicator
817026,644,Annual vehicle miles traveled (cars),Million miles,per square mile,CD,108,Upper East Side (CD8),2019,2019-01-01,123.397566,2019,1,1,Other Indicator
816867,643,Annual vehicle miles traveled,Million miles,per square mile,UHF42,210,Coney Island - Sheepshead Bay,2019,2019-01-01,44.469032,2019,1,1,Other Indicator
817054,644,Annual vehicle miles traveled (cars),Million miles,per square mile,CD,210,Throgs Neck and Co-op City (CD10),2019,2019-01-01,64.902704,2019,1,1,Other Indicator
643684,375,Nitrogen dioxide (NO2),Mean,ppb,CD,404,Elmhurst and Corona (CD4),Annual Average 2019,2019-01-01,18.23,2019,1,1,Air Quality Indicator
817108,644,Annual vehicle miles traveled (cars),Million miles,per square mile,CD,407,Flushing and Whitestone (CD7),2019,2019-01-01,38.280233,2019,1,1,Other Indicator
816819,643,Annual vehicle miles traveled,Million miles,per square mile,UHF42,503,Willowbrook,2019,2019-01-01,34.277077,2019,1,1,Other Indicator
817230,645,Annual vehicle miles traveled (trucks),Million miles,per square mile,CD,103,Lower East Side and Chinatown (CD3),2019,2019-01-01,7.036512,2019,1,1,Other Indicator
643672,375,Nitrogen dioxide (NO2),Mean,ppb,CD,318,Flatlands and Canarsie (CD18),Annual Average 2019,2019-01-01,13.13,2019,1,1,Air Quality Indicator
643477,375,Nitrogen dioxide (NO2),Mean,ppb,UHF34,208,Canarsie - Flatlands,Annual Average 2019,2019-01-01,13.14,2019,1,1,Air Quality Indicator
650062,365,Fine particles (PM 2.5),Mean,mcg/m3,CD,501,St. George and Stapleton (CD1),Annual Average 2019,2019-01-01,6.14,2019,1,1,Air Quality Indicator
816950,644,Annual vehicle miles traveled (cars),Million miles,per square mile,UHF42,206,Borough Park,2019,2019-01-01,66.18918,2019,1,1,Other Indicator
816861,643,Annual vehicle miles traveled,Million miles,per square mile,UHF42,302,Central Harlem - Morningside Heights,2019,2019-01-01,108.27236,2019,1,1,Other Indicator
816889,643,Annual vehicle miles traveled,Million miles,per square mile,UHF42,106,High Bridge - Morrisania,2019,2019-01-01,81.606795,2019,1,1,Other Indicator
649759,365,Fine particles (PM 2.5),Mean,mcg/m3,UHF42,405,Ridgewood - Forest Hills,Annual Average 2019,2019-01-01,6.56,2019,1,1,Air Quality Indicator
643561,375,Nitrogen dioxide (NO2),Mean,ppb,CD,105,Midtown (CD5),Annual Average 2019,2019-01-01,28.53,2019,1,1,Air Quality Indicator
649816,365,Fine particles (PM 2.5),Mean,mcg/m3,UHF34,206,Borough Park,Annual Average 2019,2019-01-01,6.32,2019,1,1,Air Quality Indicator
649756,365,Fine particles (PM 2.5),Mean,mcg/m3,UHF42,404,Bayside - Little Neck,Annual Average 2019,2019-01-01,6.21,2019,1,1,Air Quality Indicator
649984,365,Fine particles (PM 2.5),Mean,mcg/m3,CD,307,Sunset Park (CD7),Annual Average 2019,2019-01-01,7.37,2019,1,1,Air Quality Indicator
816922,644,Annual vehicle miles traveled (cars),Million miles,per square mile,Borough,4,Queens,2019,2019-01-01,53.403216,2019,1,1,Other Indicator
817152,645,Annual vehicle miles traveled (trucks),Million miles,per square mile,UHF42,107,Hunts Point - Mott Haven,2019,2019-01-01,4.29022,2019,1,1,Other Indicator
816916,644,Annual vehicle miles traveled (cars),Million miles,per square mile,Borough,1,Bronx,2019,2019-01-01,59.274837,2019,1,1,Other Indicator
816918,644,Annual vehicle miles traveled (cars),Million miles,per square mile,Borough,2,Brooklyn,2019,2019-01-01,62.135022,2019,1,1,Other Indicator
649681,365,Fine particles (PM 2.5),Mean,mcg/m3,UHF42,107,Hunts Point - Mott Haven,Annual Average 2019,2019-01-01,7.52,2019,1,1,Air Quality Indicator
643432,375,Nitrogen dioxide (NO2),Mean,ppb,UHF42,501,Port Richmond,Annual Average 2019,2019-01-01,15.73,2019,1,1,Air Quality Indicator
817176,645,Annual vehicle miles traveled (trucks),Million miles,per square mile,UHF42,301,Washington Heights,2019,2019-01-01,8.008193,2019,1,1,Other Indicator
649702,365,Fine particles (PM 2.5),Mean,mcg/m3,UHF42,207,East Flatbush - Flatbush,Annual Average 2019,2019-01-01,6.31,2019,1,1,Air Quality Indicator
643483,375,Nitrogen dioxide (NO2),Mean,ppb,UHF34,210,Coney Island - Sheepshead Bay,Annual Average 2019,2019-01-01,13.5,2019,1,1,Air Quality Indicator
816914,643,Annual vehicle miles traveled,Million miles,per square mile,CD,503,Tottenville and Great Kills (CD3),2019,2019-01-01,12.862643,2019,1,1,Other Indicator
816799,643,Annual vehicle miles traveled,Million miles,per square mile,CD,108,Upper East Side (CD8),2019,2019-01-01,138.634822,2019,1,1,Other Indicator
643396,375,Nitrogen dioxide (NO2),Mean,ppb,UHF42,309,Union Square - Lower East Side,Annual Average 2019,2019-01-01,21.57,2019,1,1,Air Quality Indicator
643399,375,Nitrogen dioxide (NO2),Mean,ppb,UHF42,310,Lower Manhattan,Annual Average 2019,2019-01-01,24.17,2019,1,1,Air Quality Indicator
643594,375,Nitrogen dioxide (NO2),Mean,ppb,CD,204,Highbridge and Concourse (CD4),Annual Average 2019,2019-01-01,18.72,2019,1,1,Air Quality Indicator
816895,643,Annual vehicle miles traveled,Million miles,per square mile,UHF42,103,Fordham - Bronx Pk,2019,2019-01-01,59.977112,2019,1,1,Other Indicator
643582,375,Nitrogen dioxide (NO2),Mean,ppb,CD,112,Washington Heights and Inwood (CD12),Annual Average 2019,2019-01-01,16.87,2019,1,1,Air Quality Indicator
643471,375,Nitrogen dioxide (NO2),Mean,ppb,UHF34,206,Borough Park,Annual Average 2019,2019-01-01,16.66,2019,1,1,Air Quality Indicator
649882,365,Fine particles (PM 2.5),Mean,mcg/m3,UHF34,501502,Northern SI,Annual Average 2019,2019-01-01,6.05,2019,1,1,Air Quality Indicator
816996,644,Annual vehicle miles traveled (cars),Million miles,per square mile,UHF42,408,Jamaica,2019,2019-01-01,45.288368,2019,1,1,Other Indicator
816924,644,Annual vehicle miles traveled (cars),Million miles,per square mile,Borough,5,Staten Island,2019,2019-01-01,20.997978,2019,1,1,Other Indicator
649888,365,Fine particles (PM 2.5),Mean,mcg/m3,UHF34,105106107,South Bronx,Annual Average 2019,2019-01-01,7.33,2019,1,1,Air Quality Indicator
643696,375,Nitrogen dioxide (NO2),Mean,ppb,CD,408,Hillcrest and Fresh Meadows (CD8),Annual Average 2019,2019-01-01,15.14,2019,1,1,Air Quality Indicator
643507,375,Nitrogen dioxide (NO2),Mean,ppb,UHF34,403,Flushing - Clearview,Annual Average 2019,2019-01-01,16.26,2019,1,1,Air Quality Indicator
649822,365,Fine particles (PM 2.5),Mean,mcg/m3,UHF34,208,Canarsie - Flatlands,Annual Average 2019,2019-01-01,6.15,2019,1,1,Air Quality Indicator
643360,375,Nitrogen dioxide (NO2),Mean,ppb,UHF42,208,Canarsie - Flatlands,Annual Average 2019,2019-01-01,13.14,2019,1,1,Air Quality Indicator
643681,375,Nitrogen dioxide (NO2),Mean,ppb,CD,403,Jackson Heights (CD3),Annual Average 2019,2019-01-01,17.58,2019,1,1,Air Quality Indicator
649777,365,Fine particles (PM 2.5),Mean,mcg/m3,UHF42,501,Port Richmond,Annual Average 2019,2019-01-01,6.34,2019,1,1,Air Quality Indicator
816791,643,Annual vehicle miles traveled,Million miles,per square mile,CD,112,Washington Heights and Inwood (CD12),2019,2019-01-01,151.489843,2019,1,1,Other Indicator
643663,375,Nitrogen dioxide (NO2),Mean,ppb,CD,315,Sheepshead Bay (CD15),Annual Average 2019,2019-01-01,13.59,2019,1,1,Air Quality Indicator
816871,643,Annual vehicle miles traveled,Million miles,per square mile,UHF42,208,Canarsie - Flatlands,2019,2019-01-01,46.982546,2019,1,1,Other Indicator
817168,645,Annual vehicle miles traveled (trucks),Million miles,per square mile,UHF42,208,Canarsie - Flatlands,2019,2019-01-01,0.783009,2019,1,1,Other Indicator
816899,643,Annual vehicle miles traveled,Million miles,per square mile,UHF42,101,Kingsbridge - Riverdale,2019,2019-01-01,80.779763,2019,1,1,Other Indicator
816869,643,Annual vehicle miles traveled,Million miles,per square mile,UHF42,209,Bensonhurst - Bay Ridge,2019,2019-01-01,67.812455,2019,1,1,Other Indicator
649798,365,Fine particles (PM 2.5),Mean,mcg/m3,UHF34,104,Pelham - Throgs Neck,Annual Average 2019,2019-01-01,6.74,2019,1,1,Air Quality Indicator
816909,643,Annual vehicle miles traveled,Million miles,per square mile,Borough,1,Bronx,2019,2019-01-01,65.957262,2019,1,1,Other Indicator
816847,643,Annual vehicle miles traveled,Million miles,per square mile,UHF42,309,Union Square - Lower East Side,2019,2019-01-01,124.416861,2019,1,1,Other Indicator
816905,643,Annual vehicle miles traveled,Million miles,per square mile,Borough,3,Manhattan,2019,2019-01-01,129.549673,2019,1,1,Other Indicator
816988,644,Annual vehicle miles traveled (cars),Million miles,per square mile,UHF42,404,Bayside - Little Neck,2019,2019-01-01,74.094872,2019,1,1,Other Indicator
816813,643,Annual vehicle miles traveled,Million miles,per square mile,CD,101,Financial District (CD1),2019,2019-01-01,116.269428,2019,1,1,Other Indicator
649849,365,Fine particles (PM 2.5),Mean,mcg/m3,UHF34,402,West Queens,Annual Average 2019,2019-01-01,7.35,2019,1,1,Air Quality Indicator
643402,375,Nitrogen dioxide (NO2),Mean,ppb,UHF42,401,Long Island City - Astoria,Annual Average 2019,2019-01-01,20.24,2019,1,1,Air Quality Indicator
643411,375,Nitrogen dioxide (NO2),Mean,ppb,UHF42,404,Bayside - Little Neck,Annual Average 2019,2019-01-01,14.17,2019,1,1,Air Quality Indicator
643645,375,Nitrogen dioxide (NO2),Mean,ppb,CD,309,South Crown Heights and Lefferts Gardens (CD9),Annual Average 2019,2019-01-01,17.38,2019,1,1,Air Quality Indicator
817132,645,Annual vehicle miles traveled (trucks),Million miles,per square mile,Borough,2,Brooklyn,2019,2019-01-01,2.673921,2019,1,1,Other Indicator
649855,365,Fine particles (PM 2.5),Mean,mcg/m3,UHF34,405,Ridgewood - Forest Hills,Annual Average 2019,2019-01-01,6.56,2019,1,1,Air Quality Indicator
649924,365,Fine particles (PM 2.5),Mean,mcg/m3,CD,111,East Harlem (CD11),Annual Average 2019,2019-01-01,7.13,2019,1,1,Air Quality Indicator
816843,643,Annual vehicle miles traveled,Million miles,per square mile,UHF42,401,Long Island City - Astoria,2019,2019-01-01,63.835118,2019,1,1,Other Indicator
816926,644,Annual vehicle miles traveled (cars),Million miles,per square mile,UHF42,101,Kingsbridge - Riverdale,2019,2019-01-01,74.282758,2019,1,1,Other Indicator
649804,365,Fine particles (PM 2.5),Mean,mcg/m3,UHF34,202,Downtown - Heights - Slope,Annual Average 2019,2019-01-01,7.44,2019,1,1,Air Quality Indicator
816982,644,Annual vehicle miles traveled (cars),Million miles,per square mile,UHF42,401,Long Island City - Astoria,2019,2019-01-01,57.09145,2019,1,1,Other Indicator
643354,375,Nitrogen dioxide (NO2),Mean,ppb,UHF42,206,Borough Park,Annual Average 2019,2019-01-01,16.66,2019,1,1,Air Quality Indicator
649747,365,Fine particles (PM 2.5),Mean,mcg/m3,UHF42,401,Long Island City - Astoria,Annual Average 2019,2019-01-01,7.99,2019,1,1,Air Quality Indicator
649954,365,Fine particles (PM 2.5),Mean,mcg/m3,CD,209,Parkchester and Soundview (CD9),Annual Average 2019,2019-01-01,6.81,2019,1,1,Air Quality Indicator
817040,644,Annual vehicle miles traveled (cars),Million miles,per square mile,CD,203,Morrisania and Crotona (CD3),2019,2019-01-01,38.595187,2019,1,1,Other Indicator
649663,365,Fine particles (PM 2.5),Mean,mcg/m3,UHF42,101,Kingsbridge - Riverdale,Annual Average 2019,2019-01-01,6.71,2019,1,1,Air Quality Indicator
643342,375,Nitrogen dioxide (NO2),Mean,ppb,UHF42,202,Downtown - Heights - Slope,Annual Average 2019,2019-01-01,19.98,2019,1,1,Air Quality Indicator
643429,375,Nitrogen dioxide (NO2),Mean,ppb,UHF42,410,Rockaways,Annual Average 2019,2019-01-01,10.04,2019,1,1,Air Quality Indicator
817240,645,Annual vehicle miles traveled (trucks),Million miles,per square mile,CD,108,Upper East Side (CD8),2019,2019-01-01,7.848495,2019,1,1,Other Indicator
817314,645,Annual vehicle miles traveled (trucks),Million miles,per square mile,CD,403,Jackson Heights (CD3),2019,2019-01-01,3.386363,2019,1,1,Other Indicator
817308,645,Annual vehicle miles traveled (trucks),Million miles,per square mile,CD,318,Flatlands and Canarsie (CD18),2019,2019-01-01,1.017659,2019,1,1,Other Indicator
817162,645,Annual vehicle miles traveled (trucks),Million miles,per square mile,UHF42,205,Sunset Park,2019,2019-01-01,5.385276,2019,1,1,Other Indicator
816775,643,Annual vehicle miles traveled,Million miles,per square mile,CD,208,Riverdale and Fieldston (CD8),2019,2019-01-01,56.0161,2019,1,1,Other Indicator
649996,365,Fine particles (PM 2.5),Mean,mcg/m3,CD,311,Bensonhurst (CD11),Annual Average 2019,2019-01-01,6.16,2019,1,1,Air Quality Indicator
817218,645,Annual vehicle miles traveled (trucks),Million miles,per square mile,UHF42,502,Stapleton - St. George,2019,2019-01-01,2.21316,2019,1,1,Other Indicator
817156,645,Annual vehicle miles traveled (trucks),Million miles,per square mile,UHF42,202,Downtown - Heights - Slope,2019,2019-01-01,6.892509,2019,1,1,Other Indicator
817272,645,Annual vehicle miles traveled (trucks),Million miles,per square mile,CD,212,Williamsbridge and Baychester (CD12),2019,2019-01-01,3.724119,2019,1,1,Other Indicator
816952,644,Annual vehicle miles traveled (cars),Million miles,per square mile,UHF42,207,East Flatbush - Flatbush,2019,2019-01-01,56.575253,2019,1,1,Other Indicator
816994,644,Annual vehicle miles traveled (cars),Million miles,per square mile,UHF42,407,Southwest Queens,2019,2019-01-01,54.203621,2019,1,1,Other Indicator
816940,644,Annual vehicle miles traveled (cars),Million miles,per square mile,UHF42,201,Greenpoint,2019,2019-01-01,78.928576,2019,1,1,Other Indicator
816897,643,Annual vehicle miles traveled,Million miles,per square mile,UHF42,102,Northeast Bronx,2019,2019-01-01,47.718988,2019,1,1,Other Indicator
816805,643,Annual vehicle miles traveled,Million miles,per square mile,CD,105,Midtown (CD5),2019,2019-01-01,94.838205,2019,1,1,Other Indicator
650005,365,Fine particles (PM 2.5),Mean,mcg/m3,CD,314,Flatbush and Midwood (CD14),Annual Average 2019,2019-01-01,6.2,2019,1,1,Air Quality Indicator
643372,375,Nitrogen dioxide (NO2),Mean,ppb,UHF42,301,Washington Heights,Annual Average 2019,2019-01-01,17.27,2019,1,1,Air Quality Indicator
816853,643,Annual vehicle miles traveled,Million miles,per square mile,UHF42,306,Chelsea - Clinton,2019,2019-01-01,136.036183,2019,1,1,Other Indicator
816972,644,Annual vehicle miles traveled (cars),Million miles,per square mile,UHF42,306,Chelsea - Clinton,2019,2019-01-01,118.311535,2019,1,1,Other Indicator
817182,645,Annual vehicle miles traveled (trucks),Million miles,per square mile,UHF42,304,Upper West Side,2019,2019-01-01,8.91419,2019,1,1,Other Indicator
817258,645,Annual vehicle miles traveled (trucks),Million miles,per square mile,CD,205,Fordham and University Heights (CD5),2019,2019-01-01,10.311225,2019,1,1,Other Indicator
643642,375,Nitrogen dioxide (NO2),Mean,ppb,CD,308,Crown Heights and Prospect Heights (CD8),Annual Average 2019,2019-01-01,18.19,2019,1,1,Air Quality Indicator
816753,643,Annual vehicle miles traveled,Million miles,per square mile,CD,307,Sunset Park (CD7),2019,2019-01-01,120.743079,2019,1,1,Other Indicator
817090,644,Annual vehicle miles traveled (cars),Million miles,per square mile,CD,316,Brownsville (CD16),2019,2019-01-01,71.942253,2019,1,1,Other Indicator
649933,365,Fine particles (PM 2.5),Mean,mcg/m3,CD,202,Hunts Point and Longwood (CD2),Annual Average 2019,2019-01-01,7.82,2019,1,1,Air Quality Indicator
650026,365,Fine particles (PM 2.5),Mean,mcg/m3,CD,403,Jackson Heights (CD3),Annual Average 2019,2019-01-01,6.65,2019,1,1,Air Quality Indicator
650068,365,Fine particles (PM 2.5),Mean,mcg/m3,CD,503,Tottenville and Great Kills (CD3),Annual Average 2019,2019-01-01,5.83,2019,1,1,Air Quality Indicator
817144,645,Annual vehicle miles traveled (trucks),Million miles,per square mile,UHF42,103,Fordham - Bronx Pk,2019,2019-01-01,2.050006,2019,1,1,Other Indicator
816725,643,Annual vehicle miles traveled,Million miles,per square mile,CD,403,Jackson Heights (CD3),2019,2019-01-01,76.101335,2019,1,1,Other Indicator
817124,644,Annual vehicle miles traveled (cars),Million miles,per square mile,CD,501,St. George and Stapleton (CD1),2019,2019-01-01,29.083763,2019,1,1,Other Indicator
649960,365,Fine particles (PM 2.5),Mean,mcg/m3,CD,211,Morris Park and Bronxdale (CD11),Annual Average 2019,2019-01-01,6.65,2019,1,1,Air Quality Indicator
817318,645,Annual vehicle miles traveled (trucks),Million miles,per square mile,CD,405,Ridgewood and Maspeth (CD5),2019,2019-01-01,2.456378,2019,1,1,Other Indicator
643657,375,Nitrogen dioxide (NO2),Mean,ppb,CD,313,Coney Island (CD13),Annual Average 2019,2019-01-01,12.95,2019,1,1,Air Quality Indicator
816761,643,Annual vehicle miles traveled,Million miles,per square mile,CD,303,Bedford Stuyvesant (CD3),2019,2019-01-01,68.973849,2019,1,1,Other Indicator
649750,365,Fine particles (PM 2.5),Mean,mcg/m3,UHF42,402,West Queens,Annual Average 2019,2019-01-01,7.35,2019,1,1,Air Quality Indicator
816928,644,Annual vehicle miles traveled (cars),Million miles,per square mile,UHF42,102,Northeast Bronx,2019,2019-01-01,42.653148,2019,1,1,Other Indicator
817142,645,Annual vehicle miles traveled (trucks),Million miles,per square mile,UHF42,102,Northeast Bronx,2019,2019-01-01,3.910605,2019,1,1,Other Indicator
817082,644,Annual vehicle miles traveled (cars),Million miles,per square mile,CD,312,Borough Park (CD12),2019,2019-01-01,67.36248,2019,1,1,Other Indicator
817118,644,Annual vehicle miles traveled (cars),Million miles,per square mile,CD,412,Jamaica and Hollis (CD12),2019,2019-01-01,36.335526,2019,1,1,Other Indicator
649807,365,Fine particles (PM 2.5),Mean,mcg/m3,UHF34,203,Bedford Stuyvesant - Crown Heights,Annual Average 2019,2019-01-01,6.61,2019,1,1,Air Quality Indicator
817114,644,Annual vehicle miles traveled (cars),Million miles,per square mile,CD,410,South Ozone Park and Howard Beach (CD10),2019,2019-01-01,73.802401,2019,1,1,Other Indicator
650053,365,Fine particles (PM 2.5),Mean,mcg/m3,CD,412,Jamaica and Hollis (CD12),Annual Average 2019,2019-01-01,6.23,2019,1,1,Air Quality Indicator
643612,375,Nitrogen dioxide (NO2),Mean,ppb,CD,210,Throgs Neck and Co-op City (CD10),Annual Average 2019,2019-01-01,14.61,2019,1,1,Air Quality Indicator
817226,645,Annual vehicle miles traveled (trucks),Million miles,per square mile,CD,101,Financial District (CD1),2019,2019-01-01,4.890343,2019,1,1,Other Indicator
817050,644,Annual vehicle miles traveled (cars),Million miles,per square mile,CD,208,Riverdale and Fieldston (CD8),2019,2019-01-01,52.085304,2019,1,1,Other Indicator
643576,375,Nitrogen dioxide (NO2),Mean,ppb,CD,110,Central Harlem (CD10),Annual Average 2019,2019-01-01,19.8,2019,1,1,Air Quality Indicator
643510,375,Nitrogen dioxide (NO2),Mean,ppb,UHF34,405,Ridgewood - Forest Hills,Annual Average 2019,2019-01-01,16.24,2019,1,1,Air Quality Indicator
643444,375,Nitrogen dioxide (NO2),Mean,ppb,UHF34,101,Kingsbridge - Riverdale,Annual Average 2019,2019-01-01,13.5,2019,1,1,Air Quality Indicator
649843,365,Fine particles (PM 2.5),Mean,mcg/m3,UHF34,304,Upper West Side,Annual Average 2019,2019-01-01,7.38,2019,1,1,Air Quality Indicator
817312,645,Annual vehicle miles traveled (trucks),Million miles,per square mile,CD,402,Woodside and Sunnyside (CD2),2019,2019-01-01,7.228351,2019,1,1,Other Indicator
650047,365,Fine particles (PM 2.5),Mean,mcg/m3,CD,410,South Ozone Park and Howard Beach (CD10),Annual Average 2019,2019-01-01,6.05,2019,1,1,Air Quality Indicator
817262,645,Annual vehicle miles traveled (trucks),Million miles,per square mile,CD,207,Kingsbridge Heights and Bedford (CD7),2019,2019-01-01,5.482223,2019,1,1,Other Indicator
816948,644,Annual vehicle miles traveled (cars),Million miles,per square mile,UHF42,205,Sunset Park,2019,2019-01-01,93.88761,2019,1,1,Other Indicator
816779,643,Annual vehicle miles traveled,Million miles,per square mile,CD,206,Belmont and East Tremont (CD6),2019,2019-01-01,104.891079,2019,1,1,Other Indicator
817282,645,Annual vehicle miles traveled (trucks),Million miles,per square mile,CD,305,East New York and Starrett City (CD5),2019,2019-01-01,2.146741,2019,1,1,Other Indicator
817328,645,Annual vehicle miles traveled (trucks),Million miles,per square mile,CD,410,South Ozone Park and Howard Beach (CD10),2019,2019-01-01,2.022025,2019,1,1,Other Indicator
816803,643,Annual vehicle miles traveled,Million miles,per square mile,CD,106,Stuyvesant Town and Turtle Bay (CD6),2019,2019-01-01,191.236925,2019,1,1,Other Indicator
643714,375,Nitrogen dioxide (NO2),Mean,ppb,CD,414,Rockaway and Broad Channel (CD14),Annual Average 2019,2019-01-01,9.94,2019,1,1,Air Quality Indicator
643546,375,Nitrogen dioxide (NO2),Mean,ppb,Citywide,1,New York City,Annual Average 2019,2019-01-01,15.59,2019,1,1,Air Quality Indicator
817294,645,Annual vehicle miles traveled (trucks),Million miles,per square mile,CD,311,Bensonhurst (CD11),2019,2019-01-01,1.370812,2019,1,1,Other Indicator
643339,375,Nitrogen dioxide (NO2),Mean,ppb,UHF42,201,Greenpoint,Annual Average 2019,2019-01-01,21.4,2019,1,1,Air Quality Indicator
816891,643,Annual vehicle miles traveled,Million miles,per square mile,UHF42,105,Crotona -Tremont,2019,2019-01-01,102.321246,2019,1,1,Other Indicator
817234,645,Annual vehicle miles traveled (trucks),Million miles,per square mile,CD,105,Midtown (CD5),2019,2019-01-01,12.546365,2019,1,1,Other Indicator
817250,645,Annual vehicle miles traveled (trucks),Million miles,per square mile,CD,201,Mott Haven and Melrose (CD1),2019,2019-01-01,7.573504,2019,1,1,Other Indicator
816718,643,Annual vehicle miles traveled,Million miles,per square mile,CD,413,Queens Village (CD13),2019,2019-01-01,74.854797,2019,1,1,Other Indicator
817002,644,Annual vehicle miles traveled (cars),Million miles,per square mile,UHF42,501,Port Richmond,2019,2019-01-01,14.876952,2019,1,1,Other Indicator
817106,644,Annual vehicle miles traveled (cars),Million miles,per square mile,CD,406,Rego Park and Forest Hills (CD6),2019,2019-01-01,85.557562,2019,1,1,Other Indicator
649819,365,Fine particles (PM 2.5),Mean,mcg/m3,UHF34,207,East Flatbush - Flatbush,Annual Average 2019,2019-01-01,6.31,2019,1,1,Air Quality Indicator
649783,365,Fine particles (PM 2.5),Mean,mcg/m3,UHF42,503,Willowbrook,Annual Average 2019,2019-01-01,5.96,2019,1,1,Air Quality Indicator
816749,643,Annual vehicle miles traveled,Million miles,per square mile,CD,309,South Crown Heights and Lefferts Gardens (CD9),2019,2019-01-01,61.467751,2019,1,1,Other Indicator
816793,643,Annual vehicle miles traveled,Million miles,per square mile,CD,111,East Harlem (CD11),2019,2019-01-01,152.583583,2019,1,1,Other Indicator
649987,365,Fine particles (PM 2.5),Mean,mcg/m3,CD,308,Crown Heights and Prospect Heights (CD8),Annual Average 2019,2019-01-01,6.68,2019,1,1,Air Quality Indicator
649729,365,Fine particles (PM 2.5),Mean,mcg/m3,UHF42,305,Upper East Side,Annual Average 2019,2019-01-01,8.0,2019,1,1,Air Quality Indicator
649699,365,Fine particles (PM 2.5),Mean,mcg/m3,UHF42,206,Borough Park,Annual Average 2019,2019-01-01,6.32,2019,1,1,Air Quality Indicator
649711,365,Fine particles (PM 2.5),Mean,mcg/m3,UHF42,210,Coney Island - Sheepshead Bay,Annual Average 2019,2019-01-01,6.04,2019,1,1,Air Quality Indicator
649885,365,Fine particles (PM 2.5),Mean,mcg/m3,UHF34,503504,Southern SI,Annual Average 2019,2019-01-01,5.87,2019,1,1,Air Quality Indicator
649900,365,Fine particles (PM 2.5),Mean,mcg/m3,CD,103,Lower East Side and Chinatown (CD3),Annual Average 2019,2019-01-01,8.67,2019,1,1,Air Quality Indicator
649768,365,Fine particles (PM 2.5),Mean,mcg/m3,UHF42,408,Jamaica,Annual Average 2019,2019-01-01,6.24,2019,1,1,Air Quality Indicator
649675,365,Fine particles (PM 2.5),Mean,mcg/m3,UHF42,105,Crotona -Tremont,Annual Average 2019,2019-01-01,7.23,2019,1,1,Air Quality Indicator
649669,365,Fine particles (PM 2.5),Mean,mcg/m3,UHF42,103,Fordham - Bronx Pk,Annual Average 2019,2019-01-01,6.7,2019,1,1,Air Quality Indicator
643492,375,Nitrogen dioxide (NO2),Mean,ppb,UHF34,302,Central Harlem - Morningside Heights,Annual Average 2019,2019-01-01,19.7,2019,1,1,Air Quality Indicator
643453,375,Nitrogen dioxide (NO2),Mean,ppb,UHF34,104,Pelham - Throgs Neck,Annual Average 2019,2019-01-01,15.47,2019,1,1,Air Quality Indicator
649765,365,Fine particles (PM 2.5),Mean,mcg/m3,UHF42,407,Southwest Queens,Annual Average 2019,2019-01-01,6.19,2019,1,1,Air Quality Indicator
817330,645,Annual vehicle miles traveled (trucks),Million miles,per square mile,CD,411,Bayside and Little Neck (CD11),2019,2019-01-01,4.906841,2019,1,1,Other Indicator
817128,644,Annual vehicle miles traveled (cars),Million miles,per square mile,CD,503,Tottenville and Great Kills (CD3),2019,2019-01-01,11.886202,2019,1,1,Other Indicator
817304,645,Annual vehicle miles traveled (trucks),Million miles,per square mile,CD,316,Brownsville (CD16),2019,2019-01-01,2.424774,2019,1,1,Other Indicator
649648,365,Fine particles (PM 2.5),Mean,mcg/m3,Borough,1,Bronx,Annual Average 2019,2019-01-01,6.91,2019,1,1,Air Quality Indicator
649861,365,Fine particles (PM 2.5),Mean,mcg/m3,UHF34,408,Jamaica,Annual Average 2019,2019-01-01,6.24,2019,1,1,Air Quality Indicator
649789,365,Fine particles (PM 2.5),Mean,mcg/m3,UHF34,101,Kingsbridge - Riverdale,Annual Average 2019,2019-01-01,6.71,2019,1,1,Air Quality Indicator
816735,643,Annual vehicle miles traveled,Million miles,per square mile,CD,316,Brownsville (CD16),2019,2019-01-01,76.164805,2019,1,1,Other Indicator
649852,365,Fine particles (PM 2.5),Mean,mcg/m3,UHF34,403,Flushing - Clearview,Annual Average 2019,2019-01-01,6.61,2019,1,1,Air Quality Indicator
817292,645,Annual vehicle miles traveled (trucks),Million miles,per square mile,CD,310,Bay Ridge and Dyker Heights (CD10),2019,2019-01-01,4.88924,2019,1,1,Other Indicator
817174,645,Annual vehicle miles traveled (trucks),Million miles,per square mile,UHF42,211,Williamsburg - Bushwick,2019,2019-01-01,1.902059,2019,1,1,Other Indicator
649744,365,Fine particles (PM 2.5),Mean,mcg/m3,UHF42,310,Lower Manhattan,Annual Average 2019,2019-01-01,8.23,2019,1,1,Air Quality Indicator
643324,375,Nitrogen dioxide (NO2),Mean,ppb,UHF42,103,Fordham - Bronx Pk,Annual Average 2019,2019-01-01,15.17,2019,1,1,Air Quality Indicator
816733,643,Annual vehicle miles traveled,Million miles,per square mile,CD,317,East Flatbush (CD17),2019,2019-01-01,65.412146,2019,1,1,Other Indicator
649876,365,Fine particles (PM 2.5),Mean,mcg/m3,UHF34,309310,Union Square-Lower Manhattan,Annual Average 2019,2019-01-01,8.67,2019,1,1,Air Quality Indicator
649897,365,Fine particles (PM 2.5),Mean,mcg/m3,CD,102,Greenwich Village and Soho (CD2),Annual Average 2019,2019-01-01,9.94,2019,1,1,Air Quality Indicator
649780,365,Fine particles (PM 2.5),Mean,mcg/m3,UHF42,502,Stapleton - St. George,Annual Average 2019,2019-01-01,5.9,2019,1,1,Air Quality Indicator
649966,365,Fine particles (PM 2.5),Mean,mcg/m3,CD,301,Greenpoint and Williamsburg (CD1),Annual Average 2019,2019-01-01,8.61,2019,1,1,Air Quality Indicator
817138,645,Annual vehicle miles traveled (trucks),Million miles,per square mile,Borough,5,Staten Island,2019,2019-01-01,1.441509,2019,1,1,Other Indicator
643420,375,Nitrogen dioxide (NO2),Mean,ppb,UHF42,407,Southwest Queens,Annual Average 2019,2019-01-01,15.13,2019,1,1,Air Quality Indicator
816938,644,Annual vehicle miles traveled (cars),Million miles,per square mile,UHF42,107,Hunts Point - Mott Haven,2019,2019-01-01,51.442868,2019,1,1,Other Indicator
643387,375,Nitrogen dioxide (NO2),Mean,ppb,UHF42,306,Chelsea - Clinton,Annual Average 2019,2019-01-01,26.02,2019,1,1,Air Quality Indicator
817058,644,Annual vehicle miles traveled (cars),Million miles,per square mile,CD,212,Williamsbridge and Baychester (CD12),2019,2019-01-01,49.94744,2019,1,1,Other Indicator
643417,375,Nitrogen dioxide (NO2),Mean,ppb,UHF42,406,Fresh Meadows,Annual Average 2019,2019-01-01,15.36,2019,1,1,Air Quality Indicator
643321,375,Nitrogen dioxide (NO2),Mean,ppb,UHF42,102,Northeast Bronx,Annual Average 2019,2019-01-01,14.67,2019,1,1,Air Quality Indicator
650020,365,Fine particles (PM 2.5),Mean,mcg/m3,CD,401,Long Island City and Astoria (CD1),Annual Average 2019,2019-01-01,7.21,2019,1,1,Air Quality Indicator
817340,645,Annual vehicle miles traveled (trucks),Million miles,per square mile,CD,502,South Beach and Willowbrook (CD2),2019,2019-01-01,1.785353,2019,1,1,Other Indicator
817202,645,Annual vehicle miles traveled (trucks),Million miles,per square mile,UHF42,404,Bayside - Little Neck,2019,2019-01-01,4.867231,2019,1,1,Other Indicator
643720,375,Nitrogen dioxide (NO2),Mean,ppb,CD,502,South Beach and Willowbrook (CD2),Annual Average 2019,2019-01-01,11.67,2019,1,1,Air Quality Indicator
817160,645,Annual vehicle miles traveled (trucks),Million miles,per square mile,UHF42,204,East New York,2019,2019-01-01,2.395292,2019,1,1,Other Indicator
643333,375,Nitrogen dioxide (NO2),Mean,ppb,UHF42,106,High Bridge - Morrisania,Annual Average 2019,2019-01-01,18.76,2019,1,1,Air Quality Indicator
816901,643,Annual vehicle miles traveled,Million miles,per square mile,Borough,5,Staten Island,2019,2019-01-01,22.93806,2019,1,1,Other Indicator
643381,375,Nitrogen dioxide (NO2),Mean,ppb,UHF42,304,Upper West Side,Annual Average 2019,2019-01-01,20.8,2019,1,1,Air Quality Indicator
643468,375,Nitrogen dioxide (NO2),Mean,ppb,UHF34,205,Sunset Park,Annual Average 2019,2019-01-01,18.46,2019,1,1,Air Quality Indicator
643519,375,Nitrogen dioxide (NO2),Mean,ppb,UHF34,409,Southeast Queens,Annual Average 2019,2019-01-01,14.5,2019,1,1,Air Quality Indicator
649879,365,Fine particles (PM 2.5),Mean,mcg/m3,UHF34,404406,Bayside Little Neck-Fresh Meadows,Annual Average 2019,2019-01-01,6.19,2019,1,1,Air Quality Indicator
643618,375,Nitrogen dioxide (NO2),Mean,ppb,CD,212,Williamsbridge and Baychester (CD12),Annual Average 2019,2019-01-01,14.19,2019,1,1,Air Quality Indicator
816984,644,Annual vehicle miles traveled (cars),Million miles,per square mile,UHF42,402,West Queens,2019,2019-01-01,94.745398,2019,1,1,Other Indicator
817324,645,Annual vehicle miles traveled (trucks),Million miles,per square mile,CD,408,Hillcrest and Fresh Meadows (CD8),2019,2019-01-01,3.84937,2019,1,1,Other Indicator
649930,365,Fine particles (PM 2.5),Mean,mcg/m3,CD,201,Mott Haven and Melrose (CD1),Annual Average 2019,2019-01-01,7.69,2019,1,1,Air Quality Indicator
643687,375,Nitrogen dioxide (NO2),Mean,ppb,CD,405,Ridgewood and Maspeth (CD5),Annual Average 2019,2019-01-01,17.13,2019,1,1,Air Quality Indicator
643699,375,Nitrogen dioxide (NO2),Mean,ppb,CD,409,Kew Gardens and Woodhaven (CD9),Annual Average 2019,2019-01-01,16.06,2019,1,1,Air Quality Indicator
816751,643,Annual vehicle miles traveled,Million miles,per square mile,CD,308,Crown Heights and Prospect Heights (CD8),2019,2019-01-01,88.064522,2019,1,1,Other Indicator
649771,365,Fine particles (PM 2.5),Mean,mcg/m3,UHF42,409,Southeast Queens,Annual Average 2019,2019-01-01,6.01,2019,1,1,Air Quality Indicator
816755,643,Annual vehicle miles traveled,Million miles,per square mile,CD,306,Park Slope and Carroll Gardens (CD6),2019,2019-01-01,93.010396,2019,1,1,Other Indicator
643651,375,Nitrogen dioxide (NO2),Mean,ppb,CD,311,Bensonhurst (CD11),Annual Average 2019,2019-01-01,15.89,2019,1,1,Air Quality Indicator
643639,375,Nitrogen dioxide (NO2),Mean,ppb,CD,307,Sunset Park (CD7),Annual Average 2019,2019-01-01,18.52,2019,1,1,Air Quality Indicator
817288,645,Annual vehicle miles traveled (trucks),Million miles,per square mile,CD,308,Crown Heights and Prospect Heights (CD8),2019,2019-01-01,3.094335,2019,1,1,Other Indicator
643306,375,Nitrogen dioxide (NO2),Mean,ppb,Borough,2,Brooklyn,Annual Average 2019,2019-01-01,16.53,2019,1,1,Air Quality Indicator
649990,365,Fine particles (PM 2.5),Mean,mcg/m3,CD,309,South Crown Heights and Lefferts Gardens (CD9),Annual Average 2019,2019-01-01,6.34,2019,1,1,Air Quality Indicator
643498,375,Nitrogen dioxide (NO2),Mean,ppb,UHF34,304,Upper West Side,Annual Average 2019,2019-01-01,20.8,2019,1,1,Air Quality Indicator
817302,645,Annual vehicle miles traveled (trucks),Million miles,per square mile,CD,315,Sheepshead Bay (CD15),2019,2019-01-01,1.332261,2019,1,1,Other Indicator
643423,375,Nitrogen dioxide (NO2),Mean,ppb,UHF42,408,Jamaica,Annual Average 2019,2019-01-01,15.51,2019,1,1,Air Quality Indicator
816827,643,Annual vehicle miles traveled,Million miles,per square mile,UHF42,409,Southeast Queens,2019,2019-01-01,67.079621,2019,1,1,Other Indicator
643705,375,Nitrogen dioxide (NO2),Mean,ppb,CD,411,Bayside and Little Neck (CD11),Annual Average 2019,2019-01-01,14.46,2019,1,1,Air Quality Indicator
650008,365,Fine particles (PM 2.5),Mean,mcg/m3,CD,315,Sheepshead Bay (CD15),Annual Average 2019,2019-01-01,6.07,2019,1,1,Air Quality Indicator
649942,365,Fine particles (PM 2.5),Mean,mcg/m3,CD,205,Fordham and University Heights (CD5),Annual Average 2019,2019-01-01,7.29,2019,1,1,Air Quality Indicator
817036,644,Annual vehicle miles traveled (cars),Million miles,per square mile,CD,201,Mott Haven and Melrose (CD1),2019,2019-01-01,73.759705,2019,1,1,Other Indicator
643603,375,Nitrogen dioxide (NO2),Mean,ppb,CD,207,Kingsbridge Heights and Bedford (CD7),Annual Average 2019,2019-01-01,16.23,2019,1,1,Air Quality Indicator
817254,645,Annual vehicle miles traveled (trucks),Million miles,per square mile,CD,203,Morrisania and Crotona (CD3),2019,2019-01-01,3.201835,2019,1,1,Other Indicator
816817,643,Annual vehicle miles traveled,Million miles,per square mile,UHF42,504,South Beach - Tottenville,2019,2019-01-01,13.014267,2019,1,1,Other Indicator
816978,644,Annual vehicle miles traveled (cars),Million miles,per square mile,UHF42,309,Union Square - Lower East Side,2019,2019-01-01,113.192481,2019,1,1,Other Indicator
650002,365,Fine particles (PM 2.5),Mean,mcg/m3,CD,313,Coney Island (CD13),Annual Average 2019,2019-01-01,5.98,2019,1,1,Air Quality Indicator
817188,645,Annual vehicle miles traveled (trucks),Million miles,per square mile,UHF42,307,Gramercy Park - Murray Hill,2019,2019-01-01,9.686856,2019,1,1,Other Indicator
817030,644,Annual vehicle miles traveled (cars),Million miles,per square mile,CD,110,Central Harlem (CD10),2019,2019-01-01,78.135048,2019,1,1,Other Indicator
817034,644,Annual vehicle miles traveled (cars),Million miles,per square mile,CD,112,Washington Heights and Inwood (CD12),2019,2019-01-01,139.475151,2019,1,1,Other Indicator
817244,645,Annual vehicle miles traveled (trucks),Million miles,per square mile,CD,110,Central Harlem (CD10),2019,2019-01-01,3.45075,2019,1,1,Other Indicator
649720,365,Fine particles (PM 2.5),Mean,mcg/m3,UHF42,302,Central Harlem - Morningside Heights,Annual Average 2019,2019-01-01,7.0,2019,1,1,Air Quality Indicator
817154,645,Annual vehicle miles traveled (trucks),Million miles,per square mile,UHF42,201,Greenpoint,2019,2019-01-01,7.174609,2019,1,1,Other Indicator
643627,375,Nitrogen dioxide (NO2),Mean,ppb,CD,303,Bedford Stuyvesant (CD3),Annual Average 2019,2019-01-01,18.35,2019,1,1,Air Quality Indicator
817062,644,Annual vehicle miles traveled (cars),Million miles,per square mile,CD,302,Fort Greene and Brooklyn Heights (CD2),2019,2019-01-01,132.242175,2019,1,1,Other Indicator
816811,643,Annual vehicle miles traveled,Million miles,per square mile,CD,102,Greenwich Village and Soho (CD2),2019,2019-01-01,120.1537,2019,1,1,Other Indicator
816845,643,Annual vehicle miles traveled,Million miles,per square mile,UHF42,310,Lower Manhattan,2019,2019-01-01,112.327426,2019,1,1,Other Indicator
643426,375,Nitrogen dioxide (NO2),Mean,ppb,UHF42,409,Southeast Queens,Annual Average 2019,2019-01-01,14.5,2019,1,1,Air Quality Indicator
816893,643,Annual vehicle miles traveled,Million miles,per square mile,UHF42,104,Pelham - Throgs Neck,2019,2019-01-01,64.475098,2019,1,1,Other Indicator
643570,375,Nitrogen dioxide (NO2),Mean,ppb,CD,108,Upper East Side (CD8),Annual Average 2019,2019-01-01,22.19,2019,1,1,Air Quality Indicator
649978,365,Fine particles (PM 2.5),Mean,mcg/m3,CD,305,East New York and Starrett City (CD5),Annual Average 2019,2019-01-01,6.52,2019,1,1,Air Quality Indicator
817146,645,Annual vehicle miles traveled (trucks),Million miles,per square mile,UHF42,104,Pelham - Throgs Neck,2019,2019-01-01,5.29642,2019,1,1,Other Indicator
643369,375,Nitrogen dioxide (NO2),Mean,ppb,UHF42,211,Williamsburg - Bushwick,Annual Average 2019,2019-01-01,19.67,2019,1,1,Air Quality Indicator
643495,375,Nitrogen dioxide (NO2),Mean,ppb,UHF34,303,East Harlem,Annual Average 2019,2019-01-01,19.4,2019,1,1,Air Quality Indicator
817298,645,Annual vehicle miles traveled (trucks),Million miles,per square mile,CD,313,Coney Island (CD13),2019,2019-01-01,0.722355,2019,1,1,Other Indicator
816903,643,Annual vehicle miles traveled,Million miles,per square mile,Borough,4,Queens,2019,2019-01-01,57.477277,2019,1,1,Other Indicator
817004,644,Annual vehicle miles traveled (cars),Million miles,per square mile,UHF42,502,Stapleton - St. George,2019,2019-01-01,30.370273,2019,1,1,Other Indicator
643462,375,Nitrogen dioxide (NO2),Mean,ppb,UHF34,203,Bedford Stuyvesant - Crown Heights,Annual Average 2019,2019-01-01,17.69,2019,1,1,Air Quality Indicator
643597,375,Nitrogen dioxide (NO2),Mean,ppb,CD,205,Fordham and University Heights (CD5),Annual Average 2019,2019-01-01,18.21,2019,1,1,Air Quality Indicator
643666,375,Nitrogen dioxide (NO2),Mean,ppb,CD,316,Brownsville (CD16),Annual Average 2019,2019-01-01,17.02,2019,1,1,Air Quality Indicator
643633,375,Nitrogen dioxide (NO2),Mean,ppb,CD,305,East New York and Starrett City (CD5),Annual Average 2019,2019-01-01,15.43,2019,1,1,Air Quality Indicator
817104,644,Annual vehicle miles traveled (cars),Million miles,per square mile,CD,405,Ridgewood and Maspeth (CD5),2019,2019-01-01,56.567961,2019,1,1,Other Indicator
817020,644,Annual vehicle miles traveled (cars),Million miles,per square mile,CD,105,Midtown (CD5),2019,2019-01-01,71.099446,2019,1,1,Other Indicator
649723,365,Fine particles (PM 2.5),Mean,mcg/m3,UHF42,303,East Harlem,Annual Average 2019,2019-01-01,7.11,2019,1,1,Air Quality Indicator
643621,375,Nitrogen dioxide (NO2),Mean,ppb,CD,301,Greenpoint and Williamsburg (CD1),Annual Average 2019,2019-01-01,21.51,2019,1,1,Air Quality Indicator
817102,644,Annual vehicle miles traveled (cars),Million miles,per square mile,CD,404,Elmhurst and Corona (CD4),2019,2019-01-01,73.490047,2019,1,1,Other Indicator
650059,365,Fine particles (PM 2.5),Mean,mcg/m3,CD,414,Rockaway and Broad Channel (CD14),Annual Average 2019,2019-01-01,5.59,2019,1,1,Air Quality Indicator
643552,375,Nitrogen dioxide (NO2),Mean,ppb,CD,102,Greenwich Village and Soho (CD2),Annual Average 2019,2019-01-01,23.44,2019,1,1,Air Quality Indicator
643312,375,Nitrogen dioxide (NO2),Mean,ppb,Borough,4,Queens,Annual Average 2019,2019-01-01,15.66,2019,1,1,Air Quality Indicator
649903,365,Fine particles (PM 2.5),Mean,mcg/m3,CD,104,Clinton and Chelsea (CD4),Annual Average 2019,2019-01-01,9.32,2019,1,1,Air Quality Indicator
816737,643,Annual vehicle miles traveled,Million miles,per square mile,CD,315,Sheepshead Bay (CD15),2019,2019-01-01,55.272025,2019,1,1,Other Indicator
649858,365,Fine particles (PM 2.5),Mean,mcg/m3,UHF34,407,Southwest Queens,Annual Average 2019,2019-01-01,6.19,2019,1,1,Air Quality Indicator
816741,643,Annual vehicle miles traveled,Million miles,per square mile,CD,313,Coney Island (CD13),2019,2019-01-01,41.003666,2019,1,1,Other Indicator
643609,375,Nitrogen dioxide (NO2),Mean,ppb,CD,209,Parkchester and Soundview (CD9),Annual Average 2019,2019-01-01,16.39,2019,1,1,Air Quality Indicator
816851,643,Annual vehicle miles traveled,Million miles,per square mile,UHF42,307,Gramercy Park - Murray Hill,2019,2019-01-01,188.247902,2019,1,1,Other Indicator
817116,644,Annual vehicle miles traveled (cars),Million miles,per square mile,CD,411,Bayside and Little Neck (CD11),2019,2019-01-01,67.61561,2019,1,1,Other Indicator
817150,645,Annual vehicle miles traveled (trucks),Million miles,per square mile,UHF42,106,High Bridge - Morrisania,2019,2019-01-01,9.032482,2019,1,1,Other Indicator
816920,644,Annual vehicle miles traveled (cars),Million miles,per square mile,Borough,3,Manhattan,2019,2019-01-01,116.707054,2019,1,1,Other Indicator
817000,644,Annual vehicle miles traveled (cars),Million miles,per square mile,UHF42,410,Rockaways,2019,2019-01-01,13.04557,2019,1,1,Other Indicator
816998,644,Annual vehicle miles traveled (cars),Million miles,per square mile,UHF42,409,Southeast Queens,2019,2019-01-01,64.347821,2019,1,1,Other Indicator
816956,644,Annual vehicle miles traveled (cars),Million miles,per square mile,UHF42,209,Bensonhurst - Bay Ridge,2019,2019-01-01,63.150114,2019,1,1,Other Indicator
643459,375,Nitrogen dioxide (NO2),Mean,ppb,UHF34,202,Downtown - Heights - Slope,Annual Average 2019,2019-01-01,19.98,2019,1,1,Air Quality Indicator
649705,365,Fine particles (PM 2.5),Mean,mcg/m3,UHF42,208,Canarsie - Flatlands,Annual Average 2019,2019-01-01,6.15,2019,1,1,Air Quality Indicator
643573,375,Nitrogen dioxide (NO2),Mean,ppb,CD,109,Morningside Heights and Hamilton Heights (CD9),Annual Average 2019,2019-01-01,19.22,2019,1,1,Air Quality Indicator
650014,365,Fine particles (PM 2.5),Mean,mcg/m3,CD,317,East Flatbush (CD17),Annual Average 2019,2019-01-01,6.43,2019,1,1,Air Quality Indicator
817024,644,Annual vehicle miles traveled (cars),Million miles,per square mile,CD,107,Upper West Side (CD7),2019,2019-01-01,128.735304,2019,1,1,Other Indicator
650029,365,Fine particles (PM 2.5),Mean,mcg/m3,CD,404,Elmhurst and Corona (CD4),Annual Average 2019,2019-01-01,6.85,2019,1,1,Air Quality Indicator
649891,365,Fine particles (PM 2.5),Mean,mcg/m3,Citywide,1,New York City,Annual Average 2019,2019-01-01,6.6,2019,1,1,Air Quality Indicator
649753,365,Fine particles (PM 2.5),Mean,mcg/m3,UHF42,403,Flushing - Clearview,Annual Average 2019,2019-01-01,6.61,2019,1,1,Air Quality Indicator
816859,643,Annual vehicle miles traveled,Million miles,per square mile,UHF42,303,East Harlem,2019,2019-01-01,147.852741,2019,1,1,Other Indicator
817032,644,Annual vehicle miles traveled (cars),Million miles,per square mile,CD,111,East Harlem (CD11),2019,2019-01-01,140.822286,2019,1,1,Other Indicator
817134,645,Annual vehicle miles traveled (trucks),Million miles,per square mile,Borough,3,Manhattan,2019,2019-01-01,7.307251,2019,1,1,Other Indicator
643345,375,Nitrogen dioxide (NO2),Mean,ppb,UHF42,203,Bedford Stuyvesant - Crown Heights,Annual Average 2019,2019-01-01,17.69,2019,1,1,Air Quality Indicator
816875,643,Annual vehicle miles traveled,Million miles,per square mile,UHF42,206,Borough Park,2019,2019-01-01,69.730905,2019,1,1,Other Indicator
817186,645,Annual vehicle miles traveled (trucks),Million miles,per square mile,UHF42,306,Chelsea - Clinton,2019,2019-01-01,9.094025,2019,1,1,Other Indicator
817310,645,Annual vehicle miles traveled (trucks),Million miles,per square mile,CD,401,Long Island City and Astoria (CD1),2019,2019-01-01,3.523813,2019,1,1,Other Indicator
649972,365,Fine particles (PM 2.5),Mean,mcg/m3,CD,303,Bedford Stuyvesant (CD3),Annual Average 2019,2019-01-01,6.6,2019,1,1,Air Quality Indicator
816789,643,Annual vehicle miles traveled,Million miles,per square mile,CD,201,Mott Haven and Melrose (CD1),2019,2019-01-01,83.883878,2019,1,1,Other Indicator
649864,365,Fine particles (PM 2.5),Mean,mcg/m3,UHF34,409,Southeast Queens,Annual Average 2019,2019-01-01,6.01,2019,1,1,Air Quality Indicator
649741,365,Fine particles (PM 2.5),Mean,mcg/m3,UHF42,309,Union Square - Lower East Side,Annual Average 2019,2019-01-01,8.87,2019,1,1,Air Quality Indicator
643630,375,Nitrogen dioxide (NO2),Mean,ppb,CD,304,Bushwick (CD4),Annual Average 2019,2019-01-01,18.16,2019,1,1,Air Quality Indicator
643591,375,Nitrogen dioxide (NO2),Mean,ppb,CD,203,Morrisania and Crotona (CD3),Annual Average 2019,2019-01-01,17.78,2019,1,1,Air Quality Indicator
817222,645,Annual vehicle miles traveled (trucks),Million miles,per square mile,UHF42,504,South Beach - Tottenville,2019,2019-01-01,0.651504,2019,1,1,Other Indicator
817286,645,Annual vehicle miles traveled (trucks),Million miles,per square mile,CD,307,Sunset Park (CD7),2019,2019-01-01,5.632804,2019,1,1,Other Indicator
817060,644,Annual vehicle miles traveled (cars),Million miles,per square mile,CD,301,Greenpoint and Williamsburg (CD1),2019,2019-01-01,71.73814,2019,1,1,Other Indicator
649696,365,Fine particles (PM 2.5),Mean,mcg/m3,UHF42,205,Sunset Park,Annual Average 2019,2019-01-01,7.32,2019,1,1,Air Quality Indicator
817212,645,Annual vehicle miles traveled (trucks),Million miles,per square mile,UHF42,409,Southeast Queens,2019,2019-01-01,1.878697,2019,1,1,Other Indicator
817122,644,Annual vehicle miles traveled (cars),Million miles,per square mile,CD,414,Rockaway and Broad Channel (CD14),2019,2019-01-01,14.214025,2019,1,1,Other Indicator
817172,645,Annual vehicle miles traveled (trucks),Million miles,per square mile,UHF42,210,Coney Island - Sheepshead Bay,2019,2019-01-01,1.066423,2019,1,1,Other Indicator
817164,645,Annual vehicle miles traveled (trucks),Million miles,per square mile,UHF42,206,Borough Park,2019,2019-01-01,2.004287,2019,1,1,Other Indicator
643585,375,Nitrogen dioxide (NO2),Mean,ppb,CD,201,Mott Haven and Melrose (CD1),Annual Average 2019,2019-01-01,19.67,2019,1,1,Air Quality Indicator
816825,643,Annual vehicle miles traveled,Million miles,per square mile,UHF42,410,Rockaways,2019,2019-01-01,13.953915,2019,1,1,Other Indicator
643534,375,Nitrogen dioxide (NO2),Mean,ppb,UHF34,404406,Bayside Little Neck-Fresh Meadows,Annual Average 2019,2019-01-01,14.65,2019,1,1,Air Quality Indicator
816787,643,Annual vehicle miles traveled,Million miles,per square mile,CD,202,Hunts Point and Longwood (CD2),2019,2019-01-01,51.448492,2019,1,1,Other Indicator
817014,644,Annual vehicle miles traveled (cars),Million miles,per square mile,CD,102,Greenwich Village and Soho (CD2),2019,2019-01-01,104.216377,2019,1,1,Other Indicator
816704,643,Annual vehicle miles traveled,Million miles,per square mile,CD,406,Rego Park and Forest Hills (CD6),2019,2019-01-01,92.128209,2019,1,1,Other Indicator
643351,375,Nitrogen dioxide (NO2),Mean,ppb,UHF42,205,Sunset Park,Annual Average 2019,2019-01-01,18.46,2019,1,1,Air Quality Indicator
643654,375,Nitrogen dioxide (NO2),Mean,ppb,CD,312,Borough Park (CD12),Annual Average 2019,2019-01-01,17.04,2019,1,1,Air Quality Indicator
643504,375,Nitrogen dioxide (NO2),Mean,ppb,UHF34,402,West Queens,Annual Average 2019,2019-01-01,18.67,2019,1,1,Air Quality Indicator
643414,375,Nitrogen dioxide (NO2),Mean,ppb,UHF42,405,Ridgewood - Forest Hills,Annual Average 2019,2019-01-01,16.24,2019,1,1,Air Quality Indicator
643315,375,Nitrogen dioxide (NO2),Mean,ppb,Borough,5,Staten Island,Annual Average 2019,2019-01-01,11.92,2019,1,1,Air Quality Indicator
817284,645,Annual vehicle miles traveled (trucks),Million miles,per square mile,CD,306,Park Slope and Carroll Gardens (CD6),2019,2019-01-01,4.625393,2019,1,1,Other Indicator
816809,643,Annual vehicle miles traveled,Million miles,per square mile,CD,103,Lower East Side and Chinatown (CD3),2019,2019-01-01,138.984324,2019,1,1,Other Indicator
817238,645,Annual vehicle miles traveled (trucks),Million miles,per square mile,CD,107,Upper West Side (CD7),2019,2019-01-01,9.13108,2019,1,1,Other Indicator
816831,643,Annual vehicle miles traveled,Million miles,per square mile,UHF42,407,Southwest Queens,2019,2019-01-01,57.779889,2019,1,1,Other Indicator
817336,645,Annual vehicle miles traveled (trucks),Million miles,per square mile,CD,414,Rockaway and Broad Channel (CD14),2019,2019-01-01,0.569021,2019,1,1,Other Indicator
816873,643,Annual vehicle miles traveled,Million miles,per square mile,UHF42,207,East Flatbush - Flatbush,2019,2019-01-01,60.168498,2019,1,1,Other Indicator
816887,643,Annual vehicle miles traveled,Million miles,per square mile,UHF42,107,Hunts Point - Mott Haven,2019,2019-01-01,57.430409,2019,1,1,Other Indicator
816759,643,Annual vehicle miles traveled,Million miles,per square mile,CD,304,Bushwick (CD4),2019,2019-01-01,51.303529,2019,1,1,Other Indicator
816968,644,Annual vehicle miles traveled (cars),Million miles,per square mile,UHF42,304,Upper West Side,2019,2019-01-01,129.242527,2019,1,1,Other Indicator
816783,643,Annual vehicle miles traveled,Million miles,per square mile,CD,204,Highbridge and Concourse (CD4),2019,2019-01-01,96.131927,2019,1,1,Other Indicator
643393,375,Nitrogen dioxide (NO2),Mean,ppb,UHF42,308,Greenwich Village - SoHo,Annual Average 2019,2019-01-01,23.56,2019,1,1,Air Quality Indicator
817236,645,Annual vehicle miles traveled (trucks),Million miles,per square mile,CD,106,Stuyvesant Town and Turtle Bay (CD6),2019,2019-01-01,7.613285,2019,1,1,Other Indicator
816807,643,Annual vehicle miles traveled,Million miles,per square mile,CD,104,Clinton and Chelsea (CD4),2019,2019-01-01,161.485932,2019,1,1,Other Indicator
816708,643,Annual vehicle miles traveled,Million miles,per square mile,CD,408,Hillcrest and Fresh Meadows (CD8),2019,2019-01-01,78.672386,2019,1,1,Other Indicator
816881,643,Annual vehicle miles traveled,Million miles,per square mile,UHF42,203,Bedford Stuyvesant - Crown Heights,2019,2019-01-01,82.584688,2019,1,1,Other Indicator
816835,643,Annual vehicle miles traveled,Million miles,per square mile,UHF42,405,Ridgewood - Forest Hills,2019,2019-01-01,66.450122,2019,1,1,Other Indicator
817086,644,Annual vehicle miles traveled (cars),Million miles,per square mile,CD,314,Flatbush and Midwood (CD14),2019,2019-01-01,53.542625,2019,1,1,Other Indicator
643408,375,Nitrogen dioxide (NO2),Mean,ppb,UHF42,403,Flushing - Clearview,Annual Average 2019,2019-01-01,16.26,2019,1,1,Air Quality Indicator
643336,375,Nitrogen dioxide (NO2),Mean,ppb,UHF42,107,Hunts Point - Mott Haven,Annual Average 2019,2019-01-01,18.75,2019,1,1,Air Quality Indicator
817110,644,Annual vehicle miles traveled (cars),Million miles,per square mile,CD,408,Hillcrest and Fresh Meadows (CD8),2019,2019-01-01,73.287963,2019,1,1,Other Indicator
643327,375,Nitrogen dioxide (NO2),Mean,ppb,UHF42,104,Pelham - Throgs Neck,Annual Average 2019,2019-01-01,15.47,2019,1,1,Air Quality Indicator
649870,365,Fine particles (PM 2.5),Mean,mcg/m3,UHF34,305307,Upper East Side-Gramercy,Annual Average 2019,2019-01-01,8.98,2019,1,1,Air Quality Indicator
816763,643,Annual vehicle miles traveled,Million miles,per square mile,CD,302,Fort Greene and Brooklyn Heights (CD2),2019,2019-01-01,146.120014,2019,1,1,Other Indicator
817342,645,Annual vehicle miles traveled (trucks),Million miles,per square mile,CD,503,Tottenville and Great Kills (CD3),2019,2019-01-01,0.674898,2019,1,1,Other Indicator
817200,645,Annual vehicle miles traveled (trucks),Million miles,per square mile,UHF42,403,Flushing - Clearview,2019,2019-01-01,3.406371,2019,1,1,Other Indicator
643456,375,Nitrogen dioxide (NO2),Mean,ppb,UHF34,201,Greenpoint,Annual Average 2019,2019-01-01,21.4,2019,1,1,Air Quality Indicator
817220,645,Annual vehicle miles traveled (trucks),Million miles,per square mile,UHF42,503,Willowbrook,2019,2019-01-01,2.213299,2019,1,1,Other Indicator
817180,645,Annual vehicle miles traveled (trucks),Million miles,per square mile,UHF42,303,East Harlem,2019,2019-01-01,8.062384,2019,1,1,Other Indicator
817022,644,Annual vehicle miles traveled (cars),Million miles,per square mile,CD,106,Stuyvesant Town and Turtle Bay (CD6),2019,2019-01-01,176.531028,2019,1,1,Other Indicator
817046,644,Annual vehicle miles traveled (cars),Million miles,per square mile,CD,206,Belmont and East Tremont (CD6),2019,2019-01-01,93.21697,2019,1,1,Other Indicator
817266,645,Annual vehicle miles traveled (trucks),Million miles,per square mile,CD,209,Parkchester and Soundview (CD9),2019,2019-01-01,6.332022,2019,1,1,Other Indicator
816743,643,Annual vehicle miles traveled,Million miles,per square mile,CD,312,Borough Park (CD12),2019,2019-01-01,70.701008,2019,1,1,Other Indicator
817276,645,Annual vehicle miles traveled (trucks),Million miles,per square mile,CD,302,Fort Greene and Brooklyn Heights (CD2),2019,2019-01-01,9.066414,2019,1,1,Other Indicator
816795,643,Annual vehicle miles traveled,Million miles,per square mile,CD,110,Central Harlem (CD10),2019,2019-01-01,84.529971,2019,1,1,Other Indicator
816829,643,Annual vehicle miles traveled,Million miles,per square mile,UHF42,408,Jamaica,2019,2019-01-01,47.760561,2019,1,1,Other Indicator
816936,644,Annual vehicle miles traveled (cars),Million miles,per square mile,UHF42,106,High Bridge - Morrisania,2019,2019-01-01,69.921343,2019,1,1,Other Indicator
817248,645,Annual vehicle miles traveled (trucks),Million miles,per square mile,CD,112,Washington Heights and Inwood (CD12),2019,2019-01-01,8.486381,2019,1,1,Other Indicator
816723,643,Annual vehicle miles traveled,Million miles,per square mile,CD,404,Elmhurst and Corona (CD4),2019,2019-01-01,80.938283,2019,1,1,Other Indicator
817274,645,Annual vehicle miles traveled (trucks),Million miles,per square mile,CD,301,Greenpoint and Williamsburg (CD1),2019,2019-01-01,6.157186,2019,1,1,Other Indicator
643708,375,Nitrogen dioxide (NO2),Mean,ppb,CD,412,Jamaica and Hollis (CD12),Annual Average 2019,2019-01-01,15.66,2019,1,1,Air Quality Indicator
643309,375,Nitrogen dioxide (NO2),Mean,ppb,Borough,3,Manhattan,Annual Average 2019,2019-01-01,21.71,2019,1,1,Air Quality Indicator
816954,644,Annual vehicle miles traveled (cars),Million miles,per square mile,UHF42,208,Canarsie - Flatlands,2019,2019-01-01,45.315164,2019,1,1,Other Indicator
816980,644,Annual vehicle miles traveled (cars),Million miles,per square mile,UHF42,310,Lower Manhattan,2019,2019-01-01,102.628199,2019,1,1,Other Indicator
816785,643,Annual vehicle miles traveled,Million miles,per square mile,CD,203,Morrisania and Crotona (CD3),2019,2019-01-01,43.409514,2019,1,1,Other Indicator
817270,645,Annual vehicle miles traveled (trucks),Million miles,per square mile,CD,211,Morris Park and Bronxdale (CD11),2019,2019-01-01,1.372411,2019,1,1,Other Indicator
816930,644,Annual vehicle miles traveled (cars),Million miles,per square mile,UHF42,103,Fordham - Bronx Pk,2019,2019-01-01,56.238413,2019,1,1,Other Indicator
816727,643,Annual vehicle miles traveled,Million miles,per square mile,CD,402,Woodside and Sunnyside (CD2),2019,2019-01-01,113.873314,2019,1,1,Other Indicator
816712,643,Annual vehicle miles traveled,Million miles,per square mile,CD,410,South Ozone Park and Howard Beach (CD10),2019,2019-01-01,76.761124,2019,1,1,Other Indicator
816716,643,Annual vehicle miles traveled,Million miles,per square mile,CD,412,Jamaica and Hollis (CD12),2019,2019-01-01,39.326879,2019,1,1,Other Indicator
643390,375,Nitrogen dioxide (NO2),Mean,ppb,UHF42,307,Gramercy Park - Murray Hill,Annual Average 2019,2019-01-01,26.22,2019,1,1,Air Quality Indicator
817216,645,Annual vehicle miles traveled (trucks),Million miles,per square mile,UHF42,501,Port Richmond,2019,2019-01-01,1.435571,2019,1,1,Other Indicator
643669,375,Nitrogen dioxide (NO2),Mean,ppb,CD,317,East Flatbush (CD17),Annual Average 2019,2019-01-01,16.35,2019,1,1,Air Quality Indicator
649927,365,Fine particles (PM 2.5),Mean,mcg/m3,CD,112,Washington Heights and Inwood (CD12),Annual Average 2019,2019-01-01,7.17,2019,1,1,Air Quality Indicator
649672,365,Fine particles (PM 2.5),Mean,mcg/m3,UHF42,104,Pelham - Throgs Neck,Annual Average 2019,2019-01-01,6.74,2019,1,1,Air Quality Indicator
817048,644,Annual vehicle miles traveled (cars),Million miles,per square mile,CD,207,Kingsbridge Heights and Bedford (CD7),2019,2019-01-01,62.633578,2019,1,1,Other Indicator
816797,643,Annual vehicle miles traveled,Million miles,per square mile,CD,109,Morningside Heights and Hamilton Heights (CD9),2019,2019-01-01,133.1468,2019,1,1,Other Indicator
643678,375,Nitrogen dioxide (NO2),Mean,ppb,CD,402,Woodside and Sunnyside (CD2),Annual Average 2019,2019-01-01,20.67,2019,1,1,Air Quality Indicator
817322,645,Annual vehicle miles traveled (trucks),Million miles,per square mile,CD,407,Flushing and Whitestone (CD7),2019,2019-01-01,3.213928,2019,1,1,Other Indicator
816769,643,Annual vehicle miles traveled,Million miles,per square mile,CD,211,Morris Park and Bronxdale (CD11),2019,2019-01-01,38.12873,2019,1,1,Other Indicator
816773,643,Annual vehicle miles traveled,Million miles,per square mile,CD,209,Parkchester and Soundview (CD9),2019,2019-01-01,74.002428,2019,1,1,Other Indicator
817264,645,Annual vehicle miles traveled (trucks),Million miles,per square mile,CD,208,Riverdale and Fieldston (CD8),2019,2019-01-01,2.66564,2019,1,1,Other Indicator
816934,644,Annual vehicle miles traveled (cars),Million miles,per square mile,UHF42,105,Crotona -Tremont,2019,2019-01-01,90.546313,2019,1,1,Other Indicator
643366,375,Nitrogen dioxide (NO2),Mean,ppb,UHF42,210,Coney Island - Sheepshead Bay,Annual Average 2019,2019-01-01,13.5,2019,1,1,Air Quality Indicator
643588,375,Nitrogen dioxide (NO2),Mean,ppb,CD,202,Hunts Point and Longwood (CD2),Annual Average 2019,2019-01-01,19.04,2019,1,1,Air Quality Indicator
817320,645,Annual vehicle miles traveled (trucks),Million miles,per square mile,CD,406,Rego Park and Forest Hills (CD6),2019,2019-01-01,4.333693,2019,1,1,Other Indicator
649786,365,Fine particles (PM 2.5),Mean,mcg/m3,UHF42,504,South Beach - Tottenville,Annual Average 2019,2019-01-01,5.81,2019,1,1,Air Quality Indicator
650065,365,Fine particles (PM 2.5),Mean,mcg/m3,CD,502,South Beach and Willowbrook (CD2),Annual Average 2019,2019-01-01,5.88,2019,1,1,Air Quality Indicator
817246,645,Annual vehicle miles traveled (trucks),Million miles,per square mile,CD,111,East Harlem (CD11),2019,2019-01-01,7.69261,2019,1,1,Other Indicator
817242,645,Annual vehicle miles traveled (trucks),Million miles,per square mile,CD,109,Morningside Heights and Hamilton Heights (CD9),2019,2019-01-01,6.657812,2019,1,1,Other Indicator
649726,365,Fine particles (PM 2.5),Mean,mcg/m3,UHF42,304,Upper West Side,Annual Average 2019,2019-01-01,7.38,2019,1,1,Air Quality Indicator
817260,645,Annual vehicle miles traveled (trucks),Million miles,per square mile,CD,206,Belmont and East Tremont (CD6),2019,2019-01-01,8.876291,2019,1,1,Other Indicator
649921,365,Fine particles (PM 2.5),Mean,mcg/m3,CD,110,Central Harlem (CD10),Annual Average 2019,2019-01-01,6.97,2019,1,1,Air Quality Indicator
816823,643,Annual vehicle miles traveled,Million miles,per square mile,UHF42,501,Port Richmond,2019,2019-01-01,16.979477,2019,1,1,Other Indicator
649666,365,Fine particles (PM 2.5),Mean,mcg/m3,UHF42,102,Northeast Bronx,Annual Average 2019,2019-01-01,6.68,2019,1,1,Air Quality Indicator
649969,365,Fine particles (PM 2.5),Mean,mcg/m3,CD,302,Fort Greene and Brooklyn Heights (CD2),Annual Average 2019,2019-01-01,7.19,2019,1,1,Air Quality Indicator
643363,375,Nitrogen dioxide (NO2),Mean,ppb,UHF42,209,Bensonhurst - Bay Ridge,Annual Average 2019,2019-01-01,15.7,2019,1,1,Air Quality Indicator
816877,643,Annual vehicle miles traveled,Million miles,per square mile,UHF42,205,Sunset Park,2019,2019-01-01,101.626775,2019,1,1,Other Indicator
816745,643,Annual vehicle miles traveled,Million miles,per square mile,CD,311,Bensonhurst (CD11),2019,2019-01-01,48.607154,2019,1,1,Other Indicator
649948,365,Fine particles (PM 2.5),Mean,mcg/m3,CD,207,Kingsbridge Heights and Bedford (CD7),Annual Average 2019,2019-01-01,6.78,2019,1,1,Air Quality Indicator
817280,645,Annual vehicle miles traveled (trucks),Million miles,per square mile,CD,304,Bushwick (CD4),2019,2019-01-01,1.709275,2019,1,1,Other Indicator
816962,644,Annual vehicle miles traveled (cars),Million miles,per square mile,UHF42,301,Washington Heights,2019,2019-01-01,131.745811,2019,1,1,Other Indicator
650023,365,Fine particles (PM 2.5),Mean,mcg/m3,CD,402,Woodside and Sunnyside (CD2),Annual Average 2019,2019-01-01,8.43,2019,1,1,Air Quality Indicator
643303,375,Nitrogen dioxide (NO2),Mean,ppb,Borough,1,Bronx,Annual Average 2019,2019-01-01,16.01,2019,1,1,Air Quality Indicator
649810,365,Fine particles (PM 2.5),Mean,mcg/m3,UHF34,204,East New York,Annual Average 2019,2019-01-01,6.56,2019,1,1,Air Quality Indicator
816976,644,Annual vehicle miles traveled (cars),Million miles,per square mile,UHF42,308,Greenwich Village - SoHo,2019,2019-01-01,124.150171,2019,1,1,Other Indicator
817076,644,Annual vehicle miles traveled (cars),Million miles,per square mile,CD,309,South Crown Heights and Lefferts Gardens (CD9),2019,2019-01-01,57.87715,2019,1,1,Other Indicator
816710,643,Annual vehicle miles traveled,Million miles,per square mile,CD,409,Kew Gardens and Woodhaven (CD9),2019,2019-01-01,47.969544,2019,1,1,Other Indicator
816849,643,Annual vehicle miles traveled,Million miles,per square mile,UHF42,308,Greenwich Village - SoHo,2019,2019-01-01,142.881672,2019,1,1,Other Indicator
816731,643,Annual vehicle miles traveled,Million miles,per square mile,CD,318,Flatlands and Canarsie (CD18),2019,2019-01-01,44.429666,2019,1,1,Other Indicator
817088,644,Annual vehicle miles traveled (cars),Million miles,per square mile,CD,315,Sheepshead Bay (CD15),2019,2019-01-01,52.578579,2019,1,1,Other Indicator
817268,645,Annual vehicle miles traveled (trucks),Million miles,per square mile,CD,210,Throgs Neck and Co-op City (CD10),2019,2019-01-01,7.495007,2019,1,1,Other Indicator
816839,643,Annual vehicle miles traveled,Million miles,per square mile,UHF42,403,Flushing - Clearview,2019,2019-01-01,42.311281,2019,1,1,Other Indicator
649660,365,Fine particles (PM 2.5),Mean,mcg/m3,Borough,5,Staten Island,Annual Average 2019,2019-01-01,5.92,2019,1,1,Air Quality Indicator
816702,643,Annual vehicle miles traveled,Million miles,per square mile,CD,405,Ridgewood and Maspeth (CD5),2019,2019-01-01,60.309698,2019,1,1,Other Indicator
643522,375,Nitrogen dioxide (NO2),Mean,ppb,UHF34,410,Rockaways,Annual Average 2019,2019-01-01,10.04,2019,1,1,Air Quality Indicator
650032,365,Fine particles (PM 2.5),Mean,mcg/m3,CD,405,Ridgewood and Maspeth (CD5),Annual Average 2019,2019-01-01,7.0,2019,1,1,Air Quality Indicator
817084,644,Annual vehicle miles traveled (cars),Million miles,per square mile,CD,313,Coney Island (CD13),2019,2019-01-01,39.289297,2019,1,1,Other Indicator
