unique_id,indicator_id,name,measure,measure_info,geo_type_name,geo_join_id,geo_place_name,time_period,start_date,data_value,message,year,month,quarter,batch_id
166005,375,Nitrogen dioxide (NO2),Mean,ppb,CD,307,Sunset Park (CD7),Winter 2012-13,2012-12-01,25.99,,2012,12,4,1
174262,365,Fine particles (PM 2.5),Mean,mcg/m3,UHF34,303,East Harlem,Annual Average 2013,2012-12-01,9.73,,2012,12,4,1
175455,375,Nitrogen dioxide (NO2),Mean,ppb,UHF42,501,Port Richmond,Winter 2012-13,2012-12-01,23.64,,2012,12,4,1
175430,375,Nitrogen dioxide (NO2),Mean,ppb,UHF42,207,East Flatbush - Flatbush,Winter 2012-13,2012-12-01,25.91,,2012,12,4,1
171716,375,Nitrogen dioxide (NO2),Mean,ppb,UHF34,403,Flushing - Clearview,Winter 2012-13,2012-12-01,22.06,,2012,12,4,1
167792,375,Nitrogen dioxide (NO2),Mean,ppb,CD,406,Rego Park and Forest Hills (CD6),Annual Average 2013,2012-12-01,21.1,,2012,12,4,1
166021,375,Nitrogen dioxide (NO2),Mean,ppb,CD,405,Ridgewood and Maspeth (CD5),Winter 2012-13,2012-12-01,25.04,,2012,12,4,1
172727,375,Nitrogen dioxide (NO2),Mean,ppb,UHF34,209,Bensonhurst - Bay Ridge,Annual Average 2013,2012-12-01,18.58,,2012,12,4,1
173258,365,Fine particles (PM 2.5),Mean,mcg/m3,UHF34,105106107,South Bronx,Winter 2012-13,2012-12-01,11.98,,2012,12,4,1
172746,375,Nitrogen dioxide (NO2),Mean,ppb,UHF34,501502,Northern SI,Annual Average 2013,2012-12-01,16.44,,2012,12,4,1
177317,365,Fine particles (PM 2.5),Mean,mcg/m3,UHF42,204,East New York,Winter 2012-13,2012-12-01,9.57,,2012,12,4,1
170454,365,Fine particles (PM 2.5),Mean,mcg/m3,CD,413,Queens Village (CD13),Annual Average 2013,2012-12-01,7.87,,2012,12,4,1
176715,375,Nitrogen dioxide (NO2),Mean,ppb,UHF42,501,Port Richmond,Annual Average 2013,2012-12-01,18.38,,2012,12,4,1
170436,365,Fine particles (PM 2.5),Mean,mcg/m3,CD,313,Coney Island (CD13),Annual Average 2013,2012-12-01,8.04,,2012,12,4,1
174255,365,Fine particles (PM 2.5),Mean,mcg/m3,UHF34,207,East Flatbush - Flatbush,Annual Average 2013,2012-12-01,8.6,,2012,12,4,1
176709,375,Nitrogen dioxide (NO2),Mean,ppb,UHF42,405,Ridgewood - Forest Hills,Annual Average 2013,2012-12-01,20.3,,2012,12,4,1
173249,365,Fine particles (PM 2.5),Mean,mcg/m3,UHF34,408,Jamaica,Winter 2012-13,2012-12-01,9.79,,2012,12,4,1
165978,375,Nitrogen dioxide (NO2),Mean,ppb,CD,104,Clinton and Chelsea (CD4),Winter 2012-13,2012-12-01,33.8,,2012,12,4,1
170414,365,Fine particles (PM 2.5),Mean,mcg/m3,CD,203,Morrisania and Crotona (CD3),Annual Average 2013,2012-12-01,9.4,,2012,12,4,1
176687,375,Nitrogen dioxide (NO2),Mean,ppb,UHF42,204,East New York,Annual Average 2013,2012-12-01,20.19,,2012,12,4,1
178583,365,Fine particles (PM 2.5),Mean,mcg/m3,UHF42,210,Coney Island - Sheepshead Bay,Annual Average 2013,2012-12-01,8.11,,2012,12,4,1
170425,365,Fine particles (PM 2.5),Mean,mcg/m3,CD,302,Fort Greene and Brooklyn Heights (CD2),Annual Average 2013,2012-12-01,9.52,,2012,12,4,1
168663,365,Fine particles (PM 2.5),Mean,mcg/m3,CD,310,Bay Ridge and Dyker Heights (CD10),Winter 2012-13,2012-12-01,10.06,,2012,12,4,1
167774,375,Nitrogen dioxide (NO2),Mean,ppb,CD,306,Park Slope and Carroll Gardens (CD6),Annual Average 2013,2012-12-01,22.74,,2012,12,4,1
179517,365,Fine particles (PM 2.5),Mean,mcg/m3,Borough,5,Staten Island,Winter 2012-13,2012-12-01,9.72,,2012,12,4,1
174264,365,Fine particles (PM 2.5),Mean,mcg/m3,UHF34,401,Long Island City - Astoria,Annual Average 2013,2012-12-01,9.6,,2012,12,4,1
179666,365,Fine particles (PM 2.5),Mean,mcg/m3,Borough,4,Queens,Annual Average 2013,2012-12-01,8.36,,2012,12,4,1
173250,365,Fine particles (PM 2.5),Mean,mcg/m3,UHF34,409,Southeast Queens,Winter 2012-13,2012-12-01,9.27,,2012,12,4,1
177320,365,Fine particles (PM 2.5),Mean,mcg/m3,UHF42,207,East Flatbush - Flatbush,Winter 2012-13,2012-12-01,10.24,,2012,12,4,1
168681,365,Fine particles (PM 2.5),Mean,mcg/m3,CD,410,South Ozone Park and Howard Beach (CD10),Winter 2012-13,2012-12-01,9.6,,2012,12,4,1
172715,375,Nitrogen dioxide (NO2),Mean,ppb,UHF34,101,Kingsbridge - Riverdale,Annual Average 2013,2012-12-01,18.23,,2012,12,4,1
168633,365,Fine particles (PM 2.5),Mean,mcg/m3,CD,104,Clinton and Chelsea (CD4),Winter 2012-13,2012-12-01,13.33,,2012,12,4,1
178593,365,Fine particles (PM 2.5),Mean,mcg/m3,UHF42,309,Union Square - Lower East Side,Annual Average 2013,2012-12-01,10.15,,2012,12,4,1
168685,365,Fine particles (PM 2.5),Mean,mcg/m3,CD,414,Rockaway and Broad Channel (CD14),Winter 2012-13,2012-12-01,9.23,,2012,12,4,1
166030,375,Nitrogen dioxide (NO2),Mean,ppb,CD,414,Rockaway and Broad Channel (CD14),Winter 2012-13,2012-12-01,18.77,,2012,12,4,1
174254,365,Fine particles (PM 2.5),Mean,mcg/m3,UHF34,206,Borough Park,Annual Average 2013,2012-12-01,8.49,,2012,12,4,1
168640,365,Fine particles (PM 2.5),Mean,mcg/m3,CD,111,East Harlem (CD11),Winter 2012-13,2012-12-01,11.98,,2012,12,4,1
174256,365,Fine particles (PM 2.5),Mean,mcg/m3,UHF34,208,Canarsie - Flatlands,Annual Average 2013,2012-12-01,8.18,,2012,12,4,1
166013,375,Nitrogen dioxide (NO2),Mean,ppb,CD,315,Sheepshead Bay (CD15),Winter 2012-13,2012-12-01,22.96,,2012,12,4,1
177323,365,Fine particles (PM 2.5),Mean,mcg/m3,UHF42,210,Coney Island - Sheepshead Bay,Winter 2012-13,2012-12-01,9.75,,2012,12,4,1
167780,375,Nitrogen dioxide (NO2),Mean,ppb,CD,312,Borough Park (CD12),Annual Average 2013,2012-12-01,20.53,,2012,12,4,1
165988,375,Nitrogen dioxide (NO2),Mean,ppb,CD,202,Hunts Point and Longwood (CD2),Winter 2012-13,2012-12-01,25.71,,2012,12,4,1
170443,365,Fine particles (PM 2.5),Mean,mcg/m3,CD,402,Woodside and Sunnyside (CD2),Annual Average 2013,2012-12-01,10.05,,2012,12,4,1
167796,375,Nitrogen dioxide (NO2),Mean,ppb,CD,410,South Ozone Park and Howard Beach (CD10),Annual Average 2013,2012-12-01,19.04,,2012,12,4,1
176716,375,Nitrogen dioxide (NO2),Mean,ppb,UHF42,502,Stapleton - St. George,Annual Average 2013,2012-12-01,15.4,,2012,12,4,1
166011,375,Nitrogen dioxide (NO2),Mean,ppb,CD,313,Coney Island (CD13),Winter 2012-13,2012-12-01,21.3,,2012,12,4,1
167798,375,Nitrogen dioxide (NO2),Mean,ppb,CD,412,Jamaica and Hollis (CD12),Annual Average 2013,2012-12-01,19.07,,2012,12,4,1
171724,375,Nitrogen dioxide (NO2),Mean,ppb,UHF34,309310,Union Square-Lower Manhattan,Winter 2012-13,2012-12-01,31.68,,2012,12,4,1
167764,375,Nitrogen dioxide (NO2),Mean,ppb,CD,208,Riverdale and Fieldston (CD8),Annual Average 2013,2012-12-01,18.24,,2012,12,4,1
170451,365,Fine particles (PM 2.5),Mean,mcg/m3,CD,410,South Ozone Park and Howard Beach (CD10),Annual Average 2013,2012-12-01,7.99,,2012,12,4,1
170435,365,Fine particles (PM 2.5),Mean,mcg/m3,CD,312,Borough Park (CD12),Annual Average 2013,2012-12-01,8.5,,2012,12,4,1
176681,375,Nitrogen dioxide (NO2),Mean,ppb,UHF42,105,Crotona -Tremont,Annual Average 2013,2012-12-01,22.67,,2012,12,4,1
174274,365,Fine particles (PM 2.5),Mean,mcg/m3,UHF34,309310,Union Square-Lower Manhattan,Annual Average 2013,2012-12-01,10.44,,2012,12,4,1
173241,365,Fine particles (PM 2.5),Mean,mcg/m3,UHF34,302,Central Harlem - Morningside Heights,Winter 2012-13,2012-12-01,12.15,,2012,12,4,1
177340,365,Fine particles (PM 2.5),Mean,mcg/m3,UHF42,406,Fresh Meadows,Winter 2012-13,2012-12-01,9.68,,2012,12,4,1
174246,365,Fine particles (PM 2.5),Mean,mcg/m3,UHF34,102,Northeast Bronx,Annual Average 2013,2012-12-01,8.73,,2012,12,4,1
168679,365,Fine particles (PM 2.5),Mean,mcg/m3,CD,408,Hillcrest and Fresh Meadows (CD8),Winter 2012-13,2012-12-01,9.7,,2012,12,4,1
174249,365,Fine particles (PM 2.5),Mean,mcg/m3,UHF34,201,Greenpoint,Annual Average 2013,2012-12-01,10.0,,2012,12,4,1
178567,365,Fine particles (PM 2.5),Mean,mcg/m3,UHF42,101,Kingsbridge - Riverdale,Annual Average 2013,2012-12-01,8.88,,2012,12,4,1
172735,375,Nitrogen dioxide (NO2),Mean,ppb,UHF34,402,West Queens,Annual Average 2013,2012-12-01,21.89,,2012,12,4,1
175457,375,Nitrogen dioxide (NO2),Mean,ppb,UHF42,503,Willowbrook,Winter 2012-13,2012-12-01,19.93,,2012,12,4,1
175435,375,Nitrogen dioxide (NO2),Mean,ppb,UHF42,301,Washington Heights,Winter 2012-13,2012-12-01,27.68,,2012,12,4,1
167748,375,Nitrogen dioxide (NO2),Mean,ppb,CD,104,Clinton and Chelsea (CD4),Annual Average 2013,2012-12-01,30.56,,2012,12,4,1
174275,365,Fine particles (PM 2.5),Mean,mcg/m3,UHF34,404406,Bayside Little Neck-Fresh Meadows,Annual Average 2013,2012-12-01,8.13,,2012,12,4,1
172739,375,Nitrogen dioxide (NO2),Mean,ppb,UHF34,408,Jamaica,Annual Average 2013,2012-12-01,18.96,,2012,12,4,1
170417,365,Fine particles (PM 2.5),Mean,mcg/m3,CD,206,Belmont and East Tremont (CD6),Annual Average 2013,2012-12-01,9.46,,2012,12,4,1
170409,365,Fine particles (PM 2.5),Mean,mcg/m3,CD,110,Central Harlem (CD10),Annual Average 2013,2012-12-01,9.64,,2012,12,4,1
168687,365,Fine particles (PM 2.5),Mean,mcg/m3,CD,502,South Beach and Willowbrook (CD2),Winter 2012-13,2012-12-01,9.76,,2012,12,4,1
170411,365,Fine particles (PM 2.5),Mean,mcg/m3,CD,112,Washington Heights and Inwood (CD12),Annual Average 2013,2012-12-01,9.46,,2012,12,4,1
172741,375,Nitrogen dioxide (NO2),Mean,ppb,UHF34,410,Rockaways,Annual Average 2013,2012-12-01,12.67,,2012,12,4,1
173237,365,Fine particles (PM 2.5),Mean,mcg/m3,UHF34,209,Bensonhurst - Bay Ridge,Winter 2012-13,2012-12-01,9.88,,2012,12,4,1
170403,365,Fine particles (PM 2.5),Mean,mcg/m3,CD,104,Clinton and Chelsea (CD4),Annual Average 2013,2012-12-01,11.39,,2012,12,4,1
166023,375,Nitrogen dioxide (NO2),Mean,ppb,CD,407,Flushing and Whitestone (CD7),Winter 2012-13,2012-12-01,22.11,,2012,12,4,1
177329,365,Fine particles (PM 2.5),Mean,mcg/m3,UHF42,305,Upper East Side,Winter 2012-13,2012-12-01,13.09,,2012,12,4,1
175434,375,Nitrogen dioxide (NO2),Mean,ppb,UHF42,211,Williamsburg - Bushwick,Winter 2012-13,2012-12-01,27.35,,2012,12,4,1
167773,375,Nitrogen dioxide (NO2),Mean,ppb,CD,305,East New York and Starrett City (CD5),Annual Average 2013,2012-12-01,19.75,,2012,12,4,1
170447,365,Fine particles (PM 2.5),Mean,mcg/m3,CD,406,Rego Park and Forest Hills (CD6),Annual Average 2013,2012-12-01,8.71,,2012,12,4,1
178604,365,Fine particles (PM 2.5),Mean,mcg/m3,UHF42,410,Rockaways,Annual Average 2013,2012-12-01,7.61,,2012,12,4,1
168671,365,Fine particles (PM 2.5),Mean,mcg/m3,CD,318,Flatlands and Canarsie (CD18),Winter 2012-13,2012-12-01,9.81,,2012,12,4,1
170449,365,Fine particles (PM 2.5),Mean,mcg/m3,CD,408,Hillcrest and Fresh Meadows (CD8),Annual Average 2013,2012-12-01,8.23,,2012,12,4,1
174266,365,Fine particles (PM 2.5),Mean,mcg/m3,UHF34,403,Flushing - Clearview,Annual Average 2013,2012-12-01,8.39,,2012,12,4,1
168675,365,Fine particles (PM 2.5),Mean,mcg/m3,CD,404,Elmhurst and Corona (CD4),Winter 2012-13,2012-12-01,10.45,,2012,12,4,1
176702,375,Nitrogen dioxide (NO2),Mean,ppb,UHF42,308,Greenwich Village - SoHo,Annual Average 2013,2012-12-01,29.19,,2012,12,4,1
174248,365,Fine particles (PM 2.5),Mean,mcg/m3,UHF34,104,Pelham - Throgs Neck,Annual Average 2013,2012-12-01,8.74,,2012,12,4,1
165976,375,Nitrogen dioxide (NO2),Mean,ppb,CD,102,Greenwich Village and Soho (CD2),Winter 2012-13,2012-12-01,32.72,,2012,12,4,1
174245,365,Fine particles (PM 2.5),Mean,mcg/m3,UHF34,101,Kingsbridge - Riverdale,Annual Average 2013,2012-12-01,8.88,,2012,12,4,1
178594,365,Fine particles (PM 2.5),Mean,mcg/m3,UHF42,310,Lower Manhattan,Annual Average 2013,2012-12-01,11.06,,2012,12,4,1
176685,375,Nitrogen dioxide (NO2),Mean,ppb,UHF42,202,Downtown - Heights - Slope,Annual Average 2013,2012-12-01,23.41,,2012,12,4,1
175444,375,Nitrogen dioxide (NO2),Mean,ppb,UHF42,310,Lower Manhattan,Winter 2012-13,2012-12-01,33.01,,2012,12,4,1
175440,375,Nitrogen dioxide (NO2),Mean,ppb,UHF42,306,Chelsea - Clinton,Winter 2012-13,2012-12-01,35.62,,2012,12,4,1
175425,375,Nitrogen dioxide (NO2),Mean,ppb,UHF42,202,Downtown - Heights - Slope,Winter 2012-13,2012-12-01,28.16,,2012,12,4,1
170415,365,Fine particles (PM 2.5),Mean,mcg/m3,CD,204,Highbridge and Concourse (CD4),Annual Average 2013,2012-12-01,9.97,,2012,12,4,1
167791,375,Nitrogen dioxide (NO2),Mean,ppb,CD,405,Ridgewood and Maspeth (CD5),Annual Average 2013,2012-12-01,20.36,,2012,12,4,1
170438,365,Fine particles (PM 2.5),Mean,mcg/m3,CD,315,Sheepshead Bay (CD15),Annual Average 2013,2012-12-01,8.14,,2012,12,4,1
174258,365,Fine particles (PM 2.5),Mean,mcg/m3,UHF34,210,Coney Island - Sheepshead Bay,Annual Average 2013,2012-12-01,8.11,,2012,12,4,1
176690,375,Nitrogen dioxide (NO2),Mean,ppb,UHF42,207,East Flatbush - Flatbush,Annual Average 2013,2012-12-01,20.57,,2012,12,4,1
171697,375,Nitrogen dioxide (NO2),Mean,ppb,UHF34,103,Fordham - Bronx Pk,Winter 2012-13,2012-12-01,24.13,,2012,12,4,1
179288,375,Nitrogen dioxide (NO2),Mean,ppb,Borough,1,Bronx,Winter 2012-13,2012-12-01,24.03,,2012,12,4,1
171695,375,Nitrogen dioxide (NO2),Mean,ppb,UHF34,101,Kingsbridge - Riverdale,Winter 2012-13,2012-12-01,23.12,,2012,12,4,1
178574,365,Fine particles (PM 2.5),Mean,mcg/m3,UHF42,201,Greenpoint,Annual Average 2013,2012-12-01,10.0,,2012,12,4,1
167747,375,Nitrogen dioxide (NO2),Mean,ppb,CD,103,Lower East Side and Chinatown (CD3),Annual Average 2013,2012-12-01,26.63,,2012,12,4,1
171711,375,Nitrogen dioxide (NO2),Mean,ppb,UHF34,302,Central Harlem - Morningside Heights,Winter 2012-13,2012-12-01,29.88,,2012,12,4,1
171722,375,Nitrogen dioxide (NO2),Mean,ppb,UHF34,305307,Upper East Side-Gramercy,Winter 2012-13,2012-12-01,34.4,,2012,12,4,1
178595,365,Fine particles (PM 2.5),Mean,mcg/m3,UHF42,401,Long Island City - Astoria,Annual Average 2013,2012-12-01,9.6,,2012,12,4,1
171723,375,Nitrogen dioxide (NO2),Mean,ppb,UHF34,306308,Chelsea-Village,Winter 2012-13,2012-12-01,34.64,,2012,12,4,1
173234,365,Fine particles (PM 2.5),Mean,mcg/m3,UHF34,206,Borough Park,Winter 2012-13,2012-12-01,10.14,,2012,12,4,1
177344,365,Fine particles (PM 2.5),Mean,mcg/m3,UHF42,410,Rockaways,Winter 2012-13,2012-12-01,9.23,,2012,12,4,1
171721,375,Nitrogen dioxide (NO2),Mean,ppb,UHF34,410,Rockaways,Winter 2012-13,2012-12-01,18.88,,2012,12,4,1
174269,365,Fine particles (PM 2.5),Mean,mcg/m3,UHF34,408,Jamaica,Annual Average 2013,2012-12-01,8.27,,2012,12,4,1
179441,375,Nitrogen dioxide (NO2),Mean,ppb,Borough,4,Queens,Annual Average 2013,2012-12-01,18.71,,2012,12,4,1
171705,375,Nitrogen dioxide (NO2),Mean,ppb,UHF34,207,East Flatbush - Flatbush,Winter 2012-13,2012-12-01,25.91,,2012,12,4,1
177318,365,Fine particles (PM 2.5),Mean,mcg/m3,UHF42,205,Sunset Park,Winter 2012-13,2012-12-01,10.78,,2012,12,4,1
172725,375,Nitrogen dioxide (NO2),Mean,ppb,UHF34,207,East Flatbush - Flatbush,Annual Average 2013,2012-12-01,20.57,,2012,12,4,1
168630,365,Fine particles (PM 2.5),Mean,mcg/m3,CD,101,Financial District (CD1),Winter 2012-13,2012-12-01,12.77,,2012,12,4,1
172748,375,Nitrogen dioxide (NO2),Mean,ppb,UHF34,105106107,South Bronx,Annual Average 2013,2012-12-01,22.49,,2012,12,4,1
171717,375,Nitrogen dioxide (NO2),Mean,ppb,UHF34,405,Ridgewood - Forest Hills,Winter 2012-13,2012-12-01,24.72,,2012,12,4,1
179513,365,Fine particles (PM 2.5),Mean,mcg/m3,Borough,1,Bronx,Winter 2012-13,2012-12-01,11.16,,2012,12,4,1
170404,365,Fine particles (PM 2.5),Mean,mcg/m3,CD,105,Midtown (CD5),Annual Average 2013,2012-12-01,14.26,,2012,12,4,1
165986,375,Nitrogen dioxide (NO2),Mean,ppb,CD,112,Washington Heights and Inwood (CD12),Winter 2012-13,2012-12-01,27.17,,2012,12,4,1
167799,375,Nitrogen dioxide (NO2),Mean,ppb,CD,413,Queens Village (CD13),Annual Average 2013,2012-12-01,16.87,,2012,12,4,1
174247,365,Fine particles (PM 2.5),Mean,mcg/m3,UHF34,103,Fordham - Bronx Pk,Annual Average 2013,2012-12-01,9.06,,2012,12,4,1
177309,365,Fine particles (PM 2.5),Mean,mcg/m3,UHF42,103,Fordham - Bronx Pk,Winter 2012-13,2012-12-01,11.27,,2012,12,4,1
167754,375,Nitrogen dioxide (NO2),Mean,ppb,CD,110,Central Harlem (CD10),Annual Average 2013,2012-12-01,25.43,,2012,12,4,1
174252,365,Fine particles (PM 2.5),Mean,mcg/m3,UHF34,204,East New York,Annual Average 2013,2012-12-01,8.69,,2012,12,4,1
176688,375,Nitrogen dioxide (NO2),Mean,ppb,UHF42,205,Sunset Park,Annual Average 2013,2012-12-01,20.59,,2012,12,4,1
167766,375,Nitrogen dioxide (NO2),Mean,ppb,CD,210,Throgs Neck and Co-op City (CD10),Annual Average 2013,2012-12-01,17.44,,2012,12,4,1
179292,375,Nitrogen dioxide (NO2),Mean,ppb,Borough,5,Staten Island,Winter 2012-13,2012-12-01,19.13,,2012,12,4,1
170424,365,Fine particles (PM 2.5),Mean,mcg/m3,CD,301,Greenpoint and Williamsburg (CD1),Annual Average 2013,2012-12-01,10.09,,2012,12,4,1
167781,375,Nitrogen dioxide (NO2),Mean,ppb,CD,313,Coney Island (CD13),Annual Average 2013,2012-12-01,15.06,,2012,12,4,1
172728,375,Nitrogen dioxide (NO2),Mean,ppb,UHF34,210,Coney Island - Sheepshead Bay,Annual Average 2013,2012-12-01,16.36,,2012,12,4,1
171704,375,Nitrogen dioxide (NO2),Mean,ppb,UHF34,206,Borough Park,Winter 2012-13,2012-12-01,25.67,,2012,12,4,1
173229,365,Fine particles (PM 2.5),Mean,mcg/m3,UHF34,201,Greenpoint,Winter 2012-13,2012-12-01,11.63,,2012,12,4,1
175433,375,Nitrogen dioxide (NO2),Mean,ppb,UHF42,210,Coney Island - Sheepshead Bay,Winter 2012-13,2012-12-01,22.54,,2012,12,4,1
171715,375,Nitrogen dioxide (NO2),Mean,ppb,UHF34,402,West Queens,Winter 2012-13,2012-12-01,26.15,,2012,12,4,1
167776,375,Nitrogen dioxide (NO2),Mean,ppb,CD,308,Crown Heights and Prospect Heights (CD8),Annual Average 2013,2012-12-01,22.84,,2012,12,4,1
174267,365,Fine particles (PM 2.5),Mean,mcg/m3,UHF34,405,Ridgewood - Forest Hills,Annual Average 2013,2012-12-01,8.51,,2012,12,4,1
178578,365,Fine particles (PM 2.5),Mean,mcg/m3,UHF42,205,Sunset Park,Annual Average 2013,2012-12-01,9.12,,2012,12,4,1
171709,375,Nitrogen dioxide (NO2),Mean,ppb,UHF34,211,Williamsburg - Bushwick,Winter 2012-13,2012-12-01,27.35,,2012,12,4,1
168661,365,Fine particles (PM 2.5),Mean,mcg/m3,CD,308,Crown Heights and Prospect Heights (CD8),Winter 2012-13,2012-12-01,10.37,,2012,12,4,1
171726,375,Nitrogen dioxide (NO2),Mean,ppb,UHF34,501502,Northern SI,Winter 2012-13,2012-12-01,21.87,,2012,12,4,1
178569,365,Fine particles (PM 2.5),Mean,mcg/m3,UHF42,103,Fordham - Bronx Pk,Annual Average 2013,2012-12-01,9.06,,2012,12,4,1
171702,375,Nitrogen dioxide (NO2),Mean,ppb,UHF34,204,East New York,Winter 2012-13,2012-12-01,25.3,,2012,12,4,1
170400,365,Fine particles (PM 2.5),Mean,mcg/m3,CD,101,Financial District (CD1),Annual Average 2013,2012-12-01,11.06,,2012,12,4,1
177319,365,Fine particles (PM 2.5),Mean,mcg/m3,UHF42,206,Borough Park,Winter 2012-13,2012-12-01,10.14,,2012,12,4,1
171707,375,Nitrogen dioxide (NO2),Mean,ppb,UHF34,209,Bensonhurst - Bay Ridge,Winter 2012-13,2012-12-01,24.26,,2012,12,4,1
177343,365,Fine particles (PM 2.5),Mean,mcg/m3,UHF42,409,Southeast Queens,Winter 2012-13,2012-12-01,9.27,,2012,12,4,1
176708,375,Nitrogen dioxide (NO2),Mean,ppb,UHF42,404,Bayside - Little Neck,Annual Average 2013,2012-12-01,16.41,,2012,12,4,1
177312,365,Fine particles (PM 2.5),Mean,mcg/m3,UHF42,106,High Bridge - Morrisania,Winter 2012-13,2012-12-01,12.26,,2012,12,4,1
167758,375,Nitrogen dioxide (NO2),Mean,ppb,CD,202,Hunts Point and Longwood (CD2),Annual Average 2013,2012-12-01,21.27,,2012,12,4,1
173227,365,Fine particles (PM 2.5),Mean,mcg/m3,UHF34,103,Fordham - Bronx Pk,Winter 2012-13,2012-12-01,11.27,,2012,12,4,1
165994,375,Nitrogen dioxide (NO2),Mean,ppb,CD,208,Riverdale and Fieldston (CD8),Winter 2012-13,2012-12-01,23.09,,2012,12,4,1
168666,365,Fine particles (PM 2.5),Mean,mcg/m3,CD,313,Coney Island (CD13),Winter 2012-13,2012-12-01,9.67,,2012,12,4,1
168684,365,Fine particles (PM 2.5),Mean,mcg/m3,CD,413,Queens Village (CD13),Winter 2012-13,2012-12-01,9.29,,2012,12,4,1
178600,365,Fine particles (PM 2.5),Mean,mcg/m3,UHF42,406,Fresh Meadows,Annual Average 2013,2012-12-01,8.21,,2012,12,4,1
173244,365,Fine particles (PM 2.5),Mean,mcg/m3,UHF34,401,Long Island City - Astoria,Winter 2012-13,2012-12-01,11.41,,2012,12,4,1
177327,365,Fine particles (PM 2.5),Mean,mcg/m3,UHF42,303,East Harlem,Winter 2012-13,2012-12-01,11.37,,2012,12,4,1
174268,365,Fine particles (PM 2.5),Mean,mcg/m3,UHF34,407,Southwest Queens,Annual Average 2013,2012-12-01,8.14,,2012,12,4,1
172722,375,Nitrogen dioxide (NO2),Mean,ppb,UHF34,204,East New York,Annual Average 2013,2012-12-01,20.19,,2012,12,4,1
176678,375,Nitrogen dioxide (NO2),Mean,ppb,UHF42,102,Northeast Bronx,Annual Average 2013,2012-12-01,18.37,,2012,12,4,1
168654,365,Fine particles (PM 2.5),Mean,mcg/m3,CD,301,Greenpoint and Williamsburg (CD1),Winter 2012-13,2012-12-01,11.72,,2012,12,4,1
173251,365,Fine particles (PM 2.5),Mean,mcg/m3,UHF34,410,Rockaways,Winter 2012-13,2012-12-01,9.23,,2012,12,4,1
167787,375,Nitrogen dioxide (NO2),Mean,ppb,CD,401,Long Island City and Astoria (CD1),Annual Average 2013,2012-12-01,21.36,,2012,12,4,1
168638,365,Fine particles (PM 2.5),Mean,mcg/m3,CD,109,Morningside Heights and Hamilton Heights (CD9),Winter 2012-13,2012-12-01,12.28,,2012,12,4,1
175428,375,Nitrogen dioxide (NO2),Mean,ppb,UHF42,205,Sunset Park,Winter 2012-13,2012-12-01,25.84,,2012,12,4,1
167769,375,Nitrogen dioxide (NO2),Mean,ppb,CD,301,Greenpoint and Williamsburg (CD1),Annual Average 2013,2012-12-01,22.88,,2012,12,4,1
165987,375,Nitrogen dioxide (NO2),Mean,ppb,CD,201,Mott Haven and Melrose (CD1),Winter 2012-13,2012-12-01,27.63,,2012,12,4,1
168636,365,Fine particles (PM 2.5),Mean,mcg/m3,CD,107,Upper West Side (CD7),Winter 2012-13,2012-12-01,12.58,,2012,12,4,1
179137,375,Nitrogen dioxide (NO2),Mean,ppb,Citywide,1,New York City,Annual Average 2013,2012-12-01,18.83,,2012,12,4,1
171701,375,Nitrogen dioxide (NO2),Mean,ppb,UHF34,203,Bedford Stuyvesant - Crown Heights,Winter 2012-13,2012-12-01,27.11,,2012,12,4,1
166015,375,Nitrogen dioxide (NO2),Mean,ppb,CD,317,East Flatbush (CD17),Winter 2012-13,2012-12-01,26.06,,2012,12,4,1
168676,365,Fine particles (PM 2.5),Mean,mcg/m3,CD,405,Ridgewood and Maspeth (CD5),Winter 2012-13,2012-12-01,10.33,,2012,12,4,1
175443,375,Nitrogen dioxide (NO2),Mean,ppb,UHF42,309,Union Square - Lower East Side,Winter 2012-13,2012-12-01,31.08,,2012,12,4,1
168632,365,Fine particles (PM 2.5),Mean,mcg/m3,CD,103,Lower East Side and Chinatown (CD3),Winter 2012-13,2012-12-01,11.59,,2012,12,4,1
167757,375,Nitrogen dioxide (NO2),Mean,ppb,CD,201,Mott Haven and Melrose (CD1),Annual Average 2013,2012-12-01,22.94,,2012,12,4,1
170458,365,Fine particles (PM 2.5),Mean,mcg/m3,CD,503,Tottenville and Great Kills (CD3),Annual Average 2013,2012-12-01,7.84,,2012,12,4,1
168667,365,Fine particles (PM 2.5),Mean,mcg/m3,CD,314,Flatbush and Midwood (CD14),Winter 2012-13,2012-12-01,10.19,,2012,12,4,1
176693,375,Nitrogen dioxide (NO2),Mean,ppb,UHF42,210,Coney Island - Sheepshead Bay,Annual Average 2013,2012-12-01,16.36,,2012,12,4,1
168669,365,Fine particles (PM 2.5),Mean,mcg/m3,CD,316,Brownsville (CD16),Winter 2012-13,2012-12-01,10.43,,2012,12,4,1
166020,375,Nitrogen dioxide (NO2),Mean,ppb,CD,404,Elmhurst and Corona (CD4),Winter 2012-13,2012-12-01,26.7,,2012,12,4,1
172742,375,Nitrogen dioxide (NO2),Mean,ppb,UHF34,305307,Upper East Side-Gramercy,Annual Average 2013,2012-12-01,32.1,,2012,12,4,1
178568,365,Fine particles (PM 2.5),Mean,mcg/m3,UHF42,102,Northeast Bronx,Annual Average 2013,2012-12-01,8.73,,2012,12,4,1
177308,365,Fine particles (PM 2.5),Mean,mcg/m3,UHF42,102,Northeast Bronx,Winter 2012-13,2012-12-01,10.59,,2012,12,4,1
172747,375,Nitrogen dioxide (NO2),Mean,ppb,UHF34,503504,Southern SI,Annual Average 2013,2012-12-01,12.68,,2012,12,4,1
168643,365,Fine particles (PM 2.5),Mean,mcg/m3,CD,202,Hunts Point and Longwood (CD2),Winter 2012-13,2012-12-01,11.88,,2012,12,4,1
178586,365,Fine particles (PM 2.5),Mean,mcg/m3,UHF42,302,Central Harlem - Morningside Heights,Annual Average 2013,2012-12-01,9.7,,2012,12,4,1
166016,375,Nitrogen dioxide (NO2),Mean,ppb,CD,318,Flatlands and Canarsie (CD18),Winter 2012-13,2012-12-01,22.68,,2012,12,4,1
165999,375,Nitrogen dioxide (NO2),Mean,ppb,CD,301,Greenpoint and Williamsburg (CD1),Winter 2012-13,2012-12-01,27.64,,2012,12,4,1
168657,365,Fine particles (PM 2.5),Mean,mcg/m3,CD,304,Bushwick (CD4),Winter 2012-13,2012-12-01,10.39,,2012,12,4,1
171703,375,Nitrogen dioxide (NO2),Mean,ppb,UHF34,205,Sunset Park,Winter 2012-13,2012-12-01,25.84,,2012,12,4,1
165984,375,Nitrogen dioxide (NO2),Mean,ppb,CD,110,Central Harlem (CD10),Winter 2012-13,2012-12-01,29.9,,2012,12,4,1
175450,375,Nitrogen dioxide (NO2),Mean,ppb,UHF42,406,Fresh Meadows,Winter 2012-13,2012-12-01,22.57,,2012,12,4,1
171728,375,Nitrogen dioxide (NO2),Mean,ppb,UHF34,105106107,South Bronx,Winter 2012-13,2012-12-01,26.99,,2012,12,4,1
175458,375,Nitrogen dioxide (NO2),Mean,ppb,UHF42,504,South Beach - Tottenville,Winter 2012-13,2012-12-01,16.82,,2012,12,4,1
165996,375,Nitrogen dioxide (NO2),Mean,ppb,CD,210,Throgs Neck and Co-op City (CD10),Winter 2012-13,2012-12-01,21.02,,2012,12,4,1
177310,365,Fine particles (PM 2.5),Mean,mcg/m3,UHF42,104,Pelham - Throgs Neck,Winter 2012-13,2012-12-01,10.53,,2012,12,4,1
171714,375,Nitrogen dioxide (NO2),Mean,ppb,UHF34,401,Long Island City - Astoria,Winter 2012-13,2012-12-01,26.98,,2012,12,4,1
170416,365,Fine particles (PM 2.5),Mean,mcg/m3,CD,205,Fordham and University Heights (CD5),Annual Average 2013,2012-12-01,10.05,,2012,12,4,1
166008,375,Nitrogen dioxide (NO2),Mean,ppb,CD,310,Bay Ridge and Dyker Heights (CD10),Winter 2012-13,2012-12-01,24.96,,2012,12,4,1
178573,365,Fine particles (PM 2.5),Mean,mcg/m3,UHF42,107,Hunts Point - Mott Haven,Annual Average 2013,2012-12-01,9.57,,2012,12,4,1
175429,375,Nitrogen dioxide (NO2),Mean,ppb,UHF42,206,Borough Park,Winter 2012-13,2012-12-01,25.67,,2012,12,4,1
166010,375,Nitrogen dioxide (NO2),Mean,ppb,CD,312,Borough Park (CD12),Winter 2012-13,2012-12-01,25.9,,2012,12,4,1
175449,375,Nitrogen dioxide (NO2),Mean,ppb,UHF42,405,Ridgewood - Forest Hills,Winter 2012-13,2012-12-01,24.72,,2012,12,4,1
168647,365,Fine particles (PM 2.5),Mean,mcg/m3,CD,206,Belmont and East Tremont (CD6),Winter 2012-13,2012-12-01,11.71,,2012,12,4,1
173225,365,Fine particles (PM 2.5),Mean,mcg/m3,UHF34,101,Kingsbridge - Riverdale,Winter 2012-13,2012-12-01,11.33,,2012,12,4,1
173240,365,Fine particles (PM 2.5),Mean,mcg/m3,UHF34,301,Washington Heights,Winter 2012-13,2012-12-01,12.09,,2012,12,4,1
168659,365,Fine particles (PM 2.5),Mean,mcg/m3,CD,306,Park Slope and Carroll Gardens (CD6),Winter 2012-13,2012-12-01,11.05,,2012,12,4,1
173231,365,Fine particles (PM 2.5),Mean,mcg/m3,UHF34,203,Bedford Stuyvesant - Crown Heights,Winter 2012-13,2012-12-01,10.35,,2012,12,4,1
168645,365,Fine particles (PM 2.5),Mean,mcg/m3,CD,204,Highbridge and Concourse (CD4),Winter 2012-13,2012-12-01,12.44,,2012,12,4,1
168635,365,Fine particles (PM 2.5),Mean,mcg/m3,CD,106,Stuyvesant Town and Turtle Bay (CD6),Winter 2012-13,2012-12-01,14.02,,2012,12,4,1
176683,375,Nitrogen dioxide (NO2),Mean,ppb,UHF42,107,Hunts Point - Mott Haven,Annual Average 2013,2012-12-01,21.54,,2012,12,4,1
175453,375,Nitrogen dioxide (NO2),Mean,ppb,UHF42,409,Southeast Queens,Winter 2012-13,2012-12-01,20.46,,2012,12,4,1
166032,375,Nitrogen dioxide (NO2),Mean,ppb,CD,502,South Beach and Willowbrook (CD2),Winter 2012-13,2012-12-01,19.14,,2012,12,4,1
174273,365,Fine particles (PM 2.5),Mean,mcg/m3,UHF34,306308,Chelsea-Village,Annual Average 2013,2012-12-01,11.87,,2012,12,4,1
176717,375,Nitrogen dioxide (NO2),Mean,ppb,UHF42,503,Willowbrook,Annual Average 2013,2012-12-01,14.69,,2012,12,4,1
175421,375,Nitrogen dioxide (NO2),Mean,ppb,UHF42,105,Crotona -Tremont,Winter 2012-13,2012-12-01,27.06,,2012,12,4,1
174272,365,Fine particles (PM 2.5),Mean,mcg/m3,UHF34,305307,Upper East Side-Gramercy,Annual Average 2013,2012-12-01,12.09,,2012,12,4,1
178570,365,Fine particles (PM 2.5),Mean,mcg/m3,UHF42,104,Pelham - Throgs Neck,Annual Average 2013,2012-12-01,8.74,,2012,12,4,1
166031,375,Nitrogen dioxide (NO2),Mean,ppb,CD,501,St. George and Stapleton (CD1),Winter 2012-13,2012-12-01,22.98,,2012,12,4,1
176707,375,Nitrogen dioxide (NO2),Mean,ppb,UHF42,403,Flushing - Clearview,Annual Average 2013,2012-12-01,18.71,,2012,12,4,1
173246,365,Fine particles (PM 2.5),Mean,mcg/m3,UHF34,403,Flushing - Clearview,Winter 2012-13,2012-12-01,9.89,,2012,12,4,1
167761,375,Nitrogen dioxide (NO2),Mean,ppb,CD,205,Fordham and University Heights (CD5),Annual Average 2013,2012-12-01,23.95,,2012,12,4,1
174260,365,Fine particles (PM 2.5),Mean,mcg/m3,UHF34,301,Washington Heights,Annual Average 2013,2012-12-01,9.48,,2012,12,4,1
168642,365,Fine particles (PM 2.5),Mean,mcg/m3,CD,201,Mott Haven and Melrose (CD1),Winter 2012-13,2012-12-01,12.26,,2012,12,4,1
174265,365,Fine particles (PM 2.5),Mean,mcg/m3,UHF34,402,West Queens,Annual Average 2013,2012-12-01,9.13,,2012,12,4,1
175427,375,Nitrogen dioxide (NO2),Mean,ppb,UHF42,204,East New York,Winter 2012-13,2012-12-01,25.3,,2012,12,4,1
172729,375,Nitrogen dioxide (NO2),Mean,ppb,UHF34,211,Williamsburg - Bushwick,Annual Average 2013,2012-12-01,22.72,,2012,12,4,1
178596,365,Fine particles (PM 2.5),Mean,mcg/m3,UHF42,402,West Queens,Annual Average 2013,2012-12-01,9.13,,2012,12,4,1
170441,365,Fine particles (PM 2.5),Mean,mcg/m3,CD,318,Flatlands and Canarsie (CD18),Annual Average 2013,2012-12-01,8.16,,2012,12,4,1
170440,365,Fine particles (PM 2.5),Mean,mcg/m3,CD,317,East Flatbush (CD17),Annual Average 2013,2012-12-01,8.69,,2012,12,4,1
178571,365,Fine particles (PM 2.5),Mean,mcg/m3,UHF42,105,Crotona -Tremont,Annual Average 2013,2012-12-01,9.75,,2012,12,4,1
174277,365,Fine particles (PM 2.5),Mean,mcg/m3,UHF34,503504,Southern SI,Annual Average 2013,2012-12-01,7.97,,2012,12,4,1
170426,365,Fine particles (PM 2.5),Mean,mcg/m3,CD,303,Bedford Stuyvesant (CD3),Annual Average 2013,2012-12-01,8.82,,2012,12,4,1
179438,375,Nitrogen dioxide (NO2),Mean,ppb,Borough,1,Bronx,Annual Average 2013,2012-12-01,19.86,,2012,12,4,1
175441,375,Nitrogen dioxide (NO2),Mean,ppb,UHF42,307,Gramercy Park - Murray Hill,Winter 2012-13,2012-12-01,37.34,,2012,12,4,1
175442,375,Nitrogen dioxide (NO2),Mean,ppb,UHF42,308,Greenwich Village - SoHo,Winter 2012-13,2012-12-01,32.69,,2012,12,4,1
178607,365,Fine particles (PM 2.5),Mean,mcg/m3,UHF42,503,Willowbrook,Annual Average 2013,2012-12-01,8.22,,2012,12,4,1
175451,375,Nitrogen dioxide (NO2),Mean,ppb,UHF42,407,Southwest Queens,Winter 2012-13,2012-12-01,24.45,,2012,12,4,1
176692,375,Nitrogen dioxide (NO2),Mean,ppb,UHF42,209,Bensonhurst - Bay Ridge,Annual Average 2013,2012-12-01,18.58,,2012,12,4,1
175452,375,Nitrogen dioxide (NO2),Mean,ppb,UHF42,408,Jamaica,Winter 2012-13,2012-12-01,22.95,,2012,12,4,1
173228,365,Fine particles (PM 2.5),Mean,mcg/m3,UHF34,104,Pelham - Throgs Neck,Winter 2012-13,2012-12-01,10.53,,2012,12,4,1
167784,375,Nitrogen dioxide (NO2),Mean,ppb,CD,316,Brownsville (CD16),Annual Average 2013,2012-12-01,21.36,,2012,12,4,1
166012,375,Nitrogen dioxide (NO2),Mean,ppb,CD,314,Flatbush and Midwood (CD14),Winter 2012-13,2012-12-01,25.29,,2012,12,4,1
174270,365,Fine particles (PM 2.5),Mean,mcg/m3,UHF34,409,Southeast Queens,Annual Average 2013,2012-12-01,7.85,,2012,12,4,1
165992,375,Nitrogen dioxide (NO2),Mean,ppb,CD,206,Belmont and East Tremont (CD6),Winter 2012-13,2012-12-01,26.22,,2012,12,4,1
173245,365,Fine particles (PM 2.5),Mean,mcg/m3,UHF34,402,West Queens,Winter 2012-13,2012-12-01,10.76,,2012,12,4,1
172744,375,Nitrogen dioxide (NO2),Mean,ppb,UHF34,309310,Union Square-Lower Manhattan,Annual Average 2013,2012-12-01,28.29,,2012,12,4,1
165975,375,Nitrogen dioxide (NO2),Mean,ppb,CD,101,Financial District (CD1),Winter 2012-13,2012-12-01,33.12,,2012,12,4,1
177334,365,Fine particles (PM 2.5),Mean,mcg/m3,UHF42,310,Lower Manhattan,Winter 2012-13,2012-12-01,12.76,,2012,12,4,1
168664,365,Fine particles (PM 2.5),Mean,mcg/m3,CD,311,Bensonhurst (CD11),Winter 2012-13,2012-12-01,9.86,,2012,12,4,1
166033,375,Nitrogen dioxide (NO2),Mean,ppb,CD,503,Tottenville and Great Kills (CD3),Winter 2012-13,2012-12-01,16.7,,2012,12,4,1
170401,365,Fine particles (PM 2.5),Mean,mcg/m3,CD,102,Greenwich Village and Soho (CD2),Annual Average 2013,2012-12-01,10.9,,2012,12,4,1
165993,375,Nitrogen dioxide (NO2),Mean,ppb,CD,207,Kingsbridge Heights and Bedford (CD7),Winter 2012-13,2012-12-01,25.78,,2012,12,4,1
172720,375,Nitrogen dioxide (NO2),Mean,ppb,UHF34,202,Downtown - Heights - Slope,Annual Average 2013,2012-12-01,23.41,,2012,12,4,1
175420,375,Nitrogen dioxide (NO2),Mean,ppb,UHF42,104,Pelham - Throgs Neck,Winter 2012-13,2012-12-01,22.38,,2012,12,4,1
178580,365,Fine particles (PM 2.5),Mean,mcg/m3,UHF42,207,East Flatbush - Flatbush,Annual Average 2013,2012-12-01,8.6,,2012,12,4,1
174259,365,Fine particles (PM 2.5),Mean,mcg/m3,UHF34,211,Williamsburg - Bushwick,Annual Average 2013,2012-12-01,9.36,,2012,12,4,1
170412,365,Fine particles (PM 2.5),Mean,mcg/m3,CD,201,Mott Haven and Melrose (CD1),Annual Average 2013,2012-12-01,9.97,,2012,12,4,1
167786,375,Nitrogen dioxide (NO2),Mean,ppb,CD,318,Flatlands and Canarsie (CD18),Annual Average 2013,2012-12-01,16.67,,2012,12,4,1
174276,365,Fine particles (PM 2.5),Mean,mcg/m3,UHF34,501502,Northern SI,Annual Average 2013,2012-12-01,8.03,,2012,12,4,1
179664,365,Fine particles (PM 2.5),Mean,mcg/m3,Borough,2,Brooklyn,Annual Average 2013,2012-12-01,8.7,,2012,12,4,1
167753,375,Nitrogen dioxide (NO2),Mean,ppb,CD,109,Morningside Heights and Hamilton Heights (CD9),Annual Average 2013,2012-12-01,25.22,,2012,12,4,1
168652,365,Fine particles (PM 2.5),Mean,mcg/m3,CD,211,Morris Park and Bronxdale (CD11),Winter 2012-13,2012-12-01,10.62,,2012,12,4,1
168662,365,Fine particles (PM 2.5),Mean,mcg/m3,CD,309,South Crown Heights and Lefferts Gardens (CD9),Winter 2012-13,2012-12-01,10.26,,2012,12,4,1
176684,375,Nitrogen dioxide (NO2),Mean,ppb,UHF42,201,Greenpoint,Annual Average 2013,2012-12-01,22.85,,2012,12,4,1
170418,365,Fine particles (PM 2.5),Mean,mcg/m3,CD,207,Kingsbridge Heights and Bedford (CD7),Annual Average 2013,2012-12-01,9.4,,2012,12,4,1
165998,375,Nitrogen dioxide (NO2),Mean,ppb,CD,212,Williamsbridge and Baychester (CD12),Winter 2012-13,2012-12-01,21.97,,2012,12,4,1
170402,365,Fine particles (PM 2.5),Mean,mcg/m3,CD,103,Lower East Side and Chinatown (CD3),Annual Average 2013,2012-12-01,9.9,,2012,12,4,1
168651,365,Fine particles (PM 2.5),Mean,mcg/m3,CD,210,Throgs Neck and Co-op City (CD10),Winter 2012-13,2012-12-01,10.29,,2012,12,4,1
168653,365,Fine particles (PM 2.5),Mean,mcg/m3,CD,212,Williamsbridge and Baychester (CD12),Winter 2012-13,2012-12-01,10.59,,2012,12,4,1
176703,375,Nitrogen dioxide (NO2),Mean,ppb,UHF42,309,Union Square - Lower East Side,Annual Average 2013,2012-12-01,27.39,,2012,12,4,1
176704,375,Nitrogen dioxide (NO2),Mean,ppb,UHF42,310,Lower Manhattan,Annual Average 2013,2012-12-01,30.26,,2012,12,4,1
167785,375,Nitrogen dioxide (NO2),Mean,ppb,CD,317,East Flatbush (CD17),Annual Average 2013,2012-12-01,20.69,,2012,12,4,1
178575,365,Fine particles (PM 2.5),Mean,mcg/m3,UHF42,202,Downtown - Heights - Slope,Annual Average 2013,2012-12-01,9.46,,2012,12,4,1
178608,365,Fine particles (PM 2.5),Mean,mcg/m3,UHF42,504,South Beach - Tottenville,Annual Average 2013,2012-12-01,7.82,,2012,12,4,1
178590,365,Fine particles (PM 2.5),Mean,mcg/m3,UHF42,306,Chelsea - Clinton,Annual Average 2013,2012-12-01,12.41,,2012,12,4,1
177336,365,Fine particles (PM 2.5),Mean,mcg/m3,UHF42,402,West Queens,Winter 2012-13,2012-12-01,10.76,,2012,12,4,1
167768,375,Nitrogen dioxide (NO2),Mean,ppb,CD,212,Williamsbridge and Baychester (CD12),Annual Average 2013,2012-12-01,17.96,,2012,12,4,1
176700,375,Nitrogen dioxide (NO2),Mean,ppb,UHF42,306,Chelsea - Clinton,Annual Average 2013,2012-12-01,33.35,,2012,12,4,1
167759,375,Nitrogen dioxide (NO2),Mean,ppb,CD,203,Morrisania and Crotona (CD3),Annual Average 2013,2012-12-01,22.32,,2012,12,4,1
172724,375,Nitrogen dioxide (NO2),Mean,ppb,UHF34,206,Borough Park,Annual Average 2013,2012-12-01,20.23,,2012,12,4,1
171700,375,Nitrogen dioxide (NO2),Mean,ppb,UHF34,202,Downtown - Heights - Slope,Winter 2012-13,2012-12-01,28.16,,2012,12,4,1
173256,365,Fine particles (PM 2.5),Mean,mcg/m3,UHF34,501502,Northern SI,Winter 2012-13,2012-12-01,9.73,,2012,12,4,1
170419,365,Fine particles (PM 2.5),Mean,mcg/m3,CD,208,Riverdale and Fieldston (CD8),Annual Average 2013,2012-12-01,8.87,,2012,12,4,1
172736,375,Nitrogen dioxide (NO2),Mean,ppb,UHF34,403,Flushing - Clearview,Annual Average 2013,2012-12-01,18.71,,2012,12,4,1
178597,365,Fine particles (PM 2.5),Mean,mcg/m3,UHF42,403,Flushing - Clearview,Annual Average 2013,2012-12-01,8.39,,2012,12,4,1
168660,365,Fine particles (PM 2.5),Mean,mcg/m3,CD,307,Sunset Park (CD7),Winter 2012-13,2012-12-01,10.84,,2012,12,4,1
166025,375,Nitrogen dioxide (NO2),Mean,ppb,CD,409,Kew Gardens and Woodhaven (CD9),Winter 2012-13,2012-12-01,25.01,,2012,12,4,1
173243,365,Fine particles (PM 2.5),Mean,mcg/m3,UHF34,304,Upper West Side,Winter 2012-13,2012-12-01,12.6,,2012,12,4,1
176713,375,Nitrogen dioxide (NO2),Mean,ppb,UHF42,409,Southeast Queens,Annual Average 2013,2012-12-01,16.8,,2012,12,4,1
170448,365,Fine particles (PM 2.5),Mean,mcg/m3,CD,407,Flushing and Whitestone (CD7),Annual Average 2013,2012-12-01,8.43,,2012,12,4,1
173248,365,Fine particles (PM 2.5),Mean,mcg/m3,UHF34,407,Southwest Queens,Winter 2012-13,2012-12-01,9.74,,2012,12,4,1
168644,365,Fine particles (PM 2.5),Mean,mcg/m3,CD,203,Morrisania and Crotona (CD3),Winter 2012-13,2012-12-01,11.7,,2012,12,4,1
170431,365,Fine particles (PM 2.5),Mean,mcg/m3,CD,308,Crown Heights and Prospect Heights (CD8),Annual Average 2013,2012-12-01,8.77,,2012,12,4,1
168673,365,Fine particles (PM 2.5),Mean,mcg/m3,CD,402,Woodside and Sunnyside (CD2),Winter 2012-13,2012-12-01,11.73,,2012,12,4,1
177330,365,Fine particles (PM 2.5),Mean,mcg/m3,UHF42,306,Chelsea - Clinton,Winter 2012-13,2012-12-01,14.31,,2012,12,4,1
179665,365,Fine particles (PM 2.5),Mean,mcg/m3,Borough,3,Manhattan,Annual Average 2013,2012-12-01,10.73,,2012,12,4,1
179291,375,Nitrogen dioxide (NO2),Mean,ppb,Borough,4,Queens,Winter 2012-13,2012-12-01,22.84,,2012,12,4,1
175446,375,Nitrogen dioxide (NO2),Mean,ppb,UHF42,402,West Queens,Winter 2012-13,2012-12-01,26.15,,2012,12,4,1
165982,375,Nitrogen dioxide (NO2),Mean,ppb,CD,108,Upper East Side (CD8),Winter 2012-13,2012-12-01,31.91,,2012,12,4,1
170453,365,Fine particles (PM 2.5),Mean,mcg/m3,CD,412,Jamaica and Hollis (CD12),Annual Average 2013,2012-12-01,8.26,,2012,12,4,1
170433,365,Fine particles (PM 2.5),Mean,mcg/m3,CD,310,Bay Ridge and Dyker Heights (CD10),Annual Average 2013,2012-12-01,8.41,,2012,12,4,1
166026,375,Nitrogen dioxide (NO2),Mean,ppb,CD,410,South Ozone Park and Howard Beach (CD10),Winter 2012-13,2012-12-01,24.08,,2012,12,4,1
167765,375,Nitrogen dioxide (NO2),Mean,ppb,CD,209,Parkchester and Soundview (CD9),Annual Average 2013,2012-12-01,19.95,,2012,12,4,1
175436,375,Nitrogen dioxide (NO2),Mean,ppb,UHF42,302,Central Harlem - Morningside Heights,Winter 2012-13,2012-12-01,29.88,,2012,12,4,1
166006,375,Nitrogen dioxide (NO2),Mean,ppb,CD,308,Crown Heights and Prospect Heights (CD8),Winter 2012-13,2012-12-01,27.58,,2012,12,4,1
178606,365,Fine particles (PM 2.5),Mean,mcg/m3,UHF42,502,Stapleton - St. George,Annual Average 2013,2012-12-01,7.9,,2012,12,4,1
171698,375,Nitrogen dioxide (NO2),Mean,ppb,UHF34,104,Pelham - Throgs Neck,Winter 2012-13,2012-12-01,22.38,,2012,12,4,1
165990,375,Nitrogen dioxide (NO2),Mean,ppb,CD,204,Highbridge and Concourse (CD4),Winter 2012-13,2012-12-01,28.58,,2012,12,4,1
177307,365,Fine particles (PM 2.5),Mean,mcg/m3,UHF42,101,Kingsbridge - Riverdale,Winter 2012-13,2012-12-01,11.33,,2012,12,4,1
168649,365,Fine particles (PM 2.5),Mean,mcg/m3,CD,208,Riverdale and Fieldston (CD8),Winter 2012-13,2012-12-01,11.32,,2012,12,4,1
176679,375,Nitrogen dioxide (NO2),Mean,ppb,UHF42,103,Fordham - Bronx Pk,Annual Average 2013,2012-12-01,19.89,,2012,12,4,1
167795,375,Nitrogen dioxide (NO2),Mean,ppb,CD,409,Kew Gardens and Woodhaven (CD9),Annual Average 2013,2012-12-01,20.57,,2012,12,4,1
168646,365,Fine particles (PM 2.5),Mean,mcg/m3,CD,205,Fordham and University Heights (CD5),Winter 2012-13,2012-12-01,12.5,,2012,12,4,1
179152,365,Fine particles (PM 2.5),Mean,mcg/m3,Citywide,1,New York City,Winter 2012-13,2012-12-01,10.35,,2012,12,4,1
170421,365,Fine particles (PM 2.5),Mean,mcg/m3,CD,210,Throgs Neck and Co-op City (CD10),Annual Average 2013,2012-12-01,8.66,,2012,12,4,1
178588,365,Fine particles (PM 2.5),Mean,mcg/m3,UHF42,304,Upper West Side,Annual Average 2013,2012-12-01,10.35,,2012,12,4,1
172716,375,Nitrogen dioxide (NO2),Mean,ppb,UHF34,102,Northeast Bronx,Annual Average 2013,2012-12-01,18.37,,2012,12,4,1
168672,365,Fine particles (PM 2.5),Mean,mcg/m3,CD,401,Long Island City and Astoria (CD1),Winter 2012-13,2012-12-01,10.77,,2012,12,4,1
176706,375,Nitrogen dioxide (NO2),Mean,ppb,UHF42,402,West Queens,Annual Average 2013,2012-12-01,21.89,,2012,12,4,1
179514,365,Fine particles (PM 2.5),Mean,mcg/m3,Borough,2,Brooklyn,Winter 2012-13,2012-12-01,10.33,,2012,12,4,1
179289,375,Nitrogen dioxide (NO2),Mean,ppb,Borough,2,Brooklyn,Winter 2012-13,2012-12-01,25.3,,2012,12,4,1
168634,365,Fine particles (PM 2.5),Mean,mcg/m3,CD,105,Midtown (CD5),Winter 2012-13,2012-12-01,16.09,,2012,12,4,1
177331,365,Fine particles (PM 2.5),Mean,mcg/m3,UHF42,307,Gramercy Park - Murray Hill,Winter 2012-13,2012-12-01,15.0,,2012,12,4,1
167771,375,Nitrogen dioxide (NO2),Mean,ppb,CD,303,Bedford Stuyvesant (CD3),Annual Average 2013,2012-12-01,22.84,,2012,12,4,1
177337,365,Fine particles (PM 2.5),Mean,mcg/m3,UHF42,403,Flushing - Clearview,Winter 2012-13,2012-12-01,9.89,,2012,12,4,1
179667,365,Fine particles (PM 2.5),Mean,mcg/m3,Borough,5,Staten Island,Annual Average 2013,2012-12-01,7.98,,2012,12,4,1
178591,365,Fine particles (PM 2.5),Mean,mcg/m3,UHF42,307,Gramercy Park - Murray Hill,Annual Average 2013,2012-12-01,13.2,,2012,12,4,1
171713,375,Nitrogen dioxide (NO2),Mean,ppb,UHF34,304,Upper West Side,Winter 2012-13,2012-12-01,30.65,,2012,12,4,1
168678,365,Fine particles (PM 2.5),Mean,mcg/m3,CD,407,Flushing and Whitestone (CD7),Winter 2012-13,2012-12-01,9.94,,2012,12,4,1
175454,375,Nitrogen dioxide (NO2),Mean,ppb,UHF42,410,Rockaways,Winter 2012-13,2012-12-01,18.88,,2012,12,4,1
165980,375,Nitrogen dioxide (NO2),Mean,ppb,CD,106,Stuyvesant Town and Turtle Bay (CD6),Winter 2012-13,2012-12-01,35.39,,2012,12,4,1
167783,375,Nitrogen dioxide (NO2),Mean,ppb,CD,315,Sheepshead Bay (CD15),Annual Average 2013,2012-12-01,16.78,,2012,12,4,1
166018,375,Nitrogen dioxide (NO2),Mean,ppb,CD,402,Woodside and Sunnyside (CD2),Winter 2012-13,2012-12-01,26.77,,2012,12,4,1
175422,375,Nitrogen dioxide (NO2),Mean,ppb,UHF42,106,High Bridge - Morrisania,Winter 2012-13,2012-12-01,28.3,,2012,12,4,1
165989,375,Nitrogen dioxide (NO2),Mean,ppb,CD,203,Morrisania and Crotona (CD3),Winter 2012-13,2012-12-01,26.69,,2012,12,4,1
170406,365,Fine particles (PM 2.5),Mean,mcg/m3,CD,107,Upper West Side (CD7),Annual Average 2013,2012-12-01,10.35,,2012,12,4,1
170455,365,Fine particles (PM 2.5),Mean,mcg/m3,CD,414,Rockaway and Broad Channel (CD14),Annual Average 2013,2012-12-01,7.61,,2012,12,4,1
175438,375,Nitrogen dioxide (NO2),Mean,ppb,UHF42,304,Upper West Side,Winter 2012-13,2012-12-01,30.65,,2012,12,4,1
168665,365,Fine particles (PM 2.5),Mean,mcg/m3,CD,312,Borough Park (CD12),Winter 2012-13,2012-12-01,10.14,,2012,12,4,1
168637,365,Fine particles (PM 2.5),Mean,mcg/m3,CD,108,Upper East Side (CD8),Winter 2012-13,2012-12-01,13.12,,2012,12,4,1
178598,365,Fine particles (PM 2.5),Mean,mcg/m3,UHF42,404,Bayside - Little Neck,Annual Average 2013,2012-12-01,8.08,,2012,12,4,1
179182,365,Fine particles (PM 2.5),Mean,mcg/m3,Citywide,1,New York City,Annual Average 2013,2012-12-01,8.63,,2012,12,4,1
168683,365,Fine particles (PM 2.5),Mean,mcg/m3,CD,412,Jamaica and Hollis (CD12),Winter 2012-13,2012-12-01,9.79,,2012,12,4,1
172726,375,Nitrogen dioxide (NO2),Mean,ppb,UHF34,208,Canarsie - Flatlands,Annual Average 2013,2012-12-01,16.65,,2012,12,4,1
178601,365,Fine particles (PM 2.5),Mean,mcg/m3,UHF42,407,Southwest Queens,Annual Average 2013,2012-12-01,8.14,,2012,12,4,1
172730,375,Nitrogen dioxide (NO2),Mean,ppb,UHF34,301,Washington Heights,Annual Average 2013,2012-12-01,22.79,,2012,12,4,1
178602,365,Fine particles (PM 2.5),Mean,mcg/m3,UHF42,408,Jamaica,Annual Average 2013,2012-12-01,8.27,,2012,12,4,1
165981,375,Nitrogen dioxide (NO2),Mean,ppb,CD,107,Upper West Side (CD7),Winter 2012-13,2012-12-01,30.62,,2012,12,4,1
166029,375,Nitrogen dioxide (NO2),Mean,ppb,CD,413,Queens Village (CD13),Winter 2012-13,2012-12-01,20.59,,2012,12,4,1
171708,375,Nitrogen dioxide (NO2),Mean,ppb,UHF34,210,Coney Island - Sheepshead Bay,Winter 2012-13,2012-12-01,22.54,,2012,12,4,1
177335,365,Fine particles (PM 2.5),Mean,mcg/m3,UHF42,401,Long Island City - Astoria,Winter 2012-13,2012-12-01,11.41,,2012,12,4,1
177347,365,Fine particles (PM 2.5),Mean,mcg/m3,UHF42,503,Willowbrook,Winter 2012-13,2012-12-01,9.96,,2012,12,4,1
168631,365,Fine particles (PM 2.5),Mean,mcg/m3,CD,102,Greenwich Village and Soho (CD2),Winter 2012-13,2012-12-01,12.67,,2012,12,4,1
177339,365,Fine particles (PM 2.5),Mean,mcg/m3,UHF42,405,Ridgewood - Forest Hills,Winter 2012-13,2012-12-01,10.07,,2012,12,4,1
176701,375,Nitrogen dioxide (NO2),Mean,ppb,UHF42,307,Gramercy Park - Murray Hill,Annual Average 2013,2012-12-01,36.08,,2012,12,4,1
170437,365,Fine particles (PM 2.5),Mean,mcg/m3,CD,314,Flatbush and Midwood (CD14),Annual Average 2013,2012-12-01,8.55,,2012,12,4,1
166004,375,Nitrogen dioxide (NO2),Mean,ppb,CD,306,Park Slope and Carroll Gardens (CD6),Winter 2012-13,2012-12-01,27.68,,2012,12,4,1
174263,365,Fine particles (PM 2.5),Mean,mcg/m3,UHF34,304,Upper West Side,Annual Average 2013,2012-12-01,10.35,,2012,12,4,1
168677,365,Fine particles (PM 2.5),Mean,mcg/m3,CD,406,Rego Park and Forest Hills (CD6),Winter 2012-13,2012-12-01,10.25,,2012,12,4,1
165995,375,Nitrogen dioxide (NO2),Mean,ppb,CD,209,Parkchester and Soundview (CD9),Winter 2012-13,2012-12-01,23.96,,2012,12,4,1
174250,365,Fine particles (PM 2.5),Mean,mcg/m3,UHF34,202,Downtown - Heights - Slope,Annual Average 2013,2012-12-01,9.46,,2012,12,4,1
177315,365,Fine particles (PM 2.5),Mean,mcg/m3,UHF42,202,Downtown - Heights - Slope,Winter 2012-13,2012-12-01,11.11,,2012,12,4,1
177342,365,Fine particles (PM 2.5),Mean,mcg/m3,UHF42,408,Jamaica,Winter 2012-13,2012-12-01,9.79,,2012,12,4,1
174257,365,Fine particles (PM 2.5),Mean,mcg/m3,UHF34,209,Bensonhurst - Bay Ridge,Annual Average 2013,2012-12-01,8.24,,2012,12,4,1
177341,365,Fine particles (PM 2.5),Mean,mcg/m3,UHF42,407,Southwest Queens,Winter 2012-13,2012-12-01,9.74,,2012,12,4,1
168674,365,Fine particles (PM 2.5),Mean,mcg/m3,CD,403,Jackson Heights (CD3),Winter 2012-13,2012-12-01,10.1,,2012,12,4,1
167745,375,Nitrogen dioxide (NO2),Mean,ppb,CD,101,Financial District (CD1),Annual Average 2013,2012-12-01,30.28,,2012,12,4,1
167790,375,Nitrogen dioxide (NO2),Mean,ppb,CD,404,Elmhurst and Corona (CD4),Annual Average 2013,2012-12-01,22.82,,2012,12,4,1
166019,375,Nitrogen dioxide (NO2),Mean,ppb,CD,403,Jackson Heights (CD3),Winter 2012-13,2012-12-01,25.64,,2012,12,4,1
175419,375,Nitrogen dioxide (NO2),Mean,ppb,UHF42,103,Fordham - Bronx Pk,Winter 2012-13,2012-12-01,24.13,,2012,12,4,1
177346,365,Fine particles (PM 2.5),Mean,mcg/m3,UHF42,502,Stapleton - St. George,Winter 2012-13,2012-12-01,9.55,,2012,12,4,1
177326,365,Fine particles (PM 2.5),Mean,mcg/m3,UHF42,302,Central Harlem - Morningside Heights,Winter 2012-13,2012-12-01,12.15,,2012,12,4,1
165983,375,Nitrogen dioxide (NO2),Mean,ppb,CD,109,Morningside Heights and Hamilton Heights (CD9),Winter 2012-13,2012-12-01,29.89,,2012,12,4,1
172734,375,Nitrogen dioxide (NO2),Mean,ppb,UHF34,401,Long Island City - Astoria,Annual Average 2013,2012-12-01,22.3,,2012,12,4,1
170429,365,Fine particles (PM 2.5),Mean,mcg/m3,CD,306,Park Slope and Carroll Gardens (CD6),Annual Average 2013,2012-12-01,9.4,,2012,12,4,1
175456,375,Nitrogen dioxide (NO2),Mean,ppb,UHF42,502,Stapleton - St. George,Winter 2012-13,2012-12-01,20.93,,2012,12,4,1
178572,365,Fine particles (PM 2.5),Mean,mcg/m3,UHF42,106,High Bridge - Morrisania,Annual Average 2013,2012-12-01,9.83,,2012,12,4,1
167788,375,Nitrogen dioxide (NO2),Mean,ppb,CD,402,Woodside and Sunnyside (CD2),Annual Average 2013,2012-12-01,22.11,,2012,12,4,1
171719,375,Nitrogen dioxide (NO2),Mean,ppb,UHF34,408,Jamaica,Winter 2012-13,2012-12-01,22.95,,2012,12,4,1
177316,365,Fine particles (PM 2.5),Mean,mcg/m3,UHF42,203,Bedford Stuyvesant - Crown Heights,Winter 2012-13,2012-12-01,10.35,,2012,12,4,1
170420,365,Fine particles (PM 2.5),Mean,mcg/m3,CD,209,Parkchester and Soundview (CD9),Annual Average 2013,2012-12-01,8.94,,2012,12,4,1
168641,365,Fine particles (PM 2.5),Mean,mcg/m3,CD,112,Washington Heights and Inwood (CD12),Winter 2012-13,2012-12-01,12.07,,2012,12,4,1
179442,375,Nitrogen dioxide (NO2),Mean,ppb,Borough,5,Staten Island,Annual Average 2013,2012-12-01,13.8,,2012,12,4,1
167789,375,Nitrogen dioxide (NO2),Mean,ppb,CD,403,Jackson Heights (CD3),Annual Average 2013,2012-12-01,21.6,,2012,12,4,1
170442,365,Fine particles (PM 2.5),Mean,mcg/m3,CD,401,Long Island City and Astoria (CD1),Annual Average 2013,2012-12-01,8.9,,2012,12,4,1
173252,365,Fine particles (PM 2.5),Mean,mcg/m3,UHF34,305307,Upper East Side-Gramercy,Winter 2012-13,2012-12-01,13.99,,2012,12,4,1
173253,365,Fine particles (PM 2.5),Mean,mcg/m3,UHF34,306308,Chelsea-Village,Winter 2012-13,2012-12-01,13.72,,2012,12,4,1
167803,375,Nitrogen dioxide (NO2),Mean,ppb,CD,503,Tottenville and Great Kills (CD3),Annual Average 2013,2012-12-01,11.42,,2012,12,4,1
176680,375,Nitrogen dioxide (NO2),Mean,ppb,UHF42,104,Pelham - Throgs Neck,Annual Average 2013,2012-12-01,18.58,,2012,12,4,1
176714,375,Nitrogen dioxide (NO2),Mean,ppb,UHF42,410,Rockaways,Annual Average 2013,2012-12-01,12.67,,2012,12,4,1
176694,375,Nitrogen dioxide (NO2),Mean,ppb,UHF42,211,Williamsburg - Bushwick,Annual Average 2013,2012-12-01,22.72,,2012,12,4,1
175426,375,Nitrogen dioxide (NO2),Mean,ppb,UHF42,203,Bedford Stuyvesant - Crown Heights,Winter 2012-13,2012-12-01,27.11,,2012,12,4,1
177322,365,Fine particles (PM 2.5),Mean,mcg/m3,UHF42,209,Bensonhurst - Bay Ridge,Winter 2012-13,2012-12-01,9.88,,2012,12,4,1
176682,375,Nitrogen dioxide (NO2),Mean,ppb,UHF42,106,High Bridge - Morrisania,Annual Average 2013,2012-12-01,23.73,,2012,12,4,1
175447,375,Nitrogen dioxide (NO2),Mean,ppb,UHF42,403,Flushing - Clearview,Winter 2012-13,2012-12-01,22.06,,2012,12,4,1
168650,365,Fine particles (PM 2.5),Mean,mcg/m3,CD,209,Parkchester and Soundview (CD9),Winter 2012-13,2012-12-01,10.89,,2012,12,4,1
173233,365,Fine particles (PM 2.5),Mean,mcg/m3,UHF34,205,Sunset Park,Winter 2012-13,2012-12-01,10.78,,2012,12,4,1
178587,365,Fine particles (PM 2.5),Mean,mcg/m3,UHF42,303,East Harlem,Annual Average 2013,2012-12-01,9.73,,2012,12,4,1
176705,375,Nitrogen dioxide (NO2),Mean,ppb,UHF42,401,Long Island City - Astoria,Annual Average 2013,2012-12-01,22.3,,2012,12,4,1
175423,375,Nitrogen dioxide (NO2),Mean,ppb,UHF42,107,Hunts Point - Mott Haven,Winter 2012-13,2012-12-01,26.07,,2012,12,4,1
177325,365,Fine particles (PM 2.5),Mean,mcg/m3,UHF42,301,Washington Heights,Winter 2012-13,2012-12-01,11.74,,2012,12,4,1
176699,375,Nitrogen dioxide (NO2),Mean,ppb,UHF42,305,Upper East Side,Annual Average 2013,2012-12-01,28.59,,2012,12,4,1
179439,375,Nitrogen dioxide (NO2),Mean,ppb,Borough,2,Brooklyn,Annual Average 2013,2012-12-01,19.92,,2012,12,4,1
170427,365,Fine particles (PM 2.5),Mean,mcg/m3,CD,304,Bushwick (CD4),Annual Average 2013,2012-12-01,8.82,,2012,12,4,1
178576,365,Fine particles (PM 2.5),Mean,mcg/m3,UHF42,203,Bedford Stuyvesant - Crown Heights,Annual Average 2013,2012-12-01,8.75,,2012,12,4,1
178592,365,Fine particles (PM 2.5),Mean,mcg/m3,UHF42,308,Greenwich Village - SoHo,Annual Average 2013,2012-12-01,10.81,,2012,12,4,1
166000,375,Nitrogen dioxide (NO2),Mean,ppb,CD,302,Fort Greene and Brooklyn Heights (CD2),Winter 2012-13,2012-12-01,28.67,,2012,12,4,1
176689,375,Nitrogen dioxide (NO2),Mean,ppb,UHF42,206,Borough Park,Annual Average 2013,2012-12-01,20.23,,2012,12,4,1
175431,375,Nitrogen dioxide (NO2),Mean,ppb,UHF42,208,Canarsie - Flatlands,Winter 2012-13,2012-12-01,22.63,,2012,12,4,1
174278,365,Fine particles (PM 2.5),Mean,mcg/m3,UHF34,105106107,South Bronx,Annual Average 2013,2012-12-01,9.7,,2012,12,4,1
170444,365,Fine particles (PM 2.5),Mean,mcg/m3,CD,403,Jackson Heights (CD3),Annual Average 2013,2012-12-01,8.43,,2012,12,4,1
167800,375,Nitrogen dioxide (NO2),Mean,ppb,CD,414,Rockaway and Broad Channel (CD14),Annual Average 2013,2012-12-01,12.54,,2012,12,4,1
176718,375,Nitrogen dioxide (NO2),Mean,ppb,UHF42,504,South Beach - Tottenville,Annual Average 2013,2012-12-01,11.51,,2012,12,4,1
170428,365,Fine particles (PM 2.5),Mean,mcg/m3,CD,305,East New York and Starrett City (CD5),Annual Average 2013,2012-12-01,8.65,,2012,12,4,1
171725,375,Nitrogen dioxide (NO2),Mean,ppb,UHF34,404406,Bayside Little Neck-Fresh Meadows,Winter 2012-13,2012-12-01,20.62,,2012,12,4,1
176712,375,Nitrogen dioxide (NO2),Mean,ppb,UHF42,408,Jamaica,Annual Average 2013,2012-12-01,18.96,,2012,12,4,1
168639,365,Fine particles (PM 2.5),Mean,mcg/m3,CD,110,Central Harlem (CD10),Winter 2012-13,2012-12-01,12.09,,2012,12,4,1
176691,375,Nitrogen dioxide (NO2),Mean,ppb,UHF42,208,Canarsie - Flatlands,Annual Average 2013,2012-12-01,16.65,,2012,12,4,1
178581,365,Fine particles (PM 2.5),Mean,mcg/m3,UHF42,208,Canarsie - Flatlands,Annual Average 2013,2012-12-01,8.18,,2012,12,4,1
170439,365,Fine particles (PM 2.5),Mean,mcg/m3,CD,316,Brownsville (CD16),Annual Average 2013,2012-12-01,8.82,,2012,12,4,1
171706,375,Nitrogen dioxide (NO2),Mean,ppb,UHF34,208,Canarsie - Flatlands,Winter 2012-13,2012-12-01,22.63,,2012,12,4,1
178605,365,Fine particles (PM 2.5),Mean,mcg/m3,UHF42,501,Port Richmond,Annual Average 2013,2012-12-01,8.27,,2012,12,4,1
166003,375,Nitrogen dioxide (NO2),Mean,ppb,CD,305,East New York and Starrett City (CD5),Winter 2012-13,2012-12-01,24.93,,2012,12,4,1
172731,375,Nitrogen dioxide (NO2),Mean,ppb,UHF34,302,Central Harlem - Morningside Heights,Annual Average 2013,2012-12-01,25.36,,2012,12,4,1
170407,365,Fine particles (PM 2.5),Mean,mcg/m3,CD,108,Upper East Side (CD8),Annual Average 2013,2012-12-01,11.13,,2012,12,4,1
174261,365,Fine particles (PM 2.5),Mean,mcg/m3,UHF34,302,Central Harlem - Morningside Heights,Annual Average 2013,2012-12-01,9.7,,2012,12,4,1
175418,375,Nitrogen dioxide (NO2),Mean,ppb,UHF42,102,Northeast Bronx,Winter 2012-13,2012-12-01,22.24,,2012,12,4,1
179663,365,Fine particles (PM 2.5),Mean,mcg/m3,Borough,1,Bronx,Annual Average 2013,2012-12-01,9.1,,2012,12,4,1
170434,365,Fine particles (PM 2.5),Mean,mcg/m3,CD,311,Bensonhurst (CD11),Annual Average 2013,2012-12-01,8.23,,2012,12,4,1
171720,375,Nitrogen dioxide (NO2),Mean,ppb,UHF34,409,Southeast Queens,Winter 2012-13,2012-12-01,20.46,,2012,12,4,1
176711,375,Nitrogen dioxide (NO2),Mean,ppb,UHF42,407,Southwest Queens,Annual Average 2013,2012-12-01,19.65,,2012,12,4,1
173236,365,Fine particles (PM 2.5),Mean,mcg/m3,UHF34,208,Canarsie - Flatlands,Winter 2012-13,2012-12-01,9.83,,2012,12,4,1
172732,375,Nitrogen dioxide (NO2),Mean,ppb,UHF34,303,East Harlem,Annual Average 2013,2012-12-01,24.75,,2012,12,4,1
170422,365,Fine particles (PM 2.5),Mean,mcg/m3,CD,211,Morris Park and Bronxdale (CD11),Annual Average 2013,2012-12-01,8.71,,2012,12,4,1
172737,375,Nitrogen dioxide (NO2),Mean,ppb,UHF34,405,Ridgewood - Forest Hills,Annual Average 2013,2012-12-01,20.3,,2012,12,4,1
171710,375,Nitrogen dioxide (NO2),Mean,ppb,UHF34,301,Washington Heights,Winter 2012-13,2012-12-01,27.68,,2012,12,4,1
168680,365,Fine particles (PM 2.5),Mean,mcg/m3,CD,409,Kew Gardens and Woodhaven (CD9),Winter 2012-13,2012-12-01,9.95,,2012,12,4,1
177338,365,Fine particles (PM 2.5),Mean,mcg/m3,UHF42,404,Bayside - Little Neck,Winter 2012-13,2012-12-01,9.4,,2012,12,4,1
168682,365,Fine particles (PM 2.5),Mean,mcg/m3,CD,411,Bayside and Little Neck (CD11),Winter 2012-13,2012-12-01,9.39,,2012,12,4,1
166014,375,Nitrogen dioxide (NO2),Mean,ppb,CD,316,Brownsville (CD16),Winter 2012-13,2012-12-01,26.37,,2012,12,4,1
167794,375,Nitrogen dioxide (NO2),Mean,ppb,CD,408,Hillcrest and Fresh Meadows (CD8),Annual Average 2013,2012-12-01,18.69,,2012,12,4,1
165985,375,Nitrogen dioxide (NO2),Mean,ppb,CD,111,East Harlem (CD11),Winter 2012-13,2012-12-01,29.2,,2012,12,4,1
173239,365,Fine particles (PM 2.5),Mean,mcg/m3,UHF34,211,Williamsburg - Bushwick,Winter 2012-13,2012-12-01,10.94,,2012,12,4,1
167751,375,Nitrogen dioxide (NO2),Mean,ppb,CD,107,Upper West Side (CD7),Annual Average 2013,2012-12-01,26.48,,2012,12,4,1
171712,375,Nitrogen dioxide (NO2),Mean,ppb,UHF34,303,East Harlem,Winter 2012-13,2012-12-01,29.27,,2012,12,4,1
173257,365,Fine particles (PM 2.5),Mean,mcg/m3,UHF34,503504,Southern SI,Winter 2012-13,2012-12-01,9.71,,2012,12,4,1
167762,375,Nitrogen dioxide (NO2),Mean,ppb,CD,206,Belmont and East Tremont (CD6),Annual Average 2013,2012-12-01,21.92,,2012,12,4,1
167760,375,Nitrogen dioxide (NO2),Mean,ppb,CD,204,Highbridge and Concourse (CD4),Annual Average 2013,2012-12-01,23.99,,2012,12,4,1
168688,365,Fine particles (PM 2.5),Mean,mcg/m3,CD,503,Tottenville and Great Kills (CD3),Winter 2012-13,2012-12-01,9.6,,2012,12,4,1
168656,365,Fine particles (PM 2.5),Mean,mcg/m3,CD,303,Bedford Stuyvesant (CD3),Winter 2012-13,2012-12-01,10.41,,2012,12,4,1
175439,375,Nitrogen dioxide (NO2),Mean,ppb,UHF42,305,Upper East Side,Winter 2012-13,2012-12-01,31.8,,2012,12,4,1
177345,365,Fine particles (PM 2.5),Mean,mcg/m3,UHF42,501,Port Richmond,Winter 2012-13,2012-12-01,10.06,,2012,12,4,1
168670,365,Fine particles (PM 2.5),Mean,mcg/m3,CD,317,East Flatbush (CD17),Winter 2012-13,2012-12-01,10.32,,2012,12,4,1
177348,365,Fine particles (PM 2.5),Mean,mcg/m3,UHF42,504,South Beach - Tottenville,Winter 2012-13,2012-12-01,9.57,,2012,12,4,1
167749,375,Nitrogen dioxide (NO2),Mean,ppb,CD,105,Midtown (CD5),Annual Average 2013,2012-12-01,38.71,,2012,12,4,1
173230,365,Fine particles (PM 2.5),Mean,mcg/m3,UHF34,202,Downtown - Heights - Slope,Winter 2012-13,2012-12-01,11.11,,2012,12,4,1
175417,375,Nitrogen dioxide (NO2),Mean,ppb,UHF42,101,Kingsbridge - Riverdale,Winter 2012-13,2012-12-01,23.12,,2012,12,4,1
175424,375,Nitrogen dioxide (NO2),Mean,ppb,UHF42,201,Greenpoint,Winter 2012-13,2012-12-01,27.66,,2012,12,4,1
177311,365,Fine particles (PM 2.5),Mean,mcg/m3,UHF42,105,Crotona -Tremont,Winter 2012-13,2012-12-01,12.08,,2012,12,4,1
171699,375,Nitrogen dioxide (NO2),Mean,ppb,UHF34,201,Greenpoint,Winter 2012-13,2012-12-01,27.66,,2012,12,4,1
171696,375,Nitrogen dioxide (NO2),Mean,ppb,UHF34,102,Northeast Bronx,Winter 2012-13,2012-12-01,22.24,,2012,12,4,1
170446,365,Fine particles (PM 2.5),Mean,mcg/m3,CD,405,Ridgewood and Maspeth (CD5),Annual Average 2013,2012-12-01,8.76,,2012,12,4,1
176697,375,Nitrogen dioxide (NO2),Mean,ppb,UHF42,303,East Harlem,Annual Average 2013,2012-12-01,24.75,,2012,12,4,1
168686,365,Fine particles (PM 2.5),Mean,mcg/m3,CD,501,St. George and Stapleton (CD1),Winter 2012-13,2012-12-01,9.85,,2012,12,4,1
173254,365,Fine particles (PM 2.5),Mean,mcg/m3,UHF34,309310,Union Square-Lower Manhattan,Winter 2012-13,2012-12-01,12.13,,2012,12,4,1
175432,375,Nitrogen dioxide (NO2),Mean,ppb,UHF42,209,Bensonhurst - Bay Ridge,Winter 2012-13,2012-12-01,24.26,,2012,12,4,1
175437,375,Nitrogen dioxide (NO2),Mean,ppb,UHF42,303,East Harlem,Winter 2012-13,2012-12-01,29.27,,2012,12,4,1
173255,365,Fine particles (PM 2.5),Mean,mcg/m3,UHF34,404406,Bayside Little Neck-Fresh Meadows,Winter 2012-13,2012-12-01,9.51,,2012,12,4,1
176686,375,Nitrogen dioxide (NO2),Mean,ppb,UHF42,203,Bedford Stuyvesant - Crown Heights,Annual Average 2013,2012-12-01,22.28,,2012,12,4,1
179515,365,Fine particles (PM 2.5),Mean,mcg/m3,Borough,3,Manhattan,Winter 2012-13,2012-12-01,12.83,,2012,12,4,1
167752,375,Nitrogen dioxide (NO2),Mean,ppb,CD,108,Upper East Side (CD8),Annual Average 2013,2012-12-01,28.73,,2012,12,4,1
177321,365,Fine particles (PM 2.5),Mean,mcg/m3,UHF42,208,Canarsie - Flatlands,Winter 2012-13,2012-12-01,9.83,,2012,12,4,1
176677,375,Nitrogen dioxide (NO2),Mean,ppb,UHF42,101,Kingsbridge - Riverdale,Annual Average 2013,2012-12-01,18.23,,2012,12,4,1
178589,365,Fine particles (PM 2.5),Mean,mcg/m3,UHF42,305,Upper East Side,Annual Average 2013,2012-12-01,11.1,,2012,12,4,1
179440,375,Nitrogen dioxide (NO2),Mean,ppb,Borough,3,Manhattan,Annual Average 2013,2012-12-01,28.02,,2012,12,4,1
178585,365,Fine particles (PM 2.5),Mean,mcg/m3,UHF42,301,Washington Heights,Annual Average 2013,2012-12-01,9.48,,2012,12,4,1
167801,375,Nitrogen dioxide (NO2),Mean,ppb,CD,501,St. George and Stapleton (CD1),Annual Average 2013,2012-12-01,17.64,,2012,12,4,1
167755,375,Nitrogen dioxide (NO2),Mean,ppb,CD,111,East Harlem (CD11),Annual Average 2013,2012-12-01,24.66,,2012,12,4,1
167750,375,Nitrogen dioxide (NO2),Mean,ppb,CD,106,Stuyvesant Town and Turtle Bay (CD6),Annual Average 2013,2012-12-01,33.37,,2012,12,4,1
170413,365,Fine particles (PM 2.5),Mean,mcg/m3,CD,202,Hunts Point and Longwood (CD2),Annual Average 2013,2012-12-01,9.76,,2012,12,4,1
166001,375,Nitrogen dioxide (NO2),Mean,ppb,CD,303,Bedford Stuyvesant (CD3),Winter 2012-13,2012-12-01,27.47,,2012,12,4,1
176695,375,Nitrogen dioxide (NO2),Mean,ppb,UHF42,301,Washington Heights,Annual Average 2013,2012-12-01,22.79,,2012,12,4,1
168648,365,Fine particles (PM 2.5),Mean,mcg/m3,CD,207,Kingsbridge Heights and Bedford (CD7),Winter 2012-13,2012-12-01,11.71,,2012,12,4,1
178599,365,Fine particles (PM 2.5),Mean,mcg/m3,UHF42,405,Ridgewood - Forest Hills,Annual Average 2013,2012-12-01,8.51,,2012,12,4,1
167772,375,Nitrogen dioxide (NO2),Mean,ppb,CD,304,Bushwick (CD4),Annual Average 2013,2012-12-01,21.69,,2012,12,4,1
165977,375,Nitrogen dioxide (NO2),Mean,ppb,CD,103,Lower East Side and Chinatown (CD3),Winter 2012-13,2012-12-01,30.54,,2012,12,4,1
175448,375,Nitrogen dioxide (NO2),Mean,ppb,UHF42,404,Bayside - Little Neck,Winter 2012-13,2012-12-01,19.33,,2012,12,4,1
178579,365,Fine particles (PM 2.5),Mean,mcg/m3,UHF42,206,Borough Park,Annual Average 2013,2012-12-01,8.49,,2012,12,4,1
168655,365,Fine particles (PM 2.5),Mean,mcg/m3,CD,302,Fort Greene and Brooklyn Heights (CD2),Winter 2012-13,2012-12-01,11.15,,2012,12,4,1
167775,375,Nitrogen dioxide (NO2),Mean,ppb,CD,307,Sunset Park (CD7),Annual Average 2013,2012-12-01,20.74,,2012,12,4,1
174251,365,Fine particles (PM 2.5),Mean,mcg/m3,UHF34,203,Bedford Stuyvesant - Crown Heights,Annual Average 2013,2012-12-01,8.75,,2012,12,4,1
179516,365,Fine particles (PM 2.5),Mean,mcg/m3,Borough,4,Queens,Winter 2012-13,2012-12-01,9.9,,2012,12,4,1
178582,365,Fine particles (PM 2.5),Mean,mcg/m3,UHF42,209,Bensonhurst - Bay Ridge,Annual Average 2013,2012-12-01,8.24,,2012,12,4,1
170430,365,Fine particles (PM 2.5),Mean,mcg/m3,CD,307,Sunset Park (CD7),Annual Average 2013,2012-12-01,9.18,,2012,12,4,1
172733,375,Nitrogen dioxide (NO2),Mean,ppb,UHF34,304,Upper West Side,Annual Average 2013,2012-12-01,26.5,,2012,12,4,1
172718,375,Nitrogen dioxide (NO2),Mean,ppb,UHF34,104,Pelham - Throgs Neck,Annual Average 2013,2012-12-01,18.58,,2012,12,4,1
168668,365,Fine particles (PM 2.5),Mean,mcg/m3,CD,315,Sheepshead Bay (CD15),Winter 2012-13,2012-12-01,9.78,,2012,12,4,1
172738,375,Nitrogen dioxide (NO2),Mean,ppb,UHF34,407,Southwest Queens,Annual Average 2013,2012-12-01,19.65,,2012,12,4,1
170405,365,Fine particles (PM 2.5),Mean,mcg/m3,CD,106,Stuyvesant Town and Turtle Bay (CD6),Annual Average 2013,2012-12-01,12.25,,2012,12,4,1
166002,375,Nitrogen dioxide (NO2),Mean,ppb,CD,304,Bushwick (CD4),Winter 2012-13,2012-12-01,26.43,,2012,12,4,1
166007,375,Nitrogen dioxide (NO2),Mean,ppb,CD,309,South Crown Heights and Lefferts Gardens (CD9),Winter 2012-13,2012-12-01,27.05,,2012,12,4,1
173242,365,Fine particles (PM 2.5),Mean,mcg/m3,UHF34,303,East Harlem,Winter 2012-13,2012-12-01,11.98,,2012,12,4,1
170445,365,Fine particles (PM 2.5),Mean,mcg/m3,CD,404,Elmhurst and Corona (CD4),Annual Average 2013,2012-12-01,8.86,,2012,12,4,1
167770,375,Nitrogen dioxide (NO2),Mean,ppb,CD,302,Fort Greene and Brooklyn Heights (CD2),Annual Average 2013,2012-12-01,24.17,,2012,12,4,1
173247,365,Fine particles (PM 2.5),Mean,mcg/m3,UHF34,405,Ridgewood - Forest Hills,Winter 2012-13,2012-12-01,10.07,,2012,12,4,1
173232,365,Fine particles (PM 2.5),Mean,mcg/m3,UHF34,204,East New York,Winter 2012-13,2012-12-01,10.29,,2012,12,4,1
175445,375,Nitrogen dioxide (NO2),Mean,ppb,UHF42,401,Long Island City - Astoria,Winter 2012-13,2012-12-01,26.98,,2012,12,4,1
177332,365,Fine particles (PM 2.5),Mean,mcg/m3,UHF42,308,Greenwich Village - SoHo,Winter 2012-13,2012-12-01,12.57,,2012,12,4,1
167777,375,Nitrogen dioxide (NO2),Mean,ppb,CD,309,South Crown Heights and Lefferts Gardens (CD9),Annual Average 2013,2012-12-01,22.12,,2012,12,4,1
167779,375,Nitrogen dioxide (NO2),Mean,ppb,CD,311,Bensonhurst (CD11),Annual Average 2013,2012-12-01,18.96,,2012,12,4,1
167778,375,Nitrogen dioxide (NO2),Mean,ppb,CD,310,Bay Ridge and Dyker Heights (CD10),Annual Average 2013,2012-12-01,19.48,,2012,12,4,1
167767,375,Nitrogen dioxide (NO2),Mean,ppb,CD,211,Morris Park and Bronxdale (CD11),Annual Average 2013,2012-12-01,18.97,,2012,12,4,1
176698,375,Nitrogen dioxide (NO2),Mean,ppb,UHF42,304,Upper West Side,Annual Average 2013,2012-12-01,26.5,,2012,12,4,1
167797,375,Nitrogen dioxide (NO2),Mean,ppb,CD,411,Bayside and Little Neck (CD11),Annual Average 2013,2012-12-01,16.82,,2012,12,4,1
171727,375,Nitrogen dioxide (NO2),Mean,ppb,UHF34,503504,Southern SI,Winter 2012-13,2012-12-01,17.97,,2012,12,4,1
173238,365,Fine particles (PM 2.5),Mean,mcg/m3,UHF34,210,Coney Island - Sheepshead Bay,Winter 2012-13,2012-12-01,9.75,,2012,12,4,1
167782,375,Nitrogen dioxide (NO2),Mean,ppb,CD,314,Flatbush and Midwood (CD14),Annual Average 2013,2012-12-01,19.85,,2012,12,4,1
173235,365,Fine particles (PM 2.5),Mean,mcg/m3,UHF34,207,East Flatbush - Flatbush,Winter 2012-13,2012-12-01,10.24,,2012,12,4,1
174271,365,Fine particles (PM 2.5),Mean,mcg/m3,UHF34,410,Rockaways,Annual Average 2013,2012-12-01,7.61,,2012,12,4,1
167793,375,Nitrogen dioxide (NO2),Mean,ppb,CD,407,Flushing and Whitestone (CD7),Annual Average 2013,2012-12-01,18.71,,2012,12,4,1
170432,365,Fine particles (PM 2.5),Mean,mcg/m3,CD,309,South Crown Heights and Lefferts Gardens (CD9),Annual Average 2013,2012-12-01,8.64,,2012,12,4,1
177328,365,Fine particles (PM 2.5),Mean,mcg/m3,UHF42,304,Upper West Side,Winter 2012-13,2012-12-01,12.6,,2012,12,4,1
172740,375,Nitrogen dioxide (NO2),Mean,ppb,UHF34,409,Southeast Queens,Annual Average 2013,2012-12-01,16.8,,2012,12,4,1
171718,375,Nitrogen dioxide (NO2),Mean,ppb,UHF34,407,Southwest Queens,Winter 2012-13,2012-12-01,24.45,,2012,12,4,1
172723,375,Nitrogen dioxide (NO2),Mean,ppb,UHF34,205,Sunset Park,Annual Average 2013,2012-12-01,20.59,,2012,12,4,1
167802,375,Nitrogen dioxide (NO2),Mean,ppb,CD,502,South Beach and Willowbrook (CD2),Annual Average 2013,2012-12-01,13.77,,2012,12,4,1
177324,365,Fine particles (PM 2.5),Mean,mcg/m3,UHF42,211,Williamsburg - Bushwick,Winter 2012-13,2012-12-01,12.17,,2012,12,4,1
166017,375,Nitrogen dioxide (NO2),Mean,ppb,CD,401,Long Island City and Astoria (CD1),Winter 2012-13,2012-12-01,26.0,,2012,12,4,1
178584,365,Fine particles (PM 2.5),Mean,mcg/m3,UHF42,211,Williamsburg - Bushwick,Annual Average 2013,2012-12-01,9.36,,2012,12,4,1
170408,365,Fine particles (PM 2.5),Mean,mcg/m3,CD,109,Morningside Heights and Hamilton Heights (CD9),Annual Average 2013,2012-12-01,9.75,,2012,12,4,1
179290,375,Nitrogen dioxide (NO2),Mean,ppb,Borough,3,Manhattan,Winter 2012-13,2012-12-01,31.61,,2012,12,4,1
172745,375,Nitrogen dioxide (NO2),Mean,ppb,UHF34,404406,Bayside Little Neck-Fresh Meadows,Annual Average 2013,2012-12-01,17.46,,2012,12,4,1
172719,375,Nitrogen dioxide (NO2),Mean,ppb,UHF34,201,Greenpoint,Annual Average 2013,2012-12-01,22.85,,2012,12,4,1
178603,365,Fine particles (PM 2.5),Mean,mcg/m3,UHF42,409,Southeast Queens,Annual Average 2013,2012-12-01,7.85,,2012,12,4,1
166022,375,Nitrogen dioxide (NO2),Mean,ppb,CD,406,Rego Park and Forest Hills (CD6),Winter 2012-13,2012-12-01,25.0,,2012,12,4,1
166024,375,Nitrogen dioxide (NO2),Mean,ppb,CD,408,Hillcrest and Fresh Meadows (CD8),Winter 2012-13,2012-12-01,22.24,,2012,12,4,1
165979,375,Nitrogen dioxide (NO2),Mean,ppb,CD,105,Midtown (CD5),Winter 2012-13,2012-12-01,39.15,,2012,12,4,1
167763,375,Nitrogen dioxide (NO2),Mean,ppb,CD,207,Kingsbridge Heights and Bedford (CD7),Annual Average 2013,2012-12-01,21.49,,2012,12,4,1
166009,375,Nitrogen dioxide (NO2),Mean,ppb,CD,311,Bensonhurst (CD11),Winter 2012-13,2012-12-01,24.7,,2012,12,4,1
170456,365,Fine particles (PM 2.5),Mean,mcg/m3,CD,501,St. George and Stapleton (CD1),Annual Average 2013,2012-12-01,8.11,,2012,12,4,1
168658,365,Fine particles (PM 2.5),Mean,mcg/m3,CD,305,East New York and Starrett City (CD5),Winter 2012-13,2012-12-01,10.26,,2012,12,4,1
177333,365,Fine particles (PM 2.5),Mean,mcg/m3,UHF42,309,Union Square - Lower East Side,Winter 2012-13,2012-12-01,11.85,,2012,12,4,1
176696,375,Nitrogen dioxide (NO2),Mean,ppb,UHF42,302,Central Harlem - Morningside Heights,Annual Average 2013,2012-12-01,25.36,,2012,12,4,1
172717,375,Nitrogen dioxide (NO2),Mean,ppb,UHF34,103,Fordham - Bronx Pk,Annual Average 2013,2012-12-01,19.89,,2012,12,4,1
177313,365,Fine particles (PM 2.5),Mean,mcg/m3,UHF42,107,Hunts Point - Mott Haven,Winter 2012-13,2012-12-01,9.82,,2012,12,4,1
176710,375,Nitrogen dioxide (NO2),Mean,ppb,UHF42,406,Fresh Meadows,Annual Average 2013,2012-12-01,19.03,,2012,12,4,1
170457,365,Fine particles (PM 2.5),Mean,mcg/m3,CD,502,South Beach and Willowbrook (CD2),Annual Average 2013,2012-12-01,8.05,,2012,12,4,1
172721,375,Nitrogen dioxide (NO2),Mean,ppb,UHF34,203,Bedford Stuyvesant - Crown Heights,Annual Average 2013,2012-12-01,22.28,,2012,12,4,1
165991,375,Nitrogen dioxide (NO2),Mean,ppb,CD,205,Fordham and University Heights (CD5),Winter 2012-13,2012-12-01,28.41,,2012,12,4,1
166028,375,Nitrogen dioxide (NO2),Mean,ppb,CD,412,Jamaica and Hollis (CD12),Winter 2012-13,2012-12-01,23.12,,2012,12,4,1
177314,365,Fine particles (PM 2.5),Mean,mcg/m3,UHF42,201,Greenpoint,Winter 2012-13,2012-12-01,11.63,,2012,12,4,1
167746,375,Nitrogen dioxide (NO2),Mean,ppb,CD,102,Greenwich Village and Soho (CD2),Annual Average 2013,2012-12-01,29.27,,2012,12,4,1
172743,375,Nitrogen dioxide (NO2),Mean,ppb,UHF34,306308,Chelsea-Village,Annual Average 2013,2012-12-01,31.96,,2012,12,4,1
170423,365,Fine particles (PM 2.5),Mean,mcg/m3,CD,212,Williamsbridge and Baychester (CD12),Annual Average 2013,2012-12-01,8.66,,2012,12,4,1
178577,365,Fine particles (PM 2.5),Mean,mcg/m3,UHF42,204,East New York,Annual Average 2013,2012-12-01,8.69,,2012,12,4,1
165997,375,Nitrogen dioxide (NO2),Mean,ppb,CD,211,Morris Park and Bronxdale (CD11),Winter 2012-13,2012-12-01,22.89,,2012,12,4,1
166027,375,Nitrogen dioxide (NO2),Mean,ppb,CD,411,Bayside and Little Neck (CD11),Winter 2012-13,2012-12-01,19.78,,2012,12,4,1
179107,375,Nitrogen dioxide (NO2),Mean,ppb,Citywide,1,New York City,Winter 2012-13,2012-12-01,23.47,,2012,12,4,1
174253,365,Fine particles (PM 2.5),Mean,mcg/m3,UHF34,205,Sunset Park,Annual Average 2013,2012-12-01,9.12,,2012,12,4,1
167756,375,Nitrogen dioxide (NO2),Mean,ppb,CD,112,Washington Heights and Inwood (CD12),Annual Average 2013,2012-12-01,22.25,,2012,12,4,1
170452,365,Fine particles (PM 2.5),Mean,mcg/m3,CD,411,Bayside and Little Neck (CD11),Annual Average 2013,2012-12-01,8.06,,2012,12,4,1
173226,365,Fine particles (PM 2.5),Mean,mcg/m3,UHF34,102,Northeast Bronx,Winter 2012-13,2012-12-01,10.59,,2012,12,4,1
170410,365,Fine particles (PM 2.5),Mean,mcg/m3,CD,111,East Harlem (CD11),Annual Average 2013,2012-12-01,9.71,,2012,12,4,1
170450,365,Fine particles (PM 2.5),Mean,mcg/m3,CD,409,Kew Gardens and Woodhaven (CD9),Annual Average 2013,2012-12-01,8.38,,2012,12,4,1
169514,365,Fine particles (PM 2.5),Mean,mcg/m3,CD,503,Tottenville and Great Kills (CD3),Summer 2012,2012-06-01,9.8,,2012,6,2,1
173704,365,Fine particles (PM 2.5),Mean,mcg/m3,UHF34,104,Pelham - Throgs Neck,Summer 2012,2012-06-01,10.29,,2012,6,2,1
176043,375,Nitrogen dioxide (NO2),Mean,ppb,UHF42,501,Port Richmond,Summer 2012,2012-06-01,15.45,,2012,6,2,1
221870,386,Ozone (O3),Mean,ppb,UHF34,210,Coney Island - Sheepshead Bay,Summer 2012,2012-06-01,37.08,,2012,6,2,1
172200,375,Nitrogen dioxide (NO2),Mean,ppb,UHF34,309310,Union Square-Lower Manhattan,Summer 2012,2012-06-01,26.55,,2012,6,2,1
169467,365,Fine particles (PM 2.5),Mean,mcg/m3,CD,112,Washington Heights and Inwood (CD12),Summer 2012,2012-06-01,10.61,,2012,6,2,1
222566,386,Ozone (O3),Mean,ppb,UHF42,310,Lower Manhattan,Summer 2012,2012-06-01,26.44,,2012,6,2,1
222494,386,Ozone (O3),Mean,ppb,UHF42,209,Bensonhurst - Bay Ridge,Summer 2012,2012-06-01,34.28,,2012,6,2,1
173705,365,Fine particles (PM 2.5),Mean,mcg/m3,UHF34,201,Greenpoint,Summer 2012,2012-06-01,11.69,,2012,6,2,1
222626,386,Ozone (O3),Mean,ppb,UHF42,410,Rockaways,Summer 2012,2012-06-01,40.3,,2012,6,2,1
177935,365,Fine particles (PM 2.5),Mean,mcg/m3,UHF42,503,Willowbrook,Summer 2012,2012-06-01,10.12,,2012,6,2,1
173733,365,Fine particles (PM 2.5),Mean,mcg/m3,UHF34,503504,Southern SI,Summer 2012,2012-06-01,9.9,,2012,6,2,1
221840,386,Ozone (O3),Mean,ppb,UHF34,205,Sunset Park,Summer 2012,2012-06-01,32.29,,2012,6,2,1
173709,365,Fine particles (PM 2.5),Mean,mcg/m3,UHF34,205,Sunset Park,Summer 2012,2012-06-01,10.87,,2012,6,2,1
172203,375,Nitrogen dioxide (NO2),Mean,ppb,UHF34,503504,Southern SI,Summer 2012,2012-06-01,9.49,,2012,6,2,1
177924,365,Fine particles (PM 2.5),Mean,mcg/m3,UHF42,402,West Queens,Summer 2012,2012-06-01,10.77,,2012,6,2,1
222422,386,Ozone (O3),Mean,ppb,UHF42,104,Pelham - Throgs Neck,Summer 2012,2012-06-01,35.44,,2012,6,2,1
219992,386,Ozone (O3),Mean,ppb,Borough,5,Staten Island,Summer 2012,2012-06-01,33.77,,2012,6,2,1
176022,375,Nitrogen dioxide (NO2),Mean,ppb,UHF42,211,Williamsburg - Bushwick,Summer 2012,2012-06-01,19.53,,2012,6,2,1
169493,365,Fine particles (PM 2.5),Mean,mcg/m3,CD,314,Flatbush and Midwood (CD14),Summer 2012,2012-06-01,10.22,,2012,6,2,1
173728,365,Fine particles (PM 2.5),Mean,mcg/m3,UHF34,305307,Upper East Side-Gramercy,Summer 2012,2012-06-01,13.01,,2012,6,2,1
173729,365,Fine particles (PM 2.5),Mean,mcg/m3,UHF34,306308,Chelsea-Village,Summer 2012,2012-06-01,12.92,,2012,6,2,1
173706,365,Fine particles (PM 2.5),Mean,mcg/m3,UHF34,202,Downtown - Heights - Slope,Summer 2012,2012-06-01,11.12,,2012,6,2,1
173717,365,Fine particles (PM 2.5),Mean,mcg/m3,UHF34,302,Central Harlem - Morningside Heights,Summer 2012,2012-06-01,10.85,,2012,6,2,1
172198,375,Nitrogen dioxide (NO2),Mean,ppb,UHF34,305307,Upper East Side-Gramercy,Summer 2012,2012-06-01,31.46,,2012,6,2,1
169459,365,Fine particles (PM 2.5),Mean,mcg/m3,CD,104,Clinton and Chelsea (CD4),Summer 2012,2012-06-01,12.53,,2012,6,2,1
173707,365,Fine particles (PM 2.5),Mean,mcg/m3,UHF34,203,Bedford Stuyvesant - Crown Heights,Summer 2012,2012-06-01,10.41,,2012,6,2,1
166807,375,Nitrogen dioxide (NO2),Mean,ppb,CD,107,Upper West Side (CD7),Summer 2012,2012-06-01,23.57,,2012,6,2,1
169479,365,Fine particles (PM 2.5),Mean,mcg/m3,CD,212,Williamsbridge and Baychester (CD12),Summer 2012,2012-06-01,10.12,,2012,6,2,1
173718,365,Fine particles (PM 2.5),Mean,mcg/m3,UHF34,303,East Harlem,Summer 2012,2012-06-01,11.01,,2012,6,2,1
173721,365,Fine particles (PM 2.5),Mean,mcg/m3,UHF34,402,West Queens,Summer 2012,2012-06-01,10.77,,2012,6,2,1
169474,365,Fine particles (PM 2.5),Mean,mcg/m3,CD,207,Kingsbridge Heights and Bedford (CD7),Summer 2012,2012-06-01,10.62,,2012,6,2,1
177915,365,Fine particles (PM 2.5),Mean,mcg/m3,UHF42,303,East Harlem,Summer 2012,2012-06-01,10.63,,2012,6,2,1
222554,386,Ozone (O3),Mean,ppb,UHF42,308,Greenwich Village - SoHo,Summer 2012,2012-06-01,27.85,,2012,6,2,1
176005,375,Nitrogen dioxide (NO2),Mean,ppb,UHF42,101,Kingsbridge - Riverdale,Summer 2012,2012-06-01,14.76,,2012,6,2,1
166829,375,Nitrogen dioxide (NO2),Mean,ppb,CD,305,East New York and Starrett City (CD5),Summer 2012,2012-06-01,16.12,,2012,6,2,1
172199,375,Nitrogen dioxide (NO2),Mean,ppb,UHF34,306308,Chelsea-Village,Summer 2012,2012-06-01,31.0,,2012,6,2,1
169506,365,Fine particles (PM 2.5),Mean,mcg/m3,CD,409,Kew Gardens and Woodhaven (CD9),Summer 2012,2012-06-01,10.08,,2012,6,2,1
172174,375,Nitrogen dioxide (NO2),Mean,ppb,UHF34,104,Pelham - Throgs Neck,Summer 2012,2012-06-01,16.09,,2012,6,2,1
169508,365,Fine particles (PM 2.5),Mean,mcg/m3,CD,411,Bayside and Little Neck (CD11),Summer 2012,2012-06-01,9.81,,2012,6,2,1
221804,386,Ozone (O3),Mean,ppb,UHF34,103,Fordham - Bronx Pk,Summer 2012,2012-06-01,34.08,,2012,6,2,1
169462,365,Fine particles (PM 2.5),Mean,mcg/m3,CD,107,Upper West Side (CD7),Summer 2012,2012-06-01,11.44,,2012,6,2,1
169464,365,Fine particles (PM 2.5),Mean,mcg/m3,CD,109,Morningside Heights and Hamilton Heights (CD9),Summer 2012,2012-06-01,10.89,,2012,6,2,1
222620,386,Ozone (O3),Mean,ppb,UHF42,409,Southeast Queens,Summer 2012,2012-06-01,34.81,,2012,6,2,1
169484,365,Fine particles (PM 2.5),Mean,mcg/m3,CD,305,East New York and Starrett City (CD5),Summer 2012,2012-06-01,10.38,,2012,6,2,1
172185,375,Nitrogen dioxide (NO2),Mean,ppb,UHF34,211,Williamsburg - Bushwick,Summer 2012,2012-06-01,19.53,,2012,6,2,1
172183,375,Nitrogen dioxide (NO2),Mean,ppb,UHF34,209,Bensonhurst - Bay Ridge,Summer 2012,2012-06-01,14.96,,2012,6,2,1
169488,365,Fine particles (PM 2.5),Mean,mcg/m3,CD,309,South Crown Heights and Lefferts Gardens (CD9),Summer 2012,2012-06-01,10.28,,2012,6,2,1
169478,365,Fine particles (PM 2.5),Mean,mcg/m3,CD,211,Morris Park and Bronxdale (CD11),Summer 2012,2012-06-01,10.17,,2012,6,2,1
172172,375,Nitrogen dioxide (NO2),Mean,ppb,UHF34,102,Northeast Bronx,Summer 2012,2012-06-01,16.25,,2012,6,2,1
221924,386,Ozone (O3),Mean,ppb,UHF34,405,Ridgewood - Forest Hills,Summer 2012,2012-06-01,33.3,,2012,6,2,1
221888,386,Ozone (O3),Mean,ppb,UHF34,302,Central Harlem - Morningside Heights,Summer 2012,2012-06-01,31.71,,2012,6,2,1
172204,375,Nitrogen dioxide (NO2),Mean,ppb,UHF34,105106107,South Bronx,Summer 2012,2012-06-01,18.99,,2012,6,2,1
222452,386,Ozone (O3),Mean,ppb,UHF42,202,Downtown - Heights - Slope,Summer 2012,2012-06-01,30.66,,2012,6,2,1
166823,375,Nitrogen dioxide (NO2),Mean,ppb,CD,211,Morris Park and Bronxdale (CD11),Summer 2012,2012-06-01,16.52,,2012,6,2,1
166835,375,Nitrogen dioxide (NO2),Mean,ppb,CD,311,Bensonhurst (CD11),Summer 2012,2012-06-01,15.26,,2012,6,2,1
177927,365,Fine particles (PM 2.5),Mean,mcg/m3,UHF42,405,Ridgewood - Forest Hills,Summer 2012,2012-06-01,10.2,,2012,6,2,1
166833,375,Nitrogen dioxide (NO2),Mean,ppb,CD,309,South Crown Heights and Lefferts Gardens (CD9),Summer 2012,2012-06-01,18.77,,2012,6,2,1
166856,375,Nitrogen dioxide (NO2),Mean,ppb,CD,414,Rockaway and Broad Channel (CD14),Summer 2012,2012-06-01,8.11,,2012,6,2,1
176018,375,Nitrogen dioxide (NO2),Mean,ppb,UHF42,207,East Flatbush - Flatbush,Summer 2012,2012-06-01,16.92,,2012,6,2,1
166803,375,Nitrogen dioxide (NO2),Mean,ppb,CD,103,Lower East Side and Chinatown (CD3),Summer 2012,2012-06-01,24.26,,2012,6,2,1
172195,375,Nitrogen dioxide (NO2),Mean,ppb,UHF34,408,Jamaica,Summer 2012,2012-06-01,16.21,,2012,6,2,1
169477,365,Fine particles (PM 2.5),Mean,mcg/m3,CD,210,Throgs Neck and Co-op City (CD10),Summer 2012,2012-06-01,10.27,,2012,6,2,1
169465,365,Fine particles (PM 2.5),Mean,mcg/m3,CD,110,Central Harlem (CD10),Summer 2012,2012-06-01,10.8,,2012,6,2,1
173703,365,Fine particles (PM 2.5),Mean,mcg/m3,UHF34,103,Fordham - Bronx Pk,Summer 2012,2012-06-01,10.35,,2012,6,2,1
176006,375,Nitrogen dioxide (NO2),Mean,ppb,UHF42,102,Northeast Bronx,Summer 2012,2012-06-01,16.25,,2012,6,2,1
177901,365,Fine particles (PM 2.5),Mean,mcg/m3,UHF42,107,Hunts Point - Mott Haven,Summer 2012,2012-06-01,9.49,,2012,6,2,1
169469,365,Fine particles (PM 2.5),Mean,mcg/m3,CD,202,Hunts Point and Longwood (CD2),Summer 2012,2012-06-01,11.22,,2012,6,2,1
216347,386,Ozone (O3),Mean,ppb,CD,112,Washington Heights and Inwood (CD12),Summer 2012,2012-06-01,32.81,,2012,6,2,1
179362,375,Nitrogen dioxide (NO2),Mean,ppb,Borough,5,Staten Island,Summer 2012,2012-06-01,10.64,,2012,6,2,1
216407,386,Ozone (O3),Mean,ppb,CD,210,Throgs Neck and Co-op City (CD10),Summer 2012,2012-06-01,35.97,,2012,6,2,1
166811,375,Nitrogen dioxide (NO2),Mean,ppb,CD,111,East Harlem (CD11),Summer 2012,2012-06-01,21.13,,2012,6,2,1
177926,365,Fine particles (PM 2.5),Mean,mcg/m3,UHF42,404,Bayside - Little Neck,Summer 2012,2012-06-01,9.84,,2012,6,2,1
216281,386,Ozone (O3),Mean,ppb,CD,101,Financial District (CD1),Summer 2012,2012-06-01,26.63,,2012,6,2,1
176021,375,Nitrogen dioxide (NO2),Mean,ppb,UHF42,210,Coney Island - Sheepshead Bay,Summer 2012,2012-06-01,12.25,,2012,6,2,1
216431,386,Ozone (O3),Mean,ppb,CD,302,Fort Greene and Brooklyn Heights (CD2),Summer 2012,2012-06-01,30.22,,2012,6,2,1
216305,386,Ozone (O3),Mean,ppb,CD,105,Midtown (CD5),Summer 2012,2012-06-01,22.53,,2012,6,2,1
222548,386,Ozone (O3),Mean,ppb,UHF42,307,Gramercy Park - Murray Hill,Summer 2012,2012-06-01,24.05,,2012,6,2,1
179360,375,Nitrogen dioxide (NO2),Mean,ppb,Borough,3,Manhattan,Summer 2012,2012-06-01,25.83,,2012,6,2,1
176010,375,Nitrogen dioxide (NO2),Mean,ppb,UHF42,106,High Bridge - Morrisania,Summer 2012,2012-06-01,20.12,,2012,6,2,1
176042,375,Nitrogen dioxide (NO2),Mean,ppb,UHF42,410,Rockaways,Summer 2012,2012-06-01,8.25,,2012,6,2,1
222572,386,Ozone (O3),Mean,ppb,UHF42,401,Long Island City - Astoria,Summer 2012,2012-06-01,33.91,,2012,6,2,1
169490,365,Fine particles (PM 2.5),Mean,mcg/m3,CD,311,Bensonhurst (CD11),Summer 2012,2012-06-01,9.99,,2012,6,2,1
222602,386,Ozone (O3),Mean,ppb,UHF42,406,Fresh Meadows,Summer 2012,2012-06-01,33.38,,2012,6,2,1
222608,386,Ozone (O3),Mean,ppb,UHF42,407,Southwest Queens,Summer 2012,2012-06-01,34.15,,2012,6,2,1
216293,386,Ozone (O3),Mean,ppb,CD,103,Lower East Side and Chinatown (CD3),Summer 2012,2012-06-01,28.81,,2012,6,2,1
221948,386,Ozone (O3),Mean,ppb,UHF34,410,Rockaways,Summer 2012,2012-06-01,40.3,,2012,6,2,1
177936,365,Fine particles (PM 2.5),Mean,mcg/m3,UHF42,504,South Beach - Tottenville,Summer 2012,2012-06-01,9.78,,2012,6,2,1
169476,365,Fine particles (PM 2.5),Mean,mcg/m3,CD,209,Parkchester and Soundview (CD9),Summer 2012,2012-06-01,10.42,,2012,6,2,1
176011,375,Nitrogen dioxide (NO2),Mean,ppb,UHF42,107,Hunts Point - Mott Haven,Summer 2012,2012-06-01,17.94,,2012,6,2,1
166828,375,Nitrogen dioxide (NO2),Mean,ppb,CD,304,Bushwick (CD4),Summer 2012,2012-06-01,18.39,,2012,6,2,1
166859,375,Nitrogen dioxide (NO2),Mean,ppb,CD,503,Tottenville and Great Kills (CD3),Summer 2012,2012-06-01,8.03,,2012,6,2,1
221864,386,Ozone (O3),Mean,ppb,UHF34,209,Bensonhurst - Bay Ridge,Summer 2012,2012-06-01,34.28,,2012,6,2,1
166824,375,Nitrogen dioxide (NO2),Mean,ppb,CD,212,Williamsbridge and Baychester (CD12),Summer 2012,2012-06-01,15.7,,2012,6,2,1
221876,386,Ozone (O3),Mean,ppb,UHF34,211,Williamsburg - Bushwick,Summer 2012,2012-06-01,32.28,,2012,6,2,1
177904,365,Fine particles (PM 2.5),Mean,mcg/m3,UHF42,203,Bedford Stuyvesant - Crown Heights,Summer 2012,2012-06-01,10.41,,2012,6,2,1
176029,375,Nitrogen dioxide (NO2),Mean,ppb,UHF42,307,Gramercy Park - Murray Hill,Summer 2012,2012-06-01,36.74,,2012,6,2,1
166830,375,Nitrogen dioxide (NO2),Mean,ppb,CD,306,Park Slope and Carroll Gardens (CD6),Summer 2012,2012-06-01,19.35,,2012,6,2,1
166846,375,Nitrogen dioxide (NO2),Mean,ppb,CD,404,Elmhurst and Corona (CD4),Summer 2012,2012-06-01,20.2,,2012,6,2,1
166806,375,Nitrogen dioxide (NO2),Mean,ppb,CD,106,Stuyvesant Town and Turtle Bay (CD6),Summer 2012,2012-06-01,33.13,,2012,6,2,1
166818,375,Nitrogen dioxide (NO2),Mean,ppb,CD,206,Belmont and East Tremont (CD6),Summer 2012,2012-06-01,18.82,,2012,6,2,1
216467,386,Ozone (O3),Mean,ppb,CD,308,Crown Heights and Prospect Heights (CD8),Summer 2012,2012-06-01,31.48,,2012,6,2,1
216605,386,Ozone (O3),Mean,ppb,CD,413,Queens Village (CD13),Summer 2012,2012-06-01,34.95,,2012,6,2,1
177916,365,Fine particles (PM 2.5),Mean,mcg/m3,UHF42,304,Upper West Side,Summer 2012,2012-06-01,11.44,,2012,6,2,1
166825,375,Nitrogen dioxide (NO2),Mean,ppb,CD,301,Greenpoint and Williamsburg (CD1),Summer 2012,2012-06-01,19.46,,2012,6,2,1
221858,386,Ozone (O3),Mean,ppb,UHF34,208,Canarsie - Flatlands,Summer 2012,2012-06-01,36.6,,2012,6,2,1
172180,375,Nitrogen dioxide (NO2),Mean,ppb,UHF34,206,Borough Park,Summer 2012,2012-06-01,16.65,,2012,6,2,1
219974,386,Ozone (O3),Mean,ppb,Borough,2,Brooklyn,Summer 2012,2012-06-01,33.89,,2012,6,2,1
177932,365,Fine particles (PM 2.5),Mean,mcg/m3,UHF42,410,Rockaways,Summer 2012,2012-06-01,9.41,,2012,6,2,1
222632,386,Ozone (O3),Mean,ppb,UHF42,501,Port Richmond,Summer 2012,2012-06-01,31.06,,2012,6,2,1
173710,365,Fine particles (PM 2.5),Mean,mcg/m3,UHF34,206,Borough Park,Summer 2012,2012-06-01,10.2,,2012,6,2,1
177923,365,Fine particles (PM 2.5),Mean,mcg/m3,UHF42,401,Long Island City - Astoria,Summer 2012,2012-06-01,11.18,,2012,6,2,1
169507,365,Fine particles (PM 2.5),Mean,mcg/m3,CD,410,South Ozone Park and Howard Beach (CD10),Summer 2012,2012-06-01,9.72,,2012,6,2,1
177921,365,Fine particles (PM 2.5),Mean,mcg/m3,UHF42,309,Union Square - Lower East Side,Summer 2012,2012-06-01,11.54,,2012,6,2,1
173734,365,Fine particles (PM 2.5),Mean,mcg/m3,UHF34,105106107,South Bronx,Summer 2012,2012-06-01,11.02,,2012,6,2,1
216395,386,Ozone (O3),Mean,ppb,CD,208,Riverdale and Fieldston (CD8),Summer 2012,2012-06-01,33.77,,2012,6,2,1
176033,375,Nitrogen dioxide (NO2),Mean,ppb,UHF42,401,Long Island City - Astoria,Summer 2012,2012-06-01,18.77,,2012,6,2,1
216611,386,Ozone (O3),Mean,ppb,CD,414,Rockaway and Broad Channel (CD14),Summer 2012,2012-06-01,40.4,,2012,6,2,1
166836,375,Nitrogen dioxide (NO2),Mean,ppb,CD,312,Borough Park (CD12),Summer 2012,2012-06-01,17.0,,2012,6,2,1
222596,386,Ozone (O3),Mean,ppb,UHF42,405,Ridgewood - Forest Hills,Summer 2012,2012-06-01,33.3,,2012,6,2,1
176012,375,Nitrogen dioxide (NO2),Mean,ppb,UHF42,201,Greenpoint,Summer 2012,2012-06-01,19.39,,2012,6,2,1
166834,375,Nitrogen dioxide (NO2),Mean,ppb,CD,310,Bay Ridge and Dyker Heights (CD10),Summer 2012,2012-06-01,16.03,,2012,6,2,1
222524,386,Ozone (O3),Mean,ppb,UHF42,303,East Harlem,Summer 2012,2012-06-01,32.25,,2012,6,2,1
222428,386,Ozone (O3),Mean,ppb,UHF42,105,Crotona -Tremont,Summer 2012,2012-06-01,33.42,,2012,6,2,1
176019,375,Nitrogen dioxide (NO2),Mean,ppb,UHF42,208,Canarsie - Flatlands,Summer 2012,2012-06-01,12.43,,2012,6,2,1
173726,365,Fine particles (PM 2.5),Mean,mcg/m3,UHF34,409,Southeast Queens,Summer 2012,2012-06-01,9.61,,2012,6,2,1
166831,375,Nitrogen dioxide (NO2),Mean,ppb,CD,307,Sunset Park (CD7),Summer 2012,2012-06-01,17.21,,2012,6,2,1
179585,365,Fine particles (PM 2.5),Mean,mcg/m3,Borough,3,Manhattan,Summer 2012,2012-06-01,11.85,,2012,6,2,1
169491,365,Fine particles (PM 2.5),Mean,mcg/m3,CD,312,Borough Park (CD12),Summer 2012,2012-06-01,10.2,,2012,6,2,1
169494,365,Fine particles (PM 2.5),Mean,mcg/m3,CD,315,Sheepshead Bay (CD15),Summer 2012,2012-06-01,9.9,,2012,6,2,1
179166,365,Fine particles (PM 2.5),Mean,mcg/m3,Citywide,1,New York City,Summer 2012,2012-06-01,10.31,,2012,6,2,1
169509,365,Fine particles (PM 2.5),Mean,mcg/m3,CD,412,Jamaica and Hollis (CD12),Summer 2012,2012-06-01,9.98,,2012,6,2,1
222404,386,Ozone (O3),Mean,ppb,UHF42,101,Kingsbridge - Riverdale,Summer 2012,2012-06-01,33.72,,2012,6,2,1
176023,375,Nitrogen dioxide (NO2),Mean,ppb,UHF42,301,Washington Heights,Summer 2012,2012-06-01,18.91,,2012,6,2,1
216377,386,Ozone (O3),Mean,ppb,CD,205,Fordham and University Heights (CD5),Summer 2012,2012-06-01,32.89,,2012,6,2,1
169460,365,Fine particles (PM 2.5),Mean,mcg/m3,CD,105,Midtown (CD5),Summer 2012,2012-06-01,14.8,,2012,6,2,1
221798,386,Ozone (O3),Mean,ppb,UHF34,102,Northeast Bronx,Summer 2012,2012-06-01,35.09,,2012,6,2,1
221882,386,Ozone (O3),Mean,ppb,UHF34,301,Washington Heights,Summer 2012,2012-06-01,32.66,,2012,6,2,1
169495,365,Fine particles (PM 2.5),Mean,mcg/m3,CD,316,Brownsville (CD16),Summer 2012,2012-06-01,10.51,,2012,6,2,1
177896,365,Fine particles (PM 2.5),Mean,mcg/m3,UHF42,102,Northeast Bronx,Summer 2012,2012-06-01,10.23,,2012,6,2,1
222470,386,Ozone (O3),Mean,ppb,UHF42,205,Sunset Park,Summer 2012,2012-06-01,32.29,,2012,6,2,1
166844,375,Nitrogen dioxide (NO2),Mean,ppb,CD,402,Woodside and Sunnyside (CD2),Summer 2012,2012-06-01,18.71,,2012,6,2,1
172188,375,Nitrogen dioxide (NO2),Mean,ppb,UHF34,303,East Harlem,Summer 2012,2012-06-01,21.24,,2012,6,2,1
221828,386,Ozone (O3),Mean,ppb,UHF34,203,Bedford Stuyvesant - Crown Heights,Summer 2012,2012-06-01,32.12,,2012,6,2,1
221954,386,Ozone (O3),Mean,ppb,UHF34,305307,Upper East Side-Gramercy,Summer 2012,2012-06-01,26.81,,2012,6,2,1
222506,386,Ozone (O3),Mean,ppb,UHF42,211,Williamsburg - Bushwick,Summer 2012,2012-06-01,32.28,,2012,6,2,1
216389,386,Ozone (O3),Mean,ppb,CD,207,Kingsbridge Heights and Bedford (CD7),Summer 2012,2012-06-01,33.53,,2012,6,2,1
177909,365,Fine particles (PM 2.5),Mean,mcg/m3,UHF42,208,Canarsie - Flatlands,Summer 2012,2012-06-01,9.95,,2012,6,2,1
177902,365,Fine particles (PM 2.5),Mean,mcg/m3,UHF42,201,Greenpoint,Summer 2012,2012-06-01,11.69,,2012,6,2,1
176020,375,Nitrogen dioxide (NO2),Mean,ppb,UHF42,209,Bensonhurst - Bay Ridge,Summer 2012,2012-06-01,14.96,,2012,6,2,1
172186,375,Nitrogen dioxide (NO2),Mean,ppb,UHF34,301,Washington Heights,Summer 2012,2012-06-01,18.91,,2012,6,2,1
221816,386,Ozone (O3),Mean,ppb,UHF34,201,Greenpoint,Summer 2012,2012-06-01,32.73,,2012,6,2,1
216515,386,Ozone (O3),Mean,ppb,CD,316,Brownsville (CD16),Summer 2012,2012-06-01,33.19,,2012,6,2,1
172196,375,Nitrogen dioxide (NO2),Mean,ppb,UHF34,409,Southeast Queens,Summer 2012,2012-06-01,14.32,,2012,6,2,1
216371,386,Ozone (O3),Mean,ppb,CD,204,Highbridge and Concourse (CD4),Summer 2012,2012-06-01,33.02,,2012,6,2,1
172193,375,Nitrogen dioxide (NO2),Mean,ppb,UHF34,405,Ridgewood - Forest Hills,Summer 2012,2012-06-01,17.24,,2012,6,2,1
179358,375,Nitrogen dioxide (NO2),Mean,ppb,Borough,1,Bronx,Summer 2012,2012-06-01,17.02,,2012,6,2,1
166855,375,Nitrogen dioxide (NO2),Mean,ppb,CD,413,Queens Village (CD13),Summer 2012,2012-06-01,14.35,,2012,6,2,1
176008,375,Nitrogen dioxide (NO2),Mean,ppb,UHF42,104,Pelham - Throgs Neck,Summer 2012,2012-06-01,16.09,,2012,6,2,1
219986,386,Ozone (O3),Mean,ppb,Borough,4,Queens,Summer 2012,2012-06-01,34.5,,2012,6,2,1
176036,375,Nitrogen dioxide (NO2),Mean,ppb,UHF42,404,Bayside - Little Neck,Summer 2012,2012-06-01,14.59,,2012,6,2,1
177913,365,Fine particles (PM 2.5),Mean,mcg/m3,UHF42,301,Washington Heights,Summer 2012,2012-06-01,10.45,,2012,6,2,1
222542,386,Ozone (O3),Mean,ppb,UHF42,306,Chelsea - Clinton,Summer 2012,2012-06-01,26.0,,2012,6,2,1
222434,386,Ozone (O3),Mean,ppb,UHF42,106,High Bridge - Morrisania,Summer 2012,2012-06-01,33.23,,2012,6,2,1
166822,375,Nitrogen dioxide (NO2),Mean,ppb,CD,210,Throgs Neck and Co-op City (CD10),Summer 2012,2012-06-01,15.29,,2012,6,2,1
222560,386,Ozone (O3),Mean,ppb,UHF42,309,Union Square - Lower East Side,Summer 2012,2012-06-01,28.41,,2012,6,2,1
216311,386,Ozone (O3),Mean,ppb,CD,106,Stuyvesant Town and Turtle Bay (CD6),Summer 2012,2012-06-01,25.46,,2012,6,2,1
166816,375,Nitrogen dioxide (NO2),Mean,ppb,CD,204,Highbridge and Concourse (CD4),Summer 2012,2012-06-01,20.36,,2012,6,2,1
176034,375,Nitrogen dioxide (NO2),Mean,ppb,UHF42,402,West Queens,Summer 2012,2012-06-01,18.85,,2012,6,2,1
169501,365,Fine particles (PM 2.5),Mean,mcg/m3,CD,404,Elmhurst and Corona (CD4),Summer 2012,2012-06-01,10.47,,2012,6,2,1
173712,365,Fine particles (PM 2.5),Mean,mcg/m3,UHF34,208,Canarsie - Flatlands,Summer 2012,2012-06-01,9.95,,2012,6,2,1
177914,365,Fine particles (PM 2.5),Mean,mcg/m3,UHF42,302,Central Harlem - Morningside Heights,Summer 2012,2012-06-01,10.85,,2012,6,2,1
222464,386,Ozone (O3),Mean,ppb,UHF42,204,East New York,Summer 2012,2012-06-01,33.97,,2012,6,2,1
222530,386,Ozone (O3),Mean,ppb,UHF42,304,Upper West Side,Summer 2012,2012-06-01,30.17,,2012,6,2,1
216443,386,Ozone (O3),Mean,ppb,CD,304,Bushwick (CD4),Summer 2012,2012-06-01,32.9,,2012,6,2,1
216551,386,Ozone (O3),Mean,ppb,CD,404,Elmhurst and Corona (CD4),Summer 2012,2012-06-01,32.91,,2012,6,2,1
216629,386,Ozone (O3),Mean,ppb,CD,503,Tottenville and Great Kills (CD3),Summer 2012,2012-06-01,35.26,,2012,6,2,1
176039,375,Nitrogen dioxide (NO2),Mean,ppb,UHF42,407,Southwest Queens,Summer 2012,2012-06-01,16.3,,2012,6,2,1
176040,375,Nitrogen dioxide (NO2),Mean,ppb,UHF42,408,Jamaica,Summer 2012,2012-06-01,16.21,,2012,6,2,1
222512,386,Ozone (O3),Mean,ppb,UHF42,301,Washington Heights,Summer 2012,2012-06-01,32.66,,2012,6,2,1
166813,375,Nitrogen dioxide (NO2),Mean,ppb,CD,201,Mott Haven and Melrose (CD1),Summer 2012,2012-06-01,19.14,,2012,6,2,1
176031,375,Nitrogen dioxide (NO2),Mean,ppb,UHF42,309,Union Square - Lower East Side,Summer 2012,2012-06-01,25.28,,2012,6,2,1
169473,365,Fine particles (PM 2.5),Mean,mcg/m3,CD,206,Belmont and East Tremont (CD6),Summer 2012,2012-06-01,10.77,,2012,6,2,1
166821,375,Nitrogen dioxide (NO2),Mean,ppb,CD,209,Parkchester and Soundview (CD9),Summer 2012,2012-06-01,17.1,,2012,6,2,1
176035,375,Nitrogen dioxide (NO2),Mean,ppb,UHF42,403,Flushing - Clearview,Summer 2012,2012-06-01,16.49,,2012,6,2,1
176013,375,Nitrogen dioxide (NO2),Mean,ppb,UHF42,202,Downtown - Heights - Slope,Summer 2012,2012-06-01,20.18,,2012,6,2,1
176024,375,Nitrogen dioxide (NO2),Mean,ppb,UHF42,302,Central Harlem - Morningside Heights,Summer 2012,2012-06-01,21.81,,2012,6,2,1
166810,375,Nitrogen dioxide (NO2),Mean,ppb,CD,110,Central Harlem (CD10),Summer 2012,2012-06-01,21.94,,2012,6,2,1
177903,365,Fine particles (PM 2.5),Mean,mcg/m3,UHF42,202,Downtown - Heights - Slope,Summer 2012,2012-06-01,11.12,,2012,6,2,1
169513,365,Fine particles (PM 2.5),Mean,mcg/m3,CD,502,South Beach and Willowbrook (CD2),Summer 2012,2012-06-01,9.97,,2012,6,2,1
179587,365,Fine particles (PM 2.5),Mean,mcg/m3,Borough,5,Staten Island,Summer 2012,2012-06-01,9.9,,2012,6,2,1
216569,386,Ozone (O3),Mean,ppb,CD,407,Flushing and Whitestone (CD7),Summer 2012,2012-06-01,34.48,,2012,6,2,1
221942,386,Ozone (O3),Mean,ppb,UHF34,409,Southeast Queens,Summer 2012,2012-06-01,34.81,,2012,6,2,1
166815,375,Nitrogen dioxide (NO2),Mean,ppb,CD,203,Morrisania and Crotona (CD3),Summer 2012,2012-06-01,18.97,,2012,6,2,1
216533,386,Ozone (O3),Mean,ppb,CD,401,Long Island City and Astoria (CD1),Summer 2012,2012-06-01,34.55,,2012,6,2,1
173715,365,Fine particles (PM 2.5),Mean,mcg/m3,UHF34,211,Williamsburg - Bushwick,Summer 2012,2012-06-01,11.02,,2012,6,2,1
177906,365,Fine particles (PM 2.5),Mean,mcg/m3,UHF42,205,Sunset Park,Summer 2012,2012-06-01,10.87,,2012,6,2,1
216623,386,Ozone (O3),Mean,ppb,CD,502,South Beach and Willowbrook (CD2),Summer 2012,2012-06-01,33.7,,2012,6,2,1
173713,365,Fine particles (PM 2.5),Mean,mcg/m3,UHF34,209,Bensonhurst - Bay Ridge,Summer 2012,2012-06-01,10.03,,2012,6,2,1
222578,386,Ozone (O3),Mean,ppb,UHF42,402,West Queens,Summer 2012,2012-06-01,33.58,,2012,6,2,1
216545,386,Ozone (O3),Mean,ppb,CD,403,Jackson Heights (CD3),Summer 2012,2012-06-01,33.72,,2012,6,2,1
222590,386,Ozone (O3),Mean,ppb,UHF42,404,Bayside - Little Neck,Summer 2012,2012-06-01,33.84,,2012,6,2,1
221966,386,Ozone (O3),Mean,ppb,UHF34,309310,Union Square-Lower Manhattan,Summer 2012,2012-06-01,27.79,,2012,6,2,1
221978,386,Ozone (O3),Mean,ppb,UHF34,501502,Northern SI,Summer 2012,2012-06-01,32.42,,2012,6,2,1
176041,375,Nitrogen dioxide (NO2),Mean,ppb,UHF42,409,Southeast Queens,Summer 2012,2012-06-01,14.32,,2012,6,2,1
169489,365,Fine particles (PM 2.5),Mean,mcg/m3,CD,310,Bay Ridge and Dyker Heights (CD10),Summer 2012,2012-06-01,10.19,,2012,6,2,1
166858,375,Nitrogen dioxide (NO2),Mean,ppb,CD,502,South Beach and Willowbrook (CD2),Summer 2012,2012-06-01,10.74,,2012,6,2,1
166857,375,Nitrogen dioxide (NO2),Mean,ppb,CD,501,St. George and Stapleton (CD1),Summer 2012,2012-06-01,14.62,,2012,6,2,1
172178,375,Nitrogen dioxide (NO2),Mean,ppb,UHF34,204,East New York,Summer 2012,2012-06-01,16.61,,2012,6,2,1
216539,386,Ozone (O3),Mean,ppb,CD,402,Woodside and Sunnyside (CD2),Summer 2012,2012-06-01,33.81,,2012,6,2,1
166817,375,Nitrogen dioxide (NO2),Mean,ppb,CD,205,Fordham and University Heights (CD5),Summer 2012,2012-06-01,20.62,,2012,6,2,1
166843,375,Nitrogen dioxide (NO2),Mean,ppb,CD,401,Long Island City and Astoria (CD1),Summer 2012,2012-06-01,17.79,,2012,6,2,1
222476,386,Ozone (O3),Mean,ppb,UHF42,206,Borough Park,Summer 2012,2012-06-01,33.35,,2012,6,2,1
172189,375,Nitrogen dioxide (NO2),Mean,ppb,UHF34,304,Upper West Side,Summer 2012,2012-06-01,23.58,,2012,6,2,1
172190,375,Nitrogen dioxide (NO2),Mean,ppb,UHF34,401,Long Island City - Astoria,Summer 2012,2012-06-01,18.77,,2012,6,2,1
219968,386,Ozone (O3),Mean,ppb,Borough,1,Bronx,Summer 2012,2012-06-01,34.61,,2012,6,2,1
216557,386,Ozone (O3),Mean,ppb,CD,405,Ridgewood and Maspeth (CD5),Summer 2012,2012-06-01,33.69,,2012,6,2,1
216449,386,Ozone (O3),Mean,ppb,CD,305,East New York and Starrett City (CD5),Summer 2012,2012-06-01,34.35,,2012,6,2,1
173714,365,Fine particles (PM 2.5),Mean,mcg/m3,UHF34,210,Coney Island - Sheepshead Bay,Summer 2012,2012-06-01,9.89,,2012,6,2,1
216581,386,Ozone (O3),Mean,ppb,CD,409,Kew Gardens and Woodhaven (CD9),Summer 2012,2012-06-01,33.2,,2012,6,2,1
166845,375,Nitrogen dioxide (NO2),Mean,ppb,CD,403,Jackson Heights (CD3),Summer 2012,2012-06-01,18.7,,2012,6,2,1
166808,375,Nitrogen dioxide (NO2),Mean,ppb,CD,108,Upper East Side (CD8),Summer 2012,2012-06-01,26.96,,2012,6,2,1
172184,375,Nitrogen dioxide (NO2),Mean,ppb,UHF34,210,Coney Island - Sheepshead Bay,Summer 2012,2012-06-01,12.25,,2012,6,2,1
177920,365,Fine particles (PM 2.5),Mean,mcg/m3,UHF42,308,Greenwich Village - SoHo,Summer 2012,2012-06-01,12.1,,2012,6,2,1
216527,386,Ozone (O3),Mean,ppb,CD,318,Flatlands and Canarsie (CD18),Summer 2012,2012-06-01,36.58,,2012,6,2,1
216521,386,Ozone (O3),Mean,ppb,CD,317,East Flatbush (CD17),Summer 2012,2012-06-01,33.63,,2012,6,2,1
169492,365,Fine particles (PM 2.5),Mean,mcg/m3,CD,313,Coney Island (CD13),Summer 2012,2012-06-01,9.86,,2012,6,2,1
221990,386,Ozone (O3),Mean,ppb,UHF34,105106107,South Bronx,Summer 2012,2012-06-01,34.02,,2012,6,2,1
221936,386,Ozone (O3),Mean,ppb,UHF34,408,Jamaica,Summer 2012,2012-06-01,33.78,,2012,6,2,1
216365,386,Ozone (O3),Mean,ppb,CD,203,Morrisania and Crotona (CD3),Summer 2012,2012-06-01,33.72,,2012,6,2,1
166802,375,Nitrogen dioxide (NO2),Mean,ppb,CD,102,Greenwich Village and Soho (CD2),Summer 2012,2012-06-01,27.46,,2012,6,2,1
222488,386,Ozone (O3),Mean,ppb,UHF42,208,Canarsie - Flatlands,Summer 2012,2012-06-01,36.6,,2012,6,2,1
216353,386,Ozone (O3),Mean,ppb,CD,201,Mott Haven and Melrose (CD1),Summer 2012,2012-06-01,33.99,,2012,6,2,1
173702,365,Fine particles (PM 2.5),Mean,mcg/m3,UHF34,102,Northeast Bronx,Summer 2012,2012-06-01,10.23,,2012,6,2,1
173730,365,Fine particles (PM 2.5),Mean,mcg/m3,UHF34,309310,Union Square-Lower Manhattan,Summer 2012,2012-06-01,11.76,,2012,6,2,1
173716,365,Fine particles (PM 2.5),Mean,mcg/m3,UHF34,301,Washington Heights,Summer 2012,2012-06-01,10.64,,2012,6,2,1
173723,365,Fine particles (PM 2.5),Mean,mcg/m3,UHF34,405,Ridgewood - Forest Hills,Summer 2012,2012-06-01,10.2,,2012,6,2,1
173701,365,Fine particles (PM 2.5),Mean,mcg/m3,UHF34,101,Kingsbridge - Riverdale,Summer 2012,2012-06-01,10.15,,2012,6,2,1
216287,386,Ozone (O3),Mean,ppb,CD,102,Greenwich Village and Soho (CD2),Summer 2012,2012-06-01,27.74,,2012,6,2,1
172197,375,Nitrogen dioxide (NO2),Mean,ppb,UHF34,410,Rockaways,Summer 2012,2012-06-01,8.25,,2012,6,2,1
216503,386,Ozone (O3),Mean,ppb,CD,314,Flatbush and Midwood (CD14),Summer 2012,2012-06-01,33.48,,2012,6,2,1
216497,386,Ozone (O3),Mean,ppb,CD,313,Coney Island (CD13),Summer 2012,2012-06-01,37.9,,2012,6,2,1
222410,386,Ozone (O3),Mean,ppb,UHF42,102,Northeast Bronx,Summer 2012,2012-06-01,35.09,,2012,6,2,1
172202,375,Nitrogen dioxide (NO2),Mean,ppb,UHF34,501502,Northern SI,Summer 2012,2012-06-01,13.35,,2012,6,2,1
222518,386,Ozone (O3),Mean,ppb,UHF42,302,Central Harlem - Morningside Heights,Summer 2012,2012-06-01,31.71,,2012,6,2,1
166809,375,Nitrogen dioxide (NO2),Mean,ppb,CD,109,Morningside Heights and Hamilton Heights (CD9),Summer 2012,2012-06-01,21.51,,2012,6,2,1
216575,386,Ozone (O3),Mean,ppb,CD,408,Hillcrest and Fresh Meadows (CD8),Summer 2012,2012-06-01,33.05,,2012,6,2,1
169470,365,Fine particles (PM 2.5),Mean,mcg/m3,CD,203,Morrisania and Crotona (CD3),Summer 2012,2012-06-01,10.7,,2012,6,2,1
166832,375,Nitrogen dioxide (NO2),Mean,ppb,CD,308,Crown Heights and Prospect Heights (CD8),Summer 2012,2012-06-01,19.65,,2012,6,2,1
166812,375,Nitrogen dioxide (NO2),Mean,ppb,CD,112,Washington Heights and Inwood (CD12),Summer 2012,2012-06-01,18.37,,2012,6,2,1
169481,365,Fine particles (PM 2.5),Mean,mcg/m3,CD,302,Fort Greene and Brooklyn Heights (CD2),Summer 2012,2012-06-01,11.12,,2012,6,2,1
216437,386,Ozone (O3),Mean,ppb,CD,303,Bedford Stuyvesant (CD3),Summer 2012,2012-06-01,31.57,,2012,6,2,1
169511,365,Fine particles (PM 2.5),Mean,mcg/m3,CD,414,Rockaway and Broad Channel (CD14),Summer 2012,2012-06-01,9.41,,2012,6,2,1
172173,375,Nitrogen dioxide (NO2),Mean,ppb,UHF34,103,Fordham - Bronx Pk,Summer 2012,2012-06-01,17.13,,2012,6,2,1
172192,375,Nitrogen dioxide (NO2),Mean,ppb,UHF34,403,Flushing - Clearview,Summer 2012,2012-06-01,16.48,,2012,6,2,1
169456,365,Fine particles (PM 2.5),Mean,mcg/m3,CD,101,Financial District (CD1),Summer 2012,2012-06-01,12.25,,2012,6,2,1
216413,386,Ozone (O3),Mean,ppb,CD,211,Morris Park and Bronxdale (CD11),Summer 2012,2012-06-01,34.96,,2012,6,2,1
216401,386,Ozone (O3),Mean,ppb,CD,209,Parkchester and Soundview (CD9),Summer 2012,2012-06-01,34.87,,2012,6,2,1
222638,386,Ozone (O3),Mean,ppb,UHF42,502,Stapleton - St. George,Summer 2012,2012-06-01,33.14,,2012,6,2,1
216329,386,Ozone (O3),Mean,ppb,CD,109,Morningside Heights and Hamilton Heights (CD9),Summer 2012,2012-06-01,31.63,,2012,6,2,1
166826,375,Nitrogen dioxide (NO2),Mean,ppb,CD,302,Fort Greene and Brooklyn Heights (CD2),Summer 2012,2012-06-01,21.17,,2012,6,2,1
221912,386,Ozone (O3),Mean,ppb,UHF34,402,West Queens,Summer 2012,2012-06-01,33.58,,2012,6,2,1
216593,386,Ozone (O3),Mean,ppb,CD,411,Bayside and Little Neck (CD11),Summer 2012,2012-06-01,33.89,,2012,6,2,1
166814,375,Nitrogen dioxide (NO2),Mean,ppb,CD,202,Hunts Point and Longwood (CD2),Summer 2012,2012-06-01,17.78,,2012,6,2,1
216617,386,Ozone (O3),Mean,ppb,CD,501,St. George and Stapleton (CD1),Summer 2012,2012-06-01,31.52,,2012,6,2,1
216359,386,Ozone (O3),Mean,ppb,CD,202,Hunts Point and Longwood (CD2),Summer 2012,2012-06-01,35.25,,2012,6,2,1
166852,375,Nitrogen dioxide (NO2),Mean,ppb,CD,410,South Ozone Park and Howard Beach (CD10),Summer 2012,2012-06-01,15.49,,2012,6,2,1
166820,375,Nitrogen dioxide (NO2),Mean,ppb,CD,208,Riverdale and Fieldston (CD8),Summer 2012,2012-06-01,14.81,,2012,6,2,1
166804,375,Nitrogen dioxide (NO2),Mean,ppb,CD,104,Clinton and Chelsea (CD4),Summer 2012,2012-06-01,28.92,,2012,6,2,1
172187,375,Nitrogen dioxide (NO2),Mean,ppb,UHF34,302,Central Harlem - Morningside Heights,Summer 2012,2012-06-01,21.81,,2012,6,2,1
222458,386,Ozone (O3),Mean,ppb,UHF42,203,Bedford Stuyvesant - Crown Heights,Summer 2012,2012-06-01,32.12,,2012,6,2,1
177918,365,Fine particles (PM 2.5),Mean,mcg/m3,UHF42,306,Chelsea - Clinton,Summer 2012,2012-06-01,13.33,,2012,6,2,1
179583,365,Fine particles (PM 2.5),Mean,mcg/m3,Borough,1,Bronx,Summer 2012,2012-06-01,10.51,,2012,6,2,1
179584,365,Fine particles (PM 2.5),Mean,mcg/m3,Borough,2,Brooklyn,Summer 2012,2012-06-01,10.42,,2012,6,2,1
173708,365,Fine particles (PM 2.5),Mean,mcg/m3,UHF34,204,East New York,Summer 2012,2012-06-01,10.41,,2012,6,2,1
177910,365,Fine particles (PM 2.5),Mean,mcg/m3,UHF42,209,Bensonhurst - Bay Ridge,Summer 2012,2012-06-01,10.03,,2012,6,2,1
166849,375,Nitrogen dioxide (NO2),Mean,ppb,CD,407,Flushing and Whitestone (CD7),Summer 2012,2012-06-01,16.44,,2012,6,2,1
216383,386,Ozone (O3),Mean,ppb,CD,206,Belmont and East Tremont (CD6),Summer 2012,2012-06-01,33.75,,2012,6,2,1
177925,365,Fine particles (PM 2.5),Mean,mcg/m3,UHF42,403,Flushing - Clearview,Summer 2012,2012-06-01,10.07,,2012,6,2,1
216425,386,Ozone (O3),Mean,ppb,CD,301,Greenpoint and Williamsburg (CD1),Summer 2012,2012-06-01,32.67,,2012,6,2,1
173719,365,Fine particles (PM 2.5),Mean,mcg/m3,UHF34,304,Upper West Side,Summer 2012,2012-06-01,11.44,,2012,6,2,1
222536,386,Ozone (O3),Mean,ppb,UHF42,305,Upper East Side,Summer 2012,2012-06-01,29.24,,2012,6,2,1
169503,365,Fine particles (PM 2.5),Mean,mcg/m3,CD,406,Rego Park and Forest Hills (CD6),Summer 2012,2012-06-01,10.33,,2012,6,2,1
216317,386,Ozone (O3),Mean,ppb,CD,107,Upper West Side (CD7),Summer 2012,2012-06-01,30.16,,2012,6,2,1
216323,386,Ozone (O3),Mean,ppb,CD,108,Upper East Side (CD8),Summer 2012,2012-06-01,29.16,,2012,6,2,1
216491,386,Ozone (O3),Mean,ppb,CD,312,Borough Park (CD12),Summer 2012,2012-06-01,33.11,,2012,6,2,1
169483,365,Fine particles (PM 2.5),Mean,mcg/m3,CD,304,Bushwick (CD4),Summer 2012,2012-06-01,10.49,,2012,6,2,1
177931,365,Fine particles (PM 2.5),Mean,mcg/m3,UHF42,409,Southeast Queens,Summer 2012,2012-06-01,9.61,,2012,6,2,1
221846,386,Ozone (O3),Mean,ppb,UHF34,206,Borough Park,Summer 2012,2012-06-01,33.35,,2012,6,2,1
166827,375,Nitrogen dioxide (NO2),Mean,ppb,CD,303,Bedford Stuyvesant (CD3),Summer 2012,2012-06-01,19.68,,2012,6,2,1
166842,375,Nitrogen dioxide (NO2),Mean,ppb,CD,318,Flatlands and Canarsie (CD18),Summer 2012,2012-06-01,12.42,,2012,6,2,1
172182,375,Nitrogen dioxide (NO2),Mean,ppb,UHF34,208,Canarsie - Flatlands,Summer 2012,2012-06-01,12.43,,2012,6,2,1
169458,365,Fine particles (PM 2.5),Mean,mcg/m3,CD,103,Lower East Side and Chinatown (CD3),Summer 2012,2012-06-01,11.35,,2012,6,2,1
169499,365,Fine particles (PM 2.5),Mean,mcg/m3,CD,402,Woodside and Sunnyside (CD2),Summer 2012,2012-06-01,11.7,,2012,6,2,1
169497,365,Fine particles (PM 2.5),Mean,mcg/m3,CD,318,Flatlands and Canarsie (CD18),Summer 2012,2012-06-01,9.93,,2012,6,2,1
222650,386,Ozone (O3),Mean,ppb,UHF42,504,South Beach - Tottenville,Summer 2012,2012-06-01,35.27,,2012,6,2,1
173725,365,Fine particles (PM 2.5),Mean,mcg/m3,UHF34,408,Jamaica,Summer 2012,2012-06-01,9.98,,2012,6,2,1
166847,375,Nitrogen dioxide (NO2),Mean,ppb,CD,405,Ridgewood and Maspeth (CD5),Summer 2012,2012-06-01,17.04,,2012,6,2,1
177912,365,Fine particles (PM 2.5),Mean,mcg/m3,UHF42,211,Williamsburg - Bushwick,Summer 2012,2012-06-01,12.31,,2012,6,2,1
166840,375,Nitrogen dioxide (NO2),Mean,ppb,CD,316,Brownsville (CD16),Summer 2012,2012-06-01,17.92,,2012,6,2,1
169482,365,Fine particles (PM 2.5),Mean,mcg/m3,CD,303,Bedford Stuyvesant (CD3),Summer 2012,2012-06-01,10.47,,2012,6,2,1
221834,386,Ozone (O3),Mean,ppb,UHF34,204,East New York,Summer 2012,2012-06-01,33.97,,2012,6,2,1
221900,386,Ozone (O3),Mean,ppb,UHF34,304,Upper West Side,Summer 2012,2012-06-01,30.17,,2012,6,2,1
169496,365,Fine particles (PM 2.5),Mean,mcg/m3,CD,317,East Flatbush (CD17),Summer 2012,2012-06-01,10.39,,2012,6,2,1
216461,386,Ozone (O3),Mean,ppb,CD,307,Sunset Park (CD7),Summer 2012,2012-06-01,32.21,,2012,6,2,1
172176,375,Nitrogen dioxide (NO2),Mean,ppb,UHF34,202,Downtown - Heights - Slope,Summer 2012,2012-06-01,20.18,,2012,6,2,1
222584,386,Ozone (O3),Mean,ppb,UHF42,403,Flushing - Clearview,Summer 2012,2012-06-01,34.46,,2012,6,2,1
173720,365,Fine particles (PM 2.5),Mean,mcg/m3,UHF34,401,Long Island City - Astoria,Summer 2012,2012-06-01,11.18,,2012,6,2,1
172191,375,Nitrogen dioxide (NO2),Mean,ppb,UHF34,402,West Queens,Summer 2012,2012-06-01,18.85,,2012,6,2,1
222644,386,Ozone (O3),Mean,ppb,UHF42,503,Willowbrook,Summer 2012,2012-06-01,32.76,,2012,6,2,1
216299,386,Ozone (O3),Mean,ppb,CD,104,Clinton and Chelsea (CD4),Summer 2012,2012-06-01,27.89,,2012,6,2,1
222416,386,Ozone (O3),Mean,ppb,UHF42,103,Fordham - Bronx Pk,Summer 2012,2012-06-01,34.08,,2012,6,2,1
176045,375,Nitrogen dioxide (NO2),Mean,ppb,UHF42,503,Willowbrook,Summer 2012,2012-06-01,11.78,,2012,6,2,1
216563,386,Ozone (O3),Mean,ppb,CD,406,Rego Park and Forest Hills (CD6),Summer 2012,2012-06-01,32.45,,2012,6,2,1
169505,365,Fine particles (PM 2.5),Mean,mcg/m3,CD,408,Hillcrest and Fresh Meadows (CD8),Summer 2012,2012-06-01,9.93,,2012,6,2,1
216455,386,Ozone (O3),Mean,ppb,CD,306,Park Slope and Carroll Gardens (CD6),Summer 2012,2012-06-01,30.97,,2012,6,2,1
169472,365,Fine particles (PM 2.5),Mean,mcg/m3,CD,205,Fordham and University Heights (CD5),Summer 2012,2012-06-01,11.2,,2012,6,2,1
176038,375,Nitrogen dioxide (NO2),Mean,ppb,UHF42,406,Fresh Meadows,Summer 2012,2012-06-01,16.63,,2012,6,2,1
219695,386,Ozone (O3),Mean,ppb,Citywide,1,New York City,Summer 2012,2012-06-01,33.83,,2012,6,2,1
221972,386,Ozone (O3),Mean,ppb,UHF34,404406,Bayside Little Neck-Fresh Meadows,Summer 2012,2012-06-01,33.66,,2012,6,2,1
172194,375,Nitrogen dioxide (NO2),Mean,ppb,UHF34,407,Southwest Queens,Summer 2012,2012-06-01,16.3,,2012,6,2,1
176044,375,Nitrogen dioxide (NO2),Mean,ppb,UHF42,502,Stapleton - St. George,Summer 2012,2012-06-01,12.22,,2012,6,2,1
166851,375,Nitrogen dioxide (NO2),Mean,ppb,CD,409,Kew Gardens and Woodhaven (CD9),Summer 2012,2012-06-01,17.52,,2012,6,2,1
179121,375,Nitrogen dioxide (NO2),Mean,ppb,Citywide,1,New York City,Summer 2012,2012-06-01,15.77,,2012,6,2,1
166853,375,Nitrogen dioxide (NO2),Mean,ppb,CD,411,Bayside and Little Neck (CD11),Summer 2012,2012-06-01,14.96,,2012,6,2,1
222446,386,Ozone (O3),Mean,ppb,UHF42,201,Greenpoint,Summer 2012,2012-06-01,32.73,,2012,6,2,1
169504,365,Fine particles (PM 2.5),Mean,mcg/m3,CD,407,Flushing and Whitestone (CD7),Summer 2012,2012-06-01,10.11,,2012,6,2,1
166848,375,Nitrogen dioxide (NO2),Mean,ppb,CD,406,Rego Park and Forest Hills (CD6),Summer 2012,2012-06-01,18.52,,2012,6,2,1
169486,365,Fine particles (PM 2.5),Mean,mcg/m3,CD,307,Sunset Park (CD7),Summer 2012,2012-06-01,10.93,,2012,6,2,1
169485,365,Fine particles (PM 2.5),Mean,mcg/m3,CD,306,Park Slope and Carroll Gardens (CD6),Summer 2012,2012-06-01,11.1,,2012,6,2,1
169461,365,Fine particles (PM 2.5),Mean,mcg/m3,CD,106,Stuyvesant Town and Turtle Bay (CD6),Summer 2012,2012-06-01,13.22,,2012,6,2,1
177934,365,Fine particles (PM 2.5),Mean,mcg/m3,UHF42,502,Stapleton - St. George,Summer 2012,2012-06-01,9.78,,2012,6,2,1
169475,365,Fine particles (PM 2.5),Mean,mcg/m3,CD,208,Riverdale and Fieldston (CD8),Summer 2012,2012-06-01,10.14,,2012,6,2,1
166850,375,Nitrogen dioxide (NO2),Mean,ppb,CD,408,Hillcrest and Fresh Meadows (CD8),Summer 2012,2012-06-01,16.29,,2012,6,2,1
176015,375,Nitrogen dioxide (NO2),Mean,ppb,UHF42,204,East New York,Summer 2012,2012-06-01,16.61,,2012,6,2,1
176026,375,Nitrogen dioxide (NO2),Mean,ppb,UHF42,304,Upper West Side,Summer 2012,2012-06-01,23.58,,2012,6,2,1
221852,386,Ozone (O3),Mean,ppb,UHF34,207,East Flatbush - Flatbush,Summer 2012,2012-06-01,33.38,,2012,6,2,1
166837,375,Nitrogen dioxide (NO2),Mean,ppb,CD,313,Coney Island (CD13),Summer 2012,2012-06-01,10.96,,2012,6,2,1
166838,375,Nitrogen dioxide (NO2),Mean,ppb,CD,314,Flatbush and Midwood (CD14),Summer 2012,2012-06-01,16.21,,2012,6,2,1
166839,375,Nitrogen dioxide (NO2),Mean,ppb,CD,315,Sheepshead Bay (CD15),Summer 2012,2012-06-01,12.62,,2012,6,2,1
169510,365,Fine particles (PM 2.5),Mean,mcg/m3,CD,413,Queens Village (CD13),Summer 2012,2012-06-01,9.63,,2012,6,2,1
169512,365,Fine particles (PM 2.5),Mean,mcg/m3,CD,501,St. George and Stapleton (CD1),Summer 2012,2012-06-01,9.98,,2012,6,2,1
169500,365,Fine particles (PM 2.5),Mean,mcg/m3,CD,403,Jackson Heights (CD3),Summer 2012,2012-06-01,10.04,,2012,6,2,1
176009,375,Nitrogen dioxide (NO2),Mean,ppb,UHF42,105,Crotona -Tremont,Summer 2012,2012-06-01,19.41,,2012,6,2,1
222500,386,Ozone (O3),Mean,ppb,UHF42,210,Coney Island - Sheepshead Bay,Summer 2012,2012-06-01,37.08,,2012,6,2,1
176014,375,Nitrogen dioxide (NO2),Mean,ppb,UHF42,203,Bedford Stuyvesant - Crown Heights,Summer 2012,2012-06-01,19.0,,2012,6,2,1
169463,365,Fine particles (PM 2.5),Mean,mcg/m3,CD,108,Upper East Side (CD8),Summer 2012,2012-06-01,12.17,,2012,6,2,1
172171,375,Nitrogen dioxide (NO2),Mean,ppb,UHF34,101,Kingsbridge - Riverdale,Summer 2012,2012-06-01,14.76,,2012,6,2,1
222440,386,Ozone (O3),Mean,ppb,UHF42,107,Hunts Point - Mott Haven,Summer 2012,2012-06-01,34.98,,2012,6,2,1
169468,365,Fine particles (PM 2.5),Mean,mcg/m3,CD,201,Mott Haven and Melrose (CD1),Summer 2012,2012-06-01,11.32,,2012,6,2,1
169457,365,Fine particles (PM 2.5),Mean,mcg/m3,CD,102,Greenwich Village and Soho (CD2),Summer 2012,2012-06-01,12.15,,2012,6,2,1
172181,375,Nitrogen dioxide (NO2),Mean,ppb,UHF34,207,East Flatbush - Flatbush,Summer 2012,2012-06-01,16.92,,2012,6,2,1
177928,365,Fine particles (PM 2.5),Mean,mcg/m3,UHF42,406,Fresh Meadows,Summer 2012,2012-06-01,9.92,,2012,6,2,1
169502,365,Fine particles (PM 2.5),Mean,mcg/m3,CD,405,Ridgewood and Maspeth (CD5),Summer 2012,2012-06-01,10.48,,2012,6,2,1
173722,365,Fine particles (PM 2.5),Mean,mcg/m3,UHF34,403,Flushing - Clearview,Summer 2012,2012-06-01,10.07,,2012,6,2,1
173724,365,Fine particles (PM 2.5),Mean,mcg/m3,UHF34,407,Southwest Queens,Summer 2012,2012-06-01,9.86,,2012,6,2,1
221822,386,Ozone (O3),Mean,ppb,UHF34,202,Downtown - Heights - Slope,Summer 2012,2012-06-01,30.66,,2012,6,2,1
172175,375,Nitrogen dioxide (NO2),Mean,ppb,UHF34,201,Greenpoint,Summer 2012,2012-06-01,19.39,,2012,6,2,1
221792,386,Ozone (O3),Mean,ppb,UHF34,101,Kingsbridge - Riverdale,Summer 2012,2012-06-01,33.72,,2012,6,2,1
219980,386,Ozone (O3),Mean,ppb,Borough,3,Manhattan,Summer 2012,2012-06-01,29.21,,2012,6,2,1
179361,375,Nitrogen dioxide (NO2),Mean,ppb,Borough,4,Queens,Summer 2012,2012-06-01,15.84,,2012,6,2,1
166801,375,Nitrogen dioxide (NO2),Mean,ppb,CD,101,Financial District (CD1),Summer 2012,2012-06-01,29.25,,2012,6,2,1
169471,365,Fine particles (PM 2.5),Mean,mcg/m3,CD,204,Highbridge and Concourse (CD4),Summer 2012,2012-06-01,11.14,,2012,6,2,1
177897,365,Fine particles (PM 2.5),Mean,mcg/m3,UHF42,103,Fordham - Bronx Pk,Summer 2012,2012-06-01,10.35,,2012,6,2,1
177919,365,Fine particles (PM 2.5),Mean,mcg/m3,UHF42,307,Gramercy Park - Murray Hill,Summer 2012,2012-06-01,13.98,,2012,6,2,1
177899,365,Fine particles (PM 2.5),Mean,mcg/m3,UHF42,105,Crotona -Tremont,Summer 2012,2012-06-01,11.01,,2012,6,2,1
177929,365,Fine particles (PM 2.5),Mean,mcg/m3,UHF42,407,Southwest Queens,Summer 2012,2012-06-01,9.86,,2012,6,2,1
177930,365,Fine particles (PM 2.5),Mean,mcg/m3,UHF42,408,Jamaica,Summer 2012,2012-06-01,9.98,,2012,6,2,1
176030,375,Nitrogen dioxide (NO2),Mean,ppb,UHF42,308,Greenwich Village - SoHo,Summer 2012,2012-06-01,27.33,,2012,6,2,1
216341,386,Ozone (O3),Mean,ppb,CD,111,East Harlem (CD11),Summer 2012,2012-06-01,32.3,,2012,6,2,1
222614,386,Ozone (O3),Mean,ppb,UHF42,408,Jamaica,Summer 2012,2012-06-01,33.78,,2012,6,2,1
216587,386,Ozone (O3),Mean,ppb,CD,410,South Ozone Park and Howard Beach (CD10),Summer 2012,2012-06-01,34.79,,2012,6,2,1
177908,365,Fine particles (PM 2.5),Mean,mcg/m3,UHF42,207,East Flatbush - Flatbush,Summer 2012,2012-06-01,10.28,,2012,6,2,1
166854,375,Nitrogen dioxide (NO2),Mean,ppb,CD,412,Jamaica and Hollis (CD12),Summer 2012,2012-06-01,16.28,,2012,6,2,1
176025,375,Nitrogen dioxide (NO2),Mean,ppb,UHF42,303,East Harlem,Summer 2012,2012-06-01,21.24,,2012,6,2,1
176046,375,Nitrogen dioxide (NO2),Mean,ppb,UHF42,504,South Beach - Tottenville,Summer 2012,2012-06-01,8.15,,2012,6,2,1
166805,375,Nitrogen dioxide (NO2),Mean,ppb,CD,105,Midtown (CD5),Summer 2012,2012-06-01,40.34,,2012,6,2,1
221984,386,Ozone (O3),Mean,ppb,UHF34,503504,Southern SI,Summer 2012,2012-06-01,34.34,,2012,6,2,1
216485,386,Ozone (O3),Mean,ppb,CD,311,Bensonhurst (CD11),Summer 2012,2012-06-01,34.91,,2012,6,2,1
216479,386,Ozone (O3),Mean,ppb,CD,310,Bay Ridge and Dyker Heights (CD10),Summer 2012,2012-06-01,32.99,,2012,6,2,1
169487,365,Fine particles (PM 2.5),Mean,mcg/m3,CD,308,Crown Heights and Prospect Heights (CD8),Summer 2012,2012-06-01,10.4,,2012,6,2,1
216599,386,Ozone (O3),Mean,ppb,CD,412,Jamaica and Hollis (CD12),Summer 2012,2012-06-01,33.94,,2012,6,2,1
222482,386,Ozone (O3),Mean,ppb,UHF42,207,East Flatbush - Flatbush,Summer 2012,2012-06-01,33.38,,2012,6,2,1
221960,386,Ozone (O3),Mean,ppb,UHF34,306308,Chelsea-Village,Summer 2012,2012-06-01,26.62,,2012,6,2,1
177907,365,Fine particles (PM 2.5),Mean,mcg/m3,UHF42,206,Borough Park,Summer 2012,2012-06-01,10.2,,2012,6,2,1
176017,375,Nitrogen dioxide (NO2),Mean,ppb,UHF42,206,Borough Park,Summer 2012,2012-06-01,16.65,,2012,6,2,1
221810,386,Ozone (O3),Mean,ppb,UHF34,104,Pelham - Throgs Neck,Summer 2012,2012-06-01,35.44,,2012,6,2,1
172177,375,Nitrogen dioxide (NO2),Mean,ppb,UHF34,203,Bedford Stuyvesant - Crown Heights,Summer 2012,2012-06-01,19.0,,2012,6,2,1
221894,386,Ozone (O3),Mean,ppb,UHF34,303,East Harlem,Summer 2012,2012-06-01,32.25,,2012,6,2,1
176027,375,Nitrogen dioxide (NO2),Mean,ppb,UHF42,305,Upper East Side,Summer 2012,2012-06-01,26.79,,2012,6,2,1
176016,375,Nitrogen dioxide (NO2),Mean,ppb,UHF42,205,Sunset Park,Summer 2012,2012-06-01,17.13,,2012,6,2,1
176037,375,Nitrogen dioxide (NO2),Mean,ppb,UHF42,405,Ridgewood - Forest Hills,Summer 2012,2012-06-01,17.24,,2012,6,2,1
221918,386,Ozone (O3),Mean,ppb,UHF34,403,Flushing - Clearview,Summer 2012,2012-06-01,34.46,,2012,6,2,1
169466,365,Fine particles (PM 2.5),Mean,mcg/m3,CD,111,East Harlem (CD11),Summer 2012,2012-06-01,10.99,,2012,6,2,1
172201,375,Nitrogen dioxide (NO2),Mean,ppb,UHF34,404406,Bayside Little Neck-Fresh Meadows,Summer 2012,2012-06-01,15.41,,2012,6,2,1
176007,375,Nitrogen dioxide (NO2),Mean,ppb,UHF42,103,Fordham - Bronx Pk,Summer 2012,2012-06-01,17.13,,2012,6,2,1
177922,365,Fine particles (PM 2.5),Mean,mcg/m3,UHF42,310,Lower Manhattan,Summer 2012,2012-06-01,12.25,,2012,6,2,1
177900,365,Fine particles (PM 2.5),Mean,mcg/m3,UHF42,106,High Bridge - Morrisania,Summer 2012,2012-06-01,11.03,,2012,6,2,1
176028,375,Nitrogen dioxide (NO2),Mean,ppb,UHF42,306,Chelsea - Clinton,Summer 2012,2012-06-01,32.85,,2012,6,2,1
177898,365,Fine particles (PM 2.5),Mean,mcg/m3,UHF42,104,Pelham - Throgs Neck,Summer 2012,2012-06-01,10.29,,2012,6,2,1
216509,386,Ozone (O3),Mean,ppb,CD,315,Sheepshead Bay (CD15),Summer 2012,2012-06-01,36.83,,2012,6,2,1
176032,375,Nitrogen dioxide (NO2),Mean,ppb,UHF42,310,Lower Manhattan,Summer 2012,2012-06-01,29.32,,2012,6,2,1
173727,365,Fine particles (PM 2.5),Mean,mcg/m3,UHF34,410,Rockaways,Summer 2012,2012-06-01,9.41,,2012,6,2,1
173731,365,Fine particles (PM 2.5),Mean,mcg/m3,UHF34,404406,Bayside Little Neck-Fresh Meadows,Summer 2012,2012-06-01,9.87,,2012,6,2,1
169480,365,Fine particles (PM 2.5),Mean,mcg/m3,CD,301,Greenpoint and Williamsburg (CD1),Summer 2012,2012-06-01,11.78,,2012,6,2,1
177911,365,Fine particles (PM 2.5),Mean,mcg/m3,UHF42,210,Coney Island - Sheepshead Bay,Summer 2012,2012-06-01,9.89,,2012,6,2,1
166819,375,Nitrogen dioxide (NO2),Mean,ppb,CD,207,Kingsbridge Heights and Bedford (CD7),Summer 2012,2012-06-01,18.61,,2012,6,2,1
172179,375,Nitrogen dioxide (NO2),Mean,ppb,UHF34,205,Sunset Park,Summer 2012,2012-06-01,17.13,,2012,6,2,1
177917,365,Fine particles (PM 2.5),Mean,mcg/m3,UHF42,305,Upper East Side,Summer 2012,2012-06-01,12.14,,2012,6,2,1
216419,386,Ozone (O3),Mean,ppb,CD,212,Williamsbridge and Baychester (CD12),Summer 2012,2012-06-01,35.02,,2012,6,2,1
169498,365,Fine particles (PM 2.5),Mean,mcg/m3,CD,401,Long Island City and Astoria (CD1),Summer 2012,2012-06-01,10.46,,2012,6,2,1
177895,365,Fine particles (PM 2.5),Mean,mcg/m3,UHF42,101,Kingsbridge - Riverdale,Summer 2012,2012-06-01,10.15,,2012,6,2,1
221930,386,Ozone (O3),Mean,ppb,UHF34,407,Southwest Queens,Summer 2012,2012-06-01,34.15,,2012,6,2,1
221906,386,Ozone (O3),Mean,ppb,UHF34,401,Long Island City - Astoria,Summer 2012,2012-06-01,33.91,,2012,6,2,1
177905,365,Fine particles (PM 2.5),Mean,mcg/m3,UHF42,204,East New York,Summer 2012,2012-06-01,9.73,,2012,6,2,1
177933,365,Fine particles (PM 2.5),Mean,mcg/m3,UHF42,501,Port Richmond,Summer 2012,2012-06-01,10.13,,2012,6,2,1
216335,386,Ozone (O3),Mean,ppb,CD,110,Central Harlem (CD10),Summer 2012,2012-06-01,31.8,,2012,6,2,1
173711,365,Fine particles (PM 2.5),Mean,mcg/m3,UHF34,207,East Flatbush - Flatbush,Summer 2012,2012-06-01,10.28,,2012,6,2,1
216473,386,Ozone (O3),Mean,ppb,CD,309,South Crown Heights and Lefferts Gardens (CD9),Summer 2012,2012-06-01,32.11,,2012,6,2,1
173732,365,Fine particles (PM 2.5),Mean,mcg/m3,UHF34,501502,Northern SI,Summer 2012,2012-06-01,9.9,,2012,6,2,1
166841,375,Nitrogen dioxide (NO2),Mean,ppb,CD,317,East Flatbush (CD17),Summer 2012,2012-06-01,16.97,,2012,6,2,1
179359,375,Nitrogen dioxide (NO2),Mean,ppb,Borough,2,Brooklyn,Summer 2012,2012-06-01,16.27,,2012,6,2,1
179586,365,Fine particles (PM 2.5),Mean,mcg/m3,Borough,4,Queens,Summer 2012,2012-06-01,10.06,,2012,6,2,1
518679,661,Asthma hospitalizations due to Ozone,Estimated annual rate (age 18+),"per 100,000 adults",UHF42,404,Bayside - Little Neck,2012-2014,2012-01-02,2.0,,2012,1,1,1
518669,661,Asthma hospitalizations due to Ozone,Estimated annual rate (age 18+),"per 100,000 adults",UHF42,304,Upper West Side,2012-2014,2012-01-02,3.1,,2012,1,1,1
518518,653,Asthma emergency departments visits due to Ozone,Estimated annual rate (under age 18),"per 100,000 children",UHF42,208,Canarsie - Flatlands,2012-2014,2012-01-02,98.8,,2012,1,1,1
518849,651,Cardiovascular hospitalizations due to PM2.5 (age 40+),Estimated annual rate,"per 100,000 adults",UHF42,203,Bedford Stuyvesant - Crown Heights,2012-2014,2012-01-02,17.73841928,,2012,1,1,1
518838,651,Cardiovascular hospitalizations due to PM2.5 (age 40+),Estimated annual rate,"per 100,000 adults",Borough,4,Queens,2012-2014,2012-01-02,11.06004901,,2012,1,1,1
518756,639,Deaths due to PM2.5,Estimated annual rate (age 30+),"per 100,000 adults",UHF42,206,Borough Park,2012-2014,2012-01-02,42.14091277,,2012,1,1,1
518926,648,Asthma emergency department visits due to PM2.5,Estimated annual rate (under age 18),"per 100,000 children",UHF42,501,Port Richmond,2012-2014,2012-01-02,85.93689863,,2012,1,1,1
518680,661,Asthma hospitalizations due to Ozone,Estimated annual rate (age 18+),"per 100,000 adults",UHF42,405,Ridgewood - Forest Hills,2012-2014,2012-01-02,3.6,,2012,1,1,1
518730,652,Cardiac and respiratory deaths due to Ozone,Estimated annual rate,"per 100,000",UHF42,407,Southwest Queens,2012-2014,2012-01-02,4.1,,2012,1,1,1
518868,651,Cardiovascular hospitalizations due to PM2.5 (age 40+),Estimated annual rate,"per 100,000 adults",UHF42,401,Long Island City - Astoria,2012-2014,2012-01-02,11.37739651,,2012,1,1,1
518527,653,Asthma emergency departments visits due to Ozone,Estimated annual rate (under age 18),"per 100,000 children",UHF42,306,Chelsea - Clinton,2012-2014,2012-01-02,75.7,,2012,1,1,1
518593,659,Asthma emergency departments visits due to Ozone,Estimated annual rate (age 18+),"per 100,000 adults",UHF42,504,South Beach - Tottenville,2012-2014,2012-01-02,18.6,,2012,1,1,1
518955,657,Asthma emergency department visits due to PM2.5,Estimated annual rate (age 18+),"per 100,000 adults",UHF42,302,Central Harlem - Morningside Heights,2012-2014,2012-01-02,116.4198649,,2012,1,1,1
518732,652,Cardiac and respiratory deaths due to Ozone,Estimated annual rate,"per 100,000",UHF42,409,Southeast Queens,2012-2014,2012-01-02,4.3,,2012,1,1,1
518632,655,Asthma hospitalizations due to Ozone,Estimated annual rate (under age 18),"per 100,000 children",UHF42,405,Ridgewood - Forest Hills,2012-2014,2012-01-02,14.6,,2012,1,1,1
518556,659,Asthma emergency departments visits due to Ozone,Estimated annual rate (age 18+),"per 100,000 adults",UHF42,105,Crotona -Tremont,2012-2014,2012-01-02,138.1,,2012,1,1,1
518691,652,Cardiac and respiratory deaths due to Ozone,Estimated annual rate,"per 100,000",Borough,1,Bronx,2012-2014,2012-01-02,5.0,,2012,1,1,1
518659,661,Asthma hospitalizations due to Ozone,Estimated annual rate (age 18+),"per 100,000 adults",UHF42,205,Sunset Park,2012-2014,2012-01-02,5.2,,2012,1,1,1
518872,651,Cardiovascular hospitalizations due to PM2.5 (age 40+),Estimated annual rate,"per 100,000 adults",UHF42,405,Ridgewood - Forest Hills,2012-2014,2012-01-02,11.23713753,,2012,1,1,1
518511,653,Asthma emergency departments visits due to Ozone,Estimated annual rate (under age 18),"per 100,000 children",UHF42,201,Greenpoint,2012-2014,2012-01-02,50.5,,2012,1,1,1
518781,639,Deaths due to PM2.5,Estimated annual rate (age 30+),"per 100,000 adults",UHF42,410,Rockaways,2012-2014,2012-01-02,49.49285297,,2012,1,1,1
518572,659,Asthma emergency departments visits due to Ozone,Estimated annual rate (age 18+),"per 100,000 adults",UHF42,303,East Harlem,2012-2014,2012-01-02,154.9,,2012,1,1,1
518550,659,Asthma emergency departments visits due to Ozone,Estimated annual rate (age 18+),"per 100,000 adults",Borough,4,Queens,2012-2014,2012-01-02,30.3,,2012,1,1,1
518957,657,Asthma emergency department visits due to PM2.5,Estimated annual rate (age 18+),"per 100,000 adults",UHF42,304,Upper West Side,2012-2014,2012-01-02,23.48917975,,2012,1,1,1
518880,651,Cardiovascular hospitalizations due to PM2.5 (age 40+),Estimated annual rate,"per 100,000 adults",UHF42,503,Willowbrook,2012-2014,2012-01-02,14.0487494,,2012,1,1,1
518862,651,Cardiovascular hospitalizations due to PM2.5 (age 40+),Estimated annual rate,"per 100,000 adults",UHF42,305,Upper East Side,2012-2014,2012-01-02,9.18145178,,2012,1,1,1
518622,655,Asthma hospitalizations due to Ozone,Estimated annual rate (under age 18),"per 100,000 children",UHF42,305,Upper East Side,2012-2014,2012-01-02,7.6,,2012,1,1,1
518720,652,Cardiac and respiratory deaths due to Ozone,Estimated annual rate,"per 100,000",UHF42,307,Gramercy Park - Murray Hill,2012-2014,2012-01-02,3.4,,2012,1,1,1
518949,657,Asthma emergency department visits due to PM2.5,Estimated annual rate (age 18+),"per 100,000 adults",UHF42,207,East Flatbush - Flatbush,2012-2014,2012-01-02,49.92977402,,2012,1,1,1
518896,648,Asthma emergency department visits due to PM2.5,Estimated annual rate (under age 18),"per 100,000 children",UHF42,202,Downtown - Heights - Slope,2012-2014,2012-01-02,76.92788325,,2012,1,1,1
518682,661,Asthma hospitalizations due to Ozone,Estimated annual rate (age 18+),"per 100,000 adults",UHF42,407,Southwest Queens,2012-2014,2012-01-02,4.1,,2012,1,1,1
518598,655,Asthma hospitalizations due to Ozone,Estimated annual rate (under age 18),"per 100,000 children",Borough,4,Queens,2012-2014,2012-01-02,15.5,,2012,1,1,1
518870,651,Cardiovascular hospitalizations due to PM2.5 (age 40+),Estimated annual rate,"per 100,000 adults",UHF42,403,Flushing - Clearview,2012-2014,2012-01-02,9.199638652,,2012,1,1,1
518672,661,Asthma hospitalizations due to Ozone,Estimated annual rate (age 18+),"per 100,000 adults",UHF42,307,Gramercy Park - Murray Hill,2012-2014,2012-01-02,1.7,,2012,1,1,1
518820,650,Respiratory hospitalizations due to PM2.5 (age 20+),Estimated annual rate,"per 100,000 adults",UHF42,401,Long Island City - Astoria,2012-2014,2012-01-02,9.751318103,,2012,1,1,1
518588,659,Asthma emergency departments visits due to Ozone,Estimated annual rate (age 18+),"per 100,000 adults",UHF42,409,Southeast Queens,2012-2014,2012-01-02,35.8,,2012,1,1,1
518563,659,Asthma emergency departments visits due to Ozone,Estimated annual rate (age 18+),"per 100,000 adults",UHF42,205,Sunset Park,2012-2014,2012-01-02,33.1,,2012,1,1,1
518978,657,Asthma emergency department visits due to PM2.5,Estimated annual rate (age 18+),"per 100,000 adults",Citywide,1,New York City,2012-2014,2012-01-02,42.2,,2012,1,1,1
518708,652,Cardiac and respiratory deaths due to Ozone,Estimated annual rate,"per 100,000",UHF42,206,Borough Park,2012-2014,2012-01-02,5.0,,2012,1,1,1
518946,657,Asthma emergency department visits due to PM2.5,Estimated annual rate (age 18+),"per 100,000 adults",UHF42,204,East New York,2012-2014,2012-01-02,84.9497052,,2012,1,1,1
518524,653,Asthma emergency departments visits due to Ozone,Estimated annual rate (under age 18),"per 100,000 children",UHF42,303,East Harlem,2012-2014,2012-01-02,261.6,,2012,1,1,1
518690,661,Asthma hospitalizations due to Ozone,Estimated annual rate (age 18+),"per 100,000 adults",Citywide,1,New York City,2012-2014,2012-01-02,6.6,,2012,1,1,1
518536,653,Asthma emergency departments visits due to Ozone,Estimated annual rate (under age 18),"per 100,000 children",UHF42,405,Ridgewood - Forest Hills,2012-2014,2012-01-02,57.6,,2012,1,1,1
518821,650,Respiratory hospitalizations due to PM2.5 (age 20+),Estimated annual rate,"per 100,000 adults",UHF42,402,West Queens,2012-2014,2012-01-02,7.460491974,,2012,1,1,1
518721,652,Cardiac and respiratory deaths due to Ozone,Estimated annual rate,"per 100,000",UHF42,308,Greenwich Village - SoHo,2012-2014,2012-01-02,2.8,,2012,1,1,1
518716,652,Cardiac and respiratory deaths due to Ozone,Estimated annual rate,"per 100,000",UHF42,303,East Harlem,2012-2014,2012-01-02,5.3,,2012,1,1,1
518515,653,Asthma emergency departments visits due to Ozone,Estimated annual rate (under age 18),"per 100,000 children",UHF42,205,Sunset Park,2012-2014,2012-01-02,49.9,,2012,1,1,1
518584,659,Asthma emergency departments visits due to Ozone,Estimated annual rate (age 18+),"per 100,000 adults",UHF42,405,Ridgewood - Forest Hills,2012-2014,2012-01-02,19.5,,2012,1,1,1
518797,650,Respiratory hospitalizations due to PM2.5 (age 20+),Estimated annual rate,"per 100,000 adults",UHF42,106,High Bridge - Morrisania,2012-2014,2012-01-02,23.46340586,,2012,1,1,1
518842,651,Cardiovascular hospitalizations due to PM2.5 (age 40+),Estimated annual rate,"per 100,000 adults",UHF42,103,Fordham - Bronx Pk,2012-2014,2012-01-02,14.53239135,,2012,1,1,1
518627,655,Asthma hospitalizations due to Ozone,Estimated annual rate (under age 18),"per 100,000 children",UHF42,310,Lower Manhattan,2012-2014,2012-01-02,6.2,,2012,1,1,1
518961,657,Asthma emergency department visits due to PM2.5,Estimated annual rate (age 18+),"per 100,000 adults",UHF42,308,Greenwich Village - SoHo,2012-2014,2012-01-02,7.241535058,,2012,1,1,1
518609,655,Asthma hospitalizations due to Ozone,Estimated annual rate (under age 18),"per 100,000 children",UHF42,203,Bedford Stuyvesant - Crown Heights,2012-2014,2012-01-02,44.8,,2012,1,1,1
518907,648,Asthma emergency department visits due to PM2.5,Estimated annual rate (under age 18),"per 100,000 children",UHF42,302,Central Harlem - Morningside Heights,2012-2014,2012-01-02,253.1391925,,2012,1,1,1
518516,653,Asthma emergency departments visits due to Ozone,Estimated annual rate (under age 18),"per 100,000 children",UHF42,206,Borough Park,2012-2014,2012-01-02,24.0,,2012,1,1,1
518513,653,Asthma emergency departments visits due to Ozone,Estimated annual rate (under age 18),"per 100,000 children",UHF42,203,Bedford Stuyvesant - Crown Heights,2012-2014,2012-01-02,213.9,,2012,1,1,1
518809,650,Respiratory hospitalizations due to PM2.5 (age 20+),Estimated annual rate,"per 100,000 adults",UHF42,211,Williamsburg - Bushwick,2012-2014,2012-01-02,15.93933114,,2012,1,1,1
518704,652,Cardiac and respiratory deaths due to Ozone,Estimated annual rate,"per 100,000",UHF42,202,Downtown - Heights - Slope,2012-2014,2012-01-02,4.3,,2012,1,1,1
518857,651,Cardiovascular hospitalizations due to PM2.5 (age 40+),Estimated annual rate,"per 100,000 adults",UHF42,211,Williamsburg - Bushwick,2012-2014,2012-01-02,19.2025655,,2012,1,1,1
518969,657,Asthma emergency department visits due to PM2.5,Estimated annual rate (age 18+),"per 100,000 adults",UHF42,406,Fresh Meadows,2012-2014,2012-01-02,16.72384887,,2012,1,1,1
518894,648,Asthma emergency department visits due to PM2.5,Estimated annual rate (under age 18),"per 100,000 children",UHF42,107,Hunts Point - Mott Haven,2012-2014,2012-01-02,233.1883706,,2012,1,1,1
518700,652,Cardiac and respiratory deaths due to Ozone,Estimated annual rate,"per 100,000",UHF42,105,Crotona -Tremont,2012-2014,2012-01-02,3.4,,2012,1,1,1
518950,657,Asthma emergency department visits due to PM2.5,Estimated annual rate (age 18+),"per 100,000 adults",UHF42,208,Canarsie - Flatlands,2012-2014,2012-01-02,35.08046439,,2012,1,1,1
518601,655,Asthma hospitalizations due to Ozone,Estimated annual rate (under age 18),"per 100,000 children",UHF42,102,Northeast Bronx,2012-2014,2012-01-02,42.4,,2012,1,1,1
518776,639,Deaths due to PM2.5,Estimated annual rate (age 30+),"per 100,000 adults",UHF42,405,Ridgewood - Forest Hills,2012-2014,2012-01-02,39.00572246,,2012,1,1,1
518814,650,Respiratory hospitalizations due to PM2.5 (age 20+),Estimated annual rate,"per 100,000 adults",UHF42,305,Upper East Side,2012-2014,2012-01-02,8.379345245,,2012,1,1,1
518906,648,Asthma emergency department visits due to PM2.5,Estimated annual rate (under age 18),"per 100,000 children",UHF42,301,Washington Heights,2012-2014,2012-01-02,111.5954116,,2012,1,1,1
518901,648,Asthma emergency department visits due to PM2.5,Estimated annual rate (under age 18),"per 100,000 children",UHF42,207,East Flatbush - Flatbush,2012-2014,2012-01-02,102.3744078,,2012,1,1,1
518823,650,Respiratory hospitalizations due to PM2.5 (age 20+),Estimated annual rate,"per 100,000 adults",UHF42,404,Bayside - Little Neck,2012-2014,2012-01-02,6.965866869,,2012,1,1,1
518625,655,Asthma hospitalizations due to Ozone,Estimated annual rate (under age 18),"per 100,000 children",UHF42,308,Greenwich Village - SoHo,2012-2014,2012-01-02,5.4,,2012,1,1,1
518802,650,Respiratory hospitalizations due to PM2.5 (age 20+),Estimated annual rate,"per 100,000 adults",UHF42,204,East New York,2012-2014,2012-01-02,13.9632727,,2012,1,1,1
518624,655,Asthma hospitalizations due to Ozone,Estimated annual rate (under age 18),"per 100,000 children",UHF42,307,Gramercy Park - Murray Hill,2012-2014,2012-01-02,9.0,,2012,1,1,1
518750,639,Deaths due to PM2.5,Estimated annual rate (age 30+),"per 100,000 adults",UHF42,107,Hunts Point - Mott Haven,2012-2014,2012-01-02,46.50870591,,2012,1,1,1
518826,650,Respiratory hospitalizations due to PM2.5 (age 20+),Estimated annual rate,"per 100,000 adults",UHF42,407,Southwest Queens,2012-2014,2012-01-02,8.270583785,,2012,1,1,1
518733,652,Cardiac and respiratory deaths due to Ozone,Estimated annual rate,"per 100,000",UHF42,410,Rockaways,2012-2014,2012-01-02,9.4,,2012,1,1,1
518766,639,Deaths due to PM2.5,Estimated annual rate (age 30+),"per 100,000 adults",UHF42,305,Upper East Side,2012-2014,2012-01-02,43.36652158,,2012,1,1,1
518658,661,Asthma hospitalizations due to Ozone,Estimated annual rate (age 18+),"per 100,000 adults",UHF42,204,East New York,2012-2014,2012-01-02,11.7,,2012,1,1,1
518654,661,Asthma hospitalizations due to Ozone,Estimated annual rate (age 18+),"per 100,000 adults",UHF42,107,Hunts Point - Mott Haven,2012-2014,2012-01-02,19.4,,2012,1,1,1
518685,661,Asthma hospitalizations due to Ozone,Estimated annual rate (age 18+),"per 100,000 adults",UHF42,410,Rockaways,2012-2014,2012-01-02,7.6,,2012,1,1,1
518827,650,Respiratory hospitalizations due to PM2.5 (age 20+),Estimated annual rate,"per 100,000 adults",UHF42,408,Jamaica,2012-2014,2012-01-02,9.847395096,,2012,1,1,1
518605,655,Asthma hospitalizations due to Ozone,Estimated annual rate (under age 18),"per 100,000 children",UHF42,106,High Bridge - Morrisania,2012-2014,2012-01-02,48.7,,2012,1,1,1
518535,653,Asthma emergency departments visits due to Ozone,Estimated annual rate (under age 18),"per 100,000 children",UHF42,404,Bayside - Little Neck,2012-2014,2012-01-02,19.5,,2012,1,1,1
518735,652,Cardiac and respiratory deaths due to Ozone,Estimated annual rate,"per 100,000",UHF42,502,Stapleton - St. George,2012-2014,2012-01-02,7.9,,2012,1,1,1
518738,652,Cardiac and respiratory deaths due to Ozone,Estimated annual rate,"per 100,000",Citywide,1,New York City,2012-2014,2012-01-02,5.0,,2012,1,1,1
518687,661,Asthma hospitalizations due to Ozone,Estimated annual rate (age 18+),"per 100,000 adults",UHF42,502,Stapleton - St. George,2012-2014,2012-01-02,8.6,,2012,1,1,1
518937,657,Asthma emergency department visits due to PM2.5,Estimated annual rate (age 18+),"per 100,000 adults",UHF42,102,Northeast Bronx,2012-2014,2012-01-02,57.70227751,,2012,1,1,1
518819,650,Respiratory hospitalizations due to PM2.5 (age 20+),Estimated annual rate,"per 100,000 adults",UHF42,310,Lower Manhattan,2012-2014,2012-01-02,6.081365832,,2012,1,1,1
518921,648,Asthma emergency department visits due to PM2.5,Estimated annual rate (under age 18),"per 100,000 children",UHF42,406,Fresh Meadows,2012-2014,2012-01-02,38.05502612,,2012,1,1,1
518509,653,Asthma emergency departments visits due to Ozone,Estimated annual rate (under age 18),"per 100,000 children",UHF42,106,High Bridge - Morrisania,2012-2014,2012-01-02,248.9,,2012,1,1,1
518786,639,Deaths due to PM2.5,Estimated annual rate (age 30+),"per 100,000 adults",Citywide,1,New York City,2012-2014,2012-01-02,40.6,,2012,1,1,1
518959,657,Asthma emergency department visits due to PM2.5,Estimated annual rate (age 18+),"per 100,000 adults",UHF42,306,Chelsea - Clinton,2012-2014,2012-01-02,28.51662181,,2012,1,1,1
518712,652,Cardiac and respiratory deaths due to Ozone,Estimated annual rate,"per 100,000",UHF42,210,Coney Island - Sheepshead Bay,2012-2014,2012-01-02,8.0,,2012,1,1,1
518916,648,Asthma emergency department visits due to PM2.5,Estimated annual rate (under age 18),"per 100,000 children",UHF42,401,Long Island City - Astoria,2012-2014,2012-01-02,48.83048403,,2012,1,1,1
518864,651,Cardiovascular hospitalizations due to PM2.5 (age 40+),Estimated annual rate,"per 100,000 adults",UHF42,307,Gramercy Park - Murray Hill,2012-2014,2012-01-02,12.08386218,,2012,1,1,1
518844,651,Cardiovascular hospitalizations due to PM2.5 (age 40+),Estimated annual rate,"per 100,000 adults",UHF42,105,Crotona -Tremont,2012-2014,2012-01-02,18.08998516,,2012,1,1,1
518962,657,Asthma emergency department visits due to PM2.5,Estimated annual rate (age 18+),"per 100,000 adults",UHF42,309,Union Square - Lower East Side,2012-2014,2012-01-02,36.21213861,,2012,1,1,1
518759,639,Deaths due to PM2.5,Estimated annual rate (age 30+),"per 100,000 adults",UHF42,209,Bensonhurst - Bay Ridge,2012-2014,2012-01-02,41.31706476,,2012,1,1,1
518662,661,Asthma hospitalizations due to Ozone,Estimated annual rate (age 18+),"per 100,000 adults",UHF42,208,Canarsie - Flatlands,2012-2014,2012-01-02,6.5,,2012,1,1,1
518728,652,Cardiac and respiratory deaths due to Ozone,Estimated annual rate,"per 100,000",UHF42,405,Ridgewood - Forest Hills,2012-2014,2012-01-02,6.0,,2012,1,1,1
518954,657,Asthma emergency department visits due to PM2.5,Estimated annual rate (age 18+),"per 100,000 adults",UHF42,301,Washington Heights,2012-2014,2012-01-02,40.42294826,,2012,1,1,1
518631,655,Asthma hospitalizations due to Ozone,Estimated annual rate (under age 18),"per 100,000 children",UHF42,404,Bayside - Little Neck,2012-2014,2012-01-02,8.3,,2012,1,1,1
518763,639,Deaths due to PM2.5,Estimated annual rate (age 30+),"per 100,000 adults",UHF42,302,Central Harlem - Morningside Heights,2012-2014,2012-01-02,53.0944192,,2012,1,1,1
518828,650,Respiratory hospitalizations due to PM2.5 (age 20+),Estimated annual rate,"per 100,000 adults",UHF42,409,Southeast Queens,2012-2014,2012-01-02,6.918949831,,2012,1,1,1
518807,650,Respiratory hospitalizations due to PM2.5 (age 20+),Estimated annual rate,"per 100,000 adults",UHF42,209,Bensonhurst - Bay Ridge,2012-2014,2012-01-02,8.863739737,,2012,1,1,1
518977,657,Asthma emergency department visits due to PM2.5,Estimated annual rate (age 18+),"per 100,000 adults",UHF42,504,South Beach - Tottenville,2012-2014,2012-01-02,12.31857041,,2012,1,1,1
518970,657,Asthma emergency department visits due to PM2.5,Estimated annual rate (age 18+),"per 100,000 adults",UHF42,407,Southwest Queens,2012-2014,2012-01-02,23.61928208,,2012,1,1,1
518963,657,Asthma emergency department visits due to PM2.5,Estimated annual rate (age 18+),"per 100,000 adults",UHF42,310,Lower Manhattan,2012-2014,2012-01-02,24.13790062,,2012,1,1,1
518787,650,Respiratory hospitalizations due to PM2.5 (age 20+),Estimated annual rate,"per 100,000 adults",Borough,1,Bronx,2012-2014,2012-01-02,17.97804125,,2012,1,1,1
518943,657,Asthma emergency department visits due to PM2.5,Estimated annual rate (age 18+),"per 100,000 adults",UHF42,201,Greenpoint,2012-2014,2012-01-02,26.90719521,,2012,1,1,1
518971,657,Asthma emergency department visits due to PM2.5,Estimated annual rate (age 18+),"per 100,000 adults",UHF42,408,Jamaica,2012-2014,2012-01-02,39.60036788,,2012,1,1,1
518964,657,Asthma emergency department visits due to PM2.5,Estimated annual rate (age 18+),"per 100,000 adults",UHF42,401,Long Island City - Astoria,2012-2014,2012-01-02,25.08509515,,2012,1,1,1
518581,659,Asthma emergency departments visits due to Ozone,Estimated annual rate (age 18+),"per 100,000 adults",UHF42,402,West Queens,2012-2014,2012-01-02,18.1,,2012,1,1,1
518928,648,Asthma emergency department visits due to PM2.5,Estimated annual rate (under age 18),"per 100,000 children",UHF42,503,Willowbrook,2012-2014,2012-01-02,26.74282016,,2012,1,1,1
518650,661,Asthma hospitalizations due to Ozone,Estimated annual rate (age 18+),"per 100,000 adults",UHF42,103,Fordham - Bronx Pk,2012-2014,2012-01-02,15.0,,2012,1,1,1
518892,648,Asthma emergency department visits due to PM2.5,Estimated annual rate (under age 18),"per 100,000 children",UHF42,105,Crotona -Tremont,2012-2014,2012-01-02,214.1413502,,2012,1,1,1
518965,657,Asthma emergency department visits due to PM2.5,Estimated annual rate (age 18+),"per 100,000 adults",UHF42,402,West Queens,2012-2014,2012-01-02,13.56326935,,2012,1,1,1
518692,652,Cardiac and respiratory deaths due to Ozone,Estimated annual rate,"per 100,000",Borough,2,Brooklyn,2012-2014,2012-01-02,5.2,,2012,1,1,1
518834,650,Respiratory hospitalizations due to PM2.5 (age 20+),Estimated annual rate,"per 100,000 adults",Citywide,1,New York City,2012-2014,2012-01-02,11.7,,2012,1,1,1
518754,639,Deaths due to PM2.5,Estimated annual rate (age 30+),"per 100,000 adults",UHF42,204,East New York,2012-2014,2012-01-02,38.56752214,,2012,1,1,1
518562,659,Asthma emergency departments visits due to Ozone,Estimated annual rate (age 18+),"per 100,000 adults",UHF42,204,East New York,2012-2014,2012-01-02,115.2,,2012,1,1,1
518918,648,Asthma emergency department visits due to PM2.5,Estimated annual rate (under age 18),"per 100,000 children",UHF42,403,Flushing - Clearview,2012-2014,2012-01-02,29.26451621,,2012,1,1,1
518806,650,Respiratory hospitalizations due to PM2.5 (age 20+),Estimated annual rate,"per 100,000 adults",UHF42,208,Canarsie - Flatlands,2012-2014,2012-01-02,11.06609873,,2012,1,1,1
518573,659,Asthma emergency departments visits due to Ozone,Estimated annual rate (age 18+),"per 100,000 adults",UHF42,304,Upper West Side,2012-2014,2012-01-02,26.9,,2012,1,1,1
518686,661,Asthma hospitalizations due to Ozone,Estimated annual rate (age 18+),"per 100,000 adults",UHF42,501,Port Richmond,2012-2014,2012-01-02,9.8,,2012,1,1,1
518533,653,Asthma emergency departments visits due to Ozone,Estimated annual rate (under age 18),"per 100,000 children",UHF42,402,West Queens,2012-2014,2012-01-02,62.0,,2012,1,1,1
518881,651,Cardiovascular hospitalizations due to PM2.5 (age 40+),Estimated annual rate,"per 100,000 adults",UHF42,504,South Beach - Tottenville,2012-2014,2012-01-02,11.39385897,,2012,1,1,1
518731,652,Cardiac and respiratory deaths due to Ozone,Estimated annual rate,"per 100,000",UHF42,408,Jamaica,2012-2014,2012-01-02,5.4,,2012,1,1,1
518569,659,Asthma emergency departments visits due to Ozone,Estimated annual rate (age 18+),"per 100,000 adults",UHF42,211,Williamsburg - Bushwick,2012-2014,2012-01-02,120.8,,2012,1,1,1
518629,655,Asthma hospitalizations due to Ozone,Estimated annual rate (under age 18),"per 100,000 children",UHF42,402,West Queens,2012-2014,2012-01-02,11.0,,2012,1,1,1
518718,652,Cardiac and respiratory deaths due to Ozone,Estimated annual rate,"per 100,000",UHF42,305,Upper East Side,2012-2014,2012-01-02,4.3,,2012,1,1,1
518737,652,Cardiac and respiratory deaths due to Ozone,Estimated annual rate,"per 100,000",UHF42,504,South Beach - Tottenville,2012-2014,2012-01-02,7.2,,2012,1,1,1
518800,650,Respiratory hospitalizations due to PM2.5 (age 20+),Estimated annual rate,"per 100,000 adults",UHF42,202,Downtown - Heights - Slope,2012-2014,2012-01-02,10.2395858,,2012,1,1,1
518745,639,Deaths due to PM2.5,Estimated annual rate (age 30+),"per 100,000 adults",UHF42,102,Northeast Bronx,2012-2014,2012-01-02,47.87341656,,2012,1,1,1
518932,657,Asthma emergency department visits due to PM2.5,Estimated annual rate (age 18+),"per 100,000 adults",Borough,2,Brooklyn,2012-2014,2012-01-02,44.16734968,,2012,1,1,1
518566,659,Asthma emergency departments visits due to Ozone,Estimated annual rate (age 18+),"per 100,000 adults",UHF42,208,Canarsie - Flatlands,2012-2014,2012-01-02,52.2,,2012,1,1,1
518543,653,Asthma emergency departments visits due to Ozone,Estimated annual rate (under age 18),"per 100,000 children",UHF42,502,Stapleton - St. George,2012-2014,2012-01-02,94.8,,2012,1,1,1
518617,655,Asthma hospitalizations due to Ozone,Estimated annual rate (under age 18),"per 100,000 children",UHF42,211,Williamsburg - Bushwick,2012-2014,2012-01-02,33.4,,2012,1,1,1
518521,653,Asthma emergency departments visits due to Ozone,Estimated annual rate (under age 18),"per 100,000 children",UHF42,211,Williamsburg - Bushwick,2012-2014,2012-01-02,196.9,,2012,1,1,1
518811,650,Respiratory hospitalizations due to PM2.5 (age 20+),Estimated annual rate,"per 100,000 adults",UHF42,302,Central Harlem - Morningside Heights,2012-2014,2012-01-02,16.51888213,,2012,1,1,1
518975,657,Asthma emergency department visits due to PM2.5,Estimated annual rate (age 18+),"per 100,000 adults",UHF42,502,Stapleton - St. George,2012-2014,2012-01-02,39.58801033,,2012,1,1,1
518777,639,Deaths due to PM2.5,Estimated annual rate (age 30+),"per 100,000 adults",UHF42,406,Fresh Meadows,2012-2014,2012-01-02,35.21820928,,2012,1,1,1
518924,648,Asthma emergency department visits due to PM2.5,Estimated annual rate (under age 18),"per 100,000 children",UHF42,409,Southeast Queens,2012-2014,2012-01-02,53.8463865,,2012,1,1,1
518878,651,Cardiovascular hospitalizations due to PM2.5 (age 40+),Estimated annual rate,"per 100,000 adults",UHF42,501,Port Richmond,2012-2014,2012-01-02,12.48938167,,2012,1,1,1
518577,659,Asthma emergency departments visits due to Ozone,Estimated annual rate (age 18+),"per 100,000 adults",UHF42,308,Greenwich Village - SoHo,2012-2014,2012-01-02,7.7,,2012,1,1,1
518948,657,Asthma emergency department visits due to PM2.5,Estimated annual rate (age 18+),"per 100,000 adults",UHF42,206,Borough Park,2012-2014,2012-01-02,11.19447017,,2012,1,1,1
518871,651,Cardiovascular hospitalizations due to PM2.5 (age 40+),Estimated annual rate,"per 100,000 adults",UHF42,404,Bayside - Little Neck,2012-2014,2012-01-02,8.655823604,,2012,1,1,1
518742,639,Deaths due to PM2.5,Estimated annual rate (age 30+),"per 100,000 adults",Borough,4,Queens,2012-2014,2012-01-02,32.76291581,,2012,1,1,1
518637,655,Asthma hospitalizations due to Ozone,Estimated annual rate (under age 18),"per 100,000 children",UHF42,410,Rockaways,2012-2014,2012-01-02,18.0,,2012,1,1,1
518553,659,Asthma emergency departments visits due to Ozone,Estimated annual rate (age 18+),"per 100,000 adults",UHF42,102,Northeast Bronx,2012-2014,2012-01-02,81.9,,2012,1,1,1
518558,659,Asthma emergency departments visits due to Ozone,Estimated annual rate (age 18+),"per 100,000 adults",UHF42,107,Hunts Point - Mott Haven,2012-2014,2012-01-02,146.8,,2012,1,1,1
518854,651,Cardiovascular hospitalizations due to PM2.5 (age 40+),Estimated annual rate,"per 100,000 adults",UHF42,208,Canarsie - Flatlands,2012-2014,2012-01-02,13.05878036,,2012,1,1,1
518848,651,Cardiovascular hospitalizations due to PM2.5 (age 40+),Estimated annual rate,"per 100,000 adults",UHF42,202,Downtown - Heights - Slope,2012-2014,2012-01-02,15.67040675,,2012,1,1,1
518505,653,Asthma emergency departments visits due to Ozone,Estimated annual rate (under age 18),"per 100,000 children",UHF42,102,Northeast Bronx,2012-2014,2012-01-02,184.4,,2012,1,1,1
518793,650,Respiratory hospitalizations due to PM2.5 (age 20+),Estimated annual rate,"per 100,000 adults",UHF42,102,Northeast Bronx,2012-2014,2012-01-02,14.23858546,,2012,1,1,1
518942,657,Asthma emergency department visits due to PM2.5,Estimated annual rate (age 18+),"per 100,000 adults",UHF42,107,Hunts Point - Mott Haven,2012-2014,2012-01-02,130.5921768,,2012,1,1,1
518902,648,Asthma emergency department visits due to PM2.5,Estimated annual rate (under age 18),"per 100,000 children",UHF42,208,Canarsie - Flatlands,2012-2014,2012-01-02,70.94889216,,2012,1,1,1
518897,648,Asthma emergency department visits due to PM2.5,Estimated annual rate (under age 18),"per 100,000 children",UHF42,203,Bedford Stuyvesant - Crown Heights,2012-2014,2012-01-02,164.7908194,,2012,1,1,1
518618,655,Asthma hospitalizations due to Ozone,Estimated annual rate (under age 18),"per 100,000 children",UHF42,301,Washington Heights,2012-2014,2012-01-02,19.1,,2012,1,1,1
518890,648,Asthma emergency department visits due to PM2.5,Estimated annual rate (under age 18),"per 100,000 children",UHF42,103,Fordham - Bronx Pk,2012-2014,2012-01-02,191.4007601,,2012,1,1,1
518856,651,Cardiovascular hospitalizations due to PM2.5 (age 40+),Estimated annual rate,"per 100,000 adults",UHF42,210,Coney Island - Sheepshead Bay,2012-2014,2012-01-02,15.00956468,,2012,1,1,1
518678,661,Asthma hospitalizations due to Ozone,Estimated annual rate (age 18+),"per 100,000 adults",UHF42,403,Flushing - Clearview,2012-2014,2012-01-02,2.6,,2012,1,1,1
518968,657,Asthma emergency department visits due to PM2.5,Estimated annual rate (age 18+),"per 100,000 adults",UHF42,405,Ridgewood - Forest Hills,2012-2014,2012-01-02,14.54482954,,2012,1,1,1
518530,653,Asthma emergency departments visits due to Ozone,Estimated annual rate (under age 18),"per 100,000 children",UHF42,309,Union Square - Lower East Side,2012-2014,2012-01-02,127.0,,2012,1,1,1
518922,648,Asthma emergency department visits due to PM2.5,Estimated annual rate (under age 18),"per 100,000 children",UHF42,407,Southwest Queens,2012-2014,2012-01-02,60.9503606,,2012,1,1,1
518508,653,Asthma emergency departments visits due to Ozone,Estimated annual rate (under age 18),"per 100,000 children",UHF42,105,Crotona -Tremont,2012-2014,2012-01-02,234.9,,2012,1,1,1
518587,659,Asthma emergency departments visits due to Ozone,Estimated annual rate (age 18+),"per 100,000 adults",UHF42,408,Jamaica,2012-2014,2012-01-02,61.5,,2012,1,1,1
518526,653,Asthma emergency departments visits due to Ozone,Estimated annual rate (under age 18),"per 100,000 children",UHF42,305,Upper East Side,2012-2014,2012-01-02,26.2,,2012,1,1,1
518506,653,Asthma emergency departments visits due to Ozone,Estimated annual rate (under age 18),"per 100,000 children",UHF42,103,Fordham - Bronx Pk,2012-2014,2012-01-02,232.6,,2012,1,1,1
518830,650,Respiratory hospitalizations due to PM2.5 (age 20+),Estimated annual rate,"per 100,000 adults",UHF42,501,Port Richmond,2012-2014,2012-01-02,13.96980925,,2012,1,1,1
518903,648,Asthma emergency department visits due to PM2.5,Estimated annual rate (under age 18),"per 100,000 children",UHF42,209,Bensonhurst - Bay Ridge,2012-2014,2012-01-02,18.08516144,,2012,1,1,1
518646,661,Asthma hospitalizations due to Ozone,Estimated annual rate (age 18+),"per 100,000 adults",Borough,4,Queens,2012-2014,2012-01-02,4.0,,2012,1,1,1
518938,657,Asthma emergency department visits due to PM2.5,Estimated annual rate (age 18+),"per 100,000 adults",UHF42,103,Fordham - Bronx Pk,2012-2014,2012-01-02,77.59118521,,2012,1,1,1
518765,639,Deaths due to PM2.5,Estimated annual rate (age 30+),"per 100,000 adults",UHF42,304,Upper West Side,2012-2014,2012-01-02,44.14802989,,2012,1,1,1
518602,655,Asthma hospitalizations due to Ozone,Estimated annual rate (under age 18),"per 100,000 children",UHF42,103,Fordham - Bronx Pk,2012-2014,2012-01-02,51.0,,2012,1,1,1
518670,661,Asthma hospitalizations due to Ozone,Estimated annual rate (age 18+),"per 100,000 adults",UHF42,305,Upper East Side,2012-2014,2012-01-02,1.3,,2012,1,1,1
518661,661,Asthma hospitalizations due to Ozone,Estimated annual rate (age 18+),"per 100,000 adults",UHF42,207,East Flatbush - Flatbush,2012-2014,2012-01-02,7.2,,2012,1,1,1
518652,661,Asthma hospitalizations due to Ozone,Estimated annual rate (age 18+),"per 100,000 adults",UHF42,105,Crotona -Tremont,2012-2014,2012-01-02,15.8,,2012,1,1,1
518620,655,Asthma hospitalizations due to Ozone,Estimated annual rate (under age 18),"per 100,000 children",UHF42,303,East Harlem,2012-2014,2012-01-02,47.3,,2012,1,1,1
518596,655,Asthma hospitalizations due to Ozone,Estimated annual rate (under age 18),"per 100,000 children",Borough,2,Brooklyn,2012-2014,2012-01-02,21.3,,2012,1,1,1
518945,657,Asthma emergency department visits due to PM2.5,Estimated annual rate (age 18+),"per 100,000 adults",UHF42,203,Bedford Stuyvesant - Crown Heights,2012-2014,2012-01-02,91.18329162,,2012,1,1,1
518641,655,Asthma hospitalizations due to Ozone,Estimated annual rate (under age 18),"per 100,000 children",UHF42,504,South Beach - Tottenville,2012-2014,2012-01-02,6.4,,2012,1,1,1
518822,650,Respiratory hospitalizations due to PM2.5 (age 20+),Estimated annual rate,"per 100,000 adults",UHF42,403,Flushing - Clearview,2012-2014,2012-01-02,8.850106634,,2012,1,1,1
518545,653,Asthma emergency departments visits due to Ozone,Estimated annual rate (under age 18),"per 100,000 children",UHF42,504,South Beach - Tottenville,2012-2014,2012-01-02,29.0,,2012,1,1,1
518633,655,Asthma hospitalizations due to Ozone,Estimated annual rate (under age 18),"per 100,000 children",UHF42,406,Fresh Meadows,2012-2014,2012-01-02,11.9,,2012,1,1,1
518824,650,Respiratory hospitalizations due to PM2.5 (age 20+),Estimated annual rate,"per 100,000 adults",UHF42,405,Ridgewood - Forest Hills,2012-2014,2012-01-02,10.67828031,,2012,1,1,1
518576,659,Asthma emergency departments visits due to Ozone,Estimated annual rate (age 18+),"per 100,000 adults",UHF42,307,Gramercy Park - Murray Hill,2012-2014,2012-01-02,22.5,,2012,1,1,1
518931,657,Asthma emergency department visits due to PM2.5,Estimated annual rate (age 18+),"per 100,000 adults",Borough,1,Bronx,2012-2014,2012-01-02,83.69968379,,2012,1,1,1
518614,655,Asthma hospitalizations due to Ozone,Estimated annual rate (under age 18),"per 100,000 children",UHF42,208,Canarsie - Flatlands,2012-2014,2012-01-02,22.5,,2012,1,1,1
518676,661,Asthma hospitalizations due to Ozone,Estimated annual rate (age 18+),"per 100,000 adults",UHF42,401,Long Island City - Astoria,2012-2014,2012-01-02,4.3,,2012,1,1,1
518554,659,Asthma emergency departments visits due to Ozone,Estimated annual rate (age 18+),"per 100,000 adults",UHF42,103,Fordham - Bronx Pk,2012-2014,2012-01-02,99.5,,2012,1,1,1
518865,651,Cardiovascular hospitalizations due to PM2.5 (age 40+),Estimated annual rate,"per 100,000 adults",UHF42,308,Greenwich Village - SoHo,2012-2014,2012-01-02,7.287549969,,2012,1,1,1
518958,657,Asthma emergency department visits due to PM2.5,Estimated annual rate (age 18+),"per 100,000 adults",UHF42,305,Upper East Side,2012-2014,2012-01-02,7.980573045,,2012,1,1,1
518930,648,Asthma emergency department visits due to PM2.5,Estimated annual rate (under age 18),"per 100,000 children",Citywide,1,New York City,2012-2014,2012-01-02,97.8,,2012,1,1,1
518845,651,Cardiovascular hospitalizations due to PM2.5 (age 40+),Estimated annual rate,"per 100,000 adults",UHF42,106,High Bridge - Morrisania,2012-2014,2012-01-02,17.83250599,,2012,1,1,1
518859,651,Cardiovascular hospitalizations due to PM2.5 (age 40+),Estimated annual rate,"per 100,000 adults",UHF42,302,Central Harlem - Morningside Heights,2012-2014,2012-01-02,16.21187943,,2012,1,1,1
518626,655,Asthma hospitalizations due to Ozone,Estimated annual rate (under age 18),"per 100,000 children",UHF42,309,Union Square - Lower East Side,2012-2014,2012-01-02,14.1,,2012,1,1,1
518567,659,Asthma emergency departments visits due to Ozone,Estimated annual rate (age 18+),"per 100,000 adults",UHF42,209,Bensonhurst - Bay Ridge,2012-2014,2012-01-02,14.5,,2012,1,1,1
518929,648,Asthma emergency department visits due to PM2.5,Estimated annual rate (under age 18),"per 100,000 children",UHF42,504,South Beach - Tottenville,2012-2014,2012-01-02,19.59340061,,2012,1,1,1
518726,652,Cardiac and respiratory deaths due to Ozone,Estimated annual rate,"per 100,000",UHF42,403,Flushing - Clearview,2012-2014,2012-01-02,5.9,,2012,1,1,1
518688,661,Asthma hospitalizations due to Ozone,Estimated annual rate (age 18+),"per 100,000 adults",UHF42,503,Willowbrook,2012-2014,2012-01-02,3.6,,2012,1,1,1
518840,651,Cardiovascular hospitalizations due to PM2.5 (age 40+),Estimated annual rate,"per 100,000 adults",UHF42,101,Kingsbridge - Riverdale,2012-2014,2012-01-02,14.01077835,,2012,1,1,1
518956,657,Asthma emergency department visits due to PM2.5,Estimated annual rate (age 18+),"per 100,000 adults",UHF42,303,East Harlem,2012-2014,2012-01-02,129.6348376,,2012,1,1,1
518858,651,Cardiovascular hospitalizations due to PM2.5 (age 40+),Estimated annual rate,"per 100,000 adults",UHF42,301,Washington Heights,2012-2014,2012-01-02,13.99667126,,2012,1,1,1
518522,653,Asthma emergency departments visits due to Ozone,Estimated annual rate (under age 18),"per 100,000 children",UHF42,301,Washington Heights,2012-2014,2012-01-02,126.2,,2012,1,1,1
518910,648,Asthma emergency department visits due to PM2.5,Estimated annual rate (under age 18),"per 100,000 children",UHF42,305,Upper East Side,2012-2014,2012-01-02,24.43933226,,2012,1,1,1
518642,655,Asthma hospitalizations due to Ozone,Estimated annual rate (under age 18),"per 100,000 children",Citywide,1,New York City,2012-2014,2012-01-02,24.0,,2012,1,1,1
518792,650,Respiratory hospitalizations due to PM2.5 (age 20+),Estimated annual rate,"per 100,000 adults",UHF42,101,Kingsbridge - Riverdale,2012-2014,2012-01-02,13.82867032,,2012,1,1,1
518644,661,Asthma hospitalizations due to Ozone,Estimated annual rate (age 18+),"per 100,000 adults",Borough,2,Brooklyn,2012-2014,2012-01-02,6.9,,2012,1,1,1
518960,657,Asthma emergency department visits due to PM2.5,Estimated annual rate (age 18+),"per 100,000 adults",UHF42,307,Gramercy Park - Murray Hill,2012-2014,2012-01-02,23.95759219,,2012,1,1,1
518951,657,Asthma emergency department visits due to PM2.5,Estimated annual rate (age 18+),"per 100,000 adults",UHF42,209,Bensonhurst - Bay Ridge,2012-2014,2012-01-02,10.40504288,,2012,1,1,1
518877,651,Cardiovascular hospitalizations due to PM2.5 (age 40+),Estimated annual rate,"per 100,000 adults",UHF42,410,Rockaways,2012-2014,2012-01-02,13.87415099,,2012,1,1,1
518839,651,Cardiovascular hospitalizations due to PM2.5 (age 40+),Estimated annual rate,"per 100,000 adults",Borough,5,Staten Island,2012-2014,2012-01-02,12.39301768,,2012,1,1,1
518941,657,Asthma emergency department visits due to PM2.5,Estimated annual rate (age 18+),"per 100,000 adults",UHF42,106,High Bridge - Morrisania,2012-2014,2012-01-02,117.3822944,,2012,1,1,1
518810,650,Respiratory hospitalizations due to PM2.5 (age 20+),Estimated annual rate,"per 100,000 adults",UHF42,301,Washington Heights,2012-2014,2012-01-02,10.48349957,,2012,1,1,1
518546,653,Asthma emergency departments visits due to Ozone,Estimated annual rate (under age 18),"per 100,000 children",Citywide,1,New York City,2012-2014,2012-01-02,118.8,,2012,1,1,1
518875,651,Cardiovascular hospitalizations due to PM2.5 (age 40+),Estimated annual rate,"per 100,000 adults",UHF42,408,Jamaica,2012-2014,2012-01-02,14.390081,,2012,1,1,1
518825,650,Respiratory hospitalizations due to PM2.5 (age 20+),Estimated annual rate,"per 100,000 adults",UHF42,406,Fresh Meadows,2012-2014,2012-01-02,8.061807535,,2012,1,1,1
518736,652,Cardiac and respiratory deaths due to Ozone,Estimated annual rate,"per 100,000",UHF42,503,Willowbrook,2012-2014,2012-01-02,9.8,,2012,1,1,1
518660,661,Asthma hospitalizations due to Ozone,Estimated annual rate (age 18+),"per 100,000 adults",UHF42,206,Borough Park,2012-2014,2012-01-02,2.6,,2012,1,1,1
518836,651,Cardiovascular hospitalizations due to PM2.5 (age 40+),Estimated annual rate,"per 100,000 adults",Borough,2,Brooklyn,2012-2014,2012-01-02,14.80425168,,2012,1,1,1
518933,657,Asthma emergency department visits due to PM2.5,Estimated annual rate (age 18+),"per 100,000 adults",Borough,3,Manhattan,2012-2014,2012-01-02,40.83055572,,2012,1,1,1
518571,659,Asthma emergency departments visits due to Ozone,Estimated annual rate (age 18+),"per 100,000 adults",UHF42,302,Central Harlem - Morningside Heights,2012-2014,2012-01-02,136.2,,2012,1,1,1
518853,651,Cardiovascular hospitalizations due to PM2.5 (age 40+),Estimated annual rate,"per 100,000 adults",UHF42,207,East Flatbush - Flatbush,2012-2014,2012-01-02,13.42158382,,2012,1,1,1
518874,651,Cardiovascular hospitalizations due to PM2.5 (age 40+),Estimated annual rate,"per 100,000 adults",UHF42,407,Southwest Queens,2012-2014,2012-01-02,13.30111392,,2012,1,1,1
518835,651,Cardiovascular hospitalizations due to PM2.5 (age 40+),Estimated annual rate,"per 100,000 adults",Borough,1,Bronx,2012-2014,2012-01-02,15.4880937,,2012,1,1,1
518723,652,Cardiac and respiratory deaths due to Ozone,Estimated annual rate,"per 100,000",UHF42,310,Lower Manhattan,2012-2014,2012-01-02,2.5,,2012,1,1,1
518694,652,Cardiac and respiratory deaths due to Ozone,Estimated annual rate,"per 100,000",Borough,4,Queens,2012-2014,2012-01-02,4.9,,2012,1,1,1
518549,659,Asthma emergency departments visits due to Ozone,Estimated annual rate (age 18+),"per 100,000 adults",Borough,3,Manhattan,2012-2014,2012-01-02,46.5,,2012,1,1,1
518887,648,Asthma emergency department visits due to PM2.5,Estimated annual rate (under age 18),"per 100,000 children",Borough,5,Staten Island,2012-2014,2012-01-02,45.43464648,,2012,1,1,1
518722,652,Cardiac and respiratory deaths due to Ozone,Estimated annual rate,"per 100,000",UHF42,309,Union Square - Lower East Side,2012-2014,2012-01-02,4.7,,2012,1,1,1
518592,659,Asthma emergency departments visits due to Ozone,Estimated annual rate (age 18+),"per 100,000 adults",UHF42,503,Willowbrook,2012-2014,2012-01-02,21.6,,2012,1,1,1
518972,657,Asthma emergency department visits due to PM2.5,Estimated annual rate (age 18+),"per 100,000 adults",UHF42,409,Southeast Queens,2012-2014,2012-01-02,21.88806353,,2012,1,1,1
518564,659,Asthma emergency departments visits due to Ozone,Estimated annual rate (age 18+),"per 100,000 adults",UHF42,206,Borough Park,2012-2014,2012-01-02,15.1,,2012,1,1,1
518574,659,Asthma emergency departments visits due to Ozone,Estimated annual rate (age 18+),"per 100,000 adults",UHF42,305,Upper East Side,2012-2014,2012-01-02,8.8,,2012,1,1,1
518561,659,Asthma emergency departments visits due to Ozone,Estimated annual rate (age 18+),"per 100,000 adults",UHF42,203,Bedford Stuyvesant - Crown Heights,2012-2014,2012-01-02,124.3,,2012,1,1,1
518879,651,Cardiovascular hospitalizations due to PM2.5 (age 40+),Estimated annual rate,"per 100,000 adults",UHF42,502,Stapleton - St. George,2012-2014,2012-01-02,12.73708031,,2012,1,1,1
518895,648,Asthma emergency department visits due to PM2.5,Estimated annual rate (under age 18),"per 100,000 children",UHF42,201,Greenpoint,2012-2014,2012-01-02,43.51844704,,2012,1,1,1
518876,651,Cardiovascular hospitalizations due to PM2.5 (age 40+),Estimated annual rate,"per 100,000 adults",UHF42,409,Southeast Queens,2012-2014,2012-01-02,11.22056534,,2012,1,1,1
518557,659,Asthma emergency departments visits due to Ozone,Estimated annual rate (age 18+),"per 100,000 adults",UHF42,106,High Bridge - Morrisania,2012-2014,2012-01-02,134.5,,2012,1,1,1
518525,653,Asthma emergency departments visits due to Ozone,Estimated annual rate (under age 18),"per 100,000 children",UHF42,304,Upper West Side,2012-2014,2012-01-02,69.6,,2012,1,1,1
518578,659,Asthma emergency departments visits due to Ozone,Estimated annual rate (age 18+),"per 100,000 adults",UHF42,309,Union Square - Lower East Side,2012-2014,2012-01-02,40.9,,2012,1,1,1
518710,652,Cardiac and respiratory deaths due to Ozone,Estimated annual rate,"per 100,000",UHF42,208,Canarsie - Flatlands,2012-2014,2012-01-02,5.9,,2012,1,1,1
518837,651,Cardiovascular hospitalizations due to PM2.5 (age 40+),Estimated annual rate,"per 100,000 adults",Borough,3,Manhattan,2012-2014,2012-01-02,12.26170084,,2012,1,1,1
518909,648,Asthma emergency department visits due to PM2.5,Estimated annual rate (under age 18),"per 100,000 children",UHF42,304,Upper West Side,2012-2014,2012-01-02,63.92992627,,2012,1,1,1
518803,650,Respiratory hospitalizations due to PM2.5 (age 20+),Estimated annual rate,"per 100,000 adults",UHF42,205,Sunset Park,2012-2014,2012-01-02,9.429039483,,2012,1,1,1
518799,650,Respiratory hospitalizations due to PM2.5 (age 20+),Estimated annual rate,"per 100,000 adults",UHF42,201,Greenpoint,2012-2014,2012-01-02,8.229990808,,2012,1,1,1
518920,648,Asthma emergency department visits due to PM2.5,Estimated annual rate (under age 18),"per 100,000 children",UHF42,405,Ridgewood - Forest Hills,2012-2014,2012-01-02,43.5507136,,2012,1,1,1
518852,651,Cardiovascular hospitalizations due to PM2.5 (age 40+),Estimated annual rate,"per 100,000 adults",UHF42,206,Borough Park,2012-2014,2012-01-02,13.91853033,,2012,1,1,1
518855,651,Cardiovascular hospitalizations due to PM2.5 (age 40+),Estimated annual rate,"per 100,000 adults",UHF42,209,Bensonhurst - Bay Ridge,2012-2014,2012-01-02,11.12082675,,2012,1,1,1
518531,653,Asthma emergency departments visits due to Ozone,Estimated annual rate (under age 18),"per 100,000 children",UHF42,310,Lower Manhattan,2012-2014,2012-01-02,55.3,,2012,1,1,1
518899,648,Asthma emergency department visits due to PM2.5,Estimated annual rate (under age 18),"per 100,000 children",UHF42,205,Sunset Park,2012-2014,2012-01-02,45.54423585,,2012,1,1,1
518589,659,Asthma emergency departments visits due to Ozone,Estimated annual rate (age 18+),"per 100,000 adults",UHF42,410,Rockaways,2012-2014,2012-01-02,72.6,,2012,1,1,1
518651,661,Asthma hospitalizations due to Ozone,Estimated annual rate (age 18+),"per 100,000 adults",UHF42,104,Pelham - Throgs Neck,2012-2014,2012-01-02,10.5,,2012,1,1,1
518648,661,Asthma hospitalizations due to Ozone,Estimated annual rate (age 18+),"per 100,000 adults",UHF42,101,Kingsbridge - Riverdale,2012-2014,2012-01-02,5.8,,2012,1,1,1
518935,657,Asthma emergency department visits due to PM2.5,Estimated annual rate (age 18+),"per 100,000 adults",Borough,5,Staten Island,2012-2014,2012-01-02,26.1547676,,2012,1,1,1
518863,651,Cardiovascular hospitalizations due to PM2.5 (age 40+),Estimated annual rate,"per 100,000 adults",UHF42,306,Chelsea - Clinton,2012-2014,2012-01-02,11.78887397,,2012,1,1,1
518767,639,Deaths due to PM2.5,Estimated annual rate (age 30+),"per 100,000 adults",UHF42,306,Chelsea - Clinton,2012-2014,2012-01-02,40.18420814,,2012,1,1,1
518785,639,Deaths due to PM2.5,Estimated annual rate (age 30+),"per 100,000 adults",UHF42,504,South Beach - Tottenville,2012-2014,2012-01-02,44.6829589,,2012,1,1,1
518753,639,Deaths due to PM2.5,Estimated annual rate (age 30+),"per 100,000 adults",UHF42,203,Bedford Stuyvesant - Crown Heights,2012-2014,2012-01-02,45.49882227,,2012,1,1,1
518752,639,Deaths due to PM2.5,Estimated annual rate (age 30+),"per 100,000 adults",UHF42,202,Downtown - Heights - Slope,2012-2014,2012-01-02,36.04139157,,2012,1,1,1
518784,639,Deaths due to PM2.5,Estimated annual rate (age 30+),"per 100,000 adults",UHF42,503,Willowbrook,2012-2014,2012-01-02,57.15477127,,2012,1,1,1
518757,639,Deaths due to PM2.5,Estimated annual rate (age 30+),"per 100,000 adults",UHF42,207,East Flatbush - Flatbush,2012-2014,2012-01-02,37.27554943,,2012,1,1,1
518748,639,Deaths due to PM2.5,Estimated annual rate (age 30+),"per 100,000 adults",UHF42,105,Crotona -Tremont,2012-2014,2012-01-02,42.57725079,,2012,1,1,1
518746,639,Deaths due to PM2.5,Estimated annual rate (age 30+),"per 100,000 adults",UHF42,103,Fordham - Bronx Pk,2012-2014,2012-01-02,43.53766932,,2012,1,1,1
518764,639,Deaths due to PM2.5,Estimated annual rate (age 30+),"per 100,000 adults",UHF42,303,East Harlem,2012-2014,2012-01-02,57.85056369,,2012,1,1,1
518540,653,Asthma emergency departments visits due to Ozone,Estimated annual rate (under age 18),"per 100,000 children",UHF42,409,Southeast Queens,2012-2014,2012-01-02,83.8,,2012,1,1,1
518780,639,Deaths due to PM2.5,Estimated annual rate (age 30+),"per 100,000 adults",UHF42,409,Southeast Queens,2012-2014,2012-01-02,27.36213921,,2012,1,1,1
518638,655,Asthma hospitalizations due to Ozone,Estimated annual rate (under age 18),"per 100,000 children",UHF42,501,Port Richmond,2012-2014,2012-01-02,22.3,,2012,1,1,1
518893,648,Asthma emergency department visits due to PM2.5,Estimated annual rate (under age 18),"per 100,000 children",UHF42,106,High Bridge - Morrisania,2012-2014,2012-01-02,232.5439857,,2012,1,1,1
518621,655,Asthma hospitalizations due to Ozone,Estimated annual rate (under age 18),"per 100,000 children",UHF42,304,Upper West Side,2012-2014,2012-01-02,9.1,,2012,1,1,1
518507,653,Asthma emergency departments visits due to Ozone,Estimated annual rate (under age 18),"per 100,000 children",UHF42,104,Pelham - Throgs Neck,2012-2014,2012-01-02,164.3,,2012,1,1,1
518615,655,Asthma hospitalizations due to Ozone,Estimated annual rate (under age 18),"per 100,000 children",UHF42,209,Bensonhurst - Bay Ridge,2012-2014,2012-01-02,4.7,,2012,1,1,1
518570,659,Asthma emergency departments visits due to Ozone,Estimated annual rate (age 18+),"per 100,000 adults",UHF42,301,Washington Heights,2012-2014,2012-01-02,47.2,,2012,1,1,1
518751,639,Deaths due to PM2.5,Estimated annual rate (age 30+),"per 100,000 adults",UHF42,201,Greenpoint,2012-2014,2012-01-02,37.07752305,,2012,1,1,1
518772,639,Deaths due to PM2.5,Estimated annual rate (age 30+),"per 100,000 adults",UHF42,401,Long Island City - Astoria,2012-2014,2012-01-02,31.59339159,,2012,1,1,1
518580,659,Asthma emergency departments visits due to Ozone,Estimated annual rate (age 18+),"per 100,000 adults",UHF42,401,Long Island City - Astoria,2012-2014,2012-01-02,31.2,,2012,1,1,1
518939,657,Asthma emergency department visits due to PM2.5,Estimated annual rate (age 18+),"per 100,000 adults",UHF42,104,Pelham - Throgs Neck,2012-2014,2012-01-02,58.77821891,,2012,1,1,1
518711,652,Cardiac and respiratory deaths due to Ozone,Estimated annual rate,"per 100,000",UHF42,209,Bensonhurst - Bay Ridge,2012-2014,2012-01-02,6.5,,2012,1,1,1
518775,639,Deaths due to PM2.5,Estimated annual rate (age 30+),"per 100,000 adults",UHF42,404,Bayside - Little Neck,2012-2014,2012-01-02,28.43410861,,2012,1,1,1
518514,653,Asthma emergency departments visits due to Ozone,Estimated annual rate (under age 18),"per 100,000 children",UHF42,204,East New York,2012-2014,2012-01-02,182.4,,2012,1,1,1
518953,657,Asthma emergency department visits due to PM2.5,Estimated annual rate (age 18+),"per 100,000 adults",UHF42,211,Williamsburg - Bushwick,2012-2014,2012-01-02,97.15222812,,2012,1,1,1
518851,651,Cardiovascular hospitalizations due to PM2.5 (age 40+),Estimated annual rate,"per 100,000 adults",UHF42,205,Sunset Park,2012-2014,2012-01-02,11.74644053,,2012,1,1,1
518966,657,Asthma emergency department visits due to PM2.5,Estimated annual rate (age 18+),"per 100,000 adults",UHF42,403,Flushing - Clearview,2012-2014,2012-01-02,9.559987004,,2012,1,1,1
518653,661,Asthma hospitalizations due to Ozone,Estimated annual rate (age 18+),"per 100,000 adults",UHF42,106,High Bridge - Morrisania,2012-2014,2012-01-02,16.1,,2012,1,1,1
518657,661,Asthma hospitalizations due to Ozone,Estimated annual rate (age 18+),"per 100,000 adults",UHF42,203,Bedford Stuyvesant - Crown Heights,2012-2014,2012-01-02,12.4,,2012,1,1,1
518860,651,Cardiovascular hospitalizations due to PM2.5 (age 40+),Estimated annual rate,"per 100,000 adults",UHF42,303,East Harlem,2012-2014,2012-01-02,20.68763035,,2012,1,1,1
518697,652,Cardiac and respiratory deaths due to Ozone,Estimated annual rate,"per 100,000",UHF42,102,Northeast Bronx,2012-2014,2012-01-02,6.6,,2012,1,1,1
518744,639,Deaths due to PM2.5,Estimated annual rate (age 30+),"per 100,000 adults",UHF42,101,Kingsbridge - Riverdale,2012-2014,2012-01-02,69.36355194,,2012,1,1,1
518952,657,Asthma emergency department visits due to PM2.5,Estimated annual rate (age 18+),"per 100,000 adults",UHF42,210,Coney Island - Sheepshead Bay,2012-2014,2012-01-02,17.9417154,,2012,1,1,1
518630,655,Asthma hospitalizations due to Ozone,Estimated annual rate (under age 18),"per 100,000 children",UHF42,403,Flushing - Clearview,2012-2014,2012-01-02,8.8,,2012,1,1,1
518512,653,Asthma emergency departments visits due to Ozone,Estimated annual rate (under age 18),"per 100,000 children",UHF42,202,Downtown - Heights - Slope,2012-2014,2012-01-02,87.6,,2012,1,1,1
518671,661,Asthma hospitalizations due to Ozone,Estimated annual rate (age 18+),"per 100,000 adults",UHF42,306,Chelsea - Clinton,2012-2014,2012-01-02,3.4,,2012,1,1,1
518591,659,Asthma emergency departments visits due to Ozone,Estimated annual rate (age 18+),"per 100,000 adults",UHF42,502,Stapleton - St. George,2012-2014,2012-01-02,59.3,,2012,1,1,1
518696,652,Cardiac and respiratory deaths due to Ozone,Estimated annual rate,"per 100,000",UHF42,101,Kingsbridge - Riverdale,2012-2014,2012-01-02,10.5,,2012,1,1,1
518600,655,Asthma hospitalizations due to Ozone,Estimated annual rate (under age 18),"per 100,000 children",UHF42,101,Kingsbridge - Riverdale,2012-2014,2012-01-02,22.7,,2012,1,1,1
518504,653,Asthma emergency departments visits due to Ozone,Estimated annual rate (under age 18),"per 100,000 children",UHF42,101,Kingsbridge - Riverdale,2012-2014,2012-01-02,102.7,,2012,1,1,1
518773,639,Deaths due to PM2.5,Estimated annual rate (age 30+),"per 100,000 adults",UHF42,402,West Queens,2012-2014,2012-01-02,26.29411986,,2012,1,1,1
518681,661,Asthma hospitalizations due to Ozone,Estimated annual rate (age 18+),"per 100,000 adults",UHF42,406,Fresh Meadows,2012-2014,2012-01-02,3.3,,2012,1,1,1
518542,653,Asthma emergency departments visits due to Ozone,Estimated annual rate (under age 18),"per 100,000 children",UHF42,501,Port Richmond,2012-2014,2012-01-02,109.6,,2012,1,1,1
518532,653,Asthma emergency departments visits due to Ozone,Estimated annual rate (under age 18),"per 100,000 children",UHF42,401,Long Island City - Astoria,2012-2014,2012-01-02,59.9,,2012,1,1,1
518713,652,Cardiac and respiratory deaths due to Ozone,Estimated annual rate,"per 100,000",UHF42,211,Williamsburg - Bushwick,2012-2014,2012-01-02,3.9,,2012,1,1,1
518663,661,Asthma hospitalizations due to Ozone,Estimated annual rate (age 18+),"per 100,000 adults",UHF42,209,Bensonhurst - Bay Ridge,2012-2014,2012-01-02,2.7,,2012,1,1,1
518668,661,Asthma hospitalizations due to Ozone,Estimated annual rate (age 18+),"per 100,000 adults",UHF42,303,East Harlem,2012-2014,2012-01-02,14.2,,2012,1,1,1
518607,655,Asthma hospitalizations due to Ozone,Estimated annual rate (under age 18),"per 100,000 children",UHF42,201,Greenpoint,2012-2014,2012-01-02,6.4,,2012,1,1,1
518904,648,Asthma emergency department visits due to PM2.5,Estimated annual rate (under age 18),"per 100,000 children",UHF42,210,Coney Island - Sheepshead Bay,2012-2014,2012-01-02,29.44657223,,2012,1,1,1
518805,650,Respiratory hospitalizations due to PM2.5 (age 20+),Estimated annual rate,"per 100,000 adults",UHF42,207,East Flatbush - Flatbush,2012-2014,2012-01-02,10.56380587,,2012,1,1,1
518841,651,Cardiovascular hospitalizations due to PM2.5 (age 40+),Estimated annual rate,"per 100,000 adults",UHF42,102,Northeast Bronx,2012-2014,2012-01-02,12.96085012,,2012,1,1,1
518847,651,Cardiovascular hospitalizations due to PM2.5 (age 40+),Estimated annual rate,"per 100,000 adults",UHF42,201,Greenpoint,2012-2014,2012-01-02,15.83976162,,2012,1,1,1
518967,657,Asthma emergency department visits due to PM2.5,Estimated annual rate (age 18+),"per 100,000 adults",UHF42,404,Bayside - Little Neck,2012-2014,2012-01-02,6.627942138,,2012,1,1,1
518616,655,Asthma hospitalizations due to Ozone,Estimated annual rate (under age 18),"per 100,000 children",UHF42,210,Coney Island - Sheepshead Bay,2012-2014,2012-01-02,7.3,,2012,1,1,1
518623,655,Asthma hospitalizations due to Ozone,Estimated annual rate (under age 18),"per 100,000 children",UHF42,306,Chelsea - Clinton,2012-2014,2012-01-02,13.3,,2012,1,1,1
518714,652,Cardiac and respiratory deaths due to Ozone,Estimated annual rate,"per 100,000",UHF42,301,Washington Heights,2012-2014,2012-01-02,3.9,,2012,1,1,1
518758,639,Deaths due to PM2.5,Estimated annual rate (age 30+),"per 100,000 adults",UHF42,208,Canarsie - Flatlands,2012-2014,2012-01-02,39.48902356,,2012,1,1,1
518499,653,Asthma emergency departments visits due to Ozone,Estimated annual rate (under age 18),"per 100,000 children",Borough,1,Bronx,2012-2014,2012-01-02,210.4,,2012,1,1,1
518779,639,Deaths due to PM2.5,Estimated annual rate (age 30+),"per 100,000 adults",UHF42,408,Jamaica,2012-2014,2012-01-02,36.50366988,,2012,1,1,1
518595,655,Asthma hospitalizations due to Ozone,Estimated annual rate (under age 18),"per 100,000 children",Borough,1,Bronx,2012-2014,2012-01-02,45.0,,2012,1,1,1
518768,639,Deaths due to PM2.5,Estimated annual rate (age 30+),"per 100,000 adults",UHF42,307,Gramercy Park - Murray Hill,2012-2014,2012-01-02,45.239369,,2012,1,1,1
518919,648,Asthma emergency department visits due to PM2.5,Estimated annual rate (under age 18),"per 100,000 children",UHF42,404,Bayside - Little Neck,2012-2014,2012-01-02,13.43512341,,2012,1,1,1
518520,653,Asthma emergency departments visits due to Ozone,Estimated annual rate (under age 18),"per 100,000 children",UHF42,210,Coney Island - Sheepshead Bay,2012-2014,2012-01-02,42.4,,2012,1,1,1
518740,639,Deaths due to PM2.5,Estimated annual rate (age 30+),"per 100,000 adults",Borough,2,Brooklyn,2012-2014,2012-01-02,40.96010859,,2012,1,1,1
518702,652,Cardiac and respiratory deaths due to Ozone,Estimated annual rate,"per 100,000",UHF42,107,Hunts Point - Mott Haven,2012-2014,2012-01-02,3.7,,2012,1,1,1
518645,661,Asthma hospitalizations due to Ozone,Estimated annual rate (age 18+),"per 100,000 adults",Borough,3,Manhattan,2012-2014,2012-01-02,4.8,,2012,1,1,1
518905,648,Asthma emergency department visits due to PM2.5,Estimated annual rate (under age 18),"per 100,000 children",UHF42,211,Williamsburg - Bushwick,2012-2014,2012-01-02,165.2585355,,2012,1,1,1
518734,652,Cardiac and respiratory deaths due to Ozone,Estimated annual rate,"per 100,000",UHF42,501,Port Richmond,2012-2014,2012-01-02,5.0,,2012,1,1,1
518612,655,Asthma hospitalizations due to Ozone,Estimated annual rate (under age 18),"per 100,000 children",UHF42,206,Borough Park,2012-2014,2012-01-02,3.5,,2012,1,1,1
518817,650,Respiratory hospitalizations due to PM2.5 (age 20+),Estimated annual rate,"per 100,000 adults",UHF42,308,Greenwich Village - SoHo,2012-2014,2012-01-02,5.277514541,,2012,1,1,1
518816,650,Respiratory hospitalizations due to PM2.5 (age 20+),Estimated annual rate,"per 100,000 adults",UHF42,307,Gramercy Park - Murray Hill,2012-2014,2012-01-02,8.893316548,,2012,1,1,1
518812,650,Respiratory hospitalizations due to PM2.5 (age 20+),Estimated annual rate,"per 100,000 adults",UHF42,303,East Harlem,2012-2014,2012-01-02,22.17799302,,2012,1,1,1
518788,650,Respiratory hospitalizations due to PM2.5 (age 20+),Estimated annual rate,"per 100,000 adults",Borough,2,Brooklyn,2012-2014,2012-01-02,11.53145289,,2012,1,1,1
518675,661,Asthma hospitalizations due to Ozone,Estimated annual rate (age 18+),"per 100,000 adults",UHF42,310,Lower Manhattan,2012-2014,2012-01-02,2.7,,2012,1,1,1
518727,652,Cardiac and respiratory deaths due to Ozone,Estimated annual rate,"per 100,000",UHF42,404,Bayside - Little Neck,2012-2014,2012-01-02,4.8,,2012,1,1,1
518538,653,Asthma emergency departments visits due to Ozone,Estimated annual rate (under age 18),"per 100,000 children",UHF42,407,Southwest Queens,2012-2014,2012-01-02,83.7,,2012,1,1,1
518519,653,Asthma emergency departments visits due to Ozone,Estimated annual rate (under age 18),"per 100,000 children",UHF42,209,Bensonhurst - Bay Ridge,2012-2014,2012-01-02,24.2,,2012,1,1,1
518634,655,Asthma hospitalizations due to Ozone,Estimated annual rate (under age 18),"per 100,000 children",UHF42,407,Southwest Queens,2012-2014,2012-01-02,18.1,,2012,1,1,1
518873,651,Cardiovascular hospitalizations due to PM2.5 (age 40+),Estimated annual rate,"per 100,000 adults",UHF42,406,Fresh Meadows,2012-2014,2012-01-02,9.366114155,,2012,1,1,1
518749,639,Deaths due to PM2.5,Estimated annual rate (age 30+),"per 100,000 adults",UHF42,106,High Bridge - Morrisania,2012-2014,2012-01-02,47.64482041,,2012,1,1,1
518771,639,Deaths due to PM2.5,Estimated annual rate (age 30+),"per 100,000 adults",UHF42,310,Lower Manhattan,2012-2014,2012-01-02,34.36583106,,2012,1,1,1
518656,661,Asthma hospitalizations due to Ozone,Estimated annual rate (age 18+),"per 100,000 adults",UHF42,202,Downtown - Heights - Slope,2012-2014,2012-01-02,5.2,,2012,1,1,1
518611,655,Asthma hospitalizations due to Ozone,Estimated annual rate (under age 18),"per 100,000 children",UHF42,205,Sunset Park,2012-2014,2012-01-02,11.6,,2012,1,1,1
518770,639,Deaths due to PM2.5,Estimated annual rate (age 30+),"per 100,000 adults",UHF42,309,Union Square - Lower East Side,2012-2014,2012-01-02,47.28575946,,2012,1,1,1
518925,648,Asthma emergency department visits due to PM2.5,Estimated annual rate (under age 18),"per 100,000 children",UHF42,410,Rockaways,2012-2014,2012-01-02,57.90379567,,2012,1,1,1
518741,639,Deaths due to PM2.5,Estimated annual rate (age 30+),"per 100,000 adults",Borough,3,Manhattan,2012-2014,2012-01-02,44.02314672,,2012,1,1,1
518703,652,Cardiac and respiratory deaths due to Ozone,Estimated annual rate,"per 100,000",UHF42,201,Greenpoint,2012-2014,2012-01-02,3.5,,2012,1,1,1
518883,648,Asthma emergency department visits due to PM2.5,Estimated annual rate (under age 18),"per 100,000 children",Borough,1,Bronx,2012-2014,2012-01-02,183.6368757,,2012,1,1,1
518911,648,Asthma emergency department visits due to PM2.5,Estimated annual rate (under age 18),"per 100,000 children",UHF42,306,Chelsea - Clinton,2012-2014,2012-01-02,75.55813166,,2012,1,1,1
518717,652,Cardiac and respiratory deaths due to Ozone,Estimated annual rate,"per 100,000",UHF42,304,Upper West Side,2012-2014,2012-01-02,4.8,,2012,1,1,1
518674,661,Asthma hospitalizations due to Ozone,Estimated annual rate (age 18+),"per 100,000 adults",UHF42,309,Union Square - Lower East Side,2012-2014,2012-01-02,5.5,,2012,1,1,1
518551,659,Asthma emergency departments visits due to Ozone,Estimated annual rate (age 18+),"per 100,000 adults",Borough,5,Staten Island,2012-2014,2012-01-02,37.9,,2012,1,1,1
518664,661,Asthma hospitalizations due to Ozone,Estimated annual rate (age 18+),"per 100,000 adults",UHF42,210,Coney Island - Sheepshead Bay,2012-2014,2012-01-02,5.7,,2012,1,1,1
518715,652,Cardiac and respiratory deaths due to Ozone,Estimated annual rate,"per 100,000",UHF42,302,Central Harlem - Morningside Heights,2012-2014,2012-01-02,4.7,,2012,1,1,1
518517,653,Asthma emergency departments visits due to Ozone,Estimated annual rate (under age 18),"per 100,000 children",UHF42,207,East Flatbush - Flatbush,2012-2014,2012-01-02,137.4,,2012,1,1,1
518783,639,Deaths due to PM2.5,Estimated annual rate (age 30+),"per 100,000 adults",UHF42,502,Stapleton - St. George,2012-2014,2012-01-02,49.55653319,,2012,1,1,1
518706,652,Cardiac and respiratory deaths due to Ozone,Estimated annual rate,"per 100,000",UHF42,204,East New York,2012-2014,2012-01-02,4.0,,2012,1,1,1
518915,648,Asthma emergency department visits due to PM2.5,Estimated annual rate (under age 18),"per 100,000 children",UHF42,310,Lower Manhattan,2012-2014,2012-01-02,52.25093482,,2012,1,1,1
518789,650,Respiratory hospitalizations due to PM2.5 (age 20+),Estimated annual rate,"per 100,000 adults",Borough,3,Manhattan,2012-2014,2012-01-02,10.94017672,,2012,1,1,1
518796,650,Respiratory hospitalizations due to PM2.5 (age 20+),Estimated annual rate,"per 100,000 adults",UHF42,105,Crotona -Tremont,2012-2014,2012-01-02,20.7515971,,2012,1,1,1
518528,653,Asthma emergency departments visits due to Ozone,Estimated annual rate (under age 18),"per 100,000 children",UHF42,307,Gramercy Park - Murray Hill,2012-2014,2012-01-02,48.8,,2012,1,1,1
518585,659,Asthma emergency departments visits due to Ozone,Estimated annual rate (age 18+),"per 100,000 adults",UHF42,406,Fresh Meadows,2012-2014,2012-01-02,25.6,,2012,1,1,1
518808,650,Respiratory hospitalizations due to PM2.5 (age 20+),Estimated annual rate,"per 100,000 adults",UHF42,210,Coney Island - Sheepshead Bay,2012-2014,2012-01-02,13.68964653,,2012,1,1,1
518889,648,Asthma emergency department visits due to PM2.5,Estimated annual rate (under age 18),"per 100,000 children",UHF42,102,Northeast Bronx,2012-2014,2012-01-02,139.9197835,,2012,1,1,1
518709,652,Cardiac and respiratory deaths due to Ozone,Estimated annual rate,"per 100,000",UHF42,207,East Flatbush - Flatbush,2012-2014,2012-01-02,4.7,,2012,1,1,1
518501,653,Asthma emergency departments visits due to Ozone,Estimated annual rate (under age 18),"per 100,000 children",Borough,3,Manhattan,2012-2014,2012-01-02,127.2,,2012,1,1,1
518628,655,Asthma hospitalizations due to Ozone,Estimated annual rate (under age 18),"per 100,000 children",UHF42,401,Long Island City - Astoria,2012-2014,2012-01-02,11.2,,2012,1,1,1
518699,652,Cardiac and respiratory deaths due to Ozone,Estimated annual rate,"per 100,000",UHF42,104,Pelham - Throgs Neck,2012-2014,2012-01-02,5.5,,2012,1,1,1
518831,650,Respiratory hospitalizations due to PM2.5 (age 20+),Estimated annual rate,"per 100,000 adults",UHF42,502,Stapleton - St. George,2012-2014,2012-01-02,16.19224497,,2012,1,1,1
518914,648,Asthma emergency department visits due to PM2.5,Estimated annual rate (under age 18),"per 100,000 children",UHF42,309,Union Square - Lower East Side,2012-2014,2012-01-02,114.7744858,,2012,1,1,1
518885,648,Asthma emergency department visits due to PM2.5,Estimated annual rate (under age 18),"per 100,000 children",Borough,3,Manhattan,2012-2014,2012-01-02,116.6520415,,2012,1,1,1
518944,657,Asthma emergency department visits due to PM2.5,Estimated annual rate (age 18+),"per 100,000 adults",UHF42,202,Downtown - Heights - Slope,2012-2014,2012-01-02,35.78409482,,2012,1,1,1
518683,661,Asthma hospitalizations due to Ozone,Estimated annual rate (age 18+),"per 100,000 adults",UHF42,408,Jamaica,2012-2014,2012-01-02,5.9,,2012,1,1,1
518693,652,Cardiac and respiratory deaths due to Ozone,Estimated annual rate,"per 100,000",Borough,3,Manhattan,2012-2014,2012-01-02,4.2,,2012,1,1,1
518724,652,Cardiac and respiratory deaths due to Ozone,Estimated annual rate,"per 100,000",UHF42,401,Long Island City - Astoria,2012-2014,2012-01-02,4.2,,2012,1,1,1
518575,659,Asthma emergency departments visits due to Ozone,Estimated annual rate (age 18+),"per 100,000 adults",UHF42,306,Chelsea - Clinton,2012-2014,2012-01-02,28.6,,2012,1,1,1
518976,657,Asthma emergency department visits due to PM2.5,Estimated annual rate (age 18+),"per 100,000 adults",UHF42,503,Willowbrook,2012-2014,2012-01-02,15.90319849,,2012,1,1,1
518594,659,Asthma emergency departments visits due to Ozone,Estimated annual rate (age 18+),"per 100,000 adults",Citywide,1,New York City,2012-2014,2012-01-02,54.1,,2012,1,1,1
518843,651,Cardiovascular hospitalizations due to PM2.5 (age 40+),Estimated annual rate,"per 100,000 adults",UHF42,104,Pelham - Throgs Neck,2012-2014,2012-01-02,13.90486558,,2012,1,1,1
518912,648,Asthma emergency department visits due to PM2.5,Estimated annual rate (under age 18),"per 100,000 children",UHF42,307,Gramercy Park - Murray Hill,2012-2014,2012-01-02,57.63543628,,2012,1,1,1
518846,651,Cardiovascular hospitalizations due to PM2.5 (age 40+),Estimated annual rate,"per 100,000 adults",UHF42,107,Hunts Point - Mott Haven,2012-2014,2012-01-02,19.71564401,,2012,1,1,1
518936,657,Asthma emergency department visits due to PM2.5,Estimated annual rate (age 18+),"per 100,000 adults",UHF42,101,Kingsbridge - Riverdale,2012-2014,2012-01-02,27.13185936,,2012,1,1,1
518927,648,Asthma emergency department visits due to PM2.5,Estimated annual rate (under age 18),"per 100,000 children",UHF42,502,Stapleton - St. George,2012-2014,2012-01-02,66.09292254,,2012,1,1,1
518798,650,Respiratory hospitalizations due to PM2.5 (age 20+),Estimated annual rate,"per 100,000 adults",UHF42,107,Hunts Point - Mott Haven,2012-2014,2012-01-02,25.50736409,,2012,1,1,1
518940,657,Asthma emergency department visits due to PM2.5,Estimated annual rate (age 18+),"per 100,000 adults",UHF42,105,Crotona -Tremont,2012-2014,2012-01-02,118.077027,,2012,1,1,1
518891,648,Asthma emergency department visits due to PM2.5,Estimated annual rate (under age 18),"per 100,000 children",UHF42,104,Pelham - Throgs Neck,2012-2014,2012-01-02,133.9380656,,2012,1,1,1
518761,639,Deaths due to PM2.5,Estimated annual rate (age 30+),"per 100,000 adults",UHF42,211,Williamsburg - Bushwick,2012-2014,2012-01-02,41.08996868,,2012,1,1,1
518523,653,Asthma emergency departments visits due to Ozone,Estimated annual rate (under age 18),"per 100,000 children",UHF42,302,Central Harlem - Morningside Heights,2012-2014,2012-01-02,277.7,,2012,1,1,1
518791,650,Respiratory hospitalizations due to PM2.5 (age 20+),Estimated annual rate,"per 100,000 adults",Borough,5,Staten Island,2012-2014,2012-01-02,13.5980798,,2012,1,1,1
518677,661,Asthma hospitalizations due to Ozone,Estimated annual rate (age 18+),"per 100,000 adults",UHF42,402,West Queens,2012-2014,2012-01-02,3.4,,2012,1,1,1
518647,661,Asthma hospitalizations due to Ozone,Estimated annual rate (age 18+),"per 100,000 adults",Borough,5,Staten Island,2012-2014,2012-01-02,5.9,,2012,1,1,1
518829,650,Respiratory hospitalizations due to PM2.5 (age 20+),Estimated annual rate,"per 100,000 adults",UHF42,410,Rockaways,2012-2014,2012-01-02,10.21473661,,2012,1,1,1
518537,653,Asthma emergency departments visits due to Ozone,Estimated annual rate (under age 18),"per 100,000 children",UHF42,406,Fresh Meadows,2012-2014,2012-01-02,57.7,,2012,1,1,1
518500,653,Asthma emergency departments visits due to Ozone,Estimated annual rate (under age 18),"per 100,000 children",Borough,2,Brooklyn,2012-2014,2012-01-02,104.3,,2012,1,1,1
518619,655,Asthma hospitalizations due to Ozone,Estimated annual rate (under age 18),"per 100,000 children",UHF42,302,Central Harlem - Morningside Heights,2012-2014,2012-01-02,46.2,,2012,1,1,1
518548,659,Asthma emergency departments visits due to Ozone,Estimated annual rate (age 18+),"per 100,000 adults",Borough,2,Brooklyn,2012-2014,2012-01-02,58.8,,2012,1,1,1
518649,661,Asthma hospitalizations due to Ozone,Estimated annual rate (age 18+),"per 100,000 adults",UHF42,102,Northeast Bronx,2012-2014,2012-01-02,10.3,,2012,1,1,1
518832,650,Respiratory hospitalizations due to PM2.5 (age 20+),Estimated annual rate,"per 100,000 adults",UHF42,503,Willowbrook,2012-2014,2012-01-02,13.53632789,,2012,1,1,1
518974,657,Asthma emergency department visits due to PM2.5,Estimated annual rate (age 18+),"per 100,000 adults",UHF42,501,Port Richmond,2012-2014,2012-01-02,53.99393893,,2012,1,1,1
518639,655,Asthma hospitalizations due to Ozone,Estimated annual rate (under age 18),"per 100,000 children",UHF42,502,Stapleton - St. George,2012-2014,2012-01-02,17.3,,2012,1,1,1
518815,650,Respiratory hospitalizations due to PM2.5 (age 20+),Estimated annual rate,"per 100,000 adults",UHF42,306,Chelsea - Clinton,2012-2014,2012-01-02,9.389808212,,2012,1,1,1
518689,661,Asthma hospitalizations due to Ozone,Estimated annual rate (age 18+),"per 100,000 adults",UHF42,504,South Beach - Tottenville,2012-2014,2012-01-02,3.8,,2012,1,1,1
518869,651,Cardiovascular hospitalizations due to PM2.5 (age 40+),Estimated annual rate,"per 100,000 adults",UHF42,402,West Queens,2012-2014,2012-01-02,8.840456996,,2012,1,1,1
518665,661,Asthma hospitalizations due to Ozone,Estimated annual rate (age 18+),"per 100,000 adults",UHF42,211,Williamsburg - Bushwick,2012-2014,2012-01-02,12.9,,2012,1,1,1
518534,653,Asthma emergency departments visits due to Ozone,Estimated annual rate (under age 18),"per 100,000 children",UHF42,403,Flushing - Clearview,2012-2014,2012-01-02,39.2,,2012,1,1,1
518695,652,Cardiac and respiratory deaths due to Ozone,Estimated annual rate,"per 100,000",Borough,5,Staten Island,2012-2014,2012-01-02,7.5,,2012,1,1,1
518725,652,Cardiac and respiratory deaths due to Ozone,Estimated annual rate,"per 100,000",UHF42,402,West Queens,2012-2014,2012-01-02,3.4,,2012,1,1,1
518559,659,Asthma emergency departments visits due to Ozone,Estimated annual rate (age 18+),"per 100,000 adults",UHF42,201,Greenpoint,2012-2014,2012-01-02,32.1,,2012,1,1,1
518655,661,Asthma hospitalizations due to Ozone,Estimated annual rate (age 18+),"per 100,000 adults",UHF42,201,Greenpoint,2012-2014,2012-01-02,3.6,,2012,1,1,1
518769,639,Deaths due to PM2.5,Estimated annual rate (age 30+),"per 100,000 adults",UHF42,308,Greenwich Village - SoHo,2012-2014,2012-01-02,31.69098951,,2012,1,1,1
518579,659,Asthma emergency departments visits due to Ozone,Estimated annual rate (age 18+),"per 100,000 adults",UHF42,310,Lower Manhattan,2012-2014,2012-01-02,24.6,,2012,1,1,1
518917,648,Asthma emergency department visits due to PM2.5,Estimated annual rate (under age 18),"per 100,000 children",UHF42,402,West Queens,2012-2014,2012-01-02,49.01545226,,2012,1,1,1
518739,639,Deaths due to PM2.5,Estimated annual rate (age 30+),"per 100,000 adults",Borough,1,Bronx,2012-2014,2012-01-02,47.28916419,,2012,1,1,1
518667,661,Asthma hospitalizations due to Ozone,Estimated annual rate (age 18+),"per 100,000 adults",UHF42,302,Central Harlem - Morningside Heights,2012-2014,2012-01-02,11.7,,2012,1,1,1
518794,650,Respiratory hospitalizations due to PM2.5 (age 20+),Estimated annual rate,"per 100,000 adults",UHF42,103,Fordham - Bronx Pk,2012-2014,2012-01-02,17.08419361,,2012,1,1,1
518760,639,Deaths due to PM2.5,Estimated annual rate (age 30+),"per 100,000 adults",UHF42,210,Coney Island - Sheepshead Bay,2012-2014,2012-01-02,49.62764422,,2012,1,1,1
518801,650,Respiratory hospitalizations due to PM2.5 (age 20+),Estimated annual rate,"per 100,000 adults",UHF42,203,Bedford Stuyvesant - Crown Heights,2012-2014,2012-01-02,14.12673505,,2012,1,1,1
518762,639,Deaths due to PM2.5,Estimated annual rate (age 30+),"per 100,000 adults",UHF42,301,Washington Heights,2012-2014,2012-01-02,38.87733815,,2012,1,1,1
518666,661,Asthma hospitalizations due to Ozone,Estimated annual rate (age 18+),"per 100,000 adults",UHF42,301,Washington Heights,2012-2014,2012-01-02,5.5,,2012,1,1,1
518610,655,Asthma hospitalizations due to Ozone,Estimated annual rate (under age 18),"per 100,000 children",UHF42,204,East New York,2012-2014,2012-01-02,36.1,,2012,1,1,1
518673,661,Asthma hospitalizations due to Ozone,Estimated annual rate (age 18+),"per 100,000 adults",UHF42,308,Greenwich Village - SoHo,2012-2014,2012-01-02,0.9,,2012,1,1,1
518510,653,Asthma emergency departments visits due to Ozone,Estimated annual rate (under age 18),"per 100,000 children",UHF42,107,Hunts Point - Mott Haven,2012-2014,2012-01-02,237.6,,2012,1,1,1
518643,661,Asthma hospitalizations due to Ozone,Estimated annual rate (age 18+),"per 100,000 adults",Borough,1,Bronx,2012-2014,2012-01-02,13.4,,2012,1,1,1
518606,655,Asthma hospitalizations due to Ozone,Estimated annual rate (under age 18),"per 100,000 children",UHF42,107,Hunts Point - Mott Haven,2012-2014,2012-01-02,57.8,,2012,1,1,1
518547,659,Asthma emergency departments visits due to Ozone,Estimated annual rate (age 18+),"per 100,000 adults",Borough,1,Bronx,2012-2014,2012-01-02,102.8,,2012,1,1,1
518568,659,Asthma emergency departments visits due to Ozone,Estimated annual rate (age 18+),"per 100,000 adults",UHF42,210,Coney Island - Sheepshead Bay,2012-2014,2012-01-02,26.8,,2012,1,1,1
518586,659,Asthma emergency departments visits due to Ozone,Estimated annual rate (age 18+),"per 100,000 adults",UHF42,407,Southwest Queens,2012-2014,2012-01-02,33.9,,2012,1,1,1
518565,659,Asthma emergency departments visits due to Ozone,Estimated annual rate (age 18+),"per 100,000 adults",UHF42,207,East Flatbush - Flatbush,2012-2014,2012-01-02,67.6,,2012,1,1,1
518755,639,Deaths due to PM2.5,Estimated annual rate (age 30+),"per 100,000 adults",UHF42,205,Sunset Park,2012-2014,2012-01-02,30.85834309,,2012,1,1,1
518900,648,Asthma emergency department visits due to PM2.5,Estimated annual rate (under age 18),"per 100,000 children",UHF42,206,Borough Park,2012-2014,2012-01-02,18.65450617,,2012,1,1,1
518719,652,Cardiac and respiratory deaths due to Ozone,Estimated annual rate,"per 100,000",UHF42,306,Chelsea - Clinton,2012-2014,2012-01-02,3.7,,2012,1,1,1
518795,650,Respiratory hospitalizations due to PM2.5 (age 20+),Estimated annual rate,"per 100,000 adults",UHF42,104,Pelham - Throgs Neck,2012-2014,2012-01-02,13.87221626,,2012,1,1,1
518590,659,Asthma emergency departments visits due to Ozone,Estimated annual rate (age 18+),"per 100,000 adults",UHF42,501,Port Richmond,2012-2014,2012-01-02,74.4,,2012,1,1,1
518707,652,Cardiac and respiratory deaths due to Ozone,Estimated annual rate,"per 100,000",UHF42,205,Sunset Park,2012-2014,2012-01-02,3.1,,2012,1,1,1
518608,655,Asthma hospitalizations due to Ozone,Estimated annual rate (under age 18),"per 100,000 children",UHF42,202,Downtown - Heights - Slope,2012-2014,2012-01-02,17.1,,2012,1,1,1
518503,653,Asthma emergency departments visits due to Ozone,Estimated annual rate (under age 18),"per 100,000 children",Borough,5,Staten Island,2012-2014,2012-01-02,62.5,,2012,1,1,1
518861,651,Cardiovascular hospitalizations due to PM2.5 (age 40+),Estimated annual rate,"per 100,000 adults",UHF42,304,Upper West Side,2012-2014,2012-01-02,9.568118901,,2012,1,1,1
518599,655,Asthma hospitalizations due to Ozone,Estimated annual rate (under age 18),"per 100,000 children",Borough,5,Staten Island,2012-2014,2012-01-02,12.3,,2012,1,1,1
518913,648,Asthma emergency department visits due to PM2.5,Estimated annual rate (under age 18),"per 100,000 children",UHF42,308,Greenwich Village - SoHo,2012-2014,2012-01-02,18.09316507,,2012,1,1,1
518908,648,Asthma emergency department visits due to PM2.5,Estimated annual rate (under age 18),"per 100,000 children",UHF42,303,East Harlem,2012-2014,2012-01-02,241.3290564,,2012,1,1,1
518603,655,Asthma hospitalizations due to Ozone,Estimated annual rate (under age 18),"per 100,000 children",UHF42,104,Pelham - Throgs Neck,2012-2014,2012-01-02,36.5,,2012,1,1,1
518544,653,Asthma emergency departments visits due to Ozone,Estimated annual rate (under age 18),"per 100,000 children",UHF42,503,Willowbrook,2012-2014,2012-01-02,35.5,,2012,1,1,1
518541,653,Asthma emergency departments visits due to Ozone,Estimated annual rate (under age 18),"per 100,000 children",UHF42,410,Rockaways,2012-2014,2012-01-02,91.0,,2012,1,1,1
518813,650,Respiratory hospitalizations due to PM2.5 (age 20+),Estimated annual rate,"per 100,000 adults",UHF42,304,Upper West Side,2012-2014,2012-01-02,10.19497419,,2012,1,1,1
518604,655,Asthma hospitalizations due to Ozone,Estimated annual rate (under age 18),"per 100,000 children",UHF42,105,Crotona -Tremont,2012-2014,2012-01-02,44.8,,2012,1,1,1
518833,650,Respiratory hospitalizations due to PM2.5 (age 20+),Estimated annual rate,"per 100,000 adults",UHF42,504,South Beach - Tottenville,2012-2014,2012-01-02,11.80458829,,2012,1,1,1
518888,648,Asthma emergency department visits due to PM2.5,Estimated annual rate (under age 18),"per 100,000 children",UHF42,101,Kingsbridge - Riverdale,2012-2014,2012-01-02,82.2972765,,2012,1,1,1
518818,650,Respiratory hospitalizations due to PM2.5 (age 20+),Estimated annual rate,"per 100,000 adults",UHF42,309,Union Square - Lower East Side,2012-2014,2012-01-02,11.9638097,,2012,1,1,1
518934,657,Asthma emergency department visits due to PM2.5,Estimated annual rate (age 18+),"per 100,000 adults",Borough,4,Queens,2012-2014,2012-01-02,20.64349105,,2012,1,1,1
518555,659,Asthma emergency departments visits due to Ozone,Estimated annual rate (age 18+),"per 100,000 adults",UHF42,104,Pelham - Throgs Neck,2012-2014,2012-01-02,78.0,,2012,1,1,1
518782,639,Deaths due to PM2.5,Estimated annual rate (age 30+),"per 100,000 adults",UHF42,501,Port Richmond,2012-2014,2012-01-02,41.11208788,,2012,1,1,1
518747,639,Deaths due to PM2.5,Estimated annual rate (age 30+),"per 100,000 adults",UHF42,104,Pelham - Throgs Neck,2012-2014,2012-01-02,45.39894534,,2012,1,1,1
518705,652,Cardiac and respiratory deaths due to Ozone,Estimated annual rate,"per 100,000",UHF42,203,Bedford Stuyvesant - Crown Heights,2012-2014,2012-01-02,5.3,,2012,1,1,1
518583,659,Asthma emergency departments visits due to Ozone,Estimated annual rate (age 18+),"per 100,000 adults",UHF42,404,Bayside - Little Neck,2012-2014,2012-01-02,9.8,,2012,1,1,1
518640,655,Asthma hospitalizations due to Ozone,Estimated annual rate (under age 18),"per 100,000 children",UHF42,503,Willowbrook,2012-2014,2012-01-02,7.1,,2012,1,1,1
518947,657,Asthma emergency department visits due to PM2.5,Estimated annual rate (age 18+),"per 100,000 adults",UHF42,205,Sunset Park,2012-2014,2012-01-02,27.98028593,,2012,1,1,1
518597,655,Asthma hospitalizations due to Ozone,Estimated annual rate (under age 18),"per 100,000 children",Borough,3,Manhattan,2012-2014,2012-01-02,20.6,,2012,1,1,1
518743,639,Deaths due to PM2.5,Estimated annual rate (age 30+),"per 100,000 adults",Borough,5,Staten Island,2012-2014,2012-01-02,47.84750174,,2012,1,1,1
518884,648,Asthma emergency department visits due to PM2.5,Estimated annual rate (under age 18),"per 100,000 children",Borough,2,Brooklyn,2012-2014,2012-01-02,81.78754548,,2012,1,1,1
518898,648,Asthma emergency department visits due to PM2.5,Estimated annual rate (under age 18),"per 100,000 children",UHF42,204,East New York,2012-2014,2012-01-02,141.5831149,,2012,1,1,1
518923,648,Asthma emergency department visits due to PM2.5,Estimated annual rate (under age 18),"per 100,000 children",UHF42,408,Jamaica,2012-2014,2012-01-02,91.40368159,,2012,1,1,1
518778,639,Deaths due to PM2.5,Estimated annual rate (age 30+),"per 100,000 adults",UHF42,407,Southwest Queens,2012-2014,2012-01-02,29.28388876,,2012,1,1,1
518886,648,Asthma emergency department visits due to PM2.5,Estimated annual rate (under age 18),"per 100,000 children",Borough,4,Queens,2012-2014,2012-01-02,53.18777487,,2012,1,1,1
518502,653,Asthma emergency departments visits due to Ozone,Estimated annual rate (under age 18),"per 100,000 children",Borough,4,Queens,2012-2014,2012-01-02,74.0,,2012,1,1,1
518790,650,Respiratory hospitalizations due to PM2.5 (age 20+),Estimated annual rate,"per 100,000 adults",Borough,4,Queens,2012-2014,2012-01-02,8.683621096,,2012,1,1,1
518804,650,Respiratory hospitalizations due to PM2.5 (age 20+),Estimated annual rate,"per 100,000 adults",UHF42,206,Borough Park,2012-2014,2012-01-02,9.06397163,,2012,1,1,1
518729,652,Cardiac and respiratory deaths due to Ozone,Estimated annual rate,"per 100,000",UHF42,406,Fresh Meadows,2012-2014,2012-01-02,5.4,,2012,1,1,1
518552,659,Asthma emergency departments visits due to Ozone,Estimated annual rate (age 18+),"per 100,000 adults",UHF42,101,Kingsbridge - Riverdale,2012-2014,2012-01-02,34.4,,2012,1,1,1
518560,659,Asthma emergency departments visits due to Ozone,Estimated annual rate (age 18+),"per 100,000 adults",UHF42,202,Downtown - Heights - Slope,2012-2014,2012-01-02,42.9,,2012,1,1,1
518698,652,Cardiac and respiratory deaths due to Ozone,Estimated annual rate,"per 100,000",UHF42,103,Fordham - Bronx Pk,2012-2014,2012-01-02,4.2,,2012,1,1,1
518882,651,Cardiovascular hospitalizations due to PM2.5 (age 40+),Estimated annual rate,"per 100,000 adults",Citywide,1,New York City,2012-2014,2012-01-02,13.17315564,,2012,1,1,1
518636,655,Asthma hospitalizations due to Ozone,Estimated annual rate (under age 18),"per 100,000 children",UHF42,409,Southeast Queens,2012-2014,2012-01-02,24.7,,2012,1,1,1
518701,652,Cardiac and respiratory deaths due to Ozone,Estimated annual rate,"per 100,000",UHF42,106,High Bridge - Morrisania,2012-2014,2012-01-02,3.7,,2012,1,1,1
518850,651,Cardiovascular hospitalizations due to PM2.5 (age 40+),Estimated annual rate,"per 100,000 adults",UHF42,204,East New York,2012-2014,2012-01-02,16.93393312,,2012,1,1,1
518867,651,Cardiovascular hospitalizations due to PM2.5 (age 40+),Estimated annual rate,"per 100,000 adults",UHF42,310,Lower Manhattan,2012-2014,2012-01-02,12.3560724,,2012,1,1,1
518973,657,Asthma emergency department visits due to PM2.5,Estimated annual rate (age 18+),"per 100,000 adults",UHF42,410,Rockaways,2012-2014,2012-01-02,42.29304726,,2012,1,1,1
518582,659,Asthma emergency departments visits due to Ozone,Estimated annual rate (age 18+),"per 100,000 adults",UHF42,403,Flushing - Clearview,2012-2014,2012-01-02,13.5,,2012,1,1,1
518866,651,Cardiovascular hospitalizations due to PM2.5 (age 40+),Estimated annual rate,"per 100,000 adults",UHF42,309,Union Square - Lower East Side,2012-2014,2012-01-02,12.65778913,,2012,1,1,1
518529,653,Asthma emergency departments visits due to Ozone,Estimated annual rate (under age 18),"per 100,000 children",UHF42,308,Greenwich Village - SoHo,2012-2014,2012-01-02,18.5,,2012,1,1,1
518613,655,Asthma hospitalizations due to Ozone,Estimated annual rate (under age 18),"per 100,000 children",UHF42,207,East Flatbush - Flatbush,2012-2014,2012-01-02,36.6,,2012,1,1,1
518635,655,Asthma hospitalizations due to Ozone,Estimated annual rate (under age 18),"per 100,000 children",UHF42,408,Jamaica,2012-2014,2012-01-02,23.7,,2012,1,1,1
518539,653,Asthma emergency departments visits due to Ozone,Estimated annual rate (under age 18),"per 100,000 children",UHF42,408,Jamaica,2012-2014,2012-01-02,133.6,,2012,1,1,1
518684,661,Asthma hospitalizations due to Ozone,Estimated annual rate (age 18+),"per 100,000 adults",UHF42,409,Southeast Queens,2012-2014,2012-01-02,3.9,,2012,1,1,1
518774,639,Deaths due to PM2.5,Estimated annual rate (age 30+),"per 100,000 adults",UHF42,403,Flushing - Clearview,2012-2014,2012-01-02,36.50536441,,2012,1,1,1
178538,365,Fine particles (PM 2.5),Mean,mcg/m3,UHF42,207,East Flatbush - Flatbush,Annual Average 2012,2011-12-01,8.98,,2011,12,4,1
179658,365,Fine particles (PM 2.5),Mean,mcg/m3,Borough,1,Bronx,Annual Average 2012,2011-12-01,9.54,,2011,12,4,1
176648,375,Nitrogen dioxide (NO2),Mean,ppb,UHF42,207,East Flatbush - Flatbush,Annual Average 2012,2011-12-01,21.16,,2011,12,4,1
167708,375,Nitrogen dioxide (NO2),Mean,ppb,CD,211,Morris Park and Bronxdale (CD11),Annual Average 2012,2011-12-01,20.37,,2011,12,4,1
167738,375,Nitrogen dioxide (NO2),Mean,ppb,CD,411,Bayside and Little Neck (CD11),Annual Average 2012,2011-12-01,17.87,,2011,12,4,1
167736,375,Nitrogen dioxide (NO2),Mean,ppb,CD,409,Kew Gardens and Woodhaven (CD9),Annual Average 2012,2011-12-01,21.02,,2011,12,4,1
173205,365,Fine particles (PM 2.5),Mean,mcg/m3,UHF34,211,Williamsburg - Bushwick,Winter 2011-12,2011-12-01,9.93,,2011,12,4,1
174224,365,Fine particles (PM 2.5),Mean,mcg/m3,UHF34,210,Coney Island - Sheepshead Bay,Annual Average 2012,2011-12-01,8.3,,2011,12,4,1
173203,365,Fine particles (PM 2.5),Mean,mcg/m3,UHF34,209,Bensonhurst - Bay Ridge,Winter 2011-12,2011-12-01,8.64,,2011,12,4,1
179659,365,Fine particles (PM 2.5),Mean,mcg/m3,Borough,2,Brooklyn,Annual Average 2012,2011-12-01,9.02,,2011,12,4,1
178526,365,Fine particles (PM 2.5),Mean,mcg/m3,UHF42,102,Northeast Bronx,Annual Average 2012,2011-12-01,9.11,,2011,12,4,1
179511,365,Fine particles (PM 2.5),Mean,mcg/m3,Borough,4,Queens,Winter 2011-12,2011-12-01,8.8,,2011,12,4,1
175414,375,Nitrogen dioxide (NO2),Mean,ppb,UHF42,502,Stapleton - St. George,Winter 2011-12,2011-12-01,19.0,,2011,12,4,1
165943,375,Nitrogen dioxide (NO2),Mean,ppb,CD,304,Bushwick (CD4),Winter 2011-12,2011-12-01,25.76,,2011,12,4,1
167696,375,Nitrogen dioxide (NO2),Mean,ppb,CD,111,East Harlem (CD11),Annual Average 2012,2011-12-01,25.23,,2011,12,4,1
171692,375,Nitrogen dioxide (NO2),Mean,ppb,UHF34,501502,Northern SI,Winter 2011-12,2011-12-01,20.15,,2011,12,4,1
173191,365,Fine particles (PM 2.5),Mean,mcg/m3,UHF34,101,Kingsbridge - Riverdale,Winter 2011-12,2011-12-01,9.89,,2011,12,4,1
165942,375,Nitrogen dioxide (NO2),Mean,ppb,CD,303,Bedford Stuyvesant (CD3),Winter 2011-12,2011-12-01,26.65,,2011,12,4,1
165963,375,Nitrogen dioxide (NO2),Mean,ppb,CD,406,Rego Park and Forest Hills (CD6),Winter 2011-12,2011-12-01,25.06,,2011,12,4,1
167704,375,Nitrogen dioxide (NO2),Mean,ppb,CD,207,Kingsbridge Heights and Bedford (CD7),Annual Average 2012,2011-12-01,22.46,,2011,12,4,1
172709,375,Nitrogen dioxide (NO2),Mean,ppb,UHF34,306308,Chelsea-Village,Annual Average 2012,2011-12-01,32.87,,2011,12,4,1
177279,365,Fine particles (PM 2.5),Mean,mcg/m3,UHF42,208,Canarsie - Flatlands,Winter 2011-12,2011-12-01,8.31,,2011,12,4,1
174233,365,Fine particles (PM 2.5),Mean,mcg/m3,UHF34,405,Ridgewood - Forest Hills,Annual Average 2012,2011-12-01,8.83,,2011,12,4,1
168606,365,Fine particles (PM 2.5),Mean,mcg/m3,CD,312,Borough Park (CD12),Winter 2011-12,2011-12-01,9.23,,2011,12,4,1
165926,375,Nitrogen dioxide (NO2),Mean,ppb,CD,111,East Harlem (CD11),Winter 2011-12,2011-12-01,27.68,,2011,12,4,1
173216,365,Fine particles (PM 2.5),Mean,mcg/m3,UHF34,409,Southeast Queens,Winter 2011-12,2011-12-01,8.32,,2011,12,4,1
168597,365,Fine particles (PM 2.5),Mean,mcg/m3,CD,303,Bedford Stuyvesant (CD3),Winter 2011-12,2011-12-01,9.54,,2011,12,4,1
170387,365,Fine particles (PM 2.5),Mean,mcg/m3,CD,405,Ridgewood and Maspeth (CD5),Annual Average 2012,2011-12-01,9.07,,2011,12,4,1
176638,375,Nitrogen dioxide (NO2),Mean,ppb,UHF42,104,Pelham - Throgs Neck,Annual Average 2012,2011-12-01,19.94,,2011,12,4,1
178540,365,Fine particles (PM 2.5),Mean,mcg/m3,UHF42,209,Bensonhurst - Bay Ridge,Annual Average 2012,2011-12-01,8.6,,2011,12,4,1
168602,365,Fine particles (PM 2.5),Mean,mcg/m3,CD,308,Crown Heights and Prospect Heights (CD8),Winter 2011-12,2011-12-01,9.62,,2011,12,4,1
165965,375,Nitrogen dioxide (NO2),Mean,ppb,CD,408,Hillcrest and Fresh Meadows (CD8),Winter 2011-12,2011-12-01,22.7,,2011,12,4,1
179285,375,Nitrogen dioxide (NO2),Mean,ppb,Borough,3,Manhattan,Winter 2011-12,2011-12-01,30.21,,2011,12,4,1
168620,365,Fine particles (PM 2.5),Mean,mcg/m3,CD,408,Hillcrest and Fresh Meadows (CD8),Winter 2011-12,2011-12-01,9.01,,2011,12,4,1
177305,365,Fine particles (PM 2.5),Mean,mcg/m3,UHF42,503,Willowbrook,Winter 2011-12,2011-12-01,8.48,,2011,12,4,1
171684,375,Nitrogen dioxide (NO2),Mean,ppb,UHF34,407,Southwest Queens,Winter 2011-12,2011-12-01,23.67,,2011,12,4,1
177294,365,Fine particles (PM 2.5),Mean,mcg/m3,UHF42,402,West Queens,Winter 2011-12,2011-12-01,9.57,,2011,12,4,1
168604,365,Fine particles (PM 2.5),Mean,mcg/m3,CD,310,Bay Ridge and Dyker Heights (CD10),Winter 2011-12,2011-12-01,9.0,,2011,12,4,1
168612,365,Fine particles (PM 2.5),Mean,mcg/m3,CD,318,Flatlands and Canarsie (CD18),Winter 2011-12,2011-12-01,8.28,,2011,12,4,1
175383,375,Nitrogen dioxide (NO2),Mean,ppb,UHF42,202,Downtown - Heights - Slope,Winter 2011-12,2011-12-01,27.09,,2011,12,4,1
177284,365,Fine particles (PM 2.5),Mean,mcg/m3,UHF42,302,Central Harlem - Morningside Heights,Winter 2011-12,2011-12-01,10.85,,2011,12,4,1
167693,375,Nitrogen dioxide (NO2),Mean,ppb,CD,108,Upper East Side (CD8),Annual Average 2012,2011-12-01,29.64,,2011,12,4,1
178551,365,Fine particles (PM 2.5),Mean,mcg/m3,UHF42,309,Union Square - Lower East Side,Annual Average 2012,2011-12-01,10.35,,2011,12,4,1
168610,365,Fine particles (PM 2.5),Mean,mcg/m3,CD,316,Brownsville (CD16),Winter 2011-12,2011-12-01,9.37,,2011,12,4,1
168588,365,Fine particles (PM 2.5),Mean,mcg/m3,CD,206,Belmont and East Tremont (CD6),Winter 2011-12,2011-12-01,10.62,,2011,12,4,1
171687,375,Nitrogen dioxide (NO2),Mean,ppb,UHF34,410,Rockaways,Winter 2011-12,2011-12-01,15.89,,2011,12,4,1
176651,375,Nitrogen dioxide (NO2),Mean,ppb,UHF42,210,Coney Island - Sheepshead Bay,Annual Average 2012,2011-12-01,17.21,,2011,12,4,1
175402,375,Nitrogen dioxide (NO2),Mean,ppb,UHF42,310,Lower Manhattan,Winter 2011-12,2011-12-01,32.03,,2011,12,4,1
172704,375,Nitrogen dioxide (NO2),Mean,ppb,UHF34,407,Southwest Queens,Annual Average 2012,2011-12-01,20.01,,2011,12,4,1
172688,375,Nitrogen dioxide (NO2),Mean,ppb,UHF34,204,East New York,Annual Average 2012,2011-12-01,20.67,,2011,12,4,1
173198,365,Fine particles (PM 2.5),Mean,mcg/m3,UHF34,204,East New York,Winter 2011-12,2011-12-01,9.06,,2011,12,4,1
172691,375,Nitrogen dioxide (NO2),Mean,ppb,UHF34,207,East Flatbush - Flatbush,Annual Average 2012,2011-12-01,21.16,,2011,12,4,1
177283,365,Fine particles (PM 2.5),Mean,mcg/m3,UHF42,301,Washington Heights,Winter 2011-12,2011-12-01,10.49,,2011,12,4,1
173209,365,Fine particles (PM 2.5),Mean,mcg/m3,UHF34,304,Upper West Side,Winter 2011-12,2011-12-01,10.84,,2011,12,4,1
167721,375,Nitrogen dioxide (NO2),Mean,ppb,CD,312,Borough Park (CD12),Annual Average 2012,2011-12-01,21.15,,2011,12,4,1
176635,375,Nitrogen dioxide (NO2),Mean,ppb,UHF42,101,Kingsbridge - Riverdale,Annual Average 2012,2011-12-01,19.05,,2011,12,4,1
167719,375,Nitrogen dioxide (NO2),Mean,ppb,CD,310,Bay Ridge and Dyker Heights (CD10),Annual Average 2012,2011-12-01,20.08,,2011,12,4,1
171671,375,Nitrogen dioxide (NO2),Mean,ppb,UHF34,207,East Flatbush - Flatbush,Winter 2011-12,2011-12-01,24.1,,2011,12,4,1
165940,375,Nitrogen dioxide (NO2),Mean,ppb,CD,301,Greenpoint and Williamsburg (CD1),Winter 2011-12,2011-12-01,26.94,,2011,12,4,1
173196,365,Fine particles (PM 2.5),Mean,mcg/m3,UHF34,202,Downtown - Heights - Slope,Winter 2011-12,2011-12-01,10.44,,2011,12,4,1
165937,375,Nitrogen dioxide (NO2),Mean,ppb,CD,210,Throgs Neck and Co-op City (CD10),Winter 2011-12,2011-12-01,21.43,,2011,12,4,1
176640,375,Nitrogen dioxide (NO2),Mean,ppb,UHF42,106,High Bridge - Morrisania,Annual Average 2012,2011-12-01,24.23,,2011,12,4,1
178530,365,Fine particles (PM 2.5),Mean,mcg/m3,UHF42,106,High Bridge - Morrisania,Annual Average 2012,2011-12-01,10.26,,2011,12,4,1
170396,365,Fine particles (PM 2.5),Mean,mcg/m3,CD,414,Rockaway and Broad Channel (CD14),Annual Average 2012,2011-12-01,7.36,,2011,12,4,1
177293,365,Fine particles (PM 2.5),Mean,mcg/m3,UHF42,401,Long Island City - Astoria,Winter 2011-12,2011-12-01,9.91,,2011,12,4,1
170371,365,Fine particles (PM 2.5),Mean,mcg/m3,CD,307,Sunset Park (CD7),Annual Average 2012,2011-12-01,9.66,,2011,12,4,1
172693,375,Nitrogen dioxide (NO2),Mean,ppb,UHF34,209,Bensonhurst - Bay Ridge,Annual Average 2012,2011-12-01,19.27,,2011,12,4,1
175391,375,Nitrogen dioxide (NO2),Mean,ppb,UHF42,210,Coney Island - Sheepshead Bay,Winter 2011-12,2011-12-01,19.46,,2011,12,4,1
176655,375,Nitrogen dioxide (NO2),Mean,ppb,UHF42,303,East Harlem,Annual Average 2012,2011-12-01,25.32,,2011,12,4,1
176658,375,Nitrogen dioxide (NO2),Mean,ppb,UHF42,306,Chelsea - Clinton,Annual Average 2012,2011-12-01,34.33,,2011,12,4,1
171682,375,Nitrogen dioxide (NO2),Mean,ppb,UHF34,403,Flushing - Clearview,Winter 2011-12,2011-12-01,22.76,,2011,12,4,1
175405,375,Nitrogen dioxide (NO2),Mean,ppb,UHF42,403,Flushing - Clearview,Winter 2011-12,2011-12-01,22.77,,2011,12,4,1
176654,375,Nitrogen dioxide (NO2),Mean,ppb,UHF42,302,Central Harlem - Morningside Heights,Annual Average 2012,2011-12-01,25.76,,2011,12,4,1
167717,375,Nitrogen dioxide (NO2),Mean,ppb,CD,308,Crown Heights and Prospect Heights (CD8),Annual Average 2012,2011-12-01,23.45,,2011,12,4,1
168626,365,Fine particles (PM 2.5),Mean,mcg/m3,CD,414,Rockaway and Broad Channel (CD14),Winter 2011-12,2011-12-01,6.72,,2011,12,4,1
179661,365,Fine particles (PM 2.5),Mean,mcg/m3,Borough,4,Queens,Annual Average 2012,2011-12-01,8.63,,2011,12,4,1
174223,365,Fine particles (PM 2.5),Mean,mcg/m3,UHF34,209,Bensonhurst - Bay Ridge,Annual Average 2012,2011-12-01,8.6,,2011,12,4,1
172697,375,Nitrogen dioxide (NO2),Mean,ppb,UHF34,302,Central Harlem - Morningside Heights,Annual Average 2012,2011-12-01,25.76,,2011,12,4,1
167725,375,Nitrogen dioxide (NO2),Mean,ppb,CD,316,Brownsville (CD16),Annual Average 2012,2011-12-01,21.92,,2011,12,4,1
167700,375,Nitrogen dioxide (NO2),Mean,ppb,CD,203,Morrisania and Crotona (CD3),Annual Average 2012,2011-12-01,23.02,,2011,12,4,1
172698,375,Nitrogen dioxide (NO2),Mean,ppb,UHF34,303,East Harlem,Annual Average 2012,2011-12-01,25.32,,2011,12,4,1
175397,375,Nitrogen dioxide (NO2),Mean,ppb,UHF42,305,Upper East Side,Winter 2011-12,2011-12-01,30.52,,2011,12,4,1
170372,365,Fine particles (PM 2.5),Mean,mcg/m3,CD,308,Crown Heights and Prospect Heights (CD8),Annual Average 2012,2011-12-01,9.18,,2011,12,4,1
171681,375,Nitrogen dioxide (NO2),Mean,ppb,UHF34,402,West Queens,Winter 2011-12,2011-12-01,25.94,,2011,12,4,1
167732,375,Nitrogen dioxide (NO2),Mean,ppb,CD,405,Ridgewood and Maspeth (CD5),Annual Average 2012,2011-12-01,21.06,,2011,12,4,1
167701,375,Nitrogen dioxide (NO2),Mean,ppb,CD,204,Highbridge and Concourse (CD4),Annual Average 2012,2011-12-01,24.46,,2011,12,4,1
174242,365,Fine particles (PM 2.5),Mean,mcg/m3,UHF34,501502,Northern SI,Annual Average 2012,2011-12-01,8.31,,2011,12,4,1
167692,375,Nitrogen dioxide (NO2),Mean,ppb,CD,107,Upper West Side (CD7),Annual Average 2012,2011-12-01,27.07,,2011,12,4,1
174214,365,Fine particles (PM 2.5),Mean,mcg/m3,UHF34,104,Pelham - Throgs Neck,Annual Average 2012,2011-12-01,9.23,,2011,12,4,1
175396,375,Nitrogen dioxide (NO2),Mean,ppb,UHF42,304,Upper West Side,Winter 2011-12,2011-12-01,28.9,,2011,12,4,1
175392,375,Nitrogen dioxide (NO2),Mean,ppb,UHF42,211,Williamsburg - Bushwick,Winter 2011-12,2011-12-01,26.68,,2011,12,4,1
177297,365,Fine particles (PM 2.5),Mean,mcg/m3,UHF42,405,Ridgewood - Forest Hills,Winter 2011-12,2011-12-01,8.97,,2011,12,4,1
178545,365,Fine particles (PM 2.5),Mean,mcg/m3,UHF42,303,East Harlem,Annual Average 2012,2011-12-01,9.98,,2011,12,4,1
178555,365,Fine particles (PM 2.5),Mean,mcg/m3,UHF42,403,Flushing - Clearview,Annual Average 2012,2011-12-01,8.9,,2011,12,4,1
178527,365,Fine particles (PM 2.5),Mean,mcg/m3,UHF42,103,Fordham - Bronx Pk,Annual Average 2012,2011-12-01,9.47,,2011,12,4,1
174217,365,Fine particles (PM 2.5),Mean,mcg/m3,UHF34,203,Bedford Stuyvesant - Crown Heights,Annual Average 2012,2011-12-01,9.13,,2011,12,4,1
171675,375,Nitrogen dioxide (NO2),Mean,ppb,UHF34,211,Williamsburg - Bushwick,Winter 2011-12,2011-12-01,26.68,,2011,12,4,1
171666,375,Nitrogen dioxide (NO2),Mean,ppb,UHF34,202,Downtown - Heights - Slope,Winter 2011-12,2011-12-01,27.09,,2011,12,4,1
173213,365,Fine particles (PM 2.5),Mean,mcg/m3,UHF34,405,Ridgewood - Forest Hills,Winter 2011-12,2011-12-01,8.97,,2011,12,4,1
178559,365,Fine particles (PM 2.5),Mean,mcg/m3,UHF42,407,Southwest Queens,Annual Average 2012,2011-12-01,8.32,,2011,12,4,1
178560,365,Fine particles (PM 2.5),Mean,mcg/m3,UHF42,408,Jamaica,Annual Average 2012,2011-12-01,8.48,,2011,12,4,1
174240,365,Fine particles (PM 2.5),Mean,mcg/m3,UHF34,309310,Union Square-Lower Manhattan,Annual Average 2012,2011-12-01,10.66,,2011,12,4,1
173222,365,Fine particles (PM 2.5),Mean,mcg/m3,UHF34,501502,Northern SI,Winter 2011-12,2011-12-01,8.23,,2011,12,4,1
177289,365,Fine particles (PM 2.5),Mean,mcg/m3,UHF42,307,Gramercy Park - Murray Hill,Winter 2011-12,2011-12-01,13.13,,2011,12,4,1
177290,365,Fine particles (PM 2.5),Mean,mcg/m3,UHF42,308,Greenwich Village - SoHo,Winter 2011-12,2011-12-01,11.16,,2011,12,4,1
167705,375,Nitrogen dioxide (NO2),Mean,ppb,CD,208,Riverdale and Fieldston (CD8),Annual Average 2012,2011-12-01,19.08,,2011,12,4,1
175377,375,Nitrogen dioxide (NO2),Mean,ppb,UHF42,103,Fordham - Bronx Pk,Winter 2011-12,2011-12-01,23.32,,2011,12,4,1
171679,375,Nitrogen dioxide (NO2),Mean,ppb,UHF34,304,Upper West Side,Winter 2011-12,2011-12-01,28.9,,2011,12,4,1
168586,365,Fine particles (PM 2.5),Mean,mcg/m3,CD,204,Highbridge and Concourse (CD4),Winter 2011-12,2011-12-01,11.42,,2011,12,4,1
167691,375,Nitrogen dioxide (NO2),Mean,ppb,CD,106,Stuyvesant Town and Turtle Bay (CD6),Annual Average 2012,2011-12-01,34.48,,2011,12,4,1
168589,365,Fine particles (PM 2.5),Mean,mcg/m3,CD,207,Kingsbridge Heights and Bedford (CD7),Winter 2011-12,2011-12-01,10.39,,2011,12,4,1
177292,365,Fine particles (PM 2.5),Mean,mcg/m3,UHF42,310,Lower Manhattan,Winter 2011-12,2011-12-01,11.65,,2011,12,4,1
173193,365,Fine particles (PM 2.5),Mean,mcg/m3,UHF34,103,Fordham - Bronx Pk,Winter 2011-12,2011-12-01,9.88,,2011,12,4,1
174237,365,Fine particles (PM 2.5),Mean,mcg/m3,UHF34,410,Rockaways,Annual Average 2012,2011-12-01,7.36,,2011,12,4,1
171668,375,Nitrogen dioxide (NO2),Mean,ppb,UHF34,204,East New York,Winter 2011-12,2011-12-01,24.24,,2011,12,4,1
173206,365,Fine particles (PM 2.5),Mean,mcg/m3,UHF34,301,Washington Heights,Winter 2011-12,2011-12-01,10.96,,2011,12,4,1
173194,365,Fine particles (PM 2.5),Mean,mcg/m3,UHF34,104,Pelham - Throgs Neck,Winter 2011-12,2011-12-01,9.45,,2011,12,4,1
177291,365,Fine particles (PM 2.5),Mean,mcg/m3,UHF42,309,Union Square - Lower East Side,Winter 2011-12,2011-12-01,10.49,,2011,12,4,1
167703,375,Nitrogen dioxide (NO2),Mean,ppb,CD,206,Belmont and East Tremont (CD6),Annual Average 2012,2011-12-01,22.81,,2011,12,4,1
173197,365,Fine particles (PM 2.5),Mean,mcg/m3,UHF34,203,Bedford Stuyvesant - Crown Heights,Winter 2011-12,2011-12-01,9.47,,2011,12,4,1
177272,365,Fine particles (PM 2.5),Mean,mcg/m3,UHF42,201,Greenpoint,Winter 2011-12,2011-12-01,10.37,,2011,12,4,1
176657,375,Nitrogen dioxide (NO2),Mean,ppb,UHF42,305,Upper East Side,Annual Average 2012,2011-12-01,29.5,,2011,12,4,1
177270,365,Fine particles (PM 2.5),Mean,mcg/m3,UHF42,106,High Bridge - Morrisania,Winter 2011-12,2011-12-01,11.24,,2011,12,4,1
178565,365,Fine particles (PM 2.5),Mean,mcg/m3,UHF42,503,Willowbrook,Annual Average 2012,2011-12-01,8.52,,2011,12,4,1
167689,375,Nitrogen dioxide (NO2),Mean,ppb,CD,104,Clinton and Chelsea (CD4),Annual Average 2012,2011-12-01,31.4,,2011,12,4,1
176661,375,Nitrogen dioxide (NO2),Mean,ppb,UHF42,309,Union Square - Lower East Side,Annual Average 2012,2011-12-01,28.23,,2011,12,4,1
173208,365,Fine particles (PM 2.5),Mean,mcg/m3,UHF34,303,East Harlem,Winter 2011-12,2011-12-01,10.54,,2011,12,4,1
168619,365,Fine particles (PM 2.5),Mean,mcg/m3,CD,407,Flushing and Whitestone (CD7),Winter 2011-12,2011-12-01,9.26,,2011,12,4,1
165949,375,Nitrogen dioxide (NO2),Mean,ppb,CD,310,Bay Ridge and Dyker Heights (CD10),Winter 2011-12,2011-12-01,22.8,,2011,12,4,1
170378,365,Fine particles (PM 2.5),Mean,mcg/m3,CD,314,Flatbush and Midwood (CD14),Annual Average 2012,2011-12-01,8.92,,2011,12,4,1
167714,375,Nitrogen dioxide (NO2),Mean,ppb,CD,305,East New York and Starrett City (CD5),Annual Average 2012,2011-12-01,20.21,,2011,12,4,1
176662,375,Nitrogen dioxide (NO2),Mean,ppb,UHF42,310,Lower Manhattan,Annual Average 2012,2011-12-01,31.07,,2011,12,4,1
176673,375,Nitrogen dioxide (NO2),Mean,ppb,UHF42,501,Port Richmond,Annual Average 2012,2011-12-01,18.78,,2011,12,4,1
170379,365,Fine particles (PM 2.5),Mean,mcg/m3,CD,315,Sheepshead Bay (CD15),Annual Average 2012,2011-12-01,8.32,,2011,12,4,1
178557,365,Fine particles (PM 2.5),Mean,mcg/m3,UHF42,405,Ridgewood - Forest Hills,Annual Average 2012,2011-12-01,8.83,,2011,12,4,1
171685,375,Nitrogen dioxide (NO2),Mean,ppb,UHF34,408,Jamaica,Winter 2011-12,2011-12-01,22.78,,2011,12,4,1
175375,375,Nitrogen dioxide (NO2),Mean,ppb,UHF42,101,Kingsbridge - Riverdale,Winter 2011-12,2011-12-01,21.85,,2011,12,4,1
171662,375,Nitrogen dioxide (NO2),Mean,ppb,UHF34,102,Northeast Bronx,Winter 2011-12,2011-12-01,22.15,,2011,12,4,1
168608,365,Fine particles (PM 2.5),Mean,mcg/m3,CD,314,Flatbush and Midwood (CD14),Winter 2011-12,2011-12-01,9.17,,2011,12,4,1
171680,375,Nitrogen dioxide (NO2),Mean,ppb,UHF34,401,Long Island City - Astoria,Winter 2011-12,2011-12-01,26.18,,2011,12,4,1
171694,375,Nitrogen dioxide (NO2),Mean,ppb,UHF34,105106107,South Bronx,Winter 2011-12,2011-12-01,25.88,,2011,12,4,1
170345,365,Fine particles (PM 2.5),Mean,mcg/m3,CD,105,Midtown (CD5),Annual Average 2012,2011-12-01,14.24,,2011,12,4,1
170351,365,Fine particles (PM 2.5),Mean,mcg/m3,CD,111,East Harlem (CD11),Annual Average 2012,2011-12-01,9.98,,2011,12,4,1
178536,365,Fine particles (PM 2.5),Mean,mcg/m3,UHF42,205,Sunset Park,Annual Average 2012,2011-12-01,9.59,,2011,12,4,1
173214,365,Fine particles (PM 2.5),Mean,mcg/m3,UHF34,407,Southwest Queens,Winter 2011-12,2011-12-01,8.45,,2011,12,4,1
168609,365,Fine particles (PM 2.5),Mean,mcg/m3,CD,315,Sheepshead Bay (CD15),Winter 2011-12,2011-12-01,8.04,,2011,12,4,1
179510,365,Fine particles (PM 2.5),Mean,mcg/m3,Borough,3,Manhattan,Winter 2011-12,2011-12-01,11.32,,2011,12,4,1
173201,365,Fine particles (PM 2.5),Mean,mcg/m3,UHF34,207,East Flatbush - Flatbush,Winter 2011-12,2011-12-01,9.29,,2011,12,4,1
167711,375,Nitrogen dioxide (NO2),Mean,ppb,CD,302,Fort Greene and Brooklyn Heights (CD2),Annual Average 2012,2011-12-01,24.81,,2011,12,4,1
177302,365,Fine particles (PM 2.5),Mean,mcg/m3,UHF42,410,Rockaways,Winter 2011-12,2011-12-01,6.73,,2011,12,4,1
179106,375,Nitrogen dioxide (NO2),Mean,ppb,Citywide,1,New York City,Winter 2011-12,2011-12-01,22.54,,2011,12,4,1
168584,365,Fine particles (PM 2.5),Mean,mcg/m3,CD,202,Hunts Point and Longwood (CD2),Winter 2011-12,2011-12-01,10.92,,2011,12,4,1
174221,365,Fine particles (PM 2.5),Mean,mcg/m3,UHF34,207,East Flatbush - Flatbush,Annual Average 2012,2011-12-01,8.98,,2011,12,4,1
168611,365,Fine particles (PM 2.5),Mean,mcg/m3,CD,317,East Flatbush (CD17),Winter 2011-12,2011-12-01,9.33,,2011,12,4,1
179287,375,Nitrogen dioxide (NO2),Mean,ppb,Borough,5,Staten Island,Winter 2011-12,2011-12-01,17.93,,2011,12,4,1
176656,375,Nitrogen dioxide (NO2),Mean,ppb,UHF42,304,Upper West Side,Annual Average 2012,2011-12-01,27.08,,2011,12,4,1
171686,375,Nitrogen dioxide (NO2),Mean,ppb,UHF34,409,Southeast Queens,Winter 2011-12,2011-12-01,20.53,,2011,12,4,1
179283,375,Nitrogen dioxide (NO2),Mean,ppb,Borough,1,Bronx,Winter 2011-12,2011-12-01,23.48,,2011,12,4,1
177295,365,Fine particles (PM 2.5),Mean,mcg/m3,UHF42,403,Flushing - Clearview,Winter 2011-12,2011-12-01,9.23,,2011,12,4,1
171663,375,Nitrogen dioxide (NO2),Mean,ppb,UHF34,103,Fordham - Bronx Pk,Winter 2011-12,2011-12-01,23.32,,2011,12,4,1
165923,375,Nitrogen dioxide (NO2),Mean,ppb,CD,108,Upper East Side (CD8),Winter 2011-12,2011-12-01,30.63,,2011,12,4,1
170369,365,Fine particles (PM 2.5),Mean,mcg/m3,CD,305,East New York and Starrett City (CD5),Annual Average 2012,2011-12-01,8.88,,2011,12,4,1
165962,375,Nitrogen dioxide (NO2),Mean,ppb,CD,405,Ridgewood and Maspeth (CD5),Winter 2011-12,2011-12-01,24.67,,2011,12,4,1
176636,375,Nitrogen dioxide (NO2),Mean,ppb,UHF42,102,Northeast Bronx,Annual Average 2012,2011-12-01,20.02,,2011,12,4,1
174222,365,Fine particles (PM 2.5),Mean,mcg/m3,UHF34,208,Canarsie - Flatlands,Annual Average 2012,2011-12-01,8.37,,2011,12,4,1
168605,365,Fine particles (PM 2.5),Mean,mcg/m3,CD,311,Bensonhurst (CD11),Winter 2011-12,2011-12-01,8.55,,2011,12,4,1
168598,365,Fine particles (PM 2.5),Mean,mcg/m3,CD,304,Bushwick (CD4),Winter 2011-12,2011-12-01,9.34,,2011,12,4,1
168596,365,Fine particles (PM 2.5),Mean,mcg/m3,CD,302,Fort Greene and Brooklyn Heights (CD2),Winter 2011-12,2011-12-01,10.38,,2011,12,4,1
165950,375,Nitrogen dioxide (NO2),Mean,ppb,CD,311,Bensonhurst (CD11),Winter 2011-12,2011-12-01,22.1,,2011,12,4,1
167710,375,Nitrogen dioxide (NO2),Mean,ppb,CD,301,Greenpoint and Williamsburg (CD1),Annual Average 2012,2011-12-01,23.65,,2011,12,4,1
174234,365,Fine particles (PM 2.5),Mean,mcg/m3,UHF34,407,Southwest Queens,Annual Average 2012,2011-12-01,8.32,,2011,12,4,1
171678,375,Nitrogen dioxide (NO2),Mean,ppb,UHF34,303,East Harlem,Winter 2011-12,2011-12-01,27.76,,2011,12,4,1
175388,375,Nitrogen dioxide (NO2),Mean,ppb,UHF42,207,East Flatbush - Flatbush,Winter 2011-12,2011-12-01,24.1,,2011,12,4,1
167741,375,Nitrogen dioxide (NO2),Mean,ppb,CD,414,Rockaway and Broad Channel (CD14),Annual Average 2012,2011-12-01,13.0,,2011,12,4,1
171676,375,Nitrogen dioxide (NO2),Mean,ppb,UHF34,301,Washington Heights,Winter 2011-12,2011-12-01,25.92,,2011,12,4,1
170368,365,Fine particles (PM 2.5),Mean,mcg/m3,CD,304,Bushwick (CD4),Annual Average 2012,2011-12-01,9.15,,2011,12,4,1
165951,375,Nitrogen dioxide (NO2),Mean,ppb,CD,312,Borough Park (CD12),Winter 2011-12,2011-12-01,23.8,,2011,12,4,1
165947,375,Nitrogen dioxide (NO2),Mean,ppb,CD,308,Crown Heights and Prospect Heights (CD8),Winter 2011-12,2011-12-01,26.52,,2011,12,4,1
165916,375,Nitrogen dioxide (NO2),Mean,ppb,CD,101,Financial District (CD1),Winter 2011-12,2011-12-01,32.12,,2011,12,4,1
170380,365,Fine particles (PM 2.5),Mean,mcg/m3,CD,316,Brownsville (CD16),Annual Average 2012,2011-12-01,9.14,,2011,12,4,1
170343,365,Fine particles (PM 2.5),Mean,mcg/m3,CD,103,Lower East Side and Chinatown (CD3),Annual Average 2012,2011-12-01,10.14,,2011,12,4,1
165956,375,Nitrogen dioxide (NO2),Mean,ppb,CD,317,East Flatbush (CD17),Winter 2011-12,2011-12-01,24.35,,2011,12,4,1
178528,365,Fine particles (PM 2.5),Mean,mcg/m3,UHF42,104,Pelham - Throgs Neck,Annual Average 2012,2011-12-01,9.23,,2011,12,4,1
173195,365,Fine particles (PM 2.5),Mean,mcg/m3,UHF34,201,Greenpoint,Winter 2011-12,2011-12-01,10.37,,2011,12,4,1
176650,375,Nitrogen dioxide (NO2),Mean,ppb,UHF42,209,Bensonhurst - Bay Ridge,Annual Average 2012,2011-12-01,19.27,,2011,12,4,1
172711,375,Nitrogen dioxide (NO2),Mean,ppb,UHF34,404406,Bayside Little Neck-Fresh Meadows,Annual Average 2012,2011-12-01,18.39,,2011,12,4,1
165957,375,Nitrogen dioxide (NO2),Mean,ppb,CD,318,Flatlands and Canarsie (CD18),Winter 2011-12,2011-12-01,20.27,,2011,12,4,1
167709,375,Nitrogen dioxide (NO2),Mean,ppb,CD,212,Williamsbridge and Baychester (CD12),Annual Average 2012,2011-12-01,19.54,,2011,12,4,1
170394,365,Fine particles (PM 2.5),Mean,mcg/m3,CD,412,Jamaica and Hollis (CD12),Annual Average 2012,2011-12-01,8.45,,2011,12,4,1
172689,375,Nitrogen dioxide (NO2),Mean,ppb,UHF34,205,Sunset Park,Annual Average 2012,2011-12-01,21.09,,2011,12,4,1
179151,365,Fine particles (PM 2.5),Mean,mcg/m3,Citywide,1,New York City,Winter 2011-12,2011-12-01,9.15,,2011,12,4,1
167697,375,Nitrogen dioxide (NO2),Mean,ppb,CD,112,Washington Heights and Inwood (CD12),Annual Average 2012,2011-12-01,22.64,,2011,12,4,1
171691,375,Nitrogen dioxide (NO2),Mean,ppb,UHF34,404406,Bayside Little Neck-Fresh Meadows,Winter 2011-12,2011-12-01,21.5,,2011,12,4,1
172706,375,Nitrogen dioxide (NO2),Mean,ppb,UHF34,409,Southeast Queens,Annual Average 2012,2011-12-01,17.34,,2011,12,4,1
170375,365,Fine particles (PM 2.5),Mean,mcg/m3,CD,311,Bensonhurst (CD11),Annual Average 2012,2011-12-01,8.56,,2011,12,4,1
170347,365,Fine particles (PM 2.5),Mean,mcg/m3,CD,107,Upper West Side (CD7),Annual Average 2012,2011-12-01,10.44,,2011,12,4,1
168627,365,Fine particles (PM 2.5),Mean,mcg/m3,CD,501,St. George and Stapleton (CD1),Winter 2011-12,2011-12-01,8.39,,2011,12,4,1
170359,365,Fine particles (PM 2.5),Mean,mcg/m3,CD,207,Kingsbridge Heights and Bedford (CD7),Annual Average 2012,2011-12-01,9.82,,2011,12,4,1
178544,365,Fine particles (PM 2.5),Mean,mcg/m3,UHF42,302,Central Harlem - Morningside Heights,Annual Average 2012,2011-12-01,9.99,,2011,12,4,1
170373,365,Fine particles (PM 2.5),Mean,mcg/m3,CD,309,South Crown Heights and Lefferts Gardens (CD9),Annual Average 2012,2011-12-01,9.07,,2011,12,4,1
167687,375,Nitrogen dioxide (NO2),Mean,ppb,CD,102,Greenwich Village and Soho (CD2),Annual Average 2012,2011-12-01,30.08,,2011,12,4,1
168601,365,Fine particles (PM 2.5),Mean,mcg/m3,CD,307,Sunset Park (CD7),Winter 2011-12,2011-12-01,10.2,,2011,12,4,1
175406,375,Nitrogen dioxide (NO2),Mean,ppb,UHF42,404,Bayside - Little Neck,Winter 2011-12,2011-12-01,20.42,,2011,12,4,1
172699,375,Nitrogen dioxide (NO2),Mean,ppb,UHF34,304,Upper West Side,Annual Average 2012,2011-12-01,27.08,,2011,12,4,1
171689,375,Nitrogen dioxide (NO2),Mean,ppb,UHF34,306308,Chelsea-Village,Winter 2011-12,2011-12-01,33.42,,2011,12,4,1
170377,365,Fine particles (PM 2.5),Mean,mcg/m3,CD,313,Coney Island (CD13),Annual Average 2012,2011-12-01,8.24,,2011,12,4,1
170363,365,Fine particles (PM 2.5),Mean,mcg/m3,CD,211,Morris Park and Bronxdale (CD11),Annual Average 2012,2011-12-01,9.15,,2011,12,4,1
165964,375,Nitrogen dioxide (NO2),Mean,ppb,CD,407,Flushing and Whitestone (CD7),Winter 2011-12,2011-12-01,22.78,,2011,12,4,1
174232,365,Fine particles (PM 2.5),Mean,mcg/m3,UHF34,403,Flushing - Clearview,Annual Average 2012,2011-12-01,8.9,,2011,12,4,1
178548,365,Fine particles (PM 2.5),Mean,mcg/m3,UHF42,306,Chelsea - Clinton,Annual Average 2012,2011-12-01,12.42,,2011,12,4,1
171670,375,Nitrogen dioxide (NO2),Mean,ppb,UHF34,206,Borough Park,Winter 2011-12,2011-12-01,23.5,,2011,12,4,1
178525,365,Fine particles (PM 2.5),Mean,mcg/m3,UHF42,101,Kingsbridge - Riverdale,Annual Average 2012,2011-12-01,9.27,,2011,12,4,1
171693,375,Nitrogen dioxide (NO2),Mean,ppb,UHF34,503504,Southern SI,Winter 2011-12,2011-12-01,17.0,,2011,12,4,1
165973,375,Nitrogen dioxide (NO2),Mean,ppb,CD,502,South Beach and Willowbrook (CD2),Winter 2011-12,2011-12-01,17.7,,2011,12,4,1
168617,365,Fine particles (PM 2.5),Mean,mcg/m3,CD,405,Ridgewood and Maspeth (CD5),Winter 2011-12,2011-12-01,9.17,,2011,12,4,1
171672,375,Nitrogen dioxide (NO2),Mean,ppb,UHF34,208,Canarsie - Flatlands,Winter 2011-12,2011-12-01,20.3,,2011,12,4,1
167730,375,Nitrogen dioxide (NO2),Mean,ppb,CD,403,Jackson Heights (CD3),Annual Average 2012,2011-12-01,22.55,,2011,12,4,1
165972,375,Nitrogen dioxide (NO2),Mean,ppb,CD,501,St. George and Stapleton (CD1),Winter 2011-12,2011-12-01,21.41,,2011,12,4,1
167724,375,Nitrogen dioxide (NO2),Mean,ppb,CD,315,Sheepshead Bay (CD15),Annual Average 2012,2011-12-01,17.6,,2011,12,4,1
172702,375,Nitrogen dioxide (NO2),Mean,ppb,UHF34,403,Flushing - Clearview,Annual Average 2012,2011-12-01,19.83,,2011,12,4,1
174228,365,Fine particles (PM 2.5),Mean,mcg/m3,UHF34,303,East Harlem,Annual Average 2012,2011-12-01,9.98,,2011,12,4,1
168599,365,Fine particles (PM 2.5),Mean,mcg/m3,CD,305,East New York and Starrett City (CD5),Winter 2011-12,2011-12-01,8.99,,2011,12,4,1
179660,365,Fine particles (PM 2.5),Mean,mcg/m3,Borough,3,Manhattan,Annual Average 2012,2011-12-01,10.92,,2011,12,4,1
177282,365,Fine particles (PM 2.5),Mean,mcg/m3,UHF42,211,Williamsburg - Bushwick,Winter 2011-12,2011-12-01,11.01,,2011,12,4,1
178537,365,Fine particles (PM 2.5),Mean,mcg/m3,UHF42,206,Borough Park,Annual Average 2012,2011-12-01,8.89,,2011,12,4,1
165946,375,Nitrogen dioxide (NO2),Mean,ppb,CD,307,Sunset Park (CD7),Winter 2011-12,2011-12-01,24.36,,2011,12,4,1
176664,375,Nitrogen dioxide (NO2),Mean,ppb,UHF42,402,West Queens,Annual Average 2012,2011-12-01,22.78,,2011,12,4,1
168624,365,Fine particles (PM 2.5),Mean,mcg/m3,CD,412,Jamaica and Hollis (CD12),Winter 2011-12,2011-12-01,8.75,,2011,12,4,1
178543,365,Fine particles (PM 2.5),Mean,mcg/m3,UHF42,301,Washington Heights,Annual Average 2012,2011-12-01,9.89,,2011,12,4,1
178561,365,Fine particles (PM 2.5),Mean,mcg/m3,UHF42,409,Southeast Queens,Annual Average 2012,2011-12-01,8.04,,2011,12,4,1
178532,365,Fine particles (PM 2.5),Mean,mcg/m3,UHF42,201,Greenpoint,Annual Average 2012,2011-12-01,10.27,,2011,12,4,1
171669,375,Nitrogen dioxide (NO2),Mean,ppb,UHF34,205,Sunset Park,Winter 2011-12,2011-12-01,24.12,,2011,12,4,1
167729,375,Nitrogen dioxide (NO2),Mean,ppb,CD,402,Woodside and Sunnyside (CD2),Annual Average 2012,2011-12-01,22.98,,2011,12,4,1
175378,375,Nitrogen dioxide (NO2),Mean,ppb,UHF42,104,Pelham - Throgs Neck,Winter 2011-12,2011-12-01,22.44,,2011,12,4,1
178554,365,Fine particles (PM 2.5),Mean,mcg/m3,UHF42,402,West Queens,Annual Average 2012,2011-12-01,9.46,,2011,12,4,1
172708,375,Nitrogen dioxide (NO2),Mean,ppb,UHF34,305307,Upper East Side-Gramercy,Annual Average 2012,2011-12-01,33.15,,2011,12,4,1
165934,375,Nitrogen dioxide (NO2),Mean,ppb,CD,207,Kingsbridge Heights and Bedford (CD7),Winter 2011-12,2011-12-01,24.77,,2011,12,4,1
167699,375,Nitrogen dioxide (NO2),Mean,ppb,CD,202,Hunts Point and Longwood (CD2),Annual Average 2012,2011-12-01,22.07,,2011,12,4,1
173220,365,Fine particles (PM 2.5),Mean,mcg/m3,UHF34,309310,Union Square-Lower Manhattan,Winter 2011-12,2011-12-01,10.86,,2011,12,4,1
179436,375,Nitrogen dioxide (NO2),Mean,ppb,Borough,4,Queens,Annual Average 2012,2011-12-01,19.41,,2011,12,4,1
179508,365,Fine particles (PM 2.5),Mean,mcg/m3,Borough,1,Bronx,Winter 2011-12,2011-12-01,9.93,,2011,12,4,1
168614,365,Fine particles (PM 2.5),Mean,mcg/m3,CD,402,Woodside and Sunnyside (CD2),Winter 2011-12,2011-12-01,10.28,,2011,12,4,1
172681,375,Nitrogen dioxide (NO2),Mean,ppb,UHF34,101,Kingsbridge - Riverdale,Annual Average 2012,2011-12-01,19.05,,2011,12,4,1
177278,365,Fine particles (PM 2.5),Mean,mcg/m3,UHF42,207,East Flatbush - Flatbush,Winter 2011-12,2011-12-01,9.29,,2011,12,4,1
165944,375,Nitrogen dioxide (NO2),Mean,ppb,CD,305,East New York and Starrett City (CD5),Winter 2011-12,2011-12-01,23.78,,2011,12,4,1
167702,375,Nitrogen dioxide (NO2),Mean,ppb,CD,205,Fordham and University Heights (CD5),Annual Average 2012,2011-12-01,24.57,,2011,12,4,1
175412,375,Nitrogen dioxide (NO2),Mean,ppb,UHF42,410,Rockaways,Winter 2011-12,2011-12-01,15.89,,2011,12,4,1
165960,375,Nitrogen dioxide (NO2),Mean,ppb,CD,403,Jackson Heights (CD3),Winter 2011-12,2011-12-01,25.55,,2011,12,4,1
172686,375,Nitrogen dioxide (NO2),Mean,ppb,UHF34,202,Downtown - Heights - Slope,Annual Average 2012,2011-12-01,23.98,,2011,12,4,1
172701,375,Nitrogen dioxide (NO2),Mean,ppb,UHF34,402,West Queens,Annual Average 2012,2011-12-01,22.78,,2011,12,4,1
172682,375,Nitrogen dioxide (NO2),Mean,ppb,UHF34,102,Northeast Bronx,Annual Average 2012,2011-12-01,20.02,,2011,12,4,1
175389,375,Nitrogen dioxide (NO2),Mean,ppb,UHF42,208,Canarsie - Flatlands,Winter 2011-12,2011-12-01,20.3,,2011,12,4,1
178529,365,Fine particles (PM 2.5),Mean,mcg/m3,UHF42,105,Crotona -Tremont,Annual Average 2012,2011-12-01,10.22,,2011,12,4,1
167734,375,Nitrogen dioxide (NO2),Mean,ppb,CD,407,Flushing and Whitestone (CD7),Annual Average 2012,2011-12-01,19.82,,2011,12,4,1
168577,365,Fine particles (PM 2.5),Mean,mcg/m3,CD,107,Upper West Side (CD7),Winter 2011-12,2011-12-01,10.8,,2011,12,4,1
175413,375,Nitrogen dioxide (NO2),Mean,ppb,UHF42,501,Port Richmond,Winter 2011-12,2011-12-01,22.3,,2011,12,4,1
173207,365,Fine particles (PM 2.5),Mean,mcg/m3,UHF34,302,Central Harlem - Morningside Heights,Winter 2011-12,2011-12-01,10.85,,2011,12,4,1
179435,375,Nitrogen dioxide (NO2),Mean,ppb,Borough,3,Manhattan,Annual Average 2012,2011-12-01,28.74,,2011,12,4,1
176672,375,Nitrogen dioxide (NO2),Mean,ppb,UHF42,410,Rockaways,Annual Average 2012,2011-12-01,13.12,,2011,12,4,1
175409,375,Nitrogen dioxide (NO2),Mean,ppb,UHF42,407,Southwest Queens,Winter 2011-12,2011-12-01,23.67,,2011,12,4,1
171661,375,Nitrogen dioxide (NO2),Mean,ppb,UHF34,101,Kingsbridge - Riverdale,Winter 2011-12,2011-12-01,21.85,,2011,12,4,1
175410,375,Nitrogen dioxide (NO2),Mean,ppb,UHF42,408,Jamaica,Winter 2011-12,2011-12-01,22.78,,2011,12,4,1
176647,375,Nitrogen dioxide (NO2),Mean,ppb,UHF42,206,Borough Park,Annual Average 2012,2011-12-01,20.87,,2011,12,4,1
167740,375,Nitrogen dioxide (NO2),Mean,ppb,CD,413,Queens Village (CD13),Annual Average 2012,2011-12-01,17.39,,2011,12,4,1
170374,365,Fine particles (PM 2.5),Mean,mcg/m3,CD,310,Bay Ridge and Dyker Heights (CD10),Annual Average 2012,2011-12-01,8.81,,2011,12,4,1
167707,375,Nitrogen dioxide (NO2),Mean,ppb,CD,210,Throgs Neck and Co-op City (CD10),Annual Average 2012,2011-12-01,19.02,,2011,12,4,1
170376,365,Fine particles (PM 2.5),Mean,mcg/m3,CD,312,Borough Park (CD12),Annual Average 2012,2011-12-01,8.91,,2011,12,4,1
165918,375,Nitrogen dioxide (NO2),Mean,ppb,CD,103,Lower East Side and Chinatown (CD3),Winter 2011-12,2011-12-01,29.61,,2011,12,4,1
171673,375,Nitrogen dioxide (NO2),Mean,ppb,UHF34,209,Bensonhurst - Bay Ridge,Winter 2011-12,2011-12-01,21.83,,2011,12,4,1
178553,365,Fine particles (PM 2.5),Mean,mcg/m3,UHF42,401,Long Island City - Astoria,Annual Average 2012,2011-12-01,9.84,,2011,12,4,1
171690,375,Nitrogen dioxide (NO2),Mean,ppb,UHF34,309310,Union Square-Lower Manhattan,Winter 2011-12,2011-12-01,30.73,,2011,12,4,1
172703,375,Nitrogen dioxide (NO2),Mean,ppb,UHF34,405,Ridgewood - Forest Hills,Annual Average 2012,2011-12-01,20.99,,2011,12,4,1
171664,375,Nitrogen dioxide (NO2),Mean,ppb,UHF34,104,Pelham - Throgs Neck,Winter 2011-12,2011-12-01,22.44,,2011,12,4,1
167690,375,Nitrogen dioxide (NO2),Mean,ppb,CD,105,Midtown (CD5),Annual Average 2012,2011-12-01,39.98,,2011,12,4,1
165958,375,Nitrogen dioxide (NO2),Mean,ppb,CD,401,Long Island City and Astoria (CD1),Winter 2011-12,2011-12-01,25.25,,2011,12,4,1
170383,365,Fine particles (PM 2.5),Mean,mcg/m3,CD,401,Long Island City and Astoria (CD1),Annual Average 2012,2011-12-01,9.19,,2011,12,4,1
167686,375,Nitrogen dioxide (NO2),Mean,ppb,CD,101,Financial District (CD1),Annual Average 2012,2011-12-01,31.1,,2011,12,4,1
176644,375,Nitrogen dioxide (NO2),Mean,ppb,UHF42,203,Bedford Stuyvesant - Crown Heights,Annual Average 2012,2011-12-01,22.88,,2011,12,4,1
176663,375,Nitrogen dioxide (NO2),Mean,ppb,UHF42,401,Long Island City - Astoria,Annual Average 2012,2011-12-01,23.14,,2011,12,4,1
177306,365,Fine particles (PM 2.5),Mean,mcg/m3,UHF42,504,South Beach - Tottenville,Winter 2011-12,2011-12-01,8.5,,2011,12,4,1
172695,375,Nitrogen dioxide (NO2),Mean,ppb,UHF34,211,Williamsburg - Bushwick,Annual Average 2012,2011-12-01,23.43,,2011,12,4,1
177303,365,Fine particles (PM 2.5),Mean,mcg/m3,UHF42,501,Port Richmond,Winter 2011-12,2011-12-01,8.6,,2011,12,4,1
176642,375,Nitrogen dioxide (NO2),Mean,ppb,UHF42,201,Greenpoint,Annual Average 2012,2011-12-01,23.63,,2011,12,4,1
168628,365,Fine particles (PM 2.5),Mean,mcg/m3,CD,502,South Beach and Willowbrook (CD2),Winter 2011-12,2011-12-01,8.22,,2011,12,4,1
175381,375,Nitrogen dioxide (NO2),Mean,ppb,UHF42,107,Hunts Point - Mott Haven,Winter 2011-12,2011-12-01,25.17,,2011,12,4,1
175385,375,Nitrogen dioxide (NO2),Mean,ppb,UHF42,204,East New York,Winter 2011-12,2011-12-01,24.24,,2011,12,4,1
178541,365,Fine particles (PM 2.5),Mean,mcg/m3,UHF42,210,Coney Island - Sheepshead Bay,Annual Average 2012,2011-12-01,8.3,,2011,12,4,1
176653,375,Nitrogen dioxide (NO2),Mean,ppb,UHF42,301,Washington Heights,Annual Average 2012,2011-12-01,23.15,,2011,12,4,1
174226,365,Fine particles (PM 2.5),Mean,mcg/m3,UHF34,301,Washington Heights,Annual Average 2012,2011-12-01,9.89,,2011,12,4,1
178556,365,Fine particles (PM 2.5),Mean,mcg/m3,UHF42,404,Bayside - Little Neck,Annual Average 2012,2011-12-01,8.55,,2011,12,4,1
175411,375,Nitrogen dioxide (NO2),Mean,ppb,UHF42,409,Southeast Queens,Winter 2011-12,2011-12-01,20.53,,2011,12,4,1
168600,365,Fine particles (PM 2.5),Mean,mcg/m3,CD,306,Park Slope and Carroll Gardens (CD6),Winter 2011-12,2011-12-01,10.47,,2011,12,4,1
173211,365,Fine particles (PM 2.5),Mean,mcg/m3,UHF34,402,West Queens,Winter 2011-12,2011-12-01,9.57,,2011,12,4,1
171677,375,Nitrogen dioxide (NO2),Mean,ppb,UHF34,302,Central Harlem - Morningside Heights,Winter 2011-12,2011-12-01,28.09,,2011,12,4,1
170355,365,Fine particles (PM 2.5),Mean,mcg/m3,CD,203,Morrisania and Crotona (CD3),Annual Average 2012,2011-12-01,9.88,,2011,12,4,1
178549,365,Fine particles (PM 2.5),Mean,mcg/m3,UHF42,307,Gramercy Park - Murray Hill,Annual Average 2012,2011-12-01,13.23,,2011,12,4,1
168595,365,Fine particles (PM 2.5),Mean,mcg/m3,CD,301,Greenpoint and Williamsburg (CD1),Winter 2011-12,2011-12-01,10.5,,2011,12,4,1
173202,365,Fine particles (PM 2.5),Mean,mcg/m3,UHF34,208,Canarsie - Flatlands,Winter 2011-12,2011-12-01,8.31,,2011,12,4,1
178552,365,Fine particles (PM 2.5),Mean,mcg/m3,UHF42,310,Lower Manhattan,Annual Average 2012,2011-12-01,11.32,,2011,12,4,1
170354,365,Fine particles (PM 2.5),Mean,mcg/m3,CD,202,Hunts Point and Longwood (CD2),Annual Average 2012,2011-12-01,10.25,,2011,12,4,1
174212,365,Fine particles (PM 2.5),Mean,mcg/m3,UHF34,102,Northeast Bronx,Annual Average 2012,2011-12-01,9.11,,2011,12,4,1
177265,365,Fine particles (PM 2.5),Mean,mcg/m3,UHF42,101,Kingsbridge - Riverdale,Winter 2011-12,2011-12-01,9.89,,2011,12,4,1
173224,365,Fine particles (PM 2.5),Mean,mcg/m3,UHF34,105106107,South Bronx,Winter 2011-12,2011-12-01,10.95,,2011,12,4,1
172705,375,Nitrogen dioxide (NO2),Mean,ppb,UHF34,408,Jamaica,Annual Average 2012,2011-12-01,19.35,,2011,12,4,1
174235,365,Fine particles (PM 2.5),Mean,mcg/m3,UHF34,408,Jamaica,Annual Average 2012,2011-12-01,8.48,,2011,12,4,1
174244,365,Fine particles (PM 2.5),Mean,mcg/m3,UHF34,105106107,South Bronx,Annual Average 2012,2011-12-01,10.15,,2011,12,4,1
172700,375,Nitrogen dioxide (NO2),Mean,ppb,UHF34,401,Long Island City - Astoria,Annual Average 2012,2011-12-01,23.14,,2011,12,4,1
168579,365,Fine particles (PM 2.5),Mean,mcg/m3,CD,109,Morningside Heights and Hamilton Heights (CD9),Winter 2011-12,2011-12-01,10.97,,2011,12,4,1
174215,365,Fine particles (PM 2.5),Mean,mcg/m3,UHF34,201,Greenpoint,Annual Average 2012,2011-12-01,10.27,,2011,12,4,1
174230,365,Fine particles (PM 2.5),Mean,mcg/m3,UHF34,401,Long Island City - Astoria,Annual Average 2012,2011-12-01,9.84,,2011,12,4,1
172714,375,Nitrogen dioxide (NO2),Mean,ppb,UHF34,105106107,South Bronx,Annual Average 2012,2011-12-01,23.17,,2011,12,4,1
165970,375,Nitrogen dioxide (NO2),Mean,ppb,CD,413,Queens Village (CD13),Winter 2011-12,2011-12-01,20.6,,2011,12,4,1
177276,365,Fine particles (PM 2.5),Mean,mcg/m3,UHF42,205,Sunset Park,Winter 2011-12,2011-12-01,10.08,,2011,12,4,1
168607,365,Fine particles (PM 2.5),Mean,mcg/m3,CD,313,Coney Island (CD13),Winter 2011-12,2011-12-01,7.86,,2011,12,4,1
173215,365,Fine particles (PM 2.5),Mean,mcg/m3,UHF34,408,Jamaica,Winter 2011-12,2011-12-01,8.8,,2011,12,4,1
173210,365,Fine particles (PM 2.5),Mean,mcg/m3,UHF34,401,Long Island City - Astoria,Winter 2011-12,2011-12-01,9.91,,2011,12,4,1
165932,375,Nitrogen dioxide (NO2),Mean,ppb,CD,205,Fordham and University Heights (CD5),Winter 2011-12,2011-12-01,27.05,,2011,12,4,1
175407,375,Nitrogen dioxide (NO2),Mean,ppb,UHF42,405,Ridgewood - Forest Hills,Winter 2011-12,2011-12-01,24.49,,2011,12,4,1
178539,365,Fine particles (PM 2.5),Mean,mcg/m3,UHF42,208,Canarsie - Flatlands,Annual Average 2012,2011-12-01,8.37,,2011,12,4,1
172690,375,Nitrogen dioxide (NO2),Mean,ppb,UHF34,206,Borough Park,Annual Average 2012,2011-12-01,20.87,,2011,12,4,1
170365,365,Fine particles (PM 2.5),Mean,mcg/m3,CD,301,Greenpoint and Williamsburg (CD1),Annual Average 2012,2011-12-01,10.38,,2011,12,4,1
179286,375,Nitrogen dioxide (NO2),Mean,ppb,Borough,4,Queens,Winter 2011-12,2011-12-01,22.62,,2011,12,4,1
175380,375,Nitrogen dioxide (NO2),Mean,ppb,UHF42,106,High Bridge - Morrisania,Winter 2011-12,2011-12-01,26.85,,2011,12,4,1
170353,365,Fine particles (PM 2.5),Mean,mcg/m3,CD,201,Mott Haven and Melrose (CD1),Annual Average 2012,2011-12-01,10.38,,2011,12,4,1
177271,365,Fine particles (PM 2.5),Mean,mcg/m3,UHF42,107,Hunts Point - Mott Haven,Winter 2011-12,2011-12-01,8.81,,2011,12,4,1
175408,375,Nitrogen dioxide (NO2),Mean,ppb,UHF42,406,Fresh Meadows,Winter 2011-12,2011-12-01,23.12,,2011,12,4,1
165974,375,Nitrogen dioxide (NO2),Mean,ppb,CD,503,Tottenville and Great Kills (CD3),Winter 2011-12,2011-12-01,15.98,,2011,12,4,1
172687,375,Nitrogen dioxide (NO2),Mean,ppb,UHF34,203,Bedford Stuyvesant - Crown Heights,Annual Average 2012,2011-12-01,22.88,,2011,12,4,1
165921,375,Nitrogen dioxide (NO2),Mean,ppb,CD,106,Stuyvesant Town and Turtle Bay (CD6),Winter 2011-12,2011-12-01,34.38,,2011,12,4,1
179136,375,Nitrogen dioxide (NO2),Mean,ppb,Citywide,1,New York City,Annual Average 2012,2011-12-01,19.58,,2011,12,4,1
170367,365,Fine particles (PM 2.5),Mean,mcg/m3,CD,303,Bedford Stuyvesant (CD3),Annual Average 2012,2011-12-01,9.2,,2011,12,4,1
170381,365,Fine particles (PM 2.5),Mean,mcg/m3,CD,317,East Flatbush (CD17),Annual Average 2012,2011-12-01,9.05,,2011,12,4,1
170382,365,Fine particles (PM 2.5),Mean,mcg/m3,CD,318,Flatlands and Canarsie (CD18),Annual Average 2012,2011-12-01,8.35,,2011,12,4,1
170366,365,Fine particles (PM 2.5),Mean,mcg/m3,CD,302,Fort Greene and Brooklyn Heights (CD2),Annual Average 2012,2011-12-01,9.92,,2011,12,4,1
168576,365,Fine particles (PM 2.5),Mean,mcg/m3,CD,106,Stuyvesant Town and Turtle Bay (CD6),Winter 2011-12,2011-12-01,12.24,,2011,12,4,1
165920,375,Nitrogen dioxide (NO2),Mean,ppb,CD,105,Midtown (CD5),Winter 2011-12,2011-12-01,38.04,,2011,12,4,1
179437,375,Nitrogen dioxide (NO2),Mean,ppb,Borough,5,Staten Island,Annual Average 2012,2011-12-01,14.54,,2011,12,4,1
172713,375,Nitrogen dioxide (NO2),Mean,ppb,UHF34,503504,Southern SI,Annual Average 2012,2011-12-01,13.52,,2011,12,4,1
165952,375,Nitrogen dioxide (NO2),Mean,ppb,CD,313,Coney Island (CD13),Winter 2011-12,2011-12-01,18.16,,2011,12,4,1
173192,365,Fine particles (PM 2.5),Mean,mcg/m3,UHF34,102,Northeast Bronx,Winter 2011-12,2011-12-01,8.94,,2011,12,4,1
175395,375,Nitrogen dioxide (NO2),Mean,ppb,UHF42,303,East Harlem,Winter 2011-12,2011-12-01,27.76,,2011,12,4,1
168587,365,Fine particles (PM 2.5),Mean,mcg/m3,CD,205,Fordham and University Heights (CD5),Winter 2011-12,2011-12-01,11.43,,2011,12,4,1
176666,375,Nitrogen dioxide (NO2),Mean,ppb,UHF42,404,Bayside - Little Neck,Annual Average 2012,2011-12-01,17.46,,2011,12,4,1
173218,365,Fine particles (PM 2.5),Mean,mcg/m3,UHF34,305307,Upper East Side-Gramercy,Winter 2011-12,2011-12-01,12.15,,2011,12,4,1
165924,375,Nitrogen dioxide (NO2),Mean,ppb,CD,109,Morningside Heights and Hamilton Heights (CD9),Winter 2011-12,2011-12-01,27.99,,2011,12,4,1
173219,365,Fine particles (PM 2.5),Mean,mcg/m3,UHF34,306308,Chelsea-Village,Winter 2011-12,2011-12-01,12.0,,2011,12,4,1
168573,365,Fine particles (PM 2.5),Mean,mcg/m3,CD,103,Lower East Side and Chinatown (CD3),Winter 2011-12,2011-12-01,10.32,,2011,12,4,1
175382,375,Nitrogen dioxide (NO2),Mean,ppb,UHF42,201,Greenpoint,Winter 2011-12,2011-12-01,26.94,,2011,12,4,1
178534,365,Fine particles (PM 2.5),Mean,mcg/m3,UHF42,203,Bedford Stuyvesant - Crown Heights,Annual Average 2012,2011-12-01,9.13,,2011,12,4,1
172692,375,Nitrogen dioxide (NO2),Mean,ppb,UHF34,208,Canarsie - Flatlands,Annual Average 2012,2011-12-01,17.22,,2011,12,4,1
168625,365,Fine particles (PM 2.5),Mean,mcg/m3,CD,413,Queens Village (CD13),Winter 2011-12,2011-12-01,8.3,,2011,12,4,1
179662,365,Fine particles (PM 2.5),Mean,mcg/m3,Borough,5,Staten Island,Annual Average 2012,2011-12-01,8.35,,2011,12,4,1
165966,375,Nitrogen dioxide (NO2),Mean,ppb,CD,409,Kew Gardens and Woodhaven (CD9),Winter 2011-12,2011-12-01,24.63,,2011,12,4,1
168581,365,Fine particles (PM 2.5),Mean,mcg/m3,CD,111,East Harlem (CD11),Winter 2011-12,2011-12-01,10.56,,2011,12,4,1
173217,365,Fine particles (PM 2.5),Mean,mcg/m3,UHF34,410,Rockaways,Winter 2011-12,2011-12-01,6.73,,2011,12,4,1
171665,375,Nitrogen dioxide (NO2),Mean,ppb,UHF34,201,Greenpoint,Winter 2011-12,2011-12-01,26.94,,2011,12,4,1
176652,375,Nitrogen dioxide (NO2),Mean,ppb,UHF42,211,Williamsburg - Bushwick,Annual Average 2012,2011-12-01,23.43,,2011,12,4,1
167716,375,Nitrogen dioxide (NO2),Mean,ppb,CD,307,Sunset Park (CD7),Annual Average 2012,2011-12-01,21.24,,2011,12,4,1
172685,375,Nitrogen dioxide (NO2),Mean,ppb,UHF34,201,Greenpoint,Annual Average 2012,2011-12-01,23.63,,2011,12,4,1
178546,365,Fine particles (PM 2.5),Mean,mcg/m3,UHF42,304,Upper West Side,Annual Average 2012,2011-12-01,10.46,,2011,12,4,1
174243,365,Fine particles (PM 2.5),Mean,mcg/m3,UHF34,503504,Southern SI,Annual Average 2012,2011-12-01,8.37,,2011,12,4,1
178547,365,Fine particles (PM 2.5),Mean,mcg/m3,UHF42,305,Upper East Side,Annual Average 2012,2011-12-01,11.19,,2011,12,4,1
165917,375,Nitrogen dioxide (NO2),Mean,ppb,CD,102,Greenwich Village and Soho (CD2),Winter 2011-12,2011-12-01,31.62,,2011,12,4,1
177274,365,Fine particles (PM 2.5),Mean,mcg/m3,UHF42,203,Bedford Stuyvesant - Crown Heights,Winter 2011-12,2011-12-01,9.47,,2011,12,4,1
170388,365,Fine particles (PM 2.5),Mean,mcg/m3,CD,406,Rego Park and Forest Hills (CD6),Annual Average 2012,2011-12-01,9.05,,2011,12,4,1
165936,375,Nitrogen dioxide (NO2),Mean,ppb,CD,209,Parkchester and Soundview (CD9),Winter 2011-12,2011-12-01,23.67,,2011,12,4,1
176676,375,Nitrogen dioxide (NO2),Mean,ppb,UHF42,504,South Beach - Tottenville,Annual Average 2012,2011-12-01,12.47,,2011,12,4,1
170390,365,Fine particles (PM 2.5),Mean,mcg/m3,CD,408,Hillcrest and Fresh Meadows (CD8),Annual Average 2012,2011-12-01,8.61,,2011,12,4,1
167688,375,Nitrogen dioxide (NO2),Mean,ppb,CD,103,Lower East Side and Chinatown (CD3),Annual Average 2012,2011-12-01,27.42,,2011,12,4,1
175404,375,Nitrogen dioxide (NO2),Mean,ppb,UHF42,402,West Queens,Winter 2011-12,2011-12-01,25.94,,2011,12,4,1
165927,375,Nitrogen dioxide (NO2),Mean,ppb,CD,112,Washington Heights and Inwood (CD12),Winter 2011-12,2011-12-01,25.45,,2011,12,4,1
168623,365,Fine particles (PM 2.5),Mean,mcg/m3,CD,411,Bayside and Little Neck (CD11),Winter 2011-12,2011-12-01,8.91,,2011,12,4,1
178535,365,Fine particles (PM 2.5),Mean,mcg/m3,UHF42,204,East New York,Annual Average 2012,2011-12-01,8.94,,2011,12,4,1
167698,375,Nitrogen dioxide (NO2),Mean,ppb,CD,201,Mott Haven and Melrose (CD1),Annual Average 2012,2011-12-01,23.5,,2011,12,4,1
165938,375,Nitrogen dioxide (NO2),Mean,ppb,CD,211,Morris Park and Bronxdale (CD11),Winter 2011-12,2011-12-01,22.67,,2011,12,4,1
177266,365,Fine particles (PM 2.5),Mean,mcg/m3,UHF42,102,Northeast Bronx,Winter 2011-12,2011-12-01,8.94,,2011,12,4,1
178566,365,Fine particles (PM 2.5),Mean,mcg/m3,UHF42,504,South Beach - Tottenville,Annual Average 2012,2011-12-01,8.28,,2011,12,4,1
172694,375,Nitrogen dioxide (NO2),Mean,ppb,UHF34,210,Coney Island - Sheepshead Bay,Annual Average 2012,2011-12-01,17.21,,2011,12,4,1
170358,365,Fine particles (PM 2.5),Mean,mcg/m3,CD,206,Belmont and East Tremont (CD6),Annual Average 2012,2011-12-01,9.93,,2011,12,4,1
170361,365,Fine particles (PM 2.5),Mean,mcg/m3,CD,209,Parkchester and Soundview (CD9),Annual Average 2012,2011-12-01,9.45,,2011,12,4,1
176674,375,Nitrogen dioxide (NO2),Mean,ppb,UHF42,502,Stapleton - St. George,Annual Average 2012,2011-12-01,16.01,,2011,12,4,1
170370,365,Fine particles (PM 2.5),Mean,mcg/m3,CD,306,Park Slope and Carroll Gardens (CD6),Annual Average 2012,2011-12-01,9.87,,2011,12,4,1
175403,375,Nitrogen dioxide (NO2),Mean,ppb,UHF42,401,Long Island City - Astoria,Winter 2011-12,2011-12-01,26.18,,2011,12,4,1
167720,375,Nitrogen dioxide (NO2),Mean,ppb,CD,311,Bensonhurst (CD11),Annual Average 2012,2011-12-01,19.71,,2011,12,4,1
167718,375,Nitrogen dioxide (NO2),Mean,ppb,CD,309,South Crown Heights and Lefferts Gardens (CD9),Annual Average 2012,2011-12-01,22.7,,2011,12,4,1
177275,365,Fine particles (PM 2.5),Mean,mcg/m3,UHF42,204,East New York,Winter 2011-12,2011-12-01,8.4,,2011,12,4,1
176671,375,Nitrogen dioxide (NO2),Mean,ppb,UHF42,409,Southeast Queens,Annual Average 2012,2011-12-01,17.34,,2011,12,4,1
170357,365,Fine particles (PM 2.5),Mean,mcg/m3,CD,205,Fordham and University Heights (CD5),Annual Average 2012,2011-12-01,10.5,,2011,12,4,1
165954,375,Nitrogen dioxide (NO2),Mean,ppb,CD,315,Sheepshead Bay (CD15),Winter 2011-12,2011-12-01,19.89,,2011,12,4,1
175415,375,Nitrogen dioxide (NO2),Mean,ppb,UHF42,503,Willowbrook,Winter 2011-12,2011-12-01,18.73,,2011,12,4,1
165948,375,Nitrogen dioxide (NO2),Mean,ppb,CD,309,South Crown Heights and Lefferts Gardens (CD9),Winter 2011-12,2011-12-01,25.73,,2011,12,4,1
176649,375,Nitrogen dioxide (NO2),Mean,ppb,UHF42,208,Canarsie - Flatlands,Annual Average 2012,2011-12-01,17.22,,2011,12,4,1
167706,375,Nitrogen dioxide (NO2),Mean,ppb,CD,209,Parkchester and Soundview (CD9),Annual Average 2012,2011-12-01,21.07,,2011,12,4,1
167733,375,Nitrogen dioxide (NO2),Mean,ppb,CD,406,Rego Park and Forest Hills (CD6),Annual Average 2012,2011-12-01,21.83,,2011,12,4,1
167735,375,Nitrogen dioxide (NO2),Mean,ppb,CD,408,Hillcrest and Fresh Meadows (CD8),Annual Average 2012,2011-12-01,19.36,,2011,12,4,1
170346,365,Fine particles (PM 2.5),Mean,mcg/m3,CD,106,Stuyvesant Town and Turtle Bay (CD6),Annual Average 2012,2011-12-01,12.31,,2011,12,4,1
176675,375,Nitrogen dioxide (NO2),Mean,ppb,UHF42,503,Willowbrook,Annual Average 2012,2011-12-01,15.31,,2011,12,4,1
175399,375,Nitrogen dioxide (NO2),Mean,ppb,UHF42,307,Gramercy Park - Murray Hill,Winter 2011-12,2011-12-01,36.31,,2011,12,4,1
176668,375,Nitrogen dioxide (NO2),Mean,ppb,UHF42,406,Fresh Meadows,Annual Average 2012,2011-12-01,19.78,,2011,12,4,1
176660,375,Nitrogen dioxide (NO2),Mean,ppb,UHF42,308,Greenwich Village - SoHo,Annual Average 2012,2011-12-01,29.98,,2011,12,4,1
170360,365,Fine particles (PM 2.5),Mean,mcg/m3,CD,208,Riverdale and Fieldston (CD8),Annual Average 2012,2011-12-01,9.27,,2011,12,4,1
165955,375,Nitrogen dioxide (NO2),Mean,ppb,CD,316,Brownsville (CD16),Winter 2011-12,2011-12-01,25.2,,2011,12,4,1
167713,375,Nitrogen dioxide (NO2),Mean,ppb,CD,304,Bushwick (CD4),Annual Average 2012,2011-12-01,22.36,,2011,12,4,1
170344,365,Fine particles (PM 2.5),Mean,mcg/m3,CD,104,Clinton and Chelsea (CD4),Annual Average 2012,2011-12-01,11.43,,2011,12,4,1
175386,375,Nitrogen dioxide (NO2),Mean,ppb,UHF42,205,Sunset Park,Winter 2011-12,2011-12-01,24.12,,2011,12,4,1
179284,375,Nitrogen dioxide (NO2),Mean,ppb,Borough,2,Brooklyn,Winter 2011-12,2011-12-01,23.5,,2011,12,4,1
176643,375,Nitrogen dioxide (NO2),Mean,ppb,UHF42,202,Downtown - Heights - Slope,Annual Average 2012,2011-12-01,23.98,,2011,12,4,1
177299,365,Fine particles (PM 2.5),Mean,mcg/m3,UHF42,407,Southwest Queens,Winter 2011-12,2011-12-01,8.45,,2011,12,4,1
172707,375,Nitrogen dioxide (NO2),Mean,ppb,UHF34,410,Rockaways,Annual Average 2012,2011-12-01,13.12,,2011,12,4,1
173199,365,Fine particles (PM 2.5),Mean,mcg/m3,UHF34,205,Sunset Park,Winter 2011-12,2011-12-01,10.08,,2011,12,4,1
172683,375,Nitrogen dioxide (NO2),Mean,ppb,UHF34,103,Fordham - Bronx Pk,Annual Average 2012,2011-12-01,21.01,,2011,12,4,1
168594,365,Fine particles (PM 2.5),Mean,mcg/m3,CD,212,Williamsbridge and Baychester (CD12),Winter 2011-12,2011-12-01,8.91,,2011,12,4,1
170393,365,Fine particles (PM 2.5),Mean,mcg/m3,CD,411,Bayside and Little Neck (CD11),Annual Average 2012,2011-12-01,8.53,,2011,12,4,1
170349,365,Fine particles (PM 2.5),Mean,mcg/m3,CD,109,Morningside Heights and Hamilton Heights (CD9),Annual Average 2012,2011-12-01,10.05,,2011,12,4,1
174227,365,Fine particles (PM 2.5),Mean,mcg/m3,UHF34,302,Central Harlem - Morningside Heights,Annual Average 2012,2011-12-01,9.99,,2011,12,4,1
174231,365,Fine particles (PM 2.5),Mean,mcg/m3,UHF34,402,West Queens,Annual Average 2012,2011-12-01,9.46,,2011,12,4,1
174211,365,Fine particles (PM 2.5),Mean,mcg/m3,UHF34,101,Kingsbridge - Riverdale,Annual Average 2012,2011-12-01,9.27,,2011,12,4,1
167722,375,Nitrogen dioxide (NO2),Mean,ppb,CD,313,Coney Island (CD13),Annual Average 2012,2011-12-01,15.97,,2011,12,4,1
173223,365,Fine particles (PM 2.5),Mean,mcg/m3,UHF34,503504,Southern SI,Winter 2011-12,2011-12-01,8.49,,2011,12,4,1
177296,365,Fine particles (PM 2.5),Mean,mcg/m3,UHF42,404,Bayside - Little Neck,Winter 2011-12,2011-12-01,8.92,,2011,12,4,1
177268,365,Fine particles (PM 2.5),Mean,mcg/m3,UHF42,104,Pelham - Throgs Neck,Winter 2011-12,2011-12-01,9.45,,2011,12,4,1
165933,375,Nitrogen dioxide (NO2),Mean,ppb,CD,206,Belmont and East Tremont (CD6),Winter 2011-12,2011-12-01,25.3,,2011,12,4,1
175387,375,Nitrogen dioxide (NO2),Mean,ppb,UHF42,206,Borough Park,Winter 2011-12,2011-12-01,23.5,,2011,12,4,1
176670,375,Nitrogen dioxide (NO2),Mean,ppb,UHF42,408,Jamaica,Annual Average 2012,2011-12-01,19.35,,2011,12,4,1
177287,365,Fine particles (PM 2.5),Mean,mcg/m3,UHF42,305,Upper East Side,Winter 2011-12,2011-12-01,11.28,,2011,12,4,1
179512,365,Fine particles (PM 2.5),Mean,mcg/m3,Borough,5,Staten Island,Winter 2011-12,2011-12-01,8.42,,2011,12,4,1
176669,375,Nitrogen dioxide (NO2),Mean,ppb,UHF42,407,Southwest Queens,Annual Average 2012,2011-12-01,20.01,,2011,12,4,1
176659,375,Nitrogen dioxide (NO2),Mean,ppb,UHF42,307,Gramercy Park - Murray Hill,Annual Average 2012,2011-12-01,37.29,,2011,12,4,1
171688,375,Nitrogen dioxide (NO2),Mean,ppb,UHF34,305307,Upper East Side-Gramercy,Winter 2011-12,2011-12-01,33.23,,2011,12,4,1
168618,365,Fine particles (PM 2.5),Mean,mcg/m3,CD,406,Rego Park and Forest Hills (CD6),Winter 2011-12,2011-12-01,9.23,,2011,12,4,1
170386,365,Fine particles (PM 2.5),Mean,mcg/m3,CD,404,Elmhurst and Corona (CD4),Annual Average 2012,2011-12-01,9.22,,2011,12,4,1
165929,375,Nitrogen dioxide (NO2),Mean,ppb,CD,202,Hunts Point and Longwood (CD2),Winter 2011-12,2011-12-01,24.95,,2011,12,4,1
173200,365,Fine particles (PM 2.5),Mean,mcg/m3,UHF34,206,Borough Park,Winter 2011-12,2011-12-01,9.16,,2011,12,4,1
167723,375,Nitrogen dioxide (NO2),Mean,ppb,CD,314,Flatbush and Midwood (CD14),Annual Average 2012,2011-12-01,20.49,,2011,12,4,1
175394,375,Nitrogen dioxide (NO2),Mean,ppb,UHF42,302,Central Harlem - Morningside Heights,Winter 2011-12,2011-12-01,28.09,,2011,12,4,1
167731,375,Nitrogen dioxide (NO2),Mean,ppb,CD,404,Elmhurst and Corona (CD4),Annual Average 2012,2011-12-01,23.73,,2011,12,4,1
170384,365,Fine particles (PM 2.5),Mean,mcg/m3,CD,402,Woodside and Sunnyside (CD2),Annual Average 2012,2011-12-01,10.29,,2011,12,4,1
167744,375,Nitrogen dioxide (NO2),Mean,ppb,CD,503,Tottenville and Great Kills (CD3),Annual Average 2012,2011-12-01,12.4,,2011,12,4,1
165925,375,Nitrogen dioxide (NO2),Mean,ppb,CD,110,Central Harlem (CD10),Winter 2011-12,2011-12-01,28.16,,2011,12,4,1
168578,365,Fine particles (PM 2.5),Mean,mcg/m3,CD,108,Upper East Side (CD8),Winter 2011-12,2011-12-01,11.31,,2011,12,4,1
175401,375,Nitrogen dioxide (NO2),Mean,ppb,UHF42,309,Union Square - Lower East Side,Winter 2011-12,2011-12-01,30.14,,2011,12,4,1
170392,365,Fine particles (PM 2.5),Mean,mcg/m3,CD,410,South Ozone Park and Howard Beach (CD10),Annual Average 2012,2011-12-01,8.12,,2011,12,4,1
170348,365,Fine particles (PM 2.5),Mean,mcg/m3,CD,108,Upper East Side (CD8),Annual Average 2012,2011-12-01,11.22,,2011,12,4,1
177285,365,Fine particles (PM 2.5),Mean,mcg/m3,UHF42,303,East Harlem,Winter 2011-12,2011-12-01,10.18,,2011,12,4,1
165968,375,Nitrogen dioxide (NO2),Mean,ppb,CD,411,Bayside and Little Neck (CD11),Winter 2011-12,2011-12-01,20.84,,2011,12,4,1
170391,365,Fine particles (PM 2.5),Mean,mcg/m3,CD,409,Kew Gardens and Woodhaven (CD9),Annual Average 2012,2011-12-01,8.63,,2011,12,4,1
174236,365,Fine particles (PM 2.5),Mean,mcg/m3,UHF34,409,Southeast Queens,Annual Average 2012,2011-12-01,8.04,,2011,12,4,1
174241,365,Fine particles (PM 2.5),Mean,mcg/m3,UHF34,404406,Bayside Little Neck-Fresh Meadows,Annual Average 2012,2011-12-01,8.58,,2011,12,4,1
175416,375,Nitrogen dioxide (NO2),Mean,ppb,UHF42,504,South Beach - Tottenville,Winter 2011-12,2011-12-01,15.98,,2011,12,4,1
174219,365,Fine particles (PM 2.5),Mean,mcg/m3,UHF34,205,Sunset Park,Annual Average 2012,2011-12-01,9.59,,2011,12,4,1
165971,375,Nitrogen dioxide (NO2),Mean,ppb,CD,414,Rockaway and Broad Channel (CD14),Winter 2011-12,2011-12-01,15.76,,2011,12,4,1
165931,375,Nitrogen dioxide (NO2),Mean,ppb,CD,204,Highbridge and Concourse (CD4),Winter 2011-12,2011-12-01,27.06,,2011,12,4,1
171667,375,Nitrogen dioxide (NO2),Mean,ppb,UHF34,203,Bedford Stuyvesant - Crown Heights,Winter 2011-12,2011-12-01,26.04,,2011,12,4,1
168574,365,Fine particles (PM 2.5),Mean,mcg/m3,CD,104,Clinton and Chelsea (CD4),Winter 2011-12,2011-12-01,11.47,,2011,12,4,1
177281,365,Fine particles (PM 2.5),Mean,mcg/m3,UHF42,210,Coney Island - Sheepshead Bay,Winter 2011-12,2011-12-01,8.0,,2011,12,4,1
173221,365,Fine particles (PM 2.5),Mean,mcg/m3,UHF34,404406,Bayside Little Neck-Fresh Meadows,Winter 2011-12,2011-12-01,8.96,,2011,12,4,1
170342,365,Fine particles (PM 2.5),Mean,mcg/m3,CD,102,Greenwich Village and Soho (CD2),Annual Average 2012,2011-12-01,11.05,,2011,12,4,1
168621,365,Fine particles (PM 2.5),Mean,mcg/m3,CD,409,Kew Gardens and Woodhaven (CD9),Winter 2011-12,2011-12-01,8.82,,2011,12,4,1
176639,375,Nitrogen dioxide (NO2),Mean,ppb,UHF42,105,Crotona -Tremont,Annual Average 2012,2011-12-01,23.42,,2011,12,4,1
167727,375,Nitrogen dioxide (NO2),Mean,ppb,CD,318,Flatlands and Canarsie (CD18),Annual Average 2012,2011-12-01,17.25,,2011,12,4,1
168580,365,Fine particles (PM 2.5),Mean,mcg/m3,CD,110,Central Harlem (CD10),Winter 2011-12,2011-12-01,10.81,,2011,12,4,1
168592,365,Fine particles (PM 2.5),Mean,mcg/m3,CD,210,Throgs Neck and Co-op City (CD10),Winter 2011-12,2011-12-01,9.12,,2011,12,4,1
165953,375,Nitrogen dioxide (NO2),Mean,ppb,CD,314,Flatbush and Midwood (CD14),Winter 2011-12,2011-12-01,23.16,,2011,12,4,1
170398,365,Fine particles (PM 2.5),Mean,mcg/m3,CD,502,South Beach and Willowbrook (CD2),Annual Average 2012,2011-12-01,8.35,,2011,12,4,1
168575,365,Fine particles (PM 2.5),Mean,mcg/m3,CD,105,Midtown (CD5),Winter 2011-12,2011-12-01,14.15,,2011,12,4,1
178558,365,Fine particles (PM 2.5),Mean,mcg/m3,UHF42,406,Fresh Meadows,Annual Average 2012,2011-12-01,8.63,,2011,12,4,1
167712,375,Nitrogen dioxide (NO2),Mean,ppb,CD,303,Bedford Stuyvesant (CD3),Annual Average 2012,2011-12-01,23.5,,2011,12,4,1
167728,375,Nitrogen dioxide (NO2),Mean,ppb,CD,401,Long Island City and Astoria (CD1),Annual Average 2012,2011-12-01,22.2,,2011,12,4,1
172696,375,Nitrogen dioxide (NO2),Mean,ppb,UHF34,301,Washington Heights,Annual Average 2012,2011-12-01,23.15,,2011,12,4,1
167742,375,Nitrogen dioxide (NO2),Mean,ppb,CD,501,St. George and Stapleton (CD1),Annual Average 2012,2011-12-01,18.1,,2011,12,4,1
165919,375,Nitrogen dioxide (NO2),Mean,ppb,CD,104,Clinton and Chelsea (CD4),Winter 2011-12,2011-12-01,32.42,,2011,12,4,1
167743,375,Nitrogen dioxide (NO2),Mean,ppb,CD,502,South Beach and Willowbrook (CD2),Annual Average 2012,2011-12-01,14.46,,2011,12,4,1
177280,365,Fine particles (PM 2.5),Mean,mcg/m3,UHF42,209,Bensonhurst - Bay Ridge,Winter 2011-12,2011-12-01,8.64,,2011,12,4,1
168616,365,Fine particles (PM 2.5),Mean,mcg/m3,CD,404,Elmhurst and Corona (CD4),Winter 2011-12,2011-12-01,9.35,,2011,12,4,1
175400,375,Nitrogen dioxide (NO2),Mean,ppb,UHF42,308,Greenwich Village - SoHo,Winter 2011-12,2011-12-01,31.61,,2011,12,4,1
176637,375,Nitrogen dioxide (NO2),Mean,ppb,UHF42,103,Fordham - Bronx Pk,Annual Average 2012,2011-12-01,21.01,,2011,12,4,1
176665,375,Nitrogen dioxide (NO2),Mean,ppb,UHF42,403,Flushing - Clearview,Annual Average 2012,2011-12-01,19.83,,2011,12,4,1
168571,365,Fine particles (PM 2.5),Mean,mcg/m3,CD,101,Financial District (CD1),Winter 2011-12,2011-12-01,11.61,,2011,12,4,1
165945,375,Nitrogen dioxide (NO2),Mean,ppb,CD,306,Park Slope and Carroll Gardens (CD6),Winter 2011-12,2011-12-01,26.49,,2011,12,4,1
170395,365,Fine particles (PM 2.5),Mean,mcg/m3,CD,413,Queens Village (CD13),Annual Average 2012,2011-12-01,8.05,,2011,12,4,1
176646,375,Nitrogen dioxide (NO2),Mean,ppb,UHF42,205,Sunset Park,Annual Average 2012,2011-12-01,21.09,,2011,12,4,1
167695,375,Nitrogen dioxide (NO2),Mean,ppb,CD,110,Central Harlem (CD10),Annual Average 2012,2011-12-01,25.85,,2011,12,4,1
175393,375,Nitrogen dioxide (NO2),Mean,ppb,UHF42,301,Washington Heights,Winter 2011-12,2011-12-01,25.92,,2011,12,4,1
165935,375,Nitrogen dioxide (NO2),Mean,ppb,CD,208,Riverdale and Fieldston (CD8),Winter 2011-12,2011-12-01,21.84,,2011,12,4,1
178533,365,Fine particles (PM 2.5),Mean,mcg/m3,UHF42,202,Downtown - Heights - Slope,Annual Average 2012,2011-12-01,9.9,,2011,12,4,1
167715,375,Nitrogen dioxide (NO2),Mean,ppb,CD,306,Park Slope and Carroll Gardens (CD6),Annual Average 2012,2011-12-01,23.25,,2011,12,4,1
167726,375,Nitrogen dioxide (NO2),Mean,ppb,CD,317,East Flatbush (CD17),Annual Average 2012,2011-12-01,21.25,,2011,12,4,1
167737,375,Nitrogen dioxide (NO2),Mean,ppb,CD,410,South Ozone Park and Howard Beach (CD10),Annual Average 2012,2011-12-01,19.34,,2011,12,4,1
168603,365,Fine particles (PM 2.5),Mean,mcg/m3,CD,309,South Crown Heights and Lefferts Gardens (CD9),Winter 2011-12,2011-12-01,9.5,,2011,12,4,1
165922,375,Nitrogen dioxide (NO2),Mean,ppb,CD,107,Upper West Side (CD7),Winter 2011-12,2011-12-01,28.89,,2011,12,4,1
175379,375,Nitrogen dioxide (NO2),Mean,ppb,UHF42,105,Crotona -Tremont,Winter 2011-12,2011-12-01,25.96,,2011,12,4,1
168593,365,Fine particles (PM 2.5),Mean,mcg/m3,CD,211,Morris Park and Bronxdale (CD11),Winter 2011-12,2011-12-01,9.3,,2011,12,4,1
177267,365,Fine particles (PM 2.5),Mean,mcg/m3,UHF42,103,Fordham - Bronx Pk,Winter 2011-12,2011-12-01,9.88,,2011,12,4,1
175384,375,Nitrogen dioxide (NO2),Mean,ppb,UHF42,203,Bedford Stuyvesant - Crown Heights,Winter 2011-12,2011-12-01,26.04,,2011,12,4,1
168582,365,Fine particles (PM 2.5),Mean,mcg/m3,CD,112,Washington Heights and Inwood (CD12),Winter 2011-12,2011-12-01,10.96,,2011,12,4,1
167739,375,Nitrogen dioxide (NO2),Mean,ppb,CD,412,Jamaica and Hollis (CD12),Annual Average 2012,2011-12-01,19.41,,2011,12,4,1
178564,365,Fine particles (PM 2.5),Mean,mcg/m3,UHF42,502,Stapleton - St. George,Annual Average 2012,2011-12-01,8.18,,2011,12,4,1
168613,365,Fine particles (PM 2.5),Mean,mcg/m3,CD,401,Long Island City and Astoria (CD1),Winter 2011-12,2011-12-01,9.39,,2011,12,4,1
177304,365,Fine particles (PM 2.5),Mean,mcg/m3,UHF42,502,Stapleton - St. George,Winter 2011-12,2011-12-01,8.04,,2011,12,4,1
167694,375,Nitrogen dioxide (NO2),Mean,ppb,CD,109,Morningside Heights and Hamilton Heights (CD9),Annual Average 2012,2011-12-01,25.54,,2011,12,4,1
173212,365,Fine particles (PM 2.5),Mean,mcg/m3,UHF34,403,Flushing - Clearview,Winter 2011-12,2011-12-01,9.22,,2011,12,4,1
175376,375,Nitrogen dioxide (NO2),Mean,ppb,UHF42,102,Northeast Bronx,Winter 2011-12,2011-12-01,22.15,,2011,12,4,1
171683,375,Nitrogen dioxide (NO2),Mean,ppb,UHF34,405,Ridgewood - Forest Hills,Winter 2011-12,2011-12-01,24.49,,2011,12,4,1
165961,375,Nitrogen dioxide (NO2),Mean,ppb,CD,404,Elmhurst and Corona (CD4),Winter 2011-12,2011-12-01,26.72,,2011,12,4,1
172684,375,Nitrogen dioxide (NO2),Mean,ppb,UHF34,104,Pelham - Throgs Neck,Annual Average 2012,2011-12-01,19.94,,2011,12,4,1
174220,365,Fine particles (PM 2.5),Mean,mcg/m3,UHF34,206,Borough Park,Annual Average 2012,2011-12-01,8.89,,2011,12,4,1
168591,365,Fine particles (PM 2.5),Mean,mcg/m3,CD,209,Parkchester and Soundview (CD9),Winter 2011-12,2011-12-01,9.9,,2011,12,4,1
175390,375,Nitrogen dioxide (NO2),Mean,ppb,UHF42,209,Bensonhurst - Bay Ridge,Winter 2011-12,2011-12-01,21.83,,2011,12,4,1
178563,365,Fine particles (PM 2.5),Mean,mcg/m3,UHF42,501,Port Richmond,Annual Average 2012,2011-12-01,8.55,,2011,12,4,1
170397,365,Fine particles (PM 2.5),Mean,mcg/m3,CD,501,St. George and Stapleton (CD1),Annual Average 2012,2011-12-01,8.4,,2011,12,4,1
165959,375,Nitrogen dioxide (NO2),Mean,ppb,CD,402,Woodside and Sunnyside (CD2),Winter 2011-12,2011-12-01,26.18,,2011,12,4,1
170352,365,Fine particles (PM 2.5),Mean,mcg/m3,CD,112,Washington Heights and Inwood (CD12),Annual Average 2012,2011-12-01,9.88,,2011,12,4,1
165967,375,Nitrogen dioxide (NO2),Mean,ppb,CD,410,South Ozone Park and Howard Beach (CD10),Winter 2011-12,2011-12-01,23.04,,2011,12,4,1
179433,375,Nitrogen dioxide (NO2),Mean,ppb,Borough,1,Bronx,Annual Average 2012,2011-12-01,20.99,,2011,12,4,1
176641,375,Nitrogen dioxide (NO2),Mean,ppb,UHF42,107,Hunts Point - Mott Haven,Annual Average 2012,2011-12-01,22.27,,2011,12,4,1
177301,365,Fine particles (PM 2.5),Mean,mcg/m3,UHF42,409,Southeast Queens,Winter 2011-12,2011-12-01,8.31,,2011,12,4,1
170399,365,Fine particles (PM 2.5),Mean,mcg/m3,CD,503,Tottenville and Great Kills (CD3),Annual Average 2012,2011-12-01,8.33,,2011,12,4,1
170385,365,Fine particles (PM 2.5),Mean,mcg/m3,CD,403,Jackson Heights (CD3),Annual Average 2012,2011-12-01,8.81,,2011,12,4,1
165969,375,Nitrogen dioxide (NO2),Mean,ppb,CD,412,Jamaica and Hollis (CD12),Winter 2011-12,2011-12-01,22.86,,2011,12,4,1
177277,365,Fine particles (PM 2.5),Mean,mcg/m3,UHF42,206,Borough Park,Winter 2011-12,2011-12-01,9.16,,2011,12,4,1
174218,365,Fine particles (PM 2.5),Mean,mcg/m3,UHF34,204,East New York,Annual Average 2012,2011-12-01,8.94,,2011,12,4,1
179434,375,Nitrogen dioxide (NO2),Mean,ppb,Borough,2,Brooklyn,Annual Average 2012,2011-12-01,20.56,,2011,12,4,1
177286,365,Fine particles (PM 2.5),Mean,mcg/m3,UHF42,304,Upper West Side,Winter 2011-12,2011-12-01,10.84,,2011,12,4,1
172712,375,Nitrogen dioxide (NO2),Mean,ppb,UHF34,501502,Northern SI,Annual Average 2012,2011-12-01,16.97,,2011,12,4,1
177300,365,Fine particles (PM 2.5),Mean,mcg/m3,UHF42,408,Jamaica,Winter 2011-12,2011-12-01,8.8,,2011,12,4,1
172710,375,Nitrogen dioxide (NO2),Mean,ppb,UHF34,309310,Union Square-Lower Manhattan,Annual Average 2012,2011-12-01,29.12,,2011,12,4,1
170341,365,Fine particles (PM 2.5),Mean,mcg/m3,CD,101,Financial District (CD1),Annual Average 2012,2011-12-01,11.3,,2011,12,4,1
170364,365,Fine particles (PM 2.5),Mean,mcg/m3,CD,212,Williamsbridge and Baychester (CD12),Annual Average 2012,2011-12-01,9.03,,2011,12,4,1
165939,375,Nitrogen dioxide (NO2),Mean,ppb,CD,212,Williamsbridge and Baychester (CD12),Winter 2011-12,2011-12-01,21.72,,2011,12,4,1
174229,365,Fine particles (PM 2.5),Mean,mcg/m3,UHF34,304,Upper West Side,Annual Average 2012,2011-12-01,10.46,,2011,12,4,1
176667,375,Nitrogen dioxide (NO2),Mean,ppb,UHF42,405,Ridgewood - Forest Hills,Annual Average 2012,2011-12-01,20.99,,2011,12,4,1
168590,365,Fine particles (PM 2.5),Mean,mcg/m3,CD,208,Riverdale and Fieldston (CD8),Winter 2011-12,2011-12-01,9.88,,2011,12,4,1
174213,365,Fine particles (PM 2.5),Mean,mcg/m3,UHF34,103,Fordham - Bronx Pk,Annual Average 2012,2011-12-01,9.47,,2011,12,4,1
177298,365,Fine particles (PM 2.5),Mean,mcg/m3,UHF42,406,Fresh Meadows,Winter 2011-12,2011-12-01,9.02,,2011,12,4,1
174225,365,Fine particles (PM 2.5),Mean,mcg/m3,UHF34,211,Williamsburg - Bushwick,Annual Average 2012,2011-12-01,9.7,,2011,12,4,1
168585,365,Fine particles (PM 2.5),Mean,mcg/m3,CD,203,Morrisania and Crotona (CD3),Winter 2011-12,2011-12-01,10.72,,2011,12,4,1
165930,375,Nitrogen dioxide (NO2),Mean,ppb,CD,203,Morrisania and Crotona (CD3),Winter 2011-12,2011-12-01,25.6,,2011,12,4,1
170389,365,Fine particles (PM 2.5),Mean,mcg/m3,CD,407,Flushing and Whitestone (CD7),Annual Average 2012,2011-12-01,8.93,,2011,12,4,1
170362,365,Fine particles (PM 2.5),Mean,mcg/m3,CD,210,Throgs Neck and Co-op City (CD10),Annual Average 2012,2011-12-01,9.13,,2011,12,4,1
170350,365,Fine particles (PM 2.5),Mean,mcg/m3,CD,110,Central Harlem (CD10),Annual Average 2012,2011-12-01,9.95,,2011,12,4,1
168629,365,Fine particles (PM 2.5),Mean,mcg/m3,CD,503,Tottenville and Great Kills (CD3),Winter 2011-12,2011-12-01,8.63,,2011,12,4,1
170356,365,Fine particles (PM 2.5),Mean,mcg/m3,CD,204,Highbridge and Concourse (CD4),Annual Average 2012,2011-12-01,10.4,,2011,12,4,1
177269,365,Fine particles (PM 2.5),Mean,mcg/m3,UHF42,105,Crotona -Tremont,Winter 2011-12,2011-12-01,11.03,,2011,12,4,1
176645,375,Nitrogen dioxide (NO2),Mean,ppb,UHF42,204,East New York,Annual Average 2012,2011-12-01,20.67,,2011,12,4,1
165928,375,Nitrogen dioxide (NO2),Mean,ppb,CD,201,Mott Haven and Melrose (CD1),Winter 2011-12,2011-12-01,26.34,,2011,12,4,1
178550,365,Fine particles (PM 2.5),Mean,mcg/m3,UHF42,308,Greenwich Village - SoHo,Annual Average 2012,2011-12-01,10.99,,2011,12,4,1
171674,375,Nitrogen dioxide (NO2),Mean,ppb,UHF34,210,Coney Island - Sheepshead Bay,Winter 2011-12,2011-12-01,19.46,,2011,12,4,1
178562,365,Fine particles (PM 2.5),Mean,mcg/m3,UHF42,410,Rockaways,Annual Average 2012,2011-12-01,7.36,,2011,12,4,1
173204,365,Fine particles (PM 2.5),Mean,mcg/m3,UHF34,210,Coney Island - Sheepshead Bay,Winter 2011-12,2011-12-01,8.0,,2011,12,4,1
165941,375,Nitrogen dioxide (NO2),Mean,ppb,CD,302,Fort Greene and Brooklyn Heights (CD2),Winter 2011-12,2011-12-01,27.75,,2011,12,4,1
168572,365,Fine particles (PM 2.5),Mean,mcg/m3,CD,102,Greenwich Village and Soho (CD2),Winter 2011-12,2011-12-01,11.18,,2011,12,4,1
177288,365,Fine particles (PM 2.5),Mean,mcg/m3,UHF42,306,Chelsea - Clinton,Winter 2011-12,2011-12-01,12.42,,2011,12,4,1
178542,365,Fine particles (PM 2.5),Mean,mcg/m3,UHF42,211,Williamsburg - Bushwick,Annual Average 2012,2011-12-01,9.7,,2011,12,4,1
177273,365,Fine particles (PM 2.5),Mean,mcg/m3,UHF42,202,Downtown - Heights - Slope,Winter 2011-12,2011-12-01,10.44,,2011,12,4,1
178531,365,Fine particles (PM 2.5),Mean,mcg/m3,UHF42,107,Hunts Point - Mott Haven,Annual Average 2012,2011-12-01,10.02,,2011,12,4,1
175398,375,Nitrogen dioxide (NO2),Mean,ppb,UHF42,306,Chelsea - Clinton,Winter 2011-12,2011-12-01,34.33,,2011,12,4,1
174238,365,Fine particles (PM 2.5),Mean,mcg/m3,UHF34,305307,Upper East Side-Gramercy,Annual Average 2012,2011-12-01,12.14,,2011,12,4,1
179181,365,Fine particles (PM 2.5),Mean,mcg/m3,Citywide,1,New York City,Annual Average 2012,2011-12-01,8.95,,2011,12,4,1
174239,365,Fine particles (PM 2.5),Mean,mcg/m3,UHF34,306308,Chelsea-Village,Annual Average 2012,2011-12-01,11.94,,2011,12,4,1
168622,365,Fine particles (PM 2.5),Mean,mcg/m3,CD,410,South Ozone Park and Howard Beach (CD10),Winter 2011-12,2011-12-01,8.21,,2011,12,4,1
179509,365,Fine particles (PM 2.5),Mean,mcg/m3,Borough,2,Brooklyn,Winter 2011-12,2011-12-01,9.17,,2011,12,4,1
174216,365,Fine particles (PM 2.5),Mean,mcg/m3,UHF34,202,Downtown - Heights - Slope,Annual Average 2012,2011-12-01,9.9,,2011,12,4,1
168615,365,Fine particles (PM 2.5),Mean,mcg/m3,CD,403,Jackson Heights (CD3),Winter 2011-12,2011-12-01,8.99,,2011,12,4,1
168583,365,Fine particles (PM 2.5),Mean,mcg/m3,CD,201,Mott Haven and Melrose (CD1),Winter 2011-12,2011-12-01,11.17,,2011,12,4,1
166760,375,Nitrogen dioxide (NO2),Mean,ppb,CD,207,Kingsbridge Heights and Bedford (CD7),Summer 2011,2011-06-01,19.95,,2011,6,2,1
216316,386,Ozone (O3),Mean,ppb,CD,107,Upper West Side (CD7),Summer 2011,2011-06-01,27.9,,2011,6,2,1
216388,386,Ozone (O3),Mean,ppb,CD,207,Kingsbridge Heights and Bedford (CD7),Summer 2011,2011-06-01,31.43,,2011,6,2,1
175984,375,Nitrogen dioxide (NO2),Mean,ppb,UHF42,304,Upper West Side,Summer 2011,2011-06-01,25.78,,2011,6,2,1
222421,386,Ozone (O3),Mean,ppb,UHF42,104,Pelham - Throgs Neck,Summer 2011,2011-06-01,34.24,,2011,6,2,1
216298,386,Ozone (O3),Mean,ppb,CD,104,Clinton and Chelsea (CD4),Summer 2011,2011-06-01,25.95,,2011,6,2,1
166769,375,Nitrogen dioxide (NO2),Mean,ppb,CD,304,Bushwick (CD4),Summer 2011,2011-06-01,19.96,,2011,6,2,1
216430,386,Ozone (O3),Mean,ppb,CD,302,Fort Greene and Brooklyn Heights (CD2),Summer 2011,2011-06-01,29.06,,2011,6,2,1
221839,386,Ozone (O3),Mean,ppb,UHF34,205,Sunset Park,Summer 2011,2011-06-01,31.5,,2011,6,2,1
222529,386,Ozone (O3),Mean,ppb,UHF42,304,Upper West Side,Summer 2011,2011-06-01,27.89,,2011,6,2,1
222505,386,Ozone (O3),Mean,ppb,UHF42,211,Williamsburg - Bushwick,Summer 2011,2011-06-01,31.54,,2011,6,2,1
216376,386,Ozone (O3),Mean,ppb,CD,205,Fordham and University Heights (CD5),Summer 2011,2011-06-01,30.68,,2011,6,2,1
177874,365,Fine particles (PM 2.5),Mean,mcg/m3,UHF42,304,Upper West Side,Summer 2011,2011-06-01,12.46,,2011,6,2,1
169403,365,Fine particles (PM 2.5),Mean,mcg/m3,CD,107,Upper West Side (CD7),Summer 2011,2011-06-01,12.46,,2011,6,2,1
169415,365,Fine particles (PM 2.5),Mean,mcg/m3,CD,207,Kingsbridge Heights and Bedford (CD7),Summer 2011,2011-06-01,11.72,,2011,6,2,1
216304,386,Ozone (O3),Mean,ppb,CD,105,Midtown (CD5),Summer 2011,2011-06-01,21.01,,2011,6,2,1
173675,365,Fine particles (PM 2.5),Mean,mcg/m3,UHF34,205,Sunset Park,Summer 2011,2011-06-01,12.03,,2011,6,2,1
166762,375,Nitrogen dioxide (NO2),Mean,ppb,CD,209,Parkchester and Soundview (CD9),Summer 2011,2011-06-01,18.37,,2011,6,2,1
216280,386,Ozone (O3),Mean,ppb,CD,101,Financial District (CD1),Summer 2011,2011-06-01,25.23,,2011,6,2,1
166742,375,Nitrogen dioxide (NO2),Mean,ppb,CD,101,Financial District (CD1),Summer 2011,2011-06-01,31.02,,2011,6,2,1
216292,386,Ozone (O3),Mean,ppb,CD,103,Lower East Side and Chinatown (CD3),Summer 2011,2011-06-01,27.36,,2011,6,2,1
166744,375,Nitrogen dioxide (NO2),Mean,ppb,CD,103,Lower East Side and Chinatown (CD3),Summer 2011,2011-06-01,26.23,,2011,6,2,1
166746,375,Nitrogen dioxide (NO2),Mean,ppb,CD,105,Midtown (CD5),Summer 2011,2011-06-01,41.53,,2011,6,2,1
175978,375,Nitrogen dioxide (NO2),Mean,ppb,UHF42,209,Bensonhurst - Bay Ridge,Summer 2011,2011-06-01,16.98,,2011,6,2,1
216526,386,Ozone (O3),Mean,ppb,CD,318,Flatlands and Canarsie (CD18),Summer 2011,2011-06-01,35.88,,2011,6,2,1
216520,386,Ozone (O3),Mean,ppb,CD,317,East Flatbush (CD17),Summer 2011,2011-06-01,32.96,,2011,6,2,1
216502,386,Ozone (O3),Mean,ppb,CD,314,Flatbush and Midwood (CD14),Summer 2011,2011-06-01,32.8,,2011,6,2,1
175982,375,Nitrogen dioxide (NO2),Mean,ppb,UHF42,302,Central Harlem - Morningside Heights,Summer 2011,2011-06-01,23.92,,2011,6,2,1
216514,386,Ozone (O3),Mean,ppb,CD,316,Brownsville (CD16),Summer 2011,2011-06-01,32.63,,2011,6,2,1
216334,386,Ozone (O3),Mean,ppb,CD,110,Central Harlem (CD10),Summer 2011,2011-06-01,29.52,,2011,6,2,1
216418,386,Ozone (O3),Mean,ppb,CD,212,Williamsbridge and Baychester (CD12),Summer 2011,2011-06-01,33.23,,2011,6,2,1
216406,386,Ozone (O3),Mean,ppb,CD,210,Throgs Neck and Co-op City (CD10),Summer 2011,2011-06-01,34.88,,2011,6,2,1
216346,386,Ozone (O3),Mean,ppb,CD,112,Washington Heights and Inwood (CD12),Summer 2011,2011-06-01,30.28,,2011,6,2,1
222409,386,Ozone (O3),Mean,ppb,UHF42,102,Northeast Bronx,Summer 2011,2011-06-01,33.44,,2011,6,2,1
175986,375,Nitrogen dioxide (NO2),Mean,ppb,UHF42,306,Chelsea - Clinton,Summer 2011,2011-06-01,34.57,,2011,6,2,1
222487,386,Ozone (O3),Mean,ppb,UHF42,208,Canarsie - Flatlands,Summer 2011,2011-06-01,35.91,,2011,6,2,1
222499,386,Ozone (O3),Mean,ppb,UHF42,210,Coney Island - Sheepshead Bay,Summer 2011,2011-06-01,36.56,,2011,6,2,1
179355,375,Nitrogen dioxide (NO2),Mean,ppb,Borough,3,Manhattan,Summer 2011,2011-06-01,27.72,,2011,6,2,1
222433,386,Ozone (O3),Mean,ppb,UHF42,106,High Bridge - Morrisania,Summer 2011,2011-06-01,31.12,,2011,6,2,1
179354,375,Nitrogen dioxide (NO2),Mean,ppb,Borough,2,Brooklyn,Summer 2011,2011-06-01,18.14,,2011,6,2,1
175976,375,Nitrogen dioxide (NO2),Mean,ppb,UHF42,207,East Flatbush - Flatbush,Summer 2011,2011-06-01,18.77,,2011,6,2,1
222547,386,Ozone (O3),Mean,ppb,UHF42,307,Gramercy Park - Murray Hill,Summer 2011,2011-06-01,22.59,,2011,6,2,1
219967,386,Ozone (O3),Mean,ppb,Borough,1,Bronx,Summer 2011,2011-06-01,32.91,,2011,6,2,1
175963,375,Nitrogen dioxide (NO2),Mean,ppb,UHF42,101,Kingsbridge - Riverdale,Summer 2011,2011-06-01,16.27,,2011,6,2,1
175965,375,Nitrogen dioxide (NO2),Mean,ppb,UHF42,103,Fordham - Bronx Pk,Summer 2011,2011-06-01,18.38,,2011,6,2,1
175967,375,Nitrogen dioxide (NO2),Mean,ppb,UHF42,105,Crotona -Tremont,Summer 2011,2011-06-01,20.95,,2011,6,2,1
172143,375,Nitrogen dioxide (NO2),Mean,ppb,UHF34,203,Bedford Stuyvesant - Crown Heights,Summer 2011,2011-06-01,20.67,,2011,6,2,1
219694,386,Ozone (O3),Mean,ppb,Citywide,1,New York City,Summer 2011,2011-06-01,33.1,,2011,6,2,1
179120,375,Nitrogen dioxide (NO2),Mean,ppb,Citywide,1,New York City,Summer 2011,2011-06-01,17.14,,2011,6,2,1
221863,386,Ozone (O3),Mean,ppb,UHF34,209,Bensonhurst - Bay Ridge,Summer 2011,2011-06-01,33.85,,2011,6,2,1
221875,386,Ozone (O3),Mean,ppb,UHF34,211,Williamsburg - Bushwick,Summer 2011,2011-06-01,31.54,,2011,6,2,1
221851,386,Ozone (O3),Mean,ppb,UHF34,207,East Flatbush - Flatbush,Summer 2011,2011-06-01,32.67,,2011,6,2,1
221857,386,Ozone (O3),Mean,ppb,UHF34,208,Canarsie - Flatlands,Summer 2011,2011-06-01,35.91,,2011,6,2,1
172150,375,Nitrogen dioxide (NO2),Mean,ppb,UHF34,210,Coney Island - Sheepshead Bay,Summer 2011,2011-06-01,14.22,,2011,6,2,1
172141,375,Nitrogen dioxide (NO2),Mean,ppb,UHF34,201,Greenpoint,Summer 2011,2011-06-01,21.34,,2011,6,2,1
221881,386,Ozone (O3),Mean,ppb,UHF34,301,Washington Heights,Summer 2011,2011-06-01,30.13,,2011,6,2,1
221821,386,Ozone (O3),Mean,ppb,UHF34,202,Downtown - Heights - Slope,Summer 2011,2011-06-01,29.54,,2011,6,2,1
221887,386,Ozone (O3),Mean,ppb,UHF34,302,Central Harlem - Morningside Heights,Summer 2011,2011-06-01,29.4,,2011,6,2,1
222625,386,Ozone (O3),Mean,ppb,UHF42,410,Rockaways,Summer 2011,2011-06-01,39.03,,2011,6,2,1
219979,386,Ozone (O3),Mean,ppb,Borough,3,Manhattan,Summer 2011,2011-06-01,27.27,,2011,6,2,1
179165,365,Fine particles (PM 2.5),Mean,mcg/m3,Citywide,1,New York City,Summer 2011,2011-06-01,11.46,,2011,6,2,1
222445,386,Ozone (O3),Mean,ppb,UHF42,201,Greenpoint,Summer 2011,2011-06-01,31.61,,2011,6,2,1
222511,386,Ozone (O3),Mean,ppb,UHF42,301,Washington Heights,Summer 2011,2011-06-01,30.13,,2011,6,2,1
219985,386,Ozone (O3),Mean,ppb,Borough,4,Queens,Summer 2011,2011-06-01,33.72,,2011,6,2,1
219973,386,Ozone (O3),Mean,ppb,Borough,2,Brooklyn,Summer 2011,2011-06-01,33.19,,2011,6,2,1
169405,365,Fine particles (PM 2.5),Mean,mcg/m3,CD,109,Morningside Heights and Hamilton Heights (CD9),Summer 2011,2011-06-01,11.97,,2011,6,2,1
169417,365,Fine particles (PM 2.5),Mean,mcg/m3,CD,209,Parkchester and Soundview (CD9),Summer 2011,2011-06-01,11.58,,2011,6,2,1
216382,386,Ozone (O3),Mean,ppb,CD,206,Belmont and East Tremont (CD6),Summer 2011,2011-06-01,31.89,,2011,6,2,1
222451,386,Ozone (O3),Mean,ppb,UHF42,202,Downtown - Heights - Slope,Summer 2011,2011-06-01,29.54,,2011,6,2,1
222403,386,Ozone (O3),Mean,ppb,UHF42,101,Kingsbridge - Riverdale,Summer 2011,2011-06-01,31.24,,2011,6,2,1
216568,386,Ozone (O3),Mean,ppb,CD,407,Flushing and Whitestone (CD7),Summer 2011,2011-06-01,33.95,,2011,6,2,1
166748,375,Nitrogen dioxide (NO2),Mean,ppb,CD,107,Upper West Side (CD7),Summer 2011,2011-06-01,25.77,,2011,6,2,1
216538,386,Ozone (O3),Mean,ppb,CD,402,Woodside and Sunnyside (CD2),Summer 2011,2011-06-01,32.84,,2011,6,2,1
216352,386,Ozone (O3),Mean,ppb,CD,201,Mott Haven and Melrose (CD1),Summer 2011,2011-06-01,32.12,,2011,6,2,1
221833,386,Ozone (O3),Mean,ppb,UHF34,204,East New York,Summer 2011,2011-06-01,33.5,,2011,6,2,1
216364,386,Ozone (O3),Mean,ppb,CD,203,Morrisania and Crotona (CD3),Summer 2011,2011-06-01,31.87,,2011,6,2,1
222475,386,Ozone (O3),Mean,ppb,UHF42,206,Borough Park,Summer 2011,2011-06-01,32.7,,2011,6,2,1
222559,386,Ozone (O3),Mean,ppb,UHF42,309,Union Square - Lower East Side,Summer 2011,2011-06-01,26.94,,2011,6,2,1
222493,386,Ozone (O3),Mean,ppb,UHF42,209,Bensonhurst - Bay Ridge,Summer 2011,2011-06-01,33.85,,2011,6,2,1
221791,386,Ozone (O3),Mean,ppb,UHF34,101,Kingsbridge - Riverdale,Summer 2011,2011-06-01,31.24,,2011,6,2,1
221911,386,Ozone (O3),Mean,ppb,UHF34,402,West Queens,Summer 2011,2011-06-01,33.0,,2011,6,2,1
222553,386,Ozone (O3),Mean,ppb,UHF42,308,Greenwich Village - SoHo,Summer 2011,2011-06-01,26.21,,2011,6,2,1
222523,386,Ozone (O3),Mean,ppb,UHF42,303,East Harlem,Summer 2011,2011-06-01,30.25,,2011,6,2,1
222535,386,Ozone (O3),Mean,ppb,UHF42,305,Upper East Side,Summer 2011,2011-06-01,27.52,,2011,6,2,1
222427,386,Ozone (O3),Mean,ppb,UHF42,105,Crotona -Tremont,Summer 2011,2011-06-01,31.46,,2011,6,2,1
177862,365,Fine particles (PM 2.5),Mean,mcg/m3,UHF42,203,Bedford Stuyvesant - Crown Heights,Summer 2011,2011-06-01,11.54,,2011,6,2,1
177855,365,Fine particles (PM 2.5),Mean,mcg/m3,UHF42,103,Fordham - Bronx Pk,Summer 2011,2011-06-01,11.48,,2011,6,2,1
177857,365,Fine particles (PM 2.5),Mean,mcg/m3,UHF42,105,Crotona -Tremont,Summer 2011,2011-06-01,12.13,,2011,6,2,1
177864,365,Fine particles (PM 2.5),Mean,mcg/m3,UHF42,205,Sunset Park,Summer 2011,2011-06-01,12.03,,2011,6,2,1
169420,365,Fine particles (PM 2.5),Mean,mcg/m3,CD,212,Williamsbridge and Baychester (CD12),Summer 2011,2011-06-01,11.28,,2011,6,2,1
221803,386,Ozone (O3),Mean,ppb,UHF34,103,Fordham - Bronx Pk,Summer 2011,2011-06-01,32.08,,2011,6,2,1
221827,386,Ozone (O3),Mean,ppb,UHF34,203,Bedford Stuyvesant - Crown Heights,Summer 2011,2011-06-01,31.43,,2011,6,2,1
221815,386,Ozone (O3),Mean,ppb,UHF34,201,Greenpoint,Summer 2011,2011-06-01,31.61,,2011,6,2,1
177859,365,Fine particles (PM 2.5),Mean,mcg/m3,UHF42,107,Hunts Point - Mott Haven,Summer 2011,2011-06-01,10.67,,2011,6,2,1
222517,386,Ozone (O3),Mean,ppb,UHF42,302,Central Harlem - Morningside Heights,Summer 2011,2011-06-01,29.4,,2011,6,2,1
177872,365,Fine particles (PM 2.5),Mean,mcg/m3,UHF42,302,Central Harlem - Morningside Heights,Summer 2011,2011-06-01,11.93,,2011,6,2,1
169397,365,Fine particles (PM 2.5),Mean,mcg/m3,CD,101,Financial District (CD1),Summer 2011,2011-06-01,13.22,,2011,6,2,1
173680,365,Fine particles (PM 2.5),Mean,mcg/m3,UHF34,210,Coney Island - Sheepshead Bay,Summer 2011,2011-06-01,11.05,,2011,6,2,1
169413,365,Fine particles (PM 2.5),Mean,mcg/m3,CD,205,Fordham and University Heights (CD5),Summer 2011,2011-06-01,12.3,,2011,6,2,1
169399,365,Fine particles (PM 2.5),Mean,mcg/m3,CD,103,Lower East Side and Chinatown (CD3),Summer 2011,2011-06-01,12.42,,2011,6,2,1
169424,365,Fine particles (PM 2.5),Mean,mcg/m3,CD,304,Bushwick (CD4),Summer 2011,2011-06-01,11.64,,2011,6,2,1
169422,365,Fine particles (PM 2.5),Mean,mcg/m3,CD,302,Fort Greene and Brooklyn Heights (CD2),Summer 2011,2011-06-01,12.23,,2011,6,2,1
177868,365,Fine particles (PM 2.5),Mean,mcg/m3,UHF42,209,Bensonhurst - Bay Ridge,Summer 2011,2011-06-01,11.19,,2011,6,2,1
179580,365,Fine particles (PM 2.5),Mean,mcg/m3,Borough,3,Manhattan,Summer 2011,2011-06-01,12.86,,2011,6,2,1
219991,386,Ozone (O3),Mean,ppb,Borough,5,Staten Island,Summer 2011,2011-06-01,34.16,,2011,6,2,1
222463,386,Ozone (O3),Mean,ppb,UHF42,204,East New York,Summer 2011,2011-06-01,33.5,,2011,6,2,1
177884,365,Fine particles (PM 2.5),Mean,mcg/m3,UHF42,404,Bayside - Little Neck,Summer 2011,2011-06-01,11.01,,2011,6,2,1
179582,365,Fine particles (PM 2.5),Mean,mcg/m3,Borough,5,Staten Island,Summer 2011,2011-06-01,11.09,,2011,6,2,1
216610,386,Ozone (O3),Mean,ppb,CD,414,Rockaway and Broad Channel (CD14),Summer 2011,2011-06-01,39.14,,2011,6,2,1
216508,386,Ozone (O3),Mean,ppb,CD,315,Sheepshead Bay (CD15),Summer 2011,2011-06-01,36.24,,2011,6,2,1
216556,386,Ozone (O3),Mean,ppb,CD,405,Ridgewood and Maspeth (CD5),Summer 2011,2011-06-01,33.27,,2011,6,2,1
216448,386,Ozone (O3),Mean,ppb,CD,305,East New York and Starrett City (CD5),Summer 2011,2011-06-01,33.87,,2011,6,2,1
169401,365,Fine particles (PM 2.5),Mean,mcg/m3,CD,105,Midtown (CD5),Summer 2011,2011-06-01,15.55,,2011,6,2,1
166750,375,Nitrogen dioxide (NO2),Mean,ppb,CD,109,Morningside Heights and Hamilton Heights (CD9),Summer 2011,2011-06-01,23.68,,2011,6,2,1
169406,365,Fine particles (PM 2.5),Mean,mcg/m3,CD,110,Central Harlem (CD10),Summer 2011,2011-06-01,11.88,,2011,6,2,1
216424,386,Ozone (O3),Mean,ppb,CD,301,Greenpoint and Williamsburg (CD1),Summer 2011,2011-06-01,31.61,,2011,6,2,1
169408,365,Fine particles (PM 2.5),Mean,mcg/m3,CD,112,Washington Heights and Inwood (CD12),Summer 2011,2011-06-01,11.72,,2011,6,2,1
216454,386,Ozone (O3),Mean,ppb,CD,306,Park Slope and Carroll Gardens (CD6),Summer 2011,2011-06-01,29.87,,2011,6,2,1
216310,386,Ozone (O3),Mean,ppb,CD,106,Stuyvesant Town and Turtle Bay (CD6),Summer 2011,2011-06-01,23.99,,2011,6,2,1
216394,386,Ozone (O3),Mean,ppb,CD,208,Riverdale and Fieldston (CD8),Summer 2011,2011-06-01,31.3,,2011,6,2,1
216490,386,Ozone (O3),Mean,ppb,CD,312,Borough Park (CD12),Summer 2011,2011-06-01,32.44,,2011,6,2,1
216322,386,Ozone (O3),Mean,ppb,CD,108,Upper East Side (CD8),Summer 2011,2011-06-01,27.44,,2011,6,2,1
216436,386,Ozone (O3),Mean,ppb,CD,303,Bedford Stuyvesant (CD3),Summer 2011,2011-06-01,30.8,,2011,6,2,1
216286,386,Ozone (O3),Mean,ppb,CD,102,Greenwich Village and Soho (CD2),Summer 2011,2011-06-01,26.08,,2011,6,2,1
216496,386,Ozone (O3),Mean,ppb,CD,313,Coney Island (CD13),Summer 2011,2011-06-01,37.52,,2011,6,2,1
216340,386,Ozone (O3),Mean,ppb,CD,111,East Harlem (CD11),Summer 2011,2011-06-01,30.29,,2011,6,2,1
177881,365,Fine particles (PM 2.5),Mean,mcg/m3,UHF42,401,Long Island City - Astoria,Summer 2011,2011-06-01,12.33,,2011,6,2,1
177853,365,Fine particles (PM 2.5),Mean,mcg/m3,UHF42,101,Kingsbridge - Riverdale,Summer 2011,2011-06-01,11.3,,2011,6,2,1
173688,365,Fine particles (PM 2.5),Mean,mcg/m3,UHF34,403,Flushing - Clearview,Summer 2011,2011-06-01,11.24,,2011,6,2,1
173684,365,Fine particles (PM 2.5),Mean,mcg/m3,UHF34,303,East Harlem,Summer 2011,2011-06-01,12.11,,2011,6,2,1
173673,365,Fine particles (PM 2.5),Mean,mcg/m3,UHF34,203,Bedford Stuyvesant - Crown Heights,Summer 2011,2011-06-01,11.54,,2011,6,2,1
173670,365,Fine particles (PM 2.5),Mean,mcg/m3,UHF34,104,Pelham - Throgs Neck,Summer 2011,2011-06-01,11.46,,2011,6,2,1
173668,365,Fine particles (PM 2.5),Mean,mcg/m3,UHF34,102,Northeast Bronx,Summer 2011,2011-06-01,11.39,,2011,6,2,1
173671,365,Fine particles (PM 2.5),Mean,mcg/m3,UHF34,201,Greenpoint,Summer 2011,2011-06-01,12.84,,2011,6,2,1
177875,365,Fine particles (PM 2.5),Mean,mcg/m3,UHF42,305,Upper East Side,Summer 2011,2011-06-01,13.11,,2011,6,2,1
175980,375,Nitrogen dioxide (NO2),Mean,ppb,UHF42,211,Williamsburg - Bushwick,Summer 2011,2011-06-01,21.19,,2011,6,2,1
216328,386,Ozone (O3),Mean,ppb,CD,109,Morningside Heights and Hamilton Heights (CD9),Summer 2011,2011-06-01,29.17,,2011,6,2,1
216412,386,Ozone (O3),Mean,ppb,CD,211,Morris Park and Bronxdale (CD11),Summer 2011,2011-06-01,33.45,,2011,6,2,1
176002,375,Nitrogen dioxide (NO2),Mean,ppb,UHF42,502,Stapleton - St. George,Summer 2011,2011-06-01,13.93,,2011,6,2,1
222637,386,Ozone (O3),Mean,ppb,UHF42,502,Stapleton - St. George,Summer 2011,2011-06-01,33.17,,2011,6,2,1
169453,365,Fine particles (PM 2.5),Mean,mcg/m3,CD,501,St. George and Stapleton (CD1),Summer 2011,2011-06-01,11.16,,2011,6,2,1
166784,375,Nitrogen dioxide (NO2),Mean,ppb,CD,401,Long Island City and Astoria (CD1),Summer 2011,2011-06-01,19.63,,2011,6,2,1
166755,375,Nitrogen dioxide (NO2),Mean,ppb,CD,202,Hunts Point and Longwood (CD2),Summer 2011,2011-06-01,19.4,,2011,6,2,1
166798,375,Nitrogen dioxide (NO2),Mean,ppb,CD,501,St. George and Stapleton (CD1),Summer 2011,2011-06-01,16.24,,2011,6,2,1
166799,375,Nitrogen dioxide (NO2),Mean,ppb,CD,502,South Beach and Willowbrook (CD2),Summer 2011,2011-06-01,11.89,,2011,6,2,1
216622,386,Ozone (O3),Mean,ppb,CD,502,South Beach and Willowbrook (CD2),Summer 2011,2011-06-01,34.07,,2011,6,2,1
169431,365,Fine particles (PM 2.5),Mean,mcg/m3,CD,311,Bensonhurst (CD11),Summer 2011,2011-06-01,11.14,,2011,6,2,1
222583,386,Ozone (O3),Mean,ppb,UHF42,403,Flushing - Clearview,Summer 2011,2011-06-01,33.92,,2011,6,2,1
175995,375,Nitrogen dioxide (NO2),Mean,ppb,UHF42,405,Ridgewood - Forest Hills,Summer 2011,2011-06-01,18.51,,2011,6,2,1
166800,375,Nitrogen dioxide (NO2),Mean,ppb,CD,503,Tottenville and Great Kills (CD3),Summer 2011,2011-06-01,8.32,,2011,6,2,1
173690,365,Fine particles (PM 2.5),Mean,mcg/m3,UHF34,407,Southwest Queens,Summer 2011,2011-06-01,11.03,,2011,6,2,1
175999,375,Nitrogen dioxide (NO2),Mean,ppb,UHF42,409,Southeast Queens,Summer 2011,2011-06-01,15.32,,2011,6,2,1
216544,386,Ozone (O3),Mean,ppb,CD,403,Jackson Heights (CD3),Summer 2011,2011-06-01,33.14,,2011,6,2,1
216628,386,Ozone (O3),Mean,ppb,CD,503,Tottenville and Great Kills (CD3),Summer 2011,2011-06-01,35.94,,2011,6,2,1
216550,386,Ozone (O3),Mean,ppb,CD,404,Elmhurst and Corona (CD4),Summer 2011,2011-06-01,32.56,,2011,6,2,1
166757,375,Nitrogen dioxide (NO2),Mean,ppb,CD,204,Highbridge and Concourse (CD4),Summer 2011,2011-06-01,22.2,,2011,6,2,1
169454,365,Fine particles (PM 2.5),Mean,mcg/m3,CD,502,South Beach and Willowbrook (CD2),Summer 2011,2011-06-01,11.15,,2011,6,2,1
169439,365,Fine particles (PM 2.5),Mean,mcg/m3,CD,401,Long Island City and Astoria (CD1),Summer 2011,2011-06-01,11.62,,2011,6,2,1
172147,375,Nitrogen dioxide (NO2),Mean,ppb,UHF34,207,East Flatbush - Flatbush,Summer 2011,2011-06-01,18.77,,2011,6,2,1
173698,365,Fine particles (PM 2.5),Mean,mcg/m3,UHF34,501502,Northern SI,Summer 2011,2011-06-01,11.09,,2011,6,2,1
175998,375,Nitrogen dioxide (NO2),Mean,ppb,UHF42,408,Jamaica,Summer 2011,2011-06-01,17.25,,2011,6,2,1
173699,365,Fine particles (PM 2.5),Mean,mcg/m3,UHF34,503504,Southern SI,Summer 2011,2011-06-01,11.09,,2011,6,2,1
172166,375,Nitrogen dioxide (NO2),Mean,ppb,UHF34,309310,Union Square-Lower Manhattan,Summer 2011,2011-06-01,28.41,,2011,6,2,1
172168,375,Nitrogen dioxide (NO2),Mean,ppb,UHF34,501502,Northern SI,Summer 2011,2011-06-01,14.98,,2011,6,2,1
169412,365,Fine particles (PM 2.5),Mean,mcg/m3,CD,204,Highbridge and Concourse (CD4),Summer 2011,2011-06-01,12.24,,2011,6,2,1
177865,365,Fine particles (PM 2.5),Mean,mcg/m3,UHF42,206,Borough Park,Summer 2011,2011-06-01,11.34,,2011,6,2,1
175972,375,Nitrogen dioxide (NO2),Mean,ppb,UHF42,203,Bedford Stuyvesant - Crown Heights,Summer 2011,2011-06-01,20.67,,2011,6,2,1
172169,375,Nitrogen dioxide (NO2),Mean,ppb,UHF34,503504,Southern SI,Summer 2011,2011-06-01,10.13,,2011,6,2,1
221983,386,Ozone (O3),Mean,ppb,UHF34,503504,Southern SI,Summer 2011,2011-06-01,34.9,,2011,6,2,1
166793,375,Nitrogen dioxide (NO2),Mean,ppb,CD,410,South Ozone Park and Howard Beach (CD10),Summer 2011,2011-06-01,16.78,,2011,6,2,1
216586,386,Ozone (O3),Mean,ppb,CD,410,South Ozone Park and Howard Beach (CD10),Summer 2011,2011-06-01,34.17,,2011,6,2,1
166795,375,Nitrogen dioxide (NO2),Mean,ppb,CD,412,Jamaica and Hollis (CD12),Summer 2011,2011-06-01,17.34,,2011,6,2,1
166777,375,Nitrogen dioxide (NO2),Mean,ppb,CD,312,Borough Park (CD12),Summer 2011,2011-06-01,18.99,,2011,6,2,1
175997,375,Nitrogen dioxide (NO2),Mean,ppb,UHF42,407,Southwest Queens,Summer 2011,2011-06-01,17.53,,2011,6,2,1
177888,365,Fine particles (PM 2.5),Mean,mcg/m3,UHF42,408,Jamaica,Summer 2011,2011-06-01,11.15,,2011,6,2,1
177887,365,Fine particles (PM 2.5),Mean,mcg/m3,UHF42,407,Southwest Queens,Summer 2011,2011-06-01,11.03,,2011,6,2,1
177889,365,Fine particles (PM 2.5),Mean,mcg/m3,UHF42,409,Southeast Queens,Summer 2011,2011-06-01,10.79,,2011,6,2,1
175992,375,Nitrogen dioxide (NO2),Mean,ppb,UHF42,402,West Queens,Summer 2011,2011-06-01,20.29,,2011,6,2,1
221947,386,Ozone (O3),Mean,ppb,UHF34,410,Rockaways,Summer 2011,2011-06-01,39.03,,2011,6,2,1
221869,386,Ozone (O3),Mean,ppb,UHF34,210,Coney Island - Sheepshead Bay,Summer 2011,2011-06-01,36.56,,2011,6,2,1
175981,375,Nitrogen dioxide (NO2),Mean,ppb,UHF42,301,Washington Heights,Summer 2011,2011-06-01,20.85,,2011,6,2,1
169450,365,Fine particles (PM 2.5),Mean,mcg/m3,CD,412,Jamaica and Hollis (CD12),Summer 2011,2011-06-01,11.15,,2011,6,2,1
169432,365,Fine particles (PM 2.5),Mean,mcg/m3,CD,312,Borough Park (CD12),Summer 2011,2011-06-01,11.34,,2011,6,2,1
169430,365,Fine particles (PM 2.5),Mean,mcg/m3,CD,310,Bay Ridge and Dyker Heights (CD10),Summer 2011,2011-06-01,11.35,,2011,6,2,1
175975,375,Nitrogen dioxide (NO2),Mean,ppb,UHF42,206,Borough Park,Summer 2011,2011-06-01,18.64,,2011,6,2,1
176000,375,Nitrogen dioxide (NO2),Mean,ppb,UHF42,410,Rockaways,Summer 2011,2011-06-01,9.94,,2011,6,2,1
175968,375,Nitrogen dioxide (NO2),Mean,ppb,UHF42,106,High Bridge - Morrisania,Summer 2011,2011-06-01,21.95,,2011,6,2,1
175987,375,Nitrogen dioxide (NO2),Mean,ppb,UHF42,307,Gramercy Park - Murray Hill,Summer 2011,2011-06-01,38.09,,2011,6,2,1
175988,375,Nitrogen dioxide (NO2),Mean,ppb,UHF42,308,Greenwich Village - SoHo,Summer 2011,2011-06-01,29.31,,2011,6,2,1
221797,386,Ozone (O3),Mean,ppb,UHF34,102,Northeast Bronx,Summer 2011,2011-06-01,33.44,,2011,6,2,1
172158,375,Nitrogen dioxide (NO2),Mean,ppb,UHF34,403,Flushing - Clearview,Summer 2011,2011-06-01,17.42,,2011,6,2,1
221959,386,Ozone (O3),Mean,ppb,UHF34,306308,Chelsea-Village,Summer 2011,2011-06-01,24.87,,2011,6,2,1
221917,386,Ozone (O3),Mean,ppb,UHF34,403,Flushing - Clearview,Summer 2011,2011-06-01,33.92,,2011,6,2,1
221809,386,Ozone (O3),Mean,ppb,UHF34,104,Pelham - Throgs Neck,Summer 2011,2011-06-01,34.24,,2011,6,2,1
221965,386,Ozone (O3),Mean,ppb,UHF34,309310,Union Square-Lower Manhattan,Summer 2011,2011-06-01,26.35,,2011,6,2,1
221977,386,Ozone (O3),Mean,ppb,UHF34,501502,Northern SI,Summer 2011,2011-06-01,32.42,,2011,6,2,1
172145,375,Nitrogen dioxide (NO2),Mean,ppb,UHF34,205,Sunset Park,Summer 2011,2011-06-01,19.22,,2011,6,2,1
172162,375,Nitrogen dioxide (NO2),Mean,ppb,UHF34,409,Southeast Queens,Summer 2011,2011-06-01,15.32,,2011,6,2,1
173669,365,Fine particles (PM 2.5),Mean,mcg/m3,UHF34,103,Fordham - Bronx Pk,Summer 2011,2011-06-01,11.48,,2011,6,2,1
173677,365,Fine particles (PM 2.5),Mean,mcg/m3,UHF34,207,East Flatbush - Flatbush,Summer 2011,2011-06-01,11.42,,2011,6,2,1
173672,365,Fine particles (PM 2.5),Mean,mcg/m3,UHF34,202,Downtown - Heights - Slope,Summer 2011,2011-06-01,12.26,,2011,6,2,1
173687,365,Fine particles (PM 2.5),Mean,mcg/m3,UHF34,402,West Queens,Summer 2011,2011-06-01,11.92,,2011,6,2,1
172139,375,Nitrogen dioxide (NO2),Mean,ppb,UHF34,103,Fordham - Bronx Pk,Summer 2011,2011-06-01,18.38,,2011,6,2,1
172155,375,Nitrogen dioxide (NO2),Mean,ppb,UHF34,304,Upper West Side,Summer 2011,2011-06-01,25.78,,2011,6,2,1
172137,375,Nitrogen dioxide (NO2),Mean,ppb,UHF34,101,Kingsbridge - Riverdale,Summer 2011,2011-06-01,16.27,,2011,6,2,1
172142,375,Nitrogen dioxide (NO2),Mean,ppb,UHF34,202,Downtown - Heights - Slope,Summer 2011,2011-06-01,22.21,,2011,6,2,1
172144,375,Nitrogen dioxide (NO2),Mean,ppb,UHF34,204,East New York,Summer 2011,2011-06-01,18.06,,2011,6,2,1
172163,375,Nitrogen dioxide (NO2),Mean,ppb,UHF34,410,Rockaways,Summer 2011,2011-06-01,9.94,,2011,6,2,1
166797,375,Nitrogen dioxide (NO2),Mean,ppb,CD,414,Rockaway and Broad Channel (CD14),Summer 2011,2011-06-01,9.81,,2011,6,2,1
166790,375,Nitrogen dioxide (NO2),Mean,ppb,CD,407,Flushing and Whitestone (CD7),Summer 2011,2011-06-01,17.39,,2011,6,2,1
166779,375,Nitrogen dioxide (NO2),Mean,ppb,CD,314,Flatbush and Midwood (CD14),Summer 2011,2011-06-01,18.14,,2011,6,2,1
175973,375,Nitrogen dioxide (NO2),Mean,ppb,UHF42,204,East New York,Summer 2011,2011-06-01,18.06,,2011,6,2,1
176004,375,Nitrogen dioxide (NO2),Mean,ppb,UHF42,504,South Beach - Tottenville,Summer 2011,2011-06-01,8.54,,2011,6,2,1
169445,365,Fine particles (PM 2.5),Mean,mcg/m3,CD,407,Flushing and Whitestone (CD7),Summer 2011,2011-06-01,11.28,,2011,6,2,1
172149,375,Nitrogen dioxide (NO2),Mean,ppb,UHF34,209,Bensonhurst - Bay Ridge,Summer 2011,2011-06-01,16.98,,2011,6,2,1
172151,375,Nitrogen dioxide (NO2),Mean,ppb,UHF34,211,Williamsburg - Bushwick,Summer 2011,2011-06-01,21.19,,2011,6,2,1
179579,365,Fine particles (PM 2.5),Mean,mcg/m3,Borough,2,Brooklyn,Summer 2011,2011-06-01,11.57,,2011,6,2,1
177877,365,Fine particles (PM 2.5),Mean,mcg/m3,UHF42,307,Gramercy Park - Murray Hill,Summer 2011,2011-06-01,14.82,,2011,6,2,1
169402,365,Fine particles (PM 2.5),Mean,mcg/m3,CD,106,Stuyvesant Town and Turtle Bay (CD6),Summer 2011,2011-06-01,14.13,,2011,6,2,1
177867,365,Fine particles (PM 2.5),Mean,mcg/m3,UHF42,208,Canarsie - Flatlands,Summer 2011,2011-06-01,11.12,,2011,6,2,1
166759,375,Nitrogen dioxide (NO2),Mean,ppb,CD,206,Belmont and East Tremont (CD6),Summer 2011,2011-06-01,20.25,,2011,6,2,1
166747,375,Nitrogen dioxide (NO2),Mean,ppb,CD,106,Stuyvesant Town and Turtle Bay (CD6),Summer 2011,2011-06-01,34.67,,2011,6,2,1
177890,365,Fine particles (PM 2.5),Mean,mcg/m3,UHF42,410,Rockaways,Summer 2011,2011-06-01,10.59,,2011,6,2,1
177869,365,Fine particles (PM 2.5),Mean,mcg/m3,UHF42,210,Coney Island - Sheepshead Bay,Summer 2011,2011-06-01,11.05,,2011,6,2,1
166743,375,Nitrogen dioxide (NO2),Mean,ppb,CD,102,Greenwich Village and Soho (CD2),Summer 2011,2011-06-01,29.44,,2011,6,2,1
222649,386,Ozone (O3),Mean,ppb,UHF42,504,South Beach - Tottenville,Summer 2011,2011-06-01,35.93,,2011,6,2,1
222589,386,Ozone (O3),Mean,ppb,UHF42,404,Bayside - Little Neck,Summer 2011,2011-06-01,33.03,,2011,6,2,1
166766,375,Nitrogen dioxide (NO2),Mean,ppb,CD,301,Greenpoint and Williamsburg (CD1),Summer 2011,2011-06-01,21.37,,2011,6,2,1
177871,365,Fine particles (PM 2.5),Mean,mcg/m3,UHF42,301,Washington Heights,Summer 2011,2011-06-01,11.58,,2011,6,2,1
166749,375,Nitrogen dioxide (NO2),Mean,ppb,CD,108,Upper East Side (CD8),Summer 2011,2011-06-01,28.77,,2011,6,2,1
169435,365,Fine particles (PM 2.5),Mean,mcg/m3,CD,315,Sheepshead Bay (CD15),Summer 2011,2011-06-01,11.06,,2011,6,2,1
179581,365,Fine particles (PM 2.5),Mean,mcg/m3,Borough,4,Queens,Summer 2011,2011-06-01,11.23,,2011,6,2,1
166771,375,Nitrogen dioxide (NO2),Mean,ppb,CD,306,Park Slope and Carroll Gardens (CD6),Summer 2011,2011-06-01,21.44,,2011,6,2,1
166788,375,Nitrogen dioxide (NO2),Mean,ppb,CD,405,Ridgewood and Maspeth (CD5),Summer 2011,2011-06-01,18.46,,2011,6,2,1
166781,375,Nitrogen dioxide (NO2),Mean,ppb,CD,316,Brownsville (CD16),Summer 2011,2011-06-01,19.48,,2011,6,2,1
169407,365,Fine particles (PM 2.5),Mean,mcg/m3,CD,111,East Harlem (CD11),Summer 2011,2011-06-01,12.1,,2011,6,2,1
177879,365,Fine particles (PM 2.5),Mean,mcg/m3,UHF42,309,Union Square - Lower East Side,Summer 2011,2011-06-01,12.59,,2011,6,2,1
175985,375,Nitrogen dioxide (NO2),Mean,ppb,UHF42,305,Upper East Side,Summer 2011,2011-06-01,28.61,,2011,6,2,1
166782,375,Nitrogen dioxide (NO2),Mean,ppb,CD,317,East Flatbush (CD17),Summer 2011,2011-06-01,18.77,,2011,6,2,1
166783,375,Nitrogen dioxide (NO2),Mean,ppb,CD,318,Flatlands and Canarsie (CD18),Summer 2011,2011-06-01,14.28,,2011,6,2,1
177880,365,Fine particles (PM 2.5),Mean,mcg/m3,UHF42,310,Lower Manhattan,Summer 2011,2011-06-01,13.21,,2011,6,2,1
177858,365,Fine particles (PM 2.5),Mean,mcg/m3,UHF42,106,High Bridge - Morrisania,Summer 2011,2011-06-01,12.14,,2011,6,2,1
166763,375,Nitrogen dioxide (NO2),Mean,ppb,CD,210,Throgs Neck and Co-op City (CD10),Summer 2011,2011-06-01,16.19,,2011,6,2,1
175991,375,Nitrogen dioxide (NO2),Mean,ppb,UHF42,401,Long Island City - Astoria,Summer 2011,2011-06-01,20.69,,2011,6,2,1
166752,375,Nitrogen dioxide (NO2),Mean,ppb,CD,111,East Harlem (CD11),Summer 2011,2011-06-01,23.21,,2011,6,2,1
177894,365,Fine particles (PM 2.5),Mean,mcg/m3,UHF42,504,South Beach - Tottenville,Summer 2011,2011-06-01,10.96,,2011,6,2,1
177883,365,Fine particles (PM 2.5),Mean,mcg/m3,UHF42,403,Flushing - Clearview,Summer 2011,2011-06-01,11.24,,2011,6,2,1
177878,365,Fine particles (PM 2.5),Mean,mcg/m3,UHF42,308,Greenwich Village - SoHo,Summer 2011,2011-06-01,13.12,,2011,6,2,1
177860,365,Fine particles (PM 2.5),Mean,mcg/m3,UHF42,201,Greenpoint,Summer 2011,2011-06-01,12.84,,2011,6,2,1
169448,365,Fine particles (PM 2.5),Mean,mcg/m3,CD,410,South Ozone Park and Howard Beach (CD10),Summer 2011,2011-06-01,10.9,,2011,6,2,1
173679,365,Fine particles (PM 2.5),Mean,mcg/m3,UHF34,209,Bensonhurst - Bay Ridge,Summer 2011,2011-06-01,11.19,,2011,6,2,1
175970,375,Nitrogen dioxide (NO2),Mean,ppb,UHF42,201,Greenpoint,Summer 2011,2011-06-01,21.34,,2011,6,2,1
177882,365,Fine particles (PM 2.5),Mean,mcg/m3,UHF42,402,West Queens,Summer 2011,2011-06-01,11.92,,2011,6,2,1
175983,375,Nitrogen dioxide (NO2),Mean,ppb,UHF42,303,East Harlem,Summer 2011,2011-06-01,23.33,,2011,6,2,1
173674,365,Fine particles (PM 2.5),Mean,mcg/m3,UHF34,204,East New York,Summer 2011,2011-06-01,11.57,,2011,6,2,1
173685,365,Fine particles (PM 2.5),Mean,mcg/m3,UHF34,304,Upper West Side,Summer 2011,2011-06-01,12.46,,2011,6,2,1
175977,375,Nitrogen dioxide (NO2),Mean,ppb,UHF42,208,Canarsie - Flatlands,Summer 2011,2011-06-01,14.26,,2011,6,2,1
179353,375,Nitrogen dioxide (NO2),Mean,ppb,Borough,1,Bronx,Summer 2011,2011-06-01,18.31,,2011,6,2,1
169421,365,Fine particles (PM 2.5),Mean,mcg/m3,CD,301,Greenpoint and Williamsburg (CD1),Summer 2011,2011-06-01,12.93,,2011,6,2,1
169423,365,Fine particles (PM 2.5),Mean,mcg/m3,CD,303,Bedford Stuyvesant (CD3),Summer 2011,2011-06-01,11.6,,2011,6,2,1
169437,365,Fine particles (PM 2.5),Mean,mcg/m3,CD,317,East Flatbush (CD17),Summer 2011,2011-06-01,11.53,,2011,6,2,1
169411,365,Fine particles (PM 2.5),Mean,mcg/m3,CD,203,Morrisania and Crotona (CD3),Summer 2011,2011-06-01,11.82,,2011,6,2,1
221971,386,Ozone (O3),Mean,ppb,UHF34,404406,Bayside Little Neck-Fresh Meadows,Summer 2011,2011-06-01,32.99,,2011,6,2,1
179356,375,Nitrogen dioxide (NO2),Mean,ppb,Borough,4,Queens,Summer 2011,2011-06-01,17.04,,2011,6,2,1
169404,365,Fine particles (PM 2.5),Mean,mcg/m3,CD,108,Upper East Side (CD8),Summer 2011,2011-06-01,13.14,,2011,6,2,1
169409,365,Fine particles (PM 2.5),Mean,mcg/m3,CD,201,Mott Haven and Melrose (CD1),Summer 2011,2011-06-01,12.46,,2011,6,2,1
169398,365,Fine particles (PM 2.5),Mean,mcg/m3,CD,102,Greenwich Village and Soho (CD2),Summer 2011,2011-06-01,13.16,,2011,6,2,1
173693,365,Fine particles (PM 2.5),Mean,mcg/m3,UHF34,410,Rockaways,Summer 2011,2011-06-01,10.59,,2011,6,2,1
169425,365,Fine particles (PM 2.5),Mean,mcg/m3,CD,305,East New York and Starrett City (CD5),Summer 2011,2011-06-01,11.54,,2011,6,2,1
169414,365,Fine particles (PM 2.5),Mean,mcg/m3,CD,206,Belmont and East Tremont (CD6),Summer 2011,2011-06-01,11.9,,2011,6,2,1
169426,365,Fine particles (PM 2.5),Mean,mcg/m3,CD,306,Park Slope and Carroll Gardens (CD6),Summer 2011,2011-06-01,12.25,,2011,6,2,1
169416,365,Fine particles (PM 2.5),Mean,mcg/m3,CD,208,Riverdale and Fieldston (CD8),Summer 2011,2011-06-01,11.29,,2011,6,2,1
173681,365,Fine particles (PM 2.5),Mean,mcg/m3,UHF34,211,Williamsburg - Bushwick,Summer 2011,2011-06-01,12.16,,2011,6,2,1
172138,375,Nitrogen dioxide (NO2),Mean,ppb,UHF34,102,Northeast Bronx,Summer 2011,2011-06-01,17.16,,2011,6,2,1
166756,375,Nitrogen dioxide (NO2),Mean,ppb,CD,203,Morrisania and Crotona (CD3),Summer 2011,2011-06-01,20.59,,2011,6,2,1
166768,375,Nitrogen dioxide (NO2),Mean,ppb,CD,303,Bedford Stuyvesant (CD3),Summer 2011,2011-06-01,21.38,,2011,6,2,1
166754,375,Nitrogen dioxide (NO2),Mean,ppb,CD,201,Mott Haven and Melrose (CD1),Summer 2011,2011-06-01,21.06,,2011,6,2,1
172159,375,Nitrogen dioxide (NO2),Mean,ppb,UHF34,405,Ridgewood - Forest Hills,Summer 2011,2011-06-01,18.51,,2011,6,2,1
166770,375,Nitrogen dioxide (NO2),Mean,ppb,CD,305,East New York and Starrett City (CD5),Summer 2011,2011-06-01,17.57,,2011,6,2,1
172156,375,Nitrogen dioxide (NO2),Mean,ppb,UHF34,401,Long Island City - Astoria,Summer 2011,2011-06-01,20.69,,2011,6,2,1
221935,386,Ozone (O3),Mean,ppb,UHF34,408,Jamaica,Summer 2011,2011-06-01,32.95,,2011,6,2,1
221989,386,Ozone (O3),Mean,ppb,UHF34,105106107,South Bronx,Summer 2011,2011-06-01,32.18,,2011,6,2,1
221893,386,Ozone (O3),Mean,ppb,UHF34,303,East Harlem,Summer 2011,2011-06-01,30.25,,2011,6,2,1
169438,365,Fine particles (PM 2.5),Mean,mcg/m3,CD,318,Flatlands and Canarsie (CD18),Summer 2011,2011-06-01,11.1,,2011,6,2,1
169400,365,Fine particles (PM 2.5),Mean,mcg/m3,CD,104,Clinton and Chelsea (CD4),Summer 2011,2011-06-01,13.52,,2011,6,2,1
166761,375,Nitrogen dioxide (NO2),Mean,ppb,CD,208,Riverdale and Fieldston (CD8),Summer 2011,2011-06-01,16.31,,2011,6,2,1
216532,386,Ozone (O3),Mean,ppb,CD,401,Long Island City and Astoria (CD1),Summer 2011,2011-06-01,33.33,,2011,6,2,1
166745,375,Nitrogen dioxide (NO2),Mean,ppb,CD,104,Clinton and Chelsea (CD4),Summer 2011,2011-06-01,30.93,,2011,6,2,1
166773,375,Nitrogen dioxide (NO2),Mean,ppb,CD,308,Crown Heights and Prospect Heights (CD8),Summer 2011,2011-06-01,21.39,,2011,6,2,1
216466,386,Ozone (O3),Mean,ppb,CD,308,Crown Heights and Prospect Heights (CD8),Summer 2011,2011-06-01,30.7,,2011,6,2,1
216574,386,Ozone (O3),Mean,ppb,CD,408,Hillcrest and Fresh Meadows (CD8),Summer 2011,2011-06-01,32.52,,2011,6,2,1
166786,375,Nitrogen dioxide (NO2),Mean,ppb,CD,403,Jackson Heights (CD3),Summer 2011,2011-06-01,20.06,,2011,6,2,1
169428,365,Fine particles (PM 2.5),Mean,mcg/m3,CD,308,Crown Heights and Prospect Heights (CD8),Summer 2011,2011-06-01,11.53,,2011,6,2,1
169441,365,Fine particles (PM 2.5),Mean,mcg/m3,CD,403,Jackson Heights (CD3),Summer 2011,2011-06-01,11.19,,2011,6,2,1
169440,365,Fine particles (PM 2.5),Mean,mcg/m3,CD,402,Woodside and Sunnyside (CD2),Summer 2011,2011-06-01,12.85,,2011,6,2,1
216400,386,Ozone (O3),Mean,ppb,CD,209,Parkchester and Soundview (CD9),Summer 2011,2011-06-01,33.59,,2011,6,2,1
216580,386,Ozone (O3),Mean,ppb,CD,409,Kew Gardens and Woodhaven (CD9),Summer 2011,2011-06-01,32.83,,2011,6,2,1
179578,365,Fine particles (PM 2.5),Mean,mcg/m3,Borough,1,Bronx,Summer 2011,2011-06-01,11.66,,2011,6,2,1
177866,365,Fine particles (PM 2.5),Mean,mcg/m3,UHF42,207,East Flatbush - Flatbush,Summer 2011,2011-06-01,11.42,,2011,6,2,1
179357,375,Nitrogen dioxide (NO2),Mean,ppb,Borough,5,Staten Island,Summer 2011,2011-06-01,11.57,,2011,6,2,1
175966,375,Nitrogen dioxide (NO2),Mean,ppb,UHF42,104,Pelham - Throgs Neck,Summer 2011,2011-06-01,17.17,,2011,6,2,1
177873,365,Fine particles (PM 2.5),Mean,mcg/m3,UHF42,303,East Harlem,Summer 2011,2011-06-01,11.81,,2011,6,2,1
169436,365,Fine particles (PM 2.5),Mean,mcg/m3,CD,316,Brownsville (CD16),Summer 2011,2011-06-01,11.65,,2011,6,2,1
166785,375,Nitrogen dioxide (NO2),Mean,ppb,CD,402,Woodside and Sunnyside (CD2),Summer 2011,2011-06-01,20.5,,2011,6,2,1
175990,375,Nitrogen dioxide (NO2),Mean,ppb,UHF42,310,Lower Manhattan,Summer 2011,2011-06-01,31.05,,2011,6,2,1
175989,375,Nitrogen dioxide (NO2),Mean,ppb,UHF42,309,Union Square - Lower East Side,Summer 2011,2011-06-01,27.2,,2011,6,2,1
222565,386,Ozone (O3),Mean,ppb,UHF42,310,Lower Manhattan,Summer 2011,2011-06-01,25.07,,2011,6,2,1
222619,386,Ozone (O3),Mean,ppb,UHF42,409,Southeast Queens,Summer 2011,2011-06-01,33.59,,2011,6,2,1
175979,375,Nitrogen dioxide (NO2),Mean,ppb,UHF42,210,Coney Island - Sheepshead Bay,Summer 2011,2011-06-01,14.22,,2011,6,2,1
222613,386,Ozone (O3),Mean,ppb,UHF42,408,Jamaica,Summer 2011,2011-06-01,32.95,,2011,6,2,1
216478,386,Ozone (O3),Mean,ppb,CD,310,Bay Ridge and Dyker Heights (CD10),Summer 2011,2011-06-01,32.51,,2011,6,2,1
166765,375,Nitrogen dioxide (NO2),Mean,ppb,CD,212,Williamsbridge and Baychester (CD12),Summer 2011,2011-06-01,16.66,,2011,6,2,1
175993,375,Nitrogen dioxide (NO2),Mean,ppb,UHF42,403,Flushing - Clearview,Summer 2011,2011-06-01,17.42,,2011,6,2,1
216604,386,Ozone (O3),Mean,ppb,CD,413,Queens Village (CD13),Summer 2011,2011-06-01,33.72,,2011,6,2,1
177856,365,Fine particles (PM 2.5),Mean,mcg/m3,UHF42,104,Pelham - Throgs Neck,Summer 2011,2011-06-01,11.46,,2011,6,2,1
166758,375,Nitrogen dioxide (NO2),Mean,ppb,CD,205,Fordham and University Heights (CD5),Summer 2011,2011-06-01,22.24,,2011,6,2,1
173682,365,Fine particles (PM 2.5),Mean,mcg/m3,UHF34,301,Washington Heights,Summer 2011,2011-06-01,11.75,,2011,6,2,1
175994,375,Nitrogen dioxide (NO2),Mean,ppb,UHF42,404,Bayside - Little Neck,Summer 2011,2011-06-01,15.36,,2011,6,2,1
216472,386,Ozone (O3),Mean,ppb,CD,309,South Crown Heights and Lefferts Gardens (CD9),Summer 2011,2011-06-01,31.36,,2011,6,2,1
222577,386,Ozone (O3),Mean,ppb,UHF42,402,West Queens,Summer 2011,2011-06-01,33.0,,2011,6,2,1
221953,386,Ozone (O3),Mean,ppb,UHF34,305307,Upper East Side-Gramercy,Summer 2011,2011-06-01,25.21,,2011,6,2,1
172154,375,Nitrogen dioxide (NO2),Mean,ppb,UHF34,303,East Harlem,Summer 2011,2011-06-01,23.33,,2011,6,2,1
172140,375,Nitrogen dioxide (NO2),Mean,ppb,UHF34,104,Pelham - Throgs Neck,Summer 2011,2011-06-01,17.17,,2011,6,2,1
169434,365,Fine particles (PM 2.5),Mean,mcg/m3,CD,314,Flatbush and Midwood (CD14),Summer 2011,2011-06-01,11.35,,2011,6,2,1
172152,375,Nitrogen dioxide (NO2),Mean,ppb,UHF34,301,Washington Heights,Summer 2011,2011-06-01,20.85,,2011,6,2,1
173676,365,Fine particles (PM 2.5),Mean,mcg/m3,UHF34,206,Borough Park,Summer 2011,2011-06-01,11.34,,2011,6,2,1
173678,365,Fine particles (PM 2.5),Mean,mcg/m3,UHF34,208,Canarsie - Flatlands,Summer 2011,2011-06-01,11.12,,2011,6,2,1
172146,375,Nitrogen dioxide (NO2),Mean,ppb,UHF34,206,Borough Park,Summer 2011,2011-06-01,18.64,,2011,6,2,1
221941,386,Ozone (O3),Mean,ppb,UHF34,409,Southeast Queens,Summer 2011,2011-06-01,33.59,,2011,6,2,1
222571,386,Ozone (O3),Mean,ppb,UHF42,401,Long Island City - Astoria,Summer 2011,2011-06-01,32.66,,2011,6,2,1
222631,386,Ozone (O3),Mean,ppb,UHF42,501,Port Richmond,Summer 2011,2011-06-01,31.02,,2011,6,2,1
175969,375,Nitrogen dioxide (NO2),Mean,ppb,UHF42,107,Hunts Point - Mott Haven,Summer 2011,2011-06-01,19.66,,2011,6,2,1
222607,386,Ozone (O3),Mean,ppb,UHF42,407,Southwest Queens,Summer 2011,2011-06-01,33.63,,2011,6,2,1
221923,386,Ozone (O3),Mean,ppb,UHF34,405,Ridgewood - Forest Hills,Summer 2011,2011-06-01,32.97,,2011,6,2,1
221899,386,Ozone (O3),Mean,ppb,UHF34,304,Upper West Side,Summer 2011,2011-06-01,27.89,,2011,6,2,1
175996,375,Nitrogen dioxide (NO2),Mean,ppb,UHF42,406,Fresh Meadows,Summer 2011,2011-06-01,17.57,,2011,6,2,1
175971,375,Nitrogen dioxide (NO2),Mean,ppb,UHF42,202,Downtown - Heights - Slope,Summer 2011,2011-06-01,22.21,,2011,6,2,1
222601,386,Ozone (O3),Mean,ppb,UHF42,406,Fresh Meadows,Summer 2011,2011-06-01,32.93,,2011,6,2,1
222541,386,Ozone (O3),Mean,ppb,UHF42,306,Chelsea - Clinton,Summer 2011,2011-06-01,24.2,,2011,6,2,1
221929,386,Ozone (O3),Mean,ppb,UHF34,407,Southwest Queens,Summer 2011,2011-06-01,33.63,,2011,6,2,1
222457,386,Ozone (O3),Mean,ppb,UHF42,203,Bedford Stuyvesant - Crown Heights,Summer 2011,2011-06-01,31.43,,2011,6,2,1
222469,386,Ozone (O3),Mean,ppb,UHF42,205,Sunset Park,Summer 2011,2011-06-01,31.5,,2011,6,2,1
222595,386,Ozone (O3),Mean,ppb,UHF42,405,Ridgewood - Forest Hills,Summer 2011,2011-06-01,32.97,,2011,6,2,1
222415,386,Ozone (O3),Mean,ppb,UHF42,103,Fordham - Bronx Pk,Summer 2011,2011-06-01,32.08,,2011,6,2,1
166772,375,Nitrogen dioxide (NO2),Mean,ppb,CD,307,Sunset Park (CD7),Summer 2011,2011-06-01,19.31,,2011,6,2,1
216460,386,Ozone (O3),Mean,ppb,CD,307,Sunset Park (CD7),Summer 2011,2011-06-01,31.37,,2011,6,2,1
172148,375,Nitrogen dioxide (NO2),Mean,ppb,UHF34,208,Canarsie - Flatlands,Summer 2011,2011-06-01,14.26,,2011,6,2,1
221845,386,Ozone (O3),Mean,ppb,UHF34,206,Borough Park,Summer 2011,2011-06-01,32.7,,2011,6,2,1
221905,386,Ozone (O3),Mean,ppb,UHF34,401,Long Island City - Astoria,Summer 2011,2011-06-01,32.66,,2011,6,2,1
166751,375,Nitrogen dioxide (NO2),Mean,ppb,CD,110,Central Harlem (CD10),Summer 2011,2011-06-01,24.0,,2011,6,2,1
169418,365,Fine particles (PM 2.5),Mean,mcg/m3,CD,210,Throgs Neck and Co-op City (CD10),Summer 2011,2011-06-01,11.45,,2011,6,2,1
166753,375,Nitrogen dioxide (NO2),Mean,ppb,CD,112,Washington Heights and Inwood (CD12),Summer 2011,2011-06-01,20.26,,2011,6,2,1
166767,375,Nitrogen dioxide (NO2),Mean,ppb,CD,302,Fort Greene and Brooklyn Heights (CD2),Summer 2011,2011-06-01,23.13,,2011,6,2,1
216370,386,Ozone (O3),Mean,ppb,CD,204,Highbridge and Concourse (CD4),Summer 2011,2011-06-01,30.83,,2011,6,2,1
216358,386,Ozone (O3),Mean,ppb,CD,202,Hunts Point and Longwood (CD2),Summer 2011,2011-06-01,33.77,,2011,6,2,1
216616,386,Ozone (O3),Mean,ppb,CD,501,St. George and Stapleton (CD1),Summer 2011,2011-06-01,31.47,,2011,6,2,1
169427,365,Fine particles (PM 2.5),Mean,mcg/m3,CD,307,Sunset Park (CD7),Summer 2011,2011-06-01,12.09,,2011,6,2,1
216562,386,Ozone (O3),Mean,ppb,CD,406,Rego Park and Forest Hills (CD6),Summer 2011,2011-06-01,32.23,,2011,6,2,1
175974,375,Nitrogen dioxide (NO2),Mean,ppb,UHF42,205,Sunset Park,Summer 2011,2011-06-01,19.22,,2011,6,2,1
216598,386,Ozone (O3),Mean,ppb,CD,412,Jamaica and Hollis (CD12),Summer 2011,2011-06-01,33.04,,2011,6,2,1
222481,386,Ozone (O3),Mean,ppb,UHF42,207,East Flatbush - Flatbush,Summer 2011,2011-06-01,32.67,,2011,6,2,1
172157,375,Nitrogen dioxide (NO2),Mean,ppb,UHF34,402,West Queens,Summer 2011,2011-06-01,20.29,,2011,6,2,1
169452,365,Fine particles (PM 2.5),Mean,mcg/m3,CD,414,Rockaway and Broad Channel (CD14),Summer 2011,2011-06-01,10.59,,2011,6,2,1
166778,375,Nitrogen dioxide (NO2),Mean,ppb,CD,313,Coney Island (CD13),Summer 2011,2011-06-01,12.93,,2011,6,2,1
222439,386,Ozone (O3),Mean,ppb,UHF42,107,Hunts Point - Mott Haven,Summer 2011,2011-06-01,33.42,,2011,6,2,1
173697,365,Fine particles (PM 2.5),Mean,mcg/m3,UHF34,404406,Bayside Little Neck-Fresh Meadows,Summer 2011,2011-06-01,11.04,,2011,6,2,1
177863,365,Fine particles (PM 2.5),Mean,mcg/m3,UHF42,204,East New York,Summer 2011,2011-06-01,10.9,,2011,6,2,1
173686,365,Fine particles (PM 2.5),Mean,mcg/m3,UHF34,401,Long Island City - Astoria,Summer 2011,2011-06-01,12.33,,2011,6,2,1
177870,365,Fine particles (PM 2.5),Mean,mcg/m3,UHF42,211,Williamsburg - Bushwick,Summer 2011,2011-06-01,13.48,,2011,6,2,1
173700,365,Fine particles (PM 2.5),Mean,mcg/m3,UHF34,105106107,South Bronx,Summer 2011,2011-06-01,12.15,,2011,6,2,1
173692,365,Fine particles (PM 2.5),Mean,mcg/m3,UHF34,409,Southeast Queens,Summer 2011,2011-06-01,10.79,,2011,6,2,1
172161,375,Nitrogen dioxide (NO2),Mean,ppb,UHF34,408,Jamaica,Summer 2011,2011-06-01,17.26,,2011,6,2,1
172170,375,Nitrogen dioxide (NO2),Mean,ppb,UHF34,105106107,South Bronx,Summer 2011,2011-06-01,20.69,,2011,6,2,1
166796,375,Nitrogen dioxide (NO2),Mean,ppb,CD,413,Queens Village (CD13),Summer 2011,2011-06-01,15.36,,2011,6,2,1
172167,375,Nitrogen dioxide (NO2),Mean,ppb,UHF34,404406,Bayside Little Neck-Fresh Meadows,Summer 2011,2011-06-01,16.24,,2011,6,2,1
166775,375,Nitrogen dioxide (NO2),Mean,ppb,CD,310,Bay Ridge and Dyker Heights (CD10),Summer 2011,2011-06-01,18.06,,2011,6,2,1
166787,375,Nitrogen dioxide (NO2),Mean,ppb,CD,404,Elmhurst and Corona (CD4),Summer 2011,2011-06-01,21.41,,2011,6,2,1
169442,365,Fine particles (PM 2.5),Mean,mcg/m3,CD,404,Elmhurst and Corona (CD4),Summer 2011,2011-06-01,11.6,,2011,6,2,1
169455,365,Fine particles (PM 2.5),Mean,mcg/m3,CD,503,Tottenville and Great Kills (CD3),Summer 2011,2011-06-01,10.99,,2011,6,2,1
169410,365,Fine particles (PM 2.5),Mean,mcg/m3,CD,202,Hunts Point and Longwood (CD2),Summer 2011,2011-06-01,12.38,,2011,6,2,1
172160,375,Nitrogen dioxide (NO2),Mean,ppb,UHF34,407,Southwest Queens,Summer 2011,2011-06-01,17.53,,2011,6,2,1
175964,375,Nitrogen dioxide (NO2),Mean,ppb,UHF42,102,Northeast Bronx,Summer 2011,2011-06-01,17.16,,2011,6,2,1
166774,375,Nitrogen dioxide (NO2),Mean,ppb,CD,309,South Crown Heights and Lefferts Gardens (CD9),Summer 2011,2011-06-01,20.55,,2011,6,2,1
166776,375,Nitrogen dioxide (NO2),Mean,ppb,CD,311,Bensonhurst (CD11),Summer 2011,2011-06-01,17.26,,2011,6,2,1
166764,375,Nitrogen dioxide (NO2),Mean,ppb,CD,211,Morris Park and Bronxdale (CD11),Summer 2011,2011-06-01,17.59,,2011,6,2,1
166794,375,Nitrogen dioxide (NO2),Mean,ppb,CD,411,Bayside and Little Neck (CD11),Summer 2011,2011-06-01,15.75,,2011,6,2,1
169419,365,Fine particles (PM 2.5),Mean,mcg/m3,CD,211,Morris Park and Bronxdale (CD11),Summer 2011,2011-06-01,11.32,,2011,6,2,1
169429,365,Fine particles (PM 2.5),Mean,mcg/m3,CD,309,South Crown Heights and Lefferts Gardens (CD9),Summer 2011,2011-06-01,11.4,,2011,6,2,1
169449,365,Fine particles (PM 2.5),Mean,mcg/m3,CD,411,Bayside and Little Neck (CD11),Summer 2011,2011-06-01,10.99,,2011,6,2,1
173695,365,Fine particles (PM 2.5),Mean,mcg/m3,UHF34,306308,Chelsea-Village,Summer 2011,2011-06-01,13.86,,2011,6,2,1
173694,365,Fine particles (PM 2.5),Mean,mcg/m3,UHF34,305307,Upper East Side-Gramercy,Summer 2011,2011-06-01,13.92,,2011,6,2,1
177885,365,Fine particles (PM 2.5),Mean,mcg/m3,UHF42,405,Ridgewood - Forest Hills,Summer 2011,2011-06-01,11.35,,2011,6,2,1
177893,365,Fine particles (PM 2.5),Mean,mcg/m3,UHF42,503,Willowbrook,Summer 2011,2011-06-01,11.3,,2011,6,2,1
176001,375,Nitrogen dioxide (NO2),Mean,ppb,UHF42,501,Port Richmond,Summer 2011,2011-06-01,16.93,,2011,6,2,1
173696,365,Fine particles (PM 2.5),Mean,mcg/m3,UHF34,309310,Union Square-Lower Manhattan,Summer 2011,2011-06-01,12.78,,2011,6,2,1
172153,375,Nitrogen dioxide (NO2),Mean,ppb,UHF34,302,Central Harlem - Morningside Heights,Summer 2011,2011-06-01,23.92,,2011,6,2,1
177861,365,Fine particles (PM 2.5),Mean,mcg/m3,UHF42,202,Downtown - Heights - Slope,Summer 2011,2011-06-01,12.26,,2011,6,2,1
177892,365,Fine particles (PM 2.5),Mean,mcg/m3,UHF42,502,Stapleton - St. George,Summer 2011,2011-06-01,10.96,,2011,6,2,1
166780,375,Nitrogen dioxide (NO2),Mean,ppb,CD,315,Sheepshead Bay (CD15),Summer 2011,2011-06-01,14.61,,2011,6,2,1
169451,365,Fine particles (PM 2.5),Mean,mcg/m3,CD,413,Queens Village (CD13),Summer 2011,2011-06-01,10.81,,2011,6,2,1
169433,365,Fine particles (PM 2.5),Mean,mcg/m3,CD,313,Coney Island (CD13),Summer 2011,2011-06-01,11.02,,2011,6,2,1
166791,375,Nitrogen dioxide (NO2),Mean,ppb,CD,408,Hillcrest and Fresh Meadows (CD8),Summer 2011,2011-06-01,17.23,,2011,6,2,1
166789,375,Nitrogen dioxide (NO2),Mean,ppb,CD,406,Rego Park and Forest Hills (CD6),Summer 2011,2011-06-01,19.58,,2011,6,2,1
173683,365,Fine particles (PM 2.5),Mean,mcg/m3,UHF34,302,Central Harlem - Morningside Heights,Summer 2011,2011-06-01,11.93,,2011,6,2,1
173689,365,Fine particles (PM 2.5),Mean,mcg/m3,UHF34,405,Ridgewood - Forest Hills,Summer 2011,2011-06-01,11.35,,2011,6,2,1
173667,365,Fine particles (PM 2.5),Mean,mcg/m3,UHF34,101,Kingsbridge - Riverdale,Summer 2011,2011-06-01,11.3,,2011,6,2,1
173691,365,Fine particles (PM 2.5),Mean,mcg/m3,UHF34,408,Jamaica,Summer 2011,2011-06-01,11.15,,2011,6,2,1
169446,365,Fine particles (PM 2.5),Mean,mcg/m3,CD,408,Hillcrest and Fresh Meadows (CD8),Summer 2011,2011-06-01,11.09,,2011,6,2,1
169444,365,Fine particles (PM 2.5),Mean,mcg/m3,CD,406,Rego Park and Forest Hills (CD6),Summer 2011,2011-06-01,11.46,,2011,6,2,1
176003,375,Nitrogen dioxide (NO2),Mean,ppb,UHF42,503,Willowbrook,Summer 2011,2011-06-01,12.83,,2011,6,2,1
169443,365,Fine particles (PM 2.5),Mean,mcg/m3,CD,405,Ridgewood and Maspeth (CD5),Summer 2011,2011-06-01,11.65,,2011,6,2,1
169447,365,Fine particles (PM 2.5),Mean,mcg/m3,CD,409,Kew Gardens and Woodhaven (CD9),Summer 2011,2011-06-01,11.24,,2011,6,2,1
172165,375,Nitrogen dioxide (NO2),Mean,ppb,UHF34,306308,Chelsea-Village,Summer 2011,2011-06-01,32.81,,2011,6,2,1
172164,375,Nitrogen dioxide (NO2),Mean,ppb,UHF34,305307,Upper East Side-Gramercy,Summer 2011,2011-06-01,33.05,,2011,6,2,1
222643,386,Ozone (O3),Mean,ppb,UHF42,503,Willowbrook,Summer 2011,2011-06-01,33.13,,2011,6,2,1
177891,365,Fine particles (PM 2.5),Mean,mcg/m3,UHF42,501,Port Richmond,Summer 2011,2011-06-01,11.31,,2011,6,2,1
177886,365,Fine particles (PM 2.5),Mean,mcg/m3,UHF42,406,Fresh Meadows,Summer 2011,2011-06-01,11.08,,2011,6,2,1
177876,365,Fine particles (PM 2.5),Mean,mcg/m3,UHF42,306,Chelsea - Clinton,Summer 2011,2011-06-01,14.24,,2011,6,2,1
177854,365,Fine particles (PM 2.5),Mean,mcg/m3,UHF42,102,Northeast Bronx,Summer 2011,2011-06-01,11.39,,2011,6,2,1
166792,375,Nitrogen dioxide (NO2),Mean,ppb,CD,409,Kew Gardens and Woodhaven (CD9),Summer 2011,2011-06-01,18.65,,2011,6,2,1
216592,386,Ozone (O3),Mean,ppb,CD,411,Bayside and Little Neck (CD11),Summer 2011,2011-06-01,33.12,,2011,6,2,1
216442,386,Ozone (O3),Mean,ppb,CD,304,Bushwick (CD4),Summer 2011,2011-06-01,32.31,,2011,6,2,1
216484,386,Ozone (O3),Mean,ppb,CD,311,Bensonhurst (CD11),Summer 2011,2011-06-01,34.45,,2011,6,2,1
227626,646,Outdoor Air Toxics - Benzene,Annual average concentration,Âµg/m3,CD,503,Tottenville and Great Kills (CD3),2011,2011-01-01,1.05010273,,2011,1,1,1
227583,646,Outdoor Air Toxics - Benzene,Annual average concentration,Âµg/m3,CD,204,Highbridge and Concourse (CD4),2011,2011-01-01,1.68043323,,2011,1,1,1
227570,646,Outdoor Air Toxics - Benzene,Annual average concentration,Âµg/m3,CD,103,Lower East Side and Chinatown (CD3),2011,2011-01-01,2.19283393,,2011,1,1,1
227524,647,Outdoor Air Toxics - Formaldehyde,Annual average concentration,Âµg/m3,CD,204,Highbridge and Concourse (CD4),2011,2011-01-01,2.2,,2011,1,1,1
227536,647,Outdoor Air Toxics - Formaldehyde,Annual average concentration,Âµg/m3,CD,304,Bushwick (CD4),2011,2011-01-01,2.0,,2011,1,1,1
227553,647,Outdoor Air Toxics - Formaldehyde,Annual average concentration,Âµg/m3,CD,403,Jackson Heights (CD3),2011,2011-01-01,2.3,,2011,1,1,1
315662,647,Outdoor Air Toxics - Formaldehyde,Annual average concentration,Âµg/m3,UHF42,307,Gramercy Park - Murray Hill,2011,2011-01-01,2.8,,2011,1,1,1
227554,647,Outdoor Air Toxics - Formaldehyde,Annual average concentration,Âµg/m3,CD,404,Elmhurst and Corona (CD4),2011,2011-01-01,2.3,,2011,1,1,1
227596,646,Outdoor Air Toxics - Benzene,Annual average concentration,Âµg/m3,CD,305,East New York and Starrett City (CD5),2011,2011-01-01,1.34945756,,2011,1,1,1
227567,647,Outdoor Air Toxics - Formaldehyde,Annual average concentration,Âµg/m3,CD,503,Tottenville and Great Kills (CD3),2011,2011-01-01,1.7,,2011,1,1,1
227511,647,Outdoor Air Toxics - Formaldehyde,Annual average concentration,Âµg/m3,CD,103,Lower East Side and Chinatown (CD3),2011,2011-01-01,2.5,,2011,1,1,1
227531,647,Outdoor Air Toxics - Formaldehyde,Annual average concentration,Âµg/m3,CD,211,Morris Park and Bronxdale (CD11),2011,2011-01-01,2.1,,2011,1,1,1
227569,646,Outdoor Air Toxics - Benzene,Annual average concentration,Âµg/m3,CD,102,Greenwich Village and Soho (CD2),2011,2011-01-01,2.6246481,,2011,1,1,1
315614,646,Outdoor Air Toxics - Benzene,Annual average concentration,Âµg/m3,UHF42,307,Gramercy Park - Murray Hill,2011,2011-01-01,2.8,,2011,1,1,1
315641,647,Outdoor Air Toxics - Formaldehyde,Annual average concentration,Âµg/m3,UHF42,104,Pelham - Throgs Neck,2011,2011-01-01,2.0,,2011,1,1,1
227608,646,Outdoor Air Toxics - Benzene,Annual average concentration,Âµg/m3,CD,317,East Flatbush (CD17),2011,2011-01-01,1.48348043,,2011,1,1,1
315637,647,Outdoor Air Toxics - Formaldehyde,Annual average concentration,Âµg/m3,Borough,5,Staten Island,2011,2011-01-01,1.8,,2011,1,1,1
315672,647,Outdoor Air Toxics - Formaldehyde,Annual average concentration,Âµg/m3,UHF42,407,Southwest Queens,2011,2011-01-01,1.9,,2011,1,1,1
315625,646,Outdoor Air Toxics - Benzene,Annual average concentration,Âµg/m3,UHF42,408,Jamaica,2011,2011-01-01,1.3,,2011,1,1,1
315652,647,Outdoor Air Toxics - Formaldehyde,Annual average concentration,Âµg/m3,UHF42,208,Canarsie - Flatlands,2011,2011-01-01,1.8,,2011,1,1,1
227599,646,Outdoor Air Toxics - Benzene,Annual average concentration,Âµg/m3,CD,308,Crown Heights and Prospect Heights (CD8),2011,2011-01-01,1.37949458,,2011,1,1,1
315615,646,Outdoor Air Toxics - Benzene,Annual average concentration,Âµg/m3,UHF42,308,Greenwich Village - SoHo,2011,2011-01-01,2.6,,2011,1,1,1
315675,647,Outdoor Air Toxics - Formaldehyde,Annual average concentration,Âµg/m3,UHF42,410,Rockaways,2011,2011-01-01,1.4,,2011,1,1,1
315663,647,Outdoor Air Toxics - Formaldehyde,Annual average concentration,Âµg/m3,UHF42,308,Greenwich Village - SoHo,2011,2011-01-01,2.6,,2011,1,1,1
315646,647,Outdoor Air Toxics - Formaldehyde,Annual average concentration,Âµg/m3,UHF42,202,Downtown - Heights - Slope,2011,2011-01-01,2.2,,2011,1,1,1
315623,646,Outdoor Air Toxics - Benzene,Annual average concentration,Âµg/m3,UHF42,406,Fresh Meadows,2011,2011-01-01,1.3,,2011,1,1,1
227573,646,Outdoor Air Toxics - Benzene,Annual average concentration,Âµg/m3,CD,106,Stuyvesant Town and Turtle Bay (CD6),2011,2011-01-01,2.46744515,,2011,1,1,1
227557,647,Outdoor Air Toxics - Formaldehyde,Annual average concentration,Âµg/m3,CD,407,Flushing and Whitestone (CD7),2011,2011-01-01,1.9,,2011,1,1,1
227519,647,Outdoor Air Toxics - Formaldehyde,Annual average concentration,Âµg/m3,CD,111,East Harlem (CD11),2011,2011-01-01,2.6,,2011,1,1,1
315626,646,Outdoor Air Toxics - Benzene,Annual average concentration,Âµg/m3,UHF42,409,Southeast Queens,2011,2011-01-01,1.1,,2011,1,1,1
227618,646,Outdoor Air Toxics - Benzene,Annual average concentration,Âµg/m3,CD,409,Kew Gardens and Woodhaven (CD9),2011,2011-01-01,1.44623271,,2011,1,1,1
315594,646,Outdoor Air Toxics - Benzene,Annual average concentration,Âµg/m3,UHF42,105,Crotona -Tremont,2011,2011-01-01,1.6,,2011,1,1,1
227527,647,Outdoor Air Toxics - Formaldehyde,Annual average concentration,Âµg/m3,CD,207,Kingsbridge Heights and Bedford (CD7),2011,2011-01-01,2.2,,2011,1,1,1
227584,646,Outdoor Air Toxics - Benzene,Annual average concentration,Âµg/m3,CD,205,Fordham and University Heights (CD5),2011,2011-01-01,1.78266097,,2011,1,1,1
315643,647,Outdoor Air Toxics - Formaldehyde,Annual average concentration,Âµg/m3,UHF42,106,High Bridge - Morrisania,2011,2011-01-01,2.3,,2011,1,1,1
315631,646,Outdoor Air Toxics - Benzene,Annual average concentration,Âµg/m3,UHF42,504,South Beach - Tottenville,2011,2011-01-01,1.0,,2011,1,1,1
227572,646,Outdoor Air Toxics - Benzene,Annual average concentration,Âµg/m3,CD,105,Midtown (CD5),2011,2011-01-01,3.41080356,,2011,1,1,1
315610,646,Outdoor Air Toxics - Benzene,Annual average concentration,Âµg/m3,UHF42,303,East Harlem,2011,2011-01-01,2.1,,2011,1,1,1
227532,647,Outdoor Air Toxics - Formaldehyde,Annual average concentration,Âµg/m3,CD,212,Williamsbridge and Baychester (CD12),2011,2011-01-01,2.0,,2011,1,1,1
227607,646,Outdoor Air Toxics - Benzene,Annual average concentration,Âµg/m3,CD,316,Brownsville (CD16),2011,2011-01-01,1.25542288,,2011,1,1,1
227530,647,Outdoor Air Toxics - Formaldehyde,Annual average concentration,Âµg/m3,CD,210,Throgs Neck and Co-op City (CD10),2011,2011-01-01,2.0,,2011,1,1,1
315603,646,Outdoor Air Toxics - Benzene,Annual average concentration,Âµg/m3,UHF42,207,East Flatbush - Flatbush,2011,2011-01-01,1.4,,2011,1,1,1
315630,646,Outdoor Air Toxics - Benzene,Annual average concentration,Âµg/m3,UHF42,503,Willowbrook,2011,2011-01-01,1.1,,2011,1,1,1
227594,646,Outdoor Air Toxics - Benzene,Annual average concentration,Âµg/m3,CD,303,Bedford Stuyvesant (CD3),2011,2011-01-01,1.36375064,,2011,1,1,1
227624,646,Outdoor Air Toxics - Benzene,Annual average concentration,Âµg/m3,CD,501,St. George and Stapleton (CD1),2011,2011-01-01,1.21684564,,2011,1,1,1
315659,647,Outdoor Air Toxics - Formaldehyde,Annual average concentration,Âµg/m3,UHF42,304,Upper West Side,2011,2011-01-01,2.7,,2011,1,1,1
315673,647,Outdoor Air Toxics - Formaldehyde,Annual average concentration,Âµg/m3,UHF42,408,Jamaica,2011,2011-01-01,1.9,,2011,1,1,1
315665,647,Outdoor Air Toxics - Formaldehyde,Annual average concentration,Âµg/m3,UHF42,310,Lower Manhattan,2011,2011-01-01,2.3,,2011,1,1,1
227528,647,Outdoor Air Toxics - Formaldehyde,Annual average concentration,Âµg/m3,CD,208,Riverdale and Fieldston (CD8),2011,2011-01-01,2.2,,2011,1,1,1
227556,647,Outdoor Air Toxics - Formaldehyde,Annual average concentration,Âµg/m3,CD,406,Rego Park and Forest Hills (CD6),2011,2011-01-01,2.3,,2011,1,1,1
227619,646,Outdoor Air Toxics - Benzene,Annual average concentration,Âµg/m3,CD,410,South Ozone Park and Howard Beach (CD10),2011,2011-01-01,1.31106931,,2011,1,1,1
227526,647,Outdoor Air Toxics - Formaldehyde,Annual average concentration,Âµg/m3,CD,206,Belmont and East Tremont (CD6),2011,2011-01-01,2.2,,2011,1,1,1
227571,646,Outdoor Air Toxics - Benzene,Annual average concentration,Âµg/m3,CD,104,Clinton and Chelsea (CD4),2011,2011-01-01,2.88324337,,2011,1,1,1
227590,646,Outdoor Air Toxics - Benzene,Annual average concentration,Âµg/m3,CD,211,Morris Park and Bronxdale (CD11),2011,2011-01-01,1.46998954,,2011,1,1,1
227617,646,Outdoor Air Toxics - Benzene,Annual average concentration,Âµg/m3,CD,408,Hillcrest and Fresh Meadows (CD8),2011,2011-01-01,1.37920573,,2011,1,1,1
227595,646,Outdoor Air Toxics - Benzene,Annual average concentration,Âµg/m3,CD,304,Bushwick (CD4),2011,2011-01-01,1.38381706,,2011,1,1,1
227587,646,Outdoor Air Toxics - Benzene,Annual average concentration,Âµg/m3,CD,208,Riverdale and Fieldston (CD8),2011,2011-01-01,1.57018204,,2011,1,1,1
315674,647,Outdoor Air Toxics - Formaldehyde,Annual average concentration,Âµg/m3,UHF42,409,Southeast Queens,2011,2011-01-01,1.8,,2011,1,1,1
315612,646,Outdoor Air Toxics - Benzene,Annual average concentration,Âµg/m3,UHF42,305,Upper East Side,2011,2011-01-01,2.5,,2011,1,1,1
227539,647,Outdoor Air Toxics - Formaldehyde,Annual average concentration,Âµg/m3,CD,307,Sunset Park (CD7),2011,2011-01-01,2.1,,2011,1,1,1
315622,646,Outdoor Air Toxics - Benzene,Annual average concentration,Âµg/m3,UHF42,405,Ridgewood - Forest Hills,2011,2011-01-01,1.5,,2011,1,1,1
315632,646,Outdoor Air Toxics - Benzene,Annual average concentration,Âµg/m3,Citywide,1,New York City,2011,2011-01-01,1.6,,2011,1,1,1
315680,647,Outdoor Air Toxics - Formaldehyde,Annual average concentration,Âµg/m3,Citywide,1,New York City,2011,2011-01-01,2.1,,2011,1,1,1
315678,647,Outdoor Air Toxics - Formaldehyde,Annual average concentration,Âµg/m3,UHF42,503,Willowbrook,2011,2011-01-01,1.8,,2011,1,1,1
315607,646,Outdoor Air Toxics - Benzene,Annual average concentration,Âµg/m3,UHF42,211,Williamsburg - Bushwick,2011,2011-01-01,1.4,,2011,1,1,1
315586,646,Outdoor Air Toxics - Benzene,Annual average concentration,Âµg/m3,Borough,2,Brooklyn,2011,2011-01-01,1.7,,2011,1,1,1
315585,646,Outdoor Air Toxics - Benzene,Annual average concentration,Âµg/m3,Borough,1,Bronx,2011,2011-01-01,1.1,,2011,1,1,1
315600,646,Outdoor Air Toxics - Benzene,Annual average concentration,Âµg/m3,UHF42,204,East New York,2011,2011-01-01,1.4,,2011,1,1,1
315592,646,Outdoor Air Toxics - Benzene,Annual average concentration,Âµg/m3,UHF42,103,Fordham - Bronx Pk,2011,2011-01-01,1.6,,2011,1,1,1
227575,646,Outdoor Air Toxics - Benzene,Annual average concentration,Âµg/m3,CD,108,Upper East Side (CD8),2011,2011-01-01,2.45632621,,2011,1,1,1
227579,646,Outdoor Air Toxics - Benzene,Annual average concentration,Âµg/m3,CD,112,Washington Heights and Inwood (CD12),2011,2011-01-01,2.59446261,,2011,1,1,1
227603,646,Outdoor Air Toxics - Benzene,Annual average concentration,Âµg/m3,CD,312,Borough Park (CD12),2011,2011-01-01,1.36193673,,2011,1,1,1
227562,647,Outdoor Air Toxics - Formaldehyde,Annual average concentration,Âµg/m3,CD,412,Jamaica and Hollis (CD12),2011,2011-01-01,1.8,,2011,1,1,1
227520,647,Outdoor Air Toxics - Formaldehyde,Annual average concentration,Âµg/m3,CD,112,Washington Heights and Inwood (CD12),2011,2011-01-01,2.8,,2011,1,1,1
227560,647,Outdoor Air Toxics - Formaldehyde,Annual average concentration,Âµg/m3,CD,410,South Ozone Park and Howard Beach (CD10),2011,2011-01-01,1.9,,2011,1,1,1
315621,646,Outdoor Air Toxics - Benzene,Annual average concentration,Âµg/m3,UHF42,404,Bayside - Little Neck,2011,2011-01-01,1.2,,2011,1,1,1
315611,646,Outdoor Air Toxics - Benzene,Annual average concentration,Âµg/m3,UHF42,304,Upper West Side,2011,2011-01-01,2.4,,2011,1,1,1
227538,647,Outdoor Air Toxics - Formaldehyde,Annual average concentration,Âµg/m3,CD,306,Park Slope and Carroll Gardens (CD6),2011,2011-01-01,2.1,,2011,1,1,1
315602,646,Outdoor Air Toxics - Benzene,Annual average concentration,Âµg/m3,UHF42,206,Borough Park,2011,2011-01-01,1.5,,2011,1,1,1
315627,646,Outdoor Air Toxics - Benzene,Annual average concentration,Âµg/m3,UHF42,410,Rockaways,2011,2011-01-01,0.8,,2011,1,1,1
227510,647,Outdoor Air Toxics - Formaldehyde,Annual average concentration,Âµg/m3,CD,102,Greenwich Village and Soho (CD2),2011,2011-01-01,2.6,,2011,1,1,1
227601,646,Outdoor Air Toxics - Benzene,Annual average concentration,Âµg/m3,CD,310,Bay Ridge and Dyker Heights (CD10),2011,2011-01-01,1.4650566,,2011,1,1,1
227621,646,Outdoor Air Toxics - Benzene,Annual average concentration,Âµg/m3,CD,412,Jamaica and Hollis (CD12),2011,2011-01-01,1.22204322,,2011,1,1,1
227533,647,Outdoor Air Toxics - Formaldehyde,Annual average concentration,Âµg/m3,CD,301,Greenpoint and Williamsburg (CD1),2011,2011-01-01,2.2,,2011,1,1,1
227522,647,Outdoor Air Toxics - Formaldehyde,Annual average concentration,Âµg/m3,CD,202,Hunts Point and Longwood (CD2),2011,2011-01-01,2.1,,2011,1,1,1
315668,647,Outdoor Air Toxics - Formaldehyde,Annual average concentration,Âµg/m3,UHF42,403,Flushing - Clearview,2011,2011-01-01,1.9,,2011,1,1,1
227610,646,Outdoor Air Toxics - Benzene,Annual average concentration,Âµg/m3,CD,401,Long Island City and Astoria (CD1),2011,2011-01-01,1.64826377,,2011,1,1,1
227625,646,Outdoor Air Toxics - Benzene,Annual average concentration,Âµg/m3,CD,502,South Beach and Willowbrook (CD2),2011,2011-01-01,1.04141483,,2011,1,1,1
227552,647,Outdoor Air Toxics - Formaldehyde,Annual average concentration,Âµg/m3,CD,402,Woodside and Sunnyside (CD2),2011,2011-01-01,2.4,,2011,1,1,1
227566,647,Outdoor Air Toxics - Formaldehyde,Annual average concentration,Âµg/m3,CD,502,South Beach and Willowbrook (CD2),2011,2011-01-01,1.7,,2011,1,1,1
227565,647,Outdoor Air Toxics - Formaldehyde,Annual average concentration,Âµg/m3,CD,501,St. George and Stapleton (CD1),2011,2011-01-01,1.8,,2011,1,1,1
315649,647,Outdoor Air Toxics - Formaldehyde,Annual average concentration,Âµg/m3,UHF42,205,Sunset Park,2011,2011-01-01,2.0,,2011,1,1,1
315635,647,Outdoor Air Toxics - Formaldehyde,Annual average concentration,Âµg/m3,Borough,3,Manhattan,2011,2011-01-01,2.4,,2011,1,1,1
315599,646,Outdoor Air Toxics - Benzene,Annual average concentration,Âµg/m3,UHF42,203,Bedford Stuyvesant - Crown Heights,2011,2011-01-01,1.3,,2011,1,1,1
315619,646,Outdoor Air Toxics - Benzene,Annual average concentration,Âµg/m3,UHF42,402,West Queens,2011,2011-01-01,1.6,,2011,1,1,1
315654,647,Outdoor Air Toxics - Formaldehyde,Annual average concentration,Âµg/m3,UHF42,210,Coney Island - Sheepshead Bay,2011,2011-01-01,2.1,,2011,1,1,1
315601,646,Outdoor Air Toxics - Benzene,Annual average concentration,Âµg/m3,UHF42,205,Sunset Park,2011,2011-01-01,1.3,,2011,1,1,1
315650,647,Outdoor Air Toxics - Formaldehyde,Annual average concentration,Âµg/m3,UHF42,206,Borough Park,2011,2011-01-01,2.0,,2011,1,1,1
315598,646,Outdoor Air Toxics - Benzene,Annual average concentration,Âµg/m3,UHF42,202,Downtown - Heights - Slope,2011,2011-01-01,1.7,,2011,1,1,1
315609,646,Outdoor Air Toxics - Benzene,Annual average concentration,Âµg/m3,UHF42,302,Central Harlem - Morningside Heights,2011,2011-01-01,2.1,,2011,1,1,1
315608,646,Outdoor Air Toxics - Benzene,Annual average concentration,Âµg/m3,UHF42,301,Washington Heights,2011,2011-01-01,2.4,,2011,1,1,1
315657,647,Outdoor Air Toxics - Formaldehyde,Annual average concentration,Âµg/m3,UHF42,302,Central Harlem - Morningside Heights,2011,2011-01-01,2.6,,2011,1,1,1
315671,647,Outdoor Air Toxics - Formaldehyde,Annual average concentration,Âµg/m3,UHF42,406,Fresh Meadows,2011,2011-01-01,1.8,,2011,1,1,1
315661,647,Outdoor Air Toxics - Formaldehyde,Annual average concentration,Âµg/m3,UHF42,306,Chelsea - Clinton,2011,2011-01-01,2.9,,2011,1,1,1
315629,646,Outdoor Air Toxics - Benzene,Annual average concentration,Âµg/m3,UHF42,502,Stapleton - St. George,2011,2011-01-01,1.1,,2011,1,1,1
227582,646,Outdoor Air Toxics - Benzene,Annual average concentration,Âµg/m3,CD,203,Morrisania and Crotona (CD3),2011,2011-01-01,1.42568662,,2011,1,1,1
227521,647,Outdoor Air Toxics - Formaldehyde,Annual average concentration,Âµg/m3,CD,201,Mott Haven and Melrose (CD1),2011,2011-01-01,2.2,,2011,1,1,1
227516,647,Outdoor Air Toxics - Formaldehyde,Annual average concentration,Âµg/m3,CD,108,Upper East Side (CD8),2011,2011-01-01,2.8,,2011,1,1,1
227568,646,Outdoor Air Toxics - Benzene,Annual average concentration,Âµg/m3,CD,101,Financial District (CD1),2011,2011-01-01,2.33507123,,2011,1,1,1
227592,646,Outdoor Air Toxics - Benzene,Annual average concentration,Âµg/m3,CD,301,Greenpoint and Williamsburg (CD1),2011,2011-01-01,1.60308181,,2011,1,1,1
315620,646,Outdoor Air Toxics - Benzene,Annual average concentration,Âµg/m3,UHF42,403,Flushing - Clearview,2011,2011-01-01,1.4,,2011,1,1,1
227578,646,Outdoor Air Toxics - Benzene,Annual average concentration,Âµg/m3,CD,111,East Harlem (CD11),2011,2011-01-01,2.12775267,,2011,1,1,1
227543,647,Outdoor Air Toxics - Formaldehyde,Annual average concentration,Âµg/m3,CD,311,Bensonhurst (CD11),2011,2011-01-01,2.0,,2011,1,1,1
227517,647,Outdoor Air Toxics - Formaldehyde,Annual average concentration,Âµg/m3,CD,109,Morningside Heights and Hamilton Heights (CD9),2011,2011-01-01,2.5,,2011,1,1,1
315617,646,Outdoor Air Toxics - Benzene,Annual average concentration,Âµg/m3,UHF42,310,Lower Manhattan,2011,2011-01-01,2.1,,2011,1,1,1
227581,646,Outdoor Air Toxics - Benzene,Annual average concentration,Âµg/m3,CD,202,Hunts Point and Longwood (CD2),2011,2011-01-01,1.27218854,,2011,1,1,1
227593,646,Outdoor Air Toxics - Benzene,Annual average concentration,Âµg/m3,CD,302,Fort Greene and Brooklyn Heights (CD2),2011,2011-01-01,1.81032812,,2011,1,1,1
227580,646,Outdoor Air Toxics - Benzene,Annual average concentration,Âµg/m3,CD,201,Mott Haven and Melrose (CD1),2011,2011-01-01,1.42003833,,2011,1,1,1
315655,647,Outdoor Air Toxics - Formaldehyde,Annual average concentration,Âµg/m3,UHF42,211,Williamsburg - Bushwick,2011,2011-01-01,2.1,,2011,1,1,1
227515,647,Outdoor Air Toxics - Formaldehyde,Annual average concentration,Âµg/m3,CD,107,Upper West Side (CD7),2011,2011-01-01,2.7,,2011,1,1,1
227546,647,Outdoor Air Toxics - Formaldehyde,Annual average concentration,Âµg/m3,CD,314,Flatbush and Midwood (CD14),2011,2011-01-01,2.1,,2011,1,1,1
315604,646,Outdoor Air Toxics - Benzene,Annual average concentration,Âµg/m3,UHF42,208,Canarsie - Flatlands,2011,2011-01-01,1.1,,2011,1,1,1
227622,646,Outdoor Air Toxics - Benzene,Annual average concentration,Âµg/m3,CD,413,Queens Village (CD13),2011,2011-01-01,1.10604865,,2011,1,1,1
227549,647,Outdoor Air Toxics - Formaldehyde,Annual average concentration,Âµg/m3,CD,317,East Flatbush (CD17),2011,2011-01-01,2.2,,2011,1,1,1
227616,646,Outdoor Air Toxics - Benzene,Annual average concentration,Âµg/m3,CD,407,Flushing and Whitestone (CD7),2011,2011-01-01,1.32357565,,2011,1,1,1
315613,646,Outdoor Air Toxics - Benzene,Annual average concentration,Âµg/m3,UHF42,306,Chelsea - Clinton,2011,2011-01-01,3.1,,2011,1,1,1
315591,646,Outdoor Air Toxics - Benzene,Annual average concentration,Âµg/m3,UHF42,102,Northeast Bronx,2011,2011-01-01,1.4,,2011,1,1,1
227586,646,Outdoor Air Toxics - Benzene,Annual average concentration,Âµg/m3,CD,207,Kingsbridge Heights and Bedford (CD7),2011,2011-01-01,1.63190585,,2011,1,1,1
315676,647,Outdoor Air Toxics - Formaldehyde,Annual average concentration,Âµg/m3,UHF42,501,Port Richmond,2011,2011-01-01,1.8,,2011,1,1,1
227606,646,Outdoor Air Toxics - Benzene,Annual average concentration,Âµg/m3,CD,315,Sheepshead Bay (CD15),2011,2011-01-01,1.61365885,,2011,1,1,1
315587,646,Outdoor Air Toxics - Benzene,Annual average concentration,Âµg/m3,Borough,3,Manhattan,2011,2011-01-01,2.1,,2011,1,1,1
315666,647,Outdoor Air Toxics - Formaldehyde,Annual average concentration,Âµg/m3,UHF42,401,Long Island City - Astoria,2011,2011-01-01,2.3,,2011,1,1,1
315656,647,Outdoor Air Toxics - Formaldehyde,Annual average concentration,Âµg/m3,UHF42,301,Washington Heights,2011,2011-01-01,2.8,,2011,1,1,1
227585,646,Outdoor Air Toxics - Benzene,Annual average concentration,Âµg/m3,CD,206,Belmont and East Tremont (CD6),2011,2011-01-01,1.56187305,,2011,1,1,1
315645,647,Outdoor Air Toxics - Formaldehyde,Annual average concentration,Âµg/m3,UHF42,201,Greenpoint,2011,2011-01-01,2.2,,2011,1,1,1
227534,647,Outdoor Air Toxics - Formaldehyde,Annual average concentration,Âµg/m3,CD,302,Fort Greene and Brooklyn Heights (CD2),2011,2011-01-01,2.3,,2011,1,1,1
227518,647,Outdoor Air Toxics - Formaldehyde,Annual average concentration,Âµg/m3,CD,110,Central Harlem (CD10),2011,2011-01-01,2.6,,2011,1,1,1
227577,646,Outdoor Air Toxics - Benzene,Annual average concentration,Âµg/m3,CD,110,Central Harlem (CD10),2011,2011-01-01,2.13665336,,2011,1,1,1
227509,647,Outdoor Air Toxics - Formaldehyde,Annual average concentration,Âµg/m3,CD,101,Financial District (CD1),2011,2011-01-01,2.5,,2011,1,1,1
227540,647,Outdoor Air Toxics - Formaldehyde,Annual average concentration,Âµg/m3,CD,308,Crown Heights and Prospect Heights (CD8),2011,2011-01-01,2.0,,2011,1,1,1
227558,647,Outdoor Air Toxics - Formaldehyde,Annual average concentration,Âµg/m3,CD,408,Hillcrest and Fresh Meadows (CD8),2011,2011-01-01,1.9,,2011,1,1,1
227615,646,Outdoor Air Toxics - Benzene,Annual average concentration,Âµg/m3,CD,406,Rego Park and Forest Hills (CD6),2011,2011-01-01,1.725443,,2011,1,1,1
227597,646,Outdoor Air Toxics - Benzene,Annual average concentration,Âµg/m3,CD,306,Park Slope and Carroll Gardens (CD6),2011,2011-01-01,1.49626256,,2011,1,1,1
315589,646,Outdoor Air Toxics - Benzene,Annual average concentration,Âµg/m3,Borough,5,Staten Island,2011,2011-01-01,1.2,,2011,1,1,1
227591,646,Outdoor Air Toxics - Benzene,Annual average concentration,Âµg/m3,CD,212,Williamsbridge and Baychester (CD12),2011,2011-01-01,1.36518902,,2011,1,1,1
227525,647,Outdoor Air Toxics - Formaldehyde,Annual average concentration,Âµg/m3,CD,205,Fordham and University Heights (CD5),2011,2011-01-01,2.3,,2011,1,1,1
315593,646,Outdoor Air Toxics - Benzene,Annual average concentration,Âµg/m3,UHF42,104,Pelham - Throgs Neck,2011,2011-01-01,1.3,,2011,1,1,1
227589,646,Outdoor Air Toxics - Benzene,Annual average concentration,Âµg/m3,CD,210,Throgs Neck and Co-op City (CD10),2011,2011-01-01,1.31675336,,2011,1,1,1
315616,646,Outdoor Air Toxics - Benzene,Annual average concentration,Âµg/m3,UHF42,309,Union Square - Lower East Side,2011,2011-01-01,2.3,,2011,1,1,1
315644,647,Outdoor Air Toxics - Formaldehyde,Annual average concentration,Âµg/m3,UHF42,107,Hunts Point - Mott Haven,2011,2011-01-01,2.1,,2011,1,1,1
315660,647,Outdoor Air Toxics - Formaldehyde,Annual average concentration,Âµg/m3,UHF42,305,Upper East Side,2011,2011-01-01,2.8,,2011,1,1,1
227513,647,Outdoor Air Toxics - Formaldehyde,Annual average concentration,Âµg/m3,CD,105,Midtown (CD5),2011,2011-01-01,3.0,,2011,1,1,1
315595,646,Outdoor Air Toxics - Benzene,Annual average concentration,Âµg/m3,UHF42,106,High Bridge - Morrisania,2011,2011-01-01,1.6,,2011,1,1,1
315664,647,Outdoor Air Toxics - Formaldehyde,Annual average concentration,Âµg/m3,UHF42,309,Union Square - Lower East Side,2011,2011-01-01,2.5,,2011,1,1,1
315653,647,Outdoor Air Toxics - Formaldehyde,Annual average concentration,Âµg/m3,UHF42,209,Bensonhurst - Bay Ridge,2011,2011-01-01,2.0,,2011,1,1,1
315647,647,Outdoor Air Toxics - Formaldehyde,Annual average concentration,Âµg/m3,UHF42,203,Bedford Stuyvesant - Crown Heights,2011,2011-01-01,2.0,,2011,1,1,1
227555,647,Outdoor Air Toxics - Formaldehyde,Annual average concentration,Âµg/m3,CD,405,Ridgewood and Maspeth (CD5),2011,2011-01-01,2.0,,2011,1,1,1
315640,647,Outdoor Air Toxics - Formaldehyde,Annual average concentration,Âµg/m3,UHF42,103,Fordham - Bronx Pk,2011,2011-01-01,2.2,,2011,1,1,1
315588,646,Outdoor Air Toxics - Benzene,Annual average concentration,Âµg/m3,Borough,4,Queens,2011,2011-01-01,1.6,,2011,1,1,1
227551,647,Outdoor Air Toxics - Formaldehyde,Annual average concentration,Âµg/m3,CD,401,Long Island City and Astoria (CD1),2011,2011-01-01,2.2,,2011,1,1,1
227611,646,Outdoor Air Toxics - Benzene,Annual average concentration,Âµg/m3,CD,402,Woodside and Sunnyside (CD2),2011,2011-01-01,1.83430855,,2011,1,1,1
315618,646,Outdoor Air Toxics - Benzene,Annual average concentration,Âµg/m3,UHF42,401,Long Island City - Astoria,2011,2011-01-01,1.8,,2011,1,1,1
315597,646,Outdoor Air Toxics - Benzene,Annual average concentration,Âµg/m3,UHF42,201,Greenpoint,2011,2011-01-01,1.6,,2011,1,1,1
227564,647,Outdoor Air Toxics - Formaldehyde,Annual average concentration,Âµg/m3,CD,414,Rockaway and Broad Channel (CD14),2011,2011-01-01,1.5,,2011,1,1,1
315651,647,Outdoor Air Toxics - Formaldehyde,Annual average concentration,Âµg/m3,UHF42,207,East Flatbush - Flatbush,2011,2011-01-01,2.1,,2011,1,1,1
315633,647,Outdoor Air Toxics - Formaldehyde,Annual average concentration,Âµg/m3,Borough,1,Bronx,2011,2011-01-01,2.0,,2011,1,1,1
227547,647,Outdoor Air Toxics - Formaldehyde,Annual average concentration,Âµg/m3,CD,315,Sheepshead Bay (CD15),2011,2011-01-01,2.1,,2011,1,1,1
315642,647,Outdoor Air Toxics - Formaldehyde,Annual average concentration,Âµg/m3,UHF42,105,Crotona -Tremont,2011,2011-01-01,2.1,,2011,1,1,1
315669,647,Outdoor Air Toxics - Formaldehyde,Annual average concentration,Âµg/m3,UHF42,404,Bayside - Little Neck,2011,2011-01-01,1.9,,2011,1,1,1
315648,647,Outdoor Air Toxics - Formaldehyde,Annual average concentration,Âµg/m3,UHF42,204,East New York,2011,2011-01-01,2.1,,2011,1,1,1
315624,646,Outdoor Air Toxics - Benzene,Annual average concentration,Âµg/m3,UHF42,407,Southwest Queens,2011,2011-01-01,1.4,,2011,1,1,1
227576,646,Outdoor Air Toxics - Benzene,Annual average concentration,Âµg/m3,CD,109,Morningside Heights and Hamilton Heights (CD9),2011,2011-01-01,2.0123004,,2011,1,1,1
315590,646,Outdoor Air Toxics - Benzene,Annual average concentration,Âµg/m3,UHF42,101,Kingsbridge - Riverdale,2011,2011-01-01,1.6,,2011,1,1,1
315628,646,Outdoor Air Toxics - Benzene,Annual average concentration,Âµg/m3,UHF42,501,Port Richmond,2011,2011-01-01,1.2,,2011,1,1,1
227544,647,Outdoor Air Toxics - Formaldehyde,Annual average concentration,Âµg/m3,CD,312,Borough Park (CD12),2011,2011-01-01,2.0,,2011,1,1,1
227550,647,Outdoor Air Toxics - Formaldehyde,Annual average concentration,Âµg/m3,CD,318,Flatlands and Canarsie (CD18),2011,2011-01-01,1.8,,2011,1,1,1
227542,647,Outdoor Air Toxics - Formaldehyde,Annual average concentration,Âµg/m3,CD,310,Bay Ridge and Dyker Heights (CD10),2011,2011-01-01,2.0,,2011,1,1,1
315670,647,Outdoor Air Toxics - Formaldehyde,Annual average concentration,Âµg/m3,UHF42,405,Ridgewood - Forest Hills,2011,2011-01-01,2.1,,2011,1,1,1
227623,646,Outdoor Air Toxics - Benzene,Annual average concentration,Âµg/m3,CD,414,Rockaway and Broad Channel (CD14),2011,2011-01-01,0.79515833,,2011,1,1,1
227514,647,Outdoor Air Toxics - Formaldehyde,Annual average concentration,Âµg/m3,CD,106,Stuyvesant Town and Turtle Bay (CD6),2011,2011-01-01,2.7,,2011,1,1,1
227598,646,Outdoor Air Toxics - Benzene,Annual average concentration,Âµg/m3,CD,307,Sunset Park (CD7),2011,2011-01-01,1.52149348,,2011,1,1,1
227604,646,Outdoor Air Toxics - Benzene,Annual average concentration,Âµg/m3,CD,313,Coney Island (CD13),2011,2011-01-01,1.76602104,,2011,1,1,1
227563,647,Outdoor Air Toxics - Formaldehyde,Annual average concentration,Âµg/m3,CD,413,Queens Village (CD13),2011,2011-01-01,1.8,,2011,1,1,1
315638,647,Outdoor Air Toxics - Formaldehyde,Annual average concentration,Âµg/m3,UHF42,101,Kingsbridge - Riverdale,2011,2011-01-01,2.2,,2011,1,1,1
315634,647,Outdoor Air Toxics - Formaldehyde,Annual average concentration,Âµg/m3,Borough,2,Brooklyn,2011,2011-01-01,2.2,,2011,1,1,1
315639,647,Outdoor Air Toxics - Formaldehyde,Annual average concentration,Âµg/m3,UHF42,102,Northeast Bronx,2011,2011-01-01,2.0,,2011,1,1,1
315658,647,Outdoor Air Toxics - Formaldehyde,Annual average concentration,Âµg/m3,UHF42,303,East Harlem,2011,2011-01-01,2.6,,2011,1,1,1
227548,647,Outdoor Air Toxics - Formaldehyde,Annual average concentration,Âµg/m3,CD,316,Brownsville (CD16),2011,2011-01-01,2.0,,2011,1,1,1
227537,647,Outdoor Air Toxics - Formaldehyde,Annual average concentration,Âµg/m3,CD,305,East New York and Starrett City (CD5),2011,2011-01-01,2.1,,2011,1,1,1
227574,646,Outdoor Air Toxics - Benzene,Annual average concentration,Âµg/m3,CD,107,Upper West Side (CD7),2011,2011-01-01,2.43143344,,2011,1,1,1
227614,646,Outdoor Air Toxics - Benzene,Annual average concentration,Âµg/m3,CD,405,Ridgewood and Maspeth (CD5),2011,2011-01-01,1.43960883,,2011,1,1,1
315606,646,Outdoor Air Toxics - Benzene,Annual average concentration,Âµg/m3,UHF42,210,Coney Island - Sheepshead Bay,2011,2011-01-01,1.7,,2011,1,1,1
315636,647,Outdoor Air Toxics - Formaldehyde,Annual average concentration,Âµg/m3,Borough,4,Queens,2011,2011-01-01,2.1,,2011,1,1,1
315605,646,Outdoor Air Toxics - Benzene,Annual average concentration,Âµg/m3,UHF42,209,Bensonhurst - Bay Ridge,2011,2011-01-01,1.6,,2011,1,1,1
227523,647,Outdoor Air Toxics - Formaldehyde,Annual average concentration,Âµg/m3,CD,203,Morrisania and Crotona (CD3),2011,2011-01-01,2.0,,2011,1,1,1
227535,647,Outdoor Air Toxics - Formaldehyde,Annual average concentration,Âµg/m3,CD,303,Bedford Stuyvesant (CD3),2011,2011-01-01,2.0,,2011,1,1,1
227588,646,Outdoor Air Toxics - Benzene,Annual average concentration,Âµg/m3,CD,209,Parkchester and Soundview (CD9),2011,2011-01-01,1.36140508,,2011,1,1,1
227605,646,Outdoor Air Toxics - Benzene,Annual average concentration,Âµg/m3,CD,314,Flatbush and Midwood (CD14),2011,2011-01-01,1.40045245,,2011,1,1,1
227602,646,Outdoor Air Toxics - Benzene,Annual average concentration,Âµg/m3,CD,311,Bensonhurst (CD11),2011,2011-01-01,1.69767033,,2011,1,1,1
227620,646,Outdoor Air Toxics - Benzene,Annual average concentration,Âµg/m3,CD,411,Bayside and Little Neck (CD11),2011,2011-01-01,1.23929087,,2011,1,1,1
227529,647,Outdoor Air Toxics - Formaldehyde,Annual average concentration,Âµg/m3,CD,209,Parkchester and Soundview (CD9),2011,2011-01-01,2.1,,2011,1,1,1
227541,647,Outdoor Air Toxics - Formaldehyde,Annual average concentration,Âµg/m3,CD,309,South Crown Heights and Lefferts Gardens (CD9),2011,2011-01-01,2.1,,2011,1,1,1
227561,647,Outdoor Air Toxics - Formaldehyde,Annual average concentration,Âµg/m3,CD,411,Bayside and Little Neck (CD11),2011,2011-01-01,1.9,,2011,1,1,1
227559,647,Outdoor Air Toxics - Formaldehyde,Annual average concentration,Âµg/m3,CD,409,Kew Gardens and Woodhaven (CD9),2011,2011-01-01,1.9,,2011,1,1,1
227545,647,Outdoor Air Toxics - Formaldehyde,Annual average concentration,Âµg/m3,CD,313,Coney Island (CD13),2011,2011-01-01,2.1,,2011,1,1,1
227512,647,Outdoor Air Toxics - Formaldehyde,Annual average concentration,Âµg/m3,CD,104,Clinton and Chelsea (CD4),2011,2011-01-01,2.9,,2011,1,1,1
315667,647,Outdoor Air Toxics - Formaldehyde,Annual average concentration,Âµg/m3,UHF42,402,West Queens,2011,2011-01-01,2.2,,2011,1,1,1
315679,647,Outdoor Air Toxics - Formaldehyde,Annual average concentration,Âµg/m3,UHF42,504,South Beach - Tottenville,2011,2011-01-01,1.7,,2011,1,1,1
315596,646,Outdoor Air Toxics - Benzene,Annual average concentration,Âµg/m3,UHF42,107,Hunts Point - Mott Haven,2011,2011-01-01,1.4,,2011,1,1,1
227600,646,Outdoor Air Toxics - Benzene,Annual average concentration,Âµg/m3,CD,309,South Crown Heights and Lefferts Gardens (CD9),2011,2011-01-01,1.433691,,2011,1,1,1
315677,647,Outdoor Air Toxics - Formaldehyde,Annual average concentration,Âµg/m3,UHF42,502,Stapleton - St. George,2011,2011-01-01,1.7,,2011,1,1,1
227609,646,Outdoor Air Toxics - Benzene,Annual average concentration,Âµg/m3,CD,318,Flatlands and Canarsie (CD18),2011,2011-01-01,1.03094918,,2011,1,1,1
227612,646,Outdoor Air Toxics - Benzene,Annual average concentration,Âµg/m3,CD,403,Jackson Heights (CD3),2011,2011-01-01,1.61340017,,2011,1,1,1
227613,646,Outdoor Air Toxics - Benzene,Annual average concentration,Âµg/m3,CD,404,Elmhurst and Corona (CD4),2011,2011-01-01,1.64180258,,2011,1,1,1
165908,375,Nitrogen dioxide (NO2),Mean,ppb,CD,410,South Ozone Park and Howard Beach (CD10),Winter 2010-11,2010-12-01,28.73,,2010,12,4,1
165910,375,Nitrogen dioxide (NO2),Mean,ppb,CD,412,Jamaica and Hollis (CD12),Winter 2010-11,2010-12-01,28.4,,2010,12,4,1
174205,365,Fine particles (PM 2.5),Mean,mcg/m3,UHF34,306308,Chelsea-Village,Annual Average 2011,2010-12-01,12.85,,2010,12,4,1
175363,375,Nitrogen dioxide (NO2),Mean,ppb,UHF42,403,Flushing - Clearview,Winter 2010-11,2010-12-01,28.98,,2010,12,4,1
177224,365,Fine particles (PM 2.5),Mean,mcg/m3,UHF42,102,Northeast Bronx,Winter 2010-11,2010-12-01,13.35,,2010,12,4,1
174204,365,Fine particles (PM 2.5),Mean,mcg/m3,UHF34,305307,Upper East Side-Gramercy,Annual Average 2011,2010-12-01,12.96,,2010,12,4,1
178500,365,Fine particles (PM 2.5),Mean,mcg/m3,UHF42,211,Williamsburg - Bushwick,Annual Average 2011,2010-12-01,10.88,,2010,12,4,1
178504,365,Fine particles (PM 2.5),Mean,mcg/m3,UHF42,304,Upper West Side,Annual Average 2011,2010-12-01,11.49,,2010,12,4,1
175335,375,Nitrogen dioxide (NO2),Mean,ppb,UHF42,103,Fordham - Bronx Pk,Winter 2010-11,2010-12-01,27.53,,2010,12,4,1
172675,375,Nitrogen dioxide (NO2),Mean,ppb,UHF34,306308,Chelsea-Village,Annual Average 2011,2010-12-01,34.96,,2010,12,4,1
172674,375,Nitrogen dioxide (NO2),Mean,ppb,UHF34,305307,Upper East Side-Gramercy,Annual Average 2011,2010-12-01,35.11,,2010,12,4,1
170321,365,Fine particles (PM 2.5),Mean,mcg/m3,CD,316,Brownsville (CD16),Annual Average 2011,2010-12-01,10.3,,2010,12,4,1
178507,365,Fine particles (PM 2.5),Mean,mcg/m3,UHF42,307,Gramercy Park - Murray Hill,Annual Average 2011,2010-12-01,13.93,,2010,12,4,1
175351,375,Nitrogen dioxide (NO2),Mean,ppb,UHF42,301,Washington Heights,Winter 2010-11,2010-12-01,30.54,,2010,12,4,1
170339,365,Fine particles (PM 2.5),Mean,mcg/m3,CD,502,South Beach and Willowbrook (CD2),Annual Average 2011,2010-12-01,9.46,,2010,12,4,1
176605,375,Nitrogen dioxide (NO2),Mean,ppb,UHF42,206,Borough Park,Annual Average 2011,2010-12-01,23.32,,2010,12,4,1
170322,365,Fine particles (PM 2.5),Mean,mcg/m3,CD,317,East Flatbush (CD17),Annual Average 2011,2010-12-01,10.23,,2010,12,4,1
176629,375,Nitrogen dioxide (NO2),Mean,ppb,UHF42,409,Southeast Queens,Annual Average 2011,2010-12-01,19.29,,2010,12,4,1
167684,375,Nitrogen dioxide (NO2),Mean,ppb,CD,502,South Beach and Willowbrook (CD2),Annual Average 2011,2010-12-01,16.29,,2010,12,4,1
168527,365,Fine particles (PM 2.5),Mean,mcg/m3,CD,204,Highbridge and Concourse (CD4),Winter 2010-11,2010-12-01,14.91,,2010,12,4,1
172676,375,Nitrogen dioxide (NO2),Mean,ppb,UHF34,309310,Union Square-Lower Manhattan,Annual Average 2011,2010-12-01,31.41,,2010,12,4,1
179278,375,Nitrogen dioxide (NO2),Mean,ppb,Borough,1,Bronx,Winter 2010-11,2010-12-01,28.19,,2010,12,4,1
175337,375,Nitrogen dioxide (NO2),Mean,ppb,UHF42,105,Crotona -Tremont,Winter 2010-11,2010-12-01,30.97,,2010,12,4,1
174202,365,Fine particles (PM 2.5),Mean,mcg/m3,UHF34,409,Southeast Queens,Annual Average 2011,2010-12-01,9.17,,2010,12,4,1
167683,375,Nitrogen dioxide (NO2),Mean,ppb,CD,501,St. George and Stapleton (CD1),Annual Average 2011,2010-12-01,20.48,,2010,12,4,1
171655,375,Nitrogen dioxide (NO2),Mean,ppb,UHF34,306308,Chelsea-Village,Winter 2010-11,2010-12-01,38.71,,2010,12,4,1
174188,365,Fine particles (PM 2.5),Mean,mcg/m3,UHF34,208,Canarsie - Flatlands,Annual Average 2011,2010-12-01,9.55,,2010,12,4,1
171643,375,Nitrogen dioxide (NO2),Mean,ppb,UHF34,302,Central Harlem - Morningside Heights,Winter 2010-11,2010-12-01,33.16,,2010,12,4,1
170340,365,Fine particles (PM 2.5),Mean,mcg/m3,CD,503,Tottenville and Great Kills (CD3),Annual Average 2011,2010-12-01,9.33,,2010,12,4,1
167685,375,Nitrogen dioxide (NO2),Mean,ppb,CD,503,Tottenville and Great Kills (CD3),Annual Average 2011,2010-12-01,13.35,,2010,12,4,1
167640,375,Nitrogen dioxide (NO2),Mean,ppb,CD,202,Hunts Point and Longwood (CD2),Annual Average 2011,2010-12-01,24.34,,2010,12,4,1
167669,375,Nitrogen dioxide (NO2),Mean,ppb,CD,401,Long Island City and Astoria (CD1),Annual Average 2011,2010-12-01,24.36,,2010,12,4,1
174208,365,Fine particles (PM 2.5),Mean,mcg/m3,UHF34,501502,Northern SI,Annual Average 2011,2010-12-01,9.49,,2010,12,4,1
174206,365,Fine particles (PM 2.5),Mean,mcg/m3,UHF34,309310,Union Square-Lower Manhattan,Annual Average 2011,2010-12-01,11.71,,2010,12,4,1
168547,365,Fine particles (PM 2.5),Mean,mcg/m3,CD,312,Borough Park (CD12),Winter 2010-11,2010-12-01,12.59,,2010,12,4,1
170290,365,Fine particles (PM 2.5),Mean,mcg/m3,CD,109,Morningside Heights and Hamilton Heights (CD9),Annual Average 2011,2010-12-01,11.19,,2010,12,4,1
178521,365,Fine particles (PM 2.5),Mean,mcg/m3,UHF42,501,Port Richmond,Annual Average 2011,2010-12-01,9.73,,2010,12,4,1
175352,375,Nitrogen dioxide (NO2),Mean,ppb,UHF42,302,Central Harlem - Morningside Heights,Winter 2010-11,2010-12-01,33.16,,2010,12,4,1
165889,375,Nitrogen dioxide (NO2),Mean,ppb,CD,309,South Crown Heights and Lefferts Gardens (CD9),Winter 2010-11,2010-12-01,32.07,,2010,12,4,1
171657,375,Nitrogen dioxide (NO2),Mean,ppb,UHF34,404406,Bayside Little Neck-Fresh Meadows,Winter 2010-11,2010-12-01,27.47,,2010,12,4,1
168565,365,Fine particles (PM 2.5),Mean,mcg/m3,CD,412,Jamaica and Hollis (CD12),Winter 2010-11,2010-12-01,11.82,,2010,12,4,1
170302,365,Fine particles (PM 2.5),Mean,mcg/m3,CD,209,Parkchester and Soundview (CD9),Annual Average 2011,2010-12-01,10.68,,2010,12,4,1
167654,375,Nitrogen dioxide (NO2),Mean,ppb,CD,304,Bushwick (CD4),Annual Average 2011,2010-12-01,24.66,,2010,12,4,1
175362,375,Nitrogen dioxide (NO2),Mean,ppb,UHF42,402,West Queens,Winter 2010-11,2010-12-01,31.99,,2010,12,4,1
165865,375,Nitrogen dioxide (NO2),Mean,ppb,CD,109,Morningside Heights and Hamilton Heights (CD9),Winter 2010-11,2010-12-01,32.89,,2010,12,4,1
165914,375,Nitrogen dioxide (NO2),Mean,ppb,CD,502,South Beach and Willowbrook (CD2),Winter 2010-11,2010-12-01,23.17,,2010,12,4,1
175347,375,Nitrogen dioxide (NO2),Mean,ppb,UHF42,208,Canarsie - Flatlands,Winter 2010-11,2010-12-01,26.24,,2010,12,4,1
179428,375,Nitrogen dioxide (NO2),Mean,ppb,Borough,1,Bronx,Annual Average 2011,2010-12-01,22.73,,2010,12,4,1
165858,375,Nitrogen dioxide (NO2),Mean,ppb,CD,102,Greenwich Village and Soho (CD2),Winter 2010-11,2010-12-01,36.79,,2010,12,4,1
171645,375,Nitrogen dioxide (NO2),Mean,ppb,UHF34,304,Upper West Side,Winter 2010-11,2010-12-01,33.65,,2010,12,4,1
170338,365,Fine particles (PM 2.5),Mean,mcg/m3,CD,501,St. George and Stapleton (CD1),Annual Average 2011,2010-12-01,9.58,,2010,12,4,1
170319,365,Fine particles (PM 2.5),Mean,mcg/m3,CD,314,Flatbush and Midwood (CD14),Annual Average 2011,2010-12-01,10.08,,2010,12,4,1
176627,375,Nitrogen dioxide (NO2),Mean,ppb,UHF42,407,Southwest Queens,Annual Average 2011,2010-12-01,22.21,,2010,12,4,1
179180,365,Fine particles (PM 2.5),Mean,mcg/m3,Citywide,1,New York City,Annual Average 2011,2010-12-01,10.1,,2010,12,4,1
171648,375,Nitrogen dioxide (NO2),Mean,ppb,UHF34,403,Flushing - Clearview,Winter 2010-11,2010-12-01,28.98,,2010,12,4,1
171629,375,Nitrogen dioxide (NO2),Mean,ppb,UHF34,103,Fordham - Bronx Pk,Winter 2010-11,2010-12-01,27.53,,2010,12,4,1
167634,375,Nitrogen dioxide (NO2),Mean,ppb,CD,108,Upper East Side (CD8),Annual Average 2011,2010-12-01,31.66,,2010,12,4,1
176628,375,Nitrogen dioxide (NO2),Mean,ppb,UHF42,408,Jamaica,Annual Average 2011,2010-12-01,21.54,,2010,12,4,1
175339,375,Nitrogen dioxide (NO2),Mean,ppb,UHF42,107,Hunts Point - Mott Haven,Winter 2010-11,2010-12-01,30.73,,2010,12,4,1
167641,375,Nitrogen dioxide (NO2),Mean,ppb,CD,203,Morrisania and Crotona (CD3),Annual Average 2011,2010-12-01,25.3,,2010,12,4,1
168552,365,Fine particles (PM 2.5),Mean,mcg/m3,CD,317,East Flatbush (CD17),Winter 2010-11,2010-12-01,12.68,,2010,12,4,1
165876,375,Nitrogen dioxide (NO2),Mean,ppb,CD,208,Riverdale and Fieldston (CD8),Winter 2010-11,2010-12-01,25.49,,2010,12,4,1
174180,365,Fine particles (PM 2.5),Mean,mcg/m3,UHF34,104,Pelham - Throgs Neck,Annual Average 2011,2010-12-01,10.5,,2010,12,4,1
176620,375,Nitrogen dioxide (NO2),Mean,ppb,UHF42,310,Lower Manhattan,Annual Average 2011,2010-12-01,33.5,,2010,12,4,1
167659,375,Nitrogen dioxide (NO2),Mean,ppb,CD,309,South Crown Heights and Lefferts Gardens (CD9),Annual Average 2011,2010-12-01,25.21,,2010,12,4,1
175373,375,Nitrogen dioxide (NO2),Mean,ppb,UHF42,503,Willowbrook,Winter 2010-11,2010-12-01,23.98,,2010,12,4,1
177240,365,Fine particles (PM 2.5),Mean,mcg/m3,UHF42,211,Williamsburg - Bushwick,Winter 2010-11,2010-12-01,14.57,,2010,12,4,1
173181,365,Fine particles (PM 2.5),Mean,mcg/m3,UHF34,408,Jamaica,Winter 2010-11,2010-12-01,11.87,,2010,12,4,1
168545,365,Fine particles (PM 2.5),Mean,mcg/m3,CD,310,Bay Ridge and Dyker Heights (CD10),Winter 2010-11,2010-12-01,12.46,,2010,12,4,1
165879,375,Nitrogen dioxide (NO2),Mean,ppb,CD,211,Morris Park and Bronxdale (CD11),Winter 2010-11,2010-12-01,27.27,,2010,12,4,1
173172,365,Fine particles (PM 2.5),Mean,mcg/m3,UHF34,301,Washington Heights,Winter 2010-11,2010-12-01,14.6,,2010,12,4,1
173179,365,Fine particles (PM 2.5),Mean,mcg/m3,UHF34,405,Ridgewood - Forest Hills,Winter 2010-11,2010-12-01,12.29,,2010,12,4,1
170317,365,Fine particles (PM 2.5),Mean,mcg/m3,CD,312,Borough Park (CD12),Annual Average 2011,2010-12-01,10.1,,2010,12,4,1
174178,365,Fine particles (PM 2.5),Mean,mcg/m3,UHF34,102,Northeast Bronx,Annual Average 2011,2010-12-01,10.48,,2010,12,4,1
170335,365,Fine particles (PM 2.5),Mean,mcg/m3,CD,412,Jamaica and Hollis (CD12),Annual Average 2011,2010-12-01,9.54,,2010,12,4,1
172659,375,Nitrogen dioxide (NO2),Mean,ppb,UHF34,209,Bensonhurst - Bay Ridge,Annual Average 2011,2010-12-01,21.62,,2010,12,4,1
174192,365,Fine particles (PM 2.5),Mean,mcg/m3,UHF34,301,Washington Heights,Annual Average 2011,2010-12-01,11.12,,2010,12,4,1
168546,365,Fine particles (PM 2.5),Mean,mcg/m3,CD,311,Bensonhurst (CD11),Winter 2010-11,2010-12-01,12.03,,2010,12,4,1
175361,375,Nitrogen dioxide (NO2),Mean,ppb,UHF42,401,Long Island City - Astoria,Winter 2010-11,2010-12-01,31.48,,2010,12,4,1
172680,375,Nitrogen dioxide (NO2),Mean,ppb,UHF34,105106107,South Bronx,Annual Average 2011,2010-12-01,25.46,,2010,12,4,1
172666,375,Nitrogen dioxide (NO2),Mean,ppb,UHF34,401,Long Island City - Astoria,Annual Average 2011,2010-12-01,25.24,,2010,12,4,1
177261,365,Fine particles (PM 2.5),Mean,mcg/m3,UHF42,501,Port Richmond,Winter 2010-11,2010-12-01,12.16,,2010,12,4,1
172671,375,Nitrogen dioxide (NO2),Mean,ppb,UHF34,408,Jamaica,Annual Average 2011,2010-12-01,21.55,,2010,12,4,1
177264,365,Fine particles (PM 2.5),Mean,mcg/m3,UHF42,504,South Beach - Tottenville,Winter 2010-11,2010-12-01,11.47,,2010,12,4,1
176604,375,Nitrogen dioxide (NO2),Mean,ppb,UHF42,205,Sunset Park,Annual Average 2011,2010-12-01,23.86,,2010,12,4,1
167664,375,Nitrogen dioxide (NO2),Mean,ppb,CD,314,Flatbush and Midwood (CD14),Annual Average 2011,2010-12-01,22.86,,2010,12,4,1
165872,375,Nitrogen dioxide (NO2),Mean,ppb,CD,204,Highbridge and Concourse (CD4),Winter 2010-11,2010-12-01,32.21,,2010,12,4,1
177239,365,Fine particles (PM 2.5),Mean,mcg/m3,UHF42,210,Coney Island - Sheepshead Bay,Winter 2010-11,2010-12-01,11.57,,2010,12,4,1
170312,365,Fine particles (PM 2.5),Mean,mcg/m3,CD,307,Sunset Park (CD7),Annual Average 2011,2010-12-01,10.92,,2010,12,4,1
170320,365,Fine particles (PM 2.5),Mean,mcg/m3,CD,315,Sheepshead Bay (CD15),Annual Average 2011,2010-12-01,9.46,,2010,12,4,1
175354,375,Nitrogen dioxide (NO2),Mean,ppb,UHF42,304,Upper West Side,Winter 2010-11,2010-12-01,33.65,,2010,12,4,1
165868,375,Nitrogen dioxide (NO2),Mean,ppb,CD,112,Washington Heights and Inwood (CD12),Winter 2010-11,2010-12-01,29.98,,2010,12,4,1
173185,365,Fine particles (PM 2.5),Mean,mcg/m3,UHF34,306308,Chelsea-Village,Winter 2010-11,2010-12-01,15.35,,2010,12,4,1
176624,375,Nitrogen dioxide (NO2),Mean,ppb,UHF42,404,Bayside - Little Neck,Annual Average 2011,2010-12-01,19.48,,2010,12,4,1
172656,375,Nitrogen dioxide (NO2),Mean,ppb,UHF34,206,Borough Park,Annual Average 2011,2010-12-01,23.32,,2010,12,4,1
179281,375,Nitrogen dioxide (NO2),Mean,ppb,Borough,4,Queens,Winter 2010-11,2010-12-01,28.32,,2010,12,4,1
165894,375,Nitrogen dioxide (NO2),Mean,ppb,CD,314,Flatbush and Midwood (CD14),Winter 2010-11,2010-12-01,29.67,,2010,12,4,1
177233,365,Fine particles (PM 2.5),Mean,mcg/m3,UHF42,204,East New York,Winter 2010-11,2010-12-01,11.75,,2010,12,4,1
178502,365,Fine particles (PM 2.5),Mean,mcg/m3,UHF42,302,Central Harlem - Morningside Heights,Annual Average 2011,2010-12-01,11.13,,2010,12,4,1
176593,375,Nitrogen dioxide (NO2),Mean,ppb,UHF42,101,Kingsbridge - Riverdale,Annual Average 2011,2010-12-01,20.79,,2010,12,4,1
176596,375,Nitrogen dioxide (NO2),Mean,ppb,UHF42,104,Pelham - Throgs Neck,Annual Average 2011,2010-12-01,21.61,,2010,12,4,1
179432,375,Nitrogen dioxide (NO2),Mean,ppb,Borough,5,Staten Island,Annual Average 2011,2010-12-01,16.17,,2010,12,4,1
178509,365,Fine particles (PM 2.5),Mean,mcg/m3,UHF42,309,Union Square - Lower East Side,Annual Average 2011,2010-12-01,11.44,,2010,12,4,1
173184,365,Fine particles (PM 2.5),Mean,mcg/m3,UHF34,305307,Upper East Side-Gramercy,Winter 2010-11,2010-12-01,15.38,,2010,12,4,1
176599,375,Nitrogen dioxide (NO2),Mean,ppb,UHF42,107,Hunts Point - Mott Haven,Annual Average 2011,2010-12-01,24.58,,2010,12,4,1
168530,365,Fine particles (PM 2.5),Mean,mcg/m3,CD,207,Kingsbridge Heights and Bedford (CD7),Winter 2010-11,2010-12-01,14.3,,2010,12,4,1
168518,365,Fine particles (PM 2.5),Mean,mcg/m3,CD,107,Upper West Side (CD7),Winter 2010-11,2010-12-01,14.34,,2010,12,4,1
178496,365,Fine particles (PM 2.5),Mean,mcg/m3,UHF42,207,East Flatbush - Flatbush,Annual Average 2011,2010-12-01,10.15,,2010,12,4,1
167629,375,Nitrogen dioxide (NO2),Mean,ppb,CD,103,Lower East Side and Chinatown (CD3),Annual Average 2011,2010-12-01,29.7,,2010,12,4,1
177255,365,Fine particles (PM 2.5),Mean,mcg/m3,UHF42,405,Ridgewood - Forest Hills,Winter 2010-11,2010-12-01,12.3,,2010,12,4,1
175350,375,Nitrogen dioxide (NO2),Mean,ppb,UHF42,211,Williamsburg - Bushwick,Winter 2010-11,2010-12-01,32.58,,2010,12,4,1
171630,375,Nitrogen dioxide (NO2),Mean,ppb,UHF34,104,Pelham - Throgs Neck,Winter 2010-11,2010-12-01,27.63,,2010,12,4,1
178520,365,Fine particles (PM 2.5),Mean,mcg/m3,UHF42,410,Rockaways,Annual Average 2011,2010-12-01,8.44,,2010,12,4,1
168556,365,Fine particles (PM 2.5),Mean,mcg/m3,CD,403,Jackson Heights (CD3),Winter 2010-11,2010-12-01,12.43,,2010,12,4,1
178524,365,Fine particles (PM 2.5),Mean,mcg/m3,UHF42,504,South Beach - Tottenville,Annual Average 2011,2010-12-01,9.29,,2010,12,4,1
172662,375,Nitrogen dioxide (NO2),Mean,ppb,UHF34,301,Washington Heights,Annual Average 2011,2010-12-01,25.56,,2010,12,4,1
172648,375,Nitrogen dioxide (NO2),Mean,ppb,UHF34,102,Northeast Bronx,Annual Average 2011,2010-12-01,21.06,,2010,12,4,1
175341,375,Nitrogen dioxide (NO2),Mean,ppb,UHF42,202,Downtown - Heights - Slope,Winter 2010-11,2010-12-01,33.0,,2010,12,4,1
168564,365,Fine particles (PM 2.5),Mean,mcg/m3,CD,411,Bayside and Little Neck (CD11),Winter 2010-11,2010-12-01,12.11,,2010,12,4,1
167631,375,Nitrogen dioxide (NO2),Mean,ppb,CD,105,Midtown (CD5),Annual Average 2011,2010-12-01,41.84,,2010,12,4,1
170313,365,Fine particles (PM 2.5),Mean,mcg/m3,CD,308,Crown Heights and Prospect Heights (CD8),Annual Average 2011,2010-12-01,10.36,,2010,12,4,1
172657,375,Nitrogen dioxide (NO2),Mean,ppb,UHF34,207,East Flatbush - Flatbush,Annual Average 2011,2010-12-01,23.56,,2010,12,4,1
176613,375,Nitrogen dioxide (NO2),Mean,ppb,UHF42,303,East Harlem,Annual Average 2011,2010-12-01,27.65,,2010,12,4,1
170298,365,Fine particles (PM 2.5),Mean,mcg/m3,CD,205,Fordham and University Heights (CD5),Annual Average 2011,2010-12-01,11.71,,2010,12,4,1
177263,365,Fine particles (PM 2.5),Mean,mcg/m3,UHF42,503,Willowbrook,Winter 2010-11,2010-12-01,11.88,,2010,12,4,1
175365,375,Nitrogen dioxide (NO2),Mean,ppb,UHF42,405,Ridgewood - Forest Hills,Winter 2010-11,2010-12-01,30.69,,2010,12,4,1
170299,365,Fine particles (PM 2.5),Mean,mcg/m3,CD,206,Belmont and East Tremont (CD6),Annual Average 2011,2010-12-01,11.18,,2010,12,4,1
176622,375,Nitrogen dioxide (NO2),Mean,ppb,UHF42,402,West Queens,Annual Average 2011,2010-12-01,24.96,,2010,12,4,1
173189,365,Fine particles (PM 2.5),Mean,mcg/m3,UHF34,503504,Southern SI,Winter 2010-11,2010-12-01,11.62,,2010,12,4,1
168543,365,Fine particles (PM 2.5),Mean,mcg/m3,CD,308,Crown Heights and Prospect Heights (CD8),Winter 2010-11,2010-12-01,12.91,,2010,12,4,1
168559,365,Fine particles (PM 2.5),Mean,mcg/m3,CD,406,Rego Park and Forest Hills (CD6),Winter 2010-11,2010-12-01,12.41,,2010,12,4,1
168520,365,Fine particles (PM 2.5),Mean,mcg/m3,CD,109,Morningside Heights and Hamilton Heights (CD9),Winter 2010-11,2010-12-01,14.49,,2010,12,4,1
172664,375,Nitrogen dioxide (NO2),Mean,ppb,UHF34,303,East Harlem,Annual Average 2011,2010-12-01,27.65,,2010,12,4,1
178497,365,Fine particles (PM 2.5),Mean,mcg/m3,UHF42,208,Canarsie - Flatlands,Annual Average 2011,2010-12-01,9.55,,2010,12,4,1
176614,375,Nitrogen dioxide (NO2),Mean,ppb,UHF42,304,Upper West Side,Annual Average 2011,2010-12-01,29.3,,2010,12,4,1
172650,375,Nitrogen dioxide (NO2),Mean,ppb,UHF34,104,Pelham - Throgs Neck,Annual Average 2011,2010-12-01,21.61,,2010,12,4,1
168560,365,Fine particles (PM 2.5),Mean,mcg/m3,CD,407,Flushing and Whitestone (CD7),Winter 2010-11,2010-12-01,12.59,,2010,12,4,1
179655,365,Fine particles (PM 2.5),Mean,mcg/m3,Borough,3,Manhattan,Annual Average 2011,2010-12-01,11.94,,2010,12,4,1
173183,365,Fine particles (PM 2.5),Mean,mcg/m3,UHF34,410,Rockaways,Winter 2010-11,2010-12-01,10.28,,2010,12,4,1
171656,375,Nitrogen dioxide (NO2),Mean,ppb,UHF34,309310,Union Square-Lower Manhattan,Winter 2010-11,2010-12-01,36.23,,2010,12,4,1
179503,365,Fine particles (PM 2.5),Mean,mcg/m3,Borough,1,Bronx,Winter 2010-11,2010-12-01,13.85,,2010,12,4,1
167638,375,Nitrogen dioxide (NO2),Mean,ppb,CD,112,Washington Heights and Inwood (CD12),Annual Average 2011,2010-12-01,25.0,,2010,12,4,1
170316,365,Fine particles (PM 2.5),Mean,mcg/m3,CD,311,Bensonhurst (CD11),Annual Average 2011,2010-12-01,9.72,,2010,12,4,1
170314,365,Fine particles (PM 2.5),Mean,mcg/m3,CD,309,South Crown Heights and Lefferts Gardens (CD9),Annual Average 2011,2010-12-01,10.23,,2010,12,4,1
170304,365,Fine particles (PM 2.5),Mean,mcg/m3,CD,211,Morris Park and Bronxdale (CD11),Annual Average 2011,2010-12-01,10.45,,2010,12,4,1
171640,375,Nitrogen dioxide (NO2),Mean,ppb,UHF34,210,Coney Island - Sheepshead Bay,Winter 2010-11,2010-12-01,25.7,,2010,12,4,1
173177,365,Fine particles (PM 2.5),Mean,mcg/m3,UHF34,402,West Queens,Winter 2010-11,2010-12-01,13.06,,2010,12,4,1
167660,375,Nitrogen dioxide (NO2),Mean,ppb,CD,310,Bay Ridge and Dyker Heights (CD10),Annual Average 2011,2010-12-01,22.64,,2010,12,4,1
170297,365,Fine particles (PM 2.5),Mean,mcg/m3,CD,204,Highbridge and Concourse (CD4),Annual Average 2011,2010-12-01,11.58,,2010,12,4,1
167635,375,Nitrogen dioxide (NO2),Mean,ppb,CD,109,Morningside Heights and Hamilton Heights (CD9),Annual Average 2011,2010-12-01,28.05,,2010,12,4,1
168519,365,Fine particles (PM 2.5),Mean,mcg/m3,CD,108,Upper East Side (CD8),Winter 2010-11,2010-12-01,14.69,,2010,12,4,1
173175,365,Fine particles (PM 2.5),Mean,mcg/m3,UHF34,304,Upper West Side,Winter 2010-11,2010-12-01,14.37,,2010,12,4,1
172673,375,Nitrogen dioxide (NO2),Mean,ppb,UHF34,410,Rockaways,Annual Average 2011,2010-12-01,14.27,,2010,12,4,1
172660,375,Nitrogen dioxide (NO2),Mean,ppb,UHF34,210,Coney Island - Sheepshead Bay,Annual Average 2011,2010-12-01,18.98,,2010,12,4,1
171639,375,Nitrogen dioxide (NO2),Mean,ppb,UHF34,209,Bensonhurst - Bay Ridge,Winter 2010-11,2010-12-01,28.44,,2010,12,4,1
167656,375,Nitrogen dioxide (NO2),Mean,ppb,CD,306,Park Slope and Carroll Gardens (CD6),Annual Average 2011,2010-12-01,26.01,,2010,12,4,1
173170,365,Fine particles (PM 2.5),Mean,mcg/m3,UHF34,210,Coney Island - Sheepshead Bay,Winter 2010-11,2010-12-01,11.57,,2010,12,4,1
167646,375,Nitrogen dioxide (NO2),Mean,ppb,CD,208,Riverdale and Fieldston (CD8),Annual Average 2011,2010-12-01,20.8,,2010,12,4,1
173164,365,Fine particles (PM 2.5),Mean,mcg/m3,UHF34,204,East New York,Winter 2010-11,2010-12-01,12.41,,2010,12,4,1
174182,365,Fine particles (PM 2.5),Mean,mcg/m3,UHF34,202,Downtown - Heights - Slope,Annual Average 2011,2010-12-01,11.14,,2010,12,4,1
170285,365,Fine particles (PM 2.5),Mean,mcg/m3,CD,104,Clinton and Chelsea (CD4),Annual Average 2011,2010-12-01,12.43,,2010,12,4,1
168529,365,Fine particles (PM 2.5),Mean,mcg/m3,CD,206,Belmont and East Tremont (CD6),Winter 2010-11,2010-12-01,14.37,,2010,12,4,1
168567,365,Fine particles (PM 2.5),Mean,mcg/m3,CD,414,Rockaway and Broad Channel (CD14),Winter 2010-11,2010-12-01,10.28,,2010,12,4,1
177241,365,Fine particles (PM 2.5),Mean,mcg/m3,UHF42,301,Washington Heights,Winter 2010-11,2010-12-01,14.4,,2010,12,4,1
171653,375,Nitrogen dioxide (NO2),Mean,ppb,UHF34,410,Rockaways,Winter 2010-11,2010-12-01,20.38,,2010,12,4,1
172678,375,Nitrogen dioxide (NO2),Mean,ppb,UHF34,501502,Northern SI,Annual Average 2011,2010-12-01,19.28,,2010,12,4,1
165900,375,Nitrogen dioxide (NO2),Mean,ppb,CD,402,Woodside and Sunnyside (CD2),Winter 2010-11,2010-12-01,31.64,,2010,12,4,1
165882,375,Nitrogen dioxide (NO2),Mean,ppb,CD,302,Fort Greene and Brooklyn Heights (CD2),Winter 2010-11,2010-12-01,33.53,,2010,12,4,1
179280,375,Nitrogen dioxide (NO2),Mean,ppb,Borough,3,Manhattan,Winter 2010-11,2010-12-01,35.38,,2010,12,4,1
175364,375,Nitrogen dioxide (NO2),Mean,ppb,UHF42,404,Bayside - Little Neck,Winter 2010-11,2010-12-01,26.19,,2010,12,4,1
174183,365,Fine particles (PM 2.5),Mean,mcg/m3,UHF34,203,Bedford Stuyvesant - Crown Heights,Annual Average 2011,2010-12-01,10.29,,2010,12,4,1
168544,365,Fine particles (PM 2.5),Mean,mcg/m3,CD,309,South Crown Heights and Lefferts Gardens (CD9),Winter 2010-11,2010-12-01,12.77,,2010,12,4,1
179282,375,Nitrogen dioxide (NO2),Mean,ppb,Borough,5,Staten Island,Winter 2010-11,2010-12-01,23.08,,2010,12,4,1
168534,365,Fine particles (PM 2.5),Mean,mcg/m3,CD,211,Morris Park and Bronxdale (CD11),Winter 2010-11,2010-12-01,13.36,,2010,12,4,1
172667,375,Nitrogen dioxide (NO2),Mean,ppb,UHF34,402,West Queens,Annual Average 2011,2010-12-01,24.96,,2010,12,4,1
176595,375,Nitrogen dioxide (NO2),Mean,ppb,UHF42,103,Fordham - Bronx Pk,Annual Average 2011,2010-12-01,22.61,,2010,12,4,1
172649,375,Nitrogen dioxide (NO2),Mean,ppb,UHF34,103,Fordham - Bronx Pk,Annual Average 2011,2010-12-01,22.61,,2010,12,4,1
177244,365,Fine particles (PM 2.5),Mean,mcg/m3,UHF42,304,Upper West Side,Winter 2010-11,2010-12-01,14.37,,2010,12,4,1
171659,375,Nitrogen dioxide (NO2),Mean,ppb,UHF34,503504,Southern SI,Winter 2010-11,2010-12-01,21.82,,2010,12,4,1
165904,375,Nitrogen dioxide (NO2),Mean,ppb,CD,406,Rego Park and Forest Hills (CD6),Winter 2010-11,2010-12-01,31.5,,2010,12,4,1
165874,375,Nitrogen dioxide (NO2),Mean,ppb,CD,206,Belmont and East Tremont (CD6),Winter 2010-11,2010-12-01,30.22,,2010,12,4,1
178492,365,Fine particles (PM 2.5),Mean,mcg/m3,UHF42,203,Bedford Stuyvesant - Crown Heights,Annual Average 2011,2010-12-01,10.29,,2010,12,4,1
172651,375,Nitrogen dioxide (NO2),Mean,ppb,UHF34,201,Greenpoint,Annual Average 2011,2010-12-01,25.84,,2010,12,4,1
165875,375,Nitrogen dioxide (NO2),Mean,ppb,CD,207,Kingsbridge Heights and Bedford (CD7),Winter 2010-11,2010-12-01,29.1,,2010,12,4,1
177227,365,Fine particles (PM 2.5),Mean,mcg/m3,UHF42,105,Crotona -Tremont,Winter 2010-11,2010-12-01,14.7,,2010,12,4,1
167661,375,Nitrogen dioxide (NO2),Mean,ppb,CD,311,Bensonhurst (CD11),Annual Average 2011,2010-12-01,21.93,,2010,12,4,1
165883,375,Nitrogen dioxide (NO2),Mean,ppb,CD,303,Bedford Stuyvesant (CD3),Winter 2010-11,2010-12-01,32.68,,2010,12,4,1
165891,375,Nitrogen dioxide (NO2),Mean,ppb,CD,311,Bensonhurst (CD11),Winter 2010-11,2010-12-01,28.71,,2010,12,4,1
179506,365,Fine particles (PM 2.5),Mean,mcg/m3,Borough,4,Queens,Winter 2010-11,2010-12-01,12.1,,2010,12,4,1
165871,375,Nitrogen dioxide (NO2),Mean,ppb,CD,203,Morrisania and Crotona (CD3),Winter 2010-11,2010-12-01,30.92,,2010,12,4,1
171650,375,Nitrogen dioxide (NO2),Mean,ppb,UHF34,407,Southwest Queens,Winter 2010-11,2010-12-01,29.53,,2010,12,4,1
178484,365,Fine particles (PM 2.5),Mean,mcg/m3,UHF42,102,Northeast Bronx,Annual Average 2011,2010-12-01,10.48,,2010,12,4,1
176625,375,Nitrogen dioxide (NO2),Mean,ppb,UHF42,405,Ridgewood - Forest Hills,Annual Average 2011,2010-12-01,23.26,,2010,12,4,1
170329,365,Fine particles (PM 2.5),Mean,mcg/m3,CD,406,Rego Park and Forest Hills (CD6),Annual Average 2011,2010-12-01,10.1,,2010,12,4,1
172663,375,Nitrogen dioxide (NO2),Mean,ppb,UHF34,302,Central Harlem - Morningside Heights,Annual Average 2011,2010-12-01,28.23,,2010,12,4,1
172668,375,Nitrogen dioxide (NO2),Mean,ppb,UHF34,403,Flushing - Clearview,Annual Average 2011,2010-12-01,21.94,,2010,12,4,1
168531,365,Fine particles (PM 2.5),Mean,mcg/m3,CD,208,Riverdale and Fieldston (CD8),Winter 2010-11,2010-12-01,14.07,,2010,12,4,1
165898,375,Nitrogen dioxide (NO2),Mean,ppb,CD,318,Flatlands and Canarsie (CD18),Winter 2010-11,2010-12-01,26.23,,2010,12,4,1
178519,365,Fine particles (PM 2.5),Mean,mcg/m3,UHF42,409,Southeast Queens,Annual Average 2011,2010-12-01,9.17,,2010,12,4,1
165897,375,Nitrogen dioxide (NO2),Mean,ppb,CD,317,East Flatbush (CD17),Winter 2010-11,2010-12-01,30.64,,2010,12,4,1
179657,365,Fine particles (PM 2.5),Mean,mcg/m3,Borough,5,Staten Island,Annual Average 2011,2010-12-01,9.44,,2010,12,4,1
178495,365,Fine particles (PM 2.5),Mean,mcg/m3,UHF42,206,Borough Park,Annual Average 2011,2010-12-01,10.07,,2010,12,4,1
175343,375,Nitrogen dioxide (NO2),Mean,ppb,UHF42,204,East New York,Winter 2010-11,2010-12-01,30.26,,2010,12,4,1
175367,375,Nitrogen dioxide (NO2),Mean,ppb,UHF42,407,Southwest Queens,Winter 2010-11,2010-12-01,29.53,,2010,12,4,1
165880,375,Nitrogen dioxide (NO2),Mean,ppb,CD,212,Williamsbridge and Baychester (CD12),Winter 2010-11,2010-12-01,25.4,,2010,12,4,1
178517,365,Fine particles (PM 2.5),Mean,mcg/m3,UHF42,407,Southwest Queens,Annual Average 2011,2010-12-01,9.43,,2010,12,4,1
177225,365,Fine particles (PM 2.5),Mean,mcg/m3,UHF42,103,Fordham - Bronx Pk,Winter 2010-11,2010-12-01,13.92,,2010,12,4,1
176597,375,Nitrogen dioxide (NO2),Mean,ppb,UHF42,105,Crotona -Tremont,Annual Average 2011,2010-12-01,25.57,,2010,12,4,1
171632,375,Nitrogen dioxide (NO2),Mean,ppb,UHF34,202,Downtown - Heights - Slope,Winter 2010-11,2010-12-01,33.0,,2010,12,4,1
178511,365,Fine particles (PM 2.5),Mean,mcg/m3,UHF42,401,Long Island City - Astoria,Annual Average 2011,2010-12-01,11.02,,2010,12,4,1
177242,365,Fine particles (PM 2.5),Mean,mcg/m3,UHF42,302,Central Harlem - Morningside Heights,Winter 2010-11,2010-12-01,14.35,,2010,12,4,1
174177,365,Fine particles (PM 2.5),Mean,mcg/m3,UHF34,101,Kingsbridge - Riverdale,Annual Average 2011,2010-12-01,10.65,,2010,12,4,1
173161,365,Fine particles (PM 2.5),Mean,mcg/m3,UHF34,201,Greenpoint,Winter 2010-11,2010-12-01,14.07,,2010,12,4,1
165862,375,Nitrogen dioxide (NO2),Mean,ppb,CD,106,Stuyvesant Town and Turtle Bay (CD6),Winter 2010-11,2010-12-01,40.07,,2010,12,4,1
177259,365,Fine particles (PM 2.5),Mean,mcg/m3,UHF42,409,Southeast Queens,Winter 2010-11,2010-12-01,11.44,,2010,12,4,1
177235,365,Fine particles (PM 2.5),Mean,mcg/m3,UHF42,206,Borough Park,Winter 2010-11,2010-12-01,12.54,,2010,12,4,1
177231,365,Fine particles (PM 2.5),Mean,mcg/m3,UHF42,202,Downtown - Heights - Slope,Winter 2010-11,2010-12-01,13.85,,2010,12,4,1
175357,375,Nitrogen dioxide (NO2),Mean,ppb,UHF42,307,Gramercy Park - Murray Hill,Winter 2010-11,2010-12-01,42.24,,2010,12,4,1
177247,365,Fine particles (PM 2.5),Mean,mcg/m3,UHF42,307,Gramercy Park - Murray Hill,Winter 2010-11,2010-12-01,16.19,,2010,12,4,1
172679,375,Nitrogen dioxide (NO2),Mean,ppb,UHF34,503504,Southern SI,Annual Average 2011,2010-12-01,14.86,,2010,12,4,1
174187,365,Fine particles (PM 2.5),Mean,mcg/m3,UHF34,207,East Flatbush - Flatbush,Annual Average 2011,2010-12-01,10.15,,2010,12,4,1
165886,375,Nitrogen dioxide (NO2),Mean,ppb,CD,306,Park Slope and Carroll Gardens (CD6),Winter 2010-11,2010-12-01,32.5,,2010,12,4,1
177246,365,Fine particles (PM 2.5),Mean,mcg/m3,UHF42,306,Chelsea - Clinton,Winter 2010-11,2010-12-01,15.72,,2010,12,4,1
178490,365,Fine particles (PM 2.5),Mean,mcg/m3,UHF42,201,Greenpoint,Annual Average 2011,2010-12-01,11.51,,2010,12,4,1
170294,365,Fine particles (PM 2.5),Mean,mcg/m3,CD,201,Mott Haven and Melrose (CD1),Annual Average 2011,2010-12-01,11.58,,2010,12,4,1
173167,365,Fine particles (PM 2.5),Mean,mcg/m3,UHF34,207,East Flatbush - Flatbush,Winter 2010-11,2010-12-01,12.62,,2010,12,4,1
165873,375,Nitrogen dioxide (NO2),Mean,ppb,CD,205,Fordham and University Heights (CD5),Winter 2010-11,2010-12-01,31.9,,2010,12,4,1
167676,375,Nitrogen dioxide (NO2),Mean,ppb,CD,408,Hillcrest and Fresh Meadows (CD8),Annual Average 2011,2010-12-01,21.67,,2010,12,4,1
165861,375,Nitrogen dioxide (NO2),Mean,ppb,CD,105,Midtown (CD5),Winter 2010-11,2010-12-01,44.18,,2010,12,4,1
165892,375,Nitrogen dioxide (NO2),Mean,ppb,CD,312,Borough Park (CD12),Winter 2010-11,2010-12-01,30.42,,2010,12,4,1
168554,365,Fine particles (PM 2.5),Mean,mcg/m3,CD,401,Long Island City and Astoria (CD1),Winter 2010-11,2010-12-01,13.06,,2010,12,4,1
175348,375,Nitrogen dioxide (NO2),Mean,ppb,UHF42,209,Bensonhurst - Bay Ridge,Winter 2010-11,2010-12-01,28.44,,2010,12,4,1
167662,375,Nitrogen dioxide (NO2),Mean,ppb,CD,312,Borough Park (CD12),Annual Average 2011,2010-12-01,23.65,,2010,12,4,1
170331,365,Fine particles (PM 2.5),Mean,mcg/m3,CD,408,Hillcrest and Fresh Meadows (CD8),Annual Average 2011,2010-12-01,9.71,,2010,12,4,1
167680,375,Nitrogen dioxide (NO2),Mean,ppb,CD,412,Jamaica and Hollis (CD12),Annual Average 2011,2010-12-01,21.58,,2010,12,4,1
167674,375,Nitrogen dioxide (NO2),Mean,ppb,CD,406,Rego Park and Forest Hills (CD6),Annual Average 2011,2010-12-01,24.11,,2010,12,4,1
175370,375,Nitrogen dioxide (NO2),Mean,ppb,UHF42,410,Rockaways,Winter 2010-11,2010-12-01,20.38,,2010,12,4,1
175338,375,Nitrogen dioxide (NO2),Mean,ppb,UHF42,106,High Bridge - Morrisania,Winter 2010-11,2010-12-01,32.09,,2010,12,4,1
176623,375,Nitrogen dioxide (NO2),Mean,ppb,UHF42,403,Flushing - Clearview,Annual Average 2011,2010-12-01,21.94,,2010,12,4,1
174199,365,Fine particles (PM 2.5),Mean,mcg/m3,UHF34,405,Ridgewood - Forest Hills,Annual Average 2011,2010-12-01,9.95,,2010,12,4,1
178518,365,Fine particles (PM 2.5),Mean,mcg/m3,UHF42,408,Jamaica,Annual Average 2011,2010-12-01,9.57,,2010,12,4,1
174190,365,Fine particles (PM 2.5),Mean,mcg/m3,UHF34,210,Coney Island - Sheepshead Bay,Annual Average 2011,2010-12-01,9.44,,2010,12,4,1
168538,365,Fine particles (PM 2.5),Mean,mcg/m3,CD,303,Bedford Stuyvesant (CD3),Winter 2010-11,2010-12-01,12.91,,2010,12,4,1
165869,375,Nitrogen dioxide (NO2),Mean,ppb,CD,201,Mott Haven and Melrose (CD1),Winter 2010-11,2010-12-01,31.73,,2010,12,4,1
176615,375,Nitrogen dioxide (NO2),Mean,ppb,UHF42,305,Upper East Side,Annual Average 2011,2010-12-01,31.52,,2010,12,4,1
168522,365,Fine particles (PM 2.5),Mean,mcg/m3,CD,111,East Harlem (CD11),Winter 2010-11,2010-12-01,14.14,,2010,12,4,1
175340,375,Nitrogen dioxide (NO2),Mean,ppb,UHF42,201,Greenpoint,Winter 2010-11,2010-12-01,32.23,,2010,12,4,1
175372,375,Nitrogen dioxide (NO2),Mean,ppb,UHF42,502,Stapleton - St. George,Winter 2010-11,2010-12-01,25.16,,2010,12,4,1
167630,375,Nitrogen dioxide (NO2),Mean,ppb,CD,104,Clinton and Chelsea (CD4),Annual Average 2011,2010-12-01,33.45,,2010,12,4,1
174209,365,Fine particles (PM 2.5),Mean,mcg/m3,UHF34,503504,Southern SI,Annual Average 2011,2010-12-01,9.42,,2010,12,4,1
177262,365,Fine particles (PM 2.5),Mean,mcg/m3,UHF42,502,Stapleton - St. George,Winter 2010-11,2010-12-01,11.62,,2010,12,4,1
167665,375,Nitrogen dioxide (NO2),Mean,ppb,CD,315,Sheepshead Bay (CD15),Annual Average 2011,2010-12-01,19.38,,2010,12,4,1
178486,365,Fine particles (PM 2.5),Mean,mcg/m3,UHF42,104,Pelham - Throgs Neck,Annual Average 2011,2010-12-01,10.5,,2010,12,4,1
175333,375,Nitrogen dioxide (NO2),Mean,ppb,UHF42,101,Kingsbridge - Riverdale,Winter 2010-11,2010-12-01,25.48,,2010,12,4,1
167663,375,Nitrogen dioxide (NO2),Mean,ppb,CD,313,Coney Island (CD13),Annual Average 2011,2010-12-01,17.69,,2010,12,4,1
167681,375,Nitrogen dioxide (NO2),Mean,ppb,CD,413,Queens Village (CD13),Annual Average 2011,2010-12-01,19.33,,2010,12,4,1
174201,365,Fine particles (PM 2.5),Mean,mcg/m3,UHF34,408,Jamaica,Annual Average 2011,2010-12-01,9.57,,2010,12,4,1
165887,375,Nitrogen dioxide (NO2),Mean,ppb,CD,307,Sunset Park (CD7),Winter 2010-11,2010-12-01,30.78,,2010,12,4,1
173159,365,Fine particles (PM 2.5),Mean,mcg/m3,UHF34,103,Fordham - Bronx Pk,Winter 2010-11,2010-12-01,13.92,,2010,12,4,1
176603,375,Nitrogen dioxide (NO2),Mean,ppb,UHF42,204,East New York,Annual Average 2011,2010-12-01,22.9,,2010,12,4,1
165896,375,Nitrogen dioxide (NO2),Mean,ppb,CD,316,Brownsville (CD16),Winter 2010-11,2010-12-01,31.37,,2010,12,4,1
171637,375,Nitrogen dioxide (NO2),Mean,ppb,UHF34,207,East Flatbush - Flatbush,Winter 2010-11,2010-12-01,30.47,,2010,12,4,1
170334,365,Fine particles (PM 2.5),Mean,mcg/m3,CD,411,Bayside and Little Neck (CD11),Annual Average 2011,2010-12-01,9.69,,2010,12,4,1
170332,365,Fine particles (PM 2.5),Mean,mcg/m3,CD,409,Kew Gardens and Woodhaven (CD9),Annual Average 2011,2010-12-01,9.72,,2010,12,4,1
167649,375,Nitrogen dioxide (NO2),Mean,ppb,CD,211,Morris Park and Bronxdale (CD11),Annual Average 2011,2010-12-01,21.83,,2010,12,4,1
167679,375,Nitrogen dioxide (NO2),Mean,ppb,CD,411,Bayside and Little Neck (CD11),Annual Average 2011,2010-12-01,19.91,,2010,12,4,1
165907,375,Nitrogen dioxide (NO2),Mean,ppb,CD,409,Kew Gardens and Woodhaven (CD9),Winter 2010-11,2010-12-01,30.74,,2010,12,4,1
170306,365,Fine particles (PM 2.5),Mean,mcg/m3,CD,301,Greenpoint and Williamsburg (CD1),Annual Average 2011,2010-12-01,11.6,,2010,12,4,1
176594,375,Nitrogen dioxide (NO2),Mean,ppb,UHF42,102,Northeast Bronx,Annual Average 2011,2010-12-01,21.06,,2010,12,4,1
170323,365,Fine particles (PM 2.5),Mean,mcg/m3,CD,318,Flatlands and Canarsie (CD18),Annual Average 2011,2010-12-01,9.53,,2010,12,4,1
167642,375,Nitrogen dioxide (NO2),Mean,ppb,CD,204,Highbridge and Concourse (CD4),Annual Average 2011,2010-12-01,26.9,,2010,12,4,1
167677,375,Nitrogen dioxide (NO2),Mean,ppb,CD,409,Kew Gardens and Woodhaven (CD9),Annual Average 2011,2010-12-01,23.3,,2010,12,4,1
173157,365,Fine particles (PM 2.5),Mean,mcg/m3,UHF34,101,Kingsbridge - Riverdale,Winter 2010-11,2010-12-01,14.08,,2010,12,4,1
172647,375,Nitrogen dioxide (NO2),Mean,ppb,UHF34,101,Kingsbridge - Riverdale,Annual Average 2011,2010-12-01,20.79,,2010,12,4,1
176611,375,Nitrogen dioxide (NO2),Mean,ppb,UHF42,301,Washington Heights,Annual Average 2011,2010-12-01,25.56,,2010,12,4,1
170309,365,Fine particles (PM 2.5),Mean,mcg/m3,CD,304,Bushwick (CD4),Annual Average 2011,2010-12-01,10.31,,2010,12,4,1
167645,375,Nitrogen dioxide (NO2),Mean,ppb,CD,207,Kingsbridge Heights and Bedford (CD7),Annual Average 2011,2010-12-01,24.22,,2010,12,4,1
170283,365,Fine particles (PM 2.5),Mean,mcg/m3,CD,102,Greenwich Village and Soho (CD2),Annual Average 2011,2010-12-01,12.08,,2010,12,4,1
171627,375,Nitrogen dioxide (NO2),Mean,ppb,UHF34,101,Kingsbridge - Riverdale,Winter 2010-11,2010-12-01,25.48,,2010,12,4,1
165864,375,Nitrogen dioxide (NO2),Mean,ppb,CD,108,Upper East Side (CD8),Winter 2010-11,2010-12-01,36.0,,2010,12,4,1
174195,365,Fine particles (PM 2.5),Mean,mcg/m3,UHF34,304,Upper West Side,Annual Average 2011,2010-12-01,11.49,,2010,12,4,1
165890,375,Nitrogen dioxide (NO2),Mean,ppb,CD,310,Bay Ridge and Dyker Heights (CD10),Winter 2010-11,2010-12-01,29.44,,2010,12,4,1
179279,375,Nitrogen dioxide (NO2),Mean,ppb,Borough,2,Brooklyn,Winter 2010-11,2010-12-01,29.66,,2010,12,4,1
178499,365,Fine particles (PM 2.5),Mean,mcg/m3,UHF42,210,Coney Island - Sheepshead Bay,Annual Average 2011,2010-12-01,9.44,,2010,12,4,1
174184,365,Fine particles (PM 2.5),Mean,mcg/m3,UHF34,204,East New York,Annual Average 2011,2010-12-01,10.09,,2010,12,4,1
172677,375,Nitrogen dioxide (NO2),Mean,ppb,UHF34,404406,Bayside Little Neck-Fresh Meadows,Annual Average 2011,2010-12-01,20.53,,2010,12,4,1
167652,375,Nitrogen dioxide (NO2),Mean,ppb,CD,302,Fort Greene and Brooklyn Heights (CD2),Annual Average 2011,2010-12-01,27.36,,2010,12,4,1
176631,375,Nitrogen dioxide (NO2),Mean,ppb,UHF42,501,Port Richmond,Annual Average 2011,2010-12-01,21.12,,2010,12,4,1
174185,365,Fine particles (PM 2.5),Mean,mcg/m3,UHF34,205,Sunset Park,Annual Average 2011,2010-12-01,10.84,,2010,12,4,1
178506,365,Fine particles (PM 2.5),Mean,mcg/m3,UHF42,306,Chelsea - Clinton,Annual Average 2011,2010-12-01,13.27,,2010,12,4,1
167670,375,Nitrogen dioxide (NO2),Mean,ppb,CD,402,Woodside and Sunnyside (CD2),Annual Average 2011,2010-12-01,25.08,,2010,12,4,1
167627,375,Nitrogen dioxide (NO2),Mean,ppb,CD,101,Financial District (CD1),Annual Average 2011,2010-12-01,33.51,,2010,12,4,1
177226,365,Fine particles (PM 2.5),Mean,mcg/m3,UHF42,104,Pelham - Throgs Neck,Winter 2010-11,2010-12-01,13.3,,2010,12,4,1
165863,375,Nitrogen dioxide (NO2),Mean,ppb,CD,107,Upper West Side (CD7),Winter 2010-11,2010-12-01,33.62,,2010,12,4,1
168524,365,Fine particles (PM 2.5),Mean,mcg/m3,CD,201,Mott Haven and Melrose (CD1),Winter 2010-11,2010-12-01,14.72,,2010,12,4,1
179505,365,Fine particles (PM 2.5),Mean,mcg/m3,Borough,3,Manhattan,Winter 2010-11,2010-12-01,14.76,,2010,12,4,1
175336,375,Nitrogen dioxide (NO2),Mean,ppb,UHF42,104,Pelham - Throgs Neck,Winter 2010-11,2010-12-01,27.63,,2010,12,4,1
172665,375,Nitrogen dioxide (NO2),Mean,ppb,UHF34,304,Upper West Side,Annual Average 2011,2010-12-01,29.3,,2010,12,4,1
175359,375,Nitrogen dioxide (NO2),Mean,ppb,UHF42,309,Union Square - Lower East Side,Winter 2010-11,2010-12-01,35.45,,2010,12,4,1
170284,365,Fine particles (PM 2.5),Mean,mcg/m3,CD,103,Lower East Side and Chinatown (CD3),Annual Average 2011,2010-12-01,11.26,,2010,12,4,1
168542,365,Fine particles (PM 2.5),Mean,mcg/m3,CD,307,Sunset Park (CD7),Winter 2010-11,2010-12-01,13.6,,2010,12,4,1
172654,375,Nitrogen dioxide (NO2),Mean,ppb,UHF34,204,East New York,Annual Average 2011,2010-12-01,22.9,,2010,12,4,1
165905,375,Nitrogen dioxide (NO2),Mean,ppb,CD,407,Flushing and Whitestone (CD7),Winter 2010-11,2010-12-01,29.01,,2010,12,4,1
173182,365,Fine particles (PM 2.5),Mean,mcg/m3,UHF34,409,Southeast Queens,Winter 2010-11,2010-12-01,11.44,,2010,12,4,1
175360,375,Nitrogen dioxide (NO2),Mean,ppb,UHF42,310,Lower Manhattan,Winter 2010-11,2010-12-01,37.94,,2010,12,4,1
174203,365,Fine particles (PM 2.5),Mean,mcg/m3,UHF34,410,Rockaways,Annual Average 2011,2010-12-01,8.44,,2010,12,4,1
170310,365,Fine particles (PM 2.5),Mean,mcg/m3,CD,305,East New York and Starrett City (CD5),Annual Average 2011,2010-12-01,10.03,,2010,12,4,1
172655,375,Nitrogen dioxide (NO2),Mean,ppb,UHF34,205,Sunset Park,Annual Average 2011,2010-12-01,23.86,,2010,12,4,1
167668,375,Nitrogen dioxide (NO2),Mean,ppb,CD,318,Flatlands and Canarsie (CD18),Annual Average 2011,2010-12-01,19.24,,2010,12,4,1
167637,375,Nitrogen dioxide (NO2),Mean,ppb,CD,111,East Harlem (CD11),Annual Average 2011,2010-12-01,27.57,,2010,12,4,1
170315,365,Fine particles (PM 2.5),Mean,mcg/m3,CD,310,Bay Ridge and Dyker Heights (CD10),Annual Average 2011,2010-12-01,10.01,,2010,12,4,1
175371,375,Nitrogen dioxide (NO2),Mean,ppb,UHF42,501,Port Richmond,Winter 2010-11,2010-12-01,27.72,,2010,12,4,1
170288,365,Fine particles (PM 2.5),Mean,mcg/m3,CD,107,Upper West Side (CD7),Annual Average 2011,2010-12-01,11.47,,2010,12,4,1
171644,375,Nitrogen dioxide (NO2),Mean,ppb,UHF34,303,East Harlem,Winter 2010-11,2010-12-01,32.92,,2010,12,4,1
170300,365,Fine particles (PM 2.5),Mean,mcg/m3,CD,207,Kingsbridge Heights and Bedford (CD7),Annual Average 2011,2010-12-01,11.08,,2010,12,4,1
171658,375,Nitrogen dioxide (NO2),Mean,ppb,UHF34,501502,Northern SI,Winter 2010-11,2010-12-01,26.05,,2010,12,4,1
167675,375,Nitrogen dioxide (NO2),Mean,ppb,CD,407,Flushing and Whitestone (CD7),Annual Average 2011,2010-12-01,21.94,,2010,12,4,1
173163,365,Fine particles (PM 2.5),Mean,mcg/m3,UHF34,203,Bedford Stuyvesant - Crown Heights,Winter 2010-11,2010-12-01,12.79,,2010,12,4,1
170307,365,Fine particles (PM 2.5),Mean,mcg/m3,CD,302,Fort Greene and Brooklyn Heights (CD2),Annual Average 2011,2010-12-01,11.12,,2010,12,4,1
168566,365,Fine particles (PM 2.5),Mean,mcg/m3,CD,413,Queens Village (CD13),Winter 2010-11,2010-12-01,11.43,,2010,12,4,1
168548,365,Fine particles (PM 2.5),Mean,mcg/m3,CD,313,Coney Island (CD13),Winter 2010-11,2010-12-01,11.46,,2010,12,4,1
167671,375,Nitrogen dioxide (NO2),Mean,ppb,CD,403,Jackson Heights (CD3),Annual Average 2011,2010-12-01,24.74,,2010,12,4,1
171649,375,Nitrogen dioxide (NO2),Mean,ppb,UHF34,405,Ridgewood - Forest Hills,Winter 2010-11,2010-12-01,30.69,,2010,12,4,1
171642,375,Nitrogen dioxide (NO2),Mean,ppb,UHF34,301,Washington Heights,Winter 2010-11,2010-12-01,30.54,,2010,12,4,1
174186,365,Fine particles (PM 2.5),Mean,mcg/m3,UHF34,206,Borough Park,Annual Average 2011,2010-12-01,10.07,,2010,12,4,1
177245,365,Fine particles (PM 2.5),Mean,mcg/m3,UHF42,305,Upper East Side,Winter 2010-11,2010-12-01,14.66,,2010,12,4,1
174210,365,Fine particles (PM 2.5),Mean,mcg/m3,UHF34,105106107,South Bronx,Annual Average 2011,2010-12-01,11.36,,2010,12,4,1
172672,375,Nitrogen dioxide (NO2),Mean,ppb,UHF34,409,Southeast Queens,Annual Average 2011,2010-12-01,19.29,,2010,12,4,1
170330,365,Fine particles (PM 2.5),Mean,mcg/m3,CD,407,Flushing and Whitestone (CD7),Annual Average 2011,2010-12-01,10.09,,2010,12,4,1
175366,375,Nitrogen dioxide (NO2),Mean,ppb,UHF42,406,Fresh Meadows,Winter 2010-11,2010-12-01,29.4,,2010,12,4,1
177232,365,Fine particles (PM 2.5),Mean,mcg/m3,UHF42,203,Bedford Stuyvesant - Crown Heights,Winter 2010-11,2010-12-01,12.79,,2010,12,4,1
173165,365,Fine particles (PM 2.5),Mean,mcg/m3,UHF34,205,Sunset Park,Winter 2010-11,2010-12-01,13.49,,2010,12,4,1
179656,365,Fine particles (PM 2.5),Mean,mcg/m3,Borough,4,Queens,Annual Average 2011,2010-12-01,9.75,,2010,12,4,1
175342,375,Nitrogen dioxide (NO2),Mean,ppb,UHF42,203,Bedford Stuyvesant - Crown Heights,Winter 2010-11,2010-12-01,32.21,,2010,12,4,1
177238,365,Fine particles (PM 2.5),Mean,mcg/m3,UHF42,209,Bensonhurst - Bay Ridge,Winter 2010-11,2010-12-01,12.14,,2010,12,4,1
173186,365,Fine particles (PM 2.5),Mean,mcg/m3,UHF34,309310,Union Square-Lower Manhattan,Winter 2010-11,2010-12-01,14.25,,2010,12,4,1
173188,365,Fine particles (PM 2.5),Mean,mcg/m3,UHF34,501502,Northern SI,Winter 2010-11,2010-12-01,11.81,,2010,12,4,1
167672,375,Nitrogen dioxide (NO2),Mean,ppb,CD,404,Elmhurst and Corona (CD4),Annual Average 2011,2010-12-01,25.94,,2010,12,4,1
173166,365,Fine particles (PM 2.5),Mean,mcg/m3,UHF34,206,Borough Park,Winter 2010-11,2010-12-01,12.54,,2010,12,4,1
171646,375,Nitrogen dioxide (NO2),Mean,ppb,UHF34,401,Long Island City - Astoria,Winter 2010-11,2010-12-01,31.48,,2010,12,4,1
171660,375,Nitrogen dioxide (NO2),Mean,ppb,UHF34,105106107,South Bronx,Winter 2010-11,2010-12-01,31.18,,2010,12,4,1
174181,365,Fine particles (PM 2.5),Mean,mcg/m3,UHF34,201,Greenpoint,Annual Average 2011,2010-12-01,11.51,,2010,12,4,1
177253,365,Fine particles (PM 2.5),Mean,mcg/m3,UHF42,403,Flushing - Clearview,Winter 2010-11,2010-12-01,12.56,,2010,12,4,1
168525,365,Fine particles (PM 2.5),Mean,mcg/m3,CD,202,Hunts Point and Longwood (CD2),Winter 2010-11,2010-12-01,14.51,,2010,12,4,1
176609,375,Nitrogen dioxide (NO2),Mean,ppb,UHF42,210,Coney Island - Sheepshead Bay,Annual Average 2011,2010-12-01,18.98,,2010,12,4,1
175344,375,Nitrogen dioxide (NO2),Mean,ppb,UHF42,205,Sunset Park,Winter 2010-11,2010-12-01,30.6,,2010,12,4,1
165911,375,Nitrogen dioxide (NO2),Mean,ppb,CD,413,Queens Village (CD13),Winter 2010-11,2010-12-01,25.68,,2010,12,4,1
167658,375,Nitrogen dioxide (NO2),Mean,ppb,CD,308,Crown Heights and Prospect Heights (CD8),Annual Average 2011,2010-12-01,25.96,,2010,12,4,1
170308,365,Fine particles (PM 2.5),Mean,mcg/m3,CD,303,Bedford Stuyvesant (CD3),Annual Average 2011,2010-12-01,10.38,,2010,12,4,1
165893,375,Nitrogen dioxide (NO2),Mean,ppb,CD,313,Coney Island (CD13),Winter 2010-11,2010-12-01,24.44,,2010,12,4,1
167650,375,Nitrogen dioxide (NO2),Mean,ppb,CD,212,Williamsbridge and Baychester (CD12),Annual Average 2011,2010-12-01,20.59,,2010,12,4,1
171651,375,Nitrogen dioxide (NO2),Mean,ppb,UHF34,408,Jamaica,Winter 2010-11,2010-12-01,28.44,,2010,12,4,1
168526,365,Fine particles (PM 2.5),Mean,mcg/m3,CD,203,Morrisania and Crotona (CD3),Winter 2010-11,2010-12-01,14.29,,2010,12,4,1
168553,365,Fine particles (PM 2.5),Mean,mcg/m3,CD,318,Flatlands and Canarsie (CD18),Winter 2010-11,2010-12-01,11.79,,2010,12,4,1
179430,375,Nitrogen dioxide (NO2),Mean,ppb,Borough,3,Manhattan,Annual Average 2011,2010-12-01,30.96,,2010,12,4,1
173168,365,Fine particles (PM 2.5),Mean,mcg/m3,UHF34,208,Canarsie - Flatlands,Winter 2010-11,2010-12-01,11.81,,2010,12,4,1
175353,375,Nitrogen dioxide (NO2),Mean,ppb,UHF42,303,East Harlem,Winter 2010-11,2010-12-01,32.92,,2010,12,4,1
179431,375,Nitrogen dioxide (NO2),Mean,ppb,Borough,4,Queens,Annual Average 2011,2010-12-01,21.47,,2010,12,4,1
171636,375,Nitrogen dioxide (NO2),Mean,ppb,UHF34,206,Borough Park,Winter 2010-11,2010-12-01,30.1,,2010,12,4,1
177234,365,Fine particles (PM 2.5),Mean,mcg/m3,UHF42,205,Sunset Park,Winter 2010-11,2010-12-01,13.49,,2010,12,4,1
178494,365,Fine particles (PM 2.5),Mean,mcg/m3,UHF42,205,Sunset Park,Annual Average 2011,2010-12-01,10.84,,2010,12,4,1
168557,365,Fine particles (PM 2.5),Mean,mcg/m3,CD,404,Elmhurst and Corona (CD4),Winter 2010-11,2010-12-01,12.67,,2010,12,4,1
176633,375,Nitrogen dioxide (NO2),Mean,ppb,UHF42,503,Willowbrook,Annual Average 2011,2010-12-01,17.17,,2010,12,4,1
175349,375,Nitrogen dioxide (NO2),Mean,ppb,UHF42,210,Coney Island - Sheepshead Bay,Winter 2010-11,2010-12-01,25.7,,2010,12,4,1
178485,365,Fine particles (PM 2.5),Mean,mcg/m3,UHF42,103,Fordham - Bronx Pk,Annual Average 2011,2010-12-01,10.77,,2010,12,4,1
168512,365,Fine particles (PM 2.5),Mean,mcg/m3,CD,101,Financial District (CD1),Winter 2010-11,2010-12-01,14.81,,2010,12,4,1
178487,365,Fine particles (PM 2.5),Mean,mcg/m3,UHF42,105,Crotona -Tremont,Annual Average 2011,2010-12-01,11.45,,2010,12,4,1
174207,365,Fine particles (PM 2.5),Mean,mcg/m3,UHF34,404406,Bayside Little Neck-Fresh Meadows,Annual Average 2011,2010-12-01,9.72,,2010,12,4,1
177258,365,Fine particles (PM 2.5),Mean,mcg/m3,UHF42,408,Jamaica,Winter 2010-11,2010-12-01,11.87,,2010,12,4,1
177257,365,Fine particles (PM 2.5),Mean,mcg/m3,UHF42,407,Southwest Queens,Winter 2010-11,2010-12-01,11.69,,2010,12,4,1
173160,365,Fine particles (PM 2.5),Mean,mcg/m3,UHF34,104,Pelham - Throgs Neck,Winter 2010-11,2010-12-01,13.3,,2010,12,4,1
177228,365,Fine particles (PM 2.5),Mean,mcg/m3,UHF42,106,High Bridge - Morrisania,Winter 2010-11,2010-12-01,14.72,,2010,12,4,1
167653,375,Nitrogen dioxide (NO2),Mean,ppb,CD,303,Bedford Stuyvesant (CD3),Annual Average 2011,2010-12-01,25.92,,2010,12,4,1
177250,365,Fine particles (PM 2.5),Mean,mcg/m3,UHF42,310,Lower Manhattan,Winter 2010-11,2010-12-01,14.81,,2010,12,4,1
174189,365,Fine particles (PM 2.5),Mean,mcg/m3,UHF34,209,Bensonhurst - Bay Ridge,Annual Average 2011,2010-12-01,9.78,,2010,12,4,1
175358,375,Nitrogen dioxide (NO2),Mean,ppb,UHF42,308,Greenwich Village - SoHo,Winter 2010-11,2010-12-01,36.82,,2010,12,4,1
179429,375,Nitrogen dioxide (NO2),Mean,ppb,Borough,2,Brooklyn,Annual Average 2011,2010-12-01,22.84,,2010,12,4,1
173178,365,Fine particles (PM 2.5),Mean,mcg/m3,UHF34,403,Flushing - Clearview,Winter 2010-11,2010-12-01,12.56,,2010,12,4,1
179504,365,Fine particles (PM 2.5),Mean,mcg/m3,Borough,2,Brooklyn,Winter 2010-11,2010-12-01,12.62,,2010,12,4,1
176617,375,Nitrogen dioxide (NO2),Mean,ppb,UHF42,307,Gramercy Park - Murray Hill,Annual Average 2011,2010-12-01,39.18,,2010,12,4,1
176634,375,Nitrogen dioxide (NO2),Mean,ppb,UHF42,504,South Beach - Tottenville,Annual Average 2011,2010-12-01,13.5,,2010,12,4,1
175368,375,Nitrogen dioxide (NO2),Mean,ppb,UHF42,408,Jamaica,Winter 2010-11,2010-12-01,28.44,,2010,12,4,1
165915,375,Nitrogen dioxide (NO2),Mean,ppb,CD,503,Tottenville and Great Kills (CD3),Winter 2010-11,2010-12-01,20.41,,2010,12,4,1
165909,375,Nitrogen dioxide (NO2),Mean,ppb,CD,411,Bayside and Little Neck (CD11),Winter 2010-11,2010-12-01,26.67,,2010,12,4,1
168562,365,Fine particles (PM 2.5),Mean,mcg/m3,CD,409,Kew Gardens and Woodhaven (CD9),Winter 2010-11,2010-12-01,12.01,,2010,12,4,1
179150,365,Fine particles (PM 2.5),Mean,mcg/m3,Citywide,1,New York City,Winter 2010-11,2010-12-01,12.56,,2010,12,4,1
175345,375,Nitrogen dioxide (NO2),Mean,ppb,UHF42,206,Borough Park,Winter 2010-11,2010-12-01,30.1,,2010,12,4,1
167633,375,Nitrogen dioxide (NO2),Mean,ppb,CD,107,Upper West Side (CD7),Annual Average 2011,2010-12-01,29.28,,2010,12,4,1
168523,365,Fine particles (PM 2.5),Mean,mcg/m3,CD,112,Washington Heights and Inwood (CD12),Winter 2010-11,2010-12-01,14.63,,2010,12,4,1
177236,365,Fine particles (PM 2.5),Mean,mcg/m3,UHF42,207,East Flatbush - Flatbush,Winter 2010-11,2010-12-01,12.62,,2010,12,4,1
176610,375,Nitrogen dioxide (NO2),Mean,ppb,UHF42,211,Williamsburg - Bushwick,Annual Average 2011,2010-12-01,25.75,,2010,12,4,1
175369,375,Nitrogen dioxide (NO2),Mean,ppb,UHF42,409,Southeast Queens,Winter 2010-11,2010-12-01,25.66,,2010,12,4,1
168513,365,Fine particles (PM 2.5),Mean,mcg/m3,CD,102,Greenwich Village and Soho (CD2),Winter 2010-11,2010-12-01,14.64,,2010,12,4,1
178514,365,Fine particles (PM 2.5),Mean,mcg/m3,UHF42,404,Bayside - Little Neck,Annual Average 2011,2010-12-01,9.71,,2010,12,4,1
178489,365,Fine particles (PM 2.5),Mean,mcg/m3,UHF42,107,Hunts Point - Mott Haven,Annual Average 2011,2010-12-01,11.24,,2010,12,4,1
170289,365,Fine particles (PM 2.5),Mean,mcg/m3,CD,108,Upper East Side (CD8),Annual Average 2011,2010-12-01,12.13,,2010,12,4,1
174191,365,Fine particles (PM 2.5),Mean,mcg/m3,UHF34,211,Williamsburg - Bushwick,Annual Average 2011,2010-12-01,10.88,,2010,12,4,1
165877,375,Nitrogen dioxide (NO2),Mean,ppb,CD,209,Parkchester and Soundview (CD9),Winter 2010-11,2010-12-01,29.16,,2010,12,4,1
168515,365,Fine particles (PM 2.5),Mean,mcg/m3,CD,104,Clinton and Chelsea (CD4),Winter 2010-11,2010-12-01,15.03,,2010,12,4,1
170311,365,Fine particles (PM 2.5),Mean,mcg/m3,CD,306,Park Slope and Carroll Gardens (CD6),Annual Average 2011,2010-12-01,11.13,,2010,12,4,1
168549,365,Fine particles (PM 2.5),Mean,mcg/m3,CD,314,Flatbush and Midwood (CD14),Winter 2010-11,2010-12-01,12.51,,2010,12,4,1
171631,375,Nitrogen dioxide (NO2),Mean,ppb,UHF34,201,Greenpoint,Winter 2010-11,2010-12-01,32.23,,2010,12,4,1
176598,375,Nitrogen dioxide (NO2),Mean,ppb,UHF42,106,High Bridge - Morrisania,Annual Average 2011,2010-12-01,26.67,,2010,12,4,1
176632,375,Nitrogen dioxide (NO2),Mean,ppb,UHF42,502,Stapleton - St. George,Annual Average 2011,2010-12-01,18.29,,2010,12,4,1
173190,365,Fine particles (PM 2.5),Mean,mcg/m3,UHF34,105106107,South Bronx,Winter 2010-11,2010-12-01,14.54,,2010,12,4,1
177260,365,Fine particles (PM 2.5),Mean,mcg/m3,UHF42,410,Rockaways,Winter 2010-11,2010-12-01,10.28,,2010,12,4,1
179653,365,Fine particles (PM 2.5),Mean,mcg/m3,Borough,1,Bronx,Annual Average 2011,2010-12-01,10.82,,2010,12,4,1
165895,375,Nitrogen dioxide (NO2),Mean,ppb,CD,315,Sheepshead Bay (CD15),Winter 2010-11,2010-12-01,26.08,,2010,12,4,1
177249,365,Fine particles (PM 2.5),Mean,mcg/m3,UHF42,309,Union Square - Lower East Side,Winter 2010-11,2010-12-01,14.0,,2010,12,4,1
176630,375,Nitrogen dioxide (NO2),Mean,ppb,UHF42,410,Rockaways,Annual Average 2011,2010-12-01,14.27,,2010,12,4,1
174179,365,Fine particles (PM 2.5),Mean,mcg/m3,UHF34,103,Fordham - Bronx Pk,Annual Average 2011,2010-12-01,10.77,,2010,12,4,1
178508,365,Fine particles (PM 2.5),Mean,mcg/m3,UHF42,308,Greenwich Village - SoHo,Annual Average 2011,2010-12-01,12.04,,2010,12,4,1
168540,365,Fine particles (PM 2.5),Mean,mcg/m3,CD,305,East New York and Starrett City (CD5),Winter 2010-11,2010-12-01,12.34,,2010,12,4,1
176608,375,Nitrogen dioxide (NO2),Mean,ppb,UHF42,209,Bensonhurst - Bay Ridge,Annual Average 2011,2010-12-01,21.62,,2010,12,4,1
177229,365,Fine particles (PM 2.5),Mean,mcg/m3,UHF42,107,Hunts Point - Mott Haven,Winter 2010-11,2010-12-01,12.41,,2010,12,4,1
176602,375,Nitrogen dioxide (NO2),Mean,ppb,UHF42,203,Bedford Stuyvesant - Crown Heights,Annual Average 2011,2010-12-01,25.3,,2010,12,4,1
168541,365,Fine particles (PM 2.5),Mean,mcg/m3,CD,306,Park Slope and Carroll Gardens (CD6),Winter 2010-11,2010-12-01,13.89,,2010,12,4,1
165867,375,Nitrogen dioxide (NO2),Mean,ppb,CD,111,East Harlem (CD11),Winter 2010-11,2010-12-01,32.84,,2010,12,4,1
174200,365,Fine particles (PM 2.5),Mean,mcg/m3,UHF34,407,Southwest Queens,Annual Average 2011,2010-12-01,9.43,,2010,12,4,1
167666,375,Nitrogen dioxide (NO2),Mean,ppb,CD,316,Brownsville (CD16),Annual Average 2011,2010-12-01,24.23,,2010,12,4,1
178516,365,Fine particles (PM 2.5),Mean,mcg/m3,UHF42,406,Fresh Meadows,Annual Average 2011,2010-12-01,9.74,,2010,12,4,1
171634,375,Nitrogen dioxide (NO2),Mean,ppb,UHF34,204,East New York,Winter 2010-11,2010-12-01,30.26,,2010,12,4,1
173174,365,Fine particles (PM 2.5),Mean,mcg/m3,UHF34,303,East Harlem,Winter 2010-11,2010-12-01,14.13,,2010,12,4,1
168568,365,Fine particles (PM 2.5),Mean,mcg/m3,CD,501,St. George and Stapleton (CD1),Winter 2010-11,2010-12-01,11.97,,2010,12,4,1
175334,375,Nitrogen dioxide (NO2),Mean,ppb,UHF42,102,Northeast Bronx,Winter 2010-11,2010-12-01,25.99,,2010,12,4,1
173180,365,Fine particles (PM 2.5),Mean,mcg/m3,UHF34,407,Southwest Queens,Winter 2010-11,2010-12-01,11.69,,2010,12,4,1
168555,365,Fine particles (PM 2.5),Mean,mcg/m3,CD,402,Woodside and Sunnyside (CD2),Winter 2010-11,2010-12-01,13.98,,2010,12,4,1
170292,365,Fine particles (PM 2.5),Mean,mcg/m3,CD,111,East Harlem (CD11),Annual Average 2011,2010-12-01,11.12,,2010,12,4,1
178512,365,Fine particles (PM 2.5),Mean,mcg/m3,UHF42,402,West Queens,Annual Average 2011,2010-12-01,10.6,,2010,12,4,1
168550,365,Fine particles (PM 2.5),Mean,mcg/m3,CD,315,Sheepshead Bay (CD15),Winter 2010-11,2010-12-01,11.6,,2010,12,4,1
168521,365,Fine particles (PM 2.5),Mean,mcg/m3,CD,110,Central Harlem (CD10),Winter 2010-11,2010-12-01,14.3,,2010,12,4,1
171641,375,Nitrogen dioxide (NO2),Mean,ppb,UHF34,211,Williamsburg - Bushwick,Winter 2010-11,2010-12-01,32.58,,2010,12,4,1
168563,365,Fine particles (PM 2.5),Mean,mcg/m3,CD,410,South Ozone Park and Howard Beach (CD10),Winter 2010-11,2010-12-01,11.47,,2010,12,4,1
176621,375,Nitrogen dioxide (NO2),Mean,ppb,UHF42,401,Long Island City - Astoria,Annual Average 2011,2010-12-01,25.24,,2010,12,4,1
176600,375,Nitrogen dioxide (NO2),Mean,ppb,UHF42,201,Greenpoint,Annual Average 2011,2010-12-01,25.84,,2010,12,4,1
172670,375,Nitrogen dioxide (NO2),Mean,ppb,UHF34,407,Southwest Queens,Annual Average 2011,2010-12-01,22.21,,2010,12,4,1
177230,365,Fine particles (PM 2.5),Mean,mcg/m3,UHF42,201,Greenpoint,Winter 2010-11,2010-12-01,14.07,,2010,12,4,1
176601,375,Nitrogen dioxide (NO2),Mean,ppb,UHF42,202,Downtown - Heights - Slope,Annual Average 2011,2010-12-01,26.64,,2010,12,4,1
168569,365,Fine particles (PM 2.5),Mean,mcg/m3,CD,502,South Beach and Willowbrook (CD2),Winter 2010-11,2010-12-01,11.65,,2010,12,4,1
178498,365,Fine particles (PM 2.5),Mean,mcg/m3,UHF42,209,Bensonhurst - Bay Ridge,Annual Average 2011,2010-12-01,9.78,,2010,12,4,1
165899,375,Nitrogen dioxide (NO2),Mean,ppb,CD,401,Long Island City and Astoria (CD1),Winter 2010-11,2010-12-01,30.75,,2010,12,4,1
173187,365,Fine particles (PM 2.5),Mean,mcg/m3,UHF34,404406,Bayside Little Neck-Fresh Meadows,Winter 2010-11,2010-12-01,12.13,,2010,12,4,1
168517,365,Fine particles (PM 2.5),Mean,mcg/m3,CD,106,Stuyvesant Town and Turtle Bay (CD6),Winter 2010-11,2010-12-01,15.48,,2010,12,4,1
176616,375,Nitrogen dioxide (NO2),Mean,ppb,UHF42,306,Chelsea - Clinton,Annual Average 2011,2010-12-01,36.33,,2010,12,4,1
178483,365,Fine particles (PM 2.5),Mean,mcg/m3,UHF42,101,Kingsbridge - Riverdale,Annual Average 2011,2010-12-01,10.65,,2010,12,4,1
178501,365,Fine particles (PM 2.5),Mean,mcg/m3,UHF42,301,Washington Heights,Annual Average 2011,2010-12-01,11.12,,2010,12,4,1
175356,375,Nitrogen dioxide (NO2),Mean,ppb,UHF42,306,Chelsea - Clinton,Winter 2010-11,2010-12-01,39.66,,2010,12,4,1
165885,375,Nitrogen dioxide (NO2),Mean,ppb,CD,305,East New York and Starrett City (CD5),Winter 2010-11,2010-12-01,29.77,,2010,12,4,1
165912,375,Nitrogen dioxide (NO2),Mean,ppb,CD,414,Rockaway and Broad Channel (CD14),Winter 2010-11,2010-12-01,20.26,,2010,12,4,1
167636,375,Nitrogen dioxide (NO2),Mean,ppb,CD,110,Central Harlem (CD10),Annual Average 2011,2010-12-01,28.32,,2010,12,4,1
165866,375,Nitrogen dioxide (NO2),Mean,ppb,CD,110,Central Harlem (CD10),Winter 2010-11,2010-12-01,33.29,,2010,12,4,1
165902,375,Nitrogen dioxide (NO2),Mean,ppb,CD,404,Elmhurst and Corona (CD4),Winter 2010-11,2010-12-01,33.08,,2010,12,4,1
176606,375,Nitrogen dioxide (NO2),Mean,ppb,UHF42,207,East Flatbush - Flatbush,Annual Average 2011,2010-12-01,23.56,,2010,12,4,1
168570,365,Fine particles (PM 2.5),Mean,mcg/m3,CD,503,Tottenville and Great Kills (CD3),Winter 2010-11,2010-12-01,11.52,,2010,12,4,1
165859,375,Nitrogen dioxide (NO2),Mean,ppb,CD,103,Lower East Side and Chinatown (CD3),Winter 2010-11,2010-12-01,34.91,,2010,12,4,1
177223,365,Fine particles (PM 2.5),Mean,mcg/m3,UHF42,101,Kingsbridge - Riverdale,Winter 2010-11,2010-12-01,14.08,,2010,12,4,1
168516,365,Fine particles (PM 2.5),Mean,mcg/m3,CD,105,Midtown (CD5),Winter 2010-11,2010-12-01,16.99,,2010,12,4,1
179135,375,Nitrogen dioxide (NO2),Mean,ppb,Citywide,1,New York City,Annual Average 2011,2010-12-01,21.58,,2010,12,4,1
167678,375,Nitrogen dioxide (NO2),Mean,ppb,CD,410,South Ozone Park and Howard Beach (CD10),Annual Average 2011,2010-12-01,21.48,,2010,12,4,1
178522,365,Fine particles (PM 2.5),Mean,mcg/m3,UHF42,502,Stapleton - St. George,Annual Average 2011,2010-12-01,9.36,,2010,12,4,1
176607,375,Nitrogen dioxide (NO2),Mean,ppb,UHF42,208,Canarsie - Flatlands,Annual Average 2011,2010-12-01,19.21,,2010,12,4,1
165878,375,Nitrogen dioxide (NO2),Mean,ppb,CD,210,Throgs Neck and Co-op City (CD10),Winter 2010-11,2010-12-01,26.39,,2010,12,4,1
171654,375,Nitrogen dioxide (NO2),Mean,ppb,UHF34,305307,Upper East Side-Gramercy,Winter 2010-11,2010-12-01,38.87,,2010,12,4,1
178513,365,Fine particles (PM 2.5),Mean,mcg/m3,UHF42,403,Flushing - Clearview,Annual Average 2011,2010-12-01,10.05,,2010,12,4,1
167655,375,Nitrogen dioxide (NO2),Mean,ppb,CD,305,East New York and Starrett City (CD5),Annual Average 2011,2010-12-01,22.43,,2010,12,4,1
174193,365,Fine particles (PM 2.5),Mean,mcg/m3,UHF34,302,Central Harlem - Morningside Heights,Annual Average 2011,2010-12-01,11.13,,2010,12,4,1
174197,365,Fine particles (PM 2.5),Mean,mcg/m3,UHF34,402,West Queens,Annual Average 2011,2010-12-01,10.6,,2010,12,4,1
170296,365,Fine particles (PM 2.5),Mean,mcg/m3,CD,203,Morrisania and Crotona (CD3),Annual Average 2011,2010-12-01,11.09,,2010,12,4,1
165870,375,Nitrogen dioxide (NO2),Mean,ppb,CD,202,Hunts Point and Longwood (CD2),Winter 2010-11,2010-12-01,30.57,,2010,12,4,1
167673,375,Nitrogen dioxide (NO2),Mean,ppb,CD,405,Ridgewood and Maspeth (CD5),Annual Average 2011,2010-12-01,23.31,,2010,12,4,1
178491,365,Fine particles (PM 2.5),Mean,mcg/m3,UHF42,202,Downtown - Heights - Slope,Annual Average 2011,2010-12-01,11.14,,2010,12,4,1
170324,365,Fine particles (PM 2.5),Mean,mcg/m3,CD,401,Long Island City and Astoria (CD1),Annual Average 2011,2010-12-01,10.38,,2010,12,4,1
168528,365,Fine particles (PM 2.5),Mean,mcg/m3,CD,205,Fordham and University Heights (CD5),Winter 2010-11,2010-12-01,15.05,,2010,12,4,1
167648,375,Nitrogen dioxide (NO2),Mean,ppb,CD,210,Throgs Neck and Co-op City (CD10),Annual Average 2011,2010-12-01,20.44,,2010,12,4,1
173169,365,Fine particles (PM 2.5),Mean,mcg/m3,UHF34,209,Bensonhurst - Bay Ridge,Winter 2010-11,2010-12-01,12.14,,2010,12,4,1
173176,365,Fine particles (PM 2.5),Mean,mcg/m3,UHF34,401,Long Island City - Astoria,Winter 2010-11,2010-12-01,13.64,,2010,12,4,1
165884,375,Nitrogen dioxide (NO2),Mean,ppb,CD,304,Bushwick (CD4),Winter 2010-11,2010-12-01,31.75,,2010,12,4,1
178523,365,Fine particles (PM 2.5),Mean,mcg/m3,UHF42,503,Willowbrook,Annual Average 2011,2010-12-01,9.63,,2010,12,4,1
165857,375,Nitrogen dioxide (NO2),Mean,ppb,CD,101,Financial District (CD1),Winter 2010-11,2010-12-01,37.93,,2010,12,4,1
177243,365,Fine particles (PM 2.5),Mean,mcg/m3,UHF42,303,East Harlem,Winter 2010-11,2010-12-01,13.86,,2010,12,4,1
167632,375,Nitrogen dioxide (NO2),Mean,ppb,CD,106,Stuyvesant Town and Turtle Bay (CD6),Annual Average 2011,2010-12-01,36.42,,2010,12,4,1
178515,365,Fine particles (PM 2.5),Mean,mcg/m3,UHF42,405,Ridgewood - Forest Hills,Annual Average 2011,2010-12-01,9.95,,2010,12,4,1
167647,375,Nitrogen dioxide (NO2),Mean,ppb,CD,209,Parkchester and Soundview (CD9),Annual Average 2011,2010-12-01,23.03,,2010,12,4,1
165913,375,Nitrogen dioxide (NO2),Mean,ppb,CD,501,St. George and Stapleton (CD1),Winter 2010-11,2010-12-01,27.18,,2010,12,4,1
167644,375,Nitrogen dioxide (NO2),Mean,ppb,CD,206,Belmont and East Tremont (CD6),Annual Average 2011,2010-12-01,24.81,,2010,12,4,1
172658,375,Nitrogen dioxide (NO2),Mean,ppb,UHF34,208,Canarsie - Flatlands,Annual Average 2011,2010-12-01,19.21,,2010,12,4,1
172653,375,Nitrogen dioxide (NO2),Mean,ppb,UHF34,203,Bedford Stuyvesant - Crown Heights,Annual Average 2011,2010-12-01,25.3,,2010,12,4,1
171628,375,Nitrogen dioxide (NO2),Mean,ppb,UHF34,102,Northeast Bronx,Winter 2010-11,2010-12-01,25.99,,2010,12,4,1
176626,375,Nitrogen dioxide (NO2),Mean,ppb,UHF42,406,Fresh Meadows,Annual Average 2011,2010-12-01,22.1,,2010,12,4,1
168558,365,Fine particles (PM 2.5),Mean,mcg/m3,CD,405,Ridgewood and Maspeth (CD5),Winter 2010-11,2010-12-01,12.61,,2010,12,4,1
171647,375,Nitrogen dioxide (NO2),Mean,ppb,UHF34,402,West Queens,Winter 2010-11,2010-12-01,31.99,,2010,12,4,1
168551,365,Fine particles (PM 2.5),Mean,mcg/m3,CD,316,Brownsville (CD16),Winter 2010-11,2010-12-01,12.7,,2010,12,4,1
167667,375,Nitrogen dioxide (NO2),Mean,ppb,CD,317,East Flatbush (CD17),Annual Average 2011,2010-12-01,23.62,,2010,12,4,1
177251,365,Fine particles (PM 2.5),Mean,mcg/m3,UHF42,401,Long Island City - Astoria,Winter 2010-11,2010-12-01,13.64,,2010,12,4,1
168533,365,Fine particles (PM 2.5),Mean,mcg/m3,CD,210,Throgs Neck and Co-op City (CD10),Winter 2010-11,2010-12-01,13.1,,2010,12,4,1
168535,365,Fine particles (PM 2.5),Mean,mcg/m3,CD,212,Williamsbridge and Baychester (CD12),Winter 2010-11,2010-12-01,13.35,,2010,12,4,1
168539,365,Fine particles (PM 2.5),Mean,mcg/m3,CD,304,Bushwick (CD4),Winter 2010-11,2010-12-01,12.75,,2010,12,4,1
176612,375,Nitrogen dioxide (NO2),Mean,ppb,UHF42,302,Central Harlem - Morningside Heights,Annual Average 2011,2010-12-01,28.23,,2010,12,4,1
167643,375,Nitrogen dioxide (NO2),Mean,ppb,CD,205,Fordham and University Heights (CD5),Annual Average 2011,2010-12-01,26.79,,2010,12,4,1
170318,365,Fine particles (PM 2.5),Mean,mcg/m3,CD,313,Coney Island (CD13),Annual Average 2011,2010-12-01,9.37,,2010,12,4,1
170282,365,Fine particles (PM 2.5),Mean,mcg/m3,CD,101,Financial District (CD1),Annual Average 2011,2010-12-01,12.27,,2010,12,4,1
167657,375,Nitrogen dioxide (NO2),Mean,ppb,CD,307,Sunset Park (CD7),Annual Average 2011,2010-12-01,24.01,,2010,12,4,1
170295,365,Fine particles (PM 2.5),Mean,mcg/m3,CD,202,Hunts Point and Longwood (CD2),Annual Average 2011,2010-12-01,11.47,,2010,12,4,1
174194,365,Fine particles (PM 2.5),Mean,mcg/m3,UHF34,303,East Harlem,Annual Average 2011,2010-12-01,11.12,,2010,12,4,1
170336,365,Fine particles (PM 2.5),Mean,mcg/m3,CD,413,Queens Village (CD13),Annual Average 2011,2010-12-01,9.17,,2010,12,4,1
174198,365,Fine particles (PM 2.5),Mean,mcg/m3,UHF34,403,Flushing - Clearview,Annual Average 2011,2010-12-01,10.05,,2010,12,4,1
170328,365,Fine particles (PM 2.5),Mean,mcg/m3,CD,405,Ridgewood and Maspeth (CD5),Annual Average 2011,2010-12-01,10.23,,2010,12,4,1
165903,375,Nitrogen dioxide (NO2),Mean,ppb,CD,405,Ridgewood and Maspeth (CD5),Winter 2010-11,2010-12-01,30.7,,2010,12,4,1
170303,365,Fine particles (PM 2.5),Mean,mcg/m3,CD,210,Throgs Neck and Co-op City (CD10),Annual Average 2011,2010-12-01,10.42,,2010,12,4,1
170291,365,Fine particles (PM 2.5),Mean,mcg/m3,CD,110,Central Harlem (CD10),Annual Average 2011,2010-12-01,11.08,,2010,12,4,1
179105,375,Nitrogen dioxide (NO2),Mean,ppb,Citywide,1,New York City,Winter 2010-11,2010-12-01,28.07,,2010,12,4,1
165881,375,Nitrogen dioxide (NO2),Mean,ppb,CD,301,Greenpoint and Williamsburg (CD1),Winter 2010-11,2010-12-01,32.33,,2010,12,4,1
168537,365,Fine particles (PM 2.5),Mean,mcg/m3,CD,302,Fort Greene and Brooklyn Heights (CD2),Winter 2010-11,2010-12-01,13.78,,2010,12,4,1
165901,375,Nitrogen dioxide (NO2),Mean,ppb,CD,403,Jackson Heights (CD3),Winter 2010-11,2010-12-01,31.75,,2010,12,4,1
175374,375,Nitrogen dioxide (NO2),Mean,ppb,UHF42,504,South Beach - Tottenville,Winter 2010-11,2010-12-01,20.56,,2010,12,4,1
167639,375,Nitrogen dioxide (NO2),Mean,ppb,CD,201,Mott Haven and Melrose (CD1),Annual Average 2011,2010-12-01,25.92,,2010,12,4,1
170326,365,Fine particles (PM 2.5),Mean,mcg/m3,CD,403,Jackson Heights (CD3),Annual Average 2011,2010-12-01,9.94,,2010,12,4,1
170327,365,Fine particles (PM 2.5),Mean,mcg/m3,CD,404,Elmhurst and Corona (CD4),Annual Average 2011,2010-12-01,10.3,,2010,12,4,1
172669,375,Nitrogen dioxide (NO2),Mean,ppb,UHF34,405,Ridgewood - Forest Hills,Annual Average 2011,2010-12-01,23.26,,2010,12,4,1
178510,365,Fine particles (PM 2.5),Mean,mcg/m3,UHF42,310,Lower Manhattan,Annual Average 2011,2010-12-01,12.28,,2010,12,4,1
173173,365,Fine particles (PM 2.5),Mean,mcg/m3,UHF34,302,Central Harlem - Morningside Heights,Winter 2010-11,2010-12-01,14.35,,2010,12,4,1
174196,365,Fine particles (PM 2.5),Mean,mcg/m3,UHF34,401,Long Island City - Astoria,Annual Average 2011,2010-12-01,11.02,,2010,12,4,1
170301,365,Fine particles (PM 2.5),Mean,mcg/m3,CD,208,Riverdale and Fieldston (CD8),Annual Average 2011,2010-12-01,10.65,,2010,12,4,1
168532,365,Fine particles (PM 2.5),Mean,mcg/m3,CD,209,Parkchester and Soundview (CD9),Winter 2010-11,2010-12-01,13.58,,2010,12,4,1
171635,375,Nitrogen dioxide (NO2),Mean,ppb,UHF34,205,Sunset Park,Winter 2010-11,2010-12-01,30.6,,2010,12,4,1
173162,365,Fine particles (PM 2.5),Mean,mcg/m3,UHF34,202,Downtown - Heights - Slope,Winter 2010-11,2010-12-01,13.85,,2010,12,4,1
165888,375,Nitrogen dioxide (NO2),Mean,ppb,CD,308,Crown Heights and Prospect Heights (CD8),Winter 2010-11,2010-12-01,32.73,,2010,12,4,1
168514,365,Fine particles (PM 2.5),Mean,mcg/m3,CD,103,Lower East Side and Chinatown (CD3),Winter 2010-11,2010-12-01,13.85,,2010,12,4,1
177252,365,Fine particles (PM 2.5),Mean,mcg/m3,UHF42,402,West Queens,Winter 2010-11,2010-12-01,13.05,,2010,12,4,1
178493,365,Fine particles (PM 2.5),Mean,mcg/m3,UHF42,204,East New York,Annual Average 2011,2010-12-01,10.09,,2010,12,4,1
170305,365,Fine particles (PM 2.5),Mean,mcg/m3,CD,212,Williamsbridge and Baychester (CD12),Annual Average 2011,2010-12-01,10.41,,2010,12,4,1
172661,375,Nitrogen dioxide (NO2),Mean,ppb,UHF34,211,Williamsburg - Bushwick,Annual Average 2011,2010-12-01,25.75,,2010,12,4,1
170293,365,Fine particles (PM 2.5),Mean,mcg/m3,CD,112,Washington Heights and Inwood (CD12),Annual Average 2011,2010-12-01,11.13,,2010,12,4,1
175346,375,Nitrogen dioxide (NO2),Mean,ppb,UHF42,207,East Flatbush - Flatbush,Winter 2010-11,2010-12-01,30.47,,2010,12,4,1
172652,375,Nitrogen dioxide (NO2),Mean,ppb,UHF34,202,Downtown - Heights - Slope,Annual Average 2011,2010-12-01,26.64,,2010,12,4,1
179654,365,Fine particles (PM 2.5),Mean,mcg/m3,Borough,2,Brooklyn,Annual Average 2011,2010-12-01,10.2,,2010,12,4,1
173171,365,Fine particles (PM 2.5),Mean,mcg/m3,UHF34,211,Williamsburg - Bushwick,Winter 2010-11,2010-12-01,13.37,,2010,12,4,1
170287,365,Fine particles (PM 2.5),Mean,mcg/m3,CD,106,Stuyvesant Town and Turtle Bay (CD6),Annual Average 2011,2010-12-01,13.13,,2010,12,4,1
177256,365,Fine particles (PM 2.5),Mean,mcg/m3,UHF42,406,Fresh Meadows,Winter 2010-11,2010-12-01,12.14,,2010,12,4,1
171652,375,Nitrogen dioxide (NO2),Mean,ppb,UHF34,409,Southeast Queens,Winter 2010-11,2010-12-01,25.66,,2010,12,4,1
173158,365,Fine particles (PM 2.5),Mean,mcg/m3,UHF34,102,Northeast Bronx,Winter 2010-11,2010-12-01,13.35,,2010,12,4,1
170325,365,Fine particles (PM 2.5),Mean,mcg/m3,CD,402,Woodside and Sunnyside (CD2),Annual Average 2011,2010-12-01,11.48,,2010,12,4,1
167651,375,Nitrogen dioxide (NO2),Mean,ppb,CD,301,Greenpoint and Williamsburg (CD1),Annual Average 2011,2010-12-01,25.87,,2010,12,4,1
170333,365,Fine particles (PM 2.5),Mean,mcg/m3,CD,410,South Ozone Park and Howard Beach (CD10),Annual Average 2011,2010-12-01,9.24,,2010,12,4,1
171633,375,Nitrogen dioxide (NO2),Mean,ppb,UHF34,203,Bedford Stuyvesant - Crown Heights,Winter 2010-11,2010-12-01,32.21,,2010,12,4,1
168536,365,Fine particles (PM 2.5),Mean,mcg/m3,CD,301,Greenpoint and Williamsburg (CD1),Winter 2010-11,2010-12-01,14.16,,2010,12,4,1
178505,365,Fine particles (PM 2.5),Mean,mcg/m3,UHF42,305,Upper East Side,Annual Average 2011,2010-12-01,12.1,,2010,12,4,1
168561,365,Fine particles (PM 2.5),Mean,mcg/m3,CD,408,Hillcrest and Fresh Meadows (CD8),Winter 2010-11,2010-12-01,12.08,,2010,12,4,1
165906,375,Nitrogen dioxide (NO2),Mean,ppb,CD,408,Hillcrest and Fresh Meadows (CD8),Winter 2010-11,2010-12-01,28.88,,2010,12,4,1
177237,365,Fine particles (PM 2.5),Mean,mcg/m3,UHF42,208,Canarsie - Flatlands,Winter 2010-11,2010-12-01,11.81,,2010,12,4,1
170286,365,Fine particles (PM 2.5),Mean,mcg/m3,CD,105,Midtown (CD5),Annual Average 2011,2010-12-01,14.8,,2010,12,4,1
177248,365,Fine particles (PM 2.5),Mean,mcg/m3,UHF42,308,Greenwich Village - SoHo,Winter 2010-11,2010-12-01,14.62,,2010,12,4,1
176619,375,Nitrogen dioxide (NO2),Mean,ppb,UHF42,309,Union Square - Lower East Side,Annual Average 2011,2010-12-01,30.45,,2010,12,4,1
165860,375,Nitrogen dioxide (NO2),Mean,ppb,CD,104,Clinton and Chelsea (CD4),Winter 2010-11,2010-12-01,37.32,,2010,12,4,1
170337,365,Fine particles (PM 2.5),Mean,mcg/m3,CD,414,Rockaway and Broad Channel (CD14),Annual Average 2011,2010-12-01,8.44,,2010,12,4,1
178488,365,Fine particles (PM 2.5),Mean,mcg/m3,UHF42,106,High Bridge - Morrisania,Annual Average 2011,2010-12-01,11.44,,2010,12,4,1
167682,375,Nitrogen dioxide (NO2),Mean,ppb,CD,414,Rockaway and Broad Channel (CD14),Annual Average 2011,2010-12-01,14.15,,2010,12,4,1
178503,365,Fine particles (PM 2.5),Mean,mcg/m3,UHF42,303,East Harlem,Annual Average 2011,2010-12-01,11.12,,2010,12,4,1
175355,375,Nitrogen dioxide (NO2),Mean,ppb,UHF42,305,Upper East Side,Winter 2010-11,2010-12-01,35.88,,2010,12,4,1
177254,365,Fine particles (PM 2.5),Mean,mcg/m3,UHF42,404,Bayside - Little Neck,Winter 2010-11,2010-12-01,12.12,,2010,12,4,1
167628,375,Nitrogen dioxide (NO2),Mean,ppb,CD,102,Greenwich Village and Soho (CD2),Annual Average 2011,2010-12-01,32.3,,2010,12,4,1
171638,375,Nitrogen dioxide (NO2),Mean,ppb,UHF34,208,Canarsie - Flatlands,Winter 2010-11,2010-12-01,26.24,,2010,12,4,1
179507,365,Fine particles (PM 2.5),Mean,mcg/m3,Borough,5,Staten Island,Winter 2010-11,2010-12-01,11.68,,2010,12,4,1
176618,375,Nitrogen dioxide (NO2),Mean,ppb,UHF42,308,Greenwich Village - SoHo,Annual Average 2011,2010-12-01,32.25,,2010,12,4,1
169366,365,Fine particles (PM 2.5),Mean,mcg/m3,CD,305,East New York and Starrett City (CD5),Summer 2010,2010-06-01,11.89,,2010,6,2,1
179350,375,Nitrogen dioxide (NO2),Mean,ppb,Borough,3,Manhattan,Summer 2010,2010-06-01,28.52,,2010,6,2,1
173659,365,Fine particles (PM 2.5),Mean,mcg/m3,UHF34,410,Rockaways,Summer 2010,2010-06-01,10.74,,2010,6,2,1
222432,386,Ozone (O3),Mean,ppb,UHF42,106,High Bridge - Morrisania,Summer 2010,2010-06-01,31.25,,2010,6,2,1
169363,365,Fine particles (PM 2.5),Mean,mcg/m3,CD,302,Fort Greene and Brooklyn Heights (CD2),Summer 2010,2010-06-01,12.72,,2010,6,2,1
169358,365,Fine particles (PM 2.5),Mean,mcg/m3,CD,209,Parkchester and Soundview (CD9),Summer 2010,2010-06-01,12.02,,2010,6,2,1
221868,386,Ozone (O3),Mean,ppb,UHF34,210,Coney Island - Sheepshead Bay,Summer 2010,2010-06-01,36.52,,2010,6,2,1
173640,365,Fine particles (PM 2.5),Mean,mcg/m3,UHF34,204,East New York,Summer 2010,2010-06-01,11.93,,2010,6,2,1
169339,365,Fine particles (PM 2.5),Mean,mcg/m3,CD,102,Greenwich Village and Soho (CD2),Summer 2010,2010-06-01,13.71,,2010,6,2,1
169350,365,Fine particles (PM 2.5),Mean,mcg/m3,CD,201,Mott Haven and Melrose (CD1),Summer 2010,2010-06-01,12.96,,2010,6,2,1
169345,365,Fine particles (PM 2.5),Mean,mcg/m3,CD,108,Upper East Side (CD8),Summer 2010,2010-06-01,13.68,,2010,6,2,1
179349,375,Nitrogen dioxide (NO2),Mean,ppb,Borough,2,Brooklyn,Summer 2010,2010-06-01,18.23,,2010,6,2,1
222546,386,Ozone (O3),Mean,ppb,UHF42,307,Gramercy Park - Murray Hill,Summer 2010,2010-06-01,23.9,,2010,6,2,1
173666,365,Fine particles (PM 2.5),Mean,mcg/m3,UHF34,105106107,South Bronx,Summer 2010,2010-06-01,12.64,,2010,6,2,1
216495,386,Ozone (O3),Mean,ppb,CD,313,Coney Island (CD13),Summer 2010,2010-06-01,37.44,,2010,6,2,1
221970,386,Ozone (O3),Mean,ppb,UHF34,404406,Bayside Little Neck-Fresh Meadows,Summer 2010,2010-06-01,33.4,,2010,6,2,1
169378,365,Fine particles (PM 2.5),Mean,mcg/m3,CD,317,East Flatbush (CD17),Summer 2010,2010-06-01,11.92,,2010,6,2,1
175921,375,Nitrogen dioxide (NO2),Mean,ppb,UHF42,101,Kingsbridge - Riverdale,Summer 2010,2010-06-01,18.07,,2010,6,2,1
169364,365,Fine particles (PM 2.5),Mean,mcg/m3,CD,303,Bedford Stuyvesant (CD3),Summer 2010,2010-06-01,12.04,,2010,6,2,1
169341,365,Fine particles (PM 2.5),Mean,mcg/m3,CD,104,Clinton and Chelsea (CD4),Summer 2010,2010-06-01,14.09,,2010,6,2,1
169362,365,Fine particles (PM 2.5),Mean,mcg/m3,CD,301,Greenpoint and Williamsburg (CD1),Summer 2010,2010-06-01,13.41,,2010,6,2,1
175926,375,Nitrogen dioxide (NO2),Mean,ppb,UHF42,106,High Bridge - Morrisania,Summer 2010,2010-06-01,23.66,,2010,6,2,1
179348,375,Nitrogen dioxide (NO2),Mean,ppb,Borough,1,Bronx,Summer 2010,2010-06-01,19.42,,2010,6,2,1
175935,375,Nitrogen dioxide (NO2),Mean,ppb,UHF42,208,Canarsie - Flatlands,Summer 2010,2010-06-01,14.28,,2010,6,2,1
179351,375,Nitrogen dioxide (NO2),Mean,ppb,Borough,4,Queens,Summer 2010,2010-06-01,17.42,,2010,6,2,1
173641,365,Fine particles (PM 2.5),Mean,mcg/m3,UHF34,205,Sunset Park,Summer 2010,2010-06-01,12.46,,2010,6,2,1
173638,365,Fine particles (PM 2.5),Mean,mcg/m3,UHF34,202,Downtown - Heights - Slope,Summer 2010,2010-06-01,12.73,,2010,6,2,1
173651,365,Fine particles (PM 2.5),Mean,mcg/m3,UHF34,304,Upper West Side,Summer 2010,2010-06-01,13.03,,2010,6,2,1
175925,375,Nitrogen dioxide (NO2),Mean,ppb,UHF42,105,Crotona -Tremont,Summer 2010,2010-06-01,22.54,,2010,6,2,1
175928,375,Nitrogen dioxide (NO2),Mean,ppb,UHF42,201,Greenpoint,Summer 2010,2010-06-01,21.41,,2010,6,2,1
173645,365,Fine particles (PM 2.5),Mean,mcg/m3,UHF34,209,Bensonhurst - Bay Ridge,Summer 2010,2010-06-01,11.56,,2010,6,2,1
166702,375,Nitrogen dioxide (NO2),Mean,ppb,CD,208,Riverdale and Fieldston (CD8),Summer 2010,2010-06-01,18.09,,2010,6,2,1
166686,375,Nitrogen dioxide (NO2),Mean,ppb,CD,104,Clinton and Chelsea (CD4),Summer 2010,2010-06-01,31.25,,2010,6,2,1
166714,375,Nitrogen dioxide (NO2),Mean,ppb,CD,308,Crown Heights and Prospect Heights (CD8),Summer 2010,2010-06-01,21.63,,2010,6,2,1
216573,386,Ozone (O3),Mean,ppb,CD,408,Hillcrest and Fresh Meadows (CD8),Summer 2010,2010-06-01,32.91,,2010,6,2,1
169389,365,Fine particles (PM 2.5),Mean,mcg/m3,CD,410,South Ozone Park and Howard Beach (CD10),Summer 2010,2010-06-01,11.18,,2010,6,2,1
169373,365,Fine particles (PM 2.5),Mean,mcg/m3,CD,312,Borough Park (CD12),Summer 2010,2010-06-01,11.74,,2010,6,2,1
177839,365,Fine particles (PM 2.5),Mean,mcg/m3,UHF42,401,Long Island City - Astoria,Summer 2010,2010-06-01,12.81,,2010,6,2,1
177818,365,Fine particles (PM 2.5),Mean,mcg/m3,UHF42,201,Greenpoint,Summer 2010,2010-06-01,13.32,,2010,6,2,1
166727,375,Nitrogen dioxide (NO2),Mean,ppb,CD,403,Jackson Heights (CD3),Summer 2010,2010-06-01,20.2,,2010,6,2,1
166687,375,Nitrogen dioxide (NO2),Mean,ppb,CD,105,Midtown (CD5),Summer 2010,2010-06-01,41.44,,2010,6,2,1
172116,375,Nitrogen dioxide (NO2),Mean,ppb,UHF34,210,Coney Island - Sheepshead Bay,Summer 2010,2010-06-01,14.02,,2010,6,2,1
172120,375,Nitrogen dioxide (NO2),Mean,ppb,UHF34,303,East Harlem,Summer 2010,2010-06-01,24.41,,2010,6,2,1
221826,386,Ozone (O3),Mean,ppb,UHF34,203,Bedford Stuyvesant - Crown Heights,Summer 2010,2010-06-01,32.27,,2010,6,2,1
221952,386,Ozone (O3),Mean,ppb,UHF34,305307,Upper East Side-Gramercy,Summer 2010,2010-06-01,26.19,,2010,6,2,1
172129,375,Nitrogen dioxide (NO2),Mean,ppb,UHF34,410,Rockaways,Summer 2010,2010-06-01,10.1,,2010,6,2,1
172110,375,Nitrogen dioxide (NO2),Mean,ppb,UHF34,204,East New York,Summer 2010,2010-06-01,18.11,,2010,6,2,1
169390,365,Fine particles (PM 2.5),Mean,mcg/m3,CD,411,Bayside and Little Neck (CD11),Summer 2010,2010-06-01,11.25,,2010,6,2,1
221844,386,Ozone (O3),Mean,ppb,UHF34,206,Borough Park,Summer 2010,2010-06-01,33.38,,2010,6,2,1
166701,375,Nitrogen dioxide (NO2),Mean,ppb,CD,207,Kingsbridge Heights and Bedford (CD7),Summer 2010,2010-06-01,21.48,,2010,6,2,1
166738,375,Nitrogen dioxide (NO2),Mean,ppb,CD,414,Rockaway and Broad Channel (CD14),Summer 2010,2010-06-01,9.96,,2010,6,2,1
166731,375,Nitrogen dioxide (NO2),Mean,ppb,CD,407,Flushing and Whitestone (CD7),Summer 2010,2010-06-01,17.79,,2010,6,2,1
166720,375,Nitrogen dioxide (NO2),Mean,ppb,CD,314,Flatbush and Midwood (CD14),Summer 2010,2010-06-01,18.28,,2010,6,2,1
175962,375,Nitrogen dioxide (NO2),Mean,ppb,UHF42,504,South Beach - Tottenville,Summer 2010,2010-06-01,9.5,,2010,6,2,1
175931,375,Nitrogen dioxide (NO2),Mean,ppb,UHF42,204,East New York,Summer 2010,2010-06-01,18.11,,2010,6,2,1
169386,365,Fine particles (PM 2.5),Mean,mcg/m3,CD,407,Flushing and Whitestone (CD7),Summer 2010,2010-06-01,11.62,,2010,6,2,1
221850,386,Ozone (O3),Mean,ppb,UHF34,207,East Flatbush - Flatbush,Summer 2010,2010-06-01,33.33,,2010,6,2,1
222576,386,Ozone (O3),Mean,ppb,UHF42,402,West Queens,Summer 2010,2010-06-01,33.17,,2010,6,2,1
175952,375,Nitrogen dioxide (NO2),Mean,ppb,UHF42,404,Bayside - Little Neck,Summer 2010,2010-06-01,16.02,,2010,6,2,1
173648,365,Fine particles (PM 2.5),Mean,mcg/m3,UHF34,301,Washington Heights,Summer 2010,2010-06-01,12.3,,2010,6,2,1
169354,365,Fine particles (PM 2.5),Mean,mcg/m3,CD,205,Fordham and University Heights (CD5),Summer 2010,2010-06-01,12.82,,2010,6,2,1
221874,386,Ozone (O3),Mean,ppb,UHF34,211,Williamsburg - Bushwick,Summer 2010,2010-06-01,32.38,,2010,6,2,1
166691,375,Nitrogen dioxide (NO2),Mean,ppb,CD,109,Morningside Heights and Hamilton Heights (CD9),Summer 2010,2010-06-01,25.39,,2010,6,2,1
172115,375,Nitrogen dioxide (NO2),Mean,ppb,UHF34,209,Bensonhurst - Bay Ridge,Summer 2010,2010-06-01,16.91,,2010,6,2,1
172117,375,Nitrogen dioxide (NO2),Mean,ppb,UHF34,211,Williamsburg - Bushwick,Summer 2010,2010-06-01,21.25,,2010,6,2,1
216279,386,Ozone (O3),Mean,ppb,CD,101,Financial District (CD1),Summer 2010,2010-06-01,27.04,,2010,6,2,1
175940,375,Nitrogen dioxide (NO2),Mean,ppb,UHF42,302,Central Harlem - Morningside Heights,Summer 2010,2010-06-01,25.48,,2010,6,2,1
222516,386,Ozone (O3),Mean,ppb,UHF42,302,Central Harlem - Morningside Heights,Summer 2010,2010-06-01,29.75,,2010,6,2,1
166699,375,Nitrogen dioxide (NO2),Mean,ppb,CD,205,Fordham and University Heights (CD5),Summer 2010,2010-06-01,24.06,,2010,6,2,1
166683,375,Nitrogen dioxide (NO2),Mean,ppb,CD,101,Financial District (CD1),Summer 2010,2010-06-01,31.24,,2010,6,2,1
179574,365,Fine particles (PM 2.5),Mean,mcg/m3,Borough,2,Brooklyn,Summer 2010,2010-06-01,11.96,,2010,6,2,1
177835,365,Fine particles (PM 2.5),Mean,mcg/m3,UHF42,307,Gramercy Park - Murray Hill,Summer 2010,2010-06-01,15.38,,2010,6,2,1
177836,365,Fine particles (PM 2.5),Mean,mcg/m3,UHF42,308,Greenwich Village - SoHo,Summer 2010,2010-06-01,13.66,,2010,6,2,1
169343,365,Fine particles (PM 2.5),Mean,mcg/m3,CD,106,Stuyvesant Town and Turtle Bay (CD6),Summer 2010,2010-06-01,14.68,,2010,6,2,1
177825,365,Fine particles (PM 2.5),Mean,mcg/m3,UHF42,208,Canarsie - Flatlands,Summer 2010,2010-06-01,11.44,,2010,6,2,1
177814,365,Fine particles (PM 2.5),Mean,mcg/m3,UHF42,104,Pelham - Throgs Neck,Summer 2010,2010-06-01,11.87,,2010,6,2,1
179119,375,Nitrogen dioxide (NO2),Mean,ppb,Citywide,1,New York City,Summer 2010,2010-06-01,17.59,,2010,6,2,1
219693,386,Ozone (O3),Mean,ppb,Citywide,1,New York City,Summer 2010,2010-06-01,33.68,,2010,6,2,1
177829,365,Fine particles (PM 2.5),Mean,mcg/m3,UHF42,301,Washington Heights,Summer 2010,2010-06-01,12.11,,2010,6,2,1
216603,386,Ozone (O3),Mean,ppb,CD,413,Queens Village (CD13),Summer 2010,2010-06-01,34.42,,2010,6,2,1
179576,365,Fine particles (PM 2.5),Mean,mcg/m3,Borough,4,Queens,Summer 2010,2010-06-01,11.53,,2010,6,2,1
166700,375,Nitrogen dioxide (NO2),Mean,ppb,CD,206,Belmont and East Tremont (CD6),Summer 2010,2010-06-01,21.71,,2010,6,2,1
166688,375,Nitrogen dioxide (NO2),Mean,ppb,CD,106,Stuyvesant Town and Turtle Bay (CD6),Summer 2010,2010-06-01,34.62,,2010,6,2,1
169375,365,Fine particles (PM 2.5),Mean,mcg/m3,CD,314,Flatbush and Midwood (CD14),Summer 2010,2010-06-01,11.73,,2010,6,2,1
222648,386,Ozone (O3),Mean,ppb,UHF42,504,South Beach - Tottenville,Summer 2010,2010-06-01,36.53,,2010,6,2,1
175951,375,Nitrogen dioxide (NO2),Mean,ppb,UHF42,403,Flushing - Clearview,Summer 2010,2010-06-01,17.83,,2010,6,2,1
175943,375,Nitrogen dioxide (NO2),Mean,ppb,UHF42,305,Upper East Side,Summer 2010,2010-06-01,28.98,,2010,6,2,1
166707,375,Nitrogen dioxide (NO2),Mean,ppb,CD,301,Greenpoint and Williamsburg (CD1),Summer 2010,2010-06-01,21.44,,2010,6,2,1
175949,375,Nitrogen dioxide (NO2),Mean,ppb,UHF42,401,Long Island City - Astoria,Summer 2010,2010-06-01,20.91,,2010,6,2,1
166706,375,Nitrogen dioxide (NO2),Mean,ppb,CD,212,Williamsbridge and Baychester (CD12),Summer 2010,2010-06-01,17.48,,2010,6,2,1
216477,386,Ozone (O3),Mean,ppb,CD,310,Bay Ridge and Dyker Heights (CD10),Summer 2010,2010-06-01,33.44,,2010,6,2,1
216597,386,Ozone (O3),Mean,ppb,CD,412,Jamaica and Hollis (CD12),Summer 2010,2010-06-01,33.65,,2010,6,2,1
175932,375,Nitrogen dioxide (NO2),Mean,ppb,UHF42,205,Sunset Park,Summer 2010,2010-06-01,19.51,,2010,6,2,1
222426,386,Ozone (O3),Mean,ppb,UHF42,105,Crotona -Tremont,Summer 2010,2010-06-01,31.63,,2010,6,2,1
222534,386,Ozone (O3),Mean,ppb,UHF42,305,Upper East Side,Summer 2010,2010-06-01,28.21,,2010,6,2,1
216465,386,Ozone (O3),Mean,ppb,CD,308,Crown Heights and Prospect Heights (CD8),Summer 2010,2010-06-01,31.68,,2010,6,2,1
222480,386,Ozone (O3),Mean,ppb,UHF42,207,East Flatbush - Flatbush,Summer 2010,2010-06-01,33.33,,2010,6,2,1
222612,386,Ozone (O3),Mean,ppb,UHF42,408,Jamaica,Summer 2010,2010-06-01,33.52,,2010,6,2,1
216369,386,Ozone (O3),Mean,ppb,CD,204,Highbridge and Concourse (CD4),Summer 2010,2010-06-01,31.01,,2010,6,2,1
173658,365,Fine particles (PM 2.5),Mean,mcg/m3,UHF34,409,Southeast Queens,Summer 2010,2010-06-01,10.98,,2010,6,2,1
172109,375,Nitrogen dioxide (NO2),Mean,ppb,UHF34,203,Bedford Stuyvesant - Crown Heights,Summer 2010,2010-06-01,20.85,,2010,6,2,1
221832,386,Ozone (O3),Mean,ppb,UHF34,204,East New York,Summer 2010,2010-06-01,33.97,,2010,6,2,1
221916,386,Ozone (O3),Mean,ppb,UHF34,403,Flushing - Clearview,Summer 2010,2010-06-01,33.99,,2010,6,2,1
166712,375,Nitrogen dioxide (NO2),Mean,ppb,CD,306,Park Slope and Carroll Gardens (CD6),Summer 2010,2010-06-01,21.9,,2010,6,2,1
166729,375,Nitrogen dioxide (NO2),Mean,ppb,CD,405,Ridgewood and Maspeth (CD5),Summer 2010,2010-06-01,18.4,,2010,6,2,1
175937,375,Nitrogen dioxide (NO2),Mean,ppb,UHF42,210,Coney Island - Sheepshead Bay,Summer 2010,2010-06-01,14.02,,2010,6,2,1
166722,375,Nitrogen dioxide (NO2),Mean,ppb,CD,316,Brownsville (CD16),Summer 2010,2010-06-01,19.57,,2010,6,2,1
222618,386,Ozone (O3),Mean,ppb,UHF42,409,Southeast Queens,Summer 2010,2010-06-01,34.29,,2010,6,2,1
175948,375,Nitrogen dioxide (NO2),Mean,ppb,UHF42,310,Lower Manhattan,Summer 2010,2010-06-01,31.27,,2010,6,2,1
166726,375,Nitrogen dioxide (NO2),Mean,ppb,CD,402,Woodside and Sunnyside (CD2),Summer 2010,2010-06-01,20.49,,2010,6,2,1
169351,365,Fine particles (PM 2.5),Mean,mcg/m3,CD,202,Hunts Point and Longwood (CD2),Summer 2010,2010-06-01,12.85,,2010,6,2,1
166684,375,Nitrogen dioxide (NO2),Mean,ppb,CD,102,Greenwich Village and Soho (CD2),Summer 2010,2010-06-01,29.66,,2010,6,2,1
173646,365,Fine particles (PM 2.5),Mean,mcg/m3,UHF34,210,Coney Island - Sheepshead Bay,Summer 2010,2010-06-01,11.35,,2010,6,2,1
169348,365,Fine particles (PM 2.5),Mean,mcg/m3,CD,111,East Harlem (CD11),Summer 2010,2010-06-01,12.63,,2010,6,2,1
169377,365,Fine particles (PM 2.5),Mean,mcg/m3,CD,316,Brownsville (CD16),Summer 2010,2010-06-01,12.04,,2010,6,2,1
177840,365,Fine particles (PM 2.5),Mean,mcg/m3,UHF42,402,West Queens,Summer 2010,2010-06-01,12.34,,2010,6,2,1
177843,365,Fine particles (PM 2.5),Mean,mcg/m3,UHF42,405,Ridgewood - Forest Hills,Summer 2010,2010-06-01,11.73,,2010,6,2,1
177831,365,Fine particles (PM 2.5),Mean,mcg/m3,UHF42,303,East Harlem,Summer 2010,2010-06-01,12.31,,2010,6,2,1
175924,375,Nitrogen dioxide (NO2),Mean,ppb,UHF42,104,Pelham - Throgs Neck,Summer 2010,2010-06-01,17.88,,2010,6,2,1
179352,375,Nitrogen dioxide (NO2),Mean,ppb,Borough,5,Staten Island,Summer 2010,2010-06-01,12.03,,2010,6,2,1
175930,375,Nitrogen dioxide (NO2),Mean,ppb,UHF42,203,Bedford Stuyvesant - Crown Heights,Summer 2010,2010-06-01,20.85,,2010,6,2,1
166685,375,Nitrogen dioxide (NO2),Mean,ppb,CD,103,Lower East Side and Chinatown (CD3),Summer 2010,2010-06-01,26.42,,2010,6,2,1
177824,365,Fine particles (PM 2.5),Mean,mcg/m3,UHF42,207,East Flatbush - Flatbush,Summer 2010,2010-06-01,11.81,,2010,6,2,1
177827,365,Fine particles (PM 2.5),Mean,mcg/m3,UHF42,210,Coney Island - Sheepshead Bay,Summer 2010,2010-06-01,11.35,,2010,6,2,1
216579,386,Ozone (O3),Mean,ppb,CD,409,Kew Gardens and Woodhaven (CD9),Summer 2010,2010-06-01,33.23,,2010,6,2,1
216399,386,Ozone (O3),Mean,ppb,CD,209,Parkchester and Soundview (CD9),Summer 2010,2010-06-01,33.54,,2010,6,2,1
216471,386,Ozone (O3),Mean,ppb,CD,309,South Crown Heights and Lefferts Gardens (CD9),Summer 2010,2010-06-01,32.25,,2010,6,2,1
172131,375,Nitrogen dioxide (NO2),Mean,ppb,UHF34,306308,Chelsea-Village,Summer 2010,2010-06-01,33.01,,2010,6,2,1
166723,375,Nitrogen dioxide (NO2),Mean,ppb,CD,317,East Flatbush (CD17),Summer 2010,2010-06-01,18.94,,2010,6,2,1
177838,365,Fine particles (PM 2.5),Mean,mcg/m3,UHF42,310,Lower Manhattan,Summer 2010,2010-06-01,13.75,,2010,6,2,1
177816,365,Fine particles (PM 2.5),Mean,mcg/m3,UHF42,106,High Bridge - Morrisania,Summer 2010,2010-06-01,12.66,,2010,6,2,1
169379,365,Fine particles (PM 2.5),Mean,mcg/m3,CD,318,Flatlands and Canarsie (CD18),Summer 2010,2010-06-01,11.42,,2010,6,2,1
169369,365,Fine particles (PM 2.5),Mean,mcg/m3,CD,308,Crown Heights and Prospect Heights (CD8),Summer 2010,2010-06-01,11.96,,2010,6,2,1
166704,375,Nitrogen dioxide (NO2),Mean,ppb,CD,210,Throgs Neck and Co-op City (CD10),Summer 2010,2010-06-01,16.69,,2010,6,2,1
166693,375,Nitrogen dioxide (NO2),Mean,ppb,CD,111,East Harlem (CD11),Summer 2010,2010-06-01,24.34,,2010,6,2,1
177833,365,Fine particles (PM 2.5),Mean,mcg/m3,UHF42,305,Upper East Side,Summer 2010,2010-06-01,13.66,,2010,6,2,1
173663,365,Fine particles (PM 2.5),Mean,mcg/m3,UHF34,404406,Bayside Little Neck-Fresh Meadows,Summer 2010,2010-06-01,11.31,,2010,6,2,1
216441,386,Ozone (O3),Mean,ppb,CD,304,Bushwick (CD4),Summer 2010,2010-06-01,33.0,,2010,6,2,1
175942,375,Nitrogen dioxide (NO2),Mean,ppb,UHF42,304,Upper West Side,Summer 2010,2010-06-01,26.72,,2010,6,2,1
173654,365,Fine particles (PM 2.5),Mean,mcg/m3,UHF34,403,Flushing - Clearview,Summer 2010,2010-06-01,11.58,,2010,6,2,1
216489,386,Ozone (O3),Mean,ppb,CD,312,Borough Park (CD12),Summer 2010,2010-06-01,33.2,,2010,6,2,1
166719,375,Nitrogen dioxide (NO2),Mean,ppb,CD,313,Coney Island (CD13),Summer 2010,2010-06-01,12.65,,2010,6,2,1
166721,375,Nitrogen dioxide (NO2),Mean,ppb,CD,315,Sheepshead Bay (CD15),Summer 2010,2010-06-01,14.44,,2010,6,2,1
169392,365,Fine particles (PM 2.5),Mean,mcg/m3,CD,413,Queens Village (CD13),Summer 2010,2010-06-01,10.99,,2010,6,2,1
169374,365,Fine particles (PM 2.5),Mean,mcg/m3,CD,313,Coney Island (CD13),Summer 2010,2010-06-01,11.32,,2010,6,2,1
173636,365,Fine particles (PM 2.5),Mean,mcg/m3,UHF34,104,Pelham - Throgs Neck,Summer 2010,2010-06-01,11.87,,2010,6,2,1
177837,365,Fine particles (PM 2.5),Mean,mcg/m3,UHF42,309,Union Square - Lower East Side,Summer 2010,2010-06-01,13.11,,2010,6,2,1
173650,365,Fine particles (PM 2.5),Mean,mcg/m3,UHF34,303,East Harlem,Summer 2010,2010-06-01,12.64,,2010,6,2,1
173639,365,Fine particles (PM 2.5),Mean,mcg/m3,UHF34,203,Bedford Stuyvesant - Crown Heights,Summer 2010,2010-06-01,11.96,,2010,6,2,1
166732,375,Nitrogen dioxide (NO2),Mean,ppb,CD,408,Hillcrest and Fresh Meadows (CD8),Summer 2010,2010-06-01,17.72,,2010,6,2,1
166730,375,Nitrogen dioxide (NO2),Mean,ppb,CD,406,Rego Park and Forest Hills (CD6),Summer 2010,2010-06-01,19.61,,2010,6,2,1
173655,365,Fine particles (PM 2.5),Mean,mcg/m3,UHF34,405,Ridgewood - Forest Hills,Summer 2010,2010-06-01,11.73,,2010,6,2,1
173633,365,Fine particles (PM 2.5),Mean,mcg/m3,UHF34,101,Kingsbridge - Riverdale,Summer 2010,2010-06-01,11.83,,2010,6,2,1
173657,365,Fine particles (PM 2.5),Mean,mcg/m3,UHF34,408,Jamaica,Summer 2010,2010-06-01,11.39,,2010,6,2,1
173652,365,Fine particles (PM 2.5),Mean,mcg/m3,UHF34,401,Long Island City - Astoria,Summer 2010,2010-06-01,12.81,,2010,6,2,1
221814,386,Ozone (O3),Mean,ppb,UHF34,201,Greenpoint,Summer 2010,2010-06-01,32.54,,2010,6,2,1
219966,386,Ozone (O3),Mean,ppb,Borough,1,Bronx,Summer 2010,2010-06-01,33.16,,2010,6,2,1
222552,386,Ozone (O3),Mean,ppb,UHF42,308,Greenwich Village - SoHo,Summer 2010,2010-06-01,27.87,,2010,6,2,1
222588,386,Ozone (O3),Mean,ppb,UHF42,404,Bayside - Little Neck,Summer 2010,2010-06-01,33.51,,2010,6,2,1
216303,386,Ozone (O3),Mean,ppb,CD,105,Midtown (CD5),Summer 2010,2010-06-01,22.47,,2010,6,2,1
175929,375,Nitrogen dioxide (NO2),Mean,ppb,UHF42,202,Downtown - Heights - Slope,Summer 2010,2010-06-01,22.6,,2010,6,2,1
169387,365,Fine particles (PM 2.5),Mean,mcg/m3,CD,408,Hillcrest and Fresh Meadows (CD8),Summer 2010,2010-06-01,11.38,,2010,6,2,1
169385,365,Fine particles (PM 2.5),Mean,mcg/m3,CD,406,Rego Park and Forest Hills (CD6),Summer 2010,2010-06-01,11.82,,2010,6,2,1
175961,375,Nitrogen dioxide (NO2),Mean,ppb,UHF42,503,Willowbrook,Summer 2010,2010-06-01,13.07,,2010,6,2,1
175954,375,Nitrogen dioxide (NO2),Mean,ppb,UHF42,406,Fresh Meadows,Summer 2010,2010-06-01,18.0,,2010,6,2,1
169384,365,Fine particles (PM 2.5),Mean,mcg/m3,CD,405,Ridgewood and Maspeth (CD5),Summer 2010,2010-06-01,12.05,,2010,6,2,1
216339,386,Ozone (O3),Mean,ppb,CD,111,East Harlem (CD11),Summer 2010,2010-06-01,30.56,,2010,6,2,1
222600,386,Ozone (O3),Mean,ppb,UHF42,406,Fresh Meadows,Summer 2010,2010-06-01,33.23,,2010,6,2,1
216483,386,Ozone (O3),Mean,ppb,CD,311,Bensonhurst (CD11),Summer 2010,2010-06-01,34.87,,2010,6,2,1
177811,365,Fine particles (PM 2.5),Mean,mcg/m3,UHF42,101,Kingsbridge - Riverdale,Summer 2010,2010-06-01,11.83,,2010,6,2,1
169388,365,Fine particles (PM 2.5),Mean,mcg/m3,CD,409,Kew Gardens and Woodhaven (CD9),Summer 2010,2010-06-01,11.56,,2010,6,2,1
172130,375,Nitrogen dioxide (NO2),Mean,ppb,UHF34,305307,Upper East Side-Gramercy,Summer 2010,2010-06-01,33.21,,2010,6,2,1
169355,365,Fine particles (PM 2.5),Mean,mcg/m3,CD,206,Belmont and East Tremont (CD6),Summer 2010,2010-06-01,12.39,,2010,6,2,1
222642,386,Ozone (O3),Mean,ppb,UHF42,503,Willowbrook,Summer 2010,2010-06-01,34.45,,2010,6,2,1
222582,386,Ozone (O3),Mean,ppb,UHF42,403,Flushing - Clearview,Summer 2010,2010-06-01,33.99,,2010,6,2,1
177849,365,Fine particles (PM 2.5),Mean,mcg/m3,UHF42,501,Port Richmond,Summer 2010,2010-06-01,11.74,,2010,6,2,1
216453,386,Ozone (O3),Mean,ppb,CD,306,Park Slope and Carroll Gardens (CD6),Summer 2010,2010-06-01,31.31,,2010,6,2,1
179575,365,Fine particles (PM 2.5),Mean,mcg/m3,Borough,3,Manhattan,Summer 2010,2010-06-01,13.41,,2010,6,2,1
177844,365,Fine particles (PM 2.5),Mean,mcg/m3,UHF42,406,Fresh Meadows,Summer 2010,2010-06-01,11.39,,2010,6,2,1
169396,365,Fine particles (PM 2.5),Mean,mcg/m3,CD,503,Tottenville and Great Kills (CD3),Summer 2010,2010-06-01,11.27,,2010,6,2,1
169361,365,Fine particles (PM 2.5),Mean,mcg/m3,CD,212,Williamsbridge and Baychester (CD12),Summer 2010,2010-06-01,11.75,,2010,6,2,1
169382,365,Fine particles (PM 2.5),Mean,mcg/m3,CD,403,Jackson Heights (CD3),Summer 2010,2010-06-01,11.61,,2010,6,2,1
166733,375,Nitrogen dioxide (NO2),Mean,ppb,CD,409,Kew Gardens and Woodhaven (CD9),Summer 2010,2010-06-01,18.82,,2010,6,2,1
216591,386,Ozone (O3),Mean,ppb,CD,411,Bayside and Little Neck (CD11),Summer 2010,2010-06-01,33.57,,2010,6,2,1
216327,386,Ozone (O3),Mean,ppb,CD,109,Morningside Heights and Hamilton Heights (CD9),Summer 2010,2010-06-01,29.59,,2010,6,2,1
216411,386,Ozone (O3),Mean,ppb,CD,211,Morris Park and Bronxdale (CD11),Summer 2010,2010-06-01,33.7,,2010,6,2,1
177822,365,Fine particles (PM 2.5),Mean,mcg/m3,UHF42,205,Sunset Park,Summer 2010,2010-06-01,12.46,,2010,6,2,1
169338,365,Fine particles (PM 2.5),Mean,mcg/m3,CD,101,Financial District (CD1),Summer 2010,2010-06-01,13.76,,2010,6,2,1
177815,365,Fine particles (PM 2.5),Mean,mcg/m3,UHF42,105,Crotona -Tremont,Summer 2010,2010-06-01,12.63,,2010,6,2,1
177813,365,Fine particles (PM 2.5),Mean,mcg/m3,UHF42,103,Fordham - Bronx Pk,Summer 2010,2010-06-01,11.97,,2010,6,2,1
177820,365,Fine particles (PM 2.5),Mean,mcg/m3,UHF42,203,Bedford Stuyvesant - Crown Heights,Summer 2010,2010-06-01,11.96,,2010,6,2,1
222522,386,Ozone (O3),Mean,ppb,UHF42,303,East Harlem,Summer 2010,2010-06-01,30.52,,2010,6,2,1
175960,375,Nitrogen dioxide (NO2),Mean,ppb,UHF42,502,Stapleton - St. George,Summer 2010,2010-06-01,13.73,,2010,6,2,1
222636,386,Ozone (O3),Mean,ppb,UHF42,502,Stapleton - St. George,Summer 2010,2010-06-01,34.3,,2010,6,2,1
169349,365,Fine particles (PM 2.5),Mean,mcg/m3,CD,112,Washington Heights and Inwood (CD12),Summer 2010,2010-06-01,12.27,,2010,6,2,1
166725,375,Nitrogen dioxide (NO2),Mean,ppb,CD,401,Long Island City and Astoria (CD1),Summer 2010,2010-06-01,20.01,,2010,6,2,1
173634,365,Fine particles (PM 2.5),Mean,mcg/m3,UHF34,102,Northeast Bronx,Summer 2010,2010-06-01,11.83,,2010,6,2,1
166696,375,Nitrogen dioxide (NO2),Mean,ppb,CD,202,Hunts Point and Longwood (CD2),Summer 2010,2010-06-01,20.53,,2010,6,2,1
166739,375,Nitrogen dioxide (NO2),Mean,ppb,CD,501,St. George and Stapleton (CD1),Summer 2010,2010-06-01,16.26,,2010,6,2,1
216357,386,Ozone (O3),Mean,ppb,CD,202,Hunts Point and Longwood (CD2),Summer 2010,2010-06-01,33.65,,2010,6,2,1
166740,375,Nitrogen dioxide (NO2),Mean,ppb,CD,502,South Beach and Willowbrook (CD2),Summer 2010,2010-06-01,11.99,,2010,6,2,1
216621,386,Ozone (O3),Mean,ppb,CD,502,South Beach and Willowbrook (CD2),Summer 2010,2010-06-01,35.18,,2010,6,2,1
216531,386,Ozone (O3),Mean,ppb,CD,401,Long Island City and Astoria (CD1),Summer 2010,2010-06-01,33.45,,2010,6,2,1
221910,386,Ozone (O3),Mean,ppb,UHF34,402,West Queens,Summer 2010,2010-06-01,33.17,,2010,6,2,1
221790,386,Ozone (O3),Mean,ppb,UHF34,101,Kingsbridge - Riverdale,Summer 2010,2010-06-01,31.91,,2010,6,2,1
169372,365,Fine particles (PM 2.5),Mean,mcg/m3,CD,311,Bensonhurst (CD11),Summer 2010,2010-06-01,11.5,,2010,6,2,1
221820,386,Ozone (O3),Mean,ppb,UHF34,202,Downtown - Heights - Slope,Summer 2010,2010-06-01,30.94,,2010,6,2,1
175953,375,Nitrogen dioxide (NO2),Mean,ppb,UHF42,405,Ridgewood - Forest Hills,Summer 2010,2010-06-01,18.49,,2010,6,2,1
173637,365,Fine particles (PM 2.5),Mean,mcg/m3,UHF34,201,Greenpoint,Summer 2010,2010-06-01,13.32,,2010,6,2,1
173644,365,Fine particles (PM 2.5),Mean,mcg/m3,UHF34,208,Canarsie - Flatlands,Summer 2010,2010-06-01,11.44,,2010,6,2,1
166741,375,Nitrogen dioxide (NO2),Mean,ppb,CD,503,Tottenville and Great Kills (CD3),Summer 2010,2010-06-01,9.42,,2010,6,2,1
177812,365,Fine particles (PM 2.5),Mean,mcg/m3,UHF42,102,Northeast Bronx,Summer 2010,2010-06-01,11.83,,2010,6,2,1
219978,386,Ozone (O3),Mean,ppb,Borough,3,Manhattan,Summer 2010,2010-06-01,28.21,,2010,6,2,1
222564,386,Ozone (O3),Mean,ppb,UHF42,310,Lower Manhattan,Summer 2010,2010-06-01,26.89,,2010,6,2,1
222558,386,Ozone (O3),Mean,ppb,UHF42,309,Union Square - Lower East Side,Summer 2010,2010-06-01,28.38,,2010,6,2,1
166728,375,Nitrogen dioxide (NO2),Mean,ppb,CD,404,Elmhurst and Corona (CD4),Summer 2010,2010-06-01,21.39,,2010,6,2,1
222492,386,Ozone (O3),Mean,ppb,UHF42,209,Bensonhurst - Bay Ridge,Summer 2010,2010-06-01,34.5,,2010,6,2,1
177819,365,Fine particles (PM 2.5),Mean,mcg/m3,UHF42,202,Downtown - Heights - Slope,Summer 2010,2010-06-01,12.73,,2010,6,2,1
222474,386,Ozone (O3),Mean,ppb,UHF42,206,Borough Park,Summer 2010,2010-06-01,33.38,,2010,6,2,1
177826,365,Fine particles (PM 2.5),Mean,mcg/m3,UHF42,209,Bensonhurst - Bay Ridge,Summer 2010,2010-06-01,11.56,,2010,6,2,1
175922,375,Nitrogen dioxide (NO2),Mean,ppb,UHF42,102,Northeast Bronx,Summer 2010,2010-06-01,17.86,,2010,6,2,1
175957,375,Nitrogen dioxide (NO2),Mean,ppb,UHF42,409,Southeast Queens,Summer 2010,2010-06-01,16.15,,2010,6,2,1
169347,365,Fine particles (PM 2.5),Mean,mcg/m3,CD,110,Central Harlem (CD10),Summer 2010,2010-06-01,12.43,,2010,6,2,1
169394,365,Fine particles (PM 2.5),Mean,mcg/m3,CD,501,St. George and Stapleton (CD1),Summer 2010,2010-06-01,11.57,,2010,6,2,1
216543,386,Ozone (O3),Mean,ppb,CD,403,Jackson Heights (CD3),Summer 2010,2010-06-01,33.12,,2010,6,2,1
177841,365,Fine particles (PM 2.5),Mean,mcg/m3,UHF42,403,Flushing - Clearview,Summer 2010,2010-06-01,11.58,,2010,6,2,1
216291,386,Ozone (O3),Mean,ppb,CD,103,Lower East Side and Chinatown (CD3),Summer 2010,2010-06-01,28.82,,2010,6,2,1
216627,386,Ozone (O3),Mean,ppb,CD,503,Tottenville and Great Kills (CD3),Summer 2010,2010-06-01,36.52,,2010,6,2,1
216549,386,Ozone (O3),Mean,ppb,CD,404,Elmhurst and Corona (CD4),Summer 2010,2010-06-01,32.67,,2010,6,2,1
216435,386,Ozone (O3),Mean,ppb,CD,303,Bedford Stuyvesant (CD3),Summer 2010,2010-06-01,31.75,,2010,6,2,1
216363,386,Ozone (O3),Mean,ppb,CD,203,Morrisania and Crotona (CD3),Summer 2010,2010-06-01,31.92,,2010,6,2,1
166703,375,Nitrogen dioxide (NO2),Mean,ppb,CD,209,Parkchester and Soundview (CD9),Summer 2010,2010-06-01,19.29,,2010,6,2,1
166698,375,Nitrogen dioxide (NO2),Mean,ppb,CD,204,Highbridge and Concourse (CD4),Summer 2010,2010-06-01,24.0,,2010,6,2,1
169342,365,Fine particles (PM 2.5),Mean,mcg/m3,CD,105,Midtown (CD5),Summer 2010,2010-06-01,16.12,,2010,6,2,1
216447,386,Ozone (O3),Mean,ppb,CD,305,East New York and Starrett City (CD5),Summer 2010,2010-06-01,34.31,,2010,6,2,1
221802,386,Ozone (O3),Mean,ppb,UHF34,103,Fordham - Bronx Pk,Summer 2010,2010-06-01,32.53,,2010,6,2,1
221898,386,Ozone (O3),Mean,ppb,UHF34,304,Upper West Side,Summer 2010,2010-06-01,28.68,,2010,6,2,1
216555,386,Ozone (O3),Mean,ppb,CD,405,Ridgewood and Maspeth (CD5),Summer 2010,2010-06-01,33.67,,2010,6,2,1
216351,386,Ozone (O3),Mean,ppb,CD,201,Mott Haven and Melrose (CD1),Summer 2010,2010-06-01,32.14,,2010,6,2,1
216537,386,Ozone (O3),Mean,ppb,CD,402,Woodside and Sunnyside (CD2),Summer 2010,2010-06-01,33.29,,2010,6,2,1
169395,365,Fine particles (PM 2.5),Mean,mcg/m3,CD,502,South Beach and Willowbrook (CD2),Summer 2010,2010-06-01,11.51,,2010,6,2,1
169380,365,Fine particles (PM 2.5),Mean,mcg/m3,CD,401,Long Island City and Astoria (CD1),Summer 2010,2010-06-01,12.09,,2010,6,2,1
216609,386,Ozone (O3),Mean,ppb,CD,414,Rockaway and Broad Channel (CD14),Summer 2010,2010-06-01,39.08,,2010,6,2,1
172113,375,Nitrogen dioxide (NO2),Mean,ppb,UHF34,207,East Flatbush - Flatbush,Summer 2010,2010-06-01,18.96,,2010,6,2,1
179577,365,Fine particles (PM 2.5),Mean,mcg/m3,Borough,5,Staten Island,Summer 2010,2010-06-01,11.43,,2010,6,2,1
177842,365,Fine particles (PM 2.5),Mean,mcg/m3,UHF42,404,Bayside - Little Neck,Summer 2010,2010-06-01,11.26,,2010,6,2,1
166689,375,Nitrogen dioxide (NO2),Mean,ppb,CD,107,Upper West Side (CD7),Summer 2010,2010-06-01,26.69,,2010,6,2,1
216567,386,Ozone (O3),Mean,ppb,CD,407,Flushing and Whitestone (CD7),Summer 2010,2010-06-01,34.01,,2010,6,2,1
173664,365,Fine particles (PM 2.5),Mean,mcg/m3,UHF34,501502,Northern SI,Summer 2010,2010-06-01,11.48,,2010,6,2,1
216561,386,Ozone (O3),Mean,ppb,CD,406,Rego Park and Forest Hills (CD6),Summer 2010,2010-06-01,32.46,,2010,6,2,1
216381,386,Ozone (O3),Mean,ppb,CD,206,Belmont and East Tremont (CD6),Summer 2010,2010-06-01,32.07,,2010,6,2,1
221862,386,Ozone (O3),Mean,ppb,UHF34,209,Bensonhurst - Bay Ridge,Summer 2010,2010-06-01,34.5,,2010,6,2,1
169383,365,Fine particles (PM 2.5),Mean,mcg/m3,CD,404,Elmhurst and Corona (CD4),Summer 2010,2010-06-01,12.0,,2010,6,2,1
169368,365,Fine particles (PM 2.5),Mean,mcg/m3,CD,307,Sunset Park (CD7),Summer 2010,2010-06-01,12.53,,2010,6,2,1
222540,386,Ozone (O3),Mean,ppb,UHF42,306,Chelsea - Clinton,Summer 2010,2010-06-01,25.62,,2010,6,2,1
222450,386,Ozone (O3),Mean,ppb,UHF42,202,Downtown - Heights - Slope,Summer 2010,2010-06-01,30.94,,2010,6,2,1
166718,375,Nitrogen dioxide (NO2),Mean,ppb,CD,312,Borough Park (CD12),Summer 2010,2010-06-01,19.15,,2010,6,2,1
216615,386,Ozone (O3),Mean,ppb,CD,501,St. George and Stapleton (CD1),Summer 2010,2010-06-01,33.0,,2010,6,2,1
175956,375,Nitrogen dioxide (NO2),Mean,ppb,UHF42,408,Jamaica,Summer 2010,2010-06-01,17.87,,2010,6,2,1
169352,365,Fine particles (PM 2.5),Mean,mcg/m3,CD,203,Morrisania and Crotona (CD3),Summer 2010,2010-06-01,12.32,,2010,6,2,1
169381,365,Fine particles (PM 2.5),Mean,mcg/m3,CD,402,Woodside and Sunnyside (CD2),Summer 2010,2010-06-01,13.32,,2010,6,2,1
216513,386,Ozone (O3),Mean,ppb,CD,316,Brownsville (CD16),Summer 2010,2010-06-01,33.25,,2010,6,2,1
166715,375,Nitrogen dioxide (NO2),Mean,ppb,CD,309,South Crown Heights and Lefferts Gardens (CD9),Summer 2010,2010-06-01,20.8,,2010,6,2,1
173665,365,Fine particles (PM 2.5),Mean,mcg/m3,UHF34,503504,Southern SI,Summer 2010,2010-06-01,11.41,,2010,6,2,1
166694,375,Nitrogen dioxide (NO2),Mean,ppb,CD,112,Washington Heights and Inwood (CD12),Summer 2010,2010-06-01,22.35,,2010,6,2,1
175941,375,Nitrogen dioxide (NO2),Mean,ppb,UHF42,303,East Harlem,Summer 2010,2010-06-01,24.41,,2010,6,2,1
219984,386,Ozone (O3),Mean,ppb,Borough,4,Queens,Summer 2010,2010-06-01,34.07,,2010,6,2,1
169359,365,Fine particles (PM 2.5),Mean,mcg/m3,CD,210,Throgs Neck and Co-op City (CD10),Summer 2010,2010-06-01,11.84,,2010,6,2,1
216507,386,Ozone (O3),Mean,ppb,CD,315,Sheepshead Bay (CD15),Summer 2010,2010-06-01,36.2,,2010,6,2,1
172134,375,Nitrogen dioxide (NO2),Mean,ppb,UHF34,501502,Northern SI,Summer 2010,2010-06-01,14.91,,2010,6,2,1
169353,365,Fine particles (PM 2.5),Mean,mcg/m3,CD,204,Highbridge and Concourse (CD4),Summer 2010,2010-06-01,12.77,,2010,6,2,1
175947,375,Nitrogen dioxide (NO2),Mean,ppb,UHF42,309,Union Square - Lower East Side,Summer 2010,2010-06-01,27.36,,2010,6,2,1
177823,365,Fine particles (PM 2.5),Mean,mcg/m3,UHF42,206,Borough Park,Summer 2010,2010-06-01,11.73,,2010,6,2,1
221904,386,Ozone (O3),Mean,ppb,UHF34,401,Long Island City - Astoria,Summer 2010,2010-06-01,33.01,,2010,6,2,1
221856,386,Ozone (O3),Mean,ppb,UHF34,208,Canarsie - Flatlands,Summer 2010,2010-06-01,36.12,,2010,6,2,1
172135,375,Nitrogen dioxide (NO2),Mean,ppb,UHF34,503504,Southern SI,Summer 2010,2010-06-01,10.82,,2010,6,2,1
221982,386,Ozone (O3),Mean,ppb,UHF34,503504,Southern SI,Summer 2010,2010-06-01,35.76,,2010,6,2,1
172114,375,Nitrogen dioxide (NO2),Mean,ppb,UHF34,208,Canarsie - Flatlands,Summer 2010,2010-06-01,14.28,,2010,6,2,1
166734,375,Nitrogen dioxide (NO2),Mean,ppb,CD,410,South Ozone Park and Howard Beach (CD10),Summer 2010,2010-06-01,17.03,,2010,6,2,1
166717,375,Nitrogen dioxide (NO2),Mean,ppb,CD,311,Bensonhurst (CD11),Summer 2010,2010-06-01,17.18,,2010,6,2,1
216585,386,Ozone (O3),Mean,ppb,CD,410,South Ozone Park and Howard Beach (CD10),Summer 2010,2010-06-01,34.6,,2010,6,2,1
216345,386,Ozone (O3),Mean,ppb,CD,112,Washington Heights and Inwood (CD12),Summer 2010,2010-06-01,30.7,,2010,6,2,1
216459,386,Ozone (O3),Mean,ppb,CD,307,Sunset Park (CD7),Summer 2010,2010-06-01,32.58,,2010,6,2,1
166713,375,Nitrogen dioxide (NO2),Mean,ppb,CD,307,Sunset Park (CD7),Summer 2010,2010-06-01,19.66,,2010,6,2,1
166736,375,Nitrogen dioxide (NO2),Mean,ppb,CD,412,Jamaica and Hollis (CD12),Summer 2010,2010-06-01,17.99,,2010,6,2,1
166716,375,Nitrogen dioxide (NO2),Mean,ppb,CD,310,Bay Ridge and Dyker Heights (CD10),Summer 2010,2010-06-01,18.08,,2010,6,2,1
175955,375,Nitrogen dioxide (NO2),Mean,ppb,UHF42,407,Southwest Queens,Summer 2010,2010-06-01,17.74,,2010,6,2,1
175946,375,Nitrogen dioxide (NO2),Mean,ppb,UHF42,308,Greenwich Village - SoHo,Summer 2010,2010-06-01,29.56,,2010,6,2,1
177846,365,Fine particles (PM 2.5),Mean,mcg/m3,UHF42,408,Jamaica,Summer 2010,2010-06-01,11.39,,2010,6,2,1
177845,365,Fine particles (PM 2.5),Mean,mcg/m3,UHF42,407,Southwest Queens,Summer 2010,2010-06-01,11.33,,2010,6,2,1
177847,365,Fine particles (PM 2.5),Mean,mcg/m3,UHF42,409,Southeast Queens,Summer 2010,2010-06-01,10.98,,2010,6,2,1
222414,386,Ozone (O3),Mean,ppb,UHF42,103,Fordham - Bronx Pk,Summer 2010,2010-06-01,32.53,,2010,6,2,1
222594,386,Ozone (O3),Mean,ppb,UHF42,405,Ridgewood - Forest Hills,Summer 2010,2010-06-01,33.32,,2010,6,2,1
175923,375,Nitrogen dioxide (NO2),Mean,ppb,UHF42,103,Fordham - Bronx Pk,Summer 2010,2010-06-01,19.72,,2010,6,2,1
169346,365,Fine particles (PM 2.5),Mean,mcg/m3,CD,109,Morningside Heights and Hamilton Heights (CD9),Summer 2010,2010-06-01,12.53,,2010,6,2,1
221928,386,Ozone (O3),Mean,ppb,UHF34,407,Southwest Queens,Summer 2010,2010-06-01,34.04,,2010,6,2,1
173649,365,Fine particles (PM 2.5),Mean,mcg/m3,UHF34,302,Central Harlem - Morningside Heights,Summer 2010,2010-06-01,12.49,,2010,6,2,1
175950,375,Nitrogen dioxide (NO2),Mean,ppb,UHF42,402,West Queens,Summer 2010,2010-06-01,20.31,,2010,6,2,1
221946,386,Ozone (O3),Mean,ppb,UHF34,410,Rockaways,Summer 2010,2010-06-01,38.98,,2010,6,2,1
175939,375,Nitrogen dioxide (NO2),Mean,ppb,UHF42,301,Washington Heights,Summer 2010,2010-06-01,22.89,,2010,6,2,1
169391,365,Fine particles (PM 2.5),Mean,mcg/m3,CD,412,Jamaica and Hollis (CD12),Summer 2010,2010-06-01,11.38,,2010,6,2,1
222402,386,Ozone (O3),Mean,ppb,UHF42,101,Kingsbridge - Riverdale,Summer 2010,2010-06-01,31.91,,2010,6,2,1
169371,365,Fine particles (PM 2.5),Mean,mcg/m3,CD,310,Bay Ridge and Dyker Heights (CD10),Summer 2010,2010-06-01,11.74,,2010,6,2,1
175933,375,Nitrogen dioxide (NO2),Mean,ppb,UHF42,206,Borough Park,Summer 2010,2010-06-01,18.77,,2010,6,2,1
175958,375,Nitrogen dioxide (NO2),Mean,ppb,UHF42,410,Rockaways,Summer 2010,2010-06-01,10.1,,2010,6,2,1
221922,386,Ozone (O3),Mean,ppb,UHF34,405,Ridgewood - Forest Hills,Summer 2010,2010-06-01,33.32,,2010,6,2,1
222606,386,Ozone (O3),Mean,ppb,UHF42,407,Southwest Queens,Summer 2010,2010-06-01,34.04,,2010,6,2,1
175927,375,Nitrogen dioxide (NO2),Mean,ppb,UHF42,107,Hunts Point - Mott Haven,Summer 2010,2010-06-01,20.82,,2010,6,2,1
166708,375,Nitrogen dioxide (NO2),Mean,ppb,CD,302,Fort Greene and Brooklyn Heights (CD2),Summer 2010,2010-06-01,23.47,,2010,6,2,1
175945,375,Nitrogen dioxide (NO2),Mean,ppb,UHF42,307,Gramercy Park - Murray Hill,Summer 2010,2010-06-01,38.0,,2010,6,2,1
216429,386,Ozone (O3),Mean,ppb,CD,302,Fort Greene and Brooklyn Heights (CD2),Summer 2010,2010-06-01,30.46,,2010,6,2,1
219972,386,Ozone (O3),Mean,ppb,Borough,2,Brooklyn,Summer 2010,2010-06-01,33.83,,2010,6,2,1
222438,386,Ozone (O3),Mean,ppb,UHF42,107,Hunts Point - Mott Haven,Summer 2010,2010-06-01,33.34,,2010,6,2,1
222630,386,Ozone (O3),Mean,ppb,UHF42,501,Port Richmond,Summer 2010,2010-06-01,32.74,,2010,6,2,1
222570,386,Ozone (O3),Mean,ppb,UHF42,401,Long Island City - Astoria,Summer 2010,2010-06-01,33.01,,2010,6,2,1
221838,386,Ozone (O3),Mean,ppb,UHF34,205,Sunset Park,Summer 2010,2010-06-01,32.71,,2010,6,2,1
222504,386,Ozone (O3),Mean,ppb,UHF42,211,Williamsburg - Bushwick,Summer 2010,2010-06-01,32.38,,2010,6,2,1
222528,386,Ozone (O3),Mean,ppb,UHF42,304,Upper West Side,Summer 2010,2010-06-01,28.68,,2010,6,2,1
172119,375,Nitrogen dioxide (NO2),Mean,ppb,UHF34,302,Central Harlem - Morningside Heights,Summer 2010,2010-06-01,25.48,,2010,6,2,1
221796,386,Ozone (O3),Mean,ppb,UHF34,102,Northeast Bronx,Summer 2010,2010-06-01,33.96,,2010,6,2,1
172124,375,Nitrogen dioxide (NO2),Mean,ppb,UHF34,403,Flushing - Clearview,Summer 2010,2010-06-01,17.83,,2010,6,2,1
221958,386,Ozone (O3),Mean,ppb,UHF34,306308,Chelsea-Village,Summer 2010,2010-06-01,26.37,,2010,6,2,1
221808,386,Ozone (O3),Mean,ppb,UHF34,104,Pelham - Throgs Neck,Summer 2010,2010-06-01,34.31,,2010,6,2,1
172105,375,Nitrogen dioxide (NO2),Mean,ppb,UHF34,103,Fordham - Bronx Pk,Summer 2010,2010-06-01,19.72,,2010,6,2,1
166710,375,Nitrogen dioxide (NO2),Mean,ppb,CD,304,Bushwick (CD4),Summer 2010,2010-06-01,19.98,,2010,6,2,1
222510,386,Ozone (O3),Mean,ppb,UHF42,301,Washington Heights,Summer 2010,2010-06-01,30.54,,2010,6,2,1
172133,375,Nitrogen dioxide (NO2),Mean,ppb,UHF34,404406,Bayside Little Neck-Fresh Meadows,Summer 2010,2010-06-01,16.81,,2010,6,2,1
179164,365,Fine particles (PM 2.5),Mean,mcg/m3,Citywide,1,New York City,Summer 2010,2010-06-01,11.83,,2010,6,2,1
216375,386,Ozone (O3),Mean,ppb,CD,205,Fordham and University Heights (CD5),Summer 2010,2010-06-01,30.97,,2010,6,2,1
221964,386,Ozone (O3),Mean,ppb,UHF34,309310,Union Square-Lower Manhattan,Summer 2010,2010-06-01,27.92,,2010,6,2,1
221976,386,Ozone (O3),Mean,ppb,UHF34,501502,Northern SI,Summer 2010,2010-06-01,33.76,,2010,6,2,1
221940,386,Ozone (O3),Mean,ppb,UHF34,409,Southeast Queens,Summer 2010,2010-06-01,34.29,,2010,6,2,1
172111,375,Nitrogen dioxide (NO2),Mean,ppb,UHF34,205,Sunset Park,Summer 2010,2010-06-01,19.51,,2010,6,2,1
172128,375,Nitrogen dioxide (NO2),Mean,ppb,UHF34,409,Southeast Queens,Summer 2010,2010-06-01,16.15,,2010,6,2,1
166737,375,Nitrogen dioxide (NO2),Mean,ppb,CD,413,Queens Village (CD13),Summer 2010,2010-06-01,16.19,,2010,6,2,1
222624,386,Ozone (O3),Mean,ppb,UHF42,410,Rockaways,Summer 2010,2010-06-01,38.98,,2010,6,2,1
172127,375,Nitrogen dioxide (NO2),Mean,ppb,UHF34,408,Jamaica,Summer 2010,2010-06-01,17.87,,2010,6,2,1
166705,375,Nitrogen dioxide (NO2),Mean,ppb,CD,211,Morris Park and Bronxdale (CD11),Summer 2010,2010-06-01,18.45,,2010,6,2,1
221886,386,Ozone (O3),Mean,ppb,UHF34,302,Central Harlem - Morningside Heights,Summer 2010,2010-06-01,29.75,,2010,6,2,1
173635,365,Fine particles (PM 2.5),Mean,mcg/m3,UHF34,103,Fordham - Bronx Pk,Summer 2010,2010-06-01,11.97,,2010,6,2,1
221880,386,Ozone (O3),Mean,ppb,UHF34,301,Washington Heights,Summer 2010,2010-06-01,30.54,,2010,6,2,1
216315,386,Ozone (O3),Mean,ppb,CD,107,Upper West Side (CD7),Summer 2010,2010-06-01,28.7,,2010,6,2,1
172107,375,Nitrogen dioxide (NO2),Mean,ppb,UHF34,201,Greenpoint,Summer 2010,2010-06-01,21.41,,2010,6,2,1
166735,375,Nitrogen dioxide (NO2),Mean,ppb,CD,411,Bayside and Little Neck (CD11),Summer 2010,2010-06-01,16.38,,2010,6,2,1
173643,365,Fine particles (PM 2.5),Mean,mcg/m3,UHF34,207,East Flatbush - Flatbush,Summer 2010,2010-06-01,11.81,,2010,6,2,1
173653,365,Fine particles (PM 2.5),Mean,mcg/m3,UHF34,402,West Queens,Summer 2010,2010-06-01,12.34,,2010,6,2,1
177832,365,Fine particles (PM 2.5),Mean,mcg/m3,UHF42,304,Upper West Side,Summer 2010,2010-06-01,13.03,,2010,6,2,1
173642,365,Fine particles (PM 2.5),Mean,mcg/m3,UHF34,206,Borough Park,Summer 2010,2010-06-01,11.73,,2010,6,2,1
169344,365,Fine particles (PM 2.5),Mean,mcg/m3,CD,107,Upper West Side (CD7),Summer 2010,2010-06-01,13.02,,2010,6,2,1
172136,375,Nitrogen dioxide (NO2),Mean,ppb,UHF34,105106107,South Bronx,Summer 2010,2010-06-01,22.13,,2010,6,2,1
169356,365,Fine particles (PM 2.5),Mean,mcg/m3,CD,207,Kingsbridge Heights and Bedford (CD7),Summer 2010,2010-06-01,12.23,,2010,6,2,1
172104,375,Nitrogen dioxide (NO2),Mean,ppb,UHF34,102,Northeast Bronx,Summer 2010,2010-06-01,17.86,,2010,6,2,1
216525,386,Ozone (O3),Mean,ppb,CD,318,Flatlands and Canarsie (CD18),Summer 2010,2010-06-01,36.08,,2010,6,2,1
172121,375,Nitrogen dioxide (NO2),Mean,ppb,UHF34,304,Upper West Side,Summer 2010,2010-06-01,26.72,,2010,6,2,1
169360,365,Fine particles (PM 2.5),Mean,mcg/m3,CD,211,Morris Park and Bronxdale (CD11),Summer 2010,2010-06-01,11.77,,2010,6,2,1
172123,375,Nitrogen dioxide (NO2),Mean,ppb,UHF34,402,West Queens,Summer 2010,2010-06-01,20.31,,2010,6,2,1
169370,365,Fine particles (PM 2.5),Mean,mcg/m3,CD,309,South Crown Heights and Lefferts Gardens (CD9),Summer 2010,2010-06-01,11.82,,2010,6,2,1
172108,375,Nitrogen dioxide (NO2),Mean,ppb,UHF34,202,Downtown - Heights - Slope,Summer 2010,2010-06-01,22.6,,2010,6,2,1
172106,375,Nitrogen dioxide (NO2),Mean,ppb,UHF34,104,Pelham - Throgs Neck,Summer 2010,2010-06-01,17.88,,2010,6,2,1
177828,365,Fine particles (PM 2.5),Mean,mcg/m3,UHF42,211,Williamsburg - Bushwick,Summer 2010,2010-06-01,13.92,,2010,6,2,1
179573,365,Fine particles (PM 2.5),Mean,mcg/m3,Borough,1,Bronx,Summer 2010,2010-06-01,12.12,,2010,6,2,1
172118,375,Nitrogen dioxide (NO2),Mean,ppb,UHF34,301,Washington Heights,Summer 2010,2010-06-01,22.89,,2010,6,2,1
216519,386,Ozone (O3),Mean,ppb,CD,317,East Flatbush (CD17),Summer 2010,2010-06-01,33.57,,2010,6,2,1
222498,386,Ozone (O3),Mean,ppb,UHF42,210,Coney Island - Sheepshead Bay,Summer 2010,2010-06-01,36.52,,2010,6,2,1
175936,375,Nitrogen dioxide (NO2),Mean,ppb,UHF42,209,Bensonhurst - Bay Ridge,Summer 2010,2010-06-01,16.91,,2010,6,2,1
169367,365,Fine particles (PM 2.5),Mean,mcg/m3,CD,306,Park Slope and Carroll Gardens (CD6),Summer 2010,2010-06-01,12.72,,2010,6,2,1
169357,365,Fine particles (PM 2.5),Mean,mcg/m3,CD,208,Riverdale and Fieldston (CD8),Summer 2010,2010-06-01,11.83,,2010,6,2,1
216501,386,Ozone (O3),Mean,ppb,CD,314,Flatbush and Midwood (CD14),Summer 2010,2010-06-01,33.38,,2010,6,2,1
173647,365,Fine particles (PM 2.5),Mean,mcg/m3,UHF34,211,Williamsburg - Bushwick,Summer 2010,2010-06-01,12.6,,2010,6,2,1
166697,375,Nitrogen dioxide (NO2),Mean,ppb,CD,203,Morrisania and Crotona (CD3),Summer 2010,2010-06-01,22.1,,2010,6,2,1
166709,375,Nitrogen dioxide (NO2),Mean,ppb,CD,303,Bedford Stuyvesant (CD3),Summer 2010,2010-06-01,21.54,,2010,6,2,1
166724,375,Nitrogen dioxide (NO2),Mean,ppb,CD,318,Flatlands and Canarsie (CD18),Summer 2010,2010-06-01,14.3,,2010,6,2,1
177821,365,Fine particles (PM 2.5),Mean,mcg/m3,UHF42,204,East New York,Summer 2010,2010-06-01,11.26,,2010,6,2,1
166695,375,Nitrogen dioxide (NO2),Mean,ppb,CD,201,Mott Haven and Melrose (CD1),Summer 2010,2010-06-01,22.42,,2010,6,2,1
177852,365,Fine particles (PM 2.5),Mean,mcg/m3,UHF42,504,South Beach - Tottenville,Summer 2010,2010-06-01,11.25,,2010,6,2,1
216333,386,Ozone (O3),Mean,ppb,CD,110,Central Harlem (CD10),Summer 2010,2010-06-01,29.84,,2010,6,2,1
216417,386,Ozone (O3),Mean,ppb,CD,212,Williamsbridge and Baychester (CD12),Summer 2010,2010-06-01,33.81,,2010,6,2,1
166692,375,Nitrogen dioxide (NO2),Mean,ppb,CD,110,Central Harlem (CD10),Summer 2010,2010-06-01,25.56,,2010,6,2,1
166690,375,Nitrogen dioxide (NO2),Mean,ppb,CD,108,Upper East Side (CD8),Summer 2010,2010-06-01,29.14,,2010,6,2,1
216405,386,Ozone (O3),Mean,ppb,CD,210,Throgs Neck and Co-op City (CD10),Summer 2010,2010-06-01,35.04,,2010,6,2,1
222456,386,Ozone (O3),Mean,ppb,UHF42,203,Bedford Stuyvesant - Crown Heights,Summer 2010,2010-06-01,32.27,,2010,6,2,1
175934,375,Nitrogen dioxide (NO2),Mean,ppb,UHF42,207,East Flatbush - Flatbush,Summer 2010,2010-06-01,18.96,,2010,6,2,1
222486,386,Ozone (O3),Mean,ppb,UHF42,208,Canarsie - Flatlands,Summer 2010,2010-06-01,36.12,,2010,6,2,1
222468,386,Ozone (O3),Mean,ppb,UHF42,205,Sunset Park,Summer 2010,2010-06-01,32.71,,2010,6,2,1
221892,386,Ozone (O3),Mean,ppb,UHF34,303,East Harlem,Summer 2010,2010-06-01,30.52,,2010,6,2,1
172125,375,Nitrogen dioxide (NO2),Mean,ppb,UHF34,405,Ridgewood - Forest Hills,Summer 2010,2010-06-01,18.49,,2010,6,2,1
169376,365,Fine particles (PM 2.5),Mean,mcg/m3,CD,315,Sheepshead Bay (CD15),Summer 2010,2010-06-01,11.37,,2010,6,2,1
221988,386,Ozone (O3),Mean,ppb,UHF34,105106107,South Bronx,Summer 2010,2010-06-01,32.24,,2010,6,2,1
221934,386,Ozone (O3),Mean,ppb,UHF34,408,Jamaica,Summer 2010,2010-06-01,33.52,,2010,6,2,1
222444,386,Ozone (O3),Mean,ppb,UHF42,201,Greenpoint,Summer 2010,2010-06-01,32.54,,2010,6,2,1
172122,375,Nitrogen dioxide (NO2),Mean,ppb,UHF34,401,Long Island City - Astoria,Summer 2010,2010-06-01,20.91,,2010,6,2,1
172112,375,Nitrogen dioxide (NO2),Mean,ppb,UHF34,206,Borough Park,Summer 2010,2010-06-01,18.77,,2010,6,2,1
166711,375,Nitrogen dioxide (NO2),Mean,ppb,CD,305,East New York and Starrett City (CD5),Summer 2010,2010-06-01,17.63,,2010,6,2,1
175944,375,Nitrogen dioxide (NO2),Mean,ppb,UHF42,306,Chelsea - Clinton,Summer 2010,2010-06-01,34.75,,2010,6,2,1
216387,386,Ozone (O3),Mean,ppb,CD,207,Kingsbridge Heights and Bedford (CD7),Summer 2010,2010-06-01,31.87,,2010,6,2,1
173661,365,Fine particles (PM 2.5),Mean,mcg/m3,UHF34,306308,Chelsea-Village,Summer 2010,2010-06-01,14.42,,2010,6,2,1
173660,365,Fine particles (PM 2.5),Mean,mcg/m3,UHF34,305307,Upper East Side-Gramercy,Summer 2010,2010-06-01,14.46,,2010,6,2,1
216285,386,Ozone (O3),Mean,ppb,CD,102,Greenwich Village and Soho (CD2),Summer 2010,2010-06-01,27.69,,2010,6,2,1
172132,375,Nitrogen dioxide (NO2),Mean,ppb,UHF34,309310,Union Square-Lower Manhattan,Summer 2010,2010-06-01,28.59,,2010,6,2,1
177848,365,Fine particles (PM 2.5),Mean,mcg/m3,UHF42,410,Rockaways,Summer 2010,2010-06-01,10.74,,2010,6,2,1
216321,386,Ozone (O3),Mean,ppb,CD,108,Upper East Side (CD8),Summer 2010,2010-06-01,28.14,,2010,6,2,1
216393,386,Ozone (O3),Mean,ppb,CD,208,Riverdale and Fieldston (CD8),Summer 2010,2010-06-01,31.97,,2010,6,2,1
216309,386,Ozone (O3),Mean,ppb,CD,106,Stuyvesant Town and Turtle Bay (CD6),Summer 2010,2010-06-01,25.27,,2010,6,2,1
216297,386,Ozone (O3),Mean,ppb,CD,104,Clinton and Chelsea (CD4),Summer 2010,2010-06-01,27.33,,2010,6,2,1
177851,365,Fine particles (PM 2.5),Mean,mcg/m3,UHF42,503,Willowbrook,Summer 2010,2010-06-01,11.68,,2010,6,2,1
216423,386,Ozone (O3),Mean,ppb,CD,301,Greenpoint and Williamsburg (CD1),Summer 2010,2010-06-01,32.53,,2010,6,2,1
175959,375,Nitrogen dioxide (NO2),Mean,ppb,UHF42,501,Port Richmond,Summer 2010,2010-06-01,17.11,,2010,6,2,1
173662,365,Fine particles (PM 2.5),Mean,mcg/m3,UHF34,309310,Union Square-Lower Manhattan,Summer 2010,2010-06-01,13.31,,2010,6,2,1
172103,375,Nitrogen dioxide (NO2),Mean,ppb,UHF34,101,Kingsbridge - Riverdale,Summer 2010,2010-06-01,18.07,,2010,6,2,1
169393,365,Fine particles (PM 2.5),Mean,mcg/m3,CD,414,Rockaway and Broad Channel (CD14),Summer 2010,2010-06-01,10.74,,2010,6,2,1
177817,365,Fine particles (PM 2.5),Mean,mcg/m3,UHF42,107,Hunts Point - Mott Haven,Summer 2010,2010-06-01,11.12,,2010,6,2,1
172126,375,Nitrogen dioxide (NO2),Mean,ppb,UHF34,407,Southwest Queens,Summer 2010,2010-06-01,17.75,,2010,6,2,1
173656,365,Fine particles (PM 2.5),Mean,mcg/m3,UHF34,407,Southwest Queens,Summer 2010,2010-06-01,11.33,,2010,6,2,1
169365,365,Fine particles (PM 2.5),Mean,mcg/m3,CD,304,Bushwick (CD4),Summer 2010,2010-06-01,12.06,,2010,6,2,1
177830,365,Fine particles (PM 2.5),Mean,mcg/m3,UHF42,302,Central Harlem - Morningside Heights,Summer 2010,2010-06-01,12.49,,2010,6,2,1
222462,386,Ozone (O3),Mean,ppb,UHF42,204,East New York,Summer 2010,2010-06-01,33.97,,2010,6,2,1
169340,365,Fine particles (PM 2.5),Mean,mcg/m3,CD,103,Lower East Side and Chinatown (CD3),Summer 2010,2010-06-01,12.94,,2010,6,2,1
177834,365,Fine particles (PM 2.5),Mean,mcg/m3,UHF42,306,Chelsea - Clinton,Summer 2010,2010-06-01,14.8,,2010,6,2,1
177850,365,Fine particles (PM 2.5),Mean,mcg/m3,UHF42,502,Stapleton - St. George,Summer 2010,2010-06-01,11.35,,2010,6,2,1
219990,386,Ozone (O3),Mean,ppb,Borough,5,Staten Island,Summer 2010,2010-06-01,35.17,,2010,6,2,1
222420,386,Ozone (O3),Mean,ppb,UHF42,104,Pelham - Throgs Neck,Summer 2010,2010-06-01,34.31,,2010,6,2,1
222408,386,Ozone (O3),Mean,ppb,UHF42,102,Northeast Bronx,Summer 2010,2010-06-01,33.96,,2010,6,2,1
175938,375,Nitrogen dioxide (NO2),Mean,ppb,UHF42,211,Williamsburg - Bushwick,Summer 2010,2010-06-01,21.25,,2010,6,2,1
816911,643,Annual vehicle miles traveled,Million miles,per square mile,CD,502,South Beach and Willowbrook (CD2),2010,2010-01-01,27.413302,,2010,1,1,1
817033,644,Annual vehicle miles traveled (cars),Million miles,per square mile,CD,112,Washington Heights and Inwood (CD12),2010,2010-01-01,112.29086,,2010,1,1,1
817179,645,Annual vehicle miles traveled (trucks),Million miles,per square mile,UHF42,303,East Harlem,2010,2010-01-01,4.904957,,2010,1,1,1
817007,644,Annual vehicle miles traveled (cars),Million miles,per square mile,UHF42,504,South Beach - Tottenville,2010,2010-01-01,14.322012,,2010,1,1,1
817111,644,Annual vehicle miles traveled (cars),Million miles,per square mile,CD,409,Kew Gardens and Woodhaven (CD9),2010,2010-01-01,52.673609,,2010,1,1,1
817075,644,Annual vehicle miles traveled (cars),Million miles,per square mile,CD,309,South Crown Heights and Lefferts Gardens (CD9),2010,2010-01-01,55.032471,,2010,1,1,1
816703,643,Annual vehicle miles traveled,Million miles,per square mile,CD,406,Rego Park and Forest Hills (CD6),2010,2010-01-01,116.574889,,2010,1,1,1
817027,644,Annual vehicle miles traveled (cars),Million miles,per square mile,CD,109,Morningside Heights and Hamilton Heights (CD9),2010,2010-01-01,108.380755,,2010,1,1,1
817031,644,Annual vehicle miles traveled (cars),Million miles,per square mile,CD,111,East Harlem (CD11),2010,2010-01-01,142.542584,,2010,1,1,1
817325,645,Annual vehicle miles traveled (trucks),Million miles,per square mile,CD,409,Kew Gardens and Woodhaven (CD9),2010,2010-01-01,2.348055,,2010,1,1,1
817289,645,Annual vehicle miles traveled (trucks),Million miles,per square mile,CD,309,South Crown Heights and Lefferts Gardens (CD9),2010,2010-01-01,1.02288,,2010,1,1,1
816854,643,Annual vehicle miles traveled,Million miles,per square mile,UHF42,306,Chelsea - Clinton,2010,2010-01-01,107.215292,,2010,1,1,1
816898,643,Annual vehicle miles traveled,Million miles,per square mile,UHF42,102,Northeast Bronx,2010,2010-01-01,43.02465,,2010,1,1,1
817233,645,Annual vehicle miles traveled (trucks),Million miles,per square mile,CD,105,Midtown (CD5),2010,2010-01-01,7.299583,,2010,1,1,1
817177,645,Annual vehicle miles traveled (trucks),Million miles,per square mile,UHF42,302,Central Harlem - Morningside Heights,2010,2010-01-01,2.284612,,2010,1,1,1
817069,644,Annual vehicle miles traveled (cars),Million miles,per square mile,CD,306,Park Slope and Carroll Gardens (CD6),2010,2010-01-01,61.59942,,2010,1,1,1
816738,643,Annual vehicle miles traveled,Million miles,per square mile,CD,315,Sheepshead Bay (CD15),2010,2010-01-01,53.963707,,2010,1,1,1
817081,644,Annual vehicle miles traveled (cars),Million miles,per square mile,CD,312,Borough Park (CD12),2010,2010-01-01,59.923956,,2010,1,1,1
816878,643,Annual vehicle miles traveled,Million miles,per square mile,UHF42,205,Sunset Park,2010,2010-01-01,73.383475,,2010,1,1,1
816752,643,Annual vehicle miles traveled,Million miles,per square mile,CD,308,Crown Heights and Prospect Heights (CD8),2010,2010-01-01,64.670286,,2010,1,1,1
817073,644,Annual vehicle miles traveled (cars),Million miles,per square mile,CD,308,Crown Heights and Prospect Heights (CD8),2010,2010-01-01,61.61334,,2010,1,1,1
817319,645,Annual vehicle miles traveled (trucks),Million miles,per square mile,CD,406,Rego Park and Forest Hills (CD6),2010,2010-01-01,3.684539,,2010,1,1,1
817287,645,Annual vehicle miles traveled (trucks),Million miles,per square mile,CD,308,Crown Heights and Prospect Heights (CD8),2010,2010-01-01,2.072889,,2010,1,1,1
817205,645,Annual vehicle miles traveled (trucks),Million miles,per square mile,UHF42,406,Fresh Meadows,2010,2010-01-01,4.131222,,2010,1,1,1
817307,645,Annual vehicle miles traveled (trucks),Million miles,per square mile,CD,318,Flatlands and Canarsie (CD18),2010,2010-01-01,0.731529,,2010,1,1,1
816816,643,Annual vehicle miles traveled,Million miles,per square mile,Citywide,1,New York City,2010,2010-01-01,56.995995,,2010,1,1,1
816973,644,Annual vehicle miles traveled (cars),Million miles,per square mile,UHF42,307,Gramercy Park - Murray Hill,2010,2010-01-01,156.110522,,2010,1,1,1
817105,644,Annual vehicle miles traveled (cars),Million miles,per square mile,CD,406,Rego Park and Forest Hills (CD6),2010,2010-01-01,111.126668,,2010,1,1,1
817137,645,Annual vehicle miles traveled (trucks),Million miles,per square mile,Borough,5,Staten Island,2010,2010-01-01,1.053687,,2010,1,1,1
816812,643,Annual vehicle miles traveled,Million miles,per square mile,CD,102,Greenwich Village and Soho (CD2),2010,2010-01-01,99.861579,,2010,1,1,1
817009,644,Annual vehicle miles traveled (cars),Million miles,per square mile,Citywide,1,New York City,2010,2010-01-01,53.380219,,2010,1,1,1
817029,644,Annual vehicle miles traveled (cars),Million miles,per square mile,CD,110,Central Harlem (CD10),2010,2010-01-01,67.563923,,2010,1,1,1
817003,644,Annual vehicle miles traveled (cars),Million miles,per square mile,UHF42,502,Stapleton - St. George,2010,2010-01-01,28.996832,,2010,1,1,1
816951,644,Annual vehicle miles traveled (cars),Million miles,per square mile,UHF42,207,East Flatbush - Flatbush,2010,2010-01-01,50.188569,,2010,1,1,1
817243,645,Annual vehicle miles traveled (trucks),Million miles,per square mile,CD,110,Central Harlem (CD10),2010,2010-01-01,1.27622,,2010,1,1,1
817153,645,Annual vehicle miles traveled (trucks),Million miles,per square mile,UHF42,201,Greenpoint,2010,2010-01-01,5.585154,,2010,1,1,1
817223,645,Annual vehicle miles traveled (trucks),Million miles,per square mile,Citywide,1,New York City,2010,2010-01-01,2.408383,,2010,1,1,1
816788,643,Annual vehicle miles traveled,Million miles,per square mile,CD,202,Hunts Point and Longwood (CD2),2010,2010-01-01,44.762653,,2010,1,1,1
816868,643,Annual vehicle miles traveled,Million miles,per square mile,UHF42,210,Coney Island - Sheepshead Bay,2010,2010-01-01,44.028578,,2010,1,1,1
816802,643,Annual vehicle miles traveled,Million miles,per square mile,CD,107,Upper West Side (CD7),2010,2010-01-01,127.111296,,2010,1,1,1
816742,643,Annual vehicle miles traveled,Million miles,per square mile,CD,313,Coney Island (CD13),2010,2010-01-01,43.905625,,2010,1,1,1
816880,643,Annual vehicle miles traveled,Million miles,per square mile,UHF42,204,East New York,2010,2010-01-01,47.536182,,2010,1,1,1
817145,645,Annual vehicle miles traveled (trucks),Million miles,per square mile,UHF42,104,Pelham - Throgs Neck,2010,2010-01-01,4.099779,,2010,1,1,1
816794,643,Annual vehicle miles traveled,Million miles,per square mile,CD,111,East Harlem (CD11),2010,2010-01-01,151.588753,,2010,1,1,1
816941,644,Annual vehicle miles traveled (cars),Million miles,per square mile,UHF42,202,Downtown - Heights - Slope,2010,2010-01-01,87.433178,,2010,1,1,1
816931,644,Annual vehicle miles traveled (cars),Million miles,per square mile,UHF42,104,Pelham - Throgs Neck,2010,2010-01-01,54.570977,,2010,1,1,1
817045,644,Annual vehicle miles traveled (cars),Million miles,per square mile,CD,206,Belmont and East Tremont (CD6),2010,2010-01-01,86.488885,,2010,1,1,1
816995,644,Annual vehicle miles traveled (cars),Million miles,per square mile,UHF42,408,Jamaica,2010,2010-01-01,50.923469,,2010,1,1,1
816971,644,Annual vehicle miles traveled (cars),Million miles,per square mile,UHF42,306,Chelsea - Clinton,2010,2010-01-01,91.784894,,2010,1,1,1
817061,644,Annual vehicle miles traveled (cars),Million miles,per square mile,CD,302,Fort Greene and Brooklyn Heights (CD2),2010,2010-01-01,99.773991,,2010,1,1,1
817181,645,Annual vehicle miles traveled (trucks),Million miles,per square mile,UHF42,304,Upper West Side,2010,2010-01-01,6.561422,,2010,1,1,1
816919,644,Annual vehicle miles traveled (cars),Million miles,per square mile,Borough,3,Manhattan,2010,2010-01-01,104.200673,,2010,1,1,1
816750,643,Annual vehicle miles traveled,Million miles,per square mile,CD,309,South Crown Heights and Lefferts Gardens (CD9),2010,2010-01-01,57.155121,,2010,1,1,1
817021,644,Annual vehicle miles traveled (cars),Million miles,per square mile,CD,106,Stuyvesant Town and Turtle Bay (CD6),2010,2010-01-01,164.734912,,2010,1,1,1
816949,644,Annual vehicle miles traveled (cars),Million miles,per square mile,UHF42,206,Borough Park,2010,2010-01-01,59.017358,,2010,1,1,1
816740,643,Annual vehicle miles traveled,Million miles,per square mile,CD,314,Flatbush and Midwood (CD14),2010,2010-01-01,50.246045,,2010,1,1,1
817151,645,Annual vehicle miles traveled (trucks),Million miles,per square mile,UHF42,107,Hunts Point - Mott Haven,2010,2010-01-01,2.79971,,2010,1,1,1
817257,645,Annual vehicle miles traveled (trucks),Million miles,per square mile,CD,205,Fordham and University Heights (CD5),2010,2010-01-01,9.950237,,2010,1,1,1
816866,643,Annual vehicle miles traveled,Million miles,per square mile,UHF42,211,Williamsburg - Bushwick,2010,2010-01-01,39.689993,,2010,1,1,1
817321,645,Annual vehicle miles traveled (trucks),Million miles,per square mile,CD,407,Flushing and Whitestone (CD7),2010,2010-01-01,2.292104,,2010,1,1,1
817103,644,Annual vehicle miles traveled (cars),Million miles,per square mile,CD,405,Ridgewood and Maspeth (CD5),2010,2010-01-01,49.882924,,2010,1,1,1
817169,645,Annual vehicle miles traveled (trucks),Million miles,per square mile,UHF42,209,Bensonhurst - Bay Ridge,2010,2010-01-01,2.101004,,2010,1,1,1
816858,643,Annual vehicle miles traveled,Million miles,per square mile,UHF42,304,Upper West Side,2010,2010-01-01,127.35141,,2010,1,1,1
817043,644,Annual vehicle miles traveled (cars),Million miles,per square mile,CD,205,Fordham and University Heights (CD5),2010,2010-01-01,82.933121,,2010,1,1,1
817015,644,Annual vehicle miles traveled (cars),Million miles,per square mile,CD,103,Lower East Side and Chinatown (CD3),2010,2010-01-01,120.201076,,2010,1,1,1
817185,645,Annual vehicle miles traveled (trucks),Million miles,per square mile,UHF42,306,Chelsea - Clinton,2010,2010-01-01,8.522793,,2010,1,1,1
817187,645,Annual vehicle miles traveled (trucks),Million miles,per square mile,UHF42,307,Gramercy Park - Murray Hill,2010,2010-01-01,6.013005,,2010,1,1,1
816892,643,Annual vehicle miles traveled,Million miles,per square mile,UHF42,105,Crotona -Tremont,2010,2010-01-01,91.469571,,2010,1,1,1
817049,644,Annual vehicle miles traveled (cars),Million miles,per square mile,CD,208,Riverdale and Fieldston (CD8),2010,2010-01-01,36.95419,,2010,1,1,1
816744,643,Annual vehicle miles traveled,Million miles,per square mile,CD,312,Borough Park (CD12),2010,2010-01-01,61.48555,,2010,1,1,1
816768,643,Annual vehicle miles traveled,Million miles,per square mile,CD,212,Williamsbridge and Baychester (CD12),2010,2010-01-01,48.178637,,2010,1,1,1
816772,643,Annual vehicle miles traveled,Million miles,per square mile,CD,210,Throgs Neck and Co-op City (CD10),2010,2010-01-01,73.596321,,2010,1,1,1
816957,644,Annual vehicle miles traveled (cars),Million miles,per square mile,UHF42,210,Coney Island - Sheepshead Bay,2010,2010-01-01,42.520601,,2010,1,1,1
817271,645,Annual vehicle miles traveled (trucks),Million miles,per square mile,CD,212,Williamsbridge and Baychester (CD12),2010,2010-01-01,2.959784,,2010,1,1,1
816701,643,Annual vehicle miles traveled,Million miles,per square mile,CD,405,Ridgewood and Maspeth (CD5),2010,2010-01-01,52.208311,,2010,1,1,1
816782,643,Annual vehicle miles traveled,Million miles,per square mile,CD,205,Fordham and University Heights (CD5),2010,2010-01-01,95.004662,,2010,1,1,1
816961,644,Annual vehicle miles traveled (cars),Million miles,per square mile,UHF42,301,Washington Heights,2010,2010-01-01,107.836565,,2010,1,1,1
817201,645,Annual vehicle miles traveled (trucks),Million miles,per square mile,UHF42,404,Bayside - Little Neck,2010,2010-01-01,4.060471,,2010,1,1,1
817285,645,Annual vehicle miles traveled (trucks),Million miles,per square mile,CD,307,Sunset Park (CD7),2010,2010-01-01,4.931669,,2010,1,1,1
816707,643,Annual vehicle miles traveled,Million miles,per square mile,CD,408,Hillcrest and Fresh Meadows (CD8),2010,2010-01-01,93.52038,,2010,1,1,1
817221,645,Annual vehicle miles traveled (trucks),Million miles,per square mile,UHF42,504,South Beach - Tottenville,2010,2010-01-01,0.470942,,2010,1,1,1
817023,644,Annual vehicle miles traveled (cars),Million miles,per square mile,CD,107,Upper West Side (CD7),2010,2010-01-01,116.050215,,2010,1,1,1
817107,644,Annual vehicle miles traveled (cars),Million miles,per square mile,CD,407,Flushing and Whitestone (CD7),2010,2010-01-01,49.466968,,2010,1,1,1
817123,644,Annual vehicle miles traveled (cars),Million miles,per square mile,CD,501,St. George and Stapleton (CD1),2010,2010-01-01,25.426117,,2010,1,1,1
817195,645,Annual vehicle miles traveled (trucks),Million miles,per square mile,UHF42,401,Long Island City - Astoria,2010,2010-01-01,2.916476,,2010,1,1,1
816908,643,Annual vehicle miles traveled,Million miles,per square mile,Borough,2,Brooklyn,2010,2010-01-01,55.793366,,2010,1,1,1
816910,643,Annual vehicle miles traveled,Million miles,per square mile,Borough,1,Bronx,2010,2010-01-01,59.751255,,2010,1,1,1
816804,643,Annual vehicle miles traveled,Million miles,per square mile,CD,106,Stuyvesant Town and Turtle Bay (CD6),2010,2010-01-01,178.583819,,2010,1,1,1
816736,643,Annual vehicle miles traveled,Million miles,per square mile,CD,316,Brownsville (CD16),2010,2010-01-01,61.385752,,2010,1,1,1
817215,645,Annual vehicle miles traveled (trucks),Million miles,per square mile,UHF42,501,Port Richmond,2010,2010-01-01,1.129696,,2010,1,1,1
817039,644,Annual vehicle miles traveled (cars),Million miles,per square mile,CD,203,Morrisania and Crotona (CD3),2010,2010-01-01,29.363149,,2010,1,1,1
816852,643,Annual vehicle miles traveled,Million miles,per square mile,UHF42,307,Gramercy Park - Murray Hill,2010,2010-01-01,173.357154,,2010,1,1,1
817113,644,Annual vehicle miles traveled (cars),Million miles,per square mile,CD,410,South Ozone Park and Howard Beach (CD10),2010,2010-01-01,78.194985,,2010,1,1,1
816824,643,Annual vehicle miles traveled,Million miles,per square mile,UHF42,501,Port Richmond,2010,2010-01-01,16.897212,,2010,1,1,1
817249,645,Annual vehicle miles traveled (trucks),Million miles,per square mile,CD,201,Mott Haven and Melrose (CD1),2010,2010-01-01,5.020524,,2010,1,1,1
817077,644,Annual vehicle miles traveled (cars),Million miles,per square mile,CD,310,Bay Ridge and Dyker Heights (CD10),2010,2010-01-01,65.190373,,2010,1,1,1
817117,644,Annual vehicle miles traveled (cars),Million miles,per square mile,CD,412,Jamaica and Hollis (CD12),2010,2010-01-01,42.042491,,2010,1,1,1
816882,643,Annual vehicle miles traveled,Million miles,per square mile,UHF42,203,Bedford Stuyvesant - Crown Heights,2010,2010-01-01,64.367493,,2010,1,1,1
816774,643,Annual vehicle miles traveled,Million miles,per square mile,CD,209,Parkchester and Soundview (CD9),2010,2010-01-01,63.150589,,2010,1,1,1
816798,643,Annual vehicle miles traveled,Million miles,per square mile,CD,109,Morningside Heights and Hamilton Heights (CD9),2010,2010-01-01,115.560412,,2010,1,1,1
816709,643,Annual vehicle miles traveled,Million miles,per square mile,CD,409,Kew Gardens and Woodhaven (CD9),2010,2010-01-01,55.820357,,2010,1,1,1
817231,645,Annual vehicle miles traveled (trucks),Million miles,per square mile,CD,104,Clinton and Chelsea (CD4),2010,2010-01-01,9.354428,,2010,1,1,1
817001,644,Annual vehicle miles traveled (cars),Million miles,per square mile,UHF42,501,Port Richmond,2010,2010-01-01,15.386635,,2010,1,1,1
817235,645,Annual vehicle miles traveled (trucks),Million miles,per square mile,CD,106,Stuyvesant Town and Turtle Bay (CD6),2010,2010-01-01,4.317389,,2010,1,1,1
817267,645,Annual vehicle miles traveled (trucks),Million miles,per square mile,CD,210,Throgs Neck and Co-op City (CD10),2010,2010-01-01,5.911896,,2010,1,1,1
817291,645,Annual vehicle miles traveled (trucks),Million miles,per square mile,CD,310,Bay Ridge and Dyker Heights (CD10),2010,2010-01-01,3.667991,,2010,1,1,1
816713,643,Annual vehicle miles traveled,Million miles,per square mile,CD,411,Bayside and Little Neck (CD11),2010,2010-01-01,81.22738,,2010,1,1,1
816796,643,Annual vehicle miles traveled,Million miles,per square mile,CD,110,Central Harlem (CD10),2010,2010-01-01,71.098763,,2010,1,1,1
817057,644,Annual vehicle miles traveled (cars),Million miles,per square mile,CD,212,Williamsbridge and Baychester (CD12),2010,2010-01-01,44.369122,,2010,1,1,1
816886,643,Annual vehicle miles traveled,Million miles,per square mile,UHF42,201,Greenpoint,2010,2010-01-01,70.657763,,2010,1,1,1
816925,644,Annual vehicle miles traveled (cars),Million miles,per square mile,UHF42,101,Kingsbridge - Riverdale,2010,2010-01-01,63.931031,,2010,1,1,1
817191,645,Annual vehicle miles traveled (trucks),Million miles,per square mile,UHF42,309,Union Square - Lower East Side,2010,2010-01-01,3.400794,,2010,1,1,1
817283,645,Annual vehicle miles traveled (trucks),Million miles,per square mile,CD,306,Park Slope and Carroll Gardens (CD6),2010,2010-01-01,3.439741,,2010,1,1,1
817309,645,Annual vehicle miles traveled (trucks),Million miles,per square mile,CD,401,Long Island City and Astoria (CD1),2010,2010-01-01,2.104451,,2010,1,1,1
816814,643,Annual vehicle miles traveled,Million miles,per square mile,CD,101,Financial District (CD1),2010,2010-01-01,92.67125,,2010,1,1,1
816790,643,Annual vehicle miles traveled,Million miles,per square mile,CD,201,Mott Haven and Melrose (CD1),2010,2010-01-01,75.642848,,2010,1,1,1
817095,644,Annual vehicle miles traveled (cars),Million miles,per square mile,CD,401,Long Island City and Astoria (CD1),2010,2010-01-01,40.151543,,2010,1,1,1
817097,644,Annual vehicle miles traveled (cars),Million miles,per square mile,CD,402,Woodside and Sunnyside (CD2),2010,2010-01-01,99.945442,,2010,1,1,1
817035,644,Annual vehicle miles traveled (cars),Million miles,per square mile,CD,201,Mott Haven and Melrose (CD1),2010,2010-01-01,68.396365,,2010,1,1,1
817011,644,Annual vehicle miles traveled (cars),Million miles,per square mile,CD,101,Financial District (CD1),2010,2010-01-01,80.608897,,2010,1,1,1
817337,645,Annual vehicle miles traveled (trucks),Million miles,per square mile,CD,501,St. George and Stapleton (CD1),2010,2010-01-01,1.300183,,2010,1,1,1
816808,643,Annual vehicle miles traveled,Million miles,per square mile,CD,104,Clinton and Chelsea (CD4),2010,2010-01-01,125.530861,,2010,1,1,1
817339,645,Annual vehicle miles traveled (trucks),Million miles,per square mile,CD,502,South Beach and Willowbrook (CD2),2010,2010-01-01,1.433544,,2010,1,1,1
817275,645,Annual vehicle miles traveled (trucks),Million miles,per square mile,CD,302,Fort Greene and Brooklyn Heights (CD2),2010,2010-01-01,7.606192,,2010,1,1,1
816830,643,Annual vehicle miles traveled,Million miles,per square mile,UHF42,408,Jamaica,2010,2010-01-01,52.758454,,2010,1,1,1
817199,645,Annual vehicle miles traveled (trucks),Million miles,per square mile,UHF42,403,Flushing - Clearview,2010,2010-01-01,2.487289,,2010,1,1,1
817273,645,Annual vehicle miles traveled (trucks),Million miles,per square mile,CD,301,Greenpoint and Williamsburg (CD1),2010,2010-01-01,4.56663,,2010,1,1,1
816758,643,Annual vehicle miles traveled,Million miles,per square mile,CD,305,East New York and Starrett City (CD5),2010,2010-01-01,51.113152,,2010,1,1,1
817019,644,Annual vehicle miles traveled (cars),Million miles,per square mile,CD,105,Midtown (CD5),2010,2010-01-01,63.57224,,2010,1,1,1
817303,645,Annual vehicle miles traveled (trucks),Million miles,per square mile,CD,316,Brownsville (CD16),2010,2010-01-01,1.590894,,2010,1,1,1
817067,644,Annual vehicle miles traveled (cars),Million miles,per square mile,CD,305,East New York and Starrett City (CD5),2010,2010-01-01,48.927133,,2010,1,1,1
817139,645,Annual vehicle miles traveled (trucks),Million miles,per square mile,UHF42,101,Kingsbridge - Riverdale,2010,2010-01-01,4.764311,,2010,1,1,1
816915,644,Annual vehicle miles traveled (cars),Million miles,per square mile,Borough,1,Bronx,2010,2010-01-01,54.229741,,2010,1,1,1
817317,645,Annual vehicle miles traveled (trucks),Million miles,per square mile,CD,405,Ridgewood and Maspeth (CD5),2010,2010-01-01,1.705252,,2010,1,1,1
817311,645,Annual vehicle miles traveled (trucks),Million miles,per square mile,CD,402,Woodside and Sunnyside (CD2),2010,2010-01-01,5.860954,,2010,1,1,1
817175,645,Annual vehicle miles traveled (trucks),Million miles,per square mile,UHF42,301,Washington Heights,2010,2010-01-01,5.336711,,2010,1,1,1
817121,644,Annual vehicle miles traveled (cars),Million miles,per square mile,CD,414,Rockaway and Broad Channel (CD14),2010,2010-01-01,16.433975,,2010,1,1,1
816870,643,Annual vehicle miles traveled,Million miles,per square mile,UHF42,209,Bensonhurst - Bay Ridge,2010,2010-01-01,59.679365,,2010,1,1,1
816726,643,Annual vehicle miles traveled,Million miles,per square mile,CD,403,Jackson Heights (CD3),2010,2010-01-01,84.341787,,2010,1,1,1
816917,644,Annual vehicle miles traveled (cars),Million miles,per square mile,Borough,2,Brooklyn,2010,2010-01-01,52.78988,,2010,1,1,1
817091,644,Annual vehicle miles traveled (cars),Million miles,per square mile,CD,317,East Flatbush (CD17),2010,2010-01-01,53.851467,,2010,1,1,1
817241,645,Annual vehicle miles traveled (trucks),Million miles,per square mile,CD,109,Morningside Heights and Hamilton Heights (CD9),2010,2010-01-01,4.659623,,2010,1,1,1
817219,645,Annual vehicle miles traveled (trucks),Million miles,per square mile,UHF42,503,Willowbrook,2010,2010-01-01,1.674453,,2010,1,1,1
817335,645,Annual vehicle miles traveled (trucks),Million miles,per square mile,CD,414,Rockaway and Broad Channel (CD14),2010,2010-01-01,0.341123,,2010,1,1,1
816864,643,Annual vehicle miles traveled,Million miles,per square mile,UHF42,301,Washington Heights,2010,2010-01-01,115.887387,,2010,1,1,1
816746,643,Annual vehicle miles traveled,Million miles,per square mile,CD,311,Bensonhurst (CD11),2010,2010-01-01,44.069028,,2010,1,1,1
816929,644,Annual vehicle miles traveled (cars),Million miles,per square mile,UHF42,103,Fordham - Bronx Pk,2010,2010-01-01,50.586364,,2010,1,1,1
817157,645,Annual vehicle miles traveled (trucks),Million miles,per square mile,UHF42,203,Bedford Stuyvesant - Crown Heights,2010,2010-01-01,1.836795,,2010,1,1,1
817109,644,Annual vehicle miles traveled (cars),Million miles,per square mile,CD,408,Hillcrest and Fresh Meadows (CD8),2010,2010-01-01,89.119314,,2010,1,1,1
817017,644,Annual vehicle miles traveled (cars),Million miles,per square mile,CD,104,Clinton and Chelsea (CD4),2010,2010-01-01,110.39978,,2010,1,1,1
817323,645,Annual vehicle miles traveled (trucks),Million miles,per square mile,CD,408,Hillcrest and Fresh Meadows (CD8),2010,2010-01-01,3.222418,,2010,1,1,1
816967,644,Annual vehicle miles traveled (cars),Million miles,per square mile,UHF42,304,Upper West Side,2010,2010-01-01,116.446345,,2010,1,1,1
816756,643,Annual vehicle miles traveled,Million miles,per square mile,CD,306,Park Slope and Carroll Gardens (CD6),2010,2010-01-01,66.727126,,2010,1,1,1
816828,643,Annual vehicle miles traveled,Million miles,per square mile,UHF42,409,Southeast Queens,2010,2010-01-01,70.492819,,2010,1,1,1
817085,644,Annual vehicle miles traveled (cars),Million miles,per square mile,CD,314,Flatbush and Midwood (CD14),2010,2010-01-01,47.473032,,2010,1,1,1
817071,644,Annual vehicle miles traveled (cars),Million miles,per square mile,CD,307,Sunset Park (CD7),2010,2010-01-01,83.128966,,2010,1,1,1
817183,645,Annual vehicle miles traveled (trucks),Million miles,per square mile,UHF42,305,Upper East Side,2010,2010-01-01,4.822169,,2010,1,1,1
817217,645,Annual vehicle miles traveled (trucks),Million miles,per square mile,UHF42,502,Stapleton - St. George,2010,2010-01-01,1.51489,,2010,1,1,1
817263,645,Annual vehicle miles traveled (trucks),Million miles,per square mile,CD,208,Riverdale and Fieldston (CD8),2010,2010-01-01,2.243973,,2010,1,1,1
816965,644,Annual vehicle miles traveled (cars),Million miles,per square mile,UHF42,303,East Harlem,2010,2010-01-01,136.604529,,2010,1,1,1
817253,645,Annual vehicle miles traveled (trucks),Million miles,per square mile,CD,203,Morrisania and Crotona (CD3),2010,2010-01-01,2.54012,,2010,1,1,1
817259,645,Annual vehicle miles traveled (trucks),Million miles,per square mile,CD,206,Belmont and East Tremont (CD6),2010,2010-01-01,8.494052,,2010,1,1,1
816848,643,Annual vehicle miles traveled,Million miles,per square mile,UHF42,309,Union Square - Lower East Side,2010,2010-01-01,112.847633,,2010,1,1,1
816989,644,Annual vehicle miles traveled (cars),Million miles,per square mile,UHF42,405,Ridgewood - Forest Hills,2010,2010-01-01,68.305841,,2010,1,1,1
816969,644,Annual vehicle miles traveled (cars),Million miles,per square mile,UHF42,305,Upper East Side,2010,2010-01-01,116.985411,,2010,1,1,1
817305,645,Annual vehicle miles traveled (trucks),Million miles,per square mile,CD,317,East Flatbush (CD17),2010,2010-01-01,1.513312,,2010,1,1,1
817093,644,Annual vehicle miles traveled (cars),Million miles,per square mile,CD,318,Flatlands and Canarsie (CD18),2010,2010-01-01,36.976971,,2010,1,1,1
817313,645,Annual vehicle miles traveled (trucks),Million miles,per square mile,CD,403,Jackson Heights (CD3),2010,2010-01-01,1.854947,,2010,1,1,1
817315,645,Annual vehicle miles traveled (trucks),Million miles,per square mile,CD,404,Elmhurst and Corona (CD4),2010,2010-01-01,4.074909,,2010,1,1,1
817251,645,Annual vehicle miles traveled (trucks),Million miles,per square mile,CD,202,Hunts Point and Longwood (CD2),2010,2010-01-01,2.328497,,2010,1,1,1
817005,644,Annual vehicle miles traveled (cars),Million miles,per square mile,UHF42,503,Willowbrook,2010,2010-01-01,28.934604,,2010,1,1,1
817065,644,Annual vehicle miles traveled (cars),Million miles,per square mile,CD,304,Bushwick (CD4),2010,2010-01-01,39.408792,,2010,1,1,1
816985,644,Annual vehicle miles traveled (cars),Million miles,per square mile,UHF42,403,Flushing - Clearview,2010,2010-01-01,49.626782,,2010,1,1,1
817155,645,Annual vehicle miles traveled (trucks),Million miles,per square mile,UHF42,202,Downtown - Heights - Slope,2010,2010-01-01,5.74404,,2010,1,1,1
816780,643,Annual vehicle miles traveled,Million miles,per square mile,CD,206,Belmont and East Tremont (CD6),2010,2010-01-01,98.069252,,2010,1,1,1
816904,643,Annual vehicle miles traveled,Million miles,per square mile,Borough,4,Queens,2010,2010-01-01,62.911767,,2010,1,1,1
817329,645,Annual vehicle miles traveled (trucks),Million miles,per square mile,CD,411,Bayside and Little Neck (CD11),2010,2010-01-01,3.928075,,2010,1,1,1
816896,643,Annual vehicle miles traveled,Million miles,per square mile,UHF42,103,Fordham - Bronx Pk,2010,2010-01-01,53.707814,,2010,1,1,1
816836,643,Annual vehicle miles traveled,Million miles,per square mile,UHF42,405,Ridgewood - Forest Hills,2010,2010-01-01,70.571653,,2010,1,1,1
816840,643,Annual vehicle miles traveled,Million miles,per square mile,UHF42,403,Flushing - Clearview,2010,2010-01-01,53.13554,,2010,1,1,1
816935,644,Annual vehicle miles traveled (cars),Million miles,per square mile,UHF42,106,High Bridge - Morrisania,2010,2010-01-01,67.298516,,2010,1,1,1
817131,645,Annual vehicle miles traveled (trucks),Million miles,per square mile,Borough,2,Brooklyn,2010,2010-01-01,1.975673,,2010,1,1,1
816900,643,Annual vehicle miles traveled,Million miles,per square mile,UHF42,101,Kingsbridge - Riverdale,2010,2010-01-01,69.977818,,2010,1,1,1
817127,644,Annual vehicle miles traveled (cars),Million miles,per square mile,CD,503,Tottenville and Great Kills (CD3),2010,2010-01-01,13.954551,,2010,1,1,1
817167,645,Annual vehicle miles traveled (trucks),Million miles,per square mile,UHF42,208,Canarsie - Flatlands,2010,2010-01-01,0.550815,,2010,1,1,1
817299,645,Annual vehicle miles traveled (trucks),Million miles,per square mile,CD,314,Flatbush and Midwood (CD14),2010,2010-01-01,1.525977,,2010,1,1,1
816981,644,Annual vehicle miles traveled (cars),Million miles,per square mile,UHF42,401,Long Island City - Astoria,2010,2010-01-01,54.810379,,2010,1,1,1
817211,645,Annual vehicle miles traveled (trucks),Million miles,per square mile,UHF42,409,Southeast Queens,2010,2010-01-01,1.637079,,2010,1,1,1
816762,643,Annual vehicle miles traveled,Million miles,per square mile,CD,303,Bedford Stuyvesant (CD3),2010,2010-01-01,55.866328,,2010,1,1,1
816806,643,Annual vehicle miles traveled,Million miles,per square mile,CD,105,Midtown (CD5),2010,2010-01-01,80.631536,,2010,1,1,1
817203,645,Annual vehicle miles traveled (trucks),Million miles,per square mile,UHF42,405,Ridgewood - Forest Hills,2010,2010-01-01,1.420697,,2010,1,1,1
817331,645,Annual vehicle miles traveled (trucks),Million miles,per square mile,CD,412,Jamaica and Hollis (CD12),2010,2010-01-01,1.265545,,2010,1,1,1
817171,645,Annual vehicle miles traveled (trucks),Million miles,per square mile,UHF42,210,Coney Island - Sheepshead Bay,2010,2010-01-01,0.738829,,2010,1,1,1
816748,643,Annual vehicle miles traveled,Million miles,per square mile,CD,310,Bay Ridge and Dyker Heights (CD10),2010,2010-01-01,70.247457,,2010,1,1,1
817141,645,Annual vehicle miles traveled (trucks),Million miles,per square mile,UHF42,102,Northeast Bronx,2010,2010-01-01,3.328257,,2010,1,1,1
817247,645,Annual vehicle miles traveled (trucks),Million miles,per square mile,CD,112,Washington Heights and Inwood (CD12),2010,2010-01-01,5.656725,,2010,1,1,1
817129,645,Annual vehicle miles traveled (trucks),Million miles,per square mile,Borough,1,Bronx,2010,2010-01-01,4.207102,,2010,1,1,1
816728,643,Annual vehicle miles traveled,Million miles,per square mile,CD,402,Woodside and Sunnyside (CD2),2010,2010-01-01,108.529415,,2010,1,1,1
816902,643,Annual vehicle miles traveled,Million miles,per square mile,Borough,5,Staten Island,2010,2010-01-01,22.554813,,2010,1,1,1
817163,645,Annual vehicle miles traveled (trucks),Million miles,per square mile,UHF42,206,Borough Park,2010,2010-01-01,1.370284,,2010,1,1,1
816993,644,Annual vehicle miles traveled (cars),Million miles,per square mile,UHF42,407,Southwest Queens,2010,2010-01-01,63.079019,,2010,1,1,1
816820,643,Annual vehicle miles traveled,Million miles,per square mile,UHF42,503,Willowbrook,2010,2010-01-01,31.020186,,2010,1,1,1
817255,645,Annual vehicle miles traveled (trucks),Million miles,per square mile,CD,204,Highbridge and Concourse (CD4),2010,2010-01-01,9.499395,,2010,1,1,1
816933,644,Annual vehicle miles traveled (cars),Million miles,per square mile,UHF42,105,Crotona -Tremont,2010,2010-01-01,80.79418,,2010,1,1,1
816838,643,Annual vehicle miles traveled,Million miles,per square mile,UHF42,404,Bayside - Little Neck,2010,2010-01-01,85.872577,,2010,1,1,1
816778,643,Annual vehicle miles traveled,Million miles,per square mile,CD,207,Kingsbridge Heights and Bedford (CD7),2010,2010-01-01,66.582626,,2010,1,1,1
816923,644,Annual vehicle miles traveled (cars),Million miles,per square mile,Borough,5,Staten Island,2010,2010-01-01,21.150329,,2010,1,1,1
816705,643,Annual vehicle miles traveled,Million miles,per square mile,CD,407,Flushing and Whitestone (CD7),2010,2010-01-01,52.785938,,2010,1,1,1
816719,643,Annual vehicle miles traveled,Million miles,per square mile,CD,414,Rockaway and Broad Channel (CD14),2010,2010-01-01,16.863789,,2010,1,1,1
816894,643,Annual vehicle miles traveled,Million miles,per square mile,UHF42,104,Pelham - Throgs Neck,2010,2010-01-01,59.737831,,2010,1,1,1
816786,643,Annual vehicle miles traveled,Million miles,per square mile,CD,203,Morrisania and Crotona (CD3),2010,2010-01-01,33.246774,,2010,1,1,1
816860,643,Annual vehicle miles traveled,Million miles,per square mile,UHF42,303,East Harlem,2010,2010-01-01,146.02112,,2010,1,1,1
816876,643,Annual vehicle miles traveled,Million miles,per square mile,UHF42,206,Borough Park,2010,2010-01-01,61.213269,,2010,1,1,1
817013,644,Annual vehicle miles traveled (cars),Million miles,per square mile,CD,102,Greenwich Village and Soho (CD2),2010,2010-01-01,86.478498,,2010,1,1,1
817265,645,Annual vehicle miles traveled (trucks),Million miles,per square mile,CD,209,Parkchester and Soundview (CD9),2010,2010-01-01,5.004538,,2010,1,1,1
816822,643,Annual vehicle miles traveled,Million miles,per square mile,UHF42,502,Stapleton - St. George,2010,2010-01-01,31.049237,,2010,1,1,1
817225,645,Annual vehicle miles traveled (trucks),Million miles,per square mile,CD,101,Financial District (CD1),2010,2010-01-01,4.80067,,2010,1,1,1
816890,643,Annual vehicle miles traveled,Million miles,per square mile,UHF42,106,High Bridge - Morrisania,2010,2010-01-01,77.131192,,2010,1,1,1
817327,645,Annual vehicle miles traveled (trucks),Million miles,per square mile,CD,410,South Ozone Park and Howard Beach (CD10),2010,2010-01-01,1.584772,,2010,1,1,1
817245,645,Annual vehicle miles traveled (trucks),Million miles,per square mile,CD,111,East Harlem (CD11),2010,2010-01-01,4.637259,,2010,1,1,1
817213,645,Annual vehicle miles traveled (trucks),Million miles,per square mile,UHF42,410,Rockaways,2010,2010-01-01,0.354123,,2010,1,1,1
816947,644,Annual vehicle miles traveled (cars),Million miles,per square mile,UHF42,205,Sunset Park,2010,2010-01-01,66.888614,,2010,1,1,1
817133,645,Annual vehicle miles traveled (trucks),Million miles,per square mile,Borough,3,Manhattan,2010,2010-01-01,5.273241,,2010,1,1,1
817055,644,Annual vehicle miles traveled (cars),Million miles,per square mile,CD,211,Morris Park and Bronxdale (CD11),2010,2010-01-01,32.288078,,2010,1,1,1
816997,644,Annual vehicle miles traveled (cars),Million miles,per square mile,UHF42,409,Southeast Queens,2010,2010-01-01,68.082869,,2010,1,1,1
816754,643,Annual vehicle miles traveled,Million miles,per square mile,CD,307,Sunset Park (CD7),2010,2010-01-01,90.087959,,2010,1,1,1
816818,643,Annual vehicle miles traveled,Million miles,per square mile,UHF42,504,South Beach - Tottenville,2010,2010-01-01,15.016569,,2010,1,1,1
816717,643,Annual vehicle miles traveled,Million miles,per square mile,CD,413,Queens Village (CD13),2010,2010-01-01,77.168459,,2010,1,1,1
816963,644,Annual vehicle miles traveled (cars),Million miles,per square mile,UHF42,302,Central Harlem - Morningside Heights,2010,2010-01-01,90.699019,,2010,1,1,1
816826,643,Annual vehicle miles traveled,Million miles,per square mile,UHF42,410,Rockaways,2010,2010-01-01,16.335099,,2010,1,1,1
816906,643,Annual vehicle miles traveled,Million miles,per square mile,Borough,3,Manhattan,2010,2010-01-01,114.675321,,2010,1,1,1
816764,643,Annual vehicle miles traveled,Million miles,per square mile,CD,302,Fort Greene and Brooklyn Heights (CD2),2010,2010-01-01,110.714085,,2010,1,1,1
817277,645,Annual vehicle miles traveled (trucks),Million miles,per square mile,CD,303,Bedford Stuyvesant (CD3),2010,2010-01-01,1.720786,,2010,1,1,1
816856,643,Annual vehicle miles traveled,Million miles,per square mile,UHF42,305,Upper East Side,2010,2010-01-01,129.296414,,2010,1,1,1
817083,644,Annual vehicle miles traveled (cars),Million miles,per square mile,CD,313,Coney Island (CD13),2010,2010-01-01,42.843821,,2010,1,1,1
816776,643,Annual vehicle miles traveled,Million miles,per square mile,CD,208,Riverdale and Fieldston (CD8),2010,2010-01-01,40.199957,,2010,1,1,1
817087,644,Annual vehicle miles traveled (cars),Million miles,per square mile,CD,315,Sheepshead Bay (CD15),2010,2010-01-01,52.063002,,2010,1,1,1
817173,645,Annual vehicle miles traveled (trucks),Million miles,per square mile,UHF42,211,Williamsburg - Bushwick,2010,2010-01-01,0.801565,,2010,1,1,1
817159,645,Annual vehicle miles traveled (trucks),Million miles,per square mile,UHF42,204,East New York,2010,2010-01-01,1.691178,,2010,1,1,1
817089,644,Annual vehicle miles traveled (cars),Million miles,per square mile,CD,316,Brownsville (CD16),2010,2010-01-01,59.083031,,2010,1,1,1
816927,644,Annual vehicle miles traveled (cars),Million miles,per square mile,UHF42,102,Northeast Bronx,2010,2010-01-01,38.876901,,2010,1,1,1
817143,645,Annual vehicle miles traveled (trucks),Million miles,per square mile,UHF42,103,Fordham - Bronx Pk,2010,2010-01-01,1.63565,,2010,1,1,1
817237,645,Annual vehicle miles traveled (trucks),Million miles,per square mile,CD,107,Upper West Side (CD7),2010,2010-01-01,6.636848,,2010,1,1,1
817261,645,Annual vehicle miles traveled (trucks),Million miles,per square mile,CD,207,Kingsbridge Heights and Bedford (CD7),2010,2010-01-01,4.619613,,2010,1,1,1
816913,643,Annual vehicle miles traveled,Million miles,per square mile,CD,503,Tottenville and Great Kills (CD3),2010,2010-01-01,14.651038,,2010,1,1,1
817119,644,Annual vehicle miles traveled (cars),Million miles,per square mile,CD,413,Queens Village (CD13),2010,2010-01-01,75.183328,,2010,1,1,1
816959,644,Annual vehicle miles traveled (cars),Million miles,per square mile,UHF42,211,Williamsburg - Bushwick,2010,2010-01-01,38.269256,,2010,1,1,1
816945,644,Annual vehicle miles traveled (cars),Million miles,per square mile,UHF42,204,East New York,2010,2010-01-01,45.236897,,2010,1,1,1
817047,644,Annual vehicle miles traveled (cars),Million miles,per square mile,CD,207,Kingsbridge Heights and Bedford (CD7),2010,2010-01-01,59.949156,,2010,1,1,1
816953,644,Annual vehicle miles traveled (cars),Million miles,per square mile,UHF42,208,Canarsie - Flatlands,2010,2010-01-01,42.334134,,2010,1,1,1
816810,643,Annual vehicle miles traveled,Million miles,per square mile,CD,103,Lower East Side and Chinatown (CD3),2010,2010-01-01,129.274786,,2010,1,1,1
816939,644,Annual vehicle miles traveled (cars),Million miles,per square mile,UHF42,201,Greenpoint,2010,2010-01-01,63.543294,,2010,1,1,1
816800,643,Annual vehicle miles traveled,Million miles,per square mile,CD,108,Upper East Side (CD8),2010,2010-01-01,142.997019,,2010,1,1,1
816844,643,Annual vehicle miles traveled,Million miles,per square mile,UHF42,401,Long Island City - Astoria,2010,2010-01-01,59.554287,,2010,1,1,1
817269,645,Annual vehicle miles traveled (trucks),Million miles,per square mile,CD,211,Morris Park and Bronxdale (CD11),2010,2010-01-01,0.984211,,2010,1,1,1
816842,643,Annual vehicle miles traveled,Million miles,per square mile,UHF42,402,West Queens,2010,2010-01-01,111.617333,,2010,1,1,1
816770,643,Annual vehicle miles traveled,Million miles,per square mile,CD,211,Morris Park and Bronxdale (CD11),2010,2010-01-01,34.191535,,2010,1,1,1
817147,645,Annual vehicle miles traveled (trucks),Million miles,per square mile,UHF42,105,Crotona -Tremont,2010,2010-01-01,8.36191,,2010,1,1,1
816832,643,Annual vehicle miles traveled,Million miles,per square mile,UHF42,407,Southwest Queens,2010,2010-01-01,65.814709,,2010,1,1,1
816834,643,Annual vehicle miles traveled,Million miles,per square mile,UHF42,406,Fresh Meadows,2010,2010-01-01,95.509803,,2010,1,1,1
816862,643,Annual vehicle miles traveled,Million miles,per square mile,UHF42,302,Central Harlem - Morningside Heights,2010,2010-01-01,95.511573,,2010,1,1,1
816732,643,Annual vehicle miles traveled,Million miles,per square mile,CD,318,Flatlands and Canarsie (CD18),2010,2010-01-01,38.506939,,2010,1,1,1
817333,645,Annual vehicle miles traveled (trucks),Million miles,per square mile,CD,413,Queens Village (CD13),2010,2010-01-01,1.271424,,2010,1,1,1
817165,645,Annual vehicle miles traveled (trucks),Million miles,per square mile,UHF42,207,East Flatbush - Flatbush,2010,2010-01-01,1.240533,,2010,1,1,1
817053,644,Annual vehicle miles traveled (cars),Million miles,per square mile,CD,210,Throgs Neck and Co-op City (CD10),2010,2010-01-01,66.532548,,2010,1,1,1
816874,643,Annual vehicle miles traveled,Million miles,per square mile,UHF42,207,East Flatbush - Flatbush,2010,2010-01-01,52.710165,,2010,1,1,1
817197,645,Annual vehicle miles traveled (trucks),Million miles,per square mile,UHF42,402,West Queens,2010,2010-01-01,4.791577,,2010,1,1,1
816991,644,Annual vehicle miles traveled (cars),Million miles,per square mile,UHF42,406,Fresh Meadows,2010,2010-01-01,90.319706,,2010,1,1,1
817025,644,Annual vehicle miles traveled (cars),Million miles,per square mile,CD,108,Upper East Side (CD8),2010,2010-01-01,129.258379,,2010,1,1,1
816760,643,Annual vehicle miles traveled,Million miles,per square mile,CD,304,Bushwick (CD4),2010,2010-01-01,40.567869,,2010,1,1,1
817135,645,Annual vehicle miles traveled (trucks),Million miles,per square mile,Borough,4,Queens,2010,2010-01-01,2.115043,,2010,1,1,1
817301,645,Annual vehicle miles traveled (trucks),Million miles,per square mile,CD,315,Sheepshead Bay (CD15),2010,2010-01-01,0.952919,,2010,1,1,1
816977,644,Annual vehicle miles traveled (cars),Million miles,per square mile,UHF42,309,Union Square - Lower East Side,2010,2010-01-01,104.663118,,2010,1,1,1
817149,645,Annual vehicle miles traveled (trucks),Million miles,per square mile,UHF42,106,High Bridge - Morrisania,2010,2010-01-01,7.731047,,2010,1,1,1
817297,645,Annual vehicle miles traveled (trucks),Million miles,per square mile,CD,313,Coney Island (CD13),2010,2010-01-01,0.507971,,2010,1,1,1
816730,643,Annual vehicle miles traveled,Million miles,per square mile,CD,401,Long Island City and Astoria (CD1),2010,2010-01-01,43.237752,,2010,1,1,1
816955,644,Annual vehicle miles traveled (cars),Million miles,per square mile,UHF42,209,Bensonhurst - Bay Ridge,2010,2010-01-01,56.693558,,2010,1,1,1
816979,644,Annual vehicle miles traveled (cars),Million miles,per square mile,UHF42,310,Lower Manhattan,2010,2010-01-01,81.525316,,2010,1,1,1
816999,644,Annual vehicle miles traveled (cars),Million miles,per square mile,UHF42,410,Rockaways,2010,2010-01-01,15.895466,,2010,1,1,1
816846,643,Annual vehicle miles traveled,Million miles,per square mile,UHF42,310,Lower Manhattan,2010,2010-01-01,91.46044,,2010,1,1,1
816766,643,Annual vehicle miles traveled,Million miles,per square mile,CD,301,Greenpoint and Williamsburg (CD1),2010,2010-01-01,63.782624,,2010,1,1,1
816784,643,Annual vehicle miles traveled,Million miles,per square mile,CD,204,Highbridge and Concourse (CD4),2010,2010-01-01,90.625251,,2010,1,1,1
816884,643,Annual vehicle miles traveled,Million miles,per square mile,UHF42,202,Downtown - Heights - Slope,2010,2010-01-01,95.765905,,2010,1,1,1
816937,644,Annual vehicle miles traveled (cars),Million miles,per square mile,UHF42,107,Hunts Point - Mott Haven,2010,2010-01-01,46.177956,,2010,1,1,1
816975,644,Annual vehicle miles traveled (cars),Million miles,per square mile,UHF42,308,Greenwich Village - SoHo,2010,2010-01-01,107.520096,,2010,1,1,1
816724,643,Annual vehicle miles traveled,Million miles,per square mile,CD,404,Elmhurst and Corona (CD4),2010,2010-01-01,99.965003,,2010,1,1,1
816850,643,Annual vehicle miles traveled,Million miles,per square mile,UHF42,308,Greenwich Village - SoHo,2010,2010-01-01,124.537406,,2010,1,1,1
817227,645,Annual vehicle miles traveled (trucks),Million miles,per square mile,CD,102,Greenwich Village and Soho (CD2),2010,2010-01-01,8.321408,,2010,1,1,1
816734,643,Annual vehicle miles traveled,Million miles,per square mile,CD,317,East Flatbush (CD17),2010,2010-01-01,56.572449,,2010,1,1,1
817229,645,Annual vehicle miles traveled (trucks),Million miles,per square mile,CD,103,Lower East Side and Chinatown (CD3),2010,2010-01-01,3.901555,,2010,1,1,1
817161,645,Annual vehicle miles traveled (trucks),Million miles,per square mile,UHF42,205,Sunset Park,2010,2010-01-01,4.652621,,2010,1,1,1
817239,645,Annual vehicle miles traveled (trucks),Million miles,per square mile,CD,108,Upper East Side (CD8),2010,2010-01-01,5.492676,,2010,1,1,1
817293,645,Annual vehicle miles traveled (trucks),Million miles,per square mile,CD,311,Bensonhurst (CD11),2010,2010-01-01,1.021607,,2010,1,1,1
816888,643,Annual vehicle miles traveled,Million miles,per square mile,UHF42,107,Hunts Point - Mott Haven,2010,2010-01-01,50.450155,,2010,1,1,1
816721,643,Annual vehicle miles traveled,Million miles,per square mile,CD,501,St. George and Stapleton (CD1),2010,2010-01-01,27.201953,,2010,1,1,1
817079,644,Annual vehicle miles traveled (cars),Million miles,per square mile,CD,311,Bensonhurst (CD11),2010,2010-01-01,42.499477,,2010,1,1,1
817281,645,Annual vehicle miles traveled (trucks),Million miles,per square mile,CD,305,East New York and Starrett City (CD5),2010,2010-01-01,1.592265,,2010,1,1,1
817341,645,Annual vehicle miles traveled (trucks),Million miles,per square mile,CD,503,Tottenville and Great Kills (CD3),2010,2010-01-01,0.488023,,2010,1,1,1
816943,644,Annual vehicle miles traveled (cars),Million miles,per square mile,UHF42,203,Bedford Stuyvesant - Crown Heights,2010,2010-01-01,61.519367,,2010,1,1,1
817125,644,Annual vehicle miles traveled (cars),Million miles,per square mile,CD,502,South Beach and Willowbrook (CD2),2010,2010-01-01,25.576588,,2010,1,1,1
817115,644,Annual vehicle miles traveled (cars),Million miles,per square mile,CD,411,Bayside and Little Neck (CD11),2010,2010-01-01,76.417269,,2010,1,1,1
816983,644,Annual vehicle miles traveled (cars),Million miles,per square mile,UHF42,402,West Queens,2010,2010-01-01,105.070284,,2010,1,1,1
816921,644,Annual vehicle miles traveled (cars),Million miles,per square mile,Borough,4,Queens,2010,2010-01-01,59.89126,,2010,1,1,1
817295,645,Annual vehicle miles traveled (trucks),Million miles,per square mile,CD,312,Borough Park (CD12),2010,2010-01-01,0.803273,,2010,1,1,1
817279,645,Annual vehicle miles traveled (trucks),Million miles,per square mile,CD,304,Bushwick (CD4),2010,2010-01-01,0.748139,,2010,1,1,1
816987,644,Annual vehicle miles traveled (cars),Million miles,per square mile,UHF42,404,Bayside - Little Neck,2010,2010-01-01,80.982533,,2010,1,1,1
817051,644,Annual vehicle miles traveled (cars),Million miles,per square mile,CD,209,Parkchester and Soundview (CD9),2010,2010-01-01,56.724193,,2010,1,1,1
817063,644,Annual vehicle miles traveled (cars),Million miles,per square mile,CD,303,Bedford Stuyvesant (CD3),2010,2010-01-01,53.090201,,2010,1,1,1
817059,644,Annual vehicle miles traveled (cars),Million miles,per square mile,CD,301,Greenpoint and Williamsburg (CD1),2010,2010-01-01,57.870667,,2010,1,1,1
816792,643,Annual vehicle miles traveled,Million miles,per square mile,CD,112,Washington Heights and Inwood (CD12),2010,2010-01-01,120.892734,,2010,1,1,1
817101,644,Annual vehicle miles traveled (cars),Million miles,per square mile,CD,404,Elmhurst and Corona (CD4),2010,2010-01-01,94.158319,,2010,1,1,1
817099,644,Annual vehicle miles traveled (cars),Million miles,per square mile,CD,403,Jackson Heights (CD3),2010,2010-01-01,81.291811,,2010,1,1,1
816715,643,Annual vehicle miles traveled,Million miles,per square mile,CD,412,Jamaica and Hollis (CD12),2010,2010-01-01,44.43044,,2010,1,1,1
817189,645,Annual vehicle miles traveled (trucks),Million miles,per square mile,UHF42,308,Greenwich Village - SoHo,2010,2010-01-01,10.458446,,2010,1,1,1
817209,645,Annual vehicle miles traveled (trucks),Million miles,per square mile,UHF42,408,Jamaica,2010,2010-01-01,0.99201,,2010,1,1,1
817207,645,Annual vehicle miles traveled (trucks),Million miles,per square mile,UHF42,407,Southwest Queens,2010,2010-01-01,2.015129,,2010,1,1,1
816872,643,Annual vehicle miles traveled,Million miles,per square mile,UHF42,208,Canarsie - Flatlands,2010,2010-01-01,43.422253,,2010,1,1,1
817041,644,Annual vehicle miles traveled (cars),Million miles,per square mile,CD,204,Highbridge and Concourse (CD4),2010,2010-01-01,78.842145,,2010,1,1,1
817193,645,Annual vehicle miles traveled (trucks),Million miles,per square mile,UHF42,310,Lower Manhattan,2010,2010-01-01,2.986114,,2010,1,1,1
817037,644,Annual vehicle miles traveled (cars),Million miles,per square mile,CD,202,Hunts Point and Longwood (CD2),2010,2010-01-01,41.14552,,2010,1,1,1
816711,643,Annual vehicle miles traveled,Million miles,per square mile,CD,410,South Ozone Park and Howard Beach (CD10),2010,2010-01-01,80.465157,,2010,1,1,1
174173,365,Fine particles (PM 2.5),Mean,mcg/m3,UHF34,404406,Bayside Little Neck-Fresh Meadows,Annual Average 2010,2009-12-01,9.09,,2009,12,4,1
177222,365,Fine particles (PM 2.5),Mean,mcg/m3,UHF42,504,South Beach - Tottenville,Winter 2009-10,2009-12-01,9.0,,2009,12,4,1
165821,375,Nitrogen dioxide (NO2),Mean,ppb,CD,212,Williamsbridge and Baychester (CD12),Winter 2009-10,2009-12-01,22.01,,2009,12,4,1
179426,375,Nitrogen dioxide (NO2),Mean,ppb,Borough,4,Queens,Annual Average 2010,2009-12-01,21.01,,2009,12,4,1
168503,365,Fine particles (PM 2.5),Mean,mcg/m3,CD,409,Kew Gardens and Woodhaven (CD9),Winter 2009-10,2009-12-01,9.95,,2009,12,4,1
165850,375,Nitrogen dioxide (NO2),Mean,ppb,CD,411,Bayside and Little Neck (CD11),Winter 2009-10,2009-12-01,23.2,,2009,12,4,1
165841,375,Nitrogen dioxide (NO2),Mean,ppb,CD,402,Woodside and Sunnyside (CD2),Winter 2009-10,2009-12-01,27.33,,2009,12,4,1
175332,375,Nitrogen dioxide (NO2),Mean,ppb,UHF42,504,South Beach - Tottenville,Winter 2009-10,2009-12-01,16.92,,2009,12,4,1
178482,365,Fine particles (PM 2.5),Mean,mcg/m3,UHF42,504,South Beach - Tottenville,Annual Average 2010,2009-12-01,8.71,,2009,12,4,1
165823,375,Nitrogen dioxide (NO2),Mean,ppb,CD,302,Fort Greene and Brooklyn Heights (CD2),Winter 2009-10,2009-12-01,29.83,,2009,12,4,1
170241,365,Fine particles (PM 2.5),Mean,mcg/m3,CD,207,Kingsbridge Heights and Bedford (CD7),Annual Average 2010,2009-12-01,10.7,,2009,12,4,1
172638,375,Nitrogen dioxide (NO2),Mean,ppb,UHF34,409,Southeast Queens,Annual Average 2010,2009-12-01,19.1,,2009,12,4,1
167580,375,Nitrogen dioxide (NO2),Mean,ppb,CD,201,Mott Haven and Melrose (CD1),Annual Average 2010,2009-12-01,25.47,,2009,12,4,1
167576,375,Nitrogen dioxide (NO2),Mean,ppb,CD,109,Morningside Heights and Hamilton Heights (CD9),Annual Average 2010,2009-12-01,27.64,,2009,12,4,1
178481,365,Fine particles (PM 2.5),Mean,mcg/m3,UHF42,503,Willowbrook,Annual Average 2010,2009-12-01,8.99,,2009,12,4,1
176567,375,Nitrogen dioxide (NO2),Mean,ppb,UHF42,210,Coney Island - Sheepshead Bay,Annual Average 2010,2009-12-01,19.01,,2009,12,4,1
176577,375,Nitrogen dioxide (NO2),Mean,ppb,UHF42,309,Union Square - Lower East Side,Annual Average 2010,2009-12-01,29.99,,2009,12,4,1
165820,375,Nitrogen dioxide (NO2),Mean,ppb,CD,211,Morris Park and Bronxdale (CD11),Winter 2009-10,2009-12-01,23.69,,2009,12,4,1
173130,365,Fine particles (PM 2.5),Mean,mcg/m3,UHF34,204,East New York,Winter 2009-10,2009-12-01,10.2,,2009,12,4,1
174152,365,Fine particles (PM 2.5),Mean,mcg/m3,UHF34,206,Borough Park,Annual Average 2010,2009-12-01,9.61,,2009,12,4,1
168459,365,Fine particles (PM 2.5),Mean,mcg/m3,CD,107,Upper West Side (CD7),Winter 2009-10,2009-12-01,11.2,,2009,12,4,1
170232,365,Fine particles (PM 2.5),Mean,mcg/m3,CD,110,Central Harlem (CD10),Annual Average 2010,2009-12-01,10.59,,2009,12,4,1
177181,365,Fine particles (PM 2.5),Mean,mcg/m3,UHF42,101,Kingsbridge - Riverdale,Winter 2009-10,2009-12-01,11.5,,2009,12,4,1
168505,365,Fine particles (PM 2.5),Mean,mcg/m3,CD,411,Bayside and Little Neck (CD11),Winter 2009-10,2009-12-01,9.11,,2009,12,4,1
171617,375,Nitrogen dioxide (NO2),Mean,ppb,UHF34,408,Jamaica,Winter 2009-10,2009-12-01,25.35,,2009,12,4,1
168488,365,Fine particles (PM 2.5),Mean,mcg/m3,CD,312,Borough Park (CD12),Winter 2009-10,2009-12-01,10.09,,2009,12,4,1
168470,365,Fine particles (PM 2.5),Mean,mcg/m3,CD,206,Belmont and East Tremont (CD6),Winter 2009-10,2009-12-01,11.81,,2009,12,4,1
177183,365,Fine particles (PM 2.5),Mean,mcg/m3,UHF42,103,Fordham - Bronx Pk,Winter 2009-10,2009-12-01,11.4,,2009,12,4,1
174157,365,Fine particles (PM 2.5),Mean,mcg/m3,UHF34,211,Williamsburg - Bushwick,Annual Average 2010,2009-12-01,10.33,,2009,12,4,1
174155,365,Fine particles (PM 2.5),Mean,mcg/m3,UHF34,209,Bensonhurst - Bay Ridge,Annual Average 2010,2009-12-01,9.18,,2009,12,4,1
170252,365,Fine particles (PM 2.5),Mean,mcg/m3,CD,306,Park Slope and Carroll Gardens (CD6),Annual Average 2010,2009-12-01,10.45,,2009,12,4,1
170240,365,Fine particles (PM 2.5),Mean,mcg/m3,CD,206,Belmont and East Tremont (CD6),Annual Average 2010,2009-12-01,10.67,,2009,12,4,1
165852,375,Nitrogen dioxide (NO2),Mean,ppb,CD,413,Queens Village (CD13),Winter 2009-10,2009-12-01,23.48,,2009,12,4,1
173146,365,Fine particles (PM 2.5),Mean,mcg/m3,UHF34,407,Southwest Queens,Winter 2009-10,2009-12-01,9.67,,2009,12,4,1
170261,365,Fine particles (PM 2.5),Mean,mcg/m3,CD,315,Sheepshead Bay (CD15),Annual Average 2010,2009-12-01,8.94,,2009,12,4,1
175291,375,Nitrogen dioxide (NO2),Mean,ppb,UHF42,101,Kingsbridge - Riverdale,Winter 2009-10,2009-12-01,21.38,,2009,12,4,1
171616,375,Nitrogen dioxide (NO2),Mean,ppb,UHF34,407,Southwest Queens,Winter 2009-10,2009-12-01,26.13,,2009,12,4,1
174167,365,Fine particles (PM 2.5),Mean,mcg/m3,UHF34,408,Jamaica,Annual Average 2010,2009-12-01,9.25,,2009,12,4,1
171601,375,Nitrogen dioxide (NO2),Mean,ppb,UHF34,205,Sunset Park,Winter 2009-10,2009-12-01,27.5,,2009,12,4,1
179651,365,Fine particles (PM 2.5),Mean,mcg/m3,Borough,4,Queens,Annual Average 2010,2009-12-01,9.2,,2009,12,4,1
168468,365,Fine particles (PM 2.5),Mean,mcg/m3,CD,204,Highbridge and Concourse (CD4),Winter 2009-10,2009-12-01,12.47,,2009,12,4,1
168471,365,Fine particles (PM 2.5),Mean,mcg/m3,CD,207,Kingsbridge Heights and Bedford (CD7),Winter 2009-10,2009-12-01,12.02,,2009,12,4,1
178470,365,Fine particles (PM 2.5),Mean,mcg/m3,UHF42,402,West Queens,Annual Average 2010,2009-12-01,9.89,,2009,12,4,1
167589,375,Nitrogen dioxide (NO2),Mean,ppb,CD,210,Throgs Neck and Co-op City (CD10),Annual Average 2010,2009-12-01,19.76,,2009,12,4,1
172621,375,Nitrogen dioxide (NO2),Mean,ppb,UHF34,205,Sunset Park,Annual Average 2010,2009-12-01,23.77,,2009,12,4,1
167577,375,Nitrogen dioxide (NO2),Mean,ppb,CD,110,Central Harlem (CD10),Annual Average 2010,2009-12-01,27.95,,2009,12,4,1
174146,365,Fine particles (PM 2.5),Mean,mcg/m3,UHF34,104,Pelham - Throgs Neck,Annual Average 2010,2009-12-01,9.68,,2009,12,4,1
175294,375,Nitrogen dioxide (NO2),Mean,ppb,UHF42,104,Pelham - Throgs Neck,Winter 2009-10,2009-12-01,23.85,,2009,12,4,1
167590,375,Nitrogen dioxide (NO2),Mean,ppb,CD,211,Morris Park and Bronxdale (CD11),Annual Average 2010,2009-12-01,21.2,,2009,12,4,1
177194,365,Fine particles (PM 2.5),Mean,mcg/m3,UHF42,207,East Flatbush - Flatbush,Winter 2009-10,2009-12-01,10.26,,2009,12,4,1
176553,375,Nitrogen dioxide (NO2),Mean,ppb,UHF42,103,Fordham - Bronx Pk,Annual Average 2010,2009-12-01,22.06,,2009,12,4,1
168506,365,Fine particles (PM 2.5),Mean,mcg/m3,CD,412,Jamaica and Hollis (CD12),Winter 2009-10,2009-12-01,9.65,,2009,12,4,1
178442,365,Fine particles (PM 2.5),Mean,mcg/m3,UHF42,102,Northeast Bronx,Annual Average 2010,2009-12-01,9.65,,2009,12,4,1
168500,365,Fine particles (PM 2.5),Mean,mcg/m3,CD,406,Rego Park and Forest Hills (CD6),Winter 2009-10,2009-12-01,10.13,,2009,12,4,1
168487,365,Fine particles (PM 2.5),Mean,mcg/m3,CD,311,Bensonhurst (CD11),Winter 2009-10,2009-12-01,9.49,,2009,12,4,1
178459,365,Fine particles (PM 2.5),Mean,mcg/m3,UHF42,301,Washington Heights,Annual Average 2010,2009-12-01,10.71,,2009,12,4,1
174176,365,Fine particles (PM 2.5),Mean,mcg/m3,UHF34,105106107,South Bronx,Annual Average 2010,2009-12-01,10.78,,2009,12,4,1
170247,365,Fine particles (PM 2.5),Mean,mcg/m3,CD,301,Greenpoint and Williamsburg (CD1),Annual Average 2010,2009-12-01,10.73,,2009,12,4,1
179277,375,Nitrogen dioxide (NO2),Mean,ppb,Borough,5,Staten Island,Winter 2009-10,2009-12-01,19.14,,2009,12,4,1
167569,375,Nitrogen dioxide (NO2),Mean,ppb,CD,102,Greenwich Village and Soho (CD2),Annual Average 2010,2009-12-01,31.83,,2009,12,4,1
178457,365,Fine particles (PM 2.5),Mean,mcg/m3,UHF42,210,Coney Island - Sheepshead Bay,Annual Average 2010,2009-12-01,8.89,,2009,12,4,1
168486,365,Fine particles (PM 2.5),Mean,mcg/m3,CD,310,Bay Ridge and Dyker Heights (CD10),Winter 2009-10,2009-12-01,9.77,,2009,12,4,1
178446,365,Fine particles (PM 2.5),Mean,mcg/m3,UHF42,106,High Bridge - Morrisania,Annual Average 2010,2009-12-01,11.0,,2009,12,4,1
168495,365,Fine particles (PM 2.5),Mean,mcg/m3,CD,401,Long Island City and Astoria (CD1),Winter 2009-10,2009-12-01,9.32,,2009,12,4,1
167596,375,Nitrogen dioxide (NO2),Mean,ppb,CD,305,East New York and Starrett City (CD5),Annual Average 2010,2009-12-01,22.02,,2009,12,4,1
174175,365,Fine particles (PM 2.5),Mean,mcg/m3,UHF34,503504,Southern SI,Annual Average 2010,2009-12-01,8.81,,2009,12,4,1
175313,375,Nitrogen dioxide (NO2),Mean,ppb,UHF42,305,Upper East Side,Winter 2009-10,2009-12-01,32.97,,2009,12,4,1
175321,375,Nitrogen dioxide (NO2),Mean,ppb,UHF42,403,Flushing - Clearview,Winter 2009-10,2009-12-01,24.85,,2009,12,4,1
171609,375,Nitrogen dioxide (NO2),Mean,ppb,UHF34,302,Central Harlem - Morningside Heights,Winter 2009-10,2009-12-01,29.31,,2009,12,4,1
171593,375,Nitrogen dioxide (NO2),Mean,ppb,UHF34,101,Kingsbridge - Riverdale,Winter 2009-10,2009-12-01,21.38,,2009,12,4,1
176592,375,Nitrogen dioxide (NO2),Mean,ppb,UHF42,504,South Beach - Tottenville,Annual Average 2010,2009-12-01,13.05,,2009,12,4,1
177197,365,Fine particles (PM 2.5),Mean,mcg/m3,UHF42,210,Coney Island - Sheepshead Bay,Winter 2009-10,2009-12-01,9.05,,2009,12,4,1
177191,365,Fine particles (PM 2.5),Mean,mcg/m3,UHF42,204,East New York,Winter 2009-10,2009-12-01,9.41,,2009,12,4,1
177198,365,Fine particles (PM 2.5),Mean,mcg/m3,UHF42,211,Williamsburg - Bushwick,Winter 2009-10,2009-12-01,11.25,,2009,12,4,1
175299,375,Nitrogen dioxide (NO2),Mean,ppb,UHF42,202,Downtown - Heights - Slope,Winter 2009-10,2009-12-01,29.32,,2009,12,4,1
172634,375,Nitrogen dioxide (NO2),Mean,ppb,UHF34,403,Flushing - Clearview,Annual Average 2010,2009-12-01,21.47,,2009,12,4,1
172615,375,Nitrogen dioxide (NO2),Mean,ppb,UHF34,103,Fordham - Bronx Pk,Annual Average 2010,2009-12-01,22.06,,2009,12,4,1
177186,365,Fine particles (PM 2.5),Mean,mcg/m3,UHF42,106,High Bridge - Morrisania,Winter 2009-10,2009-12-01,12.17,,2009,12,4,1
177196,365,Fine particles (PM 2.5),Mean,mcg/m3,UHF42,209,Bensonhurst - Bay Ridge,Winter 2009-10,2009-12-01,9.49,,2009,12,4,1
173131,365,Fine particles (PM 2.5),Mean,mcg/m3,UHF34,205,Sunset Park,Winter 2009-10,2009-12-01,10.61,,2009,12,4,1
176565,375,Nitrogen dioxide (NO2),Mean,ppb,UHF42,208,Canarsie - Flatlands,Annual Average 2010,2009-12-01,19.1,,2009,12,4,1
168491,365,Fine particles (PM 2.5),Mean,mcg/m3,CD,315,Sheepshead Bay (CD15),Winter 2009-10,2009-12-01,9.12,,2009,12,4,1
178460,365,Fine particles (PM 2.5),Mean,mcg/m3,UHF42,302,Central Harlem - Morningside Heights,Annual Average 2010,2009-12-01,10.62,,2009,12,4,1
170238,365,Fine particles (PM 2.5),Mean,mcg/m3,CD,204,Highbridge and Concourse (CD4),Annual Average 2010,2009-12-01,11.19,,2009,12,4,1
171612,375,Nitrogen dioxide (NO2),Mean,ppb,UHF34,401,Long Island City - Astoria,Winter 2009-10,2009-12-01,27.27,,2009,12,4,1
171602,375,Nitrogen dioxide (NO2),Mean,ppb,UHF34,206,Borough Park,Winter 2009-10,2009-12-01,28.09,,2009,12,4,1
177200,365,Fine particles (PM 2.5),Mean,mcg/m3,UHF42,302,Central Harlem - Morningside Heights,Winter 2009-10,2009-12-01,11.46,,2009,12,4,1
167598,375,Nitrogen dioxide (NO2),Mean,ppb,CD,307,Sunset Park (CD7),Annual Average 2010,2009-12-01,23.96,,2009,12,4,1
177188,365,Fine particles (PM 2.5),Mean,mcg/m3,UHF42,201,Greenpoint,Winter 2009-10,2009-12-01,10.22,,2009,12,4,1
170257,365,Fine particles (PM 2.5),Mean,mcg/m3,CD,311,Bensonhurst (CD11),Annual Average 2010,2009-12-01,9.18,,2009,12,4,1
176579,375,Nitrogen dioxide (NO2),Mean,ppb,UHF42,401,Long Island City - Astoria,Annual Average 2010,2009-12-01,24.32,,2009,12,4,1
171610,375,Nitrogen dioxide (NO2),Mean,ppb,UHF34,303,East Harlem,Winter 2009-10,2009-12-01,29.06,,2009,12,4,1
175329,375,Nitrogen dioxide (NO2),Mean,ppb,UHF42,501,Port Richmond,Winter 2009-10,2009-12-01,22.81,,2009,12,4,1
165808,375,Nitrogen dioxide (NO2),Mean,ppb,CD,111,East Harlem (CD11),Winter 2009-10,2009-12-01,28.97,,2009,12,4,1
165848,375,Nitrogen dioxide (NO2),Mean,ppb,CD,409,Kew Gardens and Woodhaven (CD9),Winter 2009-10,2009-12-01,26.85,,2009,12,4,1
167618,375,Nitrogen dioxide (NO2),Mean,ppb,CD,409,Kew Gardens and Woodhaven (CD9),Annual Average 2010,2009-12-01,22.77,,2009,12,4,1
176563,375,Nitrogen dioxide (NO2),Mean,ppb,UHF42,206,Borough Park,Annual Average 2010,2009-12-01,23.43,,2009,12,4,1
170265,365,Fine particles (PM 2.5),Mean,mcg/m3,CD,401,Long Island City and Astoria (CD1),Annual Average 2010,2009-12-01,9.43,,2009,12,4,1
165832,375,Nitrogen dioxide (NO2),Mean,ppb,CD,311,Bensonhurst (CD11),Winter 2009-10,2009-12-01,27.32,,2009,12,4,1
168463,365,Fine particles (PM 2.5),Mean,mcg/m3,CD,111,East Harlem (CD11),Winter 2009-10,2009-12-01,10.83,,2009,12,4,1
176588,375,Nitrogen dioxide (NO2),Mean,ppb,UHF42,410,Rockaways,Annual Average 2010,2009-12-01,14.07,,2009,12,4,1
173149,365,Fine particles (PM 2.5),Mean,mcg/m3,UHF34,410,Rockaways,Winter 2009-10,2009-12-01,7.95,,2009,12,4,1
165801,375,Nitrogen dioxide (NO2),Mean,ppb,CD,104,Clinton and Chelsea (CD4),Winter 2009-10,2009-12-01,34.44,,2009,12,4,1
165817,375,Nitrogen dioxide (NO2),Mean,ppb,CD,208,Riverdale and Fieldston (CD8),Winter 2009-10,2009-12-01,21.42,,2009,12,4,1
171594,375,Nitrogen dioxide (NO2),Mean,ppb,UHF34,102,Northeast Bronx,Winter 2009-10,2009-12-01,22.66,,2009,12,4,1
172635,375,Nitrogen dioxide (NO2),Mean,ppb,UHF34,405,Ridgewood - Forest Hills,Annual Average 2010,2009-12-01,22.61,,2009,12,4,1
165845,375,Nitrogen dioxide (NO2),Mean,ppb,CD,406,Rego Park and Forest Hills (CD6),Winter 2009-10,2009-12-01,27.19,,2009,12,4,1
175297,375,Nitrogen dioxide (NO2),Mean,ppb,UHF42,107,Hunts Point - Mott Haven,Winter 2009-10,2009-12-01,26.48,,2009,12,4,1
171620,375,Nitrogen dioxide (NO2),Mean,ppb,UHF34,305307,Upper East Side-Gramercy,Winter 2009-10,2009-12-01,36.54,,2009,12,4,1
171621,375,Nitrogen dioxide (NO2),Mean,ppb,UHF34,306308,Chelsea-Village,Winter 2009-10,2009-12-01,36.13,,2009,12,4,1
176574,375,Nitrogen dioxide (NO2),Mean,ppb,UHF42,306,Chelsea - Clinton,Annual Average 2010,2009-12-01,36.03,,2009,12,4,1
167572,375,Nitrogen dioxide (NO2),Mean,ppb,CD,105,Midtown (CD5),Annual Average 2010,2009-12-01,42.07,,2009,12,4,1
173141,365,Fine particles (PM 2.5),Mean,mcg/m3,UHF34,304,Upper West Side,Winter 2009-10,2009-12-01,11.26,,2009,12,4,1
176589,375,Nitrogen dioxide (NO2),Mean,ppb,UHF42,501,Port Richmond,Annual Average 2010,2009-12-01,19.79,,2009,12,4,1
170233,365,Fine particles (PM 2.5),Mean,mcg/m3,CD,111,East Harlem (CD11),Annual Average 2010,2009-12-01,10.41,,2009,12,4,1
179276,375,Nitrogen dioxide (NO2),Mean,ppb,Borough,4,Queens,Winter 2009-10,2009-12-01,25.02,,2009,12,4,1
168507,365,Fine particles (PM 2.5),Mean,mcg/m3,CD,413,Queens Village (CD13),Winter 2009-10,2009-12-01,8.86,,2009,12,4,1
168454,365,Fine particles (PM 2.5),Mean,mcg/m3,CD,102,Greenwich Village and Soho (CD2),Winter 2009-10,2009-12-01,11.47,,2009,12,4,1
168465,365,Fine particles (PM 2.5),Mean,mcg/m3,CD,201,Mott Haven and Melrose (CD1),Winter 2009-10,2009-12-01,11.62,,2009,12,4,1
177216,365,Fine particles (PM 2.5),Mean,mcg/m3,UHF42,408,Jamaica,Winter 2009-10,2009-12-01,9.68,,2009,12,4,1
173148,365,Fine particles (PM 2.5),Mean,mcg/m3,UHF34,409,Southeast Queens,Winter 2009-10,2009-12-01,8.85,,2009,12,4,1
170278,365,Fine particles (PM 2.5),Mean,mcg/m3,CD,414,Rockaway and Broad Channel (CD14),Annual Average 2010,2009-12-01,7.98,,2009,12,4,1
174168,365,Fine particles (PM 2.5),Mean,mcg/m3,UHF34,409,Southeast Queens,Annual Average 2010,2009-12-01,8.65,,2009,12,4,1
170274,365,Fine particles (PM 2.5),Mean,mcg/m3,CD,410,South Ozone Park and Howard Beach (CD10),Annual Average 2010,2009-12-01,9.0,,2009,12,4,1
170235,365,Fine particles (PM 2.5),Mean,mcg/m3,CD,201,Mott Haven and Melrose (CD1),Annual Average 2010,2009-12-01,10.88,,2009,12,4,1
168498,365,Fine particles (PM 2.5),Mean,mcg/m3,CD,404,Elmhurst and Corona (CD4),Winter 2009-10,2009-12-01,9.89,,2009,12,4,1
165813,375,Nitrogen dioxide (NO2),Mean,ppb,CD,204,Highbridge and Concourse (CD4),Winter 2009-10,2009-12-01,28.16,,2009,12,4,1
176560,375,Nitrogen dioxide (NO2),Mean,ppb,UHF42,203,Bedford Stuyvesant - Crown Heights,Annual Average 2010,2009-12-01,25.17,,2009,12,4,1
172644,375,Nitrogen dioxide (NO2),Mean,ppb,UHF34,501502,Northern SI,Annual Average 2010,2009-12-01,18.22,,2009,12,4,1
168460,365,Fine particles (PM 2.5),Mean,mcg/m3,CD,108,Upper East Side (CD8),Winter 2009-10,2009-12-01,11.92,,2009,12,4,1
170224,365,Fine particles (PM 2.5),Mean,mcg/m3,CD,102,Greenwich Village and Soho (CD2),Annual Average 2010,2009-12-01,11.63,,2009,12,4,1
172618,375,Nitrogen dioxide (NO2),Mean,ppb,UHF34,202,Downtown - Heights - Slope,Annual Average 2010,2009-12-01,26.46,,2009,12,4,1
178441,365,Fine particles (PM 2.5),Mean,mcg/m3,UHF42,101,Kingsbridge - Riverdale,Annual Average 2010,2009-12-01,10.09,,2009,12,4,1
172633,375,Nitrogen dioxide (NO2),Mean,ppb,UHF34,402,West Queens,Annual Average 2010,2009-12-01,24.18,,2009,12,4,1
175310,375,Nitrogen dioxide (NO2),Mean,ppb,UHF42,302,Central Harlem - Morningside Heights,Winter 2009-10,2009-12-01,29.31,,2009,12,4,1
172642,375,Nitrogen dioxide (NO2),Mean,ppb,UHF34,309310,Union Square-Lower Manhattan,Annual Average 2010,2009-12-01,31.09,,2009,12,4,1
173155,365,Fine particles (PM 2.5),Mean,mcg/m3,UHF34,503504,Southern SI,Winter 2009-10,2009-12-01,9.1,,2009,12,4,1
170230,365,Fine particles (PM 2.5),Mean,mcg/m3,CD,108,Upper East Side (CD8),Annual Average 2010,2009-12-01,11.87,,2009,12,4,1
172639,375,Nitrogen dioxide (NO2),Mean,ppb,UHF34,410,Rockaways,Annual Average 2010,2009-12-01,14.07,,2009,12,4,1
179179,365,Fine particles (PM 2.5),Mean,mcg/m3,Citywide,1,New York City,Annual Average 2010,2009-12-01,9.54,,2009,12,4,1
168467,365,Fine particles (PM 2.5),Mean,mcg/m3,CD,203,Morrisania and Crotona (CD3),Winter 2009-10,2009-12-01,11.65,,2009,12,4,1
168479,365,Fine particles (PM 2.5),Mean,mcg/m3,CD,303,Bedford Stuyvesant (CD3),Winter 2009-10,2009-12-01,10.11,,2009,12,4,1
178462,365,Fine particles (PM 2.5),Mean,mcg/m3,UHF42,304,Upper West Side,Annual Average 2010,2009-12-01,11.01,,2009,12,4,1
165824,375,Nitrogen dioxide (NO2),Mean,ppb,CD,303,Bedford Stuyvesant (CD3),Winter 2009-10,2009-12-01,28.98,,2009,12,4,1
168472,365,Fine particles (PM 2.5),Mean,mcg/m3,CD,208,Riverdale and Fieldston (CD8),Winter 2009-10,2009-12-01,11.49,,2009,12,4,1
168482,365,Fine particles (PM 2.5),Mean,mcg/m3,CD,306,Park Slope and Carroll Gardens (CD6),Winter 2009-10,2009-12-01,10.69,,2009,12,4,1
165853,375,Nitrogen dioxide (NO2),Mean,ppb,CD,414,Rockaway and Broad Channel (CD14),Winter 2009-10,2009-12-01,20.98,,2009,12,4,1
172616,375,Nitrogen dioxide (NO2),Mean,ppb,UHF34,104,Pelham - Throgs Neck,Annual Average 2010,2009-12-01,21.04,,2009,12,4,1
168508,365,Fine particles (PM 2.5),Mean,mcg/m3,CD,414,Rockaway and Broad Channel (CD14),Winter 2009-10,2009-12-01,7.94,,2009,12,4,1
175331,375,Nitrogen dioxide (NO2),Mean,ppb,UHF42,503,Willowbrook,Winter 2009-10,2009-12-01,19.5,,2009,12,4,1
165818,375,Nitrogen dioxide (NO2),Mean,ppb,CD,209,Parkchester and Soundview (CD9),Winter 2009-10,2009-12-01,25.18,,2009,12,4,1
173144,365,Fine particles (PM 2.5),Mean,mcg/m3,UHF34,403,Flushing - Clearview,Winter 2009-10,2009-12-01,9.54,,2009,12,4,1
178461,365,Fine particles (PM 2.5),Mean,mcg/m3,UHF42,303,East Harlem,Annual Average 2010,2009-12-01,10.41,,2009,12,4,1
178471,365,Fine particles (PM 2.5),Mean,mcg/m3,UHF42,403,Flushing - Clearview,Annual Average 2010,2009-12-01,9.34,,2009,12,4,1
173125,365,Fine particles (PM 2.5),Mean,mcg/m3,UHF34,103,Fordham - Bronx Pk,Winter 2009-10,2009-12-01,11.4,,2009,12,4,1
167586,375,Nitrogen dioxide (NO2),Mean,ppb,CD,207,Kingsbridge Heights and Bedford (CD7),Annual Average 2010,2009-12-01,23.77,,2009,12,4,1
177207,365,Fine particles (PM 2.5),Mean,mcg/m3,UHF42,309,Union Square - Lower East Side,Winter 2009-10,2009-12-01,10.64,,2009,12,4,1
173145,365,Fine particles (PM 2.5),Mean,mcg/m3,UHF34,405,Ridgewood - Forest Hills,Winter 2009-10,2009-12-01,9.73,,2009,12,4,1
172628,375,Nitrogen dioxide (NO2),Mean,ppb,UHF34,301,Washington Heights,Annual Average 2010,2009-12-01,25.21,,2009,12,4,1
174154,365,Fine particles (PM 2.5),Mean,mcg/m3,UHF34,208,Canarsie - Flatlands,Annual Average 2010,2009-12-01,9.12,,2009,12,4,1
173134,365,Fine particles (PM 2.5),Mean,mcg/m3,UHF34,208,Canarsie - Flatlands,Winter 2009-10,2009-12-01,9.45,,2009,12,4,1
172636,375,Nitrogen dioxide (NO2),Mean,ppb,UHF34,407,Southwest Queens,Annual Average 2010,2009-12-01,21.71,,2009,12,4,1
174153,365,Fine particles (PM 2.5),Mean,mcg/m3,UHF34,207,East Flatbush - Flatbush,Annual Average 2010,2009-12-01,9.8,,2009,12,4,1
175324,375,Nitrogen dioxide (NO2),Mean,ppb,UHF42,406,Fresh Meadows,Winter 2009-10,2009-12-01,25.28,,2009,12,4,1
170269,365,Fine particles (PM 2.5),Mean,mcg/m3,CD,405,Ridgewood and Maspeth (CD5),Annual Average 2010,2009-12-01,9.67,,2009,12,4,1
176562,375,Nitrogen dioxide (NO2),Mean,ppb,UHF42,205,Sunset Park,Annual Average 2010,2009-12-01,23.77,,2009,12,4,1
175300,375,Nitrogen dioxide (NO2),Mean,ppb,UHF42,203,Bedford Stuyvesant - Crown Heights,Winter 2009-10,2009-12-01,28.86,,2009,12,4,1
175311,375,Nitrogen dioxide (NO2),Mean,ppb,UHF42,303,East Harlem,Winter 2009-10,2009-12-01,29.06,,2009,12,4,1
174170,365,Fine particles (PM 2.5),Mean,mcg/m3,UHF34,305307,Upper East Side-Gramercy,Annual Average 2010,2009-12-01,12.96,,2009,12,4,1
172614,375,Nitrogen dioxide (NO2),Mean,ppb,UHF34,102,Northeast Bronx,Annual Average 2010,2009-12-01,20.21,,2009,12,4,1
170262,365,Fine particles (PM 2.5),Mean,mcg/m3,CD,316,Brownsville (CD16),Annual Average 2010,2009-12-01,10.0,,2009,12,4,1
178467,365,Fine particles (PM 2.5),Mean,mcg/m3,UHF42,309,Union Square - Lower East Side,Annual Average 2010,2009-12-01,10.87,,2009,12,4,1
172631,375,Nitrogen dioxide (NO2),Mean,ppb,UHF34,304,Upper West Side,Annual Average 2010,2009-12-01,28.66,,2009,12,4,1
172620,375,Nitrogen dioxide (NO2),Mean,ppb,UHF34,204,East New York,Annual Average 2010,2009-12-01,22.49,,2009,12,4,1
174171,365,Fine particles (PM 2.5),Mean,mcg/m3,UHF34,306308,Chelsea-Village,Annual Average 2010,2009-12-01,12.66,,2009,12,4,1
171596,375,Nitrogen dioxide (NO2),Mean,ppb,UHF34,104,Pelham - Throgs Neck,Winter 2009-10,2009-12-01,23.85,,2009,12,4,1
165812,375,Nitrogen dioxide (NO2),Mean,ppb,CD,203,Morrisania and Crotona (CD3),Winter 2009-10,2009-12-01,26.91,,2009,12,4,1
165810,375,Nitrogen dioxide (NO2),Mean,ppb,CD,201,Mott Haven and Melrose (CD1),Winter 2009-10,2009-12-01,27.54,,2009,12,4,1
177218,365,Fine particles (PM 2.5),Mean,mcg/m3,UHF42,410,Rockaways,Winter 2009-10,2009-12-01,7.95,,2009,12,4,1
167600,375,Nitrogen dioxide (NO2),Mean,ppb,CD,309,South Crown Heights and Lefferts Gardens (CD9),Annual Average 2010,2009-12-01,25.26,,2009,12,4,1
165807,375,Nitrogen dioxide (NO2),Mean,ppb,CD,110,Central Harlem (CD10),Winter 2009-10,2009-12-01,29.45,,2009,12,4,1
165819,375,Nitrogen dioxide (NO2),Mean,ppb,CD,210,Throgs Neck and Co-op City (CD10),Winter 2009-10,2009-12-01,22.79,,2009,12,4,1
165856,375,Nitrogen dioxide (NO2),Mean,ppb,CD,503,Tottenville and Great Kills (CD3),Winter 2009-10,2009-12-01,16.69,,2009,12,4,1
167574,375,Nitrogen dioxide (NO2),Mean,ppb,CD,107,Upper West Side (CD7),Annual Average 2010,2009-12-01,28.62,,2009,12,4,1
176575,375,Nitrogen dioxide (NO2),Mean,ppb,UHF42,307,Gramercy Park - Murray Hill,Annual Average 2010,2009-12-01,39.17,,2009,12,4,1
170243,365,Fine particles (PM 2.5),Mean,mcg/m3,CD,209,Parkchester and Soundview (CD9),Annual Average 2010,2009-12-01,9.96,,2009,12,4,1
179427,375,Nitrogen dioxide (NO2),Mean,ppb,Borough,5,Staten Island,Annual Average 2010,2009-12-01,15.35,,2009,12,4,1
168511,365,Fine particles (PM 2.5),Mean,mcg/m3,CD,503,Tottenville and Great Kills (CD3),Winter 2009-10,2009-12-01,9.07,,2009,12,4,1
177211,365,Fine particles (PM 2.5),Mean,mcg/m3,UHF42,403,Flushing - Clearview,Winter 2009-10,2009-12-01,9.54,,2009,12,4,1
170229,365,Fine particles (PM 2.5),Mean,mcg/m3,CD,107,Upper West Side (CD7),Annual Average 2010,2009-12-01,10.98,,2009,12,4,1
176571,375,Nitrogen dioxide (NO2),Mean,ppb,UHF42,303,East Harlem,Annual Average 2010,2009-12-01,27.07,,2009,12,4,1
178458,365,Fine particles (PM 2.5),Mean,mcg/m3,UHF42,211,Williamsburg - Bushwick,Annual Average 2010,2009-12-01,10.33,,2009,12,4,1
167585,375,Nitrogen dioxide (NO2),Mean,ppb,CD,206,Belmont and East Tremont (CD6),Annual Average 2010,2009-12-01,24.44,,2009,12,4,1
170242,365,Fine particles (PM 2.5),Mean,mcg/m3,CD,208,Riverdale and Fieldston (CD8),Annual Average 2010,2009-12-01,10.09,,2009,12,4,1
172626,375,Nitrogen dioxide (NO2),Mean,ppb,UHF34,210,Coney Island - Sheepshead Bay,Annual Average 2010,2009-12-01,19.01,,2009,12,4,1
167622,375,Nitrogen dioxide (NO2),Mean,ppb,CD,413,Queens Village (CD13),Annual Average 2010,2009-12-01,19.14,,2009,12,4,1
167604,375,Nitrogen dioxide (NO2),Mean,ppb,CD,313,Coney Island (CD13),Annual Average 2010,2009-12-01,17.65,,2009,12,4,1
171615,375,Nitrogen dioxide (NO2),Mean,ppb,UHF34,405,Ridgewood - Forest Hills,Winter 2009-10,2009-12-01,26.35,,2009,12,4,1
167578,375,Nitrogen dioxide (NO2),Mean,ppb,CD,111,East Harlem (CD11),Annual Average 2010,2009-12-01,26.99,,2009,12,4,1
175316,375,Nitrogen dioxide (NO2),Mean,ppb,UHF42,308,Greenwich Village - SoHo,Winter 2009-10,2009-12-01,33.62,,2009,12,4,1
175315,375,Nitrogen dioxide (NO2),Mean,ppb,UHF42,307,Gramercy Park - Murray Hill,Winter 2009-10,2009-12-01,40.59,,2009,12,4,1
170273,365,Fine particles (PM 2.5),Mean,mcg/m3,CD,409,Kew Gardens and Woodhaven (CD9),Annual Average 2010,2009-12-01,9.48,,2009,12,4,1
170275,365,Fine particles (PM 2.5),Mean,mcg/m3,CD,411,Bayside and Little Neck (CD11),Annual Average 2010,2009-12-01,8.97,,2009,12,4,1
173138,365,Fine particles (PM 2.5),Mean,mcg/m3,UHF34,301,Washington Heights,Winter 2009-10,2009-12-01,12.13,,2009,12,4,1
170228,365,Fine particles (PM 2.5),Mean,mcg/m3,CD,106,Stuyvesant Town and Turtle Bay (CD6),Annual Average 2010,2009-12-01,13.12,,2009,12,4,1
173124,365,Fine particles (PM 2.5),Mean,mcg/m3,UHF34,102,Northeast Bronx,Winter 2009-10,2009-12-01,10.23,,2009,12,4,1
179648,365,Fine particles (PM 2.5),Mean,mcg/m3,Borough,1,Bronx,Annual Average 2010,2009-12-01,10.14,,2009,12,4,1
179502,365,Fine particles (PM 2.5),Mean,mcg/m3,Borough,5,Staten Island,Winter 2009-10,2009-12-01,9.07,,2009,12,4,1
167608,375,Nitrogen dioxide (NO2),Mean,ppb,CD,317,East Flatbush (CD17),Annual Average 2010,2009-12-01,23.63,,2009,12,4,1
179275,375,Nitrogen dioxide (NO2),Mean,ppb,Borough,3,Manhattan,Winter 2009-10,2009-12-01,32.17,,2009,12,4,1
168504,365,Fine particles (PM 2.5),Mean,mcg/m3,CD,410,South Ozone Park and Howard Beach (CD10),Winter 2009-10,2009-12-01,9.48,,2009,12,4,1
176573,375,Nitrogen dioxide (NO2),Mean,ppb,UHF42,305,Upper East Side,Annual Average 2010,2009-12-01,31.02,,2009,12,4,1
175312,375,Nitrogen dioxide (NO2),Mean,ppb,UHF42,304,Upper West Side,Winter 2009-10,2009-12-01,30.23,,2009,12,4,1
173137,365,Fine particles (PM 2.5),Mean,mcg/m3,UHF34,211,Williamsburg - Bushwick,Winter 2009-10,2009-12-01,10.39,,2009,12,4,1
170231,365,Fine particles (PM 2.5),Mean,mcg/m3,CD,109,Morningside Heights and Hamilton Heights (CD9),Annual Average 2010,2009-12-01,10.69,,2009,12,4,1
168469,365,Fine particles (PM 2.5),Mean,mcg/m3,CD,205,Fordham and University Heights (CD5),Winter 2009-10,2009-12-01,12.84,,2009,12,4,1
173126,365,Fine particles (PM 2.5),Mean,mcg/m3,UHF34,104,Pelham - Throgs Neck,Winter 2009-10,2009-12-01,10.14,,2009,12,4,1
171603,375,Nitrogen dioxide (NO2),Mean,ppb,UHF34,207,East Flatbush - Flatbush,Winter 2009-10,2009-12-01,28.06,,2009,12,4,1
177213,365,Fine particles (PM 2.5),Mean,mcg/m3,UHF42,405,Ridgewood - Forest Hills,Winter 2009-10,2009-12-01,9.73,,2009,12,4,1
170237,365,Fine particles (PM 2.5),Mean,mcg/m3,CD,203,Morrisania and Crotona (CD3),Annual Average 2010,2009-12-01,10.57,,2009,12,4,1
168476,365,Fine particles (PM 2.5),Mean,mcg/m3,CD,212,Williamsbridge and Baychester (CD12),Winter 2009-10,2009-12-01,10.29,,2009,12,4,1
167606,375,Nitrogen dioxide (NO2),Mean,ppb,CD,315,Sheepshead Bay (CD15),Annual Average 2010,2009-12-01,19.44,,2009,12,4,1
177217,365,Fine particles (PM 2.5),Mean,mcg/m3,UHF42,409,Southeast Queens,Winter 2009-10,2009-12-01,8.85,,2009,12,4,1
168474,365,Fine particles (PM 2.5),Mean,mcg/m3,CD,210,Throgs Neck and Co-op City (CD10),Winter 2009-10,2009-12-01,9.77,,2009,12,4,1
165837,375,Nitrogen dioxide (NO2),Mean,ppb,CD,316,Brownsville (CD16),Winter 2009-10,2009-12-01,28.14,,2009,12,4,1
168462,365,Fine particles (PM 2.5),Mean,mcg/m3,CD,110,Central Harlem (CD10),Winter 2009-10,2009-12-01,11.46,,2009,12,4,1
172630,375,Nitrogen dioxide (NO2),Mean,ppb,UHF34,303,East Harlem,Annual Average 2010,2009-12-01,27.07,,2009,12,4,1
171599,375,Nitrogen dioxide (NO2),Mean,ppb,UHF34,203,Bedford Stuyvesant - Crown Heights,Winter 2009-10,2009-12-01,28.86,,2009,12,4,1
179501,365,Fine particles (PM 2.5),Mean,mcg/m3,Borough,4,Queens,Winter 2009-10,2009-12-01,9.38,,2009,12,4,1
178455,365,Fine particles (PM 2.5),Mean,mcg/m3,UHF42,208,Canarsie - Flatlands,Annual Average 2010,2009-12-01,9.12,,2009,12,4,1
172622,375,Nitrogen dioxide (NO2),Mean,ppb,UHF34,206,Borough Park,Annual Average 2010,2009-12-01,23.43,,2009,12,4,1
173142,365,Fine particles (PM 2.5),Mean,mcg/m3,UHF34,401,Long Island City - Astoria,Winter 2009-10,2009-12-01,9.75,,2009,12,4,1
179424,375,Nitrogen dioxide (NO2),Mean,ppb,Borough,2,Brooklyn,Annual Average 2010,2009-12-01,22.7,,2009,12,4,1
178465,365,Fine particles (PM 2.5),Mean,mcg/m3,UHF42,307,Gramercy Park - Murray Hill,Annual Average 2010,2009-12-01,14.24,,2009,12,4,1
168510,365,Fine particles (PM 2.5),Mean,mcg/m3,CD,502,South Beach and Willowbrook (CD2),Winter 2009-10,2009-12-01,9.02,,2009,12,4,1
173132,365,Fine particles (PM 2.5),Mean,mcg/m3,UHF34,206,Borough Park,Winter 2009-10,2009-12-01,10.05,,2009,12,4,1
171604,375,Nitrogen dioxide (NO2),Mean,ppb,UHF34,208,Canarsie - Flatlands,Winter 2009-10,2009-12-01,24.61,,2009,12,4,1
177209,365,Fine particles (PM 2.5),Mean,mcg/m3,UHF42,401,Long Island City - Astoria,Winter 2009-10,2009-12-01,9.75,,2009,12,4,1
165840,375,Nitrogen dioxide (NO2),Mean,ppb,CD,401,Long Island City and Astoria (CD1),Winter 2009-10,2009-12-01,26.43,,2009,12,4,1
176580,375,Nitrogen dioxide (NO2),Mean,ppb,UHF42,402,West Queens,Annual Average 2010,2009-12-01,24.18,,2009,12,4,1
170271,365,Fine particles (PM 2.5),Mean,mcg/m3,CD,407,Flushing and Whitestone (CD7),Annual Average 2010,2009-12-01,9.38,,2009,12,4,1
174156,365,Fine particles (PM 2.5),Mean,mcg/m3,UHF34,210,Coney Island - Sheepshead Bay,Annual Average 2010,2009-12-01,8.89,,2009,12,4,1
177193,365,Fine particles (PM 2.5),Mean,mcg/m3,UHF42,206,Borough Park,Winter 2009-10,2009-12-01,10.05,,2009,12,4,1
175305,375,Nitrogen dioxide (NO2),Mean,ppb,UHF42,208,Canarsie - Flatlands,Winter 2009-10,2009-12-01,24.61,,2009,12,4,1
167573,375,Nitrogen dioxide (NO2),Mean,ppb,CD,106,Stuyvesant Town and Turtle Bay (CD6),Annual Average 2010,2009-12-01,36.22,,2009,12,4,1
175320,375,Nitrogen dioxide (NO2),Mean,ppb,UHF42,402,West Queens,Winter 2009-10,2009-12-01,27.56,,2009,12,4,1
179499,365,Fine particles (PM 2.5),Mean,mcg/m3,Borough,2,Brooklyn,Winter 2009-10,2009-12-01,9.97,,2009,12,4,1
167588,375,Nitrogen dioxide (NO2),Mean,ppb,CD,209,Parkchester and Soundview (CD9),Annual Average 2010,2009-12-01,22.55,,2009,12,4,1
165806,375,Nitrogen dioxide (NO2),Mean,ppb,CD,109,Morningside Heights and Hamilton Heights (CD9),Winter 2009-10,2009-12-01,28.96,,2009,12,4,1
172625,375,Nitrogen dioxide (NO2),Mean,ppb,UHF34,209,Bensonhurst - Bay Ridge,Annual Average 2010,2009-12-01,21.48,,2009,12,4,1
175295,375,Nitrogen dioxide (NO2),Mean,ppb,UHF42,105,Crotona -Tremont,Winter 2009-10,2009-12-01,27.02,,2009,12,4,1
176558,375,Nitrogen dioxide (NO2),Mean,ppb,UHF42,201,Greenpoint,Annual Average 2010,2009-12-01,25.08,,2009,12,4,1
172623,375,Nitrogen dioxide (NO2),Mean,ppb,UHF34,207,East Flatbush - Flatbush,Annual Average 2010,2009-12-01,23.64,,2009,12,4,1
176555,375,Nitrogen dioxide (NO2),Mean,ppb,UHF42,105,Crotona -Tremont,Annual Average 2010,2009-12-01,25.25,,2009,12,4,1
179104,375,Nitrogen dioxide (NO2),Mean,ppb,Citywide,1,New York City,Winter 2009-10,2009-12-01,24.77,,2009,12,4,1
168493,365,Fine particles (PM 2.5),Mean,mcg/m3,CD,317,East Flatbush (CD17),Winter 2009-10,2009-12-01,10.34,,2009,12,4,1
176572,375,Nitrogen dioxide (NO2),Mean,ppb,UHF42,304,Upper West Side,Annual Average 2010,2009-12-01,28.66,,2009,12,4,1
175306,375,Nitrogen dioxide (NO2),Mean,ppb,UHF42,209,Bensonhurst - Bay Ridge,Winter 2009-10,2009-12-01,26.54,,2009,12,4,1
176581,375,Nitrogen dioxide (NO2),Mean,ppb,UHF42,403,Flushing - Clearview,Annual Average 2010,2009-12-01,21.48,,2009,12,4,1
176556,375,Nitrogen dioxide (NO2),Mean,ppb,UHF42,106,High Bridge - Morrisania,Annual Average 2010,2009-12-01,26.38,,2009,12,4,1
167570,375,Nitrogen dioxide (NO2),Mean,ppb,CD,103,Lower East Side and Chinatown (CD3),Annual Average 2010,2009-12-01,29.22,,2009,12,4,1
167605,375,Nitrogen dioxide (NO2),Mean,ppb,CD,314,Flatbush and Midwood (CD14),Annual Average 2010,2009-12-01,23.01,,2009,12,4,1
175330,375,Nitrogen dioxide (NO2),Mean,ppb,UHF42,502,Stapleton - St. George,Winter 2009-10,2009-12-01,21.8,,2009,12,4,1
167619,375,Nitrogen dioxide (NO2),Mean,ppb,CD,410,South Ozone Park and Howard Beach (CD10),Annual Average 2010,2009-12-01,21.0,,2009,12,4,1
167595,375,Nitrogen dioxide (NO2),Mean,ppb,CD,304,Bushwick (CD4),Annual Average 2010,2009-12-01,24.2,,2009,12,4,1
172627,375,Nitrogen dioxide (NO2),Mean,ppb,UHF34,211,Williamsburg - Bushwick,Annual Average 2010,2009-12-01,25.31,,2009,12,4,1
173128,365,Fine particles (PM 2.5),Mean,mcg/m3,UHF34,202,Downtown - Heights - Slope,Winter 2009-10,2009-12-01,10.67,,2009,12,4,1
168509,365,Fine particles (PM 2.5),Mean,mcg/m3,CD,501,St. George and Stapleton (CD1),Winter 2009-10,2009-12-01,9.15,,2009,12,4,1
178468,365,Fine particles (PM 2.5),Mean,mcg/m3,UHF42,310,Lower Manhattan,Annual Average 2010,2009-12-01,12.19,,2009,12,4,1
176559,375,Nitrogen dioxide (NO2),Mean,ppb,UHF42,202,Downtown - Heights - Slope,Annual Average 2010,2009-12-01,26.46,,2009,12,4,1
167593,375,Nitrogen dioxide (NO2),Mean,ppb,CD,302,Fort Greene and Brooklyn Heights (CD2),Annual Average 2010,2009-12-01,27.14,,2009,12,4,1
176551,375,Nitrogen dioxide (NO2),Mean,ppb,UHF42,101,Kingsbridge - Riverdale,Annual Average 2010,2009-12-01,20.13,,2009,12,4,1
168477,365,Fine particles (PM 2.5),Mean,mcg/m3,CD,301,Greenpoint and Williamsburg (CD1),Winter 2009-10,2009-12-01,10.44,,2009,12,4,1
167592,375,Nitrogen dioxide (NO2),Mean,ppb,CD,301,Greenpoint and Williamsburg (CD1),Annual Average 2010,2009-12-01,25.16,,2009,12,4,1
179425,375,Nitrogen dioxide (NO2),Mean,ppb,Borough,3,Manhattan,Annual Average 2010,2009-12-01,30.58,,2009,12,4,1
178478,365,Fine particles (PM 2.5),Mean,mcg/m3,UHF42,410,Rockaways,Annual Average 2010,2009-12-01,7.99,,2009,12,4,1
167614,375,Nitrogen dioxide (NO2),Mean,ppb,CD,405,Ridgewood and Maspeth (CD5),Annual Average 2010,2009-12-01,22.59,,2009,12,4,1
167607,375,Nitrogen dioxide (NO2),Mean,ppb,CD,316,Brownsville (CD16),Annual Average 2010,2009-12-01,24.03,,2009,12,4,1
176552,375,Nitrogen dioxide (NO2),Mean,ppb,UHF42,102,Northeast Bronx,Annual Average 2010,2009-12-01,20.21,,2009,12,4,1
167597,375,Nitrogen dioxide (NO2),Mean,ppb,CD,306,Park Slope and Carroll Gardens (CD6),Annual Average 2010,2009-12-01,25.87,,2009,12,4,1
168480,365,Fine particles (PM 2.5),Mean,mcg/m3,CD,304,Bushwick (CD4),Winter 2009-10,2009-12-01,10.0,,2009,12,4,1
172646,375,Nitrogen dioxide (NO2),Mean,ppb,UHF34,105106107,South Bronx,Annual Average 2010,2009-12-01,25.08,,2009,12,4,1
172619,375,Nitrogen dioxide (NO2),Mean,ppb,UHF34,203,Bedford Stuyvesant - Crown Heights,Annual Average 2010,2009-12-01,25.17,,2009,12,4,1
168455,365,Fine particles (PM 2.5),Mean,mcg/m3,CD,103,Lower East Side and Chinatown (CD3),Winter 2009-10,2009-12-01,10.39,,2009,12,4,1
171626,375,Nitrogen dioxide (NO2),Mean,ppb,UHF34,105106107,South Bronx,Winter 2009-10,2009-12-01,27.07,,2009,12,4,1
177220,365,Fine particles (PM 2.5),Mean,mcg/m3,UHF42,502,Stapleton - St. George,Winter 2009-10,2009-12-01,8.83,,2009,12,4,1
174163,365,Fine particles (PM 2.5),Mean,mcg/m3,UHF34,402,West Queens,Annual Average 2010,2009-12-01,9.89,,2009,12,4,1
165800,375,Nitrogen dioxide (NO2),Mean,ppb,CD,103,Lower East Side and Chinatown (CD3),Winter 2009-10,2009-12-01,31.44,,2009,12,4,1
172641,375,Nitrogen dioxide (NO2),Mean,ppb,UHF34,306308,Chelsea-Village,Annual Average 2010,2009-12-01,34.61,,2009,12,4,1
167599,375,Nitrogen dioxide (NO2),Mean,ppb,CD,308,Crown Heights and Prospect Heights (CD8),Annual Average 2010,2009-12-01,25.9,,2009,12,4,1
178448,365,Fine particles (PM 2.5),Mean,mcg/m3,UHF42,201,Greenpoint,Annual Average 2010,2009-12-01,10.57,,2009,12,4,1
173156,365,Fine particles (PM 2.5),Mean,mcg/m3,UHF34,105106107,South Bronx,Winter 2009-10,2009-12-01,11.75,,2009,12,4,1
170244,365,Fine particles (PM 2.5),Mean,mcg/m3,CD,210,Throgs Neck and Co-op City (CD10),Annual Average 2010,2009-12-01,9.5,,2009,12,4,1
165846,375,Nitrogen dioxide (NO2),Mean,ppb,CD,407,Flushing and Whitestone (CD7),Winter 2009-10,2009-12-01,24.83,,2009,12,4,1
168464,365,Fine particles (PM 2.5),Mean,mcg/m3,CD,112,Washington Heights and Inwood (CD12),Winter 2009-10,2009-12-01,12.24,,2009,12,4,1
177187,365,Fine particles (PM 2.5),Mean,mcg/m3,UHF42,107,Hunts Point - Mott Haven,Winter 2009-10,2009-12-01,8.92,,2009,12,4,1
171618,375,Nitrogen dioxide (NO2),Mean,ppb,UHF34,409,Southeast Queens,Winter 2009-10,2009-12-01,23.39,,2009,12,4,1
173147,365,Fine particles (PM 2.5),Mean,mcg/m3,UHF34,408,Jamaica,Winter 2009-10,2009-12-01,9.68,,2009,12,4,1
171623,375,Nitrogen dioxide (NO2),Mean,ppb,UHF34,404406,Bayside Little Neck-Fresh Meadows,Winter 2009-10,2009-12-01,23.79,,2009,12,4,1
165809,375,Nitrogen dioxide (NO2),Mean,ppb,CD,112,Washington Heights and Inwood (CD12),Winter 2009-10,2009-12-01,25.79,,2009,12,4,1
179134,375,Nitrogen dioxide (NO2),Mean,ppb,Citywide,1,New York City,Annual Average 2010,2009-12-01,21.11,,2009,12,4,1
168473,365,Fine particles (PM 2.5),Mean,mcg/m3,CD,209,Parkchester and Soundview (CD9),Winter 2009-10,2009-12-01,10.59,,2009,12,4,1
168461,365,Fine particles (PM 2.5),Mean,mcg/m3,CD,109,Morningside Heights and Hamilton Heights (CD9),Winter 2009-10,2009-12-01,11.63,,2009,12,4,1
176590,375,Nitrogen dioxide (NO2),Mean,ppb,UHF42,502,Stapleton - St. George,Annual Average 2010,2009-12-01,17.38,,2009,12,4,1
167609,375,Nitrogen dioxide (NO2),Mean,ppb,CD,318,Flatlands and Canarsie (CD18),Annual Average 2010,2009-12-01,19.16,,2009,12,4,1
178480,365,Fine particles (PM 2.5),Mean,mcg/m3,UHF42,502,Stapleton - St. George,Annual Average 2010,2009-12-01,8.64,,2009,12,4,1
168483,365,Fine particles (PM 2.5),Mean,mcg/m3,CD,307,Sunset Park (CD7),Winter 2009-10,2009-12-01,10.69,,2009,12,4,1
167616,375,Nitrogen dioxide (NO2),Mean,ppb,CD,407,Flushing and Whitestone (CD7),Annual Average 2010,2009-12-01,21.46,,2009,12,4,1
176583,375,Nitrogen dioxide (NO2),Mean,ppb,UHF42,405,Ridgewood - Forest Hills,Annual Average 2010,2009-12-01,22.61,,2009,12,4,1
167579,375,Nitrogen dioxide (NO2),Mean,ppb,CD,112,Washington Heights and Inwood (CD12),Annual Average 2010,2009-12-01,24.66,,2009,12,4,1
174162,365,Fine particles (PM 2.5),Mean,mcg/m3,UHF34,401,Long Island City - Astoria,Annual Average 2010,2009-12-01,10.05,,2009,12,4,1
173129,365,Fine particles (PM 2.5),Mean,mcg/m3,UHF34,203,Bedford Stuyvesant - Crown Heights,Winter 2009-10,2009-12-01,10.3,,2009,12,4,1
170267,365,Fine particles (PM 2.5),Mean,mcg/m3,CD,403,Jackson Heights (CD3),Annual Average 2010,2009-12-01,9.23,,2009,12,4,1
176578,375,Nitrogen dioxide (NO2),Mean,ppb,UHF42,310,Lower Manhattan,Annual Average 2010,2009-12-01,33.48,,2009,12,4,1
170250,365,Fine particles (PM 2.5),Mean,mcg/m3,CD,304,Bushwick (CD4),Annual Average 2010,2009-12-01,9.84,,2009,12,4,1
174151,365,Fine particles (PM 2.5),Mean,mcg/m3,UHF34,205,Sunset Park,Annual Average 2010,2009-12-01,10.21,,2009,12,4,1
170249,365,Fine particles (PM 2.5),Mean,mcg/m3,CD,303,Bedford Stuyvesant (CD3),Annual Average 2010,2009-12-01,9.9,,2009,12,4,1
174149,365,Fine particles (PM 2.5),Mean,mcg/m3,UHF34,203,Bedford Stuyvesant - Crown Heights,Annual Average 2010,2009-12-01,9.93,,2009,12,4,1
170264,365,Fine particles (PM 2.5),Mean,mcg/m3,CD,318,Flatlands and Canarsie (CD18),Annual Average 2010,2009-12-01,9.09,,2009,12,4,1
167575,375,Nitrogen dioxide (NO2),Mean,ppb,CD,108,Upper East Side (CD8),Annual Average 2010,2009-12-01,31.17,,2009,12,4,1
173140,365,Fine particles (PM 2.5),Mean,mcg/m3,UHF34,303,East Harlem,Winter 2009-10,2009-12-01,10.79,,2009,12,4,1
175314,375,Nitrogen dioxide (NO2),Mean,ppb,UHF42,306,Chelsea - Clinton,Winter 2009-10,2009-12-01,37.4,,2009,12,4,1
165816,375,Nitrogen dioxide (NO2),Mean,ppb,CD,207,Kingsbridge Heights and Bedford (CD7),Winter 2009-10,2009-12-01,25.37,,2009,12,4,1
174166,365,Fine particles (PM 2.5),Mean,mcg/m3,UHF34,407,Southwest Queens,Annual Average 2010,2009-12-01,9.19,,2009,12,4,1
173133,365,Fine particles (PM 2.5),Mean,mcg/m3,UHF34,207,East Flatbush - Flatbush,Winter 2009-10,2009-12-01,10.26,,2009,12,4,1
165805,375,Nitrogen dioxide (NO2),Mean,ppb,CD,108,Upper East Side (CD8),Winter 2009-10,2009-12-01,33.1,,2009,12,4,1
168485,365,Fine particles (PM 2.5),Mean,mcg/m3,CD,309,South Crown Heights and Lefferts Gardens (CD9),Winter 2009-10,2009-12-01,10.38,,2009,12,4,1
167581,375,Nitrogen dioxide (NO2),Mean,ppb,CD,202,Hunts Point and Longwood (CD2),Annual Average 2010,2009-12-01,23.88,,2009,12,4,1
174160,365,Fine particles (PM 2.5),Mean,mcg/m3,UHF34,303,East Harlem,Annual Average 2010,2009-12-01,10.41,,2009,12,4,1
168492,365,Fine particles (PM 2.5),Mean,mcg/m3,CD,316,Brownsville (CD16),Winter 2009-10,2009-12-01,10.42,,2009,12,4,1
174169,365,Fine particles (PM 2.5),Mean,mcg/m3,UHF34,410,Rockaways,Annual Average 2010,2009-12-01,7.99,,2009,12,4,1
168475,365,Fine particles (PM 2.5),Mean,mcg/m3,CD,211,Morris Park and Bronxdale (CD11),Winter 2009-10,2009-12-01,10.38,,2009,12,4,1
175308,375,Nitrogen dioxide (NO2),Mean,ppb,UHF42,211,Williamsburg - Bushwick,Winter 2009-10,2009-12-01,28.63,,2009,12,4,1
170255,365,Fine particles (PM 2.5),Mean,mcg/m3,CD,309,South Crown Heights and Lefferts Gardens (CD9),Annual Average 2010,2009-12-01,9.91,,2009,12,4,1
167571,375,Nitrogen dioxide (NO2),Mean,ppb,CD,104,Clinton and Chelsea (CD4),Annual Average 2010,2009-12-01,32.87,,2009,12,4,1
167587,375,Nitrogen dioxide (NO2),Mean,ppb,CD,208,Riverdale and Fieldston (CD8),Annual Average 2010,2009-12-01,20.15,,2009,12,4,1
167568,375,Nitrogen dioxide (NO2),Mean,ppb,CD,101,Financial District (CD1),Annual Average 2010,2009-12-01,33.43,,2009,12,4,1
170226,365,Fine particles (PM 2.5),Mean,mcg/m3,CD,104,Clinton and Chelsea (CD4),Annual Average 2010,2009-12-01,11.95,,2009,12,4,1
165843,375,Nitrogen dioxide (NO2),Mean,ppb,CD,404,Elmhurst and Corona (CD4),Winter 2009-10,2009-12-01,28.7,,2009,12,4,1
174148,365,Fine particles (PM 2.5),Mean,mcg/m3,UHF34,202,Downtown - Heights - Slope,Annual Average 2010,2009-12-01,10.49,,2009,12,4,1
167582,375,Nitrogen dioxide (NO2),Mean,ppb,CD,203,Morrisania and Crotona (CD3),Annual Average 2010,2009-12-01,25.0,,2009,12,4,1
167626,375,Nitrogen dioxide (NO2),Mean,ppb,CD,503,Tottenville and Great Kills (CD3),Annual Average 2010,2009-12-01,12.96,,2009,12,4,1
178473,365,Fine particles (PM 2.5),Mean,mcg/m3,UHF42,405,Ridgewood - Forest Hills,Annual Average 2010,2009-12-01,9.52,,2009,12,4,1
174144,365,Fine particles (PM 2.5),Mean,mcg/m3,UHF34,102,Northeast Bronx,Annual Average 2010,2009-12-01,9.65,,2009,12,4,1
173153,365,Fine particles (PM 2.5),Mean,mcg/m3,UHF34,404406,Bayside Little Neck-Fresh Meadows,Winter 2009-10,2009-12-01,9.29,,2009,12,4,1
176561,375,Nitrogen dioxide (NO2),Mean,ppb,UHF42,204,East New York,Annual Average 2010,2009-12-01,22.49,,2009,12,4,1
175318,375,Nitrogen dioxide (NO2),Mean,ppb,UHF42,310,Lower Manhattan,Winter 2009-10,2009-12-01,35.16,,2009,12,4,1
168484,365,Fine particles (PM 2.5),Mean,mcg/m3,CD,308,Crown Heights and Prospect Heights (CD8),Winter 2009-10,2009-12-01,10.35,,2009,12,4,1
174158,365,Fine particles (PM 2.5),Mean,mcg/m3,UHF34,301,Washington Heights,Annual Average 2010,2009-12-01,10.71,,2009,12,4,1
173143,365,Fine particles (PM 2.5),Mean,mcg/m3,UHF34,402,West Queens,Winter 2009-10,2009-12-01,9.84,,2009,12,4,1
173127,365,Fine particles (PM 2.5),Mean,mcg/m3,UHF34,201,Greenpoint,Winter 2009-10,2009-12-01,10.22,,2009,12,4,1
175317,375,Nitrogen dioxide (NO2),Mean,ppb,UHF42,309,Union Square - Lower East Side,Winter 2009-10,2009-12-01,32.14,,2009,12,4,1
168489,365,Fine particles (PM 2.5),Mean,mcg/m3,CD,313,Coney Island (CD13),Winter 2009-10,2009-12-01,8.85,,2009,12,4,1
172632,375,Nitrogen dioxide (NO2),Mean,ppb,UHF34,401,Long Island City - Astoria,Annual Average 2010,2009-12-01,24.32,,2009,12,4,1
175303,375,Nitrogen dioxide (NO2),Mean,ppb,UHF42,206,Borough Park,Winter 2009-10,2009-12-01,28.09,,2009,12,4,1
174147,365,Fine particles (PM 2.5),Mean,mcg/m3,UHF34,201,Greenpoint,Annual Average 2010,2009-12-01,10.57,,2009,12,4,1
170254,365,Fine particles (PM 2.5),Mean,mcg/m3,CD,308,Crown Heights and Prospect Heights (CD8),Annual Average 2010,2009-12-01,9.98,,2009,12,4,1
177215,365,Fine particles (PM 2.5),Mean,mcg/m3,UHF42,407,Southwest Queens,Winter 2009-10,2009-12-01,9.67,,2009,12,4,1
170225,365,Fine particles (PM 2.5),Mean,mcg/m3,CD,103,Lower East Side and Chinatown (CD3),Annual Average 2010,2009-12-01,10.62,,2009,12,4,1
167610,375,Nitrogen dioxide (NO2),Mean,ppb,CD,401,Long Island City and Astoria (CD1),Annual Average 2010,2009-12-01,23.5,,2009,12,4,1
167612,375,Nitrogen dioxide (NO2),Mean,ppb,CD,403,Jackson Heights (CD3),Annual Average 2010,2009-12-01,24.01,,2009,12,4,1
173154,365,Fine particles (PM 2.5),Mean,mcg/m3,UHF34,501502,Northern SI,Winter 2009-10,2009-12-01,9.01,,2009,12,4,1
175309,375,Nitrogen dioxide (NO2),Mean,ppb,UHF42,301,Washington Heights,Winter 2009-10,2009-12-01,26.37,,2009,12,4,1
168490,365,Fine particles (PM 2.5),Mean,mcg/m3,CD,314,Flatbush and Midwood (CD14),Winter 2009-10,2009-12-01,10.2,,2009,12,4,1
174174,365,Fine particles (PM 2.5),Mean,mcg/m3,UHF34,501502,Northern SI,Annual Average 2010,2009-12-01,8.77,,2009,12,4,1
179273,375,Nitrogen dioxide (NO2),Mean,ppb,Borough,1,Bronx,Winter 2009-10,2009-12-01,24.39,,2009,12,4,1
172643,375,Nitrogen dioxide (NO2),Mean,ppb,UHF34,404406,Bayside Little Neck-Fresh Meadows,Annual Average 2010,2009-12-01,20.2,,2009,12,4,1
165855,375,Nitrogen dioxide (NO2),Mean,ppb,CD,502,South Beach and Willowbrook (CD2),Winter 2009-10,2009-12-01,19.26,,2009,12,4,1
179500,365,Fine particles (PM 2.5),Mean,mcg/m3,Borough,3,Manhattan,Winter 2009-10,2009-12-01,11.98,,2009,12,4,1
167584,375,Nitrogen dioxide (NO2),Mean,ppb,CD,205,Fordham and University Heights (CD5),Annual Average 2010,2009-12-01,26.53,,2009,12,4,1
165830,375,Nitrogen dioxide (NO2),Mean,ppb,CD,309,South Crown Heights and Lefferts Gardens (CD9),Winter 2009-10,2009-12-01,29.02,,2009,12,4,1
165854,375,Nitrogen dioxide (NO2),Mean,ppb,CD,501,St. George and Stapleton (CD1),Winter 2009-10,2009-12-01,22.87,,2009,12,4,1
179149,365,Fine particles (PM 2.5),Mean,mcg/m3,Citywide,1,New York City,Winter 2009-10,2009-12-01,9.86,,2009,12,4,1
173152,365,Fine particles (PM 2.5),Mean,mcg/m3,UHF34,309310,Union Square-Lower Manhattan,Winter 2009-10,2009-12-01,11.18,,2009,12,4,1
177205,365,Fine particles (PM 2.5),Mean,mcg/m3,UHF42,307,Gramercy Park - Murray Hill,Winter 2009-10,2009-12-01,14.3,,2009,12,4,1
177199,365,Fine particles (PM 2.5),Mean,mcg/m3,UHF42,301,Washington Heights,Winter 2009-10,2009-12-01,12.05,,2009,12,4,1
170248,365,Fine particles (PM 2.5),Mean,mcg/m3,CD,302,Fort Greene and Brooklyn Heights (CD2),Annual Average 2010,2009-12-01,10.52,,2009,12,4,1
170223,365,Fine particles (PM 2.5),Mean,mcg/m3,CD,101,Financial District (CD1),Annual Average 2010,2009-12-01,12.14,,2009,12,4,1
165814,375,Nitrogen dioxide (NO2),Mean,ppb,CD,205,Fordham and University Heights (CD5),Winter 2009-10,2009-12-01,27.96,,2009,12,4,1
170239,365,Fine particles (PM 2.5),Mean,mcg/m3,CD,205,Fordham and University Heights (CD5),Annual Average 2010,2009-12-01,11.4,,2009,12,4,1
171606,375,Nitrogen dioxide (NO2),Mean,ppb,UHF34,210,Coney Island - Sheepshead Bay,Winter 2009-10,2009-12-01,25.32,,2009,12,4,1
168481,365,Fine particles (PM 2.5),Mean,mcg/m3,CD,305,East New York and Starrett City (CD5),Winter 2009-10,2009-12-01,10.17,,2009,12,4,1
167611,375,Nitrogen dioxide (NO2),Mean,ppb,CD,402,Woodside and Sunnyside (CD2),Annual Average 2010,2009-12-01,24.14,,2009,12,4,1
175293,375,Nitrogen dioxide (NO2),Mean,ppb,UHF42,103,Fordham - Bronx Pk,Winter 2009-10,2009-12-01,23.87,,2009,12,4,1
168496,365,Fine particles (PM 2.5),Mean,mcg/m3,CD,402,Woodside and Sunnyside (CD2),Winter 2009-10,2009-12-01,10.21,,2009,12,4,1
170234,365,Fine particles (PM 2.5),Mean,mcg/m3,CD,112,Washington Heights and Inwood (CD12),Annual Average 2010,2009-12-01,10.74,,2009,12,4,1
170246,365,Fine particles (PM 2.5),Mean,mcg/m3,CD,212,Williamsbridge and Baychester (CD12),Annual Average 2010,2009-12-01,9.6,,2009,12,4,1
165831,375,Nitrogen dioxide (NO2),Mean,ppb,CD,310,Bay Ridge and Dyker Heights (CD10),Winter 2009-10,2009-12-01,26.97,,2009,12,4,1
167594,375,Nitrogen dioxide (NO2),Mean,ppb,CD,303,Bedford Stuyvesant (CD3),Annual Average 2010,2009-12-01,25.68,,2009,12,4,1
171622,375,Nitrogen dioxide (NO2),Mean,ppb,UHF34,309310,Union Square-Lower Manhattan,Winter 2009-10,2009-12-01,33.09,,2009,12,4,1
175323,375,Nitrogen dioxide (NO2),Mean,ppb,UHF42,405,Ridgewood - Forest Hills,Winter 2009-10,2009-12-01,26.35,,2009,12,4,1
170280,365,Fine particles (PM 2.5),Mean,mcg/m3,CD,502,South Beach and Willowbrook (CD2),Annual Average 2010,2009-12-01,8.8,,2009,12,4,1
165851,375,Nitrogen dioxide (NO2),Mean,ppb,CD,412,Jamaica and Hollis (CD12),Winter 2009-10,2009-12-01,25.48,,2009,12,4,1
167591,375,Nitrogen dioxide (NO2),Mean,ppb,CD,212,Williamsbridge and Baychester (CD12),Annual Average 2010,2009-12-01,19.74,,2009,12,4,1
175298,375,Nitrogen dioxide (NO2),Mean,ppb,UHF42,201,Greenpoint,Winter 2009-10,2009-12-01,28.07,,2009,12,4,1
175319,375,Nitrogen dioxide (NO2),Mean,ppb,UHF42,401,Long Island City - Astoria,Winter 2009-10,2009-12-01,27.27,,2009,12,4,1
178479,365,Fine particles (PM 2.5),Mean,mcg/m3,UHF42,501,Port Richmond,Annual Average 2010,2009-12-01,9.02,,2009,12,4,1
171624,375,Nitrogen dioxide (NO2),Mean,ppb,UHF34,501502,Northern SI,Winter 2009-10,2009-12-01,22.15,,2009,12,4,1
179498,365,Fine particles (PM 2.5),Mean,mcg/m3,Borough,1,Bronx,Winter 2009-10,2009-12-01,10.95,,2009,12,4,1
165825,375,Nitrogen dioxide (NO2),Mean,ppb,CD,304,Bushwick (CD4),Winter 2009-10,2009-12-01,27.78,,2009,12,4,1
174172,365,Fine particles (PM 2.5),Mean,mcg/m3,UHF34,309310,Union Square-Lower Manhattan,Annual Average 2010,2009-12-01,11.28,,2009,12,4,1
177219,365,Fine particles (PM 2.5),Mean,mcg/m3,UHF42,501,Port Richmond,Winter 2009-10,2009-12-01,9.34,,2009,12,4,1
167623,375,Nitrogen dioxide (NO2),Mean,ppb,CD,414,Rockaway and Broad Channel (CD14),Annual Average 2010,2009-12-01,13.95,,2009,12,4,1
174159,365,Fine particles (PM 2.5),Mean,mcg/m3,UHF34,302,Central Harlem - Morningside Heights,Annual Average 2010,2009-12-01,10.62,,2009,12,4,1
165803,375,Nitrogen dioxide (NO2),Mean,ppb,CD,106,Stuyvesant Town and Turtle Bay (CD6),Winter 2009-10,2009-12-01,37.91,,2009,12,4,1
173139,365,Fine particles (PM 2.5),Mean,mcg/m3,UHF34,302,Central Harlem - Morningside Heights,Winter 2009-10,2009-12-01,11.46,,2009,12,4,1
171597,375,Nitrogen dioxide (NO2),Mean,ppb,UHF34,201,Greenpoint,Winter 2009-10,2009-12-01,28.07,,2009,12,4,1
175325,375,Nitrogen dioxide (NO2),Mean,ppb,UHF42,407,Southwest Queens,Winter 2009-10,2009-12-01,26.12,,2009,12,4,1
175326,375,Nitrogen dioxide (NO2),Mean,ppb,UHF42,408,Jamaica,Winter 2009-10,2009-12-01,25.35,,2009,12,4,1
176569,375,Nitrogen dioxide (NO2),Mean,ppb,UHF42,301,Washington Heights,Annual Average 2010,2009-12-01,25.22,,2009,12,4,1
168466,365,Fine particles (PM 2.5),Mean,mcg/m3,CD,202,Hunts Point and Longwood (CD2),Winter 2009-10,2009-12-01,11.39,,2009,12,4,1
170236,365,Fine particles (PM 2.5),Mean,mcg/m3,CD,202,Hunts Point and Longwood (CD2),Annual Average 2010,2009-12-01,10.71,,2009,12,4,1
170268,365,Fine particles (PM 2.5),Mean,mcg/m3,CD,404,Elmhurst and Corona (CD4),Annual Average 2010,2009-12-01,9.79,,2009,12,4,1
170245,365,Fine particles (PM 2.5),Mean,mcg/m3,CD,211,Morris Park and Bronxdale (CD11),Annual Average 2010,2009-12-01,9.71,,2009,12,4,1
176557,375,Nitrogen dioxide (NO2),Mean,ppb,UHF42,107,Hunts Point - Mott Haven,Annual Average 2010,2009-12-01,24.1,,2009,12,4,1
170227,365,Fine particles (PM 2.5),Mean,mcg/m3,CD,105,Midtown (CD5),Annual Average 2010,2009-12-01,15.51,,2009,12,4,1
174164,365,Fine particles (PM 2.5),Mean,mcg/m3,UHF34,403,Flushing - Clearview,Annual Average 2010,2009-12-01,9.33,,2009,12,4,1
175307,375,Nitrogen dioxide (NO2),Mean,ppb,UHF42,210,Coney Island - Sheepshead Bay,Winter 2009-10,2009-12-01,25.32,,2009,12,4,1
174145,365,Fine particles (PM 2.5),Mean,mcg/m3,UHF34,103,Fordham - Bronx Pk,Annual Average 2010,2009-12-01,10.26,,2009,12,4,1
178453,365,Fine particles (PM 2.5),Mean,mcg/m3,UHF42,206,Borough Park,Annual Average 2010,2009-12-01,9.61,,2009,12,4,1
178477,365,Fine particles (PM 2.5),Mean,mcg/m3,UHF42,409,Southeast Queens,Annual Average 2010,2009-12-01,8.65,,2009,12,4,1
179650,365,Fine particles (PM 2.5),Mean,mcg/m3,Borough,3,Manhattan,Annual Average 2010,2009-12-01,11.61,,2009,12,4,1
176582,375,Nitrogen dioxide (NO2),Mean,ppb,UHF42,404,Bayside - Little Neck,Annual Average 2010,2009-12-01,19.23,,2009,12,4,1
170277,365,Fine particles (PM 2.5),Mean,mcg/m3,CD,413,Queens Village (CD13),Annual Average 2010,2009-12-01,8.66,,2009,12,4,1
165799,375,Nitrogen dioxide (NO2),Mean,ppb,CD,102,Greenwich Village and Soho (CD2),Winter 2009-10,2009-12-01,33.64,,2009,12,4,1
170259,365,Fine particles (PM 2.5),Mean,mcg/m3,CD,313,Coney Island (CD13),Annual Average 2010,2009-12-01,8.76,,2009,12,4,1
170260,365,Fine particles (PM 2.5),Mean,mcg/m3,CD,314,Flatbush and Midwood (CD14),Annual Average 2010,2009-12-01,9.72,,2009,12,4,1
178449,365,Fine particles (PM 2.5),Mean,mcg/m3,UHF42,202,Downtown - Heights - Slope,Annual Average 2010,2009-12-01,10.49,,2009,12,4,1
170279,365,Fine particles (PM 2.5),Mean,mcg/m3,CD,501,St. George and Stapleton (CD1),Annual Average 2010,2009-12-01,8.87,,2009,12,4,1
165834,375,Nitrogen dioxide (NO2),Mean,ppb,CD,313,Coney Island (CD13),Winter 2009-10,2009-12-01,24.12,,2009,12,4,1
165836,375,Nitrogen dioxide (NO2),Mean,ppb,CD,315,Sheepshead Bay (CD15),Winter 2009-10,2009-12-01,25.71,,2009,12,4,1
170270,365,Fine particles (PM 2.5),Mean,mcg/m3,CD,406,Rego Park and Forest Hills (CD6),Annual Average 2010,2009-12-01,9.8,,2009,12,4,1
173136,365,Fine particles (PM 2.5),Mean,mcg/m3,UHF34,210,Coney Island - Sheepshead Bay,Winter 2009-10,2009-12-01,9.05,,2009,12,4,1
165849,375,Nitrogen dioxide (NO2),Mean,ppb,CD,410,South Ozone Park and Howard Beach (CD10),Winter 2009-10,2009-12-01,25.64,,2009,12,4,1
170281,365,Fine particles (PM 2.5),Mean,mcg/m3,CD,503,Tottenville and Great Kills (CD3),Annual Average 2010,2009-12-01,8.75,,2009,12,4,1
173123,365,Fine particles (PM 2.5),Mean,mcg/m3,UHF34,101,Kingsbridge - Riverdale,Winter 2009-10,2009-12-01,11.5,,2009,12,4,1
175327,375,Nitrogen dioxide (NO2),Mean,ppb,UHF42,409,Southeast Queens,Winter 2009-10,2009-12-01,23.39,,2009,12,4,1
177206,365,Fine particles (PM 2.5),Mean,mcg/m3,UHF42,308,Greenwich Village - SoHo,Winter 2009-10,2009-12-01,11.42,,2009,12,4,1
173150,365,Fine particles (PM 2.5),Mean,mcg/m3,UHF34,305307,Upper East Side-Gramercy,Winter 2009-10,2009-12-01,13.02,,2009,12,4,1
170253,365,Fine particles (PM 2.5),Mean,mcg/m3,CD,307,Sunset Park (CD7),Annual Average 2010,2009-12-01,10.29,,2009,12,4,1
165815,375,Nitrogen dioxide (NO2),Mean,ppb,CD,206,Belmont and East Tremont (CD6),Winter 2009-10,2009-12-01,26.34,,2009,12,4,1
167617,375,Nitrogen dioxide (NO2),Mean,ppb,CD,408,Hillcrest and Fresh Meadows (CD8),Annual Average 2010,2009-12-01,21.28,,2009,12,4,1
168458,365,Fine particles (PM 2.5),Mean,mcg/m3,CD,106,Stuyvesant Town and Turtle Bay (CD6),Winter 2009-10,2009-12-01,13.03,,2009,12,4,1
170276,365,Fine particles (PM 2.5),Mean,mcg/m3,CD,412,Jamaica and Hollis (CD12),Annual Average 2010,2009-12-01,9.22,,2009,12,4,1
170258,365,Fine particles (PM 2.5),Mean,mcg/m3,CD,312,Borough Park (CD12),Annual Average 2010,2009-12-01,9.64,,2009,12,4,1
170256,365,Fine particles (PM 2.5),Mean,mcg/m3,CD,310,Bay Ridge and Dyker Heights (CD10),Annual Average 2010,2009-12-01,9.41,,2009,12,4,1
170272,365,Fine particles (PM 2.5),Mean,mcg/m3,CD,408,Hillcrest and Fresh Meadows (CD8),Annual Average 2010,2009-12-01,9.28,,2009,12,4,1
179649,365,Fine particles (PM 2.5),Mean,mcg/m3,Borough,2,Brooklyn,Annual Average 2010,2009-12-01,9.69,,2009,12,4,1
176586,375,Nitrogen dioxide (NO2),Mean,ppb,UHF42,408,Jamaica,Annual Average 2010,2009-12-01,21.22,,2009,12,4,1
176585,375,Nitrogen dioxide (NO2),Mean,ppb,UHF42,407,Southwest Queens,Annual Average 2010,2009-12-01,21.7,,2009,12,4,1
176576,375,Nitrogen dioxide (NO2),Mean,ppb,UHF42,308,Greenwich Village - SoHo,Annual Average 2010,2009-12-01,31.8,,2009,12,4,1
165826,375,Nitrogen dioxide (NO2),Mean,ppb,CD,305,East New York and Starrett City (CD5),Winter 2009-10,2009-12-01,26.48,,2009,12,4,1
165802,375,Nitrogen dioxide (NO2),Mean,ppb,CD,105,Midtown (CD5),Winter 2009-10,2009-12-01,43.08,,2009,12,4,1
167624,375,Nitrogen dioxide (NO2),Mean,ppb,CD,501,St. George and Stapleton (CD1),Annual Average 2010,2009-12-01,19.33,,2009,12,4,1
167625,375,Nitrogen dioxide (NO2),Mean,ppb,CD,502,South Beach and Willowbrook (CD2),Annual Average 2010,2009-12-01,15.24,,2009,12,4,1
168501,365,Fine particles (PM 2.5),Mean,mcg/m3,CD,407,Flushing and Whitestone (CD7),Winter 2009-10,2009-12-01,9.58,,2009,12,4,1
179652,365,Fine particles (PM 2.5),Mean,mcg/m3,Borough,5,Staten Island,Annual Average 2010,2009-12-01,8.8,,2009,12,4,1
176587,375,Nitrogen dioxide (NO2),Mean,ppb,UHF42,409,Southeast Queens,Annual Average 2010,2009-12-01,19.1,,2009,12,4,1
176584,375,Nitrogen dioxide (NO2),Mean,ppb,UHF42,406,Fresh Meadows,Annual Average 2010,2009-12-01,21.67,,2009,12,4,1
171608,375,Nitrogen dioxide (NO2),Mean,ppb,UHF34,301,Washington Heights,Winter 2009-10,2009-12-01,26.37,,2009,12,4,1
178464,365,Fine particles (PM 2.5),Mean,mcg/m3,UHF42,306,Chelsea - Clinton,Annual Average 2010,2009-12-01,13.21,,2009,12,4,1
165844,375,Nitrogen dioxide (NO2),Mean,ppb,CD,405,Ridgewood and Maspeth (CD5),Winter 2009-10,2009-12-01,26.31,,2009,12,4,1
178475,365,Fine particles (PM 2.5),Mean,mcg/m3,UHF42,407,Southwest Queens,Annual Average 2010,2009-12-01,9.19,,2009,12,4,1
165833,375,Nitrogen dioxide (NO2),Mean,ppb,CD,312,Borough Park (CD12),Winter 2009-10,2009-12-01,28.28,,2009,12,4,1
178447,365,Fine particles (PM 2.5),Mean,mcg/m3,UHF42,107,Hunts Point - Mott Haven,Annual Average 2010,2009-12-01,10.48,,2009,12,4,1
167621,375,Nitrogen dioxide (NO2),Mean,ppb,CD,412,Jamaica and Hollis (CD12),Annual Average 2010,2009-12-01,21.28,,2009,12,4,1
167603,375,Nitrogen dioxide (NO2),Mean,ppb,CD,312,Borough Park (CD12),Annual Average 2010,2009-12-01,23.77,,2009,12,4,1
167601,375,Nitrogen dioxide (NO2),Mean,ppb,CD,310,Bay Ridge and Dyker Heights (CD10),Annual Average 2010,2009-12-01,22.43,,2009,12,4,1
167615,375,Nitrogen dioxide (NO2),Mean,ppb,CD,406,Rego Park and Forest Hills (CD6),Annual Average 2010,2009-12-01,23.52,,2009,12,4,1
176591,375,Nitrogen dioxide (NO2),Mean,ppb,UHF42,503,Willowbrook,Annual Average 2010,2009-12-01,16.0,,2009,12,4,1
171625,375,Nitrogen dioxide (NO2),Mean,ppb,UHF34,503504,Southern SI,Winter 2009-10,2009-12-01,17.87,,2009,12,4,1
178454,365,Fine particles (PM 2.5),Mean,mcg/m3,UHF42,207,East Flatbush - Flatbush,Annual Average 2010,2009-12-01,9.8,,2009,12,4,1
167613,375,Nitrogen dioxide (NO2),Mean,ppb,CD,404,Elmhurst and Corona (CD4),Annual Average 2010,2009-12-01,25.25,,2009,12,4,1
172645,375,Nitrogen dioxide (NO2),Mean,ppb,UHF34,503504,Southern SI,Annual Average 2010,2009-12-01,14.14,,2009,12,4,1
178476,365,Fine particles (PM 2.5),Mean,mcg/m3,UHF42,408,Jamaica,Annual Average 2010,2009-12-01,9.25,,2009,12,4,1
173151,365,Fine particles (PM 2.5),Mean,mcg/m3,UHF34,306308,Chelsea-Village,Winter 2009-10,2009-12-01,12.59,,2009,12,4,1
176566,375,Nitrogen dioxide (NO2),Mean,ppb,UHF42,209,Bensonhurst - Bay Ridge,Annual Average 2010,2009-12-01,21.48,,2009,12,4,1
178456,365,Fine particles (PM 2.5),Mean,mcg/m3,UHF42,209,Bensonhurst - Bay Ridge,Annual Average 2010,2009-12-01,9.18,,2009,12,4,1
172624,375,Nitrogen dioxide (NO2),Mean,ppb,UHF34,208,Canarsie - Flatlands,Annual Average 2010,2009-12-01,19.1,,2009,12,4,1
177182,365,Fine particles (PM 2.5),Mean,mcg/m3,UHF42,102,Northeast Bronx,Winter 2009-10,2009-12-01,10.23,,2009,12,4,1
178466,365,Fine particles (PM 2.5),Mean,mcg/m3,UHF42,308,Greenwich Village - SoHo,Annual Average 2010,2009-12-01,11.56,,2009,12,4,1
179423,375,Nitrogen dioxide (NO2),Mean,ppb,Borough,1,Bronx,Annual Average 2010,2009-12-01,22.16,,2009,12,4,1
165842,375,Nitrogen dioxide (NO2),Mean,ppb,CD,403,Jackson Heights (CD3),Winter 2009-10,2009-12-01,27.31,,2009,12,4,1
172637,375,Nitrogen dioxide (NO2),Mean,ppb,UHF34,408,Jamaica,Annual Average 2010,2009-12-01,21.22,,2009,12,4,1
175304,375,Nitrogen dioxide (NO2),Mean,ppb,UHF42,207,East Flatbush - Flatbush,Winter 2009-10,2009-12-01,28.06,,2009,12,4,1
165829,375,Nitrogen dioxide (NO2),Mean,ppb,CD,308,Crown Heights and Prospect Heights (CD8),Winter 2009-10,2009-12-01,29.36,,2009,12,4,1
179274,375,Nitrogen dioxide (NO2),Mean,ppb,Borough,2,Brooklyn,Winter 2009-10,2009-12-01,27.17,,2009,12,4,1
178472,365,Fine particles (PM 2.5),Mean,mcg/m3,UHF42,404,Bayside - Little Neck,Annual Average 2010,2009-12-01,8.98,,2009,12,4,1
171611,375,Nitrogen dioxide (NO2),Mean,ppb,UHF34,304,Upper West Side,Winter 2009-10,2009-12-01,30.23,,2009,12,4,1
171614,375,Nitrogen dioxide (NO2),Mean,ppb,UHF34,403,Flushing - Clearview,Winter 2009-10,2009-12-01,24.84,,2009,12,4,1
176564,375,Nitrogen dioxide (NO2),Mean,ppb,UHF42,207,East Flatbush - Flatbush,Annual Average 2010,2009-12-01,23.64,,2009,12,4,1
168456,365,Fine particles (PM 2.5),Mean,mcg/m3,CD,104,Clinton and Chelsea (CD4),Winter 2009-10,2009-12-01,11.74,,2009,12,4,1
177203,365,Fine particles (PM 2.5),Mean,mcg/m3,UHF42,305,Upper East Side,Winter 2009-10,2009-12-01,11.89,,2009,12,4,1
167620,375,Nitrogen dioxide (NO2),Mean,ppb,CD,411,Bayside and Little Neck (CD11),Annual Average 2010,2009-12-01,19.64,,2009,12,4,1
171595,375,Nitrogen dioxide (NO2),Mean,ppb,UHF34,103,Fordham - Bronx Pk,Winter 2009-10,2009-12-01,23.87,,2009,12,4,1
178443,365,Fine particles (PM 2.5),Mean,mcg/m3,UHF42,103,Fordham - Bronx Pk,Annual Average 2010,2009-12-01,10.26,,2009,12,4,1
178445,365,Fine particles (PM 2.5),Mean,mcg/m3,UHF42,105,Crotona -Tremont,Annual Average 2010,2009-12-01,10.99,,2009,12,4,1
168497,365,Fine particles (PM 2.5),Mean,mcg/m3,CD,403,Jackson Heights (CD3),Winter 2009-10,2009-12-01,9.27,,2009,12,4,1
168494,365,Fine particles (PM 2.5),Mean,mcg/m3,CD,318,Flatlands and Canarsie (CD18),Winter 2009-10,2009-12-01,9.41,,2009,12,4,1
177195,365,Fine particles (PM 2.5),Mean,mcg/m3,UHF42,208,Canarsie - Flatlands,Winter 2009-10,2009-12-01,9.45,,2009,12,4,1
177185,365,Fine particles (PM 2.5),Mean,mcg/m3,UHF42,105,Crotona -Tremont,Winter 2009-10,2009-12-01,12.21,,2009,12,4,1
177190,365,Fine particles (PM 2.5),Mean,mcg/m3,UHF42,203,Bedford Stuyvesant - Crown Heights,Winter 2009-10,2009-12-01,10.3,,2009,12,4,1
178452,365,Fine particles (PM 2.5),Mean,mcg/m3,UHF42,205,Sunset Park,Annual Average 2010,2009-12-01,10.21,,2009,12,4,1
178450,365,Fine particles (PM 2.5),Mean,mcg/m3,UHF42,203,Bedford Stuyvesant - Crown Heights,Annual Average 2010,2009-12-01,9.93,,2009,12,4,1
167583,375,Nitrogen dioxide (NO2),Mean,ppb,CD,204,Highbridge and Concourse (CD4),Annual Average 2010,2009-12-01,26.64,,2009,12,4,1
177192,365,Fine particles (PM 2.5),Mean,mcg/m3,UHF42,205,Sunset Park,Winter 2009-10,2009-12-01,10.61,,2009,12,4,1
172629,375,Nitrogen dioxide (NO2),Mean,ppb,UHF34,302,Central Harlem - Morningside Heights,Annual Average 2010,2009-12-01,27.83,,2009,12,4,1
177201,365,Fine particles (PM 2.5),Mean,mcg/m3,UHF42,303,East Harlem,Winter 2009-10,2009-12-01,10.22,,2009,12,4,1
174143,365,Fine particles (PM 2.5),Mean,mcg/m3,UHF34,101,Kingsbridge - Riverdale,Annual Average 2010,2009-12-01,10.09,,2009,12,4,1
175302,375,Nitrogen dioxide (NO2),Mean,ppb,UHF42,205,Sunset Park,Winter 2009-10,2009-12-01,27.5,,2009,12,4,1
173135,365,Fine particles (PM 2.5),Mean,mcg/m3,UHF34,209,Bensonhurst - Bay Ridge,Winter 2009-10,2009-12-01,9.49,,2009,12,4,1
177221,365,Fine particles (PM 2.5),Mean,mcg/m3,UHF42,503,Willowbrook,Winter 2009-10,2009-12-01,9.27,,2009,12,4,1
167602,375,Nitrogen dioxide (NO2),Mean,ppb,CD,311,Bensonhurst (CD11),Annual Average 2010,2009-12-01,21.93,,2009,12,4,1
174161,365,Fine particles (PM 2.5),Mean,mcg/m3,UHF34,304,Upper West Side,Annual Average 2010,2009-12-01,11.01,,2009,12,4,1
165847,375,Nitrogen dioxide (NO2),Mean,ppb,CD,408,Hillcrest and Fresh Meadows (CD8),Winter 2009-10,2009-12-01,24.96,,2009,12,4,1
165828,375,Nitrogen dioxide (NO2),Mean,ppb,CD,307,Sunset Park (CD7),Winter 2009-10,2009-12-01,27.59,,2009,12,4,1
175322,375,Nitrogen dioxide (NO2),Mean,ppb,UHF42,404,Bayside - Little Neck,Winter 2009-10,2009-12-01,22.8,,2009,12,4,1
177202,365,Fine particles (PM 2.5),Mean,mcg/m3,UHF42,304,Upper West Side,Winter 2009-10,2009-12-01,11.26,,2009,12,4,1
177212,365,Fine particles (PM 2.5),Mean,mcg/m3,UHF42,404,Bayside - Little Neck,Winter 2009-10,2009-12-01,9.1,,2009,12,4,1
174150,365,Fine particles (PM 2.5),Mean,mcg/m3,UHF34,204,East New York,Annual Average 2010,2009-12-01,9.79,,2009,12,4,1
170251,365,Fine particles (PM 2.5),Mean,mcg/m3,CD,305,East New York and Starrett City (CD5),Annual Average 2010,2009-12-01,9.74,,2009,12,4,1
176554,375,Nitrogen dioxide (NO2),Mean,ppb,UHF42,104,Pelham - Throgs Neck,Annual Average 2010,2009-12-01,21.04,,2009,12,4,1
174165,365,Fine particles (PM 2.5),Mean,mcg/m3,UHF34,405,Ridgewood - Forest Hills,Annual Average 2010,2009-12-01,9.52,,2009,12,4,1
165811,375,Nitrogen dioxide (NO2),Mean,ppb,CD,202,Hunts Point and Longwood (CD2),Winter 2009-10,2009-12-01,26.32,,2009,12,4,1
178474,365,Fine particles (PM 2.5),Mean,mcg/m3,UHF42,406,Fresh Meadows,Annual Average 2010,2009-12-01,9.25,,2009,12,4,1
168499,365,Fine particles (PM 2.5),Mean,mcg/m3,CD,405,Ridgewood and Maspeth (CD5),Winter 2009-10,2009-12-01,9.75,,2009,12,4,1
177214,365,Fine particles (PM 2.5),Mean,mcg/m3,UHF42,406,Fresh Meadows,Winter 2009-10,2009-12-01,9.57,,2009,12,4,1
177210,365,Fine particles (PM 2.5),Mean,mcg/m3,UHF42,402,West Queens,Winter 2009-10,2009-12-01,9.84,,2009,12,4,1
171619,375,Nitrogen dioxide (NO2),Mean,ppb,UHF34,410,Rockaways,Winter 2009-10,2009-12-01,21.08,,2009,12,4,1
177184,365,Fine particles (PM 2.5),Mean,mcg/m3,UHF42,104,Pelham - Throgs Neck,Winter 2009-10,2009-12-01,10.14,,2009,12,4,1
175296,375,Nitrogen dioxide (NO2),Mean,ppb,UHF42,106,High Bridge - Morrisania,Winter 2009-10,2009-12-01,28.03,,2009,12,4,1
165822,375,Nitrogen dioxide (NO2),Mean,ppb,CD,301,Greenpoint and Williamsburg (CD1),Winter 2009-10,2009-12-01,28.2,,2009,12,4,1
176570,375,Nitrogen dioxide (NO2),Mean,ppb,UHF42,302,Central Harlem - Morningside Heights,Annual Average 2010,2009-12-01,27.83,,2009,12,4,1
165835,375,Nitrogen dioxide (NO2),Mean,ppb,CD,314,Flatbush and Midwood (CD14),Winter 2009-10,2009-12-01,27.74,,2009,12,4,1
175328,375,Nitrogen dioxide (NO2),Mean,ppb,UHF42,410,Rockaways,Winter 2009-10,2009-12-01,21.08,,2009,12,4,1
178444,365,Fine particles (PM 2.5),Mean,mcg/m3,UHF42,104,Pelham - Throgs Neck,Annual Average 2010,2009-12-01,9.68,,2009,12,4,1
168502,365,Fine particles (PM 2.5),Mean,mcg/m3,CD,408,Hillcrest and Fresh Meadows (CD8),Winter 2009-10,2009-12-01,9.65,,2009,12,4,1
168457,365,Fine particles (PM 2.5),Mean,mcg/m3,CD,105,Midtown (CD5),Winter 2009-10,2009-12-01,15.77,,2009,12,4,1
170263,365,Fine particles (PM 2.5),Mean,mcg/m3,CD,317,East Flatbush (CD17),Annual Average 2010,2009-12-01,9.87,,2009,12,4,1
176568,375,Nitrogen dioxide (NO2),Mean,ppb,UHF42,211,Williamsburg - Bushwick,Annual Average 2010,2009-12-01,25.31,,2009,12,4,1
177204,365,Fine particles (PM 2.5),Mean,mcg/m3,UHF42,306,Chelsea - Clinton,Winter 2009-10,2009-12-01,13.18,,2009,12,4,1
177189,365,Fine particles (PM 2.5),Mean,mcg/m3,UHF42,202,Downtown - Heights - Slope,Winter 2009-10,2009-12-01,10.67,,2009,12,4,1
165839,375,Nitrogen dioxide (NO2),Mean,ppb,CD,318,Flatlands and Canarsie (CD18),Winter 2009-10,2009-12-01,24.73,,2009,12,4,1
175292,375,Nitrogen dioxide (NO2),Mean,ppb,UHF42,102,Northeast Bronx,Winter 2009-10,2009-12-01,22.66,,2009,12,4,1
165838,375,Nitrogen dioxide (NO2),Mean,ppb,CD,317,East Flatbush (CD17),Winter 2009-10,2009-12-01,28.08,,2009,12,4,1
178469,365,Fine particles (PM 2.5),Mean,mcg/m3,UHF42,401,Long Island City - Astoria,Annual Average 2010,2009-12-01,10.05,,2009,12,4,1
165798,375,Nitrogen dioxide (NO2),Mean,ppb,CD,101,Financial District (CD1),Winter 2009-10,2009-12-01,35.11,,2009,12,4,1
172617,375,Nitrogen dioxide (NO2),Mean,ppb,UHF34,201,Greenpoint,Annual Average 2010,2009-12-01,25.08,,2009,12,4,1
168478,365,Fine particles (PM 2.5),Mean,mcg/m3,CD,302,Fort Greene and Brooklyn Heights (CD2),Winter 2009-10,2009-12-01,10.62,,2009,12,4,1
177208,365,Fine particles (PM 2.5),Mean,mcg/m3,UHF42,310,Lower Manhattan,Winter 2009-10,2009-12-01,12.37,,2009,12,4,1
170266,365,Fine particles (PM 2.5),Mean,mcg/m3,CD,402,Woodside and Sunnyside (CD2),Annual Average 2010,2009-12-01,10.56,,2009,12,4,1
171600,375,Nitrogen dioxide (NO2),Mean,ppb,UHF34,204,East New York,Winter 2009-10,2009-12-01,26.84,,2009,12,4,1
171613,375,Nitrogen dioxide (NO2),Mean,ppb,UHF34,402,West Queens,Winter 2009-10,2009-12-01,27.56,,2009,12,4,1
171598,375,Nitrogen dioxide (NO2),Mean,ppb,UHF34,202,Downtown - Heights - Slope,Winter 2009-10,2009-12-01,29.32,,2009,12,4,1
178451,365,Fine particles (PM 2.5),Mean,mcg/m3,UHF42,204,East New York,Annual Average 2010,2009-12-01,9.79,,2009,12,4,1
168453,365,Fine particles (PM 2.5),Mean,mcg/m3,CD,101,Financial District (CD1),Winter 2009-10,2009-12-01,12.28,,2009,12,4,1
171607,375,Nitrogen dioxide (NO2),Mean,ppb,UHF34,211,Williamsburg - Bushwick,Winter 2009-10,2009-12-01,28.63,,2009,12,4,1
171605,375,Nitrogen dioxide (NO2),Mean,ppb,UHF34,209,Bensonhurst - Bay Ridge,Winter 2009-10,2009-12-01,26.54,,2009,12,4,1
175301,375,Nitrogen dioxide (NO2),Mean,ppb,UHF42,204,East New York,Winter 2009-10,2009-12-01,26.84,,2009,12,4,1
172613,375,Nitrogen dioxide (NO2),Mean,ppb,UHF34,101,Kingsbridge - Riverdale,Annual Average 2010,2009-12-01,20.13,,2009,12,4,1
172640,375,Nitrogen dioxide (NO2),Mean,ppb,UHF34,305307,Upper East Side-Gramercy,Annual Average 2010,2009-12-01,34.84,,2009,12,4,1
165804,375,Nitrogen dioxide (NO2),Mean,ppb,CD,107,Upper West Side (CD7),Winter 2009-10,2009-12-01,30.21,,2009,12,4,1
165827,375,Nitrogen dioxide (NO2),Mean,ppb,CD,306,Park Slope and Carroll Gardens (CD6),Winter 2009-10,2009-12-01,28.81,,2009,12,4,1
178463,365,Fine particles (PM 2.5),Mean,mcg/m3,UHF42,305,Upper East Side,Annual Average 2010,2009-12-01,11.83,,2009,12,4,1
175880,375,Nitrogen dioxide (NO2),Mean,ppb,UHF42,102,Northeast Bronx,Summer 2009,2009-06-01,17.94,,2009,6,2,1
166656,375,Nitrogen dioxide (NO2),Mean,ppb,CD,309,South Crown Heights and Lefferts Gardens (CD9),Summer 2009,2009-06-01,23.51,,2009,6,2,1
166658,375,Nitrogen dioxide (NO2),Mean,ppb,CD,311,Bensonhurst (CD11),Summer 2009,2009-06-01,19.2,,2009,6,2,1
179568,365,Fine particles (PM 2.5),Mean,mcg/m3,Borough,1,Bronx,Summer 2009,2009-06-01,10.73,,2009,6,2,1
179569,365,Fine particles (PM 2.5),Mean,mcg/m3,Borough,2,Brooklyn,Summer 2009,2009-06-01,10.92,,2009,6,2,1
177769,365,Fine particles (PM 2.5),Mean,mcg/m3,UHF42,101,Kingsbridge - Riverdale,Summer 2009,2009-06-01,10.38,,2009,6,2,1
169306,365,Fine particles (PM 2.5),Mean,mcg/m3,CD,304,Bushwick (CD4),Summer 2009,2009-06-01,10.96,,2009,6,2,1
166676,375,Nitrogen dioxide (NO2),Mean,ppb,CD,411,Bayside and Little Neck (CD11),Summer 2009,2009-06-01,17.21,,2009,6,2,1
175900,375,Nitrogen dioxide (NO2),Mean,ppb,UHF42,304,Upper West Side,Summer 2009,2009-06-01,28.52,,2009,6,2,1
219989,386,Ozone (O3),Mean,ppb,Borough,5,Staten Island,Summer 2009,2009-06-01,26.72,,2009,6,2,1
222419,386,Ozone (O3),Mean,ppb,UHF42,104,Pelham - Throgs Neck,Summer 2009,2009-06-01,26.72,,2009,6,2,1
175896,375,Nitrogen dioxide (NO2),Mean,ppb,UHF42,211,Williamsburg - Bushwick,Summer 2009,2009-06-01,23.14,,2009,6,2,1
169311,365,Fine particles (PM 2.5),Mean,mcg/m3,CD,309,South Crown Heights and Lefferts Gardens (CD9),Summer 2009,2009-06-01,10.84,,2009,6,2,1
169331,365,Fine particles (PM 2.5),Mean,mcg/m3,CD,411,Bayside and Little Neck (CD11),Summer 2009,2009-06-01,9.86,,2009,6,2,1
169335,365,Fine particles (PM 2.5),Mean,mcg/m3,CD,501,St. George and Stapleton (CD1),Summer 2009,2009-06-01,10.58,,2009,6,2,1
169329,365,Fine particles (PM 2.5),Mean,mcg/m3,CD,409,Kew Gardens and Woodhaven (CD9),Summer 2009,2009-06-01,10.36,,2009,6,2,1
169337,365,Fine particles (PM 2.5),Mean,mcg/m3,CD,503,Tottenville and Great Kills (CD3),Summer 2009,2009-06-01,10.39,,2009,6,2,1
172097,375,Nitrogen dioxide (NO2),Mean,ppb,UHF34,306308,Chelsea-Village,Summer 2009,2009-06-01,35.28,,2009,6,2,1
172096,375,Nitrogen dioxide (NO2),Mean,ppb,UHF34,305307,Upper East Side-Gramercy,Summer 2009,2009-06-01,35.65,,2009,6,2,1
177806,365,Fine particles (PM 2.5),Mean,mcg/m3,UHF42,410,Rockaways,Summer 2009,2009-06-01,9.6,,2009,6,2,1
173627,365,Fine particles (PM 2.5),Mean,mcg/m3,UHF34,306308,Chelsea-Village,Summer 2009,2009-06-01,13.83,,2009,6,2,1
173626,365,Fine particles (PM 2.5),Mean,mcg/m3,UHF34,305307,Upper East Side-Gramercy,Summer 2009,2009-06-01,13.91,,2009,6,2,1
172101,375,Nitrogen dioxide (NO2),Mean,ppb,UHF34,503504,Southern SI,Summer 2009,2009-06-01,11.98,,2009,6,2,1
177809,365,Fine particles (PM 2.5),Mean,mcg/m3,UHF42,503,Willowbrook,Summer 2009,2009-06-01,10.73,,2009,6,2,1
172098,375,Nitrogen dioxide (NO2),Mean,ppb,UHF34,309310,Union Square-Lower Manhattan,Summer 2009,2009-06-01,30.89,,2009,6,2,1
172069,375,Nitrogen dioxide (NO2),Mean,ppb,UHF34,101,Kingsbridge - Riverdale,Summer 2009,2009-06-01,19.51,,2009,6,2,1
177777,365,Fine particles (PM 2.5),Mean,mcg/m3,UHF42,202,Downtown - Heights - Slope,Summer 2009,2009-06-01,11.71,,2009,6,2,1
177792,365,Fine particles (PM 2.5),Mean,mcg/m3,UHF42,306,Chelsea - Clinton,Summer 2009,2009-06-01,14.29,,2009,6,2,1
173622,365,Fine particles (PM 2.5),Mean,mcg/m3,UHF34,407,Southwest Queens,Summer 2009,2009-06-01,10.13,,2009,6,2,1
175918,375,Nitrogen dioxide (NO2),Mean,ppb,UHF42,502,Stapleton - St. George,Summer 2009,2009-06-01,14.92,,2009,6,2,1
177808,365,Fine particles (PM 2.5),Mean,mcg/m3,UHF42,502,Stapleton - St. George,Summer 2009,2009-06-01,10.36,,2009,6,2,1
172085,375,Nitrogen dioxide (NO2),Mean,ppb,UHF34,302,Central Harlem - Morningside Heights,Summer 2009,2009-06-01,28.08,,2009,6,2,1
222527,386,Ozone (O3),Mean,ppb,UHF42,304,Upper West Side,Summer 2009,2009-06-01,21.31,,2009,6,2,1
173621,365,Fine particles (PM 2.5),Mean,mcg/m3,UHF34,405,Ridgewood - Forest Hills,Summer 2009,2009-06-01,10.56,,2009,6,2,1
172077,375,Nitrogen dioxide (NO2),Mean,ppb,UHF34,205,Sunset Park,Summer 2009,2009-06-01,22.28,,2009,6,2,1
173623,365,Fine particles (PM 2.5),Mean,mcg/m3,UHF34,408,Jamaica,Summer 2009,2009-06-01,10.13,,2009,6,2,1
173599,365,Fine particles (PM 2.5),Mean,mcg/m3,UHF34,101,Kingsbridge - Riverdale,Summer 2009,2009-06-01,10.38,,2009,6,2,1
177802,365,Fine particles (PM 2.5),Mean,mcg/m3,UHF42,406,Fresh Meadows,Summer 2009,2009-06-01,10.09,,2009,6,2,1
175887,375,Nitrogen dioxide (NO2),Mean,ppb,UHF42,202,Downtown - Heights - Slope,Summer 2009,2009-06-01,25.21,,2009,6,2,1
169328,365,Fine particles (PM 2.5),Mean,mcg/m3,CD,408,Hillcrest and Fresh Meadows (CD8),Summer 2009,2009-06-01,10.1,,2009,6,2,1
166673,375,Nitrogen dioxide (NO2),Mean,ppb,CD,408,Hillcrest and Fresh Meadows (CD8),Summer 2009,2009-06-01,18.96,,2009,6,2,1
175917,375,Nitrogen dioxide (NO2),Mean,ppb,UHF42,501,Port Richmond,Summer 2009,2009-06-01,18.19,,2009,6,2,1
172100,375,Nitrogen dioxide (NO2),Mean,ppb,UHF34,501502,Northern SI,Summer 2009,2009-06-01,16.06,,2009,6,2,1
169333,365,Fine particles (PM 2.5),Mean,mcg/m3,CD,413,Queens Village (CD13),Summer 2009,2009-06-01,9.67,,2009,6,2,1
169315,365,Fine particles (PM 2.5),Mean,mcg/m3,CD,313,Coney Island (CD13),Summer 2009,2009-06-01,10.36,,2009,6,2,1
222599,386,Ozone (O3),Mean,ppb,UHF42,406,Fresh Meadows,Summer 2009,2009-06-01,25.43,,2009,6,2,1
222515,386,Ozone (O3),Mean,ppb,UHF42,302,Central Harlem - Morningside Heights,Summer 2009,2009-06-01,21.52,,2009,6,2,1
175902,375,Nitrogen dioxide (NO2),Mean,ppb,UHF42,306,Chelsea - Clinton,Summer 2009,2009-06-01,37.13,,2009,6,2,1
173628,365,Fine particles (PM 2.5),Mean,mcg/m3,UHF34,309310,Union Square-Lower Manhattan,Summer 2009,2009-06-01,12.54,,2009,6,2,1
173630,365,Fine particles (PM 2.5),Mean,mcg/m3,UHF34,501502,Northern SI,Summer 2009,2009-06-01,10.5,,2009,6,2,1
166678,375,Nitrogen dioxide (NO2),Mean,ppb,CD,413,Queens Village (CD13),Summer 2009,2009-06-01,16.02,,2009,6,2,1
166660,375,Nitrogen dioxide (NO2),Mean,ppb,CD,313,Coney Island (CD13),Summer 2009,2009-06-01,13.73,,2009,6,2,1
166674,375,Nitrogen dioxide (NO2),Mean,ppb,CD,409,Kew Gardens and Woodhaven (CD9),Summer 2009,2009-06-01,19.99,,2009,6,2,1
175915,375,Nitrogen dioxide (NO2),Mean,ppb,UHF42,409,Southeast Queens,Summer 2009,2009-06-01,16.05,,2009,6,2,1
166646,375,Nitrogen dioxide (NO2),Mean,ppb,CD,211,Morris Park and Bronxdale (CD11),Summer 2009,2009-06-01,19.41,,2009,6,2,1
166644,375,Nitrogen dioxide (NO2),Mean,ppb,CD,209,Parkchester and Soundview (CD9),Summer 2009,2009-06-01,21.07,,2009,6,2,1
175919,375,Nitrogen dioxide (NO2),Mean,ppb,UHF42,503,Willowbrook,Summer 2009,2009-06-01,14.0,,2009,6,2,1
177803,365,Fine particles (PM 2.5),Mean,mcg/m3,UHF42,407,Southwest Queens,Summer 2009,2009-06-01,10.13,,2009,6,2,1
169336,365,Fine particles (PM 2.5),Mean,mcg/m3,CD,502,South Beach and Willowbrook (CD2),Summer 2009,2009-06-01,10.56,,2009,6,2,1
166666,375,Nitrogen dioxide (NO2),Mean,ppb,CD,401,Long Island City and Astoria (CD1),Summer 2009,2009-06-01,21.22,,2009,6,2,1
169324,365,Fine particles (PM 2.5),Mean,mcg/m3,CD,404,Elmhurst and Corona (CD4),Summer 2009,2009-06-01,10.83,,2009,6,2,1
216428,386,Ozone (O3),Mean,ppb,CD,302,Fort Greene and Brooklyn Heights (CD2),Summer 2009,2009-06-01,22.71,,2009,6,2,1
222635,386,Ozone (O3),Mean,ppb,UHF42,502,Stapleton - St. George,Summer 2009,2009-06-01,26.48,,2009,6,2,1
222581,386,Ozone (O3),Mean,ppb,UHF42,403,Flushing - Clearview,Summer 2009,2009-06-01,26.29,,2009,6,2,1
222641,386,Ozone (O3),Mean,ppb,UHF42,503,Willowbrook,Summer 2009,2009-06-01,26.04,,2009,6,2,1
177801,365,Fine particles (PM 2.5),Mean,mcg/m3,UHF42,405,Ridgewood - Forest Hills,Summer 2009,2009-06-01,10.56,,2009,6,2,1
166651,375,Nitrogen dioxide (NO2),Mean,ppb,CD,304,Bushwick (CD4),Summer 2009,2009-06-01,21.76,,2009,6,2,1
216290,386,Ozone (O3),Mean,ppb,CD,103,Lower East Side and Chinatown (CD3),Summer 2009,2009-06-01,21.59,,2009,6,2,1
166680,375,Nitrogen dioxide (NO2),Mean,ppb,CD,501,St. George and Stapleton (CD1),Summer 2009,2009-06-01,17.45,,2009,6,2,1
169325,365,Fine particles (PM 2.5),Mean,mcg/m3,CD,405,Ridgewood and Maspeth (CD5),Summer 2009,2009-06-01,10.85,,2009,6,2,1
169318,365,Fine particles (PM 2.5),Mean,mcg/m3,CD,316,Brownsville (CD16),Summer 2009,2009-06-01,10.97,,2009,6,2,1
172092,375,Nitrogen dioxide (NO2),Mean,ppb,UHF34,407,Southwest Queens,Summer 2009,2009-06-01,18.59,,2009,6,2,1
166670,375,Nitrogen dioxide (NO2),Mean,ppb,CD,405,Ridgewood and Maspeth (CD5),Summer 2009,2009-06-01,19.71,,2009,6,2,1
216332,386,Ozone (O3),Mean,ppb,CD,110,Central Harlem (CD10),Summer 2009,2009-06-01,21.56,,2009,6,2,1
216416,386,Ozone (O3),Mean,ppb,CD,212,Williamsbridge and Baychester (CD12),Summer 2009,2009-06-01,26.58,,2009,6,2,1
216404,386,Ozone (O3),Mean,ppb,CD,210,Throgs Neck and Co-op City (CD10),Summer 2009,2009-06-01,27.83,,2009,6,2,1
216344,386,Ozone (O3),Mean,ppb,CD,112,Washington Heights and Inwood (CD12),Summer 2009,2009-06-01,21.92,,2009,6,2,1
169301,365,Fine particles (PM 2.5),Mean,mcg/m3,CD,211,Morris Park and Bronxdale (CD11),Summer 2009,2009-06-01,10.34,,2009,6,2,1
169313,365,Fine particles (PM 2.5),Mean,mcg/m3,CD,311,Bensonhurst (CD11),Summer 2009,2009-06-01,10.54,,2009,6,2,1
177807,365,Fine particles (PM 2.5),Mean,mcg/m3,UHF42,501,Port Richmond,Summer 2009,2009-06-01,10.75,,2009,6,2,1
166639,375,Nitrogen dioxide (NO2),Mean,ppb,CD,204,Highbridge and Concourse (CD4),Summer 2009,2009-06-01,26.88,,2009,6,2,1
175911,375,Nitrogen dioxide (NO2),Mean,ppb,UHF42,405,Ridgewood - Forest Hills,Summer 2009,2009-06-01,19.91,,2009,6,2,1
173631,365,Fine particles (PM 2.5),Mean,mcg/m3,UHF34,503504,Southern SI,Summer 2009,2009-06-01,10.5,,2009,6,2,1
169326,365,Fine particles (PM 2.5),Mean,mcg/m3,CD,406,Rego Park and Forest Hills (CD6),Summer 2009,2009-06-01,10.67,,2009,6,2,1
216380,386,Ozone (O3),Mean,ppb,CD,206,Belmont and East Tremont (CD6),Summer 2009,2009-06-01,23.67,,2009,6,2,1
169296,365,Fine particles (PM 2.5),Mean,mcg/m3,CD,206,Belmont and East Tremont (CD6),Summer 2009,2009-06-01,11.05,,2009,6,2,1
169284,365,Fine particles (PM 2.5),Mean,mcg/m3,CD,106,Stuyvesant Town and Turtle Bay (CD6),Summer 2009,2009-06-01,14.16,,2009,6,2,1
216374,386,Ozone (O3),Mean,ppb,CD,205,Fordham and University Heights (CD5),Summer 2009,2009-06-01,22.21,,2009,6,2,1
216302,386,Ozone (O3),Mean,ppb,CD,105,Midtown (CD5),Summer 2009,2009-06-01,14.38,,2009,6,2,1
216512,386,Ozone (O3),Mean,ppb,CD,316,Brownsville (CD16),Summer 2009,2009-06-01,25.39,,2009,6,2,1
175905,375,Nitrogen dioxide (NO2),Mean,ppb,UHF42,309,Union Square - Lower East Side,Summer 2009,2009-06-01,29.28,,2009,6,2,1
222623,386,Ozone (O3),Mean,ppb,UHF42,410,Rockaways,Summer 2009,2009-06-01,33.59,,2009,6,2,1
166671,375,Nitrogen dioxide (NO2),Mean,ppb,CD,406,Rego Park and Forest Hills (CD6),Summer 2009,2009-06-01,21.16,,2009,6,2,1
216464,386,Ozone (O3),Mean,ppb,CD,308,Crown Heights and Prospect Heights (CD8),Summer 2009,2009-06-01,23.65,,2009,6,2,1
216572,386,Ozone (O3),Mean,ppb,CD,408,Hillcrest and Fresh Meadows (CD8),Summer 2009,2009-06-01,25.16,,2009,6,2,1
166641,375,Nitrogen dioxide (NO2),Mean,ppb,CD,206,Belmont and East Tremont (CD6),Summer 2009,2009-06-01,23.88,,2009,6,2,1
219983,386,Ozone (O3),Mean,ppb,Borough,4,Queens,Summer 2009,2009-06-01,26.85,,2009,6,2,1
175914,375,Nitrogen dioxide (NO2),Mean,ppb,UHF42,408,Jamaica,Summer 2009,2009-06-01,18.49,,2009,6,2,1
175913,375,Nitrogen dioxide (NO2),Mean,ppb,UHF42,407,Southwest Queens,Summer 2009,2009-06-01,18.59,,2009,6,2,1
179346,375,Nitrogen dioxide (NO2),Mean,ppb,Borough,4,Queens,Summer 2009,2009-06-01,18.15,,2009,6,2,1
216278,386,Ozone (O3),Mean,ppb,CD,101,Financial District (CD1),Summer 2009,2009-06-01,19.11,,2009,6,2,1
221981,386,Ozone (O3),Mean,ppb,UHF34,503504,Southern SI,Summer 2009,2009-06-01,27.13,,2009,6,2,1
166629,375,Nitrogen dioxide (NO2),Mean,ppb,CD,106,Stuyvesant Town and Turtle Bay (CD6),Summer 2009,2009-06-01,37.14,,2009,6,2,1
177781,365,Fine particles (PM 2.5),Mean,mcg/m3,UHF42,206,Borough Park,Summer 2009,2009-06-01,10.77,,2009,6,2,1
177805,365,Fine particles (PM 2.5),Mean,mcg/m3,UHF42,409,Southeast Queens,Summer 2009,2009-06-01,9.65,,2009,6,2,1
216536,386,Ozone (O3),Mean,ppb,CD,402,Woodside and Sunnyside (CD2),Summer 2009,2009-06-01,26.36,,2009,6,2,1
216350,386,Ozone (O3),Mean,ppb,CD,201,Mott Haven and Melrose (CD1),Summer 2009,2009-06-01,23.97,,2009,6,2,1
216284,386,Ozone (O3),Mean,ppb,CD,102,Greenwich Village and Soho (CD2),Summer 2009,2009-06-01,20.46,,2009,6,2,1
179570,365,Fine particles (PM 2.5),Mean,mcg/m3,Borough,3,Manhattan,Summer 2009,2009-06-01,12.55,,2009,6,2,1
177774,365,Fine particles (PM 2.5),Mean,mcg/m3,UHF42,106,High Bridge - Morrisania,Summer 2009,2009-06-01,11.44,,2009,6,2,1
222611,386,Ozone (O3),Mean,ppb,UHF42,408,Jamaica,Summer 2009,2009-06-01,26.14,,2009,6,2,1
175903,375,Nitrogen dioxide (NO2),Mean,ppb,UHF42,307,Gramercy Park - Murray Hill,Summer 2009,2009-06-01,40.99,,2009,6,2,1
166653,375,Nitrogen dioxide (NO2),Mean,ppb,CD,306,Park Slope and Carroll Gardens (CD6),Summer 2009,2009-06-01,24.63,,2009,6,2,1
216524,386,Ozone (O3),Mean,ppb,CD,318,Flatlands and Canarsie (CD18),Summer 2009,2009-06-01,28.95,,2009,6,2,1
216362,386,Ozone (O3),Mean,ppb,CD,203,Morrisania and Crotona (CD3),Summer 2009,2009-06-01,23.39,,2009,6,2,1
216434,386,Ozone (O3),Mean,ppb,CD,303,Bedford Stuyvesant (CD3),Summer 2009,2009-06-01,23.92,,2009,6,2,1
175891,375,Nitrogen dioxide (NO2),Mean,ppb,UHF42,206,Borough Park,Summer 2009,2009-06-01,21.32,,2009,6,2,1
175916,375,Nitrogen dioxide (NO2),Mean,ppb,UHF42,410,Rockaways,Summer 2009,2009-06-01,8.57,,2009,6,2,1
175893,375,Nitrogen dioxide (NO2),Mean,ppb,UHF42,208,Canarsie - Flatlands,Summer 2009,2009-06-01,15.47,,2009,6,2,1
173615,365,Fine particles (PM 2.5),Mean,mcg/m3,UHF34,302,Central Harlem - Morningside Heights,Summer 2009,2009-06-01,11.36,,2009,6,2,1
169289,365,Fine particles (PM 2.5),Mean,mcg/m3,CD,111,East Harlem (CD11),Summer 2009,2009-06-01,11.48,,2009,6,2,1
216590,386,Ozone (O3),Mean,ppb,CD,411,Bayside and Little Neck (CD11),Summer 2009,2009-06-01,26.28,,2009,6,2,1
216326,386,Ozone (O3),Mean,ppb,CD,109,Morningside Heights and Hamilton Heights (CD9),Summer 2009,2009-06-01,21.3,,2009,6,2,1
169334,365,Fine particles (PM 2.5),Mean,mcg/m3,CD,414,Rockaway and Broad Channel (CD14),Summer 2009,2009-06-01,9.6,,2009,6,2,1
216410,386,Ozone (O3),Mean,ppb,CD,211,Morris Park and Bronxdale (CD11),Summer 2009,2009-06-01,26.1,,2009,6,2,1
216398,386,Ozone (O3),Mean,ppb,CD,209,Parkchester and Soundview (CD9),Summer 2009,2009-06-01,25.56,,2009,6,2,1
216578,386,Ozone (O3),Mean,ppb,CD,409,Kew Gardens and Woodhaven (CD9),Summer 2009,2009-06-01,25.43,,2009,6,2,1
221945,386,Ozone (O3),Mean,ppb,UHF34,410,Rockaways,Summer 2009,2009-06-01,33.59,,2009,6,2,1
221867,386,Ozone (O3),Mean,ppb,UHF34,210,Coney Island - Sheepshead Bay,Summer 2009,2009-06-01,29.64,,2009,6,2,1
166634,375,Nitrogen dioxide (NO2),Mean,ppb,CD,111,East Harlem (CD11),Summer 2009,2009-06-01,26.38,,2009,6,2,1
172094,375,Nitrogen dioxide (NO2),Mean,ppb,UHF34,409,Southeast Queens,Summer 2009,2009-06-01,16.05,,2009,6,2,1
216386,386,Ozone (O3),Mean,ppb,CD,207,Kingsbridge Heights and Bedford (CD7),Summer 2009,2009-06-01,23.55,,2009,6,2,1
172099,375,Nitrogen dioxide (NO2),Mean,ppb,UHF34,404406,Bayside Little Neck-Fresh Meadows,Summer 2009,2009-06-01,17.8,,2009,6,2,1
175897,375,Nitrogen dioxide (NO2),Mean,ppb,UHF42,301,Washington Heights,Summer 2009,2009-06-01,25.61,,2009,6,2,1
169294,365,Fine particles (PM 2.5),Mean,mcg/m3,CD,204,Highbridge and Concourse (CD4),Summer 2009,2009-06-01,11.55,,2009,6,2,1
216542,386,Ozone (O3),Mean,ppb,CD,403,Jackson Heights (CD3),Summer 2009,2009-06-01,25.51,,2009,6,2,1
216626,386,Ozone (O3),Mean,ppb,CD,503,Tottenville and Great Kills (CD3),Summer 2009,2009-06-01,27.63,,2009,6,2,1
216548,386,Ozone (O3),Mean,ppb,CD,404,Elmhurst and Corona (CD4),Summer 2009,2009-06-01,24.94,,2009,6,2,1
216440,386,Ozone (O3),Mean,ppb,CD,304,Bushwick (CD4),Summer 2009,2009-06-01,25.32,,2009,6,2,1
222401,386,Ozone (O3),Mean,ppb,UHF42,101,Kingsbridge - Riverdale,Summer 2009,2009-06-01,23.67,,2009,6,2,1
222569,386,Ozone (O3),Mean,ppb,UHF42,401,Long Island City - Astoria,Summer 2009,2009-06-01,26.08,,2009,6,2,1
166681,375,Nitrogen dioxide (NO2),Mean,ppb,CD,502,South Beach and Willowbrook (CD2),Summer 2009,2009-06-01,12.89,,2009,6,2,1
216620,386,Ozone (O3),Mean,ppb,CD,502,South Beach and Willowbrook (CD2),Summer 2009,2009-06-01,26.99,,2009,6,2,1
172090,375,Nitrogen dioxide (NO2),Mean,ppb,UHF34,403,Flushing - Clearview,Summer 2009,2009-06-01,19.24,,2009,6,2,1
172071,375,Nitrogen dioxide (NO2),Mean,ppb,UHF34,103,Fordham - Bronx Pk,Summer 2009,2009-06-01,21.15,,2009,6,2,1
216530,386,Ozone (O3),Mean,ppb,CD,401,Long Island City and Astoria (CD1),Summer 2009,2009-06-01,26.26,,2009,6,2,1
169332,365,Fine particles (PM 2.5),Mean,mcg/m3,CD,412,Jamaica and Hollis (CD12),Summer 2009,2009-06-01,10.12,,2009,6,2,1
169314,365,Fine particles (PM 2.5),Mean,mcg/m3,CD,312,Borough Park (CD12),Summer 2009,2009-06-01,10.78,,2009,6,2,1
169312,365,Fine particles (PM 2.5),Mean,mcg/m3,CD,310,Bay Ridge and Dyker Heights (CD10),Summer 2009,2009-06-01,10.77,,2009,6,2,1
221957,386,Ozone (O3),Mean,ppb,UHF34,306308,Chelsea-Village,Summer 2009,2009-06-01,18.99,,2009,6,2,1
221915,386,Ozone (O3),Mean,ppb,UHF34,403,Flushing - Clearview,Summer 2009,2009-06-01,26.29,,2009,6,2,1
221807,386,Ozone (O3),Mean,ppb,UHF34,104,Pelham - Throgs Neck,Summer 2009,2009-06-01,26.72,,2009,6,2,1
221891,386,Ozone (O3),Mean,ppb,UHF34,303,East Harlem,Summer 2009,2009-06-01,22.84,,2009,6,2,1
166677,375,Nitrogen dioxide (NO2),Mean,ppb,CD,412,Jamaica and Hollis (CD12),Summer 2009,2009-06-01,18.47,,2009,6,2,1
216584,386,Ozone (O3),Mean,ppb,CD,410,South Ozone Park and Howard Beach (CD10),Summer 2009,2009-06-01,27.2,,2009,6,2,1
221963,386,Ozone (O3),Mean,ppb,UHF34,309310,Union Square-Lower Manhattan,Summer 2009,2009-06-01,20.44,,2009,6,2,1
221975,386,Ozone (O3),Mean,ppb,UHF34,501502,Northern SI,Summer 2009,2009-06-01,25.76,,2009,6,2,1
166675,375,Nitrogen dioxide (NO2),Mean,ppb,CD,410,South Ozone Park and Howard Beach (CD10),Summer 2009,2009-06-01,17.65,,2009,6,2,1
222485,386,Ozone (O3),Mean,ppb,UHF42,208,Canarsie - Flatlands,Summer 2009,2009-06-01,28.97,,2009,6,2,1
222479,386,Ozone (O3),Mean,ppb,UHF42,207,East Flatbush - Flatbush,Summer 2009,2009-06-01,25.47,,2009,6,2,1
179344,375,Nitrogen dioxide (NO2),Mean,ppb,Borough,2,Brooklyn,Summer 2009,2009-06-01,20.14,,2009,6,2,1
175892,375,Nitrogen dioxide (NO2),Mean,ppb,UHF42,207,East Flatbush - Flatbush,Summer 2009,2009-06-01,21.39,,2009,6,2,1
222455,386,Ozone (O3),Mean,ppb,UHF42,203,Bedford Stuyvesant - Crown Heights,Summer 2009,2009-06-01,24.33,,2009,6,2,1
222467,386,Ozone (O3),Mean,ppb,UHF42,205,Sunset Park,Summer 2009,2009-06-01,24.63,,2009,6,2,1
172079,375,Nitrogen dioxide (NO2),Mean,ppb,UHF34,207,East Flatbush - Flatbush,Summer 2009,2009-06-01,21.39,,2009,6,2,1
221927,386,Ozone (O3),Mean,ppb,UHF34,407,Southwest Queens,Summer 2009,2009-06-01,26.48,,2009,6,2,1
173601,365,Fine particles (PM 2.5),Mean,mcg/m3,UHF34,103,Fordham - Bronx Pk,Summer 2009,2009-06-01,10.6,,2009,6,2,1
222407,386,Ozone (O3),Mean,ppb,UHF42,102,Northeast Bronx,Summer 2009,2009-06-01,26.82,,2009,6,2,1
221933,386,Ozone (O3),Mean,ppb,UHF34,408,Jamaica,Summer 2009,2009-06-01,26.14,,2009,6,2,1
221987,386,Ozone (O3),Mean,ppb,UHF34,105106107,South Bronx,Summer 2009,2009-06-01,23.86,,2009,6,2,1
222563,386,Ozone (O3),Mean,ppb,UHF42,310,Lower Manhattan,Summer 2009,2009-06-01,18.88,,2009,6,2,1
222557,386,Ozone (O3),Mean,ppb,UHF42,309,Union Square - Lower East Side,Summer 2009,2009-06-01,21.16,,2009,6,2,1
175894,375,Nitrogen dioxide (NO2),Mean,ppb,UHF42,209,Bensonhurst - Bay Ridge,Summer 2009,2009-06-01,18.95,,2009,6,2,1
172087,375,Nitrogen dioxide (NO2),Mean,ppb,UHF34,304,Upper West Side,Summer 2009,2009-06-01,28.52,,2009,6,2,1
172074,375,Nitrogen dioxide (NO2),Mean,ppb,UHF34,202,Downtown - Heights - Slope,Summer 2009,2009-06-01,25.21,,2009,6,2,1
177810,365,Fine particles (PM 2.5),Mean,mcg/m3,UHF42,504,South Beach - Tottenville,Summer 2009,2009-06-01,10.37,,2009,6,2,1
166642,375,Nitrogen dioxide (NO2),Mean,ppb,CD,207,Kingsbridge Heights and Bedford (CD7),Summer 2009,2009-06-01,23.31,,2009,6,2,1
177790,365,Fine particles (PM 2.5),Mean,mcg/m3,UHF42,304,Upper West Side,Summer 2009,2009-06-01,12.13,,2009,6,2,1
172081,375,Nitrogen dioxide (NO2),Mean,ppb,UHF34,209,Bensonhurst - Bay Ridge,Summer 2009,2009-06-01,18.95,,2009,6,2,1
172095,375,Nitrogen dioxide (NO2),Mean,ppb,UHF34,410,Rockaways,Summer 2009,2009-06-01,8.57,,2009,6,2,1
222443,386,Ozone (O3),Mean,ppb,UHF42,201,Greenpoint,Summer 2009,2009-06-01,25.56,,2009,6,2,1
173619,365,Fine particles (PM 2.5),Mean,mcg/m3,UHF34,402,West Queens,Summer 2009,2009-06-01,11.13,,2009,6,2,1
169327,365,Fine particles (PM 2.5),Mean,mcg/m3,CD,407,Flushing and Whitestone (CD7),Summer 2009,2009-06-01,10.27,,2009,6,2,1
169285,365,Fine particles (PM 2.5),Mean,mcg/m3,CD,107,Upper West Side (CD7),Summer 2009,2009-06-01,12.13,,2009,6,2,1
177779,365,Fine particles (PM 2.5),Mean,mcg/m3,UHF42,204,East New York,Summer 2009,2009-06-01,10.08,,2009,6,2,1
173625,365,Fine particles (PM 2.5),Mean,mcg/m3,UHF34,410,Rockaways,Summer 2009,2009-06-01,9.6,,2009,6,2,1
177786,365,Fine particles (PM 2.5),Mean,mcg/m3,UHF42,211,Williamsburg - Bushwick,Summer 2009,2009-06-01,12.74,,2009,6,2,1
172089,375,Nitrogen dioxide (NO2),Mean,ppb,UHF34,402,West Queens,Summer 2009,2009-06-01,21.66,,2009,6,2,1
172070,375,Nitrogen dioxide (NO2),Mean,ppb,UHF34,102,Northeast Bronx,Summer 2009,2009-06-01,17.94,,2009,6,2,1
173609,365,Fine particles (PM 2.5),Mean,mcg/m3,UHF34,207,East Flatbush - Flatbush,Summer 2009,2009-06-01,10.81,,2009,6,2,1
177793,365,Fine particles (PM 2.5),Mean,mcg/m3,UHF42,307,Gramercy Park - Murray Hill,Summer 2009,2009-06-01,15.05,,2009,6,2,1
175888,375,Nitrogen dioxide (NO2),Mean,ppb,UHF42,203,Bedford Stuyvesant - Crown Heights,Summer 2009,2009-06-01,23.2,,2009,6,2,1
172083,375,Nitrogen dioxide (NO2),Mean,ppb,UHF34,211,Williamsburg - Bushwick,Summer 2009,2009-06-01,23.14,,2009,6,2,1
179345,375,Nitrogen dioxide (NO2),Mean,ppb,Borough,3,Manhattan,Summer 2009,2009-06-01,30.87,,2009,6,2,1
177789,365,Fine particles (PM 2.5),Mean,mcg/m3,UHF42,303,East Harlem,Summer 2009,2009-06-01,10.95,,2009,6,2,1
177795,365,Fine particles (PM 2.5),Mean,mcg/m3,UHF42,309,Union Square - Lower East Side,Summer 2009,2009-06-01,12.26,,2009,6,2,1
177796,365,Fine particles (PM 2.5),Mean,mcg/m3,UHF42,310,Lower Manhattan,Summer 2009,2009-06-01,13.16,,2009,6,2,1
175904,375,Nitrogen dioxide (NO2),Mean,ppb,UHF42,308,Greenwich Village - SoHo,Summer 2009,2009-06-01,31.61,,2009,6,2,1
175895,375,Nitrogen dioxide (NO2),Mean,ppb,UHF42,210,Coney Island - Sheepshead Bay,Summer 2009,2009-06-01,15.22,,2009,6,2,1
177787,365,Fine particles (PM 2.5),Mean,mcg/m3,UHF42,301,Washington Heights,Summer 2009,2009-06-01,10.76,,2009,6,2,1
172088,375,Nitrogen dioxide (NO2),Mean,ppb,UHF34,401,Long Island City - Astoria,Summer 2009,2009-06-01,21.87,,2009,6,2,1
175899,375,Nitrogen dioxide (NO2),Mean,ppb,UHF42,303,East Harlem,Summer 2009,2009-06-01,26.42,,2009,6,2,1
175912,375,Nitrogen dioxide (NO2),Mean,ppb,UHF42,406,Fresh Meadows,Summer 2009,2009-06-01,19.35,,2009,6,2,1
177770,365,Fine particles (PM 2.5),Mean,mcg/m3,UHF42,102,Northeast Bronx,Summer 2009,2009-06-01,10.33,,2009,6,2,1
177800,365,Fine particles (PM 2.5),Mean,mcg/m3,UHF42,404,Bayside - Little Neck,Summer 2009,2009-06-01,9.87,,2009,6,2,1
175901,375,Nitrogen dioxide (NO2),Mean,ppb,UHF42,305,Upper East Side,Summer 2009,2009-06-01,30.94,,2009,6,2,1
177794,365,Fine particles (PM 2.5),Mean,mcg/m3,UHF42,308,Greenwich Village - SoHo,Summer 2009,2009-06-01,12.9,,2009,6,2,1
177783,365,Fine particles (PM 2.5),Mean,mcg/m3,UHF42,208,Canarsie - Flatlands,Summer 2009,2009-06-01,10.35,,2009,6,2,1
175884,375,Nitrogen dioxide (NO2),Mean,ppb,UHF42,106,High Bridge - Morrisania,Summer 2009,2009-06-01,26.46,,2009,6,2,1
177798,365,Fine particles (PM 2.5),Mean,mcg/m3,UHF42,402,West Queens,Summer 2009,2009-06-01,11.13,,2009,6,2,1
175908,375,Nitrogen dioxide (NO2),Mean,ppb,UHF42,402,West Queens,Summer 2009,2009-06-01,21.66,,2009,6,2,1
222647,386,Ozone (O3),Mean,ppb,UHF42,504,South Beach - Tottenville,Summer 2009,2009-06-01,27.77,,2009,6,2,1
219692,386,Ozone (O3),Mean,ppb,Citywide,1,New York City,Summer 2009,2009-06-01,26.0,,2009,6,2,1
166648,375,Nitrogen dioxide (NO2),Mean,ppb,CD,301,Greenpoint and Williamsburg (CD1),Summer 2009,2009-06-01,22.74,,2009,6,2,1
166636,375,Nitrogen dioxide (NO2),Mean,ppb,CD,201,Mott Haven and Melrose (CD1),Summer 2009,2009-06-01,24.8,,2009,6,2,1
175909,375,Nitrogen dioxide (NO2),Mean,ppb,UHF42,403,Flushing - Clearview,Summer 2009,2009-06-01,19.25,,2009,6,2,1
179343,375,Nitrogen dioxide (NO2),Mean,ppb,Borough,1,Bronx,Summer 2009,2009-06-01,20.83,,2009,6,2,1
175886,375,Nitrogen dioxide (NO2),Mean,ppb,UHF42,201,Greenpoint,Summer 2009,2009-06-01,22.6,,2009,6,2,1
166664,375,Nitrogen dioxide (NO2),Mean,ppb,CD,317,East Flatbush (CD17),Summer 2009,2009-06-01,21.21,,2009,6,2,1
166665,375,Nitrogen dioxide (NO2),Mean,ppb,CD,318,Flatlands and Canarsie (CD18),Summer 2009,2009-06-01,15.52,,2009,6,2,1
166638,375,Nitrogen dioxide (NO2),Mean,ppb,CD,203,Morrisania and Crotona (CD3),Summer 2009,2009-06-01,24.69,,2009,6,2,1
175889,375,Nitrogen dioxide (NO2),Mean,ppb,UHF42,204,East New York,Summer 2009,2009-06-01,19.51,,2009,6,2,1
175907,375,Nitrogen dioxide (NO2),Mean,ppb,UHF42,401,Long Island City - Astoria,Summer 2009,2009-06-01,21.87,,2009,6,2,1
166645,375,Nitrogen dioxide (NO2),Mean,ppb,CD,210,Throgs Neck and Co-op City (CD10),Summer 2009,2009-06-01,17.24,,2009,6,2,1
166631,375,Nitrogen dioxide (NO2),Mean,ppb,CD,108,Upper East Side (CD8),Summer 2009,2009-06-01,31.12,,2009,6,2,1
177776,365,Fine particles (PM 2.5),Mean,mcg/m3,UHF42,201,Greenpoint,Summer 2009,2009-06-01,12.17,,2009,6,2,1
169330,365,Fine particles (PM 2.5),Mean,mcg/m3,CD,410,South Ozone Park and Howard Beach (CD10),Summer 2009,2009-06-01,9.98,,2009,6,2,1
169316,365,Fine particles (PM 2.5),Mean,mcg/m3,CD,314,Flatbush and Midwood (CD14),Summer 2009,2009-06-01,10.78,,2009,6,2,1
221843,386,Ozone (O3),Mean,ppb,UHF34,206,Borough Park,Summer 2009,2009-06-01,25.54,,2009,6,2,1
221855,386,Ozone (O3),Mean,ppb,UHF34,208,Canarsie - Flatlands,Summer 2009,2009-06-01,28.97,,2009,6,2,1
169303,365,Fine particles (PM 2.5),Mean,mcg/m3,CD,301,Greenpoint and Williamsburg (CD1),Summer 2009,2009-06-01,12.26,,2009,6,2,1
179118,375,Nitrogen dioxide (NO2),Mean,ppb,Citywide,1,New York City,Summer 2009,2009-06-01,18.9,,2009,6,2,1
166662,375,Nitrogen dioxide (NO2),Mean,ppb,CD,315,Sheepshead Bay (CD15),Summer 2009,2009-06-01,15.63,,2009,6,2,1
175906,375,Nitrogen dioxide (NO2),Mean,ppb,UHF42,310,Lower Manhattan,Summer 2009,2009-06-01,34.41,,2009,6,2,1
169291,365,Fine particles (PM 2.5),Mean,mcg/m3,CD,201,Mott Haven and Melrose (CD1),Summer 2009,2009-06-01,11.68,,2009,6,2,1
169280,365,Fine particles (PM 2.5),Mean,mcg/m3,CD,102,Greenwich Village and Soho (CD2),Summer 2009,2009-06-01,12.97,,2009,6,2,1
169305,365,Fine particles (PM 2.5),Mean,mcg/m3,CD,303,Bedford Stuyvesant (CD3),Summer 2009,2009-06-01,11.0,,2009,6,2,1
169319,365,Fine particles (PM 2.5),Mean,mcg/m3,CD,317,East Flatbush (CD17),Summer 2009,2009-06-01,10.88,,2009,6,2,1
169307,365,Fine particles (PM 2.5),Mean,mcg/m3,CD,305,East New York and Starrett City (CD5),Summer 2009,2009-06-01,10.74,,2009,6,2,1
172073,375,Nitrogen dioxide (NO2),Mean,ppb,UHF34,201,Greenpoint,Summer 2009,2009-06-01,22.6,,2009,6,2,1
166672,375,Nitrogen dioxide (NO2),Mean,ppb,CD,407,Flushing and Whitestone (CD7),Summer 2009,2009-06-01,19.23,,2009,6,2,1
175920,375,Nitrogen dioxide (NO2),Mean,ppb,UHF42,504,South Beach - Tottenville,Summer 2009,2009-06-01,10.8,,2009,6,2,1
172102,375,Nitrogen dioxide (NO2),Mean,ppb,UHF34,105106107,South Bronx,Summer 2009,2009-06-01,24.57,,2009,6,2,1
166661,375,Nitrogen dioxide (NO2),Mean,ppb,CD,314,Flatbush and Midwood (CD14),Summer 2009,2009-06-01,20.75,,2009,6,2,1
216608,386,Ozone (O3),Mean,ppb,CD,414,Rockaway and Broad Channel (CD14),Summer 2009,2009-06-01,33.69,,2009,6,2,1
169308,365,Fine particles (PM 2.5),Mean,mcg/m3,CD,306,Park Slope and Carroll Gardens (CD6),Summer 2009,2009-06-01,11.68,,2009,6,2,1
169298,365,Fine particles (PM 2.5),Mean,mcg/m3,CD,208,Riverdale and Fieldston (CD8),Summer 2009,2009-06-01,10.38,,2009,6,2,1
221837,386,Ozone (O3),Mean,ppb,UHF34,205,Sunset Park,Summer 2009,2009-06-01,24.63,,2009,6,2,1
216500,386,Ozone (O3),Mean,ppb,CD,314,Flatbush and Midwood (CD14),Summer 2009,2009-06-01,25.58,,2009,6,2,1
216566,386,Ozone (O3),Mean,ppb,CD,407,Flushing and Whitestone (CD7),Summer 2009,2009-06-01,26.29,,2009,6,2,1
169286,365,Fine particles (PM 2.5),Mean,mcg/m3,CD,108,Upper East Side (CD8),Summer 2009,2009-06-01,12.95,,2009,6,2,1
166650,375,Nitrogen dioxide (NO2),Mean,ppb,CD,303,Bedford Stuyvesant (CD3),Summer 2009,2009-06-01,23.83,,2009,6,2,1
222437,386,Ozone (O3),Mean,ppb,UHF42,107,Hunts Point - Mott Haven,Summer 2009,2009-06-01,25.23,,2009,6,2,1
221861,386,Ozone (O3),Mean,ppb,UHF34,209,Bensonhurst - Bay Ridge,Summer 2009,2009-06-01,26.86,,2009,6,2,1
172076,375,Nitrogen dioxide (NO2),Mean,ppb,UHF34,204,East New York,Summer 2009,2009-06-01,19.51,,2009,6,2,1
177804,365,Fine particles (PM 2.5),Mean,mcg/m3,UHF42,408,Jamaica,Summer 2009,2009-06-01,10.13,,2009,6,2,1
172093,375,Nitrogen dioxide (NO2),Mean,ppb,UHF34,408,Jamaica,Summer 2009,2009-06-01,18.49,,2009,6,2,1
216296,386,Ozone (O3),Mean,ppb,CD,104,Clinton and Chelsea (CD4),Summer 2009,2009-06-01,20.26,,2009,6,2,1
166663,375,Nitrogen dioxide (NO2),Mean,ppb,CD,316,Brownsville (CD16),Summer 2009,2009-06-01,21.58,,2009,6,2,1
169304,365,Fine particles (PM 2.5),Mean,mcg/m3,CD,302,Fort Greene and Brooklyn Heights (CD2),Summer 2009,2009-06-01,11.74,,2009,6,2,1
169321,365,Fine particles (PM 2.5),Mean,mcg/m3,CD,401,Long Island City and Astoria (CD1),Summer 2009,2009-06-01,10.83,,2009,6,2,1
216338,386,Ozone (O3),Mean,ppb,CD,111,East Harlem (CD11),Summer 2009,2009-06-01,22.83,,2009,6,2,1
216482,386,Ozone (O3),Mean,ppb,CD,311,Bensonhurst (CD11),Summer 2009,2009-06-01,27.36,,2009,6,2,1
216470,386,Ozone (O3),Mean,ppb,CD,309,South Crown Heights and Lefferts Gardens (CD9),Summer 2009,2009-06-01,24.18,,2009,6,2,1
177773,365,Fine particles (PM 2.5),Mean,mcg/m3,UHF42,105,Crotona -Tremont,Summer 2009,2009-06-01,11.33,,2009,6,2,1
221849,386,Ozone (O3),Mean,ppb,UHF34,207,East Flatbush - Flatbush,Summer 2009,2009-06-01,25.47,,2009,6,2,1
216446,386,Ozone (O3),Mean,ppb,CD,305,East New York and Starrett City (CD5),Summer 2009,2009-06-01,26.66,,2009,6,2,1
216554,386,Ozone (O3),Mean,ppb,CD,405,Ridgewood and Maspeth (CD5),Summer 2009,2009-06-01,26.1,,2009,6,2,1
166630,375,Nitrogen dioxide (NO2),Mean,ppb,CD,107,Upper West Side (CD7),Summer 2009,2009-06-01,28.43,,2009,6,2,1
169287,365,Fine particles (PM 2.5),Mean,mcg/m3,CD,109,Morningside Heights and Hamilton Heights (CD9),Summer 2009,2009-06-01,11.4,,2009,6,2,1
221903,386,Ozone (O3),Mean,ppb,UHF34,401,Long Island City - Astoria,Summer 2009,2009-06-01,26.08,,2009,6,2,1
216494,386,Ozone (O3),Mean,ppb,CD,313,Coney Island (CD13),Summer 2009,2009-06-01,30.59,,2009,6,2,1
216506,386,Ozone (O3),Mean,ppb,CD,315,Sheepshead Bay (CD15),Summer 2009,2009-06-01,29.33,,2009,6,2,1
216602,386,Ozone (O3),Mean,ppb,CD,413,Queens Village (CD13),Summer 2009,2009-06-01,27.75,,2009,6,2,1
221825,386,Ozone (O3),Mean,ppb,UHF34,203,Bedford Stuyvesant - Crown Heights,Summer 2009,2009-06-01,24.33,,2009,6,2,1
221951,386,Ozone (O3),Mean,ppb,UHF34,305307,Upper East Side-Gramercy,Summer 2009,2009-06-01,18.64,,2009,6,2,1
177782,365,Fine particles (PM 2.5),Mean,mcg/m3,UHF42,207,East Flatbush - Flatbush,Summer 2009,2009-06-01,10.81,,2009,6,2,1
221909,386,Ozone (O3),Mean,ppb,UHF34,402,West Queens,Summer 2009,2009-06-01,25.7,,2009,6,2,1
221885,386,Ozone (O3),Mean,ppb,UHF34,302,Central Harlem - Morningside Heights,Summer 2009,2009-06-01,21.52,,2009,6,2,1
221813,386,Ozone (O3),Mean,ppb,UHF34,201,Greenpoint,Summer 2009,2009-06-01,25.56,,2009,6,2,1
221921,386,Ozone (O3),Mean,ppb,UHF34,405,Ridgewood - Forest Hills,Summer 2009,2009-06-01,25.58,,2009,6,2,1
216518,386,Ozone (O3),Mean,ppb,CD,317,East Flatbush (CD17),Summer 2009,2009-06-01,25.74,,2009,6,2,1
169292,365,Fine particles (PM 2.5),Mean,mcg/m3,CD,202,Hunts Point and Longwood (CD2),Summer 2009,2009-06-01,11.49,,2009,6,2,1
216368,386,Ozone (O3),Mean,ppb,CD,204,Highbridge and Concourse (CD4),Summer 2009,2009-06-01,22.3,,2009,6,2,1
169295,365,Fine particles (PM 2.5),Mean,mcg/m3,CD,205,Fordham and University Heights (CD5),Summer 2009,2009-06-01,11.58,,2009,6,2,1
216392,386,Ozone (O3),Mean,ppb,CD,208,Riverdale and Fieldston (CD8),Summer 2009,2009-06-01,23.73,,2009,6,2,1
216308,386,Ozone (O3),Mean,ppb,CD,106,Stuyvesant Town and Turtle Bay (CD6),Summer 2009,2009-06-01,17.76,,2009,6,2,1
216452,386,Ozone (O3),Mean,ppb,CD,306,Park Slope and Carroll Gardens (CD6),Summer 2009,2009-06-01,23.35,,2009,6,2,1
216560,386,Ozone (O3),Mean,ppb,CD,406,Rego Park and Forest Hills (CD6),Summer 2009,2009-06-01,24.53,,2009,6,2,1
216320,386,Ozone (O3),Mean,ppb,CD,108,Upper East Side (CD8),Summer 2009,2009-06-01,20.78,,2009,6,2,1
216476,386,Ozone (O3),Mean,ppb,CD,310,Bay Ridge and Dyker Heights (CD10),Summer 2009,2009-06-01,25.56,,2009,6,2,1
216488,386,Ozone (O3),Mean,ppb,CD,312,Borough Park (CD12),Summer 2009,2009-06-01,25.28,,2009,6,2,1
216596,386,Ozone (O3),Mean,ppb,CD,412,Jamaica and Hollis (CD12),Summer 2009,2009-06-01,26.36,,2009,6,2,1
216422,386,Ozone (O3),Mean,ppb,CD,301,Greenpoint and Williamsburg (CD1),Summer 2009,2009-06-01,25.45,,2009,6,2,1
216356,386,Ozone (O3),Mean,ppb,CD,202,Hunts Point and Longwood (CD2),Summer 2009,2009-06-01,25.51,,2009,6,2,1
216614,386,Ozone (O3),Mean,ppb,CD,501,St. George and Stapleton (CD1),Summer 2009,2009-06-01,24.87,,2009,6,2,1
169299,365,Fine particles (PM 2.5),Mean,mcg/m3,CD,209,Parkchester and Soundview (CD9),Summer 2009,2009-06-01,10.64,,2009,6,2,1
169281,365,Fine particles (PM 2.5),Mean,mcg/m3,CD,103,Lower East Side and Chinatown (CD3),Summer 2009,2009-06-01,12.04,,2009,6,2,1
179572,365,Fine particles (PM 2.5),Mean,mcg/m3,Borough,5,Staten Island,Summer 2009,2009-06-01,10.5,,2009,6,2,1
177784,365,Fine particles (PM 2.5),Mean,mcg/m3,UHF42,209,Bensonhurst - Bay Ridge,Summer 2009,2009-06-01,10.59,,2009,6,2,1
169309,365,Fine particles (PM 2.5),Mean,mcg/m3,CD,307,Sunset Park (CD7),Summer 2009,2009-06-01,11.5,,2009,6,2,1
222461,386,Ozone (O3),Mean,ppb,UHF42,204,East New York,Summer 2009,2009-06-01,26.28,,2009,6,2,1
222587,386,Ozone (O3),Mean,ppb,UHF42,404,Bayside - Little Neck,Summer 2009,2009-06-01,26.29,,2009,6,2,1
222503,386,Ozone (O3),Mean,ppb,UHF42,211,Williamsburg - Bushwick,Summer 2009,2009-06-01,24.76,,2009,6,2,1
177791,365,Fine particles (PM 2.5),Mean,mcg/m3,UHF42,305,Upper East Side,Summer 2009,2009-06-01,12.91,,2009,6,2,1
169279,365,Fine particles (PM 2.5),Mean,mcg/m3,CD,101,Financial District (CD1),Summer 2009,2009-06-01,13.15,,2009,6,2,1
177771,365,Fine particles (PM 2.5),Mean,mcg/m3,UHF42,103,Fordham - Bronx Pk,Summer 2009,2009-06-01,10.6,,2009,6,2,1
177799,365,Fine particles (PM 2.5),Mean,mcg/m3,UHF42,403,Flushing - Clearview,Summer 2009,2009-06-01,10.23,,2009,6,2,1
173608,365,Fine particles (PM 2.5),Mean,mcg/m3,UHF34,206,Borough Park,Summer 2009,2009-06-01,10.77,,2009,6,2,1
177778,365,Fine particles (PM 2.5),Mean,mcg/m3,UHF42,203,Bedford Stuyvesant - Crown Heights,Summer 2009,2009-06-01,10.92,,2009,6,2,1
177780,365,Fine particles (PM 2.5),Mean,mcg/m3,UHF42,205,Sunset Park,Summer 2009,2009-06-01,11.45,,2009,6,2,1
219965,386,Ozone (O3),Mean,ppb,Borough,1,Bronx,Summer 2009,2009-06-01,25.3,,2009,6,2,1
166682,375,Nitrogen dioxide (NO2),Mean,ppb,CD,503,Tottenville and Great Kills (CD3),Summer 2009,2009-06-01,10.81,,2009,6,2,1
169297,365,Fine particles (PM 2.5),Mean,mcg/m3,CD,207,Kingsbridge Heights and Bedford (CD7),Summer 2009,2009-06-01,10.92,,2009,6,2,1
173602,365,Fine particles (PM 2.5),Mean,mcg/m3,UHF34,104,Pelham - Throgs Neck,Summer 2009,2009-06-01,10.44,,2009,6,2,1
173620,365,Fine particles (PM 2.5),Mean,mcg/m3,UHF34,403,Flushing - Clearview,Summer 2009,2009-06-01,10.23,,2009,6,2,1
169290,365,Fine particles (PM 2.5),Mean,mcg/m3,CD,112,Washington Heights and Inwood (CD12),Summer 2009,2009-06-01,10.99,,2009,6,2,1
169288,365,Fine particles (PM 2.5),Mean,mcg/m3,CD,110,Central Harlem (CD10),Summer 2009,2009-06-01,11.3,,2009,6,2,1
173600,365,Fine particles (PM 2.5),Mean,mcg/m3,UHF34,102,Northeast Bronx,Summer 2009,2009-06-01,10.33,,2009,6,2,1
177775,365,Fine particles (PM 2.5),Mean,mcg/m3,UHF42,107,Hunts Point - Mott Haven,Summer 2009,2009-06-01,9.74,,2009,6,2,1
177785,365,Fine particles (PM 2.5),Mean,mcg/m3,UHF42,210,Coney Island - Sheepshead Bay,Summer 2009,2009-06-01,10.38,,2009,6,2,1
166669,375,Nitrogen dioxide (NO2),Mean,ppb,CD,404,Elmhurst and Corona (CD4),Summer 2009,2009-06-01,22.96,,2009,6,2,1
177797,365,Fine particles (PM 2.5),Mean,mcg/m3,UHF42,401,Long Island City - Astoria,Summer 2009,2009-06-01,11.6,,2009,6,2,1
166626,375,Nitrogen dioxide (NO2),Mean,ppb,CD,103,Lower East Side and Chinatown (CD3),Summer 2009,2009-06-01,28.32,,2009,6,2,1
169283,365,Fine particles (PM 2.5),Mean,mcg/m3,CD,105,Midtown (CD5),Summer 2009,2009-06-01,16.03,,2009,6,2,1
166637,375,Nitrogen dioxide (NO2),Mean,ppb,CD,202,Hunts Point and Longwood (CD2),Summer 2009,2009-06-01,22.71,,2009,6,2,1
177788,365,Fine particles (PM 2.5),Mean,mcg/m3,UHF42,302,Central Harlem - Morningside Heights,Summer 2009,2009-06-01,11.36,,2009,6,2,1
166624,375,Nitrogen dioxide (NO2),Mean,ppb,CD,101,Financial District (CD1),Summer 2009,2009-06-01,34.24,,2009,6,2,1
172080,375,Nitrogen dioxide (NO2),Mean,ppb,UHF34,208,Canarsie - Flatlands,Summer 2009,2009-06-01,15.47,,2009,6,2,1
169300,365,Fine particles (PM 2.5),Mean,mcg/m3,CD,210,Throgs Neck and Co-op City (CD10),Summer 2009,2009-06-01,10.37,,2009,6,2,1
169302,365,Fine particles (PM 2.5),Mean,mcg/m3,CD,212,Williamsbridge and Baychester (CD12),Summer 2009,2009-06-01,10.24,,2009,6,2,1
173614,365,Fine particles (PM 2.5),Mean,mcg/m3,UHF34,301,Washington Heights,Summer 2009,2009-06-01,11.03,,2009,6,2,1
166635,375,Nitrogen dioxide (NO2),Mean,ppb,CD,112,Washington Heights and Inwood (CD12),Summer 2009,2009-06-01,25.04,,2009,6,2,1
172072,375,Nitrogen dioxide (NO2),Mean,ppb,UHF34,104,Pelham - Throgs Neck,Summer 2009,2009-06-01,19.03,,2009,6,2,1
166628,375,Nitrogen dioxide (NO2),Mean,ppb,CD,105,Midtown (CD5),Summer 2009,2009-06-01,45.0,,2009,6,2,1
222491,386,Ozone (O3),Mean,ppb,UHF42,209,Bensonhurst - Bay Ridge,Summer 2009,2009-06-01,26.86,,2009,6,2,1
222629,386,Ozone (O3),Mean,ppb,UHF42,501,Port Richmond,Summer 2009,2009-06-01,24.42,,2009,6,2,1
175881,375,Nitrogen dioxide (NO2),Mean,ppb,UHF42,103,Fordham - Bronx Pk,Summer 2009,2009-06-01,21.15,,2009,6,2,1
222413,386,Ozone (O3),Mean,ppb,UHF42,103,Fordham - Bronx Pk,Summer 2009,2009-06-01,24.47,,2009,6,2,1
222449,386,Ozone (O3),Mean,ppb,UHF42,202,Downtown - Heights - Slope,Summer 2009,2009-06-01,23.08,,2009,6,2,1
166659,375,Nitrogen dioxide (NO2),Mean,ppb,CD,312,Borough Park (CD12),Summer 2009,2009-06-01,21.82,,2009,6,2,1
222605,386,Ozone (O3),Mean,ppb,UHF42,407,Southwest Queens,Summer 2009,2009-06-01,26.48,,2009,6,2,1
175879,375,Nitrogen dioxide (NO2),Mean,ppb,UHF42,101,Kingsbridge - Riverdale,Summer 2009,2009-06-01,19.51,,2009,6,2,1
166654,375,Nitrogen dioxide (NO2),Mean,ppb,CD,307,Sunset Park (CD7),Summer 2009,2009-06-01,22.47,,2009,6,2,1
166657,375,Nitrogen dioxide (NO2),Mean,ppb,CD,310,Bay Ridge and Dyker Heights (CD10),Summer 2009,2009-06-01,20.38,,2009,6,2,1
175898,375,Nitrogen dioxide (NO2),Mean,ppb,UHF42,302,Central Harlem - Morningside Heights,Summer 2009,2009-06-01,28.08,,2009,6,2,1
175885,375,Nitrogen dioxide (NO2),Mean,ppb,UHF42,107,Hunts Point - Mott Haven,Summer 2009,2009-06-01,23.0,,2009,6,2,1
166632,375,Nitrogen dioxide (NO2),Mean,ppb,CD,109,Morningside Heights and Hamilton Heights (CD9),Summer 2009,2009-06-01,28.01,,2009,6,2,1
175883,375,Nitrogen dioxide (NO2),Mean,ppb,UHF42,105,Crotona -Tremont,Summer 2009,2009-06-01,24.99,,2009,6,2,1
175890,375,Nitrogen dioxide (NO2),Mean,ppb,UHF42,205,Sunset Park,Summer 2009,2009-06-01,22.28,,2009,6,2,1
166640,375,Nitrogen dioxide (NO2),Mean,ppb,CD,205,Fordham and University Heights (CD5),Summer 2009,2009-06-01,26.75,,2009,6,2,1
173603,365,Fine particles (PM 2.5),Mean,mcg/m3,UHF34,201,Greenpoint,Summer 2009,2009-06-01,12.17,,2009,6,2,1
166633,375,Nitrogen dioxide (NO2),Mean,ppb,CD,110,Central Harlem (CD10),Summer 2009,2009-06-01,28.22,,2009,6,2,1
179347,375,Nitrogen dioxide (NO2),Mean,ppb,Borough,5,Staten Island,Summer 2009,2009-06-01,13.19,,2009,6,2,1
175910,375,Nitrogen dioxide (NO2),Mean,ppb,UHF42,404,Bayside - Little Neck,Summer 2009,2009-06-01,16.77,,2009,6,2,1
166649,375,Nitrogen dioxide (NO2),Mean,ppb,CD,302,Fort Greene and Brooklyn Heights (CD2),Summer 2009,2009-06-01,25.95,,2009,6,2,1
166667,375,Nitrogen dioxide (NO2),Mean,ppb,CD,402,Woodside and Sunnyside (CD2),Summer 2009,2009-06-01,21.4,,2009,6,2,1
166679,375,Nitrogen dioxide (NO2),Mean,ppb,CD,414,Rockaway and Broad Channel (CD14),Summer 2009,2009-06-01,8.44,,2009,6,2,1
173612,365,Fine particles (PM 2.5),Mean,mcg/m3,UHF34,210,Coney Island - Sheepshead Bay,Summer 2009,2009-06-01,10.38,,2009,6,2,1
166647,375,Nitrogen dioxide (NO2),Mean,ppb,CD,212,Williamsbridge and Baychester (CD12),Summer 2009,2009-06-01,17.61,,2009,6,2,1
172082,375,Nitrogen dioxide (NO2),Mean,ppb,UHF34,210,Coney Island - Sheepshead Bay,Summer 2009,2009-06-01,15.22,,2009,6,2,1
173610,365,Fine particles (PM 2.5),Mean,mcg/m3,UHF34,208,Canarsie - Flatlands,Summer 2009,2009-06-01,10.35,,2009,6,2,1
169310,365,Fine particles (PM 2.5),Mean,mcg/m3,CD,308,Crown Heights and Prospect Heights (CD8),Summer 2009,2009-06-01,10.96,,2009,6,2,1
169323,365,Fine particles (PM 2.5),Mean,mcg/m3,CD,403,Jackson Heights (CD3),Summer 2009,2009-06-01,10.37,,2009,6,2,1
169322,365,Fine particles (PM 2.5),Mean,mcg/m3,CD,402,Woodside and Sunnyside (CD2),Summer 2009,2009-06-01,12.12,,2009,6,2,1
221789,386,Ozone (O3),Mean,ppb,UHF34,101,Kingsbridge - Riverdale,Summer 2009,2009-06-01,23.67,,2009,6,2,1
221819,386,Ozone (O3),Mean,ppb,UHF34,202,Downtown - Heights - Slope,Summer 2009,2009-06-01,23.08,,2009,6,2,1
175882,375,Nitrogen dioxide (NO2),Mean,ppb,UHF42,104,Pelham - Throgs Neck,Summer 2009,2009-06-01,19.03,,2009,6,2,1
172078,375,Nitrogen dioxide (NO2),Mean,ppb,UHF34,206,Borough Park,Summer 2009,2009-06-01,21.32,,2009,6,2,1
173618,365,Fine particles (PM 2.5),Mean,mcg/m3,UHF34,401,Long Island City - Astoria,Summer 2009,2009-06-01,11.6,,2009,6,2,1
221795,386,Ozone (O3),Mean,ppb,UHF34,102,Northeast Bronx,Summer 2009,2009-06-01,26.82,,2009,6,2,1
221879,386,Ozone (O3),Mean,ppb,UHF34,301,Washington Heights,Summer 2009,2009-06-01,21.82,,2009,6,2,1
172084,375,Nitrogen dioxide (NO2),Mean,ppb,UHF34,301,Washington Heights,Summer 2009,2009-06-01,25.61,,2009,6,2,1
172091,375,Nitrogen dioxide (NO2),Mean,ppb,UHF34,405,Ridgewood - Forest Hills,Summer 2009,2009-06-01,19.91,,2009,6,2,1
173616,365,Fine particles (PM 2.5),Mean,mcg/m3,UHF34,303,East Harlem,Summer 2009,2009-06-01,11.5,,2009,6,2,1
172086,375,Nitrogen dioxide (NO2),Mean,ppb,UHF34,303,East Harlem,Summer 2009,2009-06-01,26.42,,2009,6,2,1
173605,365,Fine particles (PM 2.5),Mean,mcg/m3,UHF34,203,Bedford Stuyvesant - Crown Heights,Summer 2009,2009-06-01,10.92,,2009,6,2,1
177772,365,Fine particles (PM 2.5),Mean,mcg/m3,UHF42,104,Pelham - Throgs Neck,Summer 2009,2009-06-01,10.44,,2009,6,2,1
221897,386,Ozone (O3),Mean,ppb,UHF34,304,Upper West Side,Summer 2009,2009-06-01,21.31,,2009,6,2,1
221831,386,Ozone (O3),Mean,ppb,UHF34,204,East New York,Summer 2009,2009-06-01,26.28,,2009,6,2,1
221801,386,Ozone (O3),Mean,ppb,UHF34,103,Fordham - Bronx Pk,Summer 2009,2009-06-01,24.47,,2009,6,2,1
172075,375,Nitrogen dioxide (NO2),Mean,ppb,UHF34,203,Bedford Stuyvesant - Crown Heights,Summer 2009,2009-06-01,23.2,,2009,6,2,1
173613,365,Fine particles (PM 2.5),Mean,mcg/m3,UHF34,211,Williamsburg - Bushwick,Summer 2009,2009-06-01,11.52,,2009,6,2,1
173611,365,Fine particles (PM 2.5),Mean,mcg/m3,UHF34,209,Bensonhurst - Bay Ridge,Summer 2009,2009-06-01,10.59,,2009,6,2,1
173604,365,Fine particles (PM 2.5),Mean,mcg/m3,UHF34,202,Downtown - Heights - Slope,Summer 2009,2009-06-01,11.71,,2009,6,2,1
221873,386,Ozone (O3),Mean,ppb,UHF34,211,Williamsburg - Bushwick,Summer 2009,2009-06-01,24.76,,2009,6,2,1
173606,365,Fine particles (PM 2.5),Mean,mcg/m3,UHF34,204,East New York,Summer 2009,2009-06-01,10.79,,2009,6,2,1
173617,365,Fine particles (PM 2.5),Mean,mcg/m3,UHF34,304,Upper West Side,Summer 2009,2009-06-01,12.13,,2009,6,2,1
222425,386,Ozone (O3),Mean,ppb,UHF42,105,Crotona -Tremont,Summer 2009,2009-06-01,23.08,,2009,6,2,1
222533,386,Ozone (O3),Mean,ppb,UHF42,305,Upper East Side,Summer 2009,2009-06-01,20.87,,2009,6,2,1
222521,386,Ozone (O3),Mean,ppb,UHF42,303,East Harlem,Summer 2009,2009-06-01,22.84,,2009,6,2,1
222593,386,Ozone (O3),Mean,ppb,UHF42,405,Ridgewood - Forest Hills,Summer 2009,2009-06-01,25.58,,2009,6,2,1
222509,386,Ozone (O3),Mean,ppb,UHF42,301,Washington Heights,Summer 2009,2009-06-01,21.82,,2009,6,2,1
166625,375,Nitrogen dioxide (NO2),Mean,ppb,CD,102,Greenwich Village and Soho (CD2),Summer 2009,2009-06-01,31.63,,2009,6,2,1
222551,386,Ozone (O3),Mean,ppb,UHF42,308,Greenwich Village - SoHo,Summer 2009,2009-06-01,20.56,,2009,6,2,1
219971,386,Ozone (O3),Mean,ppb,Borough,2,Brooklyn,Summer 2009,2009-06-01,26.27,,2009,6,2,1
222545,386,Ozone (O3),Mean,ppb,UHF42,307,Gramercy Park - Murray Hill,Summer 2009,2009-06-01,16.13,,2009,6,2,1
166655,375,Nitrogen dioxide (NO2),Mean,ppb,CD,308,Crown Heights and Prospect Heights (CD8),Summer 2009,2009-06-01,24.26,,2009,6,2,1
222473,386,Ozone (O3),Mean,ppb,UHF42,206,Borough Park,Summer 2009,2009-06-01,25.54,,2009,6,2,1
219977,386,Ozone (O3),Mean,ppb,Borough,3,Manhattan,Summer 2009,2009-06-01,20.44,,2009,6,2,1
222497,386,Ozone (O3),Mean,ppb,UHF42,210,Coney Island - Sheepshead Bay,Summer 2009,2009-06-01,29.64,,2009,6,2,1
222431,386,Ozone (O3),Mean,ppb,UHF42,106,High Bridge - Morrisania,Summer 2009,2009-06-01,22.64,,2009,6,2,1
173632,365,Fine particles (PM 2.5),Mean,mcg/m3,UHF34,105106107,South Bronx,Summer 2009,2009-06-01,11.35,,2009,6,2,1
166668,375,Nitrogen dioxide (NO2),Mean,ppb,CD,403,Jackson Heights (CD3),Summer 2009,2009-06-01,21.71,,2009,6,2,1
173624,365,Fine particles (PM 2.5),Mean,mcg/m3,UHF34,409,Southeast Queens,Summer 2009,2009-06-01,9.65,,2009,6,2,1
179163,365,Fine particles (PM 2.5),Mean,mcg/m3,Citywide,1,New York City,Summer 2009,2009-06-01,10.7,,2009,6,2,1
169317,365,Fine particles (PM 2.5),Mean,mcg/m3,CD,315,Sheepshead Bay (CD15),Summer 2009,2009-06-01,10.38,,2009,6,2,1
222539,386,Ozone (O3),Mean,ppb,UHF42,306,Chelsea - Clinton,Summer 2009,2009-06-01,18.19,,2009,6,2,1
166652,375,Nitrogen dioxide (NO2),Mean,ppb,CD,305,East New York and Starrett City (CD5),Summer 2009,2009-06-01,18.95,,2009,6,2,1
173629,365,Fine particles (PM 2.5),Mean,mcg/m3,UHF34,404406,Bayside Little Neck-Fresh Meadows,Summer 2009,2009-06-01,9.96,,2009,6,2,1
169282,365,Fine particles (PM 2.5),Mean,mcg/m3,CD,104,Clinton and Chelsea (CD4),Summer 2009,2009-06-01,13.34,,2009,6,2,1
179571,365,Fine particles (PM 2.5),Mean,mcg/m3,Borough,4,Queens,Summer 2009,2009-06-01,10.27,,2009,6,2,1
169320,365,Fine particles (PM 2.5),Mean,mcg/m3,CD,318,Flatlands and Canarsie (CD18),Summer 2009,2009-06-01,10.33,,2009,6,2,1
169293,365,Fine particles (PM 2.5),Mean,mcg/m3,CD,203,Morrisania and Crotona (CD3),Summer 2009,2009-06-01,11.02,,2009,6,2,1
173607,365,Fine particles (PM 2.5),Mean,mcg/m3,UHF34,205,Sunset Park,Summer 2009,2009-06-01,11.45,,2009,6,2,1
221939,386,Ozone (O3),Mean,ppb,UHF34,409,Southeast Queens,Summer 2009,2009-06-01,27.59,,2009,6,2,1
221969,386,Ozone (O3),Mean,ppb,UHF34,404406,Bayside Little Neck-Fresh Meadows,Summer 2009,2009-06-01,25.94,,2009,6,2,1
166627,375,Nitrogen dioxide (NO2),Mean,ppb,CD,104,Clinton and Chelsea (CD4),Summer 2009,2009-06-01,32.98,,2009,6,2,1
166643,375,Nitrogen dioxide (NO2),Mean,ppb,CD,208,Riverdale and Fieldston (CD8),Summer 2009,2009-06-01,19.53,,2009,6,2,1
216314,386,Ozone (O3),Mean,ppb,CD,107,Upper West Side (CD7),Summer 2009,2009-06-01,21.38,,2009,6,2,1
216458,386,Ozone (O3),Mean,ppb,CD,307,Sunset Park (CD7),Summer 2009,2009-06-01,24.49,,2009,6,2,1
222575,386,Ozone (O3),Mean,ppb,UHF42,402,West Queens,Summer 2009,2009-06-01,25.7,,2009,6,2,1
222617,386,Ozone (O3),Mean,ppb,UHF42,409,Southeast Queens,Summer 2009,2009-06-01,27.59,,2009,6,2,1
131499,651,Cardiovascular hospitalizations due to PM2.5 (age 40+),Estimated annual rate,"per 100,000 adults",UHF42,503,Willowbrook,2009-2011,2009-01-01,17.8,,2009,1,1,1
131489,651,Cardiovascular hospitalizations due to PM2.5 (age 40+),Estimated annual rate,"per 100,000 adults",UHF42,403,Flushing - Clearview,2009-2011,2009-01-01,14.1,,2009,1,1,1
131461,651,Cardiovascular hospitalizations due to PM2.5 (age 40+),Estimated annual rate,"per 100,000 adults",UHF42,103,Fordham - Bronx Pk,2009-2011,2009-01-01,18.8,,2009,1,1,1
131481,651,Cardiovascular hospitalizations due to PM2.5 (age 40+),Estimated annual rate,"per 100,000 adults",UHF42,305,Upper East Side,2009-2011,2009-01-01,11.1,,2009,1,1,1
151412,652,Cardiac and respiratory deaths due to Ozone,Estimated annual rate,"per 100,000",UHF42,402,West Queens,2009-2011,2009-01-01,3.0,,2009,1,1,1
131442,648,Asthma emergency department visits due to PM2.5,Estimated annual rate (under age 18),"per 100,000 children",UHF42,404,Bayside - Little Neck,2009-2011,2009-01-01,22.1,,2009,1,1,1
131370,657,Asthma emergency department visits due to PM2.5,Estimated annual rate (age 18+),"per 100,000 adults",UHF42,201,Greenpoint,2009-2011,2009-01-01,28.2,,2009,1,1,1
131398,657,Asthma emergency department visits due to PM2.5,Estimated annual rate (age 18+),"per 100,000 adults",UHF42,408,Jamaica,2009-2011,2009-01-01,41.6,,2009,1,1,1
131376,657,Asthma emergency department visits due to PM2.5,Estimated annual rate (age 18+),"per 100,000 adults",UHF42,207,East Flatbush - Flatbush,2009-2011,2009-01-01,57.9,,2009,1,1,1
131504,651,Cardiovascular hospitalizations due to PM2.5 (age 40+),Estimated annual rate,"per 100,000 adults",Borough,3,Manhattan,2009-2011,2009-01-01,15.0,,2009,1,1,1
131475,651,Cardiovascular hospitalizations due to PM2.5 (age 40+),Estimated annual rate,"per 100,000 adults",UHF42,210,Coney Island - Sheepshead Bay,2009-2011,2009-01-01,22.3,,2009,1,1,1
131464,651,Cardiovascular hospitalizations due to PM2.5 (age 40+),Estimated annual rate,"per 100,000 adults",UHF42,106,High Bridge - Morrisania,2009-2011,2009-01-01,24.1,,2009,1,1,1
131440,648,Asthma emergency department visits due to PM2.5,Estimated annual rate (under age 18),"per 100,000 children",UHF42,402,West Queens,2009-2011,2009-01-01,75.2,,2009,1,1,1
131534,650,Respiratory hospitalizations due to PM2.5 (age 20+),Estimated annual rate,"per 100,000 adults",UHF42,310,Lower Manhattan,2009-2011,2009-01-01,5.8,,2009,1,1,1
131393,657,Asthma emergency department visits due to PM2.5,Estimated annual rate (age 18+),"per 100,000 adults",UHF42,403,Flushing - Clearview,2009-2011,2009-01-01,9.3,,2009,1,1,1
131416,648,Asthma emergency department visits due to PM2.5,Estimated annual rate (under age 18),"per 100,000 children",UHF42,106,High Bridge - Morrisania,2009-2011,2009-01-01,249.3,,2009,1,1,1
131519,650,Respiratory hospitalizations due to PM2.5 (age 20+),Estimated annual rate,"per 100,000 adults",UHF42,206,Borough Park,2009-2011,2009-01-01,11.8,,2009,1,1,1
131550,650,Respiratory hospitalizations due to PM2.5 (age 20+),Estimated annual rate,"per 100,000 adults",Borough,1,Bronx,2009-2011,2009-01-01,20.6,,2009,1,1,1
151390,652,Cardiac and respiratory deaths due to Ozone,Estimated annual rate,"per 100,000",UHF42,201,Greenpoint,2009-2011,2009-01-01,3.6,,2009,1,1,1
131579,639,Deaths due to PM2.5,Estimated annual rate (age 30+),"per 100,000 adults",UHF42,307,Gramercy Park - Murray Hill,2009-2011,2009-01-01,47.9,,2009,1,1,1
131513,650,Respiratory hospitalizations due to PM2.5 (age 20+),Estimated annual rate,"per 100,000 adults",UHF42,107,Hunts Point - Mott Haven,2009-2011,2009-01-01,30.2,,2009,1,1,1
151575,661,Asthma hospitalizations due to Ozone,Estimated annual rate (age 18+),"per 100,000 adults",UHF42,101,Kingsbridge - Riverdale,2009-2011,2009-01-01,7.5,,2009,1,1,1
151541,655,Asthma hospitalizations due to Ozone,Estimated annual rate (under age 18),"per 100,000 children",UHF42,208,Canarsie - Flatlands,2009-2011,2009-01-01,21.5,,2009,1,1,1
151610,661,Asthma hospitalizations due to Ozone,Estimated annual rate (age 18+),"per 100,000 adults",UHF42,408,Jamaica,2009-2011,2009-01-01,7.5,,2009,1,1,1
131366,657,Asthma emergency department visits due to PM2.5,Estimated annual rate (age 18+),"per 100,000 adults",UHF42,104,Pelham - Throgs Neck,2009-2011,2009-01-01,57.5,,2009,1,1,1
131471,651,Cardiovascular hospitalizations due to PM2.5 (age 40+),Estimated annual rate,"per 100,000 adults",UHF42,206,Borough Park,2009-2011,2009-01-01,19.9,,2009,1,1,1
151430,652,Cardiac and respiratory deaths due to Ozone,Estimated annual rate,"per 100,000",Borough,5,Staten Island,2009-2011,2009-01-01,7.8,,2009,1,1,1
151403,652,Cardiac and respiratory deaths due to Ozone,Estimated annual rate,"per 100,000",UHF42,303,East Harlem,2009-2011,2009-01-01,4.7,,2009,1,1,1
131474,651,Cardiovascular hospitalizations due to PM2.5 (age 40+),Estimated annual rate,"per 100,000 adults",UHF42,209,Bensonhurst - Bay Ridge,2009-2011,2009-01-01,16.5,,2009,1,1,1
131485,651,Cardiovascular hospitalizations due to PM2.5 (age 40+),Estimated annual rate,"per 100,000 adults",UHF42,309,Union Square - Lower East Side,2009-2011,2009-01-01,18.5,,2009,1,1,1
151565,655,Asthma hospitalizations due to Ozone,Estimated annual rate (under age 18),"per 100,000 children",UHF42,501,Port Richmond,2009-2011,2009-01-01,21.2,,2009,1,1,1
131379,657,Asthma emergency department visits due to PM2.5,Estimated annual rate (age 18+),"per 100,000 adults",UHF42,210,Coney Island - Sheepshead Bay,2009-2011,2009-01-01,19.8,,2009,1,1,1
151469,653,Asthma emergency departments visits due to Ozone,Estimated annual rate (under age 18),"per 100,000 children",UHF42,501,Port Richmond,2009-2011,2009-01-01,118.8,,2009,1,1,1
131429,648,Asthma emergency department visits due to PM2.5,Estimated annual rate (under age 18),"per 100,000 children",UHF42,301,Washington Heights,2009-2011,2009-01-01,138.5,,2009,1,1,1
131549,650,Respiratory hospitalizations due to PM2.5 (age 20+),Estimated annual rate,"per 100,000 adults",Citywide,1,New York City,2009-2011,2009-01-01,14.1,,2009,1,1,1
151482,659,Asthma emergency departments visits due to Ozone,Estimated annual rate (age 18+),"per 100,000 adults",UHF42,104,Pelham - Throgs Neck,2009-2011,2009-01-01,58.1,,2009,1,1,1
131409,657,Asthma emergency department visits due to PM2.5,Estimated annual rate (age 18+),"per 100,000 adults",Borough,4,Queens,2009-2011,2009-01-01,23.1,,2009,1,1,1
131539,650,Respiratory hospitalizations due to PM2.5 (age 20+),Estimated annual rate,"per 100,000 adults",UHF42,405,Ridgewood - Forest Hills,2009-2011,2009-01-01,12.4,,2009,1,1,1
131448,648,Asthma emergency department visits due to PM2.5,Estimated annual rate (under age 18),"per 100,000 children",UHF42,410,Rockaways,2009-2011,2009-01-01,111.8,,2009,1,1,1
131423,648,Asthma emergency department visits due to PM2.5,Estimated annual rate (under age 18),"per 100,000 children",UHF42,206,Borough Park,2009-2011,2009-01-01,19.5,,2009,1,1,1
131547,650,Respiratory hospitalizations due to PM2.5 (age 20+),Estimated annual rate,"per 100,000 adults",UHF42,503,Willowbrook,2009-2011,2009-01-01,13.5,,2009,1,1,1
131413,648,Asthma emergency department visits due to PM2.5,Estimated annual rate (under age 18),"per 100,000 children",UHF42,103,Fordham - Bronx Pk,2009-2011,2009-01-01,122.8,,2009,1,1,1
131441,648,Asthma emergency department visits due to PM2.5,Estimated annual rate (under age 18),"per 100,000 children",UHF42,403,Flushing - Clearview,2009-2011,2009-01-01,38.0,,2009,1,1,1
131518,650,Respiratory hospitalizations due to PM2.5 (age 20+),Estimated annual rate,"per 100,000 adults",UHF42,205,Sunset Park,2009-2011,2009-01-01,12.5,,2009,1,1,1
131419,648,Asthma emergency department visits due to PM2.5,Estimated annual rate (under age 18),"per 100,000 children",UHF42,202,Downtown - Heights - Slope,2009-2011,2009-01-01,89.1,,2009,1,1,1
151521,659,Asthma emergency departments visits due to Ozone,Estimated annual rate (age 18+),"per 100,000 adults",Citywide,1,New York City,2009-2011,2009-01-01,47.4,,2009,1,1,1
131433,648,Asthma emergency department visits due to PM2.5,Estimated annual rate (under age 18),"per 100,000 children",UHF42,305,Upper East Side,2009-2011,2009-01-01,35.5,,2009,1,1,1
151617,661,Asthma hospitalizations due to Ozone,Estimated annual rate (age 18+),"per 100,000 adults",Citywide,1,New York City,2009-2011,2009-01-01,7.0,,2009,1,1,1
131501,651,Cardiovascular hospitalizations due to PM2.5 (age 40+),Estimated annual rate,"per 100,000 adults",Citywide,1,New York City,2009-2011,2009-01-01,17.8,,2009,1,1,1
151399,652,Cardiac and respiratory deaths due to Ozone,Estimated annual rate,"per 100,000",UHF42,210,Coney Island - Sheepshead Bay,2009-2011,2009-01-01,8.9,,2009,1,1,1
151489,659,Asthma emergency departments visits due to Ozone,Estimated annual rate (age 18+),"per 100,000 adults",UHF42,204,East New York,2009-2011,2009-01-01,95.0,,2009,1,1,1
151405,652,Cardiac and respiratory deaths due to Ozone,Estimated annual rate,"per 100,000",UHF42,305,Upper East Side,2009-2011,2009-01-01,4.0,,2009,1,1,1
131530,650,Respiratory hospitalizations due to PM2.5 (age 20+),Estimated annual rate,"per 100,000 adults",UHF42,306,Chelsea - Clinton,2009-2011,2009-01-01,9.0,,2009,1,1,1
151496,659,Asthma emergency departments visits due to Ozone,Estimated annual rate (age 18+),"per 100,000 adults",UHF42,211,Williamsburg - Bushwick,2009-2011,2009-01-01,113.7,,2009,1,1,1
131488,651,Cardiovascular hospitalizations due to PM2.5 (age 40+),Estimated annual rate,"per 100,000 adults",UHF42,402,West Queens,2009-2011,2009-01-01,13.2,,2009,1,1,1
131450,648,Asthma emergency department visits due to PM2.5,Estimated annual rate (under age 18),"per 100,000 children",UHF42,502,Stapleton - St. George,2009-2011,2009-01-01,76.1,,2009,1,1,1
131546,650,Respiratory hospitalizations due to PM2.5 (age 20+),Estimated annual rate,"per 100,000 adults",UHF42,502,Stapleton - St. George,2009-2011,2009-01-01,17.3,,2009,1,1,1
131466,651,Cardiovascular hospitalizations due to PM2.5 (age 40+),Estimated annual rate,"per 100,000 adults",UHF42,201,Greenpoint,2009-2011,2009-01-01,20.5,,2009,1,1,1
131500,651,Cardiovascular hospitalizations due to PM2.5 (age 40+),Estimated annual rate,"per 100,000 adults",UHF42,504,South Beach - Tottenville,2009-2011,2009-01-01,15.2,,2009,1,1,1
131595,639,Deaths due to PM2.5,Estimated annual rate (age 30+),"per 100,000 adults",UHF42,503,Willowbrook,2009-2011,2009-01-01,58.3,,2009,1,1,1
131465,651,Cardiovascular hospitalizations due to PM2.5 (age 40+),Estimated annual rate,"per 100,000 adults",UHF42,107,Hunts Point - Mott Haven,2009-2011,2009-01-01,25.0,,2009,1,1,1
131469,651,Cardiovascular hospitalizations due to PM2.5 (age 40+),Estimated annual rate,"per 100,000 adults",UHF42,204,East New York,2009-2011,2009-01-01,22.4,,2009,1,1,1
131412,648,Asthma emergency department visits due to PM2.5,Estimated annual rate (under age 18),"per 100,000 children",UHF42,102,Northeast Bronx,2009-2011,2009-01-01,73.4,,2009,1,1,1
151530,655,Asthma hospitalizations due to Ozone,Estimated annual rate (under age 18),"per 100,000 children",UHF42,104,Pelham - Throgs Neck,2009-2011,2009-01-01,34.2,,2009,1,1,1
131462,651,Cardiovascular hospitalizations due to PM2.5 (age 40+),Estimated annual rate,"per 100,000 adults",UHF42,104,Pelham - Throgs Neck,2009-2011,2009-01-01,19.3,,2009,1,1,1
131476,651,Cardiovascular hospitalizations due to PM2.5 (age 40+),Estimated annual rate,"per 100,000 adults",UHF42,211,Williamsburg - Bushwick,2009-2011,2009-01-01,26.9,,2009,1,1,1
131480,651,Cardiovascular hospitalizations due to PM2.5 (age 40+),Estimated annual rate,"per 100,000 adults",UHF42,304,Upper West Side,2009-2011,2009-01-01,12.0,,2009,1,1,1
131506,651,Cardiovascular hospitalizations due to PM2.5 (age 40+),Estimated annual rate,"per 100,000 adults",Borough,5,Staten Island,2009-2011,2009-01-01,16.3,,2009,1,1,1
151388,652,Cardiac and respiratory deaths due to Ozone,Estimated annual rate,"per 100,000",UHF42,106,High Bridge - Morrisania,2009-2011,2009-01-01,2.8,,2009,1,1,1
151411,652,Cardiac and respiratory deaths due to Ozone,Estimated annual rate,"per 100,000",UHF42,401,Long Island City - Astoria,2009-2011,2009-01-01,3.5,,2009,1,1,1
131490,651,Cardiovascular hospitalizations due to PM2.5 (age 40+),Estimated annual rate,"per 100,000 adults",UHF42,404,Bayside - Little Neck,2009-2011,2009-01-01,12.5,,2009,1,1,1
151408,652,Cardiac and respiratory deaths due to Ozone,Estimated annual rate,"per 100,000",UHF42,308,Greenwich Village - SoHo,2009-2011,2009-01-01,3.4,,2009,1,1,1
131587,639,Deaths due to PM2.5,Estimated annual rate (age 30+),"per 100,000 adults",UHF42,405,Ridgewood - Forest Hills,2009-2011,2009-01-01,45.7,,2009,1,1,1
131478,651,Cardiovascular hospitalizations due to PM2.5 (age 40+),Estimated annual rate,"per 100,000 adults",UHF42,302,Central Harlem - Morningside Heights,2009-2011,2009-01-01,19.7,,2009,1,1,1
131498,651,Cardiovascular hospitalizations due to PM2.5 (age 40+),Estimated annual rate,"per 100,000 adults",UHF42,502,Stapleton - St. George,2009-2011,2009-01-01,16.9,,2009,1,1,1
131495,651,Cardiovascular hospitalizations due to PM2.5 (age 40+),Estimated annual rate,"per 100,000 adults",UHF42,409,Southeast Queens,2009-2011,2009-01-01,14.5,,2009,1,1,1
131533,650,Respiratory hospitalizations due to PM2.5 (age 20+),Estimated annual rate,"per 100,000 adults",UHF42,309,Union Square - Lower East Side,2009-2011,2009-01-01,15.5,,2009,1,1,1
131508,650,Respiratory hospitalizations due to PM2.5 (age 20+),Estimated annual rate,"per 100,000 adults",UHF42,102,Northeast Bronx,2009-2011,2009-01-01,18.6,,2009,1,1,1
131363,657,Asthma emergency department visits due to PM2.5,Estimated annual rate (age 18+),"per 100,000 adults",UHF42,101,Kingsbridge - Riverdale,2009-2011,2009-01-01,25.4,,2009,1,1,1
131401,657,Asthma emergency department visits due to PM2.5,Estimated annual rate (age 18+),"per 100,000 adults",UHF42,501,Port Richmond,2009-2011,2009-01-01,64.5,,2009,1,1,1
131522,650,Respiratory hospitalizations due to PM2.5 (age 20+),Estimated annual rate,"per 100,000 adults",UHF42,209,Bensonhurst - Bay Ridge,2009-2011,2009-01-01,10.4,,2009,1,1,1
131566,639,Deaths due to PM2.5,Estimated annual rate (age 30+),"per 100,000 adults",UHF42,205,Sunset Park,2009-2011,2009-01-01,38.7,,2009,1,1,1
151429,652,Cardiac and respiratory deaths due to Ozone,Estimated annual rate,"per 100,000",Borough,4,Queens,2009-2011,2009-01-01,4.5,,2009,1,1,1
131505,651,Cardiovascular hospitalizations due to PM2.5 (age 40+),Estimated annual rate,"per 100,000 adults",Borough,4,Queens,2009-2011,2009-01-01,15.8,,2009,1,1,1
131553,650,Respiratory hospitalizations due to PM2.5 (age 20+),Estimated annual rate,"per 100,000 adults",Borough,4,Queens,2009-2011,2009-01-01,11.4,,2009,1,1,1
151525,659,Asthma emergency departments visits due to Ozone,Estimated annual rate (age 18+),"per 100,000 adults",Borough,4,Queens,2009-2011,2009-01-01,27.0,,2009,1,1,1
131548,650,Respiratory hospitalizations due to PM2.5 (age 20+),Estimated annual rate,"per 100,000 adults",UHF42,504,South Beach - Tottenville,2009-2011,2009-01-01,11.7,,2009,1,1,1
151393,652,Cardiac and respiratory deaths due to Ozone,Estimated annual rate,"per 100,000",UHF42,204,East New York,2009-2011,2009-01-01,3.5,,2009,1,1,1
151386,652,Cardiac and respiratory deaths due to Ozone,Estimated annual rate,"per 100,000",UHF42,104,Pelham - Throgs Neck,2009-2011,2009-01-01,4.5,,2009,1,1,1
151404,652,Cardiac and respiratory deaths due to Ozone,Estimated annual rate,"per 100,000",UHF42,304,Upper West Side,2009-2011,2009-01-01,4.1,,2009,1,1,1
131452,648,Asthma emergency department visits due to PM2.5,Estimated annual rate (under age 18),"per 100,000 children",UHF42,504,South Beach - Tottenville,2009-2011,2009-01-01,21.0,,2009,1,1,1
151385,652,Cardiac and respiratory deaths due to Ozone,Estimated annual rate,"per 100,000",UHF42,103,Fordham - Bronx Pk,2009-2011,2009-01-01,4.0,,2009,1,1,1
131541,650,Respiratory hospitalizations due to PM2.5 (age 20+),Estimated annual rate,"per 100,000 adults",UHF42,407,Southwest Queens,2009-2011,2009-01-01,10.5,,2009,1,1,1
131538,650,Respiratory hospitalizations due to PM2.5 (age 20+),Estimated annual rate,"per 100,000 adults",UHF42,404,Bayside - Little Neck,2009-2011,2009-01-01,10.2,,2009,1,1,1
131542,650,Respiratory hospitalizations due to PM2.5 (age 20+),Estimated annual rate,"per 100,000 adults",UHF42,408,Jamaica,2009-2011,2009-01-01,12.7,,2009,1,1,1
151477,653,Asthma emergency departments visits due to Ozone,Estimated annual rate (under age 18),"per 100,000 children",Borough,4,Queens,2009-2011,2009-01-01,84.1,,2009,1,1,1
131558,639,Deaths due to PM2.5,Estimated annual rate (age 30+),"per 100,000 adults",UHF42,104,Pelham - Throgs Neck,2009-2011,2009-01-01,54.5,,2009,1,1,1
131457,648,Asthma emergency department visits due to PM2.5,Estimated annual rate (under age 18),"per 100,000 children",Borough,4,Queens,2009-2011,2009-01-01,74.8,,2009,1,1,1
131527,650,Respiratory hospitalizations due to PM2.5 (age 20+),Estimated annual rate,"per 100,000 adults",UHF42,303,East Harlem,2009-2011,2009-01-01,29.2,,2009,1,1,1
131516,650,Respiratory hospitalizations due to PM2.5 (age 20+),Estimated annual rate,"per 100,000 adults",UHF42,203,Bedford Stuyvesant - Crown Heights,2009-2011,2009-01-01,16.3,,2009,1,1,1
131529,650,Respiratory hospitalizations due to PM2.5 (age 20+),Estimated annual rate,"per 100,000 adults",UHF42,305,Upper East Side,2009-2011,2009-01-01,9.2,,2009,1,1,1
131431,648,Asthma emergency department visits due to PM2.5,Estimated annual rate (under age 18),"per 100,000 children",UHF42,303,East Harlem,2009-2011,2009-01-01,299.4,,2009,1,1,1
151599,661,Asthma hospitalizations due to Ozone,Estimated annual rate (age 18+),"per 100,000 adults",UHF42,307,Gramercy Park - Murray Hill,2009-2011,2009-01-01,2.1,,2009,1,1,1
131562,639,Deaths due to PM2.5,Estimated annual rate (age 30+),"per 100,000 adults",UHF42,201,Greenpoint,2009-2011,2009-01-01,45.6,,2009,1,1,1
131453,648,Asthma emergency department visits due to PM2.5,Estimated annual rate (under age 18),"per 100,000 children",Citywide,1,New York City,2009-2011,2009-01-01,106.8,,2009,1,1,1
151383,652,Cardiac and respiratory deaths due to Ozone,Estimated annual rate,"per 100,000",UHF42,101,Kingsbridge - Riverdale,2009-2011,2009-01-01,8.6,,2009,1,1,1
151410,652,Cardiac and respiratory deaths due to Ozone,Estimated annual rate,"per 100,000",UHF42,310,Lower Manhattan,2009-2011,2009-01-01,2.8,,2009,1,1,1
151588,661,Asthma hospitalizations due to Ozone,Estimated annual rate (age 18+),"per 100,000 adults",UHF42,207,East Flatbush - Flatbush,2009-2011,2009-01-01,7.3,,2009,1,1,1
151618,661,Asthma hospitalizations due to Ozone,Estimated annual rate (age 18+),"per 100,000 adults",Borough,1,Bronx,2009-2011,2009-01-01,13.7,,2009,1,1,1
151581,661,Asthma hospitalizations due to Ozone,Estimated annual rate (age 18+),"per 100,000 adults",UHF42,107,Hunts Point - Mott Haven,2009-2011,2009-01-01,16.0,,2009,1,1,1
151397,652,Cardiac and respiratory deaths due to Ozone,Estimated annual rate,"per 100,000",UHF42,208,Canarsie - Flatlands,2009-2011,2009-01-01,5.7,,2009,1,1,1
151387,652,Cardiac and respiratory deaths due to Ozone,Estimated annual rate,"per 100,000",UHF42,105,Crotona -Tremont,2009-2011,2009-01-01,2.7,,2009,1,1,1
151413,652,Cardiac and respiratory deaths due to Ozone,Estimated annual rate,"per 100,000",UHF42,403,Flushing - Clearview,2009-2011,2009-01-01,5.4,,2009,1,1,1
151589,661,Asthma hospitalizations due to Ozone,Estimated annual rate (age 18+),"per 100,000 adults",UHF42,208,Canarsie - Flatlands,2009-2011,2009-01-01,7.1,,2009,1,1,1
131374,657,Asthma emergency department visits due to PM2.5,Estimated annual rate (age 18+),"per 100,000 adults",UHF42,205,Sunset Park,2009-2011,2009-01-01,35.0,,2009,1,1,1
131569,639,Deaths due to PM2.5,Estimated annual rate (age 30+),"per 100,000 adults",UHF42,208,Canarsie - Flatlands,2009-2011,2009-01-01,49.7,,2009,1,1,1
131589,639,Deaths due to PM2.5,Estimated annual rate (age 30+),"per 100,000 adults",UHF42,407,Southwest Queens,2009-2011,2009-01-01,37.1,,2009,1,1,1
131512,650,Respiratory hospitalizations due to PM2.5 (age 20+),Estimated annual rate,"per 100,000 adults",UHF42,106,High Bridge - Morrisania,2009-2011,2009-01-01,27.6,,2009,1,1,1
131367,657,Asthma emergency department visits due to PM2.5,Estimated annual rate (age 18+),"per 100,000 adults",UHF42,105,Crotona -Tremont,2009-2011,2009-01-01,131.3,,2009,1,1,1
151423,652,Cardiac and respiratory deaths due to Ozone,Estimated annual rate,"per 100,000",UHF42,503,Willowbrook,2009-2011,2009-01-01,9.7,,2009,1,1,1
151406,652,Cardiac and respiratory deaths due to Ozone,Estimated annual rate,"per 100,000",UHF42,306,Chelsea - Clinton,2009-2011,2009-01-01,3.4,,2009,1,1,1
151615,661,Asthma hospitalizations due to Ozone,Estimated annual rate (age 18+),"per 100,000 adults",UHF42,503,Willowbrook,2009-2011,2009-01-01,4.7,,2009,1,1,1
151395,652,Cardiac and respiratory deaths due to Ozone,Estimated annual rate,"per 100,000",UHF42,206,Borough Park,2009-2011,2009-01-01,5.3,,2009,1,1,1
151605,661,Asthma hospitalizations due to Ozone,Estimated annual rate (age 18+),"per 100,000 adults",UHF42,403,Flushing - Clearview,2009-2011,2009-01-01,2.6,,2009,1,1,1
151597,661,Asthma hospitalizations due to Ozone,Estimated annual rate (age 18+),"per 100,000 adults",UHF42,305,Upper East Side,2009-2011,2009-01-01,1.4,,2009,1,1,1
131395,657,Asthma emergency department visits due to PM2.5,Estimated annual rate (age 18+),"per 100,000 adults",UHF42,405,Ridgewood - Forest Hills,2009-2011,2009-01-01,14.9,,2009,1,1,1
131365,657,Asthma emergency department visits due to PM2.5,Estimated annual rate (age 18+),"per 100,000 adults",UHF42,103,Fordham - Bronx Pk,2009-2011,2009-01-01,68.7,,2009,1,1,1
151414,652,Cardiac and respiratory deaths due to Ozone,Estimated annual rate,"per 100,000",UHF42,404,Bayside - Little Neck,2009-2011,2009-01-01,4.5,,2009,1,1,1
151392,652,Cardiac and respiratory deaths due to Ozone,Estimated annual rate,"per 100,000",UHF42,203,Bedford Stuyvesant - Crown Heights,2009-2011,2009-01-01,4.8,,2009,1,1,1
131456,648,Asthma emergency department visits due to PM2.5,Estimated annual rate (under age 18),"per 100,000 children",Borough,3,Manhattan,2009-2011,2009-01-01,144.3,,2009,1,1,1
151394,652,Cardiac and respiratory deaths due to Ozone,Estimated annual rate,"per 100,000",UHF42,205,Sunset Park,2009-2011,2009-01-01,4.1,,2009,1,1,1
151415,652,Cardiac and respiratory deaths due to Ozone,Estimated annual rate,"per 100,000",UHF42,405,Ridgewood - Forest Hills,2009-2011,2009-01-01,5.5,,2009,1,1,1
131602,639,Deaths due to PM2.5,Estimated annual rate (age 30+),"per 100,000 adults",Borough,5,Staten Island,2009-2011,2009-01-01,51.7,,2009,1,1,1
131571,639,Deaths due to PM2.5,Estimated annual rate (age 30+),"per 100,000 adults",UHF42,210,Coney Island - Sheepshead Bay,2009-2011,2009-01-01,63.4,,2009,1,1,1
131570,639,Deaths due to PM2.5,Estimated annual rate (age 30+),"per 100,000 adults",UHF42,209,Bensonhurst - Bay Ridge,2009-2011,2009-01-01,53.6,,2009,1,1,1
151564,655,Asthma hospitalizations due to Ozone,Estimated annual rate (under age 18),"per 100,000 children",UHF42,410,Rockaways,2009-2011,2009-01-01,23.6,,2009,1,1,1
151468,653,Asthma emergency departments visits due to Ozone,Estimated annual rate (under age 18),"per 100,000 children",UHF42,410,Rockaways,2009-2011,2009-01-01,137.4,,2009,1,1,1
151436,653,Asthma emergency departments visits due to Ozone,Estimated annual rate (under age 18),"per 100,000 children",UHF42,106,High Bridge - Morrisania,2009-2011,2009-01-01,202.0,,2009,1,1,1
131573,639,Deaths due to PM2.5,Estimated annual rate (age 30+),"per 100,000 adults",UHF42,301,Washington Heights,2009-2011,2009-01-01,46.0,,2009,1,1,1
131454,648,Asthma emergency department visits due to PM2.5,Estimated annual rate (under age 18),"per 100,000 children",Borough,1,Bronx,2009-2011,2009-01-01,128.2,,2009,1,1,1
151532,655,Asthma hospitalizations due to Ozone,Estimated annual rate (under age 18),"per 100,000 children",UHF42,106,High Bridge - Morrisania,2009-2011,2009-01-01,38.2,,2009,1,1,1
131564,639,Deaths due to PM2.5,Estimated annual rate (age 30+),"per 100,000 adults",UHF42,203,Bedford Stuyvesant - Crown Heights,2009-2011,2009-01-01,55.9,,2009,1,1,1
151577,661,Asthma hospitalizations due to Ozone,Estimated annual rate (age 18+),"per 100,000 adults",UHF42,103,Fordham - Bronx Pk,2009-2011,2009-01-01,14.4,,2009,1,1,1
151416,652,Cardiac and respiratory deaths due to Ozone,Estimated annual rate,"per 100,000",UHF42,406,Fresh Meadows,2009-2011,2009-01-01,4.8,,2009,1,1,1
151402,652,Cardiac and respiratory deaths due to Ozone,Estimated annual rate,"per 100,000",UHF42,302,Central Harlem - Morningside Heights,2009-2011,2009-01-01,4.3,,2009,1,1,1
151572,655,Asthma hospitalizations due to Ozone,Estimated annual rate (under age 18),"per 100,000 children",Borough,3,Manhattan,2009-2011,2009-01-01,19.9,,2009,1,1,1
151584,661,Asthma hospitalizations due to Ozone,Estimated annual rate (age 18+),"per 100,000 adults",UHF42,203,Bedford Stuyvesant - Crown Heights,2009-2011,2009-01-01,13.5,,2009,1,1,1
151554,655,Asthma hospitalizations due to Ozone,Estimated annual rate (under age 18),"per 100,000 children",UHF42,310,Lower Manhattan,2009-2011,2009-01-01,9.5,,2009,1,1,1
151586,661,Asthma hospitalizations due to Ozone,Estimated annual rate (age 18+),"per 100,000 adults",UHF42,205,Sunset Park,2009-2011,2009-01-01,6.5,,2009,1,1,1
151539,655,Asthma hospitalizations due to Ozone,Estimated annual rate (under age 18),"per 100,000 children",UHF42,206,Borough Park,2009-2011,2009-01-01,5.1,,2009,1,1,1
151443,653,Asthma emergency departments visits due to Ozone,Estimated annual rate (under age 18),"per 100,000 children",UHF42,206,Borough Park,2009-2011,2009-01-01,22.7,,2009,1,1,1
151481,659,Asthma emergency departments visits due to Ozone,Estimated annual rate (age 18+),"per 100,000 adults",UHF42,103,Fordham - Bronx Pk,2009-2011,2009-01-01,73.6,,2009,1,1,1
131600,639,Deaths due to PM2.5,Estimated annual rate (age 30+),"per 100,000 adults",Borough,3,Manhattan,2009-2011,2009-01-01,50.0,,2009,1,1,1
151553,655,Asthma hospitalizations due to Ozone,Estimated annual rate (under age 18),"per 100,000 children",UHF42,309,Union Square - Lower East Side,2009-2011,2009-01-01,14.2,,2009,1,1,1
151458,653,Asthma emergency departments visits due to Ozone,Estimated annual rate (under age 18),"per 100,000 children",UHF42,310,Lower Manhattan,2009-2011,2009-01-01,56.8,,2009,1,1,1
131576,639,Deaths due to PM2.5,Estimated annual rate (age 30+),"per 100,000 adults",UHF42,304,Upper West Side,2009-2011,2009-01-01,48.9,,2009,1,1,1
151398,652,Cardiac and respiratory deaths due to Ozone,Estimated annual rate,"per 100,000",UHF42,209,Bensonhurst - Bay Ridge,2009-2011,2009-01-01,7.2,,2009,1,1,1
151501,659,Asthma emergency departments visits due to Ozone,Estimated annual rate (age 18+),"per 100,000 adults",UHF42,305,Upper East Side,2009-2011,2009-01-01,9.3,,2009,1,1,1
131574,639,Deaths due to PM2.5,Estimated annual rate (age 30+),"per 100,000 adults",UHF42,302,Central Harlem - Morningside Heights,2009-2011,2009-01-01,63.6,,2009,1,1,1
131588,639,Deaths due to PM2.5,Estimated annual rate (age 30+),"per 100,000 adults",UHF42,406,Fresh Meadows,2009-2011,2009-01-01,43.4,,2009,1,1,1
151608,661,Asthma hospitalizations due to Ozone,Estimated annual rate (age 18+),"per 100,000 adults",UHF42,406,Fresh Meadows,2009-2011,2009-01-01,3.7,,2009,1,1,1
151498,659,Asthma emergency departments visits due to Ozone,Estimated annual rate (age 18+),"per 100,000 adults",UHF42,302,Central Harlem - Morningside Heights,2009-2011,2009-01-01,130.4,,2009,1,1,1
151512,659,Asthma emergency departments visits due to Ozone,Estimated annual rate (age 18+),"per 100,000 adults",UHF42,406,Fresh Meadows,2009-2011,2009-01-01,20.7,,2009,1,1,1
131578,639,Deaths due to PM2.5,Estimated annual rate (age 30+),"per 100,000 adults",UHF42,306,Chelsea - Clinton,2009-2011,2009-01-01,39.7,,2009,1,1,1
131556,639,Deaths due to PM2.5,Estimated annual rate (age 30+),"per 100,000 adults",UHF42,102,Northeast Bronx,2009-2011,2009-01-01,57.0,,2009,1,1,1
151428,652,Cardiac and respiratory deaths due to Ozone,Estimated annual rate,"per 100,000",Borough,3,Manhattan,2009-2011,2009-01-01,3.8,,2009,1,1,1
151462,653,Asthma emergency departments visits due to Ozone,Estimated annual rate (under age 18),"per 100,000 children",UHF42,404,Bayside - Little Neck,2009-2011,2009-01-01,27.5,,2009,1,1,1
151591,661,Asthma hospitalizations due to Ozone,Estimated annual rate (age 18+),"per 100,000 adults",UHF42,210,Coney Island - Sheepshead Bay,2009-2011,2009-01-01,6.0,,2009,1,1,1
151407,652,Cardiac and respiratory deaths due to Ozone,Estimated annual rate,"per 100,000",UHF42,307,Gramercy Park - Murray Hill,2009-2011,2009-01-01,3.6,,2009,1,1,1
151396,652,Cardiac and respiratory deaths due to Ozone,Estimated annual rate,"per 100,000",UHF42,207,East Flatbush - Flatbush,2009-2011,2009-01-01,3.9,,2009,1,1,1
151574,655,Asthma hospitalizations due to Ozone,Estimated annual rate (under age 18),"per 100,000 children",Borough,5,Staten Island,2009-2011,2009-01-01,12.5,,2009,1,1,1
151389,652,Cardiac and respiratory deaths due to Ozone,Estimated annual rate,"per 100,000",UHF42,107,Hunts Point - Mott Haven,2009-2011,2009-01-01,3.1,,2009,1,1,1
151420,652,Cardiac and respiratory deaths due to Ozone,Estimated annual rate,"per 100,000",UHF42,410,Rockaways,2009-2011,2009-01-01,9.0,,2009,1,1,1
151418,652,Cardiac and respiratory deaths due to Ozone,Estimated annual rate,"per 100,000",UHF42,408,Jamaica,2009-2011,2009-01-01,5.2,,2009,1,1,1
151419,652,Cardiac and respiratory deaths due to Ozone,Estimated annual rate,"per 100,000",UHF42,409,Southeast Queens,2009-2011,2009-01-01,4.3,,2009,1,1,1
151478,653,Asthma emergency departments visits due to Ozone,Estimated annual rate (under age 18),"per 100,000 children",Borough,5,Staten Island,2009-2011,2009-01-01,67.9,,2009,1,1,1
151409,652,Cardiac and respiratory deaths due to Ozone,Estimated annual rate,"per 100,000",UHF42,309,Union Square - Lower East Side,2009-2011,2009-01-01,4.0,,2009,1,1,1
131514,650,Respiratory hospitalizations due to PM2.5 (age 20+),Estimated annual rate,"per 100,000 adults",UHF42,201,Greenpoint,2009-2011,2009-01-01,10.0,,2009,1,1,1
131402,657,Asthma emergency department visits due to PM2.5,Estimated annual rate (age 18+),"per 100,000 adults",UHF42,502,Stapleton - St. George,2009-2011,2009-01-01,42.9,,2009,1,1,1
151579,661,Asthma hospitalizations due to Ozone,Estimated annual rate (age 18+),"per 100,000 adults",UHF42,105,Crotona -Tremont,2009-2011,2009-01-01,18.9,,2009,1,1,1
151595,661,Asthma hospitalizations due to Ozone,Estimated annual rate (age 18+),"per 100,000 adults",UHF42,303,East Harlem,2009-2011,2009-01-01,17.4,,2009,1,1,1
151614,661,Asthma hospitalizations due to Ozone,Estimated annual rate (age 18+),"per 100,000 adults",UHF42,502,Stapleton - St. George,2009-2011,2009-01-01,9.5,,2009,1,1,1
151604,661,Asthma hospitalizations due to Ozone,Estimated annual rate (age 18+),"per 100,000 adults",UHF42,402,West Queens,2009-2011,2009-01-01,3.0,,2009,1,1,1
151544,655,Asthma hospitalizations due to Ozone,Estimated annual rate (under age 18),"per 100,000 children",UHF42,211,Williamsburg - Bushwick,2009-2011,2009-01-01,41.2,,2009,1,1,1
151609,661,Asthma hospitalizations due to Ozone,Estimated annual rate (age 18+),"per 100,000 adults",UHF42,407,Southwest Queens,2009-2011,2009-01-01,4.1,,2009,1,1,1
131572,639,Deaths due to PM2.5,Estimated annual rate (age 30+),"per 100,000 adults",UHF42,211,Williamsburg - Bushwick,2009-2011,2009-01-01,50.0,,2009,1,1,1
151603,661,Asthma hospitalizations due to Ozone,Estimated annual rate (age 18+),"per 100,000 adults",UHF42,401,Long Island City - Astoria,2009-2011,2009-01-01,4.1,,2009,1,1,1
151582,661,Asthma hospitalizations due to Ozone,Estimated annual rate (age 18+),"per 100,000 adults",UHF42,201,Greenpoint,2009-2011,2009-01-01,3.5,,2009,1,1,1
151613,661,Asthma hospitalizations due to Ozone,Estimated annual rate (age 18+),"per 100,000 adults",UHF42,501,Port Richmond,2009-2011,2009-01-01,12.1,,2009,1,1,1
151391,652,Cardiac and respiratory deaths due to Ozone,Estimated annual rate,"per 100,000",UHF42,202,Downtown - Heights - Slope,2009-2011,2009-01-01,4.2,,2009,1,1,1
131583,639,Deaths due to PM2.5,Estimated annual rate (age 30+),"per 100,000 adults",UHF42,401,Long Island City - Astoria,2009-2011,2009-01-01,39.8,,2009,1,1,1
131593,639,Deaths due to PM2.5,Estimated annual rate (age 30+),"per 100,000 adults",UHF42,501,Port Richmond,2009-2011,2009-01-01,49.1,,2009,1,1,1
151590,661,Asthma hospitalizations due to Ozone,Estimated annual rate (age 18+),"per 100,000 adults",UHF42,209,Bensonhurst - Bay Ridge,2009-2011,2009-01-01,2.9,,2009,1,1,1
131544,650,Respiratory hospitalizations due to PM2.5 (age 20+),Estimated annual rate,"per 100,000 adults",UHF42,410,Rockaways,2009-2011,2009-01-01,18.8,,2009,1,1,1
151569,655,Asthma hospitalizations due to Ozone,Estimated annual rate (under age 18),"per 100,000 children",Citywide,1,New York City,2009-2011,2009-01-01,22.7,,2009,1,1,1
151507,659,Asthma emergency departments visits due to Ozone,Estimated annual rate (age 18+),"per 100,000 adults",UHF42,401,Long Island City - Astoria,2009-2011,2009-01-01,27.1,,2009,1,1,1
131535,650,Respiratory hospitalizations due to PM2.5 (age 20+),Estimated annual rate,"per 100,000 adults",UHF42,401,Long Island City - Astoria,2009-2011,2009-01-01,12.3,,2009,1,1,1
131545,650,Respiratory hospitalizations due to PM2.5 (age 20+),Estimated annual rate,"per 100,000 adults",UHF42,501,Port Richmond,2009-2011,2009-01-01,16.6,,2009,1,1,1
131477,651,Cardiovascular hospitalizations due to PM2.5 (age 40+),Estimated annual rate,"per 100,000 adults",UHF42,301,Washington Heights,2009-2011,2009-01-01,18.1,,2009,1,1,1
131455,648,Asthma emergency department visits due to PM2.5,Estimated annual rate (under age 18),"per 100,000 children",Borough,2,Brooklyn,2009-2011,2009-01-01,93.1,,2009,1,1,1
131515,650,Respiratory hospitalizations due to PM2.5 (age 20+),Estimated annual rate,"per 100,000 adults",UHF42,202,Downtown - Heights - Slope,2009-2011,2009-01-01,13.1,,2009,1,1,1
131540,650,Respiratory hospitalizations due to PM2.5 (age 20+),Estimated annual rate,"per 100,000 adults",UHF42,406,Fresh Meadows,2009-2011,2009-01-01,9.7,,2009,1,1,1
131497,651,Cardiovascular hospitalizations due to PM2.5 (age 40+),Estimated annual rate,"per 100,000 adults",UHF42,501,Port Richmond,2009-2011,2009-01-01,16.4,,2009,1,1,1
131403,657,Asthma emergency department visits due to PM2.5,Estimated annual rate (age 18+),"per 100,000 adults",UHF42,503,Willowbrook,2009-2011,2009-01-01,16.0,,2009,1,1,1
131425,648,Asthma emergency department visits due to PM2.5,Estimated annual rate (under age 18),"per 100,000 children",UHF42,208,Canarsie - Flatlands,2009-2011,2009-01-01,81.7,,2009,1,1,1
151466,653,Asthma emergency departments visits due to Ozone,Estimated annual rate (under age 18),"per 100,000 children",UHF42,408,Jamaica,2009-2011,2009-01-01,144.7,,2009,1,1,1
151562,655,Asthma hospitalizations due to Ozone,Estimated annual rate (under age 18),"per 100,000 children",UHF42,408,Jamaica,2009-2011,2009-01-01,28.3,,2009,1,1,1
151533,655,Asthma hospitalizations due to Ozone,Estimated annual rate (under age 18),"per 100,000 children",UHF42,107,Hunts Point - Mott Haven,2009-2011,2009-01-01,43.6,,2009,1,1,1
151475,653,Asthma emergency departments visits due to Ozone,Estimated annual rate (under age 18),"per 100,000 children",Borough,2,Brooklyn,2009-2011,2009-01-01,101.0,,2009,1,1,1
151571,655,Asthma hospitalizations due to Ozone,Estimated annual rate (under age 18),"per 100,000 children",Borough,2,Brooklyn,2009-2011,2009-01-01,20.9,,2009,1,1,1
151552,655,Asthma hospitalizations due to Ozone,Estimated annual rate (under age 18),"per 100,000 children",UHF42,308,Greenwich Village - SoHo,2009-2011,2009-01-01,6.2,,2009,1,1,1
151455,653,Asthma emergency departments visits due to Ozone,Estimated annual rate (under age 18),"per 100,000 children",UHF42,307,Gramercy Park - Murray Hill,2009-2011,2009-01-01,70.0,,2009,1,1,1
151551,655,Asthma hospitalizations due to Ozone,Estimated annual rate (under age 18),"per 100,000 children",UHF42,307,Gramercy Park - Murray Hill,2009-2011,2009-01-01,10.6,,2009,1,1,1
131487,651,Cardiovascular hospitalizations due to PM2.5 (age 40+),Estimated annual rate,"per 100,000 adults",UHF42,401,Long Island City - Astoria,2009-2011,2009-01-01,15.6,,2009,1,1,1
151456,653,Asthma emergency departments visits due to Ozone,Estimated annual rate (under age 18),"per 100,000 children",UHF42,308,Greenwich Village - SoHo,2009-2011,2009-01-01,24.2,,2009,1,1,1
131434,648,Asthma emergency department visits due to PM2.5,Estimated annual rate (under age 18),"per 100,000 children",UHF42,306,Chelsea - Clinton,2009-2011,2009-01-01,88.6,,2009,1,1,1
151596,661,Asthma hospitalizations due to Ozone,Estimated annual rate (age 18+),"per 100,000 adults",UHF42,304,Upper West Side,2009-2011,2009-01-01,2.8,,2009,1,1,1
131459,651,Cardiovascular hospitalizations due to PM2.5 (age 40+),Estimated annual rate,"per 100,000 adults",UHF42,101,Kingsbridge - Riverdale,2009-2011,2009-01-01,18.3,,2009,1,1,1
131507,650,Respiratory hospitalizations due to PM2.5 (age 20+),Estimated annual rate,"per 100,000 adults",UHF42,101,Kingsbridge - Riverdale,2009-2011,2009-01-01,18.6,,2009,1,1,1
131437,648,Asthma emergency department visits due to PM2.5,Estimated annual rate (under age 18),"per 100,000 children",UHF42,309,Union Square - Lower East Side,2009-2011,2009-01-01,151.9,,2009,1,1,1
131525,650,Respiratory hospitalizations due to PM2.5 (age 20+),Estimated annual rate,"per 100,000 adults",UHF42,301,Washington Heights,2009-2011,2009-01-01,12.5,,2009,1,1,1
131438,648,Asthma emergency department visits due to PM2.5,Estimated annual rate (under age 18),"per 100,000 children",UHF42,310,Lower Manhattan,2009-2011,2009-01-01,57.2,,2009,1,1,1
151486,659,Asthma emergency departments visits due to Ozone,Estimated annual rate (age 18+),"per 100,000 adults",UHF42,201,Greenpoint,2009-2011,2009-01-01,26.9,,2009,1,1,1
151463,653,Asthma emergency departments visits due to Ozone,Estimated annual rate (under age 18),"per 100,000 children",UHF42,405,Ridgewood - Forest Hills,2009-2011,2009-01-01,56.3,,2009,1,1,1
151538,655,Asthma hospitalizations due to Ozone,Estimated annual rate (under age 18),"per 100,000 children",UHF42,205,Sunset Park,2009-2011,2009-01-01,10.8,,2009,1,1,1
151422,652,Cardiac and respiratory deaths due to Ozone,Estimated annual rate,"per 100,000",UHF42,502,Stapleton - St. George,2009-2011,2009-01-01,8.4,,2009,1,1,1
151442,653,Asthma emergency departments visits due to Ozone,Estimated annual rate (under age 18),"per 100,000 children",UHF42,205,Sunset Park,2009-2011,2009-01-01,59.5,,2009,1,1,1
131444,648,Asthma emergency department visits due to PM2.5,Estimated annual rate (under age 18),"per 100,000 children",UHF42,406,Fresh Meadows,2009-2011,2009-01-01,47.7,,2009,1,1,1
151440,653,Asthma emergency departments visits due to Ozone,Estimated annual rate (under age 18),"per 100,000 children",UHF42,203,Bedford Stuyvesant - Crown Heights,2009-2011,2009-01-01,191.4,,2009,1,1,1
151536,655,Asthma hospitalizations due to Ozone,Estimated annual rate (under age 18),"per 100,000 children",UHF42,203,Bedford Stuyvesant - Crown Heights,2009-2011,2009-01-01,40.2,,2009,1,1,1
151384,652,Cardiac and respiratory deaths due to Ozone,Estimated annual rate,"per 100,000",UHF42,102,Northeast Bronx,2009-2011,2009-01-01,5.4,,2009,1,1,1
151471,653,Asthma emergency departments visits due to Ozone,Estimated annual rate (under age 18),"per 100,000 children",UHF42,503,Willowbrook,2009-2011,2009-01-01,47.3,,2009,1,1,1
131411,648,Asthma emergency department visits due to PM2.5,Estimated annual rate (under age 18),"per 100,000 children",UHF42,101,Kingsbridge - Riverdale,2009-2011,2009-01-01,60.7,,2009,1,1,1
151567,655,Asthma hospitalizations due to Ozone,Estimated annual rate (under age 18),"per 100,000 children",UHF42,503,Willowbrook,2009-2011,2009-01-01,10.0,,2009,1,1,1
131449,648,Asthma emergency department visits due to PM2.5,Estimated annual rate (under age 18),"per 100,000 children",UHF42,501,Port Richmond,2009-2011,2009-01-01,92.0,,2009,1,1,1
151497,659,Asthma emergency departments visits due to Ozone,Estimated annual rate (age 18+),"per 100,000 adults",UHF42,301,Washington Heights,2009-2011,2009-01-01,41.7,,2009,1,1,1
151517,659,Asthma emergency departments visits due to Ozone,Estimated annual rate (age 18+),"per 100,000 adults",UHF42,501,Port Richmond,2009-2011,2009-01-01,84.7,,2009,1,1,1
151557,655,Asthma hospitalizations due to Ozone,Estimated annual rate (under age 18),"per 100,000 children",UHF42,403,Flushing - Clearview,2009-2011,2009-01-01,11.2,,2009,1,1,1
151621,661,Asthma hospitalizations due to Ozone,Estimated annual rate (age 18+),"per 100,000 adults",Borough,4,Queens,2009-2011,2009-01-01,4.2,,2009,1,1,1
151461,653,Asthma emergency departments visits due to Ozone,Estimated annual rate (under age 18),"per 100,000 children",UHF42,403,Flushing - Clearview,2009-2011,2009-01-01,40.0,,2009,1,1,1
151531,655,Asthma hospitalizations due to Ozone,Estimated annual rate (under age 18),"per 100,000 children",UHF42,105,Crotona -Tremont,2009-2011,2009-01-01,39.6,,2009,1,1,1
151448,653,Asthma emergency departments visits due to Ozone,Estimated annual rate (under age 18),"per 100,000 children",UHF42,211,Williamsburg - Bushwick,2009-2011,2009-01-01,185.8,,2009,1,1,1
151425,652,Cardiac and respiratory deaths due to Ozone,Estimated annual rate,"per 100,000",Citywide,1,New York City,2009-2011,2009-01-01,4.7,,2009,1,1,1
151435,653,Asthma emergency departments visits due to Ozone,Estimated annual rate (under age 18),"per 100,000 children",UHF42,105,Crotona -Tremont,2009-2011,2009-01-01,183.9,,2009,1,1,1
151598,661,Asthma hospitalizations due to Ozone,Estimated annual rate (age 18+),"per 100,000 adults",UHF42,306,Chelsea - Clinton,2009-2011,2009-01-01,2.8,,2009,1,1,1
151479,659,Asthma emergency departments visits due to Ozone,Estimated annual rate (age 18+),"per 100,000 adults",UHF42,101,Kingsbridge - Riverdale,2009-2011,2009-01-01,26.5,,2009,1,1,1
131389,657,Asthma emergency department visits due to PM2.5,Estimated annual rate (age 18+),"per 100,000 adults",UHF42,309,Union Square - Lower East Side,2009-2011,2009-01-01,45.5,,2009,1,1,1
151401,652,Cardiac and respiratory deaths due to Ozone,Estimated annual rate,"per 100,000",UHF42,301,Washington Heights,2009-2011,2009-01-01,3.2,,2009,1,1,1
151537,655,Asthma hospitalizations due to Ozone,Estimated annual rate (under age 18),"per 100,000 children",UHF42,204,East New York,2009-2011,2009-01-01,29.8,,2009,1,1,1
131470,651,Cardiovascular hospitalizations due to PM2.5 (age 40+),Estimated annual rate,"per 100,000 adults",UHF42,205,Sunset Park,2009-2011,2009-01-01,17.1,,2009,1,1,1
151594,661,Asthma hospitalizations due to Ozone,Estimated annual rate (age 18+),"per 100,000 adults",UHF42,302,Central Harlem - Morningside Heights,2009-2011,2009-01-01,10.3,,2009,1,1,1
151421,652,Cardiac and respiratory deaths due to Ozone,Estimated annual rate,"per 100,000",UHF42,501,Port Richmond,2009-2011,2009-01-01,5.7,,2009,1,1,1
131482,651,Cardiovascular hospitalizations due to PM2.5 (age 40+),Estimated annual rate,"per 100,000 adults",UHF42,306,Chelsea - Clinton,2009-2011,2009-01-01,11.7,,2009,1,1,1
151560,655,Asthma hospitalizations due to Ozone,Estimated annual rate (under age 18),"per 100,000 children",UHF42,406,Fresh Meadows,2009-2011,2009-01-01,13.6,,2009,1,1,1
151432,653,Asthma emergency departments visits due to Ozone,Estimated annual rate (under age 18),"per 100,000 children",UHF42,102,Northeast Bronx,2009-2011,2009-01-01,79.3,,2009,1,1,1
151439,653,Asthma emergency departments visits due to Ozone,Estimated annual rate (under age 18),"per 100,000 children",UHF42,202,Downtown - Heights - Slope,2009-2011,2009-01-01,95.3,,2009,1,1,1
151510,659,Asthma emergency departments visits due to Ozone,Estimated annual rate (age 18+),"per 100,000 adults",UHF42,404,Bayside - Little Neck,2009-2011,2009-01-01,7.8,,2009,1,1,1
151454,653,Asthma emergency departments visits due to Ozone,Estimated annual rate (under age 18),"per 100,000 children",UHF42,306,Chelsea - Clinton,2009-2011,2009-01-01,91.6,,2009,1,1,1
151550,655,Asthma hospitalizations due to Ozone,Estimated annual rate (under age 18),"per 100,000 children",UHF42,306,Chelsea - Clinton,2009-2011,2009-01-01,14.1,,2009,1,1,1
131460,651,Cardiovascular hospitalizations due to PM2.5 (age 40+),Estimated annual rate,"per 100,000 adults",UHF42,102,Northeast Bronx,2009-2011,2009-01-01,16.2,,2009,1,1,1
131591,639,Deaths due to PM2.5,Estimated annual rate (age 30+),"per 100,000 adults",UHF42,409,Southeast Queens,2009-2011,2009-01-01,34.4,,2009,1,1,1
131428,648,Asthma emergency department visits due to PM2.5,Estimated annual rate (under age 18),"per 100,000 children",UHF42,211,Williamsburg - Bushwick,2009-2011,2009-01-01,184.6,,2009,1,1,1
131467,651,Cardiovascular hospitalizations due to PM2.5 (age 40+),Estimated annual rate,"per 100,000 adults",UHF42,202,Downtown - Heights - Slope,2009-2011,2009-01-01,19.8,,2009,1,1,1
151480,659,Asthma emergency departments visits due to Ozone,Estimated annual rate (age 18+),"per 100,000 adults",UHF42,102,Northeast Bronx,2009-2011,2009-01-01,42.2,,2009,1,1,1
131432,648,Asthma emergency department visits due to PM2.5,Estimated annual rate (under age 18),"per 100,000 children",UHF42,304,Upper West Side,2009-2011,2009-01-01,74.2,,2009,1,1,1
131598,639,Deaths due to PM2.5,Estimated annual rate (age 30+),"per 100,000 adults",Borough,1,Bronx,2009-2011,2009-01-01,55.0,,2009,1,1,1
131364,657,Asthma emergency department visits due to PM2.5,Estimated annual rate (age 18+),"per 100,000 adults",UHF42,102,Northeast Bronx,2009-2011,2009-01-01,37.6,,2009,1,1,1
131560,639,Deaths due to PM2.5,Estimated annual rate (age 30+),"per 100,000 adults",UHF42,106,High Bridge - Morrisania,2009-2011,2009-01-01,55.8,,2009,1,1,1
131510,650,Respiratory hospitalizations due to PM2.5 (age 20+),Estimated annual rate,"per 100,000 adults",UHF42,104,Pelham - Throgs Neck,2009-2011,2009-01-01,19.7,,2009,1,1,1
131554,650,Respiratory hospitalizations due to PM2.5 (age 20+),Estimated annual rate,"per 100,000 adults",Borough,5,Staten Island,2009-2011,2009-01-01,14.2,,2009,1,1,1
151502,659,Asthma emergency departments visits due to Ozone,Estimated annual rate (age 18+),"per 100,000 adults",UHF42,306,Chelsea - Clinton,2009-2011,2009-01-01,24.6,,2009,1,1,1
131473,651,Cardiovascular hospitalizations due to PM2.5 (age 40+),Estimated annual rate,"per 100,000 adults",UHF42,208,Canarsie - Flatlands,2009-2011,2009-01-01,18.3,,2009,1,1,1
131472,651,Cardiovascular hospitalizations due to PM2.5 (age 40+),Estimated annual rate,"per 100,000 adults",UHF42,207,East Flatbush - Flatbush,2009-2011,2009-01-01,18.5,,2009,1,1,1
131483,651,Cardiovascular hospitalizations due to PM2.5 (age 40+),Estimated annual rate,"per 100,000 adults",UHF42,307,Gramercy Park - Murray Hill,2009-2011,2009-01-01,12.9,,2009,1,1,1
131384,657,Asthma emergency department visits due to PM2.5,Estimated annual rate (age 18+),"per 100,000 adults",UHF42,304,Upper West Side,2009-2011,2009-01-01,25.5,,2009,1,1,1
131493,651,Cardiovascular hospitalizations due to PM2.5 (age 40+),Estimated annual rate,"per 100,000 adults",UHF42,407,Southwest Queens,2009-2011,2009-01-01,19.9,,2009,1,1,1
131502,651,Cardiovascular hospitalizations due to PM2.5 (age 40+),Estimated annual rate,"per 100,000 adults",Borough,1,Bronx,2009-2011,2009-01-01,18.8,,2009,1,1,1
151600,661,Asthma hospitalizations due to Ozone,Estimated annual rate (age 18+),"per 100,000 adults",UHF42,308,Greenwich Village - SoHo,2009-2011,2009-01-01,1.0,,2009,1,1,1
131380,657,Asthma emergency department visits due to PM2.5,Estimated annual rate (age 18+),"per 100,000 adults",UHF42,211,Williamsburg - Bushwick,2009-2011,2009-01-01,106.8,,2009,1,1,1
131503,651,Cardiovascular hospitalizations due to PM2.5 (age 40+),Estimated annual rate,"per 100,000 adults",Borough,2,Brooklyn,2009-2011,2009-01-01,20.6,,2009,1,1,1
131439,648,Asthma emergency department visits due to PM2.5,Estimated annual rate (under age 18),"per 100,000 children",UHF42,401,Long Island City - Astoria,2009-2011,2009-01-01,79.4,,2009,1,1,1
151534,655,Asthma hospitalizations due to Ozone,Estimated annual rate (under age 18),"per 100,000 children",UHF42,201,Greenpoint,2009-2011,2009-01-01,10.3,,2009,1,1,1
131484,651,Cardiovascular hospitalizations due to PM2.5 (age 40+),Estimated annual rate,"per 100,000 adults",UHF42,308,Greenwich Village - SoHo,2009-2011,2009-01-01,9.6,,2009,1,1,1
131494,651,Cardiovascular hospitalizations due to PM2.5 (age 40+),Estimated annual rate,"per 100,000 adults",UHF42,408,Jamaica,2009-2011,2009-01-01,18.9,,2009,1,1,1
131521,650,Respiratory hospitalizations due to PM2.5 (age 20+),Estimated annual rate,"per 100,000 adults",UHF42,208,Canarsie - Flatlands,2009-2011,2009-01-01,12.5,,2009,1,1,1
131551,650,Respiratory hospitalizations due to PM2.5 (age 20+),Estimated annual rate,"per 100,000 adults",Borough,2,Brooklyn,2009-2011,2009-01-01,13.3,,2009,1,1,1
131378,657,Asthma emergency department visits due to PM2.5,Estimated annual rate (age 18+),"per 100,000 adults",UHF42,209,Bensonhurst - Bay Ridge,2009-2011,2009-01-01,11.3,,2009,1,1,1
151611,661,Asthma hospitalizations due to Ozone,Estimated annual rate (age 18+),"per 100,000 adults",UHF42,409,Southeast Queens,2009-2011,2009-01-01,5.0,,2009,1,1,1
151612,661,Asthma hospitalizations due to Ozone,Estimated annual rate (age 18+),"per 100,000 adults",UHF42,410,Rockaways,2009-2011,2009-01-01,9.0,,2009,1,1,1
151518,659,Asthma emergency departments visits due to Ozone,Estimated annual rate (age 18+),"per 100,000 adults",UHF42,502,Stapleton - St. George,2009-2011,2009-01-01,58.1,,2009,1,1,1
151508,659,Asthma emergency departments visits due to Ozone,Estimated annual rate (age 18+),"per 100,000 adults",UHF42,402,West Queens,2009-2011,2009-01-01,16.1,,2009,1,1,1
151606,661,Asthma hospitalizations due to Ozone,Estimated annual rate (age 18+),"per 100,000 adults",UHF42,404,Bayside - Little Neck,2009-2011,2009-01-01,2.2,,2009,1,1,1
131392,657,Asthma emergency department visits due to PM2.5,Estimated annual rate (age 18+),"per 100,000 adults",UHF42,402,West Queens,2009-2011,2009-01-01,15.6,,2009,1,1,1
151587,661,Asthma hospitalizations due to Ozone,Estimated annual rate (age 18+),"per 100,000 adults",UHF42,206,Borough Park,2009-2011,2009-01-01,3.8,,2009,1,1,1
151620,661,Asthma hospitalizations due to Ozone,Estimated annual rate (age 18+),"per 100,000 adults",Borough,3,Manhattan,2009-2011,2009-01-01,4.9,,2009,1,1,1
151592,661,Asthma hospitalizations due to Ozone,Estimated annual rate (age 18+),"per 100,000 adults",UHF42,211,Williamsburg - Bushwick,2009-2011,2009-01-01,13.6,,2009,1,1,1
151578,661,Asthma hospitalizations due to Ozone,Estimated annual rate (age 18+),"per 100,000 adults",UHF42,104,Pelham - Throgs Neck,2009-2011,2009-01-01,11.7,,2009,1,1,1
131563,639,Deaths due to PM2.5,Estimated annual rate (age 30+),"per 100,000 adults",UHF42,202,Downtown - Heights - Slope,2009-2011,2009-01-01,40.5,,2009,1,1,1
151487,659,Asthma emergency departments visits due to Ozone,Estimated annual rate (age 18+),"per 100,000 adults",UHF42,202,Downtown - Heights - Slope,2009-2011,2009-01-01,43.5,,2009,1,1,1
151580,661,Asthma hospitalizations due to Ozone,Estimated annual rate (age 18+),"per 100,000 adults",UHF42,106,High Bridge - Morrisania,2009-2011,2009-01-01,16.4,,2009,1,1,1
151601,661,Asthma hospitalizations due to Ozone,Estimated annual rate (age 18+),"per 100,000 adults",UHF42,309,Union Square - Lower East Side,2009-2011,2009-01-01,5.6,,2009,1,1,1
151602,661,Asthma hospitalizations due to Ozone,Estimated annual rate (age 18+),"per 100,000 adults",UHF42,310,Lower Manhattan,2009-2011,2009-01-01,2.6,,2009,1,1,1
131399,657,Asthma emergency department visits due to PM2.5,Estimated annual rate (age 18+),"per 100,000 adults",UHF42,409,Southeast Queens,2009-2011,2009-01-01,27.4,,2009,1,1,1
131390,657,Asthma emergency department visits due to PM2.5,Estimated annual rate (age 18+),"per 100,000 adults",UHF42,310,Lower Manhattan,2009-2011,2009-01-01,25.7,,2009,1,1,1
151417,652,Cardiac and respiratory deaths due to Ozone,Estimated annual rate,"per 100,000",UHF42,407,Southwest Queens,2009-2011,2009-01-01,4.0,,2009,1,1,1
151426,652,Cardiac and respiratory deaths due to Ozone,Estimated annual rate,"per 100,000",Borough,1,Bronx,2009-2011,2009-01-01,4.1,,2009,1,1,1
131524,650,Respiratory hospitalizations due to PM2.5 (age 20+),Estimated annual rate,"per 100,000 adults",UHF42,211,Williamsburg - Bushwick,2009-2011,2009-01-01,18.2,,2009,1,1,1
131523,650,Respiratory hospitalizations due to PM2.5 (age 20+),Estimated annual rate,"per 100,000 adults",UHF42,210,Coney Island - Sheepshead Bay,2009-2011,2009-01-01,15.4,,2009,1,1,1
131552,650,Respiratory hospitalizations due to PM2.5 (age 20+),Estimated annual rate,"per 100,000 adults",Borough,3,Manhattan,2009-2011,2009-01-01,12.6,,2009,1,1,1
131400,657,Asthma emergency department visits due to PM2.5,Estimated annual rate (age 18+),"per 100,000 adults",UHF42,410,Rockaways,2009-2011,2009-01-01,47.8,,2009,1,1,1
151585,661,Asthma hospitalizations due to Ozone,Estimated annual rate (age 18+),"per 100,000 adults",UHF42,204,East New York,2009-2011,2009-01-01,11.5,,2009,1,1,1
131410,657,Asthma emergency department visits due to PM2.5,Estimated annual rate (age 18+),"per 100,000 adults",Borough,5,Staten Island,2009-2011,2009-01-01,28.1,,2009,1,1,1
151516,659,Asthma emergency departments visits due to Ozone,Estimated annual rate (age 18+),"per 100,000 adults",UHF42,410,Rockaways,2009-2011,2009-01-01,59.7,,2009,1,1,1
151515,659,Asthma emergency departments visits due to Ozone,Estimated annual rate (age 18+),"per 100,000 adults",UHF42,409,Southeast Queens,2009-2011,2009-01-01,35.5,,2009,1,1,1
151495,659,Asthma emergency departments visits due to Ozone,Estimated annual rate (age 18+),"per 100,000 adults",UHF42,210,Coney Island - Sheepshead Bay,2009-2011,2009-01-01,24.0,,2009,1,1,1
151505,659,Asthma emergency departments visits due to Ozone,Estimated annual rate (age 18+),"per 100,000 adults",UHF42,309,Union Square - Lower East Side,2009-2011,2009-01-01,42.5,,2009,1,1,1
151506,659,Asthma emergency departments visits due to Ozone,Estimated annual rate (age 18+),"per 100,000 adults",UHF42,310,Lower Manhattan,2009-2011,2009-01-01,27.0,,2009,1,1,1
151491,659,Asthma emergency departments visits due to Ozone,Estimated annual rate (age 18+),"per 100,000 adults",UHF42,206,Borough Park,2009-2011,2009-01-01,15.4,,2009,1,1,1
151622,661,Asthma hospitalizations due to Ozone,Estimated annual rate (age 18+),"per 100,000 adults",Borough,5,Staten Island,2009-2011,2009-01-01,6.8,,2009,1,1,1
151529,655,Asthma hospitalizations due to Ozone,Estimated annual rate (under age 18),"per 100,000 children",UHF42,103,Fordham - Bronx Pk,2009-2011,2009-01-01,43.6,,2009,1,1,1
131584,639,Deaths due to PM2.5,Estimated annual rate (age 30+),"per 100,000 adults",UHF42,402,West Queens,2009-2011,2009-01-01,33.2,,2009,1,1,1
131427,648,Asthma emergency department visits due to PM2.5,Estimated annual rate (under age 18),"per 100,000 children",UHF42,210,Coney Island - Sheepshead Bay,2009-2011,2009-01-01,35.1,,2009,1,1,1
131594,639,Deaths due to PM2.5,Estimated annual rate (age 30+),"per 100,000 adults",UHF42,502,Stapleton - St. George,2009-2011,2009-01-01,54.3,,2009,1,1,1
131557,639,Deaths due to PM2.5,Estimated annual rate (age 30+),"per 100,000 adults",UHF42,103,Fordham - Bronx Pk,2009-2011,2009-01-01,49.6,,2009,1,1,1
151424,652,Cardiac and respiratory deaths due to Ozone,Estimated annual rate,"per 100,000",UHF42,504,South Beach - Tottenville,2009-2011,2009-01-01,7.3,,2009,1,1,1
131408,657,Asthma emergency department visits due to PM2.5,Estimated annual rate (age 18+),"per 100,000 adults",Borough,3,Manhattan,2009-2011,2009-01-01,45.7,,2009,1,1,1
151400,652,Cardiac and respiratory deaths due to Ozone,Estimated annual rate,"per 100,000",UHF42,211,Williamsburg - Bushwick,2009-2011,2009-01-01,3.7,,2009,1,1,1
151494,659,Asthma emergency departments visits due to Ozone,Estimated annual rate (age 18+),"per 100,000 adults",UHF42,209,Bensonhurst - Bay Ridge,2009-2011,2009-01-01,13.7,,2009,1,1,1
151524,659,Asthma emergency departments visits due to Ozone,Estimated annual rate (age 18+),"per 100,000 adults",Borough,3,Manhattan,2009-2011,2009-01-01,43.2,,2009,1,1,1
151566,655,Asthma hospitalizations due to Ozone,Estimated annual rate (under age 18),"per 100,000 children",UHF42,502,Stapleton - St. George,2009-2011,2009-01-01,16.0,,2009,1,1,1
151470,653,Asthma emergency departments visits due to Ozone,Estimated annual rate (under age 18),"per 100,000 children",UHF42,502,Stapleton - St. George,2009-2011,2009-01-01,101.7,,2009,1,1,1
131532,650,Respiratory hospitalizations due to PM2.5 (age 20+),Estimated annual rate,"per 100,000 adults",UHF42,308,Greenwich Village - SoHo,2009-2011,2009-01-01,5.4,,2009,1,1,1
131536,650,Respiratory hospitalizations due to PM2.5 (age 20+),Estimated annual rate,"per 100,000 adults",UHF42,402,West Queens,2009-2011,2009-01-01,9.6,,2009,1,1,1
131479,651,Cardiovascular hospitalizations due to PM2.5 (age 40+),Estimated annual rate,"per 100,000 adults",UHF42,303,East Harlem,2009-2011,2009-01-01,23.3,,2009,1,1,1
131463,651,Cardiovascular hospitalizations due to PM2.5 (age 40+),Estimated annual rate,"per 100,000 adults",UHF42,105,Crotona -Tremont,2009-2011,2009-01-01,21.6,,2009,1,1,1
131491,651,Cardiovascular hospitalizations due to PM2.5 (age 40+),Estimated annual rate,"per 100,000 adults",UHF42,405,Ridgewood - Forest Hills,2009-2011,2009-01-01,15.7,,2009,1,1,1
131601,639,Deaths due to PM2.5,Estimated annual rate (age 30+),"per 100,000 adults",Borough,4,Queens,2009-2011,2009-01-01,40.5,,2009,1,1,1
151511,659,Asthma emergency departments visits due to Ozone,Estimated annual rate (age 18+),"per 100,000 adults",UHF42,405,Ridgewood - Forest Hills,2009-2011,2009-01-01,16.6,,2009,1,1,1
151499,659,Asthma emergency departments visits due to Ozone,Estimated annual rate (age 18+),"per 100,000 adults",UHF42,303,East Harlem,2009-2011,2009-01-01,135.2,,2009,1,1,1
151583,661,Asthma hospitalizations due to Ozone,Estimated annual rate (age 18+),"per 100,000 adults",UHF42,202,Downtown - Heights - Slope,2009-2011,2009-01-01,6.6,,2009,1,1,1
151483,659,Asthma emergency departments visits due to Ozone,Estimated annual rate (age 18+),"per 100,000 adults",UHF42,105,Crotona -Tremont,2009-2011,2009-01-01,127.4,,2009,1,1,1
131391,657,Asthma emergency department visits due to PM2.5,Estimated annual rate (age 18+),"per 100,000 adults",UHF42,401,Long Island City - Astoria,2009-2011,2009-01-01,28.1,,2009,1,1,1
131375,657,Asthma emergency department visits due to PM2.5,Estimated annual rate (age 18+),"per 100,000 adults",UHF42,206,Borough Park,2009-2011,2009-01-01,13.2,,2009,1,1,1
131373,657,Asthma emergency department visits due to PM2.5,Estimated annual rate (age 18+),"per 100,000 adults",UHF42,204,East New York,2009-2011,2009-01-01,85.0,,2009,1,1,1
131394,657,Asthma emergency department visits due to PM2.5,Estimated annual rate (age 18+),"per 100,000 adults",UHF42,404,Bayside - Little Neck,2009-2011,2009-01-01,6.7,,2009,1,1,1
151509,659,Asthma emergency departments visits due to Ozone,Estimated annual rate (age 18+),"per 100,000 adults",UHF42,403,Flushing - Clearview,2009-2011,2009-01-01,10.5,,2009,1,1,1
131422,648,Asthma emergency department visits due to PM2.5,Estimated annual rate (under age 18),"per 100,000 children",UHF42,205,Sunset Park,2009-2011,2009-01-01,51.3,,2009,1,1,1
151519,659,Asthma emergency departments visits due to Ozone,Estimated annual rate (age 18+),"per 100,000 adults",UHF42,503,Willowbrook,2009-2011,2009-01-01,22.3,,2009,1,1,1
131509,650,Respiratory hospitalizations due to PM2.5 (age 20+),Estimated annual rate,"per 100,000 adults",UHF42,103,Fordham - Bronx Pk,2009-2011,2009-01-01,20.5,,2009,1,1,1
131511,650,Respiratory hospitalizations due to PM2.5 (age 20+),Estimated annual rate,"per 100,000 adults",UHF42,105,Crotona -Tremont,2009-2011,2009-01-01,25.1,,2009,1,1,1
131386,657,Asthma emergency department visits due to PM2.5,Estimated annual rate (age 18+),"per 100,000 adults",UHF42,306,Chelsea - Clinton,2009-2011,2009-01-01,25.3,,2009,1,1,1
131581,639,Deaths due to PM2.5,Estimated annual rate (age 30+),"per 100,000 adults",UHF42,309,Union Square - Lower East Side,2009-2011,2009-01-01,58.8,,2009,1,1,1
131421,648,Asthma emergency department visits due to PM2.5,Estimated annual rate (under age 18),"per 100,000 children",UHF42,204,East New York,2009-2011,2009-01-01,153.2,,2009,1,1,1
131372,657,Asthma emergency department visits due to PM2.5,Estimated annual rate (age 18+),"per 100,000 adults",UHF42,203,Bedford Stuyvesant - Crown Heights,2009-2011,2009-01-01,95.4,,2009,1,1,1
131517,650,Respiratory hospitalizations due to PM2.5 (age 20+),Estimated annual rate,"per 100,000 adults",UHF42,204,East New York,2009-2011,2009-01-01,13.9,,2009,1,1,1
131382,657,Asthma emergency department visits due to PM2.5,Estimated annual rate (age 18+),"per 100,000 adults",UHF42,302,Central Harlem - Morningside Heights,2009-2011,2009-01-01,137.0,,2009,1,1,1
131528,650,Respiratory hospitalizations due to PM2.5 (age 20+),Estimated annual rate,"per 100,000 adults",UHF42,304,Upper West Side,2009-2011,2009-01-01,11.6,,2009,1,1,1
151576,661,Asthma hospitalizations due to Ozone,Estimated annual rate (age 18+),"per 100,000 adults",UHF42,102,Northeast Bronx,2009-2011,2009-01-01,9.8,,2009,1,1,1
131396,657,Asthma emergency department visits due to PM2.5,Estimated annual rate (age 18+),"per 100,000 adults",UHF42,406,Fresh Meadows,2009-2011,2009-01-01,17.2,,2009,1,1,1
151556,655,Asthma hospitalizations due to Ozone,Estimated annual rate (under age 18),"per 100,000 children",UHF42,402,West Queens,2009-2011,2009-01-01,9.2,,2009,1,1,1
151460,653,Asthma emergency departments visits due to Ozone,Estimated annual rate (under age 18),"per 100,000 children",UHF42,402,West Queens,2009-2011,2009-01-01,72.4,,2009,1,1,1
131371,657,Asthma emergency department visits due to PM2.5,Estimated annual rate (age 18+),"per 100,000 adults",UHF42,202,Downtown - Heights - Slope,2009-2011,2009-01-01,40.7,,2009,1,1,1
131599,639,Deaths due to PM2.5,Estimated annual rate (age 30+),"per 100,000 adults",Borough,2,Brooklyn,2009-2011,2009-01-01,50.1,,2009,1,1,1
131555,639,Deaths due to PM2.5,Estimated annual rate (age 30+),"per 100,000 adults",UHF42,101,Kingsbridge - Riverdale,2009-2011,2009-01-01,77.6,,2009,1,1,1
131381,657,Asthma emergency department visits due to PM2.5,Estimated annual rate (age 18+),"per 100,000 adults",UHF42,301,Washington Heights,2009-2011,2009-01-01,44.5,,2009,1,1,1
151593,661,Asthma hospitalizations due to Ozone,Estimated annual rate (age 18+),"per 100,000 adults",UHF42,301,Washington Heights,2009-2011,2009-01-01,5.8,,2009,1,1,1
151438,653,Asthma emergency departments visits due to Ozone,Estimated annual rate (under age 18),"per 100,000 children",UHF42,201,Greenpoint,2009-2011,2009-01-01,58.6,,2009,1,1,1
151449,653,Asthma emergency departments visits due to Ozone,Estimated annual rate (under age 18),"per 100,000 children",UHF42,301,Washington Heights,2009-2011,2009-01-01,130.2,,2009,1,1,1
131417,648,Asthma emergency department visits due to PM2.5,Estimated annual rate (under age 18),"per 100,000 children",UHF42,107,Hunts Point - Mott Haven,2009-2011,2009-01-01,251.3,,2009,1,1,1
151433,653,Asthma emergency departments visits due to Ozone,Estimated annual rate (under age 18),"per 100,000 children",UHF42,103,Fordham - Bronx Pk,2009-2011,2009-01-01,125.0,,2009,1,1,1
131435,648,Asthma emergency department visits due to PM2.5,Estimated annual rate (under age 18),"per 100,000 children",UHF42,307,Gramercy Park - Murray Hill,2009-2011,2009-01-01,69.7,,2009,1,1,1
151459,653,Asthma emergency departments visits due to Ozone,Estimated annual rate (under age 18),"per 100,000 children",UHF42,401,Long Island City - Astoria,2009-2011,2009-01-01,75.0,,2009,1,1,1
131567,639,Deaths due to PM2.5,Estimated annual rate (age 30+),"per 100,000 adults",UHF42,206,Borough Park,2009-2011,2009-01-01,50.3,,2009,1,1,1
131582,639,Deaths due to PM2.5,Estimated annual rate (age 30+),"per 100,000 adults",UHF42,310,Lower Manhattan,2009-2011,2009-01-01,36.4,,2009,1,1,1
131592,639,Deaths due to PM2.5,Estimated annual rate (age 30+),"per 100,000 adults",UHF42,410,Rockaways,2009-2011,2009-01-01,69.8,,2009,1,1,1
151484,659,Asthma emergency departments visits due to Ozone,Estimated annual rate (age 18+),"per 100,000 adults",UHF42,106,High Bridge - Morrisania,2009-2011,2009-01-01,113.1,,2009,1,1,1
131368,657,Asthma emergency department visits due to PM2.5,Estimated annual rate (age 18+),"per 100,000 adults",UHF42,106,High Bridge - Morrisania,2009-2011,2009-01-01,130.1,,2009,1,1,1
151513,659,Asthma emergency departments visits due to Ozone,Estimated annual rate (age 18+),"per 100,000 adults",UHF42,407,Southwest Queens,2009-2011,2009-01-01,35.0,,2009,1,1,1
151485,659,Asthma emergency departments visits due to Ozone,Estimated annual rate (age 18+),"per 100,000 adults",UHF42,107,Hunts Point - Mott Haven,2009-2011,2009-01-01,119.1,,2009,1,1,1
151493,659,Asthma emergency departments visits due to Ozone,Estimated annual rate (age 18+),"per 100,000 adults",UHF42,208,Canarsie - Flatlands,2009-2011,2009-01-01,49.8,,2009,1,1,1
131526,650,Respiratory hospitalizations due to PM2.5 (age 20+),Estimated annual rate,"per 100,000 adults",UHF42,302,Central Harlem - Morningside Heights,2009-2011,2009-01-01,18.8,,2009,1,1,1
151504,659,Asthma emergency departments visits due to Ozone,Estimated annual rate (age 18+),"per 100,000 adults",UHF42,308,Greenwich Village - SoHo,2009-2011,2009-01-01,8.9,,2009,1,1,1
131436,648,Asthma emergency department visits due to PM2.5,Estimated annual rate (under age 18),"per 100,000 children",UHF42,308,Greenwich Village - SoHo,2009-2011,2009-01-01,24.5,,2009,1,1,1
151503,659,Asthma emergency departments visits due to Ozone,Estimated annual rate (age 18+),"per 100,000 adults",UHF42,307,Gramercy Park - Murray Hill,2009-2011,2009-01-01,19.6,,2009,1,1,1
151522,659,Asthma emergency departments visits due to Ozone,Estimated annual rate (age 18+),"per 100,000 adults",Borough,1,Bronx,2009-2011,2009-01-01,79.8,,2009,1,1,1
151492,659,Asthma emergency departments visits due to Ozone,Estimated annual rate (age 18+),"per 100,000 adults",UHF42,207,East Flatbush - Flatbush,2009-2011,2009-01-01,65.9,,2009,1,1,1
151523,659,Asthma emergency departments visits due to Ozone,Estimated annual rate (age 18+),"per 100,000 adults",Borough,2,Brooklyn,2009-2011,2009-01-01,54.0,,2009,1,1,1
151528,655,Asthma hospitalizations due to Ozone,Estimated annual rate (under age 18),"per 100,000 children",UHF42,102,Northeast Bronx,2009-2011,2009-01-01,32.2,,2009,1,1,1
151535,655,Asthma hospitalizations due to Ozone,Estimated annual rate (under age 18),"per 100,000 children",UHF42,202,Downtown - Heights - Slope,2009-2011,2009-01-01,20.5,,2009,1,1,1
131520,650,Respiratory hospitalizations due to PM2.5 (age 20+),Estimated annual rate,"per 100,000 adults",UHF42,207,East Flatbush - Flatbush,2009-2011,2009-01-01,10.5,,2009,1,1,1
131443,648,Asthma emergency department visits due to PM2.5,Estimated annual rate (under age 18),"per 100,000 children",UHF42,405,Ridgewood - Forest Hills,2009-2011,2009-01-01,51.1,,2009,1,1,1
151527,655,Asthma hospitalizations due to Ozone,Estimated annual rate (under age 18),"per 100,000 children",UHF42,101,Kingsbridge - Riverdale,2009-2011,2009-01-01,22.3,,2009,1,1,1
151431,653,Asthma emergency departments visits due to Ozone,Estimated annual rate (under age 18),"per 100,000 children",UHF42,101,Kingsbridge - Riverdale,2009-2011,2009-01-01,66.2,,2009,1,1,1
131388,657,Asthma emergency department visits due to PM2.5,Estimated annual rate (age 18+),"per 100,000 adults",UHF42,308,Greenwich Village - SoHo,2009-2011,2009-01-01,9.2,,2009,1,1,1
131543,650,Respiratory hospitalizations due to PM2.5 (age 20+),Estimated annual rate,"per 100,000 adults",UHF42,409,Southeast Queens,2009-2011,2009-01-01,10.0,,2009,1,1,1
151450,653,Asthma emergency departments visits due to Ozone,Estimated annual rate (under age 18),"per 100,000 children",UHF42,302,Central Harlem - Morningside Heights,2009-2011,2009-01-01,269.9,,2009,1,1,1
151546,655,Asthma hospitalizations due to Ozone,Estimated annual rate (under age 18),"per 100,000 children",UHF42,302,Central Harlem - Morningside Heights,2009-2011,2009-01-01,38.1,,2009,1,1,1
151427,652,Cardiac and respiratory deaths due to Ozone,Estimated annual rate,"per 100,000",Borough,2,Brooklyn,2009-2011,2009-01-01,5.2,,2009,1,1,1
131407,657,Asthma emergency department visits due to PM2.5,Estimated annual rate (age 18+),"per 100,000 adults",Borough,2,Brooklyn,2009-2011,2009-01-01,48.5,,2009,1,1,1
151434,653,Asthma emergency departments visits due to Ozone,Estimated annual rate (under age 18),"per 100,000 children",UHF42,104,Pelham - Throgs Neck,2009-2011,2009-01-01,116.0,,2009,1,1,1
131597,639,Deaths due to PM2.5,Estimated annual rate (age 30+),"per 100,000 adults",Citywide,1,New York City,2009-2011,2009-01-01,48.2,,2009,1,1,1
151464,653,Asthma emergency departments visits due to Ozone,Estimated annual rate (under age 18),"per 100,000 children",UHF42,406,Fresh Meadows,2009-2011,2009-01-01,60.9,,2009,1,1,1
131414,648,Asthma emergency department visits due to PM2.5,Estimated annual rate (under age 18),"per 100,000 children",UHF42,104,Pelham - Throgs Neck,2009-2011,2009-01-01,121.9,,2009,1,1,1
131577,639,Deaths due to PM2.5,Estimated annual rate (age 30+),"per 100,000 adults",UHF42,305,Upper East Side,2009-2011,2009-01-01,45.3,,2009,1,1,1
131458,648,Asthma emergency department visits due to PM2.5,Estimated annual rate (under age 18),"per 100,000 children",Borough,5,Staten Island,2009-2011,2009-01-01,50.5,,2009,1,1,1
131397,657,Asthma emergency department visits due to PM2.5,Estimated annual rate (age 18+),"per 100,000 adults",UHF42,407,Southwest Queens,2009-2011,2009-01-01,29.8,,2009,1,1,1
151543,655,Asthma hospitalizations due to Ozone,Estimated annual rate (under age 18),"per 100,000 children",UHF42,210,Coney Island - Sheepshead Bay,2009-2011,2009-01-01,8.1,,2009,1,1,1
131575,639,Deaths due to PM2.5,Estimated annual rate (age 30+),"per 100,000 adults",UHF42,303,East Harlem,2009-2011,2009-01-01,69.9,,2009,1,1,1
151441,653,Asthma emergency departments visits due to Ozone,Estimated annual rate (under age 18),"per 100,000 children",UHF42,204,East New York,2009-2011,2009-01-01,164.0,,2009,1,1,1
131559,639,Deaths due to PM2.5,Estimated annual rate (age 30+),"per 100,000 adults",UHF42,105,Crotona -Tremont,2009-2011,2009-01-01,47.4,,2009,1,1,1
151558,655,Asthma hospitalizations due to Ozone,Estimated annual rate (under age 18),"per 100,000 children",UHF42,404,Bayside - Little Neck,2009-2011,2009-01-01,8.5,,2009,1,1,1
151619,661,Asthma hospitalizations due to Ozone,Estimated annual rate (age 18+),"per 100,000 adults",Borough,2,Brooklyn,2009-2011,2009-01-01,7.6,,2009,1,1,1
151472,653,Asthma emergency departments visits due to Ozone,Estimated annual rate (under age 18),"per 100,000 children",UHF42,504,South Beach - Tottenville,2009-2011,2009-01-01,29.8,,2009,1,1,1
131568,639,Deaths due to PM2.5,Estimated annual rate (age 30+),"per 100,000 adults",UHF42,207,East Flatbush - Flatbush,2009-2011,2009-01-01,43.2,,2009,1,1,1
151568,655,Asthma hospitalizations due to Ozone,Estimated annual rate (under age 18),"per 100,000 children",UHF42,504,South Beach - Tottenville,2009-2011,2009-01-01,7.2,,2009,1,1,1
131561,639,Deaths due to PM2.5,Estimated annual rate (age 30+),"per 100,000 adults",UHF42,107,Hunts Point - Mott Haven,2009-2011,2009-01-01,58.8,,2009,1,1,1
131586,639,Deaths due to PM2.5,Estimated annual rate (age 30+),"per 100,000 adults",UHF42,404,Bayside - Little Neck,2009-2011,2009-01-01,34.5,,2009,1,1,1
131580,639,Deaths due to PM2.5,Estimated annual rate (age 30+),"per 100,000 adults",UHF42,308,Greenwich Village - SoHo,2009-2011,2009-01-01,41.0,,2009,1,1,1
131387,657,Asthma emergency department visits due to PM2.5,Estimated annual rate (age 18+),"per 100,000 adults",UHF42,307,Gramercy Park - Murray Hill,2009-2011,2009-01-01,20.7,,2009,1,1,1
151548,655,Asthma hospitalizations due to Ozone,Estimated annual rate (under age 18),"per 100,000 children",UHF42,304,Upper West Side,2009-2011,2009-01-01,11.5,,2009,1,1,1
151549,655,Asthma hospitalizations due to Ozone,Estimated annual rate (under age 18),"per 100,000 children",UHF42,305,Upper East Side,2009-2011,2009-01-01,9.4,,2009,1,1,1
151451,653,Asthma emergency departments visits due to Ozone,Estimated annual rate (under age 18),"per 100,000 children",UHF42,303,East Harlem,2009-2011,2009-01-01,276.0,,2009,1,1,1
151453,653,Asthma emergency departments visits due to Ozone,Estimated annual rate (under age 18),"per 100,000 children",UHF42,305,Upper East Side,2009-2011,2009-01-01,35.4,,2009,1,1,1
151547,655,Asthma hospitalizations due to Ozone,Estimated annual rate (under age 18),"per 100,000 children",UHF42,303,East Harlem,2009-2011,2009-01-01,42.3,,2009,1,1,1
151559,655,Asthma hospitalizations due to Ozone,Estimated annual rate (under age 18),"per 100,000 children",UHF42,405,Ridgewood - Forest Hills,2009-2011,2009-01-01,16.0,,2009,1,1,1
131585,639,Deaths due to PM2.5,Estimated annual rate (age 30+),"per 100,000 adults",UHF42,403,Flushing - Clearview,2009-2011,2009-01-01,43.6,,2009,1,1,1
151437,653,Asthma emergency departments visits due to Ozone,Estimated annual rate (under age 18),"per 100,000 children",UHF42,107,Hunts Point - Mott Haven,2009-2011,2009-01-01,206.3,,2009,1,1,1
131537,650,Respiratory hospitalizations due to PM2.5 (age 20+),Estimated annual rate,"per 100,000 adults",UHF42,403,Flushing - Clearview,2009-2011,2009-01-01,11.3,,2009,1,1,1
131404,657,Asthma emergency department visits due to PM2.5,Estimated annual rate (age 18+),"per 100,000 adults",UHF42,504,South Beach - Tottenville,2009-2011,2009-01-01,11.8,,2009,1,1,1
151444,653,Asthma emergency departments visits due to Ozone,Estimated annual rate (under age 18),"per 100,000 children",UHF42,207,East Flatbush - Flatbush,2009-2011,2009-01-01,129.2,,2009,1,1,1
151445,653,Asthma emergency departments visits due to Ozone,Estimated annual rate (under age 18),"per 100,000 children",UHF42,208,Canarsie - Flatlands,2009-2011,2009-01-01,97.7,,2009,1,1,1
151465,653,Asthma emergency departments visits due to Ozone,Estimated annual rate (under age 18),"per 100,000 children",UHF42,407,Southwest Queens,2009-2011,2009-01-01,89.0,,2009,1,1,1
151561,655,Asthma hospitalizations due to Ozone,Estimated annual rate (under age 18),"per 100,000 children",UHF42,407,Southwest Queens,2009-2011,2009-01-01,18.6,,2009,1,1,1
131406,657,Asthma emergency department visits due to PM2.5,Estimated annual rate (age 18+),"per 100,000 adults",Borough,1,Bronx,2009-2011,2009-01-01,67.0,,2009,1,1,1
151474,653,Asthma emergency departments visits due to Ozone,Estimated annual rate (under age 18),"per 100,000 children",Borough,1,Bronx,2009-2011,2009-01-01,146.7,,2009,1,1,1
151570,655,Asthma hospitalizations due to Ozone,Estimated annual rate (under age 18),"per 100,000 children",Borough,1,Bronx,2009-2011,2009-01-01,37.8,,2009,1,1,1
151616,661,Asthma hospitalizations due to Ozone,Estimated annual rate (age 18+),"per 100,000 adults",UHF42,504,South Beach - Tottenville,2009-2011,2009-01-01,4.2,,2009,1,1,1
131369,657,Asthma emergency department visits due to PM2.5,Estimated annual rate (age 18+),"per 100,000 adults",UHF42,107,Hunts Point - Mott Haven,2009-2011,2009-01-01,138.1,,2009,1,1,1
131596,639,Deaths due to PM2.5,Estimated annual rate (age 30+),"per 100,000 adults",UHF42,504,South Beach - Tottenville,2009-2011,2009-01-01,48.0,,2009,1,1,1
131590,639,Deaths due to PM2.5,Estimated annual rate (age 30+),"per 100,000 adults",UHF42,408,Jamaica,2009-2011,2009-01-01,42.7,,2009,1,1,1
131420,648,Asthma emergency department visits due to PM2.5,Estimated annual rate (under age 18),"per 100,000 children",UHF42,203,Bedford Stuyvesant - Crown Heights,2009-2011,2009-01-01,178.4,,2009,1,1,1
151488,659,Asthma emergency departments visits due to Ozone,Estimated annual rate (age 18+),"per 100,000 adults",UHF42,203,Bedford Stuyvesant - Crown Heights,2009-2011,2009-01-01,105.4,,2009,1,1,1
151573,655,Asthma hospitalizations due to Ozone,Estimated annual rate (under age 18),"per 100,000 children",Borough,4,Queens,2009-2011,2009-01-01,17.0,,2009,1,1,1
151452,653,Asthma emergency departments visits due to Ozone,Estimated annual rate (under age 18),"per 100,000 children",UHF42,304,Upper West Side,2009-2011,2009-01-01,69.8,,2009,1,1,1
151490,659,Asthma emergency departments visits due to Ozone,Estimated annual rate (age 18+),"per 100,000 adults",UHF42,205,Sunset Park,2009-2011,2009-01-01,39.1,,2009,1,1,1
131383,657,Asthma emergency department visits due to PM2.5,Estimated annual rate (age 18+),"per 100,000 adults",UHF42,303,East Harlem,2009-2011,2009-01-01,147.1,,2009,1,1,1
131430,648,Asthma emergency department visits due to PM2.5,Estimated annual rate (under age 18),"per 100,000 children",UHF42,302,Central Harlem - Morningside Heights,2009-2011,2009-01-01,291.1,,2009,1,1,1
131405,657,Asthma emergency department visits due to PM2.5,Estimated annual rate (age 18+),"per 100,000 adults",Citywide,1,New York City,2009-2011,2009-01-01,45.1,,2009,1,1,1
131415,648,Asthma emergency department visits due to PM2.5,Estimated annual rate (under age 18),"per 100,000 children",UHF42,105,Crotona -Tremont,2009-2011,2009-01-01,200.2,,2009,1,1,1
131451,648,Asthma emergency department visits due to PM2.5,Estimated annual rate (under age 18),"per 100,000 children",UHF42,503,Willowbrook,2009-2011,2009-01-01,32.8,,2009,1,1,1
131468,651,Cardiovascular hospitalizations due to PM2.5 (age 40+),Estimated annual rate,"per 100,000 adults",UHF42,203,Bedford Stuyvesant - Crown Heights,2009-2011,2009-01-01,23.9,,2009,1,1,1
151457,653,Asthma emergency departments visits due to Ozone,Estimated annual rate (under age 18),"per 100,000 children",UHF42,309,Union Square - Lower East Side,2009-2011,2009-01-01,144.0,,2009,1,1,1
151476,653,Asthma emergency departments visits due to Ozone,Estimated annual rate (under age 18),"per 100,000 children",Borough,3,Manhattan,2009-2011,2009-01-01,135.7,,2009,1,1,1
131565,639,Deaths due to PM2.5,Estimated annual rate (age 30+),"per 100,000 adults",UHF42,204,East New York,2009-2011,2009-01-01,45.9,,2009,1,1,1
131424,648,Asthma emergency department visits due to PM2.5,Estimated annual rate (under age 18),"per 100,000 children",UHF42,207,East Flatbush - Flatbush,2009-2011,2009-01-01,115.8,,2009,1,1,1
131445,648,Asthma emergency department visits due to PM2.5,Estimated annual rate (under age 18),"per 100,000 children",UHF42,407,Southwest Queens,2009-2011,2009-01-01,80.0,,2009,1,1,1
131385,657,Asthma emergency department visits due to PM2.5,Estimated annual rate (age 18+),"per 100,000 adults",UHF42,305,Upper East Side,2009-2011,2009-01-01,9.4,,2009,1,1,1
131446,648,Asthma emergency department visits due to PM2.5,Estimated annual rate (under age 18),"per 100,000 children",UHF42,408,Jamaica,2009-2011,2009-01-01,115.8,,2009,1,1,1
151514,659,Asthma emergency departments visits due to Ozone,Estimated annual rate (age 18+),"per 100,000 adults",UHF42,408,Jamaica,2009-2011,2009-01-01,54.1,,2009,1,1,1
131377,657,Asthma emergency department visits due to PM2.5,Estimated annual rate (age 18+),"per 100,000 adults",UHF42,208,Canarsie - Flatlands,2009-2011,2009-01-01,40.9,,2009,1,1,1
131418,648,Asthma emergency department visits due to PM2.5,Estimated annual rate (under age 18),"per 100,000 children",UHF42,201,Greenpoint,2009-2011,2009-01-01,59.6,,2009,1,1,1
131447,648,Asthma emergency department visits due to PM2.5,Estimated annual rate (under age 18),"per 100,000 children",UHF42,409,Southeast Queens,2009-2011,2009-01-01,70.5,,2009,1,1,1
131426,648,Asthma emergency department visits due to PM2.5,Estimated annual rate (under age 18),"per 100,000 children",UHF42,209,Bensonhurst - Bay Ridge,2009-2011,2009-01-01,20.7,,2009,1,1,1
151447,653,Asthma emergency departments visits due to Ozone,Estimated annual rate (under age 18),"per 100,000 children",UHF42,210,Coney Island - Sheepshead Bay,2009-2011,2009-01-01,42.3,,2009,1,1,1
151540,655,Asthma hospitalizations due to Ozone,Estimated annual rate (under age 18),"per 100,000 children",UHF42,207,East Flatbush - Flatbush,2009-2011,2009-01-01,26.9,,2009,1,1,1
151563,655,Asthma hospitalizations due to Ozone,Estimated annual rate (under age 18),"per 100,000 children",UHF42,409,Southeast Queens,2009-2011,2009-01-01,26.2,,2009,1,1,1
151500,659,Asthma emergency departments visits due to Ozone,Estimated annual rate (age 18+),"per 100,000 adults",UHF42,304,Upper West Side,2009-2011,2009-01-01,24.1,,2009,1,1,1
151473,653,Asthma emergency departments visits due to Ozone,Estimated annual rate (under age 18),"per 100,000 children",Citywide,1,New York City,2009-2011,2009-01-01,108.6,,2009,1,1,1
151467,653,Asthma emergency departments visits due to Ozone,Estimated annual rate (under age 18),"per 100,000 children",UHF42,409,Southeast Queens,2009-2011,2009-01-01,90.2,,2009,1,1,1
151446,653,Asthma emergency departments visits due to Ozone,Estimated annual rate (under age 18),"per 100,000 children",UHF42,209,Bensonhurst - Bay Ridge,2009-2011,2009-01-01,24.9,,2009,1,1,1
151555,655,Asthma hospitalizations due to Ozone,Estimated annual rate (under age 18),"per 100,000 children",UHF42,401,Long Island City - Astoria,2009-2011,2009-01-01,13.2,,2009,1,1,1
151545,655,Asthma hospitalizations due to Ozone,Estimated annual rate (under age 18),"per 100,000 children",UHF42,301,Washington Heights,2009-2011,2009-01-01,18.3,,2009,1,1,1
151542,655,Asthma hospitalizations due to Ozone,Estimated annual rate (under age 18),"per 100,000 children",UHF42,209,Bensonhurst - Bay Ridge,2009-2011,2009-01-01,5.0,,2009,1,1,1
151607,661,Asthma hospitalizations due to Ozone,Estimated annual rate (age 18+),"per 100,000 adults",UHF42,405,Ridgewood - Forest Hills,2009-2011,2009-01-01,3.4,,2009,1,1,1
131486,651,Cardiovascular hospitalizations due to PM2.5 (age 40+),Estimated annual rate,"per 100,000 adults",UHF42,310,Lower Manhattan,2009-2011,2009-01-01,14.0,,2009,1,1,1
151520,659,Asthma emergency departments visits due to Ozone,Estimated annual rate (age 18+),"per 100,000 adults",UHF42,504,South Beach - Tottenville,2009-2011,2009-01-01,15.9,,2009,1,1,1
151526,659,Asthma emergency departments visits due to Ozone,Estimated annual rate (age 18+),"per 100,000 adults",Borough,5,Staten Island,2009-2011,2009-01-01,37.9,,2009,1,1,1
131496,651,Cardiovascular hospitalizations due to PM2.5 (age 40+),Estimated annual rate,"per 100,000 adults",UHF42,410,Rockaways,2009-2011,2009-01-01,19.8,,2009,1,1,1
131531,650,Respiratory hospitalizations due to PM2.5 (age 20+),Estimated annual rate,"per 100,000 adults",UHF42,307,Gramercy Park - Murray Hill,2009-2011,2009-01-01,8.6,,2009,1,1,1
131492,651,Cardiovascular hospitalizations due to PM2.5 (age 40+),Estimated annual rate,"per 100,000 adults",UHF42,406,Fresh Meadows,2009-2011,2009-01-01,14.9,,2009,1,1,1
167521,375,Nitrogen dioxide (NO2),Mean,ppb,CD,201,Mott Haven and Melrose (CD1),Annual Average 2009,2008-12-01,28.07,,2008,12,4,1
167523,375,Nitrogen dioxide (NO2),Mean,ppb,CD,203,Morrisania and Crotona (CD3),Annual Average 2009,2008-12-01,27.71,,2008,12,4,1
178421,365,Fine particles (PM 2.5),Mean,mcg/m3,UHF42,305,Upper East Side,Annual Average 2009,2008-12-01,12.88,,2008,12,4,1
168404,365,Fine particles (PM 2.5),Mean,mcg/m3,CD,111,East Harlem (CD11),Winter 2008-09,2008-12-01,14.15,,2008,12,4,1
171559,375,Nitrogen dioxide (NO2),Mean,ppb,UHF34,101,Kingsbridge - Riverdale,Winter 2008-09,2008-12-01,28.21,,2008,12,4,1
173094,365,Fine particles (PM 2.5),Mean,mcg/m3,UHF34,202,Downtown - Heights - Slope,Winter 2008-09,2008-12-01,14.16,,2008,12,4,1
174114,365,Fine particles (PM 2.5),Mean,mcg/m3,UHF34,202,Downtown - Heights - Slope,Annual Average 2009,2008-12-01,11.5,,2008,12,4,1
170178,365,Fine particles (PM 2.5),Mean,mcg/m3,CD,203,Morrisania and Crotona (CD3),Annual Average 2009,2008-12-01,11.37,,2008,12,4,1
179148,365,Fine particles (PM 2.5),Mean,mcg/m3,Citywide,1,New York City,Winter 2008-09,2008-12-01,12.89,,2008,12,4,1
168429,365,Fine particles (PM 2.5),Mean,mcg/m3,CD,312,Borough Park (CD12),Winter 2008-09,2008-12-01,12.64,,2008,12,4,1
168447,365,Fine particles (PM 2.5),Mean,mcg/m3,CD,412,Jamaica and Hollis (CD12),Winter 2008-09,2008-12-01,12.64,,2008,12,4,1
170186,365,Fine particles (PM 2.5),Mean,mcg/m3,CD,211,Morris Park and Bronxdale (CD11),Annual Average 2009,2008-12-01,10.63,,2008,12,4,1
177162,365,Fine particles (PM 2.5),Mean,mcg/m3,UHF42,306,Chelsea - Clinton,Winter 2008-09,2008-12-01,16.68,,2008,12,4,1
177166,365,Fine particles (PM 2.5),Mean,mcg/m3,UHF42,310,Lower Manhattan,Winter 2008-09,2008-12-01,15.79,,2008,12,4,1
177155,365,Fine particles (PM 2.5),Mean,mcg/m3,UHF42,210,Coney Island - Sheepshead Bay,Winter 2008-09,2008-12-01,11.12,,2008,12,4,1
171579,375,Nitrogen dioxide (NO2),Mean,ppb,UHF34,402,West Queens,Winter 2008-09,2008-12-01,31.11,,2008,12,4,1
171564,375,Nitrogen dioxide (NO2),Mean,ppb,UHF34,202,Downtown - Heights - Slope,Winter 2008-09,2008-12-01,33.61,,2008,12,4,1
167546,375,Nitrogen dioxide (NO2),Mean,ppb,CD,314,Flatbush and Midwood (CD14),Annual Average 2009,2008-12-01,24.43,,2008,12,4,1
173112,365,Fine particles (PM 2.5),Mean,mcg/m3,UHF34,407,Southwest Queens,Winter 2008-09,2008-12-01,12.85,,2008,12,4,1
173099,365,Fine particles (PM 2.5),Mean,mcg/m3,UHF34,207,East Flatbush - Flatbush,Winter 2008-09,2008-12-01,13.08,,2008,12,4,1
167535,375,Nitrogen dioxide (NO2),Mean,ppb,CD,303,Bedford Stuyvesant (CD3),Annual Average 2009,2008-12-01,27.55,,2008,12,4,1
167550,375,Nitrogen dioxide (NO2),Mean,ppb,CD,318,Flatlands and Canarsie (CD18),Annual Average 2009,2008-12-01,20.26,,2008,12,4,1
165779,375,Nitrogen dioxide (NO2),Mean,ppb,CD,317,East Flatbush (CD17),Winter 2008-09,2008-12-01,30.61,,2008,12,4,1
165780,375,Nitrogen dioxide (NO2),Mean,ppb,CD,318,Flatlands and Canarsie (CD18),Winter 2008-09,2008-12-01,25.9,,2008,12,4,1
175250,375,Nitrogen dioxide (NO2),Mean,ppb,UHF42,102,Northeast Bronx,Winter 2008-09,2008-12-01,27.63,,2008,12,4,1
177163,365,Fine particles (PM 2.5),Mean,mcg/m3,UHF42,307,Gramercy Park - Murray Hill,Winter 2008-09,2008-12-01,17.61,,2008,12,4,1
170192,365,Fine particles (PM 2.5),Mean,mcg/m3,CD,305,East New York and Starrett City (CD5),Annual Average 2009,2008-12-01,10.54,,2008,12,4,1
171582,375,Nitrogen dioxide (NO2),Mean,ppb,UHF34,407,Southwest Queens,Winter 2008-09,2008-12-01,29.22,,2008,12,4,1
167537,375,Nitrogen dioxide (NO2),Mean,ppb,CD,305,East New York and Starrett City (CD5),Annual Average 2009,2008-12-01,23.39,,2008,12,4,1
171566,375,Nitrogen dioxide (NO2),Mean,ppb,UHF34,204,East New York,Winter 2008-09,2008-12-01,30.02,,2008,12,4,1
171585,375,Nitrogen dioxide (NO2),Mean,ppb,UHF34,410,Rockaways,Winter 2008-09,2008-12-01,21.03,,2008,12,4,1
175282,375,Nitrogen dioxide (NO2),Mean,ppb,UHF42,406,Fresh Meadows,Winter 2008-09,2008-12-01,28.26,,2008,12,4,1
175278,375,Nitrogen dioxide (NO2),Mean,ppb,UHF42,402,West Queens,Winter 2008-09,2008-12-01,31.11,,2008,12,4,1
167538,375,Nitrogen dioxide (NO2),Mean,ppb,CD,306,Park Slope and Carroll Gardens (CD6),Annual Average 2009,2008-12-01,27.7,,2008,12,4,1
179494,365,Fine particles (PM 2.5),Mean,mcg/m3,Borough,2,Brooklyn,Winter 2008-09,2008-12-01,12.88,,2008,12,4,1
167528,375,Nitrogen dioxide (NO2),Mean,ppb,CD,208,Riverdale and Fieldston (CD8),Annual Average 2009,2008-12-01,23.21,,2008,12,4,1
167512,375,Nitrogen dioxide (NO2),Mean,ppb,CD,104,Clinton and Chelsea (CD4),Annual Average 2009,2008-12-01,36.27,,2008,12,4,1
165756,375,Nitrogen dioxide (NO2),Mean,ppb,CD,206,Belmont and East Tremont (CD6),Winter 2008-09,2008-12-01,31.67,,2008,12,4,1
165744,375,Nitrogen dioxide (NO2),Mean,ppb,CD,106,Stuyvesant Town and Turtle Bay (CD6),Winter 2008-09,2008-12-01,44.31,,2008,12,4,1
179495,365,Fine particles (PM 2.5),Mean,mcg/m3,Borough,3,Manhattan,Winter 2008-09,2008-12-01,15.34,,2008,12,4,1
165768,375,Nitrogen dioxide (NO2),Mean,ppb,CD,306,Park Slope and Carroll Gardens (CD6),Winter 2008-09,2008-12-01,32.86,,2008,12,4,1
165790,375,Nitrogen dioxide (NO2),Mean,ppb,CD,410,South Ozone Park and Howard Beach (CD10),Winter 2008-09,2008-12-01,28.57,,2008,12,4,1
165746,375,Nitrogen dioxide (NO2),Mean,ppb,CD,108,Upper East Side (CD8),Winter 2008-09,2008-12-01,38.83,,2008,12,4,1
176524,375,Nitrogen dioxide (NO2),Mean,ppb,UHF42,209,Bensonhurst - Bay Ridge,Annual Average 2009,2008-12-01,22.54,,2008,12,4,1
171571,375,Nitrogen dioxide (NO2),Mean,ppb,UHF34,209,Bensonhurst - Bay Ridge,Winter 2008-09,2008-12-01,27.25,,2008,12,4,1
173122,365,Fine particles (PM 2.5),Mean,mcg/m3,UHF34,105106107,South Bronx,Winter 2008-09,2008-12-01,14.74,,2008,12,4,1
173113,365,Fine particles (PM 2.5),Mean,mcg/m3,UHF34,408,Jamaica,Winter 2008-09,2008-12-01,12.69,,2008,12,4,1
178413,365,Fine particles (PM 2.5),Mean,mcg/m3,UHF42,208,Canarsie - Flatlands,Annual Average 2009,2008-12-01,9.85,,2008,12,4,1
167518,375,Nitrogen dioxide (NO2),Mean,ppb,CD,110,Central Harlem (CD10),Annual Average 2009,2008-12-01,31.17,,2008,12,4,1
165785,375,Nitrogen dioxide (NO2),Mean,ppb,CD,405,Ridgewood and Maspeth (CD5),Winter 2008-09,2008-12-01,29.91,,2008,12,4,1
167530,375,Nitrogen dioxide (NO2),Mean,ppb,CD,210,Throgs Neck and Co-op City (CD10),Annual Average 2009,2008-12-01,21.33,,2008,12,4,1
165778,375,Nitrogen dioxide (NO2),Mean,ppb,CD,316,Brownsville (CD16),Winter 2008-09,2008-12-01,31.46,,2008,12,4,1
170202,365,Fine particles (PM 2.5),Mean,mcg/m3,CD,315,Sheepshead Bay (CD15),Annual Average 2009,2008-12-01,9.59,,2008,12,4,1
171583,375,Nitrogen dioxide (NO2),Mean,ppb,UHF34,408,Jamaica,Winter 2008-09,2008-12-01,28.35,,2008,12,4,1
171592,375,Nitrogen dioxide (NO2),Mean,ppb,UHF34,105106107,South Bronx,Winter 2008-09,2008-12-01,32.11,,2008,12,4,1
168440,365,Fine particles (PM 2.5),Mean,mcg/m3,CD,405,Ridgewood and Maspeth (CD5),Winter 2008-09,2008-12-01,13.45,,2008,12,4,1
168433,365,Fine particles (PM 2.5),Mean,mcg/m3,CD,316,Brownsville (CD16),Winter 2008-09,2008-12-01,13.67,,2008,12,4,1
173115,365,Fine particles (PM 2.5),Mean,mcg/m3,UHF34,410,Rockaways,Winter 2008-09,2008-12-01,10.21,,2008,12,4,1
165789,375,Nitrogen dioxide (NO2),Mean,ppb,CD,409,Kew Gardens and Woodhaven (CD9),Winter 2008-09,2008-12-01,30.2,,2008,12,4,1
175271,375,Nitrogen dioxide (NO2),Mean,ppb,UHF42,305,Upper East Side,Winter 2008-09,2008-12-01,38.68,,2008,12,4,1
175269,375,Nitrogen dioxide (NO2),Mean,ppb,UHF42,303,East Harlem,Winter 2008-09,2008-12-01,34.29,,2008,12,4,1
165749,375,Nitrogen dioxide (NO2),Mean,ppb,CD,111,East Harlem (CD11),Winter 2008-09,2008-12-01,34.22,,2008,12,4,1
172609,375,Nitrogen dioxide (NO2),Mean,ppb,UHF34,404406,Bayside Little Neck-Fresh Meadows,Annual Average 2009,2008-12-01,21.14,,2008,12,4,1
179103,375,Nitrogen dioxide (NO2),Mean,ppb,Citywide,1,New York City,Winter 2008-09,2008-12-01,27.92,,2008,12,4,1
174134,365,Fine particles (PM 2.5),Mean,mcg/m3,UHF34,409,Southeast Queens,Annual Average 2009,2008-12-01,9.35,,2008,12,4,1
173097,365,Fine particles (PM 2.5),Mean,mcg/m3,UHF34,205,Sunset Park,Winter 2008-09,2008-12-01,13.49,,2008,12,4,1
165787,375,Nitrogen dioxide (NO2),Mean,ppb,CD,407,Flushing and Whitestone (CD7),Winter 2008-09,2008-12-01,27.66,,2008,12,4,1
165776,375,Nitrogen dioxide (NO2),Mean,ppb,CD,314,Flatbush and Midwood (CD14),Winter 2008-09,2008-12-01,29.5,,2008,12,4,1
179272,375,Nitrogen dioxide (NO2),Mean,ppb,Borough,5,Staten Island,Winter 2008-09,2008-12-01,21.63,,2008,12,4,1
170220,365,Fine particles (PM 2.5),Mean,mcg/m3,CD,501,St. George and Stapleton (CD1),Annual Average 2009,2008-12-01,9.99,,2008,12,4,1
175252,375,Nitrogen dioxide (NO2),Mean,ppb,UHF42,104,Pelham - Throgs Neck,Winter 2008-09,2008-12-01,27.61,,2008,12,4,1
168436,365,Fine particles (PM 2.5),Mean,mcg/m3,CD,401,Long Island City and Astoria (CD1),Winter 2008-09,2008-12-01,12.98,,2008,12,4,1
170201,365,Fine particles (PM 2.5),Mean,mcg/m3,CD,314,Flatbush and Midwood (CD14),Annual Average 2009,2008-12-01,10.34,,2008,12,4,1
170209,365,Fine particles (PM 2.5),Mean,mcg/m3,CD,404,Elmhurst and Corona (CD4),Annual Average 2009,2008-12-01,10.73,,2008,12,4,1
176533,375,Nitrogen dioxide (NO2),Mean,ppb,UHF42,307,Gramercy Park - Murray Hill,Annual Average 2009,2008-12-01,43.32,,2008,12,4,1
176534,375,Nitrogen dioxide (NO2),Mean,ppb,UHF42,308,Greenwich Village - SoHo,Annual Average 2009,2008-12-01,34.75,,2008,12,4,1
179178,365,Fine particles (PM 2.5),Mean,mcg/m3,Citywide,1,New York City,Annual Average 2009,2008-12-01,10.43,,2008,12,4,1
176544,375,Nitrogen dioxide (NO2),Mean,ppb,UHF42,408,Jamaica,Annual Average 2009,2008-12-01,22.29,,2008,12,4,1
165755,375,Nitrogen dioxide (NO2),Mean,ppb,CD,205,Fordham and University Heights (CD5),Winter 2008-09,2008-12-01,34.05,,2008,12,4,1
167536,375,Nitrogen dioxide (NO2),Mean,ppb,CD,304,Bushwick (CD4),Annual Average 2009,2008-12-01,25.88,,2008,12,4,1
168422,365,Fine particles (PM 2.5),Mean,mcg/m3,CD,305,East New York and Starrett City (CD5),Winter 2008-09,2008-12-01,13.41,,2008,12,4,1
178437,365,Fine particles (PM 2.5),Mean,mcg/m3,UHF42,501,Port Richmond,Annual Average 2009,2008-12-01,10.22,,2008,12,4,1
168407,365,Fine particles (PM 2.5),Mean,mcg/m3,CD,202,Hunts Point and Longwood (CD2),Winter 2008-09,2008-12-01,14.48,,2008,12,4,1
167567,375,Nitrogen dioxide (NO2),Mean,ppb,CD,503,Tottenville and Great Kills (CD3),Annual Average 2009,2008-12-01,14.7,,2008,12,4,1
168437,365,Fine particles (PM 2.5),Mean,mcg/m3,CD,402,Woodside and Sunnyside (CD2),Winter 2008-09,2008-12-01,14.15,,2008,12,4,1
170222,365,Fine particles (PM 2.5),Mean,mcg/m3,CD,503,Tottenville and Great Kills (CD3),Annual Average 2009,2008-12-01,9.67,,2008,12,4,1
174120,365,Fine particles (PM 2.5),Mean,mcg/m3,UHF34,208,Canarsie - Flatlands,Annual Average 2009,2008-12-01,9.85,,2008,12,4,1
174118,365,Fine particles (PM 2.5),Mean,mcg/m3,UHF34,206,Borough Park,Annual Average 2009,2008-12-01,10.27,,2008,12,4,1
168397,365,Fine particles (PM 2.5),Mean,mcg/m3,CD,104,Clinton and Chelsea (CD4),Winter 2008-09,2008-12-01,15.48,,2008,12,4,1
168425,365,Fine particles (PM 2.5),Mean,mcg/m3,CD,308,Crown Heights and Prospect Heights (CD8),Winter 2008-09,2008-12-01,13.67,,2008,12,4,1
168412,365,Fine particles (PM 2.5),Mean,mcg/m3,CD,207,Kingsbridge Heights and Bedford (CD7),Winter 2008-09,2008-12-01,14.97,,2008,12,4,1
176545,375,Nitrogen dioxide (NO2),Mean,ppb,UHF42,409,Southeast Queens,Annual Average 2009,2008-12-01,19.89,,2008,12,4,1
172606,375,Nitrogen dioxide (NO2),Mean,ppb,UHF34,305307,Upper East Side-Gramercy,Annual Average 2009,2008-12-01,38.52,,2008,12,4,1
172607,375,Nitrogen dioxide (NO2),Mean,ppb,UHF34,306308,Chelsea-Village,Annual Average 2009,2008-12-01,38.16,,2008,12,4,1
178420,365,Fine particles (PM 2.5),Mean,mcg/m3,UHF42,304,Upper West Side,Annual Average 2009,2008-12-01,12.18,,2008,12,4,1
170206,365,Fine particles (PM 2.5),Mean,mcg/m3,CD,401,Long Island City and Astoria (CD1),Annual Average 2009,2008-12-01,10.69,,2008,12,4,1
177156,365,Fine particles (PM 2.5),Mean,mcg/m3,UHF42,211,Williamsburg - Bushwick,Winter 2008-09,2008-12-01,15.14,,2008,12,4,1
174136,365,Fine particles (PM 2.5),Mean,mcg/m3,UHF34,305307,Upper East Side-Gramercy,Annual Average 2009,2008-12-01,13.89,,2008,12,4,1
174137,365,Fine particles (PM 2.5),Mean,mcg/m3,UHF34,306308,Chelsea-Village,Annual Average 2009,2008-12-01,13.74,,2008,12,4,1
177152,365,Fine particles (PM 2.5),Mean,mcg/m3,UHF42,207,East Flatbush - Flatbush,Winter 2008-09,2008-12-01,13.08,,2008,12,4,1
176547,375,Nitrogen dioxide (NO2),Mean,ppb,UHF42,501,Port Richmond,Annual Average 2009,2008-12-01,21.35,,2008,12,4,1
167534,375,Nitrogen dioxide (NO2),Mean,ppb,CD,302,Fort Greene and Brooklyn Heights (CD2),Annual Average 2009,2008-12-01,29.25,,2008,12,4,1
168435,365,Fine particles (PM 2.5),Mean,mcg/m3,CD,318,Flatlands and Canarsie (CD18),Winter 2008-09,2008-12-01,12.03,,2008,12,4,1
177139,365,Fine particles (PM 2.5),Mean,mcg/m3,UHF42,101,Kingsbridge - Riverdale,Winter 2008-09,2008-12-01,14.66,,2008,12,4,1
172579,375,Nitrogen dioxide (NO2),Mean,ppb,UHF34,101,Kingsbridge - Riverdale,Annual Average 2009,2008-12-01,23.2,,2008,12,4,1
167559,375,Nitrogen dioxide (NO2),Mean,ppb,CD,409,Kew Gardens and Woodhaven (CD9),Annual Average 2009,2008-12-01,24.07,,2008,12,4,1
175270,375,Nitrogen dioxide (NO2),Mean,ppb,UHF42,304,Upper West Side,Winter 2008-09,2008-12-01,36.38,,2008,12,4,1
165791,375,Nitrogen dioxide (NO2),Mean,ppb,CD,411,Bayside and Little Neck (CD11),Winter 2008-09,2008-12-01,25.76,,2008,12,4,1
167561,375,Nitrogen dioxide (NO2),Mean,ppb,CD,411,Bayside and Little Neck (CD11),Annual Average 2009,2008-12-01,20.49,,2008,12,4,1
167531,375,Nitrogen dioxide (NO2),Mean,ppb,CD,211,Morris Park and Bronxdale (CD11),Annual Average 2009,2008-12-01,23.36,,2008,12,4,1
170214,365,Fine particles (PM 2.5),Mean,mcg/m3,CD,409,Kew Gardens and Woodhaven (CD9),Annual Average 2009,2008-12-01,10.25,,2008,12,4,1
170216,365,Fine particles (PM 2.5),Mean,mcg/m3,CD,411,Bayside and Little Neck (CD11),Annual Average 2009,2008-12-01,9.72,,2008,12,4,1
173102,365,Fine particles (PM 2.5),Mean,mcg/m3,UHF34,210,Coney Island - Sheepshead Bay,Winter 2008-09,2008-12-01,11.12,,2008,12,4,1
168402,365,Fine particles (PM 2.5),Mean,mcg/m3,CD,109,Morningside Heights and Hamilton Heights (CD9),Winter 2008-09,2008-12-01,14.72,,2008,12,4,1
165761,375,Nitrogen dioxide (NO2),Mean,ppb,CD,211,Morris Park and Bronxdale (CD11),Winter 2008-09,2008-12-01,28.25,,2008,12,4,1
165773,375,Nitrogen dioxide (NO2),Mean,ppb,CD,311,Bensonhurst (CD11),Winter 2008-09,2008-12-01,27.72,,2008,12,4,1
168414,365,Fine particles (PM 2.5),Mean,mcg/m3,CD,209,Parkchester and Soundview (CD9),Winter 2008-09,2008-12-01,13.66,,2008,12,4,1
174122,365,Fine particles (PM 2.5),Mean,mcg/m3,UHF34,210,Coney Island - Sheepshead Bay,Annual Average 2009,2008-12-01,9.55,,2008,12,4,1
178434,365,Fine particles (PM 2.5),Mean,mcg/m3,UHF42,408,Jamaica,Annual Average 2009,2008-12-01,9.95,,2008,12,4,1
174131,365,Fine particles (PM 2.5),Mean,mcg/m3,UHF34,405,Ridgewood - Forest Hills,Annual Average 2009,2008-12-01,10.44,,2008,12,4,1
165766,375,Nitrogen dioxide (NO2),Mean,ppb,CD,304,Bushwick (CD4),Winter 2008-09,2008-12-01,31.68,,2008,12,4,1
170213,365,Fine particles (PM 2.5),Mean,mcg/m3,CD,408,Hillcrest and Fresh Meadows (CD8),Annual Average 2009,2008-12-01,10.0,,2008,12,4,1
167558,375,Nitrogen dioxide (NO2),Mean,ppb,CD,408,Hillcrest and Fresh Meadows (CD8),Annual Average 2009,2008-12-01,22.39,,2008,12,4,1
165764,375,Nitrogen dioxide (NO2),Mean,ppb,CD,302,Fort Greene and Brooklyn Heights (CD2),Winter 2008-09,2008-12-01,34.5,,2008,12,4,1
168431,365,Fine particles (PM 2.5),Mean,mcg/m3,CD,314,Flatbush and Midwood (CD14),Winter 2008-09,2008-12-01,12.75,,2008,12,4,1
178402,365,Fine particles (PM 2.5),Mean,mcg/m3,UHF42,104,Pelham - Throgs Neck,Annual Average 2009,2008-12-01,10.59,,2008,12,4,1
176540,375,Nitrogen dioxide (NO2),Mean,ppb,UHF42,404,Bayside - Little Neck,Annual Average 2009,2008-12-01,20.05,,2008,12,4,1
167522,375,Nitrogen dioxide (NO2),Mean,ppb,CD,202,Hunts Point and Longwood (CD2),Annual Average 2009,2008-12-01,26.09,,2008,12,4,1
178410,365,Fine particles (PM 2.5),Mean,mcg/m3,UHF42,205,Sunset Park,Annual Average 2009,2008-12-01,11.04,,2008,12,4,1
174112,365,Fine particles (PM 2.5),Mean,mcg/m3,UHF34,104,Pelham - Throgs Neck,Annual Average 2009,2008-12-01,10.59,,2008,12,4,1
174115,365,Fine particles (PM 2.5),Mean,mcg/m3,UHF34,203,Bedford Stuyvesant - Crown Heights,Annual Average 2009,2008-12-01,10.75,,2008,12,4,1
176543,375,Nitrogen dioxide (NO2),Mean,ppb,UHF42,407,Southwest Queens,Annual Average 2009,2008-12-01,22.93,,2008,12,4,1
175267,375,Nitrogen dioxide (NO2),Mean,ppb,UHF42,301,Washington Heights,Winter 2008-09,2008-12-01,32.91,,2008,12,4,1
177157,365,Fine particles (PM 2.5),Mean,mcg/m3,UHF42,301,Washington Heights,Winter 2008-09,2008-12-01,15.02,,2008,12,4,1
174141,365,Fine particles (PM 2.5),Mean,mcg/m3,UHF34,503504,Southern SI,Annual Average 2009,2008-12-01,9.8,,2008,12,4,1
178433,365,Fine particles (PM 2.5),Mean,mcg/m3,UHF42,407,Southwest Queens,Annual Average 2009,2008-12-01,9.96,,2008,12,4,1
171565,375,Nitrogen dioxide (NO2),Mean,ppb,UHF34,203,Bedford Stuyvesant - Crown Heights,Winter 2008-09,2008-12-01,32.54,,2008,12,4,1
175287,375,Nitrogen dioxide (NO2),Mean,ppb,UHF42,501,Port Richmond,Winter 2008-09,2008-12-01,26.45,,2008,12,4,1
167544,375,Nitrogen dioxide (NO2),Mean,ppb,CD,312,Borough Park (CD12),Annual Average 2009,2008-12-01,25.17,,2008,12,4,1
167542,375,Nitrogen dioxide (NO2),Mean,ppb,CD,310,Bay Ridge and Dyker Heights (CD10),Annual Average 2009,2008-12-01,23.62,,2008,12,4,1
167520,375,Nitrogen dioxide (NO2),Mean,ppb,CD,112,Washington Heights and Inwood (CD12),Annual Average 2009,2008-12-01,27.95,,2008,12,4,1
172582,375,Nitrogen dioxide (NO2),Mean,ppb,UHF34,104,Pelham - Throgs Neck,Annual Average 2009,2008-12-01,22.83,,2008,12,4,1
173100,365,Fine particles (PM 2.5),Mean,mcg/m3,UHF34,208,Canarsie - Flatlands,Winter 2008-09,2008-12-01,12.12,,2008,12,4,1
172580,375,Nitrogen dioxide (NO2),Mean,ppb,UHF34,102,Northeast Bronx,Annual Average 2009,2008-12-01,22.39,,2008,12,4,1
177158,365,Fine particles (PM 2.5),Mean,mcg/m3,UHF42,302,Central Harlem - Morningside Heights,Winter 2008-09,2008-12-01,14.56,,2008,12,4,1
177147,365,Fine particles (PM 2.5),Mean,mcg/m3,UHF42,202,Downtown - Heights - Slope,Winter 2008-09,2008-12-01,14.16,,2008,12,4,1
170194,365,Fine particles (PM 2.5),Mean,mcg/m3,CD,307,Sunset Park (CD7),Annual Average 2009,2008-12-01,11.13,,2008,12,4,1
177177,365,Fine particles (PM 2.5),Mean,mcg/m3,UHF42,501,Port Richmond,Winter 2008-09,2008-12-01,12.46,,2008,12,4,1
168405,365,Fine particles (PM 2.5),Mean,mcg/m3,CD,112,Washington Heights and Inwood (CD12),Winter 2008-09,2008-12-01,15.14,,2008,12,4,1
173120,365,Fine particles (PM 2.5),Mean,mcg/m3,UHF34,501502,Northern SI,Winter 2008-09,2008-12-01,11.81,,2008,12,4,1
174124,365,Fine particles (PM 2.5),Mean,mcg/m3,UHF34,301,Washington Heights,Annual Average 2009,2008-12-01,11.55,,2008,12,4,1
174110,365,Fine particles (PM 2.5),Mean,mcg/m3,UHF34,102,Northeast Bronx,Annual Average 2009,2008-12-01,10.68,,2008,12,4,1
174130,365,Fine particles (PM 2.5),Mean,mcg/m3,UHF34,403,Flushing - Clearview,Annual Average 2009,2008-12-01,10.16,,2008,12,4,1
170210,365,Fine particles (PM 2.5),Mean,mcg/m3,CD,405,Ridgewood and Maspeth (CD5),Annual Average 2009,2008-12-01,10.7,,2008,12,4,1
167539,375,Nitrogen dioxide (NO2),Mean,ppb,CD,307,Sunset Park (CD7),Annual Average 2009,2008-12-01,25.49,,2008,12,4,1
174113,365,Fine particles (PM 2.5),Mean,mcg/m3,UHF34,201,Greenpoint,Annual Average 2009,2008-12-01,11.93,,2008,12,4,1
176542,375,Nitrogen dioxide (NO2),Mean,ppb,UHF42,406,Fresh Meadows,Annual Average 2009,2008-12-01,22.78,,2008,12,4,1
176517,375,Nitrogen dioxide (NO2),Mean,ppb,UHF42,202,Downtown - Heights - Slope,Annual Average 2009,2008-12-01,28.4,,2008,12,4,1
172585,375,Nitrogen dioxide (NO2),Mean,ppb,UHF34,203,Bedford Stuyvesant - Crown Heights,Annual Average 2009,2008-12-01,26.93,,2008,12,4,1
167529,375,Nitrogen dioxide (NO2),Mean,ppb,CD,209,Parkchester and Soundview (CD9),Annual Average 2009,2008-12-01,24.58,,2008,12,4,1
178439,365,Fine particles (PM 2.5),Mean,mcg/m3,UHF42,503,Willowbrook,Annual Average 2009,2008-12-01,10.1,,2008,12,4,1
165772,375,Nitrogen dioxide (NO2),Mean,ppb,CD,310,Bay Ridge and Dyker Heights (CD10),Winter 2008-09,2008-12-01,28.35,,2008,12,4,1
165774,375,Nitrogen dioxide (NO2),Mean,ppb,CD,312,Borough Park (CD12),Winter 2008-09,2008-12-01,30.04,,2008,12,4,1
178438,365,Fine particles (PM 2.5),Mean,mcg/m3,UHF42,502,Stapleton - St. George,Annual Average 2009,2008-12-01,9.63,,2008,12,4,1
177154,365,Fine particles (PM 2.5),Mean,mcg/m3,UHF42,209,Bensonhurst - Bay Ridge,Winter 2008-09,2008-12-01,11.82,,2008,12,4,1
178427,365,Fine particles (PM 2.5),Mean,mcg/m3,UHF42,401,Long Island City - Astoria,Annual Average 2009,2008-12-01,11.4,,2008,12,4,1
178399,365,Fine particles (PM 2.5),Mean,mcg/m3,UHF42,101,Kingsbridge - Riverdale,Annual Average 2009,2008-12-01,11.03,,2008,12,4,1
179645,365,Fine particles (PM 2.5),Mean,mcg/m3,Borough,3,Manhattan,Annual Average 2009,2008-12-01,12.63,,2008,12,4,1
178414,365,Fine particles (PM 2.5),Mean,mcg/m3,UHF42,209,Bensonhurst - Bay Ridge,Annual Average 2009,2008-12-01,9.91,,2008,12,4,1
178432,365,Fine particles (PM 2.5),Mean,mcg/m3,UHF42,406,Fresh Meadows,Annual Average 2009,2008-12-01,10.0,,2008,12,4,1
174132,365,Fine particles (PM 2.5),Mean,mcg/m3,UHF34,407,Southwest Queens,Annual Average 2009,2008-12-01,9.96,,2008,12,4,1
165759,375,Nitrogen dioxide (NO2),Mean,ppb,CD,209,Parkchester and Soundview (CD9),Winter 2008-09,2008-12-01,29.14,,2008,12,4,1
176548,375,Nitrogen dioxide (NO2),Mean,ppb,UHF42,502,Stapleton - St. George,Annual Average 2009,2008-12-01,18.41,,2008,12,4,1
167515,375,Nitrogen dioxide (NO2),Mean,ppb,CD,107,Upper West Side (CD7),Annual Average 2009,2008-12-01,31.9,,2008,12,4,1
177145,365,Fine particles (PM 2.5),Mean,mcg/m3,UHF42,107,Hunts Point - Mott Haven,Winter 2008-09,2008-12-01,12.26,,2008,12,4,1
179644,365,Fine particles (PM 2.5),Mean,mcg/m3,Borough,2,Brooklyn,Annual Average 2009,2008-12-01,10.5,,2008,12,4,1
178412,365,Fine particles (PM 2.5),Mean,mcg/m3,UHF42,207,East Flatbush - Flatbush,Annual Average 2009,2008-12-01,10.47,,2008,12,4,1
168417,365,Fine particles (PM 2.5),Mean,mcg/m3,CD,212,Williamsbridge and Baychester (CD12),Winter 2008-09,2008-12-01,13.65,,2008,12,4,1
168415,365,Fine particles (PM 2.5),Mean,mcg/m3,CD,210,Throgs Neck and Co-op City (CD10),Winter 2008-09,2008-12-01,13.04,,2008,12,4,1
175261,375,Nitrogen dioxide (NO2),Mean,ppb,UHF42,206,Borough Park,Winter 2008-09,2008-12-01,29.68,,2008,12,4,1
168403,365,Fine particles (PM 2.5),Mean,mcg/m3,CD,110,Central Harlem (CD10),Winter 2008-09,2008-12-01,14.53,,2008,12,4,1
175274,375,Nitrogen dioxide (NO2),Mean,ppb,UHF42,308,Greenwich Village - SoHo,Winter 2008-09,2008-12-01,39.62,,2008,12,4,1
175283,375,Nitrogen dioxide (NO2),Mean,ppb,UHF42,407,Southwest Queens,Winter 2008-09,2008-12-01,29.22,,2008,12,4,1
179493,365,Fine particles (PM 2.5),Mean,mcg/m3,Borough,1,Bronx,Winter 2008-09,2008-12-01,14.08,,2008,12,4,1
176549,375,Nitrogen dioxide (NO2),Mean,ppb,UHF42,503,Willowbrook,Annual Average 2009,2008-12-01,17.49,,2008,12,4,1
175285,375,Nitrogen dioxide (NO2),Mean,ppb,UHF42,409,Southeast Queens,Winter 2008-09,2008-12-01,25.88,,2008,12,4,1
165796,375,Nitrogen dioxide (NO2),Mean,ppb,CD,502,South Beach and Willowbrook (CD2),Winter 2008-09,2008-12-01,21.43,,2008,12,4,1
178401,365,Fine particles (PM 2.5),Mean,mcg/m3,UHF42,103,Fordham - Bronx Pk,Annual Average 2009,2008-12-01,11.1,,2008,12,4,1
177174,365,Fine particles (PM 2.5),Mean,mcg/m3,UHF42,408,Jamaica,Winter 2008-09,2008-12-01,12.69,,2008,12,4,1
175284,375,Nitrogen dioxide (NO2),Mean,ppb,UHF42,408,Jamaica,Winter 2008-09,2008-12-01,28.35,,2008,12,4,1
165754,375,Nitrogen dioxide (NO2),Mean,ppb,CD,204,Highbridge and Concourse (CD4),Winter 2008-09,2008-12-01,33.96,,2008,12,4,1
168394,365,Fine particles (PM 2.5),Mean,mcg/m3,CD,101,Financial District (CD1),Winter 2008-09,2008-12-01,15.74,,2008,12,4,1
167554,375,Nitrogen dioxide (NO2),Mean,ppb,CD,404,Elmhurst and Corona (CD4),Annual Average 2009,2008-12-01,26.86,,2008,12,4,1
173118,365,Fine particles (PM 2.5),Mean,mcg/m3,UHF34,309310,Union Square-Lower Manhattan,Winter 2008-09,2008-12-01,14.88,,2008,12,4,1
165769,375,Nitrogen dioxide (NO2),Mean,ppb,CD,307,Sunset Park (CD7),Winter 2008-09,2008-12-01,30.46,,2008,12,4,1
172587,375,Nitrogen dioxide (NO2),Mean,ppb,UHF34,205,Sunset Park,Annual Average 2009,2008-12-01,25.26,,2008,12,4,1
174142,365,Fine particles (PM 2.5),Mean,mcg/m3,UHF34,105106107,South Bronx,Annual Average 2009,2008-12-01,11.64,,2008,12,4,1
173095,365,Fine particles (PM 2.5),Mean,mcg/m3,UHF34,203,Bedford Stuyvesant - Crown Heights,Winter 2008-09,2008-12-01,13.62,,2008,12,4,1
171590,375,Nitrogen dioxide (NO2),Mean,ppb,UHF34,501502,Northern SI,Winter 2008-09,2008-12-01,24.38,,2008,12,4,1
171588,375,Nitrogen dioxide (NO2),Mean,ppb,UHF34,309310,Union Square-Lower Manhattan,Winter 2008-09,2008-12-01,38.85,,2008,12,4,1
170182,365,Fine particles (PM 2.5),Mean,mcg/m3,CD,207,Kingsbridge Heights and Bedford (CD7),Annual Average 2009,2008-12-01,11.47,,2008,12,4,1
170170,365,Fine particles (PM 2.5),Mean,mcg/m3,CD,107,Upper West Side (CD7),Annual Average 2009,2008-12-01,12.16,,2008,12,4,1
177142,365,Fine particles (PM 2.5),Mean,mcg/m3,UHF42,104,Pelham - Throgs Neck,Winter 2008-09,2008-12-01,13.3,,2008,12,4,1
179497,365,Fine particles (PM 2.5),Mean,mcg/m3,Borough,5,Staten Island,Winter 2008-09,2008-12-01,11.82,,2008,12,4,1
177160,365,Fine particles (PM 2.5),Mean,mcg/m3,UHF42,304,Upper West Side,Winter 2008-09,2008-12-01,14.69,,2008,12,4,1
175280,375,Nitrogen dioxide (NO2),Mean,ppb,UHF42,404,Bayside - Little Neck,Winter 2008-09,2008-12-01,25.34,,2008,12,4,1
165795,375,Nitrogen dioxide (NO2),Mean,ppb,CD,501,St. George and Stapleton (CD1),Winter 2008-09,2008-12-01,25.69,,2008,12,4,1
165781,375,Nitrogen dioxide (NO2),Mean,ppb,CD,401,Long Island City and Astoria (CD1),Winter 2008-09,2008-12-01,30.35,,2008,12,4,1
179422,375,Nitrogen dioxide (NO2),Mean,ppb,Borough,5,Staten Island,Annual Average 2009,2008-12-01,16.84,,2008,12,4,1
179647,365,Fine particles (PM 2.5),Mean,mcg/m3,Borough,5,Staten Island,Annual Average 2009,2008-12-01,9.81,,2008,12,4,1
177173,365,Fine particles (PM 2.5),Mean,mcg/m3,UHF42,407,Southwest Queens,Winter 2008-09,2008-12-01,12.85,,2008,12,4,1
168439,365,Fine particles (PM 2.5),Mean,mcg/m3,CD,404,Elmhurst and Corona (CD4),Winter 2008-09,2008-12-01,13.4,,2008,12,4,1
173105,365,Fine particles (PM 2.5),Mean,mcg/m3,UHF34,302,Central Harlem - Morningside Heights,Winter 2008-09,2008-12-01,14.56,,2008,12,4,1
178407,365,Fine particles (PM 2.5),Mean,mcg/m3,UHF42,202,Downtown - Heights - Slope,Annual Average 2009,2008-12-01,11.5,,2008,12,4,1
176519,375,Nitrogen dioxide (NO2),Mean,ppb,UHF42,204,East New York,Annual Average 2009,2008-12-01,23.9,,2008,12,4,1
170168,365,Fine particles (PM 2.5),Mean,mcg/m3,CD,105,Midtown (CD5),Annual Average 2009,2008-12-01,16.09,,2008,12,4,1
175266,375,Nitrogen dioxide (NO2),Mean,ppb,UHF42,211,Williamsburg - Bushwick,Winter 2008-09,2008-12-01,32.79,,2008,12,4,1
175259,375,Nitrogen dioxide (NO2),Mean,ppb,UHF42,204,East New York,Winter 2008-09,2008-12-01,30.02,,2008,12,4,1
171575,375,Nitrogen dioxide (NO2),Mean,ppb,UHF34,302,Central Harlem - Morningside Heights,Winter 2008-09,2008-12-01,35.28,,2008,12,4,1
170175,365,Fine particles (PM 2.5),Mean,mcg/m3,CD,112,Washington Heights and Inwood (CD12),Annual Average 2009,2008-12-01,11.55,,2008,12,4,1
177176,365,Fine particles (PM 2.5),Mean,mcg/m3,UHF42,410,Rockaways,Winter 2008-09,2008-12-01,10.21,,2008,12,4,1
170187,365,Fine particles (PM 2.5),Mean,mcg/m3,CD,212,Williamsbridge and Baychester (CD12),Annual Average 2009,2008-12-01,10.64,,2008,12,4,1
177167,365,Fine particles (PM 2.5),Mean,mcg/m3,UHF42,401,Long Island City - Astoria,Winter 2008-09,2008-12-01,13.59,,2008,12,4,1
167527,375,Nitrogen dioxide (NO2),Mean,ppb,CD,207,Kingsbridge Heights and Bedford (CD7),Annual Average 2009,2008-12-01,26.72,,2008,12,4,1
173106,365,Fine particles (PM 2.5),Mean,mcg/m3,UHF34,303,East Harlem,Winter 2008-09,2008-12-01,14.13,,2008,12,4,1
177172,365,Fine particles (PM 2.5),Mean,mcg/m3,UHF42,406,Fresh Meadows,Winter 2008-09,2008-12-01,12.76,,2008,12,4,1
173092,365,Fine particles (PM 2.5),Mean,mcg/m3,UHF34,104,Pelham - Throgs Neck,Winter 2008-09,2008-12-01,13.3,,2008,12,4,1
175288,375,Nitrogen dioxide (NO2),Mean,ppb,UHF42,502,Stapleton - St. George,Winter 2008-09,2008-12-01,23.27,,2008,12,4,1
167541,375,Nitrogen dioxide (NO2),Mean,ppb,CD,309,South Crown Heights and Lefferts Gardens (CD9),Annual Average 2009,2008-12-01,26.99,,2008,12,4,1
175289,375,Nitrogen dioxide (NO2),Mean,ppb,UHF42,503,Willowbrook,Winter 2008-09,2008-12-01,22.46,,2008,12,4,1
165788,375,Nitrogen dioxide (NO2),Mean,ppb,CD,408,Hillcrest and Fresh Meadows (CD8),Winter 2008-09,2008-12-01,27.99,,2008,12,4,1
167540,375,Nitrogen dioxide (NO2),Mean,ppb,CD,308,Crown Heights and Prospect Heights (CD8),Annual Average 2009,2008-12-01,27.75,,2008,12,4,1
177141,365,Fine particles (PM 2.5),Mean,mcg/m3,UHF42,103,Fordham - Bronx Pk,Winter 2008-09,2008-12-01,14.47,,2008,12,4,1
168451,365,Fine particles (PM 2.5),Mean,mcg/m3,CD,502,South Beach and Willowbrook (CD2),Winter 2008-09,2008-12-01,11.77,,2008,12,4,1
168450,365,Fine particles (PM 2.5),Mean,mcg/m3,CD,501,St. George and Stapleton (CD1),Winter 2008-09,2008-12-01,12.09,,2008,12,4,1
173110,365,Fine particles (PM 2.5),Mean,mcg/m3,UHF34,403,Flushing - Clearview,Winter 2008-09,2008-12-01,12.74,,2008,12,4,1
173116,365,Fine particles (PM 2.5),Mean,mcg/m3,UHF34,305307,Upper East Side-Gramercy,Winter 2008-09,2008-12-01,16.38,,2008,12,4,1
173117,365,Fine particles (PM 2.5),Mean,mcg/m3,UHF34,306308,Chelsea-Village,Winter 2008-09,2008-12-01,16.17,,2008,12,4,1
176532,375,Nitrogen dioxide (NO2),Mean,ppb,UHF42,306,Chelsea - Clinton,Annual Average 2009,2008-12-01,39.87,,2008,12,4,1
168427,365,Fine particles (PM 2.5),Mean,mcg/m3,CD,310,Bay Ridge and Dyker Heights (CD10),Winter 2008-09,2008-12-01,12.26,,2008,12,4,1
168448,365,Fine particles (PM 2.5),Mean,mcg/m3,CD,413,Queens Village (CD13),Winter 2008-09,2008-12-01,11.72,,2008,12,4,1
168430,365,Fine particles (PM 2.5),Mean,mcg/m3,CD,313,Coney Island (CD13),Winter 2008-09,2008-12-01,10.81,,2008,12,4,1
168452,365,Fine particles (PM 2.5),Mean,mcg/m3,CD,503,Tottenville and Great Kills (CD3),Winter 2008-09,2008-12-01,11.71,,2008,12,4,1
165792,375,Nitrogen dioxide (NO2),Mean,ppb,CD,412,Jamaica and Hollis (CD12),Winter 2008-09,2008-12-01,28.46,,2008,12,4,1
175256,375,Nitrogen dioxide (NO2),Mean,ppb,UHF42,201,Greenpoint,Winter 2008-09,2008-12-01,32.48,,2008,12,4,1
170193,365,Fine particles (PM 2.5),Mean,mcg/m3,CD,306,Park Slope and Carroll Gardens (CD6),Annual Average 2009,2008-12-01,11.43,,2008,12,4,1
168424,365,Fine particles (PM 2.5),Mean,mcg/m3,CD,307,Sunset Park (CD7),Winter 2008-09,2008-12-01,13.65,,2008,12,4,1
168411,365,Fine particles (PM 2.5),Mean,mcg/m3,CD,206,Belmont and East Tremont (CD6),Winter 2008-09,2008-12-01,14.75,,2008,12,4,1
170171,365,Fine particles (PM 2.5),Mean,mcg/m3,CD,108,Upper East Side (CD8),Annual Average 2009,2008-12-01,12.91,,2008,12,4,1
170188,365,Fine particles (PM 2.5),Mean,mcg/m3,CD,301,Greenpoint and Williamsburg (CD1),Annual Average 2009,2008-12-01,12.03,,2008,12,4,1
175262,375,Nitrogen dioxide (NO2),Mean,ppb,UHF42,207,East Flatbush - Flatbush,Winter 2008-09,2008-12-01,30.46,,2008,12,4,1
179268,375,Nitrogen dioxide (NO2),Mean,ppb,Borough,1,Bronx,Winter 2008-09,2008-12-01,29.29,,2008,12,4,1
179421,375,Nitrogen dioxide (NO2),Mean,ppb,Borough,4,Queens,Annual Average 2009,2008-12-01,22.19,,2008,12,4,1
177178,365,Fine particles (PM 2.5),Mean,mcg/m3,UHF42,502,Stapleton - St. George,Winter 2008-09,2008-12-01,11.46,,2008,12,4,1
165794,375,Nitrogen dioxide (NO2),Mean,ppb,CD,414,Rockaway and Broad Channel (CD14),Winter 2008-09,2008-12-01,20.89,,2008,12,4,1
168409,365,Fine particles (PM 2.5),Mean,mcg/m3,CD,204,Highbridge and Concourse (CD4),Winter 2008-09,2008-12-01,15.31,,2008,12,4,1
170190,365,Fine particles (PM 2.5),Mean,mcg/m3,CD,303,Bedford Stuyvesant (CD3),Annual Average 2009,2008-12-01,10.84,,2008,12,4,1
170204,365,Fine particles (PM 2.5),Mean,mcg/m3,CD,317,East Flatbush (CD17),Annual Average 2009,2008-12-01,10.57,,2008,12,4,1
175260,375,Nitrogen dioxide (NO2),Mean,ppb,UHF42,205,Sunset Park,Winter 2008-09,2008-12-01,30.17,,2008,12,4,1
165786,375,Nitrogen dioxide (NO2),Mean,ppb,CD,406,Rego Park and Forest Hills (CD6),Winter 2008-09,2008-12-01,30.63,,2008,12,4,1
175258,375,Nitrogen dioxide (NO2),Mean,ppb,UHF42,203,Bedford Stuyvesant - Crown Heights,Winter 2008-09,2008-12-01,32.54,,2008,12,4,1
167557,375,Nitrogen dioxide (NO2),Mean,ppb,CD,407,Flushing and Whitestone (CD7),Annual Average 2009,2008-12-01,22.68,,2008,12,4,1
175275,375,Nitrogen dioxide (NO2),Mean,ppb,UHF42,309,Union Square - Lower East Side,Winter 2008-09,2008-12-01,37.72,,2008,12,4,1
168398,365,Fine particles (PM 2.5),Mean,mcg/m3,CD,105,Midtown (CD5),Winter 2008-09,2008-12-01,18.84,,2008,12,4,1
167564,375,Nitrogen dioxide (NO2),Mean,ppb,CD,414,Rockaway and Broad Channel (CD14),Annual Average 2009,2008-12-01,14.55,,2008,12,4,1
170219,365,Fine particles (PM 2.5),Mean,mcg/m3,CD,414,Rockaway and Broad Channel (CD14),Annual Average 2009,2008-12-01,8.75,,2008,12,4,1
168444,365,Fine particles (PM 2.5),Mean,mcg/m3,CD,409,Kew Gardens and Woodhaven (CD9),Winter 2008-09,2008-12-01,13.24,,2008,12,4,1
170215,365,Fine particles (PM 2.5),Mean,mcg/m3,CD,410,South Ozone Park and Howard Beach (CD10),Annual Average 2009,2008-12-01,9.76,,2008,12,4,1
170169,365,Fine particles (PM 2.5),Mean,mcg/m3,CD,106,Stuyvesant Town and Turtle Bay (CD6),Annual Average 2009,2008-12-01,14.08,,2008,12,4,1
170183,365,Fine particles (PM 2.5),Mean,mcg/m3,CD,208,Riverdale and Fieldston (CD8),Annual Average 2009,2008-12-01,11.02,,2008,12,4,1
173103,365,Fine particles (PM 2.5),Mean,mcg/m3,UHF34,211,Williamsburg - Bushwick,Winter 2008-09,2008-12-01,14.11,,2008,12,4,1
171589,375,Nitrogen dioxide (NO2),Mean,ppb,UHF34,404406,Bayside Little Neck-Fresh Meadows,Winter 2008-09,2008-12-01,26.5,,2008,12,4,1
165757,375,Nitrogen dioxide (NO2),Mean,ppb,CD,207,Kingsbridge Heights and Bedford (CD7),Winter 2008-09,2008-12-01,31.46,,2008,12,4,1
171584,375,Nitrogen dioxide (NO2),Mean,ppb,UHF34,409,Southeast Queens,Winter 2008-09,2008-12-01,25.88,,2008,12,4,1
171573,375,Nitrogen dioxide (NO2),Mean,ppb,UHF34,211,Williamsburg - Bushwick,Winter 2008-09,2008-12-01,32.79,,2008,12,4,1
167516,375,Nitrogen dioxide (NO2),Mean,ppb,CD,108,Upper East Side (CD8),Annual Average 2009,2008-12-01,34.45,,2008,12,4,1
173107,365,Fine particles (PM 2.5),Mean,mcg/m3,UHF34,304,Upper West Side,Winter 2008-09,2008-12-01,14.69,,2008,12,4,1
173096,365,Fine particles (PM 2.5),Mean,mcg/m3,UHF34,204,East New York,Winter 2008-09,2008-12-01,13.49,,2008,12,4,1
170165,365,Fine particles (PM 2.5),Mean,mcg/m3,CD,102,Greenwich Village and Soho (CD2),Annual Average 2009,2008-12-01,12.82,,2008,12,4,1
170176,365,Fine particles (PM 2.5),Mean,mcg/m3,CD,201,Mott Haven and Melrose (CD1),Annual Average 2009,2008-12-01,11.86,,2008,12,4,1
177161,365,Fine particles (PM 2.5),Mean,mcg/m3,UHF42,305,Upper East Side,Winter 2008-09,2008-12-01,15.3,,2008,12,4,1
177148,365,Fine particles (PM 2.5),Mean,mcg/m3,UHF42,203,Bedford Stuyvesant - Crown Heights,Winter 2008-09,2008-12-01,13.62,,2008,12,4,1
177159,365,Fine particles (PM 2.5),Mean,mcg/m3,UHF42,303,East Harlem,Winter 2008-09,2008-12-01,13.58,,2008,12,4,1
168400,365,Fine particles (PM 2.5),Mean,mcg/m3,CD,107,Upper West Side (CD7),Winter 2008-09,2008-12-01,14.65,,2008,12,4,1
177171,365,Fine particles (PM 2.5),Mean,mcg/m3,UHF42,405,Ridgewood - Forest Hills,Winter 2008-09,2008-12-01,13.29,,2008,12,4,1
168441,365,Fine particles (PM 2.5),Mean,mcg/m3,CD,406,Rego Park and Forest Hills (CD6),Winter 2008-09,2008-12-01,13.51,,2008,12,4,1
173109,365,Fine particles (PM 2.5),Mean,mcg/m3,UHF34,402,West Queens,Winter 2008-09,2008-12-01,13.5,,2008,12,4,1
177168,365,Fine particles (PM 2.5),Mean,mcg/m3,UHF42,402,West Queens,Winter 2008-09,2008-12-01,13.5,,2008,12,4,1
168401,365,Fine particles (PM 2.5),Mean,mcg/m3,CD,108,Upper East Side (CD8),Winter 2008-09,2008-12-01,15.33,,2008,12,4,1
168445,365,Fine particles (PM 2.5),Mean,mcg/m3,CD,410,South Ozone Park and Howard Beach (CD10),Winter 2008-09,2008-12-01,12.6,,2008,12,4,1
170205,365,Fine particles (PM 2.5),Mean,mcg/m3,CD,318,Flatlands and Canarsie (CD18),Annual Average 2009,2008-12-01,9.81,,2008,12,4,1
170208,365,Fine particles (PM 2.5),Mean,mcg/m3,CD,403,Jackson Heights (CD3),Annual Average 2009,2008-12-01,10.26,,2008,12,4,1
178422,365,Fine particles (PM 2.5),Mean,mcg/m3,UHF42,306,Chelsea - Clinton,Annual Average 2009,2008-12-01,14.24,,2008,12,4,1
165763,375,Nitrogen dioxide (NO2),Mean,ppb,CD,301,Greenpoint and Williamsburg (CD1),Winter 2008-09,2008-12-01,32.58,,2008,12,4,1
170203,365,Fine particles (PM 2.5),Mean,mcg/m3,CD,316,Brownsville (CD16),Annual Average 2009,2008-12-01,10.78,,2008,12,4,1
178424,365,Fine particles (PM 2.5),Mean,mcg/m3,UHF42,308,Greenwich Village - SoHo,Annual Average 2009,2008-12-01,12.75,,2008,12,4,1
178423,365,Fine particles (PM 2.5),Mean,mcg/m3,UHF42,307,Gramercy Park - Murray Hill,Annual Average 2009,2008-12-01,15.03,,2008,12,4,1
172596,375,Nitrogen dioxide (NO2),Mean,ppb,UHF34,303,East Harlem,Annual Average 2009,2008-12-01,29.9,,2008,12,4,1
173093,365,Fine particles (PM 2.5),Mean,mcg/m3,UHF34,201,Greenpoint,Winter 2008-09,2008-12-01,14.25,,2008,12,4,1
172600,375,Nitrogen dioxide (NO2),Mean,ppb,UHF34,403,Flushing - Clearview,Annual Average 2009,2008-12-01,22.68,,2008,12,4,1
165751,375,Nitrogen dioxide (NO2),Mean,ppb,CD,201,Mott Haven and Melrose (CD1),Winter 2008-09,2008-12-01,32.41,,2008,12,4,1
177164,365,Fine particles (PM 2.5),Mean,mcg/m3,UHF42,308,Greenwich Village - SoHo,Winter 2008-09,2008-12-01,15.16,,2008,12,4,1
176536,375,Nitrogen dioxide (NO2),Mean,ppb,UHF42,310,Lower Manhattan,Annual Average 2009,2008-12-01,36.69,,2008,12,4,1
176526,375,Nitrogen dioxide (NO2),Mean,ppb,UHF42,211,Williamsburg - Bushwick,Annual Average 2009,2008-12-01,27.13,,2008,12,4,1
178436,365,Fine particles (PM 2.5),Mean,mcg/m3,UHF42,410,Rockaways,Annual Average 2009,2008-12-01,8.75,,2008,12,4,1
172601,375,Nitrogen dioxide (NO2),Mean,ppb,UHF34,405,Ridgewood - Forest Hills,Annual Average 2009,2008-12-01,24.06,,2008,12,4,1
172594,375,Nitrogen dioxide (NO2),Mean,ppb,UHF34,301,Washington Heights,Annual Average 2009,2008-12-01,28.5,,2008,12,4,1
173090,365,Fine particles (PM 2.5),Mean,mcg/m3,UHF34,102,Northeast Bronx,Winter 2008-09,2008-12-01,13.58,,2008,12,4,1
165753,375,Nitrogen dioxide (NO2),Mean,ppb,CD,203,Morrisania and Crotona (CD3),Winter 2008-09,2008-12-01,32.04,,2008,12,4,1
165765,375,Nitrogen dioxide (NO2),Mean,ppb,CD,303,Bedford Stuyvesant (CD3),Winter 2008-09,2008-12-01,33.11,,2008,12,4,1
176530,375,Nitrogen dioxide (NO2),Mean,ppb,UHF42,304,Upper West Side,Annual Average 2009,2008-12-01,31.95,,2008,12,4,1
165758,375,Nitrogen dioxide (NO2),Mean,ppb,CD,208,Riverdale and Fieldston (CD8),Winter 2008-09,2008-12-01,28.22,,2008,12,4,1
172593,375,Nitrogen dioxide (NO2),Mean,ppb,UHF34,211,Williamsburg - Bushwick,Annual Average 2009,2008-12-01,27.13,,2008,12,4,1
177170,365,Fine particles (PM 2.5),Mean,mcg/m3,UHF42,404,Bayside - Little Neck,Winter 2008-09,2008-12-01,12.16,,2008,12,4,1
172599,375,Nitrogen dioxide (NO2),Mean,ppb,UHF34,402,West Queens,Annual Average 2009,2008-12-01,25.81,,2008,12,4,1
165742,375,Nitrogen dioxide (NO2),Mean,ppb,CD,104,Clinton and Chelsea (CD4),Winter 2008-09,2008-12-01,40.88,,2008,12,4,1
165760,375,Nitrogen dioxide (NO2),Mean,ppb,CD,210,Throgs Neck and Co-op City (CD10),Winter 2008-09,2008-12-01,26.29,,2008,12,4,1
165748,375,Nitrogen dioxide (NO2),Mean,ppb,CD,110,Central Harlem (CD10),Winter 2008-09,2008-12-01,35.37,,2008,12,4,1
171569,375,Nitrogen dioxide (NO2),Mean,ppb,UHF34,207,East Flatbush - Flatbush,Winter 2008-09,2008-12-01,30.46,,2008,12,4,1
177175,365,Fine particles (PM 2.5),Mean,mcg/m3,UHF42,409,Southeast Queens,Winter 2008-09,2008-12-01,11.72,,2008,12,4,1
177151,365,Fine particles (PM 2.5),Mean,mcg/m3,UHF42,206,Borough Park,Winter 2008-09,2008-12-01,12.56,,2008,12,4,1
173104,365,Fine particles (PM 2.5),Mean,mcg/m3,UHF34,301,Washington Heights,Winter 2008-09,2008-12-01,15.06,,2008,12,4,1
171561,375,Nitrogen dioxide (NO2),Mean,ppb,UHF34,103,Fordham - Bronx Pk,Winter 2008-09,2008-12-01,29.69,,2008,12,4,1
171580,375,Nitrogen dioxide (NO2),Mean,ppb,UHF34,403,Flushing - Clearview,Winter 2008-09,2008-12-01,27.65,,2008,12,4,1
171577,375,Nitrogen dioxide (NO2),Mean,ppb,UHF34,304,Upper West Side,Winter 2008-09,2008-12-01,36.38,,2008,12,4,1
177165,365,Fine particles (PM 2.5),Mean,mcg/m3,UHF42,309,Union Square - Lower East Side,Winter 2008-09,2008-12-01,14.47,,2008,12,4,1
177179,365,Fine particles (PM 2.5),Mean,mcg/m3,UHF42,503,Willowbrook,Winter 2008-09,2008-12-01,12.19,,2008,12,4,1
176522,375,Nitrogen dioxide (NO2),Mean,ppb,UHF42,207,East Flatbush - Flatbush,Annual Average 2009,2008-12-01,25.14,,2008,12,4,1
171591,375,Nitrogen dioxide (NO2),Mean,ppb,UHF34,503504,Southern SI,Winter 2008-09,2008-12-01,20.47,,2008,12,4,1
167510,375,Nitrogen dioxide (NO2),Mean,ppb,CD,102,Greenwich Village and Soho (CD2),Annual Average 2009,2008-12-01,34.83,,2008,12,4,1
167552,375,Nitrogen dioxide (NO2),Mean,ppb,CD,402,Woodside and Sunnyside (CD2),Annual Average 2009,2008-12-01,25.93,,2008,12,4,1
168443,365,Fine particles (PM 2.5),Mean,mcg/m3,CD,408,Hillcrest and Fresh Meadows (CD8),Winter 2008-09,2008-12-01,12.79,,2008,12,4,1
176538,375,Nitrogen dioxide (NO2),Mean,ppb,UHF42,402,West Queens,Annual Average 2009,2008-12-01,25.81,,2008,12,4,1
171567,375,Nitrogen dioxide (NO2),Mean,ppb,UHF34,205,Sunset Park,Winter 2008-09,2008-12-01,30.17,,2008,12,4,1
172586,375,Nitrogen dioxide (NO2),Mean,ppb,UHF34,204,East New York,Annual Average 2009,2008-12-01,23.9,,2008,12,4,1
170166,365,Fine particles (PM 2.5),Mean,mcg/m3,CD,103,Lower East Side and Chinatown (CD3),Annual Average 2009,2008-12-01,11.85,,2008,12,4,1
174135,365,Fine particles (PM 2.5),Mean,mcg/m3,UHF34,410,Rockaways,Annual Average 2009,2008-12-01,8.75,,2008,12,4,1
165767,375,Nitrogen dioxide (NO2),Mean,ppb,CD,305,East New York and Starrett City (CD5),Winter 2008-09,2008-12-01,29.54,,2008,12,4,1
167519,375,Nitrogen dioxide (NO2),Mean,ppb,CD,111,East Harlem (CD11),Annual Average 2009,2008-12-01,29.83,,2008,12,4,1
170189,365,Fine particles (PM 2.5),Mean,mcg/m3,CD,302,Fort Greene and Brooklyn Heights (CD2),Annual Average 2009,2008-12-01,11.55,,2008,12,4,1
173121,365,Fine particles (PM 2.5),Mean,mcg/m3,UHF34,503504,Southern SI,Winter 2008-09,2008-12-01,11.83,,2008,12,4,1
179270,375,Nitrogen dioxide (NO2),Mean,ppb,Borough,3,Manhattan,Winter 2008-09,2008-12-01,38.35,,2008,12,4,1
167553,375,Nitrogen dioxide (NO2),Mean,ppb,CD,403,Jackson Heights (CD3),Annual Average 2009,2008-12-01,25.64,,2008,12,4,1
165745,375,Nitrogen dioxide (NO2),Mean,ppb,CD,107,Upper West Side (CD7),Winter 2008-09,2008-12-01,36.35,,2008,12,4,1
168432,365,Fine particles (PM 2.5),Mean,mcg/m3,CD,315,Sheepshead Bay (CD15),Winter 2008-09,2008-12-01,11.23,,2008,12,4,1
179646,365,Fine particles (PM 2.5),Mean,mcg/m3,Borough,4,Queens,Annual Average 2009,2008-12-01,10.05,,2008,12,4,1
172588,375,Nitrogen dioxide (NO2),Mean,ppb,UHF34,206,Borough Park,Annual Average 2009,2008-12-01,24.79,,2008,12,4,1
176520,375,Nitrogen dioxide (NO2),Mean,ppb,UHF42,205,Sunset Park,Annual Average 2009,2008-12-01,25.26,,2008,12,4,1
176531,375,Nitrogen dioxide (NO2),Mean,ppb,UHF42,305,Upper East Side,Annual Average 2009,2008-12-01,34.29,,2008,12,4,1
167532,375,Nitrogen dioxide (NO2),Mean,ppb,CD,212,Williamsbridge and Baychester (CD12),Annual Average 2009,2008-12-01,22.05,,2008,12,4,1
173101,365,Fine particles (PM 2.5),Mean,mcg/m3,UHF34,209,Bensonhurst - Bay Ridge,Winter 2008-09,2008-12-01,11.82,,2008,12,4,1
170195,365,Fine particles (PM 2.5),Mean,mcg/m3,CD,308,Crown Heights and Prospect Heights (CD8),Annual Average 2009,2008-12-01,10.79,,2008,12,4,1
178408,365,Fine particles (PM 2.5),Mean,mcg/m3,UHF42,203,Bedford Stuyvesant - Crown Heights,Annual Average 2009,2008-12-01,10.75,,2008,12,4,1
178403,365,Fine particles (PM 2.5),Mean,mcg/m3,UHF42,105,Crotona -Tremont,Annual Average 2009,2008-12-01,11.76,,2008,12,4,1
176550,375,Nitrogen dioxide (NO2),Mean,ppb,UHF42,504,South Beach - Tottenville,Annual Average 2009,2008-12-01,14.71,,2008,12,4,1
178430,365,Fine particles (PM 2.5),Mean,mcg/m3,UHF42,404,Bayside - Little Neck,Annual Average 2009,2008-12-01,9.72,,2008,12,4,1
178416,365,Fine particles (PM 2.5),Mean,mcg/m3,UHF42,211,Williamsburg - Bushwick,Annual Average 2009,2008-12-01,11.36,,2008,12,4,1
178409,365,Fine particles (PM 2.5),Mean,mcg/m3,UHF42,204,East New York,Annual Average 2009,2008-12-01,10.6,,2008,12,4,1
179420,375,Nitrogen dioxide (NO2),Mean,ppb,Borough,3,Manhattan,Annual Average 2009,2008-12-01,33.89,,2008,12,4,1
177144,365,Fine particles (PM 2.5),Mean,mcg/m3,UHF42,106,High Bridge - Morrisania,Winter 2008-09,2008-12-01,15.06,,2008,12,4,1
170207,365,Fine particles (PM 2.5),Mean,mcg/m3,CD,402,Woodside and Sunnyside (CD2),Annual Average 2009,2008-12-01,11.89,,2008,12,4,1
176546,375,Nitrogen dioxide (NO2),Mean,ppb,UHF42,410,Rockaways,Annual Average 2009,2008-12-01,14.68,,2008,12,4,1
174127,365,Fine particles (PM 2.5),Mean,mcg/m3,UHF34,304,Upper West Side,Annual Average 2009,2008-12-01,12.18,,2008,12,4,1
174111,365,Fine particles (PM 2.5),Mean,mcg/m3,UHF34,103,Fordham - Bronx Pk,Annual Average 2009,2008-12-01,11.1,,2008,12,4,1
176529,375,Nitrogen dioxide (NO2),Mean,ppb,UHF42,303,East Harlem,Annual Average 2009,2008-12-01,29.9,,2008,12,4,1
174119,365,Fine particles (PM 2.5),Mean,mcg/m3,UHF34,207,East Flatbush - Flatbush,Annual Average 2009,2008-12-01,10.47,,2008,12,4,1
167548,375,Nitrogen dioxide (NO2),Mean,ppb,CD,316,Brownsville (CD16),Annual Average 2009,2008-12-01,25.63,,2008,12,4,1
175279,375,Nitrogen dioxide (NO2),Mean,ppb,UHF42,403,Flushing - Clearview,Winter 2008-09,2008-12-01,27.65,,2008,12,4,1
175249,375,Nitrogen dioxide (NO2),Mean,ppb,UHF42,101,Kingsbridge - Riverdale,Winter 2008-09,2008-12-01,28.21,,2008,12,4,1
179496,365,Fine particles (PM 2.5),Mean,mcg/m3,Borough,4,Queens,Winter 2008-09,2008-12-01,12.56,,2008,12,4,1
179133,375,Nitrogen dioxide (NO2),Mean,ppb,Citywide,1,New York City,Annual Average 2009,2008-12-01,22.72,,2008,12,4,1
167560,375,Nitrogen dioxide (NO2),Mean,ppb,CD,410,South Ozone Park and Howard Beach (CD10),Annual Average 2009,2008-12-01,22.17,,2008,12,4,1
176523,375,Nitrogen dioxide (NO2),Mean,ppb,UHF42,208,Canarsie - Flatlands,Annual Average 2009,2008-12-01,20.22,,2008,12,4,1
168442,365,Fine particles (PM 2.5),Mean,mcg/m3,CD,407,Flushing and Whitestone (CD7),Winter 2008-09,2008-12-01,12.79,,2008,12,4,1
174129,365,Fine particles (PM 2.5),Mean,mcg/m3,UHF34,402,West Queens,Annual Average 2009,2008-12-01,10.99,,2008,12,4,1
177153,365,Fine particles (PM 2.5),Mean,mcg/m3,UHF42,208,Canarsie - Flatlands,Winter 2008-09,2008-12-01,12.12,,2008,12,4,1
177149,365,Fine particles (PM 2.5),Mean,mcg/m3,UHF42,204,East New York,Winter 2008-09,2008-12-01,12.87,,2008,12,4,1
173111,365,Fine particles (PM 2.5),Mean,mcg/m3,UHF34,405,Ridgewood - Forest Hills,Winter 2008-09,2008-12-01,13.29,,2008,12,4,1
171586,375,Nitrogen dioxide (NO2),Mean,ppb,UHF34,305307,Upper East Side-Gramercy,Winter 2008-09,2008-12-01,42.78,,2008,12,4,1
167555,375,Nitrogen dioxide (NO2),Mean,ppb,CD,405,Ridgewood and Maspeth (CD5),Annual Average 2009,2008-12-01,24.06,,2008,12,4,1
176510,375,Nitrogen dioxide (NO2),Mean,ppb,UHF42,102,Northeast Bronx,Annual Average 2009,2008-12-01,22.39,,2008,12,4,1
177150,365,Fine particles (PM 2.5),Mean,mcg/m3,UHF42,205,Sunset Park,Winter 2008-09,2008-12-01,13.49,,2008,12,4,1
177169,365,Fine particles (PM 2.5),Mean,mcg/m3,UHF42,403,Flushing - Clearview,Winter 2008-09,2008-12-01,12.74,,2008,12,4,1
170197,365,Fine particles (PM 2.5),Mean,mcg/m3,CD,310,Bay Ridge and Dyker Heights (CD10),Annual Average 2009,2008-12-01,10.18,,2008,12,4,1
167514,375,Nitrogen dioxide (NO2),Mean,ppb,CD,106,Stuyvesant Town and Turtle Bay (CD6),Annual Average 2009,2008-12-01,39.92,,2008,12,4,1
167526,375,Nitrogen dioxide (NO2),Mean,ppb,CD,206,Belmont and East Tremont (CD6),Annual Average 2009,2008-12-01,27.13,,2008,12,4,1
175253,375,Nitrogen dioxide (NO2),Mean,ppb,UHF42,105,Crotona -Tremont,Winter 2008-09,2008-12-01,32.51,,2008,12,4,1
171587,375,Nitrogen dioxide (NO2),Mean,ppb,UHF34,306308,Chelsea-Village,Winter 2008-09,2008-12-01,42.67,,2008,12,4,1
167549,375,Nitrogen dioxide (NO2),Mean,ppb,CD,317,East Flatbush (CD17),Annual Average 2009,2008-12-01,25.12,,2008,12,4,1
167525,375,Nitrogen dioxide (NO2),Mean,ppb,CD,205,Fordham and University Heights (CD5),Annual Average 2009,2008-12-01,29.65,,2008,12,4,1
170200,365,Fine particles (PM 2.5),Mean,mcg/m3,CD,313,Coney Island (CD13),Annual Average 2009,2008-12-01,9.43,,2008,12,4,1
170164,365,Fine particles (PM 2.5),Mean,mcg/m3,CD,101,Financial District (CD1),Annual Average 2009,2008-12-01,13.05,,2008,12,4,1
170218,365,Fine particles (PM 2.5),Mean,mcg/m3,CD,413,Queens Village (CD13),Annual Average 2009,2008-12-01,9.37,,2008,12,4,1
172603,375,Nitrogen dioxide (NO2),Mean,ppb,UHF34,408,Jamaica,Annual Average 2009,2008-12-01,22.29,,2008,12,4,1
177146,365,Fine particles (PM 2.5),Mean,mcg/m3,UHF42,201,Greenpoint,Winter 2008-09,2008-12-01,14.25,,2008,12,4,1
170185,365,Fine particles (PM 2.5),Mean,mcg/m3,CD,210,Throgs Neck and Co-op City (CD10),Annual Average 2009,2008-12-01,10.47,,2008,12,4,1
170173,365,Fine particles (PM 2.5),Mean,mcg/m3,CD,110,Central Harlem (CD10),Annual Average 2009,2008-12-01,11.55,,2008,12,4,1
171576,375,Nitrogen dioxide (NO2),Mean,ppb,UHF34,303,East Harlem,Winter 2008-09,2008-12-01,34.29,,2008,12,4,1
167509,375,Nitrogen dioxide (NO2),Mean,ppb,CD,101,Financial District (CD1),Annual Average 2009,2008-12-01,36.62,,2008,12,4,1
165739,375,Nitrogen dioxide (NO2),Mean,ppb,CD,101,Financial District (CD1),Winter 2008-09,2008-12-01,41.26,,2008,12,4,1
175276,375,Nitrogen dioxide (NO2),Mean,ppb,UHF42,310,Lower Manhattan,Winter 2008-09,2008-12-01,41.31,,2008,12,4,1
170199,365,Fine particles (PM 2.5),Mean,mcg/m3,CD,312,Borough Park (CD12),Annual Average 2009,2008-12-01,10.3,,2008,12,4,1
165752,375,Nitrogen dioxide (NO2),Mean,ppb,CD,202,Hunts Point and Longwood (CD2),Winter 2008-09,2008-12-01,30.52,,2008,12,4,1
170217,365,Fine particles (PM 2.5),Mean,mcg/m3,CD,412,Jamaica and Hollis (CD12),Annual Average 2009,2008-12-01,9.92,,2008,12,4,1
175277,375,Nitrogen dioxide (NO2),Mean,ppb,UHF42,401,Long Island City - Astoria,Winter 2008-09,2008-12-01,31.39,,2008,12,4,1
171581,375,Nitrogen dioxide (NO2),Mean,ppb,UHF34,405,Ridgewood - Forest Hills,Winter 2008-09,2008-12-01,29.88,,2008,12,4,1
171574,375,Nitrogen dioxide (NO2),Mean,ppb,UHF34,301,Washington Heights,Winter 2008-09,2008-12-01,32.91,,2008,12,4,1
177140,365,Fine particles (PM 2.5),Mean,mcg/m3,UHF42,102,Northeast Bronx,Winter 2008-09,2008-12-01,13.58,,2008,12,4,1
172612,375,Nitrogen dioxide (NO2),Mean,ppb,UHF34,105106107,South Bronx,Annual Average 2009,2008-12-01,27.72,,2008,12,4,1
172598,375,Nitrogen dioxide (NO2),Mean,ppb,UHF34,401,Long Island City - Astoria,Annual Average 2009,2008-12-01,26.29,,2008,12,4,1
174128,365,Fine particles (PM 2.5),Mean,mcg/m3,UHF34,401,Long Island City - Astoria,Annual Average 2009,2008-12-01,11.4,,2008,12,4,1
178431,365,Fine particles (PM 2.5),Mean,mcg/m3,UHF42,405,Ridgewood - Forest Hills,Annual Average 2009,2008-12-01,10.44,,2008,12,4,1
165750,375,Nitrogen dioxide (NO2),Mean,ppb,CD,112,Washington Heights and Inwood (CD12),Winter 2008-09,2008-12-01,32.4,,2008,12,4,1
176512,375,Nitrogen dioxide (NO2),Mean,ppb,UHF42,104,Pelham - Throgs Neck,Annual Average 2009,2008-12-01,22.83,,2008,12,4,1
176509,375,Nitrogen dioxide (NO2),Mean,ppb,UHF42,101,Kingsbridge - Riverdale,Annual Average 2009,2008-12-01,23.2,,2008,12,4,1
179418,375,Nitrogen dioxide (NO2),Mean,ppb,Borough,1,Bronx,Annual Average 2009,2008-12-01,24.52,,2008,12,4,1
179643,365,Fine particles (PM 2.5),Mean,mcg/m3,Borough,1,Bronx,Annual Average 2009,2008-12-01,11.05,,2008,12,4,1
167511,375,Nitrogen dioxide (NO2),Mean,ppb,CD,103,Lower East Side and Chinatown (CD3),Annual Average 2009,2008-12-01,31.8,,2008,12,4,1
178405,365,Fine particles (PM 2.5),Mean,mcg/m3,UHF42,107,Hunts Point - Mott Haven,Annual Average 2009,2008-12-01,11.45,,2008,12,4,1
167513,375,Nitrogen dioxide (NO2),Mean,ppb,CD,105,Midtown (CD5),Annual Average 2009,2008-12-01,46.75,,2008,12,4,1
172602,375,Nitrogen dioxide (NO2),Mean,ppb,UHF34,407,Southwest Queens,Annual Average 2009,2008-12-01,22.93,,2008,12,4,1
170180,365,Fine particles (PM 2.5),Mean,mcg/m3,CD,205,Fordham and University Heights (CD5),Annual Average 2009,2008-12-01,12.1,,2008,12,4,1
175281,375,Nitrogen dioxide (NO2),Mean,ppb,UHF42,405,Ridgewood - Forest Hills,Winter 2008-09,2008-12-01,29.88,,2008,12,4,1
176539,375,Nitrogen dioxide (NO2),Mean,ppb,UHF42,403,Flushing - Clearview,Annual Average 2009,2008-12-01,22.68,,2008,12,4,1
178400,365,Fine particles (PM 2.5),Mean,mcg/m3,UHF42,102,Northeast Bronx,Annual Average 2009,2008-12-01,10.68,,2008,12,4,1
175268,375,Nitrogen dioxide (NO2),Mean,ppb,UHF42,302,Central Harlem - Morningside Heights,Winter 2008-09,2008-12-01,35.28,,2008,12,4,1
168449,365,Fine particles (PM 2.5),Mean,mcg/m3,CD,414,Rockaway and Broad Channel (CD14),Winter 2008-09,2008-12-01,10.19,,2008,12,4,1
175272,375,Nitrogen dioxide (NO2),Mean,ppb,UHF42,306,Chelsea - Clinton,Winter 2008-09,2008-12-01,44.2,,2008,12,4,1
170181,365,Fine particles (PM 2.5),Mean,mcg/m3,CD,206,Belmont and East Tremont (CD6),Annual Average 2009,2008-12-01,11.46,,2008,12,4,1
165743,375,Nitrogen dioxide (NO2),Mean,ppb,CD,105,Midtown (CD5),Winter 2008-09,2008-12-01,50.56,,2008,12,4,1
165762,375,Nitrogen dioxide (NO2),Mean,ppb,CD,212,Williamsbridge and Baychester (CD12),Winter 2008-09,2008-12-01,27.32,,2008,12,4,1
172590,375,Nitrogen dioxide (NO2),Mean,ppb,UHF34,208,Canarsie - Flatlands,Annual Average 2009,2008-12-01,20.22,,2008,12,4,1
171560,375,Nitrogen dioxide (NO2),Mean,ppb,UHF34,102,Northeast Bronx,Winter 2008-09,2008-12-01,27.63,,2008,12,4,1
170198,365,Fine particles (PM 2.5),Mean,mcg/m3,CD,311,Bensonhurst (CD11),Annual Average 2009,2008-12-01,9.84,,2008,12,4,1
170196,365,Fine particles (PM 2.5),Mean,mcg/m3,CD,309,South Crown Heights and Lefferts Gardens (CD9),Annual Average 2009,2008-12-01,10.63,,2008,12,4,1
174126,365,Fine particles (PM 2.5),Mean,mcg/m3,UHF34,303,East Harlem,Annual Average 2009,2008-12-01,11.55,,2008,12,4,1
170179,365,Fine particles (PM 2.5),Mean,mcg/m3,CD,204,Highbridge and Concourse (CD4),Annual Average 2009,2008-12-01,11.96,,2008,12,4,1
167517,375,Nitrogen dioxide (NO2),Mean,ppb,CD,109,Morningside Heights and Hamilton Heights (CD9),Annual Average 2009,2008-12-01,30.96,,2008,12,4,1
171572,375,Nitrogen dioxide (NO2),Mean,ppb,UHF34,210,Coney Island - Sheepshead Bay,Winter 2008-09,2008-12-01,24.81,,2008,12,4,1
171562,375,Nitrogen dioxide (NO2),Mean,ppb,UHF34,104,Pelham - Throgs Neck,Winter 2008-09,2008-12-01,27.61,,2008,12,4,1
172592,375,Nitrogen dioxide (NO2),Mean,ppb,UHF34,210,Coney Island - Sheepshead Bay,Annual Average 2009,2008-12-01,19.9,,2008,12,4,1
170177,365,Fine particles (PM 2.5),Mean,mcg/m3,CD,202,Hunts Point and Longwood (CD2),Annual Average 2009,2008-12-01,11.64,,2008,12,4,1
172605,375,Nitrogen dioxide (NO2),Mean,ppb,UHF34,410,Rockaways,Annual Average 2009,2008-12-01,14.68,,2008,12,4,1
175255,375,Nitrogen dioxide (NO2),Mean,ppb,UHF42,107,Hunts Point - Mott Haven,Winter 2008-09,2008-12-01,30.82,,2008,12,4,1
172591,375,Nitrogen dioxide (NO2),Mean,ppb,UHF34,209,Bensonhurst - Bay Ridge,Annual Average 2009,2008-12-01,22.54,,2008,12,4,1
172610,375,Nitrogen dioxide (NO2),Mean,ppb,UHF34,501502,Northern SI,Annual Average 2009,2008-12-01,19.44,,2008,12,4,1
165747,375,Nitrogen dioxide (NO2),Mean,ppb,CD,109,Morningside Heights and Hamilton Heights (CD9),Winter 2008-09,2008-12-01,35.2,,2008,12,4,1
175265,375,Nitrogen dioxide (NO2),Mean,ppb,UHF42,210,Coney Island - Sheepshead Bay,Winter 2008-09,2008-12-01,24.81,,2008,12,4,1
171563,375,Nitrogen dioxide (NO2),Mean,ppb,UHF34,201,Greenpoint,Winter 2008-09,2008-12-01,32.48,,2008,12,4,1
172584,375,Nitrogen dioxide (NO2),Mean,ppb,UHF34,202,Downtown - Heights - Slope,Annual Average 2009,2008-12-01,28.4,,2008,12,4,1
176511,375,Nitrogen dioxide (NO2),Mean,ppb,UHF42,103,Fordham - Bronx Pk,Annual Average 2009,2008-12-01,24.82,,2008,12,4,1
176515,375,Nitrogen dioxide (NO2),Mean,ppb,UHF42,107,Hunts Point - Mott Haven,Annual Average 2009,2008-12-01,26.39,,2008,12,4,1
172581,375,Nitrogen dioxide (NO2),Mean,ppb,UHF34,103,Fordham - Bronx Pk,Annual Average 2009,2008-12-01,24.82,,2008,12,4,1
165782,375,Nitrogen dioxide (NO2),Mean,ppb,CD,402,Woodside and Sunnyside (CD2),Winter 2008-09,2008-12-01,31.32,,2008,12,4,1
172583,375,Nitrogen dioxide (NO2),Mean,ppb,UHF34,201,Greenpoint,Annual Average 2009,2008-12-01,26.95,,2008,12,4,1
173108,365,Fine particles (PM 2.5),Mean,mcg/m3,UHF34,401,Long Island City - Astoria,Winter 2008-09,2008-12-01,13.59,,2008,12,4,1
167543,375,Nitrogen dioxide (NO2),Mean,ppb,CD,311,Bensonhurst (CD11),Annual Average 2009,2008-12-01,23.01,,2008,12,4,1
173098,365,Fine particles (PM 2.5),Mean,mcg/m3,UHF34,206,Borough Park,Winter 2008-09,2008-12-01,12.56,,2008,12,4,1
176541,375,Nitrogen dioxide (NO2),Mean,ppb,UHF42,405,Ridgewood - Forest Hills,Annual Average 2009,2008-12-01,24.06,,2008,12,4,1
171578,375,Nitrogen dioxide (NO2),Mean,ppb,UHF34,401,Long Island City - Astoria,Winter 2008-09,2008-12-01,31.39,,2008,12,4,1
170211,365,Fine particles (PM 2.5),Mean,mcg/m3,CD,406,Rego Park and Forest Hills (CD6),Annual Average 2009,2008-12-01,10.6,,2008,12,4,1
171570,375,Nitrogen dioxide (NO2),Mean,ppb,UHF34,208,Canarsie - Flatlands,Winter 2008-09,2008-12-01,25.93,,2008,12,4,1
172595,375,Nitrogen dioxide (NO2),Mean,ppb,UHF34,302,Central Harlem - Morningside Heights,Annual Average 2009,2008-12-01,31.06,,2008,12,4,1
172597,375,Nitrogen dioxide (NO2),Mean,ppb,UHF34,304,Upper West Side,Annual Average 2009,2008-12-01,31.95,,2008,12,4,1
178435,365,Fine particles (PM 2.5),Mean,mcg/m3,UHF42,409,Southeast Queens,Annual Average 2009,2008-12-01,9.35,,2008,12,4,1
178411,365,Fine particles (PM 2.5),Mean,mcg/m3,UHF42,206,Borough Park,Annual Average 2009,2008-12-01,10.27,,2008,12,4,1
175290,375,Nitrogen dioxide (NO2),Mean,ppb,UHF42,504,South Beach - Tottenville,Winter 2008-09,2008-12-01,19.31,,2008,12,4,1
176537,375,Nitrogen dioxide (NO2),Mean,ppb,UHF42,401,Long Island City - Astoria,Annual Average 2009,2008-12-01,26.29,,2008,12,4,1
176513,375,Nitrogen dioxide (NO2),Mean,ppb,UHF42,105,Crotona -Tremont,Annual Average 2009,2008-12-01,28.07,,2008,12,4,1
174109,365,Fine particles (PM 2.5),Mean,mcg/m3,UHF34,101,Kingsbridge - Riverdale,Annual Average 2009,2008-12-01,11.03,,2008,12,4,1
172589,375,Nitrogen dioxide (NO2),Mean,ppb,UHF34,207,East Flatbush - Flatbush,Annual Average 2009,2008-12-01,25.14,,2008,12,4,1
172611,375,Nitrogen dioxide (NO2),Mean,ppb,UHF34,503504,Southern SI,Annual Average 2009,2008-12-01,15.74,,2008,12,4,1
165741,375,Nitrogen dioxide (NO2),Mean,ppb,CD,103,Lower East Side and Chinatown (CD3),Winter 2008-09,2008-12-01,36.88,,2008,12,4,1
168421,365,Fine particles (PM 2.5),Mean,mcg/m3,CD,304,Bushwick (CD4),Winter 2008-09,2008-12-01,13.64,,2008,12,4,1
168396,365,Fine particles (PM 2.5),Mean,mcg/m3,CD,103,Lower East Side and Chinatown (CD3),Winter 2008-09,2008-12-01,14.24,,2008,12,4,1
165783,375,Nitrogen dioxide (NO2),Mean,ppb,CD,403,Jackson Heights (CD3),Winter 2008-09,2008-12-01,30.68,,2008,12,4,1
168419,365,Fine particles (PM 2.5),Mean,mcg/m3,CD,302,Fort Greene and Brooklyn Heights (CD2),Winter 2008-09,2008-12-01,14.23,,2008,12,4,1
165770,375,Nitrogen dioxide (NO2),Mean,ppb,CD,308,Crown Heights and Prospect Heights (CD8),Winter 2008-09,2008-12-01,33.2,,2008,12,4,1
175264,375,Nitrogen dioxide (NO2),Mean,ppb,UHF42,209,Bensonhurst - Bay Ridge,Winter 2008-09,2008-12-01,27.25,,2008,12,4,1
167562,375,Nitrogen dioxide (NO2),Mean,ppb,CD,412,Jamaica and Hollis (CD12),Annual Average 2009,2008-12-01,22.33,,2008,12,4,1
167556,375,Nitrogen dioxide (NO2),Mean,ppb,CD,406,Rego Park and Forest Hills (CD6),Annual Average 2009,2008-12-01,24.98,,2008,12,4,1
167547,375,Nitrogen dioxide (NO2),Mean,ppb,CD,315,Sheepshead Bay (CD15),Annual Average 2009,2008-12-01,20.37,,2008,12,4,1
167545,375,Nitrogen dioxide (NO2),Mean,ppb,CD,313,Coney Island (CD13),Annual Average 2009,2008-12-01,18.41,,2008,12,4,1
168410,365,Fine particles (PM 2.5),Mean,mcg/m3,CD,205,Fordham and University Heights (CD5),Winter 2008-09,2008-12-01,15.65,,2008,12,4,1
167563,375,Nitrogen dioxide (NO2),Mean,ppb,CD,413,Queens Village (CD13),Annual Average 2009,2008-12-01,19.92,,2008,12,4,1
165740,375,Nitrogen dioxide (NO2),Mean,ppb,CD,102,Greenwich Village and Soho (CD2),Winter 2008-09,2008-12-01,39.68,,2008,12,4,1
174133,365,Fine particles (PM 2.5),Mean,mcg/m3,UHF34,408,Jamaica,Annual Average 2009,2008-12-01,9.95,,2008,12,4,1
175257,375,Nitrogen dioxide (NO2),Mean,ppb,UHF42,202,Downtown - Heights - Slope,Winter 2008-09,2008-12-01,33.61,,2008,12,4,1
167524,375,Nitrogen dioxide (NO2),Mean,ppb,CD,204,Highbridge and Concourse (CD4),Annual Average 2009,2008-12-01,29.71,,2008,12,4,1
174125,365,Fine particles (PM 2.5),Mean,mcg/m3,UHF34,302,Central Harlem - Morningside Heights,Annual Average 2009,2008-12-01,11.6,,2008,12,4,1
177180,365,Fine particles (PM 2.5),Mean,mcg/m3,UHF42,504,South Beach - Tottenville,Winter 2008-09,2008-12-01,11.62,,2008,12,4,1
176527,375,Nitrogen dioxide (NO2),Mean,ppb,UHF42,301,Washington Heights,Annual Average 2009,2008-12-01,28.5,,2008,12,4,1
170191,365,Fine particles (PM 2.5),Mean,mcg/m3,CD,304,Bushwick (CD4),Annual Average 2009,2008-12-01,10.81,,2008,12,4,1
165797,375,Nitrogen dioxide (NO2),Mean,ppb,CD,503,Tottenville and Great Kills (CD3),Winter 2008-09,2008-12-01,19.28,,2008,12,4,1
165784,375,Nitrogen dioxide (NO2),Mean,ppb,CD,404,Elmhurst and Corona (CD4),Winter 2008-09,2008-12-01,32.15,,2008,12,4,1
179269,375,Nitrogen dioxide (NO2),Mean,ppb,Borough,2,Brooklyn,Winter 2008-09,2008-12-01,29.43,,2008,12,4,1
170221,365,Fine particles (PM 2.5),Mean,mcg/m3,CD,502,South Beach and Willowbrook (CD2),Annual Average 2009,2008-12-01,9.85,,2008,12,4,1
177143,365,Fine particles (PM 2.5),Mean,mcg/m3,UHF42,105,Crotona -Tremont,Winter 2008-09,2008-12-01,15.1,,2008,12,4,1
176521,375,Nitrogen dioxide (NO2),Mean,ppb,UHF42,206,Borough Park,Annual Average 2009,2008-12-01,24.79,,2008,12,4,1
176535,375,Nitrogen dioxide (NO2),Mean,ppb,UHF42,309,Union Square - Lower East Side,Annual Average 2009,2008-12-01,32.71,,2008,12,4,1
167566,375,Nitrogen dioxide (NO2),Mean,ppb,CD,502,South Beach and Willowbrook (CD2),Annual Average 2009,2008-12-01,16.54,,2008,12,4,1
167565,375,Nitrogen dioxide (NO2),Mean,ppb,CD,501,St. George and Stapleton (CD1),Annual Average 2009,2008-12-01,20.68,,2008,12,4,1
167551,375,Nitrogen dioxide (NO2),Mean,ppb,CD,401,Long Island City and Astoria (CD1),Annual Average 2009,2008-12-01,25.44,,2008,12,4,1
175251,375,Nitrogen dioxide (NO2),Mean,ppb,UHF42,103,Fordham - Bronx Pk,Winter 2008-09,2008-12-01,29.69,,2008,12,4,1
172608,375,Nitrogen dioxide (NO2),Mean,ppb,UHF34,309310,Union Square-Lower Manhattan,Annual Average 2009,2008-12-01,33.96,,2008,12,4,1
174140,365,Fine particles (PM 2.5),Mean,mcg/m3,UHF34,501502,Northern SI,Annual Average 2009,2008-12-01,9.84,,2008,12,4,1
174138,365,Fine particles (PM 2.5),Mean,mcg/m3,UHF34,309310,Union Square-Lower Manhattan,Annual Average 2009,2008-12-01,12.39,,2008,12,4,1
170172,365,Fine particles (PM 2.5),Mean,mcg/m3,CD,109,Morningside Heights and Hamilton Heights (CD9),Annual Average 2009,2008-12-01,11.69,,2008,12,4,1
170184,365,Fine particles (PM 2.5),Mean,mcg/m3,CD,209,Parkchester and Soundview (CD9),Annual Average 2009,2008-12-01,10.82,,2008,12,4,1
165771,375,Nitrogen dioxide (NO2),Mean,ppb,CD,309,South Crown Heights and Lefferts Gardens (CD9),Winter 2008-09,2008-12-01,32.39,,2008,12,4,1
175286,375,Nitrogen dioxide (NO2),Mean,ppb,UHF42,410,Rockaways,Winter 2008-09,2008-12-01,21.03,,2008,12,4,1
176514,375,Nitrogen dioxide (NO2),Mean,ppb,UHF42,106,High Bridge - Morrisania,Annual Average 2009,2008-12-01,29.35,,2008,12,4,1
167533,375,Nitrogen dioxide (NO2),Mean,ppb,CD,301,Greenpoint and Williamsburg (CD1),Annual Average 2009,2008-12-01,27.03,,2008,12,4,1
178426,365,Fine particles (PM 2.5),Mean,mcg/m3,UHF42,310,Lower Manhattan,Annual Average 2009,2008-12-01,13.06,,2008,12,4,1
175254,375,Nitrogen dioxide (NO2),Mean,ppb,UHF42,106,High Bridge - Morrisania,Winter 2008-09,2008-12-01,33.61,,2008,12,4,1
178404,365,Fine particles (PM 2.5),Mean,mcg/m3,UHF42,106,High Bridge - Morrisania,Annual Average 2009,2008-12-01,11.8,,2008,12,4,1
168446,365,Fine particles (PM 2.5),Mean,mcg/m3,CD,411,Bayside and Little Neck (CD11),Winter 2008-09,2008-12-01,12.18,,2008,12,4,1
178415,365,Fine particles (PM 2.5),Mean,mcg/m3,UHF42,210,Coney Island - Sheepshead Bay,Annual Average 2009,2008-12-01,9.55,,2008,12,4,1
175273,375,Nitrogen dioxide (NO2),Mean,ppb,UHF42,307,Gramercy Park - Murray Hill,Winter 2008-09,2008-12-01,47.43,,2008,12,4,1
175263,375,Nitrogen dioxide (NO2),Mean,ppb,UHF42,208,Canarsie - Flatlands,Winter 2008-09,2008-12-01,25.93,,2008,12,4,1
174116,365,Fine particles (PM 2.5),Mean,mcg/m3,UHF34,204,East New York,Annual Average 2009,2008-12-01,10.6,,2008,12,4,1
174117,365,Fine particles (PM 2.5),Mean,mcg/m3,UHF34,205,Sunset Park,Annual Average 2009,2008-12-01,11.04,,2008,12,4,1
172604,375,Nitrogen dioxide (NO2),Mean,ppb,UHF34,409,Southeast Queens,Annual Average 2009,2008-12-01,19.89,,2008,12,4,1
170212,365,Fine particles (PM 2.5),Mean,mcg/m3,CD,407,Flushing and Whitestone (CD7),Annual Average 2009,2008-12-01,10.21,,2008,12,4,1
173119,365,Fine particles (PM 2.5),Mean,mcg/m3,UHF34,404406,Bayside Little Neck-Fresh Meadows,Winter 2008-09,2008-12-01,12.4,,2008,12,4,1
173114,365,Fine particles (PM 2.5),Mean,mcg/m3,UHF34,409,Southeast Queens,Winter 2008-09,2008-12-01,11.72,,2008,12,4,1
168423,365,Fine particles (PM 2.5),Mean,mcg/m3,CD,306,Park Slope and Carroll Gardens (CD6),Winter 2008-09,2008-12-01,14.08,,2008,12,4,1
178406,365,Fine particles (PM 2.5),Mean,mcg/m3,UHF42,201,Greenpoint,Annual Average 2009,2008-12-01,11.93,,2008,12,4,1
176525,375,Nitrogen dioxide (NO2),Mean,ppb,UHF42,210,Coney Island - Sheepshead Bay,Annual Average 2009,2008-12-01,19.9,,2008,12,4,1
174121,365,Fine particles (PM 2.5),Mean,mcg/m3,UHF34,209,Bensonhurst - Bay Ridge,Annual Average 2009,2008-12-01,9.91,,2008,12,4,1
174139,365,Fine particles (PM 2.5),Mean,mcg/m3,UHF34,404406,Bayside Little Neck-Fresh Meadows,Annual Average 2009,2008-12-01,9.83,,2008,12,4,1
168428,365,Fine particles (PM 2.5),Mean,mcg/m3,CD,311,Bensonhurst (CD11),Winter 2008-09,2008-12-01,11.71,,2008,12,4,1
174123,365,Fine particles (PM 2.5),Mean,mcg/m3,UHF34,211,Williamsburg - Bushwick,Annual Average 2009,2008-12-01,11.36,,2008,12,4,1
168418,365,Fine particles (PM 2.5),Mean,mcg/m3,CD,301,Greenpoint and Williamsburg (CD1),Winter 2008-09,2008-12-01,14.43,,2008,12,4,1
176518,375,Nitrogen dioxide (NO2),Mean,ppb,UHF42,203,Bedford Stuyvesant - Crown Heights,Annual Average 2009,2008-12-01,26.93,,2008,12,4,1
170174,365,Fine particles (PM 2.5),Mean,mcg/m3,CD,111,East Harlem (CD11),Annual Average 2009,2008-12-01,11.54,,2008,12,4,1
178428,365,Fine particles (PM 2.5),Mean,mcg/m3,UHF42,402,West Queens,Annual Average 2009,2008-12-01,10.99,,2008,12,4,1
168426,365,Fine particles (PM 2.5),Mean,mcg/m3,CD,309,South Crown Heights and Lefferts Gardens (CD9),Winter 2008-09,2008-12-01,13.48,,2008,12,4,1
178418,365,Fine particles (PM 2.5),Mean,mcg/m3,UHF42,302,Central Harlem - Morningside Heights,Annual Average 2009,2008-12-01,11.6,,2008,12,4,1
176516,375,Nitrogen dioxide (NO2),Mean,ppb,UHF42,201,Greenpoint,Annual Average 2009,2008-12-01,26.95,,2008,12,4,1
168416,365,Fine particles (PM 2.5),Mean,mcg/m3,CD,211,Morris Park and Bronxdale (CD11),Winter 2008-09,2008-12-01,13.55,,2008,12,4,1
168399,365,Fine particles (PM 2.5),Mean,mcg/m3,CD,106,Stuyvesant Town and Turtle Bay (CD6),Winter 2008-09,2008-12-01,16.54,,2008,12,4,1
178417,365,Fine particles (PM 2.5),Mean,mcg/m3,UHF42,301,Washington Heights,Annual Average 2009,2008-12-01,11.55,,2008,12,4,1
168413,365,Fine particles (PM 2.5),Mean,mcg/m3,CD,208,Riverdale and Fieldston (CD8),Winter 2008-09,2008-12-01,14.65,,2008,12,4,1
178419,365,Fine particles (PM 2.5),Mean,mcg/m3,UHF42,303,East Harlem,Annual Average 2009,2008-12-01,11.55,,2008,12,4,1
178429,365,Fine particles (PM 2.5),Mean,mcg/m3,UHF42,403,Flushing - Clearview,Annual Average 2009,2008-12-01,10.16,,2008,12,4,1
179419,375,Nitrogen dioxide (NO2),Mean,ppb,Borough,2,Brooklyn,Annual Average 2009,2008-12-01,24.11,,2008,12,4,1
165793,375,Nitrogen dioxide (NO2),Mean,ppb,CD,413,Queens Village (CD13),Winter 2008-09,2008-12-01,25.95,,2008,12,4,1
165775,375,Nitrogen dioxide (NO2),Mean,ppb,CD,313,Coney Island (CD13),Winter 2008-09,2008-12-01,23.16,,2008,12,4,1
165777,375,Nitrogen dioxide (NO2),Mean,ppb,CD,315,Sheepshead Bay (CD15),Winter 2008-09,2008-12-01,25.38,,2008,12,4,1
179271,375,Nitrogen dioxide (NO2),Mean,ppb,Borough,4,Queens,Winter 2008-09,2008-12-01,27.86,,2008,12,4,1
171568,375,Nitrogen dioxide (NO2),Mean,ppb,UHF34,206,Borough Park,Winter 2008-09,2008-12-01,29.68,,2008,12,4,1
178425,365,Fine particles (PM 2.5),Mean,mcg/m3,UHF42,309,Union Square - Lower East Side,Annual Average 2009,2008-12-01,12.08,,2008,12,4,1
173091,365,Fine particles (PM 2.5),Mean,mcg/m3,UHF34,103,Fordham - Bronx Pk,Winter 2008-09,2008-12-01,14.47,,2008,12,4,1
168420,365,Fine particles (PM 2.5),Mean,mcg/m3,CD,303,Bedford Stuyvesant (CD3),Winter 2008-09,2008-12-01,13.67,,2008,12,4,1
168434,365,Fine particles (PM 2.5),Mean,mcg/m3,CD,317,East Flatbush (CD17),Winter 2008-09,2008-12-01,13.25,,2008,12,4,1
168408,365,Fine particles (PM 2.5),Mean,mcg/m3,CD,203,Morrisania and Crotona (CD3),Winter 2008-09,2008-12-01,14.56,,2008,12,4,1
168438,365,Fine particles (PM 2.5),Mean,mcg/m3,CD,403,Jackson Heights (CD3),Winter 2008-09,2008-12-01,12.78,,2008,12,4,1
168406,365,Fine particles (PM 2.5),Mean,mcg/m3,CD,201,Mott Haven and Melrose (CD1),Winter 2008-09,2008-12-01,14.73,,2008,12,4,1
178440,365,Fine particles (PM 2.5),Mean,mcg/m3,UHF42,504,South Beach - Tottenville,Annual Average 2009,2008-12-01,9.63,,2008,12,4,1
173089,365,Fine particles (PM 2.5),Mean,mcg/m3,UHF34,101,Kingsbridge - Riverdale,Winter 2008-09,2008-12-01,14.66,,2008,12,4,1
168395,365,Fine particles (PM 2.5),Mean,mcg/m3,CD,102,Greenwich Village and Soho (CD2),Winter 2008-09,2008-12-01,15.21,,2008,12,4,1
170167,365,Fine particles (PM 2.5),Mean,mcg/m3,CD,104,Clinton and Chelsea (CD4),Annual Average 2009,2008-12-01,13.22,,2008,12,4,1
176528,375,Nitrogen dioxide (NO2),Mean,ppb,UHF42,302,Central Harlem - Morningside Heights,Annual Average 2009,2008-12-01,31.06,,2008,12,4,1
154604,643,Annual vehicle miles traveled,Million miles,per square mile,CD,403,Jackson Heights (CD3),2005,2005-01-01,64.205163,,2005,1,1,1
130749,647,Outdoor Air Toxics - Formaldehyde,Annual average concentration,Âµg/m3,UHF42,210,Coney Island - Sheepshead Bay,2005,2005-01-01,2.5,,2005,1,1,1
130760,647,Outdoor Air Toxics - Formaldehyde,Annual average concentration,Âµg/m3,UHF42,310,Lower Manhattan,2005,2005-01-01,4.2,,2005,1,1,1
130916,650,Respiratory hospitalizations due to PM2.5 (age 20+),Estimated annual rate,"per 100,000 adults",UHF42,406,Fresh Meadows,2005-2007,2005-01-01,15.2,,2005,1,1,1
130891,650,Respiratory hospitalizations due to PM2.5 (age 20+),Estimated annual rate,"per 100,000 adults",UHF42,202,Downtown - Heights - Slope,2005-2007,2005-01-01,20.7,,2005,1,1,1
130759,647,Outdoor Air Toxics - Formaldehyde,Annual average concentration,Âµg/m3,UHF42,309,Union Square - Lower East Side,2005,2005-01-01,4.0,,2005,1,1,1
131009,652,Cardiac and respiratory deaths due to Ozone,Estimated annual rate,"per 100,000",UHF42,403,Flushing - Clearview,2005-2007,2005-01-01,5.0,,2005,1,1,1
154507,644,Annual vehicle miles traveled (cars),Million miles,per square mile,CD,107,Upper West Side (CD7),2005,2005-01-01,98.169356,,2005,1,1,1
154531,644,Annual vehicle miles traveled (cars),Million miles,per square mile,CD,307,Sunset Park (CD7),2005,2005-01-01,65.786131,,2005,1,1,1
151668,643,Annual vehicle miles traveled,Million miles,per square mile,Borough,3,Manhattan,2005,2005-01-01,108.400728,,2005,1,1,1
151734,645,Annual vehicle miles traveled (trucks),Million miles,per square mile,UHF42,209,Bensonhurst - Bay Ridge,2005,2005-01-01,2.164276,,2005,1,1,1
151704,644,Annual vehicle miles traveled (cars),Million miles,per square mile,UHF42,406,Fresh Meadows,2005,2005-01-01,58.093365,,2005,1,1,1
131303,659,Asthma emergency departments visits due to Ozone,Estimated annual rate (age 18+),"per 100,000 adults",UHF42,409,Southeast Queens,2005-2007,2005-01-01,29.7,,2005,1,1,1
154575,643,Annual vehicle miles traveled,Million miles,per square mile,CD,204,Highbridge and Concourse (CD4),2005,2005-01-01,93.919109,,2005,1,1,1
151658,643,Annual vehicle miles traveled,Million miles,per square mile,UHF42,408,Jamaica,2005,2005-01-01,41.031522,,2005,1,1,1
131312,659,Asthma emergency departments visits due to Ozone,Estimated annual rate (age 18+),"per 100,000 adults",Borough,3,Manhattan,2005-2007,2005-01-01,43.8,,2005,1,1,1
131152,655,Asthma hospitalizations due to Ozone,Estimated annual rate (under age 18),"per 100,000 children",UHF42,402,West Queens,2005-2007,2005-01-01,11.7,,2005,1,1,1
151758,645,Annual vehicle miles traveled (trucks),Million miles,per square mile,UHF42,502,Stapleton - St. George,2005,2005-01-01,1.456008,,2005,1,1,1
130693,646,Outdoor Air Toxics - Benzene,Annual average concentration,Âµg/m3,UHF42,202,Downtown - Heights - Slope,2005,2005-01-01,3.7,,2005,1,1,1
131320,661,Asthma hospitalizations due to Ozone,Estimated annual rate (age 18+),"per 100,000 adults",UHF42,106,High Bridge - Morrisania,2005-2007,2005-01-01,18.5,,2005,1,1,1
151637,643,Annual vehicle miles traveled,Million miles,per square mile,UHF42,208,Canarsie - Flatlands,2005,2005-01-01,35.691447,,2005,1,1,1
151661,643,Annual vehicle miles traveled,Million miles,per square mile,UHF42,501,Port Richmond,2005,2005-01-01,17.626961,,2005,1,1,1
131341,661,Asthma hospitalizations due to Ozone,Estimated annual rate (age 18+),"per 100,000 adults",UHF42,309,Union Square - Lower East Side,2005-2007,2005-01-01,6.2,,2005,1,1,1
131342,661,Asthma hospitalizations due to Ozone,Estimated annual rate (age 18+),"per 100,000 adults",UHF42,310,Lower Manhattan,2005-2007,2005-01-01,3.6,,2005,1,1,1
131360,661,Asthma hospitalizations due to Ozone,Estimated annual rate (age 18+),"per 100,000 adults",Borough,3,Manhattan,2005-2007,2005-01-01,5.5,,2005,1,1,1
131331,661,Asthma hospitalizations due to Ozone,Estimated annual rate (age 18+),"per 100,000 adults",UHF42,210,Coney Island - Sheepshead Bay,2005-2007,2005-01-01,5.9,,2005,1,1,1
154611,643,Annual vehicle miles traveled,Million miles,per square mile,CD,410,South Ozone Park and Howard Beach (CD10),2005,2005-01-01,55.629921,,2005,1,1,1
131327,661,Asthma hospitalizations due to Ozone,Estimated annual rate (age 18+),"per 100,000 adults",UHF42,206,Borough Park,2005-2007,2005-01-01,3.3,,2005,1,1,1
131131,655,Asthma hospitalizations due to Ozone,Estimated annual rate (under age 18),"per 100,000 children",UHF42,202,Downtown - Heights - Slope,2005-2007,2005-01-01,16.5,,2005,1,1,1
131023,652,Cardiac and respiratory deaths due to Ozone,Estimated annual rate,"per 100,000",Borough,2,Brooklyn,2005-2007,2005-01-01,5.6,,2005,1,1,1
130999,652,Cardiac and respiratory deaths due to Ozone,Estimated annual rate,"per 100,000",UHF42,303,East Harlem,2005-2007,2005-01-01,4.7,,2005,1,1,1
130766,647,Outdoor Air Toxics - Formaldehyde,Annual average concentration,Âµg/m3,UHF42,406,Fresh Meadows,2005,2005-01-01,2.3,,2005,1,1,1
130708,646,Outdoor Air Toxics - Benzene,Annual average concentration,Âµg/m3,UHF42,306,Chelsea - Clinton,2005,2005-01-01,4.9,,2005,1,1,1
130892,650,Respiratory hospitalizations due to PM2.5 (age 20+),Estimated annual rate,"per 100,000 adults",UHF42,203,Bedford Stuyvesant - Crown Heights,2005-2007,2005-01-01,24.2,,2005,1,1,1
131155,655,Asthma hospitalizations due to Ozone,Estimated annual rate (under age 18),"per 100,000 children",UHF42,405,Ridgewood - Forest Hills,2005-2007,2005-01-01,17.5,,2005,1,1,1
131035,653,Asthma emergency departments visits due to Ozone,Estimated annual rate (under age 18),"per 100,000 children",UHF42,202,Downtown - Heights - Slope,2005-2007,2005-01-01,77.1,,2005,1,1,1
131018,652,Cardiac and respiratory deaths due to Ozone,Estimated annual rate,"per 100,000",UHF42,502,Stapleton - St. George,2005-2007,2005-01-01,8.7,,2005,1,1,1
131007,652,Cardiac and respiratory deaths due to Ozone,Estimated annual rate,"per 100,000",UHF42,401,Long Island City - Astoria,2005-2007,2005-01-01,3.8,,2005,1,1,1
130801,648,Asthma emergency department visits due to PM2.5,Estimated annual rate (under age 18),"per 100,000 children",UHF42,208,Canarsie - Flatlands,2005-2007,2005-01-01,91.9,,2005,1,1,1
130804,648,Asthma emergency department visits due to PM2.5,Estimated annual rate (under age 18),"per 100,000 children",UHF42,211,Williamsburg - Bushwick,2005-2007,2005-01-01,185.7,,2005,1,1,1
130700,646,Outdoor Air Toxics - Benzene,Annual average concentration,Âµg/m3,UHF42,209,Bensonhurst - Bay Ridge,2005,2005-01-01,2.8,,2005,1,1,1
130808,648,Asthma emergency department visits due to PM2.5,Estimated annual rate (under age 18),"per 100,000 children",UHF42,304,Upper West Side,2005-2007,2005-01-01,113.2,,2005,1,1,1
130948,651,Cardiovascular hospitalizations due to PM2.5 (age 40+),Estimated annual rate,"per 100,000 adults",UHF42,211,Williamsburg - Bushwick,2005-2007,2005-01-01,37.8,,2005,1,1,1
131329,661,Asthma hospitalizations due to Ozone,Estimated annual rate (age 18+),"per 100,000 adults",UHF42,208,Canarsie - Flatlands,2005-2007,2005-01-01,5.8,,2005,1,1,1
130981,652,Cardiac and respiratory deaths due to Ozone,Estimated annual rate,"per 100,000",UHF42,103,Fordham - Bronx Pk,2005-2007,2005-01-01,3.3,,2005,1,1,1
130990,652,Cardiac and respiratory deaths due to Ozone,Estimated annual rate,"per 100,000",UHF42,205,Sunset Park,2005-2007,2005-01-01,3.8,,2005,1,1,1
130831,648,Asthma emergency department visits due to PM2.5,Estimated annual rate (under age 18),"per 100,000 children",Borough,2,Brooklyn,2005-2007,2005-01-01,99.3,,2005,1,1,1
130934,651,Cardiovascular hospitalizations due to PM2.5 (age 40+),Estimated annual rate,"per 100,000 adults",UHF42,104,Pelham - Throgs Neck,2005-2007,2005-01-01,28.4,,2005,1,1,1
130952,651,Cardiovascular hospitalizations due to PM2.5 (age 40+),Estimated annual rate,"per 100,000 adults",UHF42,304,Upper West Side,2005-2007,2005-01-01,18.4,,2005,1,1,1
131285,659,Asthma emergency departments visits due to Ozone,Estimated annual rate (age 18+),"per 100,000 adults",UHF42,301,Washington Heights,2005-2007,2005-01-01,46.8,,2005,1,1,1
131019,652,Cardiac and respiratory deaths due to Ozone,Estimated annual rate,"per 100,000",UHF42,503,Willowbrook,2005-2007,2005-01-01,9.3,,2005,1,1,1
131362,661,Asthma hospitalizations due to Ozone,Estimated annual rate (age 18+),"per 100,000 adults",Borough,5,Staten Island,2005-2007,2005-01-01,4.7,,2005,1,1,1
131274,659,Asthma emergency departments visits due to Ozone,Estimated annual rate (age 18+),"per 100,000 adults",UHF42,201,Greenpoint,2005-2007,2005-01-01,27.0,,2005,1,1,1
130786,639,Deaths due to PM2.5,Estimated annual rate (age 30+),"per 100,000 adults",Borough,5,Staten Island,2005-2007,2005-01-01,70.7,,2005,1,1,1
131262,657,Asthma emergency department visits due to PM2.5,Estimated annual rate (age 18+),"per 100,000 adults",Borough,1,Bronx,2005-2007,2005-01-01,122.3,,2005,1,1,1
130372,639,Deaths due to PM2.5,Estimated annual rate (age 30+),"per 100,000 adults",UHF42,211,Williamsburg - Bushwick,2005-2007,2005-01-01,72.2,,2005,1,1,1
131340,661,Asthma hospitalizations due to Ozone,Estimated annual rate (age 18+),"per 100,000 adults",UHF42,308,Greenwich Village - SoHo,2005-2007,2005-01-01,1.3,,2005,1,1,1
130376,639,Deaths due to PM2.5,Estimated annual rate (age 30+),"per 100,000 adults",UHF42,304,Upper West Side,2005-2007,2005-01-01,59.5,,2005,1,1,1
131229,657,Asthma emergency department visits due to PM2.5,Estimated annual rate (age 18+),"per 100,000 adults",UHF42,204,East New York,2005-2007,2005-01-01,100.1,,2005,1,1,1
131225,657,Asthma emergency department visits due to PM2.5,Estimated annual rate (age 18+),"per 100,000 adults",UHF42,107,Hunts Point - Mott Haven,2005-2007,2005-01-01,189.1,,2005,1,1,1
130964,651,Cardiovascular hospitalizations due to PM2.5 (age 40+),Estimated annual rate,"per 100,000 adults",UHF42,406,Fresh Meadows,2005-2007,2005-01-01,19.9,,2005,1,1,1
130812,648,Asthma emergency department visits due to PM2.5,Estimated annual rate (under age 18),"per 100,000 children",UHF42,308,Greenwich Village - SoHo,2005-2007,2005-01-01,25.6,,2005,1,1,1
130905,650,Respiratory hospitalizations due to PM2.5 (age 20+),Estimated annual rate,"per 100,000 adults",UHF42,305,Upper East Side,2005-2007,2005-01-01,11.1,,2005,1,1,1
131222,657,Asthma emergency department visits due to PM2.5,Estimated annual rate (age 18+),"per 100,000 adults",UHF42,104,Pelham - Throgs Neck,2005-2007,2005-01-01,79.7,,2005,1,1,1
131038,653,Asthma emergency departments visits due to Ozone,Estimated annual rate (under age 18),"per 100,000 children",UHF42,205,Sunset Park,2005-2007,2005-01-01,37.7,,2005,1,1,1
131242,657,Asthma emergency department visits due to PM2.5,Estimated annual rate (age 18+),"per 100,000 adults",UHF42,306,Chelsea - Clinton,2005-2007,2005-01-01,39.1,,2005,1,1,1
131266,657,Asthma emergency department visits due to PM2.5,Estimated annual rate (age 18+),"per 100,000 adults",Borough,5,Staten Island,2005-2007,2005-01-01,29.6,,2005,1,1,1
131298,659,Asthma emergency departments visits due to Ozone,Estimated annual rate (age 18+),"per 100,000 adults",UHF42,404,Bayside - Little Neck,2005-2007,2005-01-01,7.5,,2005,1,1,1
130383,639,Deaths due to PM2.5,Estimated annual rate (age 30+),"per 100,000 adults",UHF42,401,Long Island City - Astoria,2005-2007,2005-01-01,55.3,,2005,1,1,1
151670,643,Annual vehicle miles traveled,Million miles,per square mile,Borough,5,Staten Island,2005,2005-01-01,20.788529,,2005,1,1,1
131012,652,Cardiac and respiratory deaths due to Ozone,Estimated annual rate,"per 100,000",UHF42,406,Fresh Meadows,2005-2007,2005-01-01,4.9,,2005,1,1,1
130797,648,Asthma emergency department visits due to PM2.5,Estimated annual rate (under age 18),"per 100,000 children",UHF42,204,East New York,2005-2007,2005-01-01,175.6,,2005,1,1,1
131002,652,Cardiac and respiratory deaths due to Ozone,Estimated annual rate,"per 100,000",UHF42,306,Chelsea - Clinton,2005-2007,2005-01-01,4.0,,2005,1,1,1
154596,643,Annual vehicle miles traveled,Million miles,per square mile,CD,313,Coney Island (CD13),2005,2005-01-01,31.85136,,2005,1,1,1
131337,661,Asthma hospitalizations due to Ozone,Estimated annual rate (age 18+),"per 100,000 adults",UHF42,305,Upper East Side,2005-2007,2005-01-01,1.4,,2005,1,1,1
131324,661,Asthma hospitalizations due to Ozone,Estimated annual rate (age 18+),"per 100,000 adults",UHF42,203,Bedford Stuyvesant - Crown Heights,2005-2007,2005-01-01,15.1,,2005,1,1,1
151765,645,Annual vehicle miles traveled (trucks),Million miles,per square mile,Borough,4,Queens,2005,2005-01-01,2.238298,,2005,1,1,1
131321,661,Asthma hospitalizations due to Ozone,Estimated annual rate (age 18+),"per 100,000 adults",UHF42,107,Hunts Point - Mott Haven,2005-2007,2005-01-01,19.4,,2005,1,1,1
131335,661,Asthma hospitalizations due to Ozone,Estimated annual rate (age 18+),"per 100,000 adults",UHF42,303,East Harlem,2005-2007,2005-01-01,19.5,,2005,1,1,1
154526,644,Annual vehicle miles traveled (cars),Million miles,per square mile,CD,302,Fort Greene and Brooklyn Heights (CD2),2005,2005-01-01,96.294146,,2005,1,1,1
131349,661,Asthma hospitalizations due to Ozone,Estimated annual rate (age 18+),"per 100,000 adults",UHF42,407,Southwest Queens,2005-2007,2005-01-01,4.2,,2005,1,1,1
154616,643,Annual vehicle miles traveled,Million miles,per square mile,CD,501,St. George and Stapleton (CD1),2005,2005-01-01,25.464099,,2005,1,1,1
131021,652,Cardiac and respiratory deaths due to Ozone,Estimated annual rate,"per 100,000",Citywide,1,New York City,2005-2007,2005-01-01,4.9,,2005,1,1,1
131251,657,Asthma emergency department visits due to PM2.5,Estimated annual rate (age 18+),"per 100,000 adults",UHF42,405,Ridgewood - Forest Hills,2005-2007,2005-01-01,19.1,,2005,1,1,1
151660,643,Annual vehicle miles traveled,Million miles,per square mile,UHF42,410,Rockaways,2005,2005-01-01,13.651723,,2005,1,1,1
154617,643,Annual vehicle miles traveled,Million miles,per square mile,CD,502,South Beach and Willowbrook (CD2),2005,2005-01-01,25.569247,,2005,1,1,1
154558,644,Annual vehicle miles traveled (cars),Million miles,per square mile,CD,502,South Beach and Willowbrook (CD2),2005,2005-01-01,24.232556,,2005,1,1,1
130960,651,Cardiovascular hospitalizations due to PM2.5 (age 40+),Estimated annual rate,"per 100,000 adults",UHF42,402,West Queens,2005-2007,2005-01-01,18.4,,2005,1,1,1
131232,657,Asthma emergency department visits due to PM2.5,Estimated annual rate (age 18+),"per 100,000 adults",UHF42,207,East Flatbush - Flatbush,2005-2007,2005-01-01,56.7,,2005,1,1,1
131220,657,Asthma emergency department visits due to PM2.5,Estimated annual rate (age 18+),"per 100,000 adults",UHF42,102,Northeast Bronx,2005-2007,2005-01-01,69.4,,2005,1,1,1
131017,652,Cardiac and respiratory deaths due to Ozone,Estimated annual rate,"per 100,000",UHF42,501,Port Richmond,2005-2007,2005-01-01,5.6,,2005,1,1,1
130798,648,Asthma emergency department visits due to PM2.5,Estimated annual rate (under age 18),"per 100,000 children",UHF42,205,Sunset Park,2005-2007,2005-01-01,47.0,,2005,1,1,1
131224,657,Asthma emergency department visits due to PM2.5,Estimated annual rate (age 18+),"per 100,000 adults",UHF42,106,High Bridge - Morrisania,2005-2007,2005-01-01,193.7,,2005,1,1,1
130788,648,Asthma emergency department visits due to PM2.5,Estimated annual rate (under age 18),"per 100,000 children",UHF42,102,Northeast Bronx,2005-2007,2005-01-01,152.6,,2005,1,1,1
154467,645,Annual vehicle miles traveled (trucks),Million miles,per square mile,CD,302,Fort Greene and Brooklyn Heights (CD2),2005,2005-01-01,7.379392,,2005,1,1,1
154466,645,Annual vehicle miles traveled (trucks),Million miles,per square mile,CD,301,Greenpoint and Williamsburg (CD1),2005,2005-01-01,3.581769,,2005,1,1,1
151752,645,Annual vehicle miles traveled (trucks),Million miles,per square mile,UHF42,406,Fresh Meadows,2005,2005-01-01,3.442355,,2005,1,1,1
154561,643,Annual vehicle miles traveled,Million miles,per square mile,CD,102,Greenwich Village and Soho (CD2),2005,2005-01-01,119.90561,,2005,1,1,1
130951,651,Cardiovascular hospitalizations due to PM2.5 (age 40+),Estimated annual rate,"per 100,000 adults",UHF42,303,East Harlem,2005-2007,2005-01-01,39.0,,2005,1,1,1
154455,645,Annual vehicle miles traveled (trucks),Million miles,per square mile,CD,202,Hunts Point and Longwood (CD2),2005,2005-01-01,2.680357,,2005,1,1,1
154584,643,Annual vehicle miles traveled,Million miles,per square mile,CD,301,Greenpoint and Williamsburg (CD1),2005,2005-01-01,58.486051,,2005,1,1,1
131032,653,Asthma emergency departments visits due to Ozone,Estimated annual rate (under age 18),"per 100,000 children",UHF42,106,High Bridge - Morrisania,2005-2007,2005-01-01,171.2,,2005,1,1,1
130363,639,Deaths due to PM2.5,Estimated annual rate (age 30+),"per 100,000 adults",UHF42,202,Downtown - Heights - Slope,2005-2007,2005-01-01,58.9,,2005,1,1,1
130392,639,Deaths due to PM2.5,Estimated annual rate (age 30+),"per 100,000 adults",UHF42,410,Rockaways,2005-2007,2005-01-01,101.1,,2005,1,1,1
131059,653,Asthma emergency departments visits due to Ozone,Estimated annual rate (under age 18),"per 100,000 children",UHF42,405,Ridgewood - Forest Hills,2005-2007,2005-01-01,40.4,,2005,1,1,1
131323,661,Asthma hospitalizations due to Ozone,Estimated annual rate (age 18+),"per 100,000 adults",UHF42,202,Downtown - Heights - Slope,2005-2007,2005-01-01,7.9,,2005,1,1,1
131306,659,Asthma emergency departments visits due to Ozone,Estimated annual rate (age 18+),"per 100,000 adults",UHF42,502,Stapleton - St. George,2005-2007,2005-01-01,39.8,,2005,1,1,1
131316,661,Asthma hospitalizations due to Ozone,Estimated annual rate (age 18+),"per 100,000 adults",UHF42,102,Northeast Bronx,2005-2007,2005-01-01,9.0,,2005,1,1,1
154548,644,Annual vehicle miles traveled (cars),Million miles,per square mile,CD,406,Rego Park and Forest Hills (CD6),2005,2005-01-01,85.525735,,2005,1,1,1
130371,639,Deaths due to PM2.5,Estimated annual rate (age 30+),"per 100,000 adults",UHF42,210,Coney Island - Sheepshead Bay,2005-2007,2005-01-01,83.3,,2005,1,1,1
154603,643,Annual vehicle miles traveled,Million miles,per square mile,CD,402,Woodside and Sunnyside (CD2),2005,2005-01-01,78.116308,,2005,1,1,1
131254,657,Asthma emergency department visits due to PM2.5,Estimated annual rate (age 18+),"per 100,000 adults",UHF42,408,Jamaica,2005-2007,2005-01-01,47.5,,2005,1,1,1
131141,655,Asthma hospitalizations due to Ozone,Estimated annual rate (under age 18),"per 100,000 children",UHF42,301,Washington Heights,2005-2007,2005-01-01,12.9,,2005,1,1,1
151748,645,Annual vehicle miles traveled (trucks),Million miles,per square mile,UHF42,402,West Queens,2005,2005-01-01,4.036625,,2005,1,1,1
154615,643,Annual vehicle miles traveled,Million miles,per square mile,CD,414,Rockaway and Broad Channel (CD14),2005,2005-01-01,13.841459,,2005,1,1,1
151687,644,Annual vehicle miles traveled (cars),Million miles,per square mile,UHF42,210,Coney Island - Sheepshead Bay,2005,2005-01-01,33.708523,,2005,1,1,1
154557,644,Annual vehicle miles traveled (cars),Million miles,per square mile,CD,501,St. George and Stapleton (CD1),2005,2005-01-01,24.067231,,2005,1,1,1
131356,661,Asthma hospitalizations due to Ozone,Estimated annual rate (age 18+),"per 100,000 adults",UHF42,504,South Beach - Tottenville,2005-2007,2005-01-01,3.3,,2005,1,1,1
131346,661,Asthma hospitalizations due to Ozone,Estimated annual rate (age 18+),"per 100,000 adults",UHF42,404,Bayside - Little Neck,2005-2007,2005-01-01,1.8,,2005,1,1,1
154502,644,Annual vehicle miles traveled (cars),Million miles,per square mile,CD,102,Greenwich Village and Soho (CD2),2005,2005-01-01,109.395468,,2005,1,1,1
130950,651,Cardiovascular hospitalizations due to PM2.5 (age 40+),Estimated annual rate,"per 100,000 adults",UHF42,302,Central Harlem - Morningside Heights,2005-2007,2005-01-01,35.1,,2005,1,1,1
151735,645,Annual vehicle miles traveled (trucks),Million miles,per square mile,UHF42,210,Coney Island - Sheepshead Bay,2005,2005-01-01,1.723271,,2005,1,1,1
151764,645,Annual vehicle miles traveled (trucks),Million miles,per square mile,Borough,3,Manhattan,2005,2005-01-01,6.242864,,2005,1,1,1
131353,661,Asthma hospitalizations due to Ozone,Estimated annual rate (age 18+),"per 100,000 adults",UHF42,501,Port Richmond,2005-2007,2005-01-01,8.0,,2005,1,1,1
131153,655,Asthma hospitalizations due to Ozone,Estimated annual rate (under age 18),"per 100,000 children",UHF42,403,Flushing - Clearview,2005-2007,2005-01-01,11.1,,2005,1,1,1
151724,645,Annual vehicle miles traveled (trucks),Million miles,per square mile,UHF42,106,High Bridge - Morrisania,2005,2005-01-01,5.468103,,2005,1,1,1
151756,645,Annual vehicle miles traveled (trucks),Million miles,per square mile,UHF42,410,Rockaways,2005,2005-01-01,0.508889,,2005,1,1,1
131231,657,Asthma emergency department visits due to PM2.5,Estimated annual rate (age 18+),"per 100,000 adults",UHF42,206,Borough Park,2005-2007,2005-01-01,13.0,,2005,1,1,1
131315,661,Asthma hospitalizations due to Ozone,Estimated annual rate (age 18+),"per 100,000 adults",UHF42,101,Kingsbridge - Riverdale,2005-2007,2005-01-01,6.3,,2005,1,1,1
154489,645,Annual vehicle miles traveled (trucks),Million miles,per square mile,CD,406,Rego Park and Forest Hills (CD6),2005,2005-01-01,5.082484,,2005,1,1,1
131268,659,Asthma emergency departments visits due to Ozone,Estimated annual rate (age 18+),"per 100,000 adults",UHF42,102,Northeast Bronx,2005-2007,2005-01-01,58.3,,2005,1,1,1
131230,657,Asthma emergency department visits due to PM2.5,Estimated annual rate (age 18+),"per 100,000 adults",UHF42,205,Sunset Park,2005-2007,2005-01-01,47.2,,2005,1,1,1
131276,659,Asthma emergency departments visits due to Ozone,Estimated annual rate (age 18+),"per 100,000 adults",UHF42,203,Bedford Stuyvesant - Crown Heights,2005-2007,2005-01-01,98.5,,2005,1,1,1
130978,651,Cardiovascular hospitalizations due to PM2.5 (age 40+),Estimated annual rate,"per 100,000 adults",Borough,5,Staten Island,2005-2007,2005-01-01,25.2,,2005,1,1,1
131279,659,Asthma emergency departments visits due to Ozone,Estimated annual rate (age 18+),"per 100,000 adults",UHF42,206,Borough Park,2005-2007,2005-01-01,11.6,,2005,1,1,1
130991,652,Cardiac and respiratory deaths due to Ozone,Estimated annual rate,"per 100,000",UHF42,206,Borough Park,2005-2007,2005-01-01,6.4,,2005,1,1,1
131300,659,Asthma emergency departments visits due to Ozone,Estimated annual rate (age 18+),"per 100,000 adults",UHF42,406,Fresh Meadows,2005-2007,2005-01-01,21.1,,2005,1,1,1
131287,659,Asthma emergency departments visits due to Ozone,Estimated annual rate (age 18+),"per 100,000 adults",UHF42,303,East Harlem,2005-2007,2005-01-01,143.9,,2005,1,1,1
154544,644,Annual vehicle miles traveled (cars),Million miles,per square mile,CD,402,Woodside and Sunnyside (CD2),2005,2005-01-01,72.811295,,2005,1,1,1
151763,645,Annual vehicle miles traveled (trucks),Million miles,per square mile,Borough,2,Brooklyn,2005,2005-01-01,2.795932,,2005,1,1,1
151762,645,Annual vehicle miles traveled (trucks),Million miles,per square mile,Borough,1,Bronx,2005,2005-01-01,3.472806,,2005,1,1,1
131290,659,Asthma emergency departments visits due to Ozone,Estimated annual rate (age 18+),"per 100,000 adults",UHF42,306,Chelsea - Clinton,2005-2007,2005-01-01,28.6,,2005,1,1,1
131241,657,Asthma emergency department visits due to PM2.5,Estimated annual rate (age 18+),"per 100,000 adults",UHF42,305,Upper East Side,2005-2007,2005-01-01,11.5,,2005,1,1,1
130822,648,Asthma emergency department visits due to PM2.5,Estimated annual rate (under age 18),"per 100,000 children",UHF42,408,Jamaica,2005-2007,2005-01-01,113.6,,2005,1,1,1
131277,659,Asthma emergency departments visits due to Ozone,Estimated annual rate (age 18+),"per 100,000 adults",UHF42,204,East New York,2005-2007,2005-01-01,86.4,,2005,1,1,1
154587,643,Annual vehicle miles traveled,Million miles,per square mile,CD,304,Bushwick (CD4),2005,2005-01-01,36.689191,,2005,1,1,1
154457,645,Annual vehicle miles traveled (trucks),Million miles,per square mile,CD,204,Highbridge and Concourse (CD4),2005,2005-01-01,5.959628,,2005,1,1,1
154482,645,Annual vehicle miles traveled (trucks),Million miles,per square mile,CD,317,East Flatbush (CD17),2005,2005-01-01,3.275749,,2005,1,1,1
154483,645,Annual vehicle miles traveled (trucks),Million miles,per square mile,CD,318,Flatlands and Canarsie (CD18),2005,2005-01-01,1.492575,,2005,1,1,1
154469,645,Annual vehicle miles traveled (trucks),Million miles,per square mile,CD,304,Bushwick (CD4),2005,2005-01-01,1.212591,,2005,1,1,1
151730,645,Annual vehicle miles traveled (trucks),Million miles,per square mile,UHF42,205,Sunset Park,2005,2005-01-01,3.374646,,2005,1,1,1
151678,644,Annual vehicle miles traveled (cars),Million miles,per square mile,UHF42,201,Greenpoint,2005,2005-01-01,58.919814,,2005,1,1,1
151759,645,Annual vehicle miles traveled (trucks),Million miles,per square mile,UHF42,503,Willowbrook,2005,2005-01-01,1.392679,,2005,1,1,1
151749,645,Annual vehicle miles traveled (trucks),Million miles,per square mile,UHF42,403,Flushing - Clearview,2005,2005-01-01,2.044089,,2005,1,1,1
131308,659,Asthma emergency departments visits due to Ozone,Estimated annual rate (age 18+),"per 100,000 adults",UHF42,504,South Beach - Tottenville,2005-2007,2005-01-01,16.3,,2005,1,1,1
151729,645,Annual vehicle miles traveled (trucks),Million miles,per square mile,UHF42,204,East New York,2005,2005-01-01,6.3905,,2005,1,1,1
154479,645,Annual vehicle miles traveled (trucks),Million miles,per square mile,CD,314,Flatbush and Midwood (CD14),2005,2005-01-01,2.810021,,2005,1,1,1
130390,639,Deaths due to PM2.5,Estimated annual rate (age 30+),"per 100,000 adults",UHF42,408,Jamaica,2005-2007,2005-01-01,58.2,,2005,1,1,1
130380,639,Deaths due to PM2.5,Estimated annual rate (age 30+),"per 100,000 adults",UHF42,308,Greenwich Village - SoHo,2005-2007,2005-01-01,45.4,,2005,1,1,1
130361,639,Deaths due to PM2.5,Estimated annual rate (age 30+),"per 100,000 adults",UHF42,107,Hunts Point - Mott Haven,2005-2007,2005-01-01,71.0,,2005,1,1,1
130716,646,Outdoor Air Toxics - Benzene,Annual average concentration,Âµg/m3,UHF42,404,Bayside - Little Neck,2005,2005-01-01,1.9,,2005,1,1,1
131318,661,Asthma hospitalizations due to Ozone,Estimated annual rate (age 18+),"per 100,000 adults",UHF42,104,Pelham - Throgs Neck,2005-2007,2005-01-01,10.2,,2005,1,1,1
130782,639,Deaths due to PM2.5,Estimated annual rate (age 30+),"per 100,000 adults",Borough,1,Bronx,2005-2007,2005-01-01,76.5,,2005,1,1,1
131134,655,Asthma hospitalizations due to Ozone,Estimated annual rate (under age 18),"per 100,000 children",UHF42,205,Sunset Park,2005-2007,2005-01-01,8.8,,2005,1,1,1
154497,645,Annual vehicle miles traveled (trucks),Million miles,per square mile,CD,414,Rockaway and Broad Channel (CD14),2005,2005-01-01,0.517741,,2005,1,1,1
130913,650,Respiratory hospitalizations due to PM2.5 (age 20+),Estimated annual rate,"per 100,000 adults",UHF42,403,Flushing - Clearview,2005-2007,2005-01-01,15.0,,2005,1,1,1
131325,661,Asthma hospitalizations due to Ozone,Estimated annual rate (age 18+),"per 100,000 adults",UHF42,204,East New York,2005-2007,2005-01-01,12.1,,2005,1,1,1
131296,659,Asthma emergency departments visits due to Ozone,Estimated annual rate (age 18+),"per 100,000 adults",UHF42,402,West Queens,2005-2007,2005-01-01,17.3,,2005,1,1,1
154554,644,Annual vehicle miles traveled (cars),Million miles,per square mile,CD,412,Jamaica and Hollis (CD12),2005,2005-01-01,38.900868,,2005,1,1,1
130928,650,Respiratory hospitalizations due to PM2.5 (age 20+),Estimated annual rate,"per 100,000 adults",Borough,3,Manhattan,2005-2007,2005-01-01,18.3,,2005,1,1,1
130997,652,Cardiac and respiratory deaths due to Ozone,Estimated annual rate,"per 100,000",UHF42,301,Washington Heights,2005-2007,2005-01-01,3.1,,2005,1,1,1
130387,639,Deaths due to PM2.5,Estimated annual rate (age 30+),"per 100,000 adults",UHF42,405,Ridgewood - Forest Hills,2005-2007,2005-01-01,72.0,,2005,1,1,1
130379,639,Deaths due to PM2.5,Estimated annual rate (age 30+),"per 100,000 adults",UHF42,307,Gramercy Park - Murray Hill,2005-2007,2005-01-01,52.7,,2005,1,1,1
130369,639,Deaths due to PM2.5,Estimated annual rate (age 30+),"per 100,000 adults",UHF42,208,Canarsie - Flatlands,2005-2007,2005-01-01,61.1,,2005,1,1,1
130368,639,Deaths due to PM2.5,Estimated annual rate (age 30+),"per 100,000 adults",UHF42,207,East Flatbush - Flatbush,2005-2007,2005-01-01,54.9,,2005,1,1,1
151702,644,Annual vehicle miles traveled (cars),Million miles,per square mile,UHF42,404,Bayside - Little Neck,2005,2005-01-01,57.095763,,2005,1,1,1
130364,639,Deaths due to PM2.5,Estimated annual rate (age 30+),"per 100,000 adults",UHF42,203,Bedford Stuyvesant - Crown Heights,2005-2007,2005-01-01,80.0,,2005,1,1,1
130359,639,Deaths due to PM2.5,Estimated annual rate (age 30+),"per 100,000 adults",UHF42,105,Crotona -Tremont,2005-2007,2005-01-01,65.8,,2005,1,1,1
130377,639,Deaths due to PM2.5,Estimated annual rate (age 30+),"per 100,000 adults",UHF42,305,Upper East Side,2005-2007,2005-01-01,55.3,,2005,1,1,1
130910,650,Respiratory hospitalizations due to PM2.5 (age 20+),Estimated annual rate,"per 100,000 adults",UHF42,310,Lower Manhattan,2005-2007,2005-01-01,15.6,,2005,1,1,1
130826,648,Asthma emergency department visits due to PM2.5,Estimated annual rate (under age 18),"per 100,000 children",UHF42,502,Stapleton - St. George,2005-2007,2005-01-01,82.4,,2005,1,1,1
130373,639,Deaths due to PM2.5,Estimated annual rate (age 30+),"per 100,000 adults",UHF42,301,Washington Heights,2005-2007,2005-01-01,60.5,,2005,1,1,1
154522,644,Annual vehicle miles traveled (cars),Million miles,per square mile,CD,210,Throgs Neck and Co-op City (CD10),2005,2005-01-01,38.467273,,2005,1,1,1
130906,650,Respiratory hospitalizations due to PM2.5 (age 20+),Estimated annual rate,"per 100,000 adults",UHF42,306,Chelsea - Clinton,2005-2007,2005-01-01,13.5,,2005,1,1,1
130784,639,Deaths due to PM2.5,Estimated annual rate (age 30+),"per 100,000 adults",Borough,3,Manhattan,2005-2007,2005-01-01,64.0,,2005,1,1,1
130884,650,Respiratory hospitalizations due to PM2.5 (age 20+),Estimated annual rate,"per 100,000 adults",UHF42,102,Northeast Bronx,2005-2007,2005-01-01,25.9,,2005,1,1,1
130781,639,Deaths due to PM2.5,Estimated annual rate (age 30+),"per 100,000 adults",Citywide,1,New York City,2005-2007,2005-01-01,64.7,,2005,1,1,1
130362,639,Deaths due to PM2.5,Estimated annual rate (age 30+),"per 100,000 adults",UHF42,201,Greenpoint,2005-2007,2005-01-01,64.0,,2005,1,1,1
130898,650,Respiratory hospitalizations due to PM2.5 (age 20+),Estimated annual rate,"per 100,000 adults",UHF42,209,Bensonhurst - Bay Ridge,2005-2007,2005-01-01,16.6,,2005,1,1,1
130896,650,Respiratory hospitalizations due to PM2.5 (age 20+),Estimated annual rate,"per 100,000 adults",UHF42,207,East Flatbush - Flatbush,2005-2007,2005-01-01,13.3,,2005,1,1,1
154583,643,Annual vehicle miles traveled,Million miles,per square mile,CD,212,Williamsbridge and Baychester (CD12),2005,2005-01-01,43.575916,,2005,1,1,1
130764,647,Outdoor Air Toxics - Formaldehyde,Annual average concentration,Âµg/m3,UHF42,404,Bayside - Little Neck,2005,2005-01-01,2.5,,2005,1,1,1
131292,659,Asthma emergency departments visits due to Ozone,Estimated annual rate (age 18+),"per 100,000 adults",UHF42,308,Greenwich Village - SoHo,2005-2007,2005-01-01,9.1,,2005,1,1,1
154465,645,Annual vehicle miles traveled (trucks),Million miles,per square mile,CD,212,Williamsbridge and Baychester (CD12),2005,2005-01-01,3.610864,,2005,1,1,1
131064,653,Asthma emergency departments visits due to Ozone,Estimated annual rate (under age 18),"per 100,000 children",UHF42,410,Rockaways,2005-2007,2005-01-01,135.2,,2005,1,1,1
131054,653,Asthma emergency departments visits due to Ozone,Estimated annual rate (under age 18),"per 100,000 children",UHF42,310,Lower Manhattan,2005-2007,2005-01-01,57.2,,2005,1,1,1
154451,645,Annual vehicle miles traveled (trucks),Million miles,per square mile,CD,110,Central Harlem (CD10),2005,2005-01-01,2.139116,,2005,1,1,1
130922,650,Respiratory hospitalizations due to PM2.5 (age 20+),Estimated annual rate,"per 100,000 adults",UHF42,502,Stapleton - St. George,2005-2007,2005-01-01,20.2,,2005,1,1,1
154449,645,Annual vehicle miles traveled (trucks),Million miles,per square mile,CD,108,Upper East Side (CD8),2005,2005-01-01,9.0833,,2005,1,1,1
131233,657,Asthma emergency department visits due to PM2.5,Estimated annual rate (age 18+),"per 100,000 adults",UHF42,208,Canarsie - Flatlands,2005-2007,2005-01-01,41.8,,2005,1,1,1
154453,645,Annual vehicle miles traveled (trucks),Million miles,per square mile,CD,112,Washington Heights and Inwood (CD12),2005,2005-01-01,3.301002,,2005,1,1,1
131313,659,Asthma emergency departments visits due to Ozone,Estimated annual rate (age 18+),"per 100,000 adults",Borough,4,Queens,2005-2007,2005-01-01,23.5,,2005,1,1,1
154493,645,Annual vehicle miles traveled (trucks),Million miles,per square mile,CD,410,South Ozone Park and Howard Beach (CD10),2005,2005-01-01,3.108399,,2005,1,1,1
131150,655,Asthma hospitalizations due to Ozone,Estimated annual rate (under age 18),"per 100,000 children",UHF42,310,Lower Manhattan,2005-2007,2005-01-01,8.1,,2005,1,1,1
154524,644,Annual vehicle miles traveled (cars),Million miles,per square mile,CD,212,Williamsbridge and Baychester (CD12),2005,2005-01-01,39.716914,,2005,1,1,1
154463,645,Annual vehicle miles traveled (trucks),Million miles,per square mile,CD,210,Throgs Neck and Co-op City (CD10),2005,2005-01-01,4.939819,,2005,1,1,1
131354,661,Asthma hospitalizations due to Ozone,Estimated annual rate (age 18+),"per 100,000 adults",UHF42,502,Stapleton - St. George,2005-2007,2005-01-01,6.1,,2005,1,1,1
130382,639,Deaths due to PM2.5,Estimated annual rate (age 30+),"per 100,000 adults",UHF42,310,Lower Manhattan,2005-2007,2005-01-01,59.5,,2005,1,1,1
130381,639,Deaths due to PM2.5,Estimated annual rate (age 30+),"per 100,000 adults",UHF42,309,Union Square - Lower East Side,2005-2007,2005-01-01,66.9,,2005,1,1,1
151750,645,Annual vehicle miles traveled (trucks),Million miles,per square mile,UHF42,404,Bayside - Little Neck,2005,2005-01-01,3.162549,,2005,1,1,1
130367,639,Deaths due to PM2.5,Estimated annual rate (age 30+),"per 100,000 adults",UHF42,206,Borough Park,2005-2007,2005-01-01,68.2,,2005,1,1,1
154510,644,Annual vehicle miles traveled (cars),Million miles,per square mile,CD,110,Central Harlem (CD10),2005,2005-01-01,61.482829,,2005,1,1,1
130783,639,Deaths due to PM2.5,Estimated annual rate (age 30+),"per 100,000 adults",Borough,2,Brooklyn,2005-2007,2005-01-01,67.8,,2005,1,1,1
151760,645,Annual vehicle miles traveled (trucks),Million miles,per square mile,UHF42,504,South Beach - Tottenville,2005,2005-01-01,0.659698,,2005,1,1,1
130805,648,Asthma emergency department visits due to PM2.5,Estimated annual rate (under age 18),"per 100,000 children",UHF42,301,Washington Heights,2005-2007,2005-01-01,175.9,,2005,1,1,1
130908,650,Respiratory hospitalizations due to PM2.5 (age 20+),Estimated annual rate,"per 100,000 adults",UHF42,308,Greenwich Village - SoHo,2005-2007,2005-01-01,5.9,,2005,1,1,1
131248,657,Asthma emergency department visits due to PM2.5,Estimated annual rate (age 18+),"per 100,000 adults",UHF42,402,West Queens,2005-2007,2005-01-01,22.0,,2005,1,1,1
131336,661,Asthma hospitalizations due to Ozone,Estimated annual rate (age 18+),"per 100,000 adults",UHF42,304,Upper West Side,2005-2007,2005-01-01,3.2,,2005,1,1,1
131332,661,Asthma hospitalizations due to Ozone,Estimated annual rate (age 18+),"per 100,000 adults",UHF42,211,Williamsburg - Bushwick,2005-2007,2005-01-01,19.8,,2005,1,1,1
130907,650,Respiratory hospitalizations due to PM2.5 (age 20+),Estimated annual rate,"per 100,000 adults",UHF42,307,Gramercy Park - Murray Hill,2005-2007,2005-01-01,13.0,,2005,1,1,1
131293,659,Asthma emergency departments visits due to Ozone,Estimated annual rate (age 18+),"per 100,000 adults",UHF42,309,Union Square - Lower East Side,2005-2007,2005-01-01,35.0,,2005,1,1,1
130388,639,Deaths due to PM2.5,Estimated annual rate (age 30+),"per 100,000 adults",UHF42,406,Fresh Meadows,2005-2007,2005-01-01,52.0,,2005,1,1,1
130378,639,Deaths due to PM2.5,Estimated annual rate (age 30+),"per 100,000 adults",UHF42,306,Chelsea - Clinton,2005-2007,2005-01-01,57.5,,2005,1,1,1
131294,659,Asthma emergency departments visits due to Ozone,Estimated annual rate (age 18+),"per 100,000 adults",UHF42,310,Lower Manhattan,2005-2007,2005-01-01,26.9,,2005,1,1,1
151731,645,Annual vehicle miles traveled (trucks),Million miles,per square mile,UHF42,206,Borough Park,2005,2005-01-01,2.673126,,2005,1,1,1
154598,643,Annual vehicle miles traveled,Million miles,per square mile,CD,315,Sheepshead Bay (CD15),2005,2005-01-01,42.865708,,2005,1,1,1
154614,643,Annual vehicle miles traveled,Million miles,per square mile,CD,413,Queens Village (CD13),2005,2005-01-01,59.429215,,2005,1,1,1
130688,646,Outdoor Air Toxics - Benzene,Annual average concentration,Âµg/m3,UHF42,104,Pelham - Throgs Neck,2005,2005-01-01,2.7,,2005,1,1,1
154473,645,Annual vehicle miles traveled (trucks),Million miles,per square mile,CD,308,Crown Heights and Prospect Heights (CD8),2005,2005-01-01,2.615298,,2005,1,1,1
154461,645,Annual vehicle miles traveled (trucks),Million miles,per square mile,CD,208,Riverdale and Fieldston (CD8),2005,2005-01-01,1.986706,,2005,1,1,1
130973,651,Cardiovascular hospitalizations due to PM2.5 (age 40+),Estimated annual rate,"per 100,000 adults",Citywide,1,New York City,2005-2007,2005-01-01,25.7,,2005,1,1,1
154447,645,Annual vehicle miles traveled (trucks),Million miles,per square mile,CD,106,Stuyvesant Town and Turtle Bay (CD6),2005,2005-01-01,9.860879,,2005,1,1,1
151633,643,Annual vehicle miles traveled,Million miles,per square mile,UHF42,204,East New York,2005,2005-01-01,55.475244,,2005,1,1,1
151726,645,Annual vehicle miles traveled (trucks),Million miles,per square mile,UHF42,201,Greenpoint,2005,2005-01-01,4.07591,,2005,1,1,1
154459,645,Annual vehicle miles traveled (trucks),Million miles,per square mile,CD,206,Belmont and East Tremont (CD6),2005,2005-01-01,4.663124,,2005,1,1,1
131237,657,Asthma emergency department visits due to PM2.5,Estimated annual rate (age 18+),"per 100,000 adults",UHF42,301,Washington Heights,2005-2007,2005-01-01,66.4,,2005,1,1,1
151640,643,Annual vehicle miles traveled,Million miles,per square mile,UHF42,211,Williamsburg - Bushwick,2005,2005-01-01,44.165238,,2005,1,1,1
130900,650,Respiratory hospitalizations due to PM2.5 (age 20+),Estimated annual rate,"per 100,000 adults",UHF42,211,Williamsburg - Bushwick,2005-2007,2005-01-01,31.6,,2005,1,1,1
131350,661,Asthma hospitalizations due to Ozone,Estimated annual rate (age 18+),"per 100,000 adults",UHF42,408,Jamaica,2005-2007,2005-01-01,7.9,,2005,1,1,1
151736,645,Annual vehicle miles traveled (trucks),Million miles,per square mile,UHF42,211,Williamsburg - Bushwick,2005,2005-01-01,1.502111,,2005,1,1,1
131238,657,Asthma emergency department visits due to PM2.5,Estimated annual rate (age 18+),"per 100,000 adults",UHF42,302,Central Harlem - Morningside Heights,2005-2007,2005-01-01,209.9,,2005,1,1,1
130395,639,Deaths due to PM2.5,Estimated annual rate (age 30+),"per 100,000 adults",UHF42,503,Willowbrook,2005-2007,2005-01-01,73.8,,2005,1,1,1
130366,639,Deaths due to PM2.5,Estimated annual rate (age 30+),"per 100,000 adults",UHF42,205,Sunset Park,2005-2007,2005-01-01,49.2,,2005,1,1,1
130375,639,Deaths due to PM2.5,Estimated annual rate (age 30+),"per 100,000 adults",UHF42,303,East Harlem,2005-2007,2005-01-01,100.5,,2005,1,1,1
154520,644,Annual vehicle miles traveled (cars),Million miles,per square mile,CD,208,Riverdale and Fieldston (CD8),2005,2005-01-01,30.10114,,2005,1,1,1
151766,645,Annual vehicle miles traveled (trucks),Million miles,per square mile,Borough,5,Staten Island,2005,2005-01-01,1.003621,,2005,1,1,1
151635,643,Annual vehicle miles traveled,Million miles,per square mile,UHF42,206,Borough Park,2005,2005-01-01,57.839769,,2005,1,1,1
151737,645,Annual vehicle miles traveled (trucks),Million miles,per square mile,UHF42,301,Washington Heights,2005,2005-01-01,3.466213,,2005,1,1,1
151747,645,Annual vehicle miles traveled (trucks),Million miles,per square mile,UHF42,401,Long Island City - Astoria,2005,2005-01-01,2.866232,,2005,1,1,1
130904,650,Respiratory hospitalizations due to PM2.5 (age 20+),Estimated annual rate,"per 100,000 adults",UHF42,304,Upper West Side,2005-2007,2005-01-01,15.3,,2005,1,1,1
151641,643,Annual vehicle miles traveled,Million miles,per square mile,UHF42,301,Washington Heights,2005,2005-01-01,88.620354,,2005,1,1,1
154606,643,Annual vehicle miles traveled,Million miles,per square mile,CD,405,Ridgewood and Maspeth (CD5),2005,2005-01-01,49.352831,,2005,1,1,1
151624,643,Annual vehicle miles traveled,Million miles,per square mile,UHF42,102,Northeast Bronx,2005,2005-01-01,38.82801,,2005,1,1,1
154509,644,Annual vehicle miles traveled (cars),Million miles,per square mile,CD,109,Morningside Heights and Hamilton Heights (CD9),2005,2005-01-01,83.813147,,2005,1,1,1
131273,659,Asthma emergency departments visits due to Ozone,Estimated annual rate (age 18+),"per 100,000 adults",UHF42,107,Hunts Point - Mott Haven,2005-2007,2005-01-01,130.1,,2005,1,1,1
154521,644,Annual vehicle miles traveled (cars),Million miles,per square mile,CD,209,Parkchester and Soundview (CD9),2005,2005-01-01,50.720168,,2005,1,1,1
154523,644,Annual vehicle miles traveled (cars),Million miles,per square mile,CD,211,Morris Park and Bronxdale (CD11),2005,2005-01-01,30.231021,,2005,1,1,1
131281,659,Asthma emergency departments visits due to Ozone,Estimated annual rate (age 18+),"per 100,000 adults",UHF42,208,Canarsie - Flatlands,2005-2007,2005-01-01,38.3,,2005,1,1,1
154551,644,Annual vehicle miles traveled (cars),Million miles,per square mile,CD,409,Kew Gardens and Woodhaven (CD9),2005,2005-01-01,43.754236,,2005,1,1,1
154553,644,Annual vehicle miles traveled (cars),Million miles,per square mile,CD,411,Bayside and Little Neck (CD11),2005,2005-01-01,55.327714,,2005,1,1,1
151644,643,Annual vehicle miles traveled,Million miles,per square mile,UHF42,304,Upper West Side,2005,2005-01-01,103.245868,,2005,1,1,1
131311,659,Asthma emergency departments visits due to Ozone,Estimated annual rate (age 18+),"per 100,000 adults",Borough,2,Brooklyn,2005-2007,2005-01-01,47.8,,2005,1,1,1
131260,657,Asthma emergency department visits due to PM2.5,Estimated annual rate (age 18+),"per 100,000 adults",UHF42,504,South Beach - Tottenville,2005-2007,2005-01-01,16.5,,2005,1,1,1
131334,661,Asthma hospitalizations due to Ozone,Estimated annual rate (age 18+),"per 100,000 adults",UHF42,302,Central Harlem - Morningside Heights,2005-2007,2005-01-01,13.1,,2005,1,1,1
131280,659,Asthma emergency departments visits due to Ozone,Estimated annual rate (age 18+),"per 100,000 adults",UHF42,207,East Flatbush - Flatbush,2005-2007,2005-01-01,49.8,,2005,1,1,1
131291,659,Asthma emergency departments visits due to Ozone,Estimated annual rate (age 18+),"per 100,000 adults",UHF42,307,Gramercy Park - Murray Hill,2005-2007,2005-01-01,19.6,,2005,1,1,1
131132,655,Asthma hospitalizations due to Ozone,Estimated annual rate (under age 18),"per 100,000 children",UHF42,203,Bedford Stuyvesant - Crown Heights,2005-2007,2005-01-01,37.9,,2005,1,1,1
130796,648,Asthma emergency department visits due to PM2.5,Estimated annual rate (under age 18),"per 100,000 children",UHF42,203,Bedford Stuyvesant - Crown Heights,2005-2007,2005-01-01,195.4,,2005,1,1,1
130809,648,Asthma emergency department visits due to PM2.5,Estimated annual rate (under age 18),"per 100,000 children",UHF42,305,Upper East Side,2005-2007,2005-01-01,39.0,,2005,1,1,1
130774,647,Outdoor Air Toxics - Formaldehyde,Annual average concentration,Âµg/m3,UHF42,504,South Beach - Tottenville,2005,2005-01-01,2.2,,2005,1,1,1
130389,639,Deaths due to PM2.5,Estimated annual rate (age 30+),"per 100,000 adults",UHF42,407,Southwest Queens,2005-2007,2005-01-01,49.0,,2005,1,1,1
154454,645,Annual vehicle miles traveled (trucks),Million miles,per square mile,CD,201,Mott Haven and Melrose (CD1),2005,2005-01-01,4.480769,,2005,1,1,1
154511,644,Annual vehicle miles traveled (cars),Million miles,per square mile,CD,111,East Harlem (CD11),2005,2005-01-01,104.81738,,2005,1,1,1
130925,650,Respiratory hospitalizations due to PM2.5 (age 20+),Estimated annual rate,"per 100,000 adults",Citywide,1,New York City,2005-2007,2005-01-01,19.8,,2005,1,1,1
130923,650,Respiratory hospitalizations due to PM2.5 (age 20+),Estimated annual rate,"per 100,000 adults",UHF42,503,Willowbrook,2005-2007,2005-01-01,17.8,,2005,1,1,1
154570,643,Annual vehicle miles traveled,Million miles,per square mile,CD,111,East Harlem (CD11),2005,2005-01-01,110.830342,,2005,1,1,1
154442,645,Annual vehicle miles traveled (trucks),Million miles,per square mile,CD,101,Financial District (CD1),2005,2005-01-01,5.295217,,2005,1,1,1
130912,650,Respiratory hospitalizations due to PM2.5 (age 20+),Estimated annual rate,"per 100,000 adults",UHF42,402,West Queens,2005-2007,2005-01-01,12.6,,2005,1,1,1
154484,645,Annual vehicle miles traveled (trucks),Million miles,per square mile,CD,401,Long Island City and Astoria (CD1),2005,2005-01-01,1.641648,,2005,1,1,1
130820,648,Asthma emergency department visits due to PM2.5,Estimated annual rate (under age 18),"per 100,000 children",UHF42,406,Fresh Meadows,2005-2007,2005-01-01,54.8,,2005,1,1,1
154446,645,Annual vehicle miles traveled (trucks),Million miles,per square mile,CD,105,Midtown (CD5),2005,2005-01-01,10.903427,,2005,1,1,1
130887,650,Respiratory hospitalizations due to PM2.5 (age 20+),Estimated annual rate,"per 100,000 adults",UHF42,105,Crotona -Tremont,2005-2007,2005-01-01,33.7,,2005,1,1,1
154560,643,Annual vehicle miles traveled,Million miles,per square mile,CD,101,Financial District (CD1),2005,2005-01-01,98.392572,,2005,1,1,1
154567,643,Annual vehicle miles traveled,Million miles,per square mile,CD,108,Upper East Side (CD8),2005,2005-01-01,138.999789,,2005,1,1,1
154613,643,Annual vehicle miles traveled,Million miles,per square mile,CD,412,Jamaica and Hollis (CD12),2005,2005-01-01,41.61838,,2005,1,1,1
151630,643,Annual vehicle miles traveled,Million miles,per square mile,UHF42,201,Greenpoint,2005,2005-01-01,63.172011,,2005,1,1,1
131239,657,Asthma emergency department visits due to PM2.5,Estimated annual rate (age 18+),"per 100,000 adults",UHF42,303,East Harlem,2005-2007,2005-01-01,202.7,,2005,1,1,1
131247,657,Asthma emergency department visits due to PM2.5,Estimated annual rate (age 18+),"per 100,000 adults",UHF42,401,Long Island City - Astoria,2005-2007,2005-01-01,18.2,,2005,1,1,1
154564,643,Annual vehicle miles traveled,Million miles,per square mile,CD,105,Midtown (CD5),2005,2005-01-01,138.131564,,2005,1,1,1
130885,650,Respiratory hospitalizations due to PM2.5 (age 20+),Estimated annual rate,"per 100,000 adults",UHF42,103,Fordham - Bronx Pk,2005-2007,2005-01-01,28.1,,2005,1,1,1
131223,657,Asthma emergency department visits due to PM2.5,Estimated annual rate (age 18+),"per 100,000 adults",UHF42,105,Crotona -Tremont,2005-2007,2005-01-01,192.7,,2005,1,1,1
154573,643,Annual vehicle miles traveled,Million miles,per square mile,CD,202,Hunts Point and Longwood (CD2),2005,2005-01-01,37.935172,,2005,1,1,1
131317,661,Asthma hospitalizations due to Ozone,Estimated annual rate (age 18+),"per 100,000 adults",UHF42,103,Fordham - Bronx Pk,2005-2007,2005-01-01,14.4,,2005,1,1,1
131355,661,Asthma hospitalizations due to Ozone,Estimated annual rate (age 18+),"per 100,000 adults",UHF42,503,Willowbrook,2005-2007,2005-01-01,3.8,,2005,1,1,1
130776,647,Outdoor Air Toxics - Formaldehyde,Annual average concentration,Âµg/m3,Borough,1,Bronx,2005,2005-01-01,3.3,,2005,1,1,1
131221,657,Asthma emergency department visits due to PM2.5,Estimated annual rate (age 18+),"per 100,000 adults",UHF42,103,Fordham - Bronx Pk,2005-2007,2005-01-01,108.2,,2005,1,1,1
154481,645,Annual vehicle miles traveled (trucks),Million miles,per square mile,CD,316,Brownsville (CD16),2005,2005-01-01,3.756267,,2005,1,1,1
154576,643,Annual vehicle miles traveled,Million miles,per square mile,CD,205,Fordham and University Heights (CD5),2005,2005-01-01,105.527281,,2005,1,1,1
130830,648,Asthma emergency department visits due to PM2.5,Estimated annual rate (under age 18),"per 100,000 children",Borough,1,Bronx,2005-2007,2005-01-01,212.5,,2005,1,1,1
130795,648,Asthma emergency department visits due to PM2.5,Estimated annual rate (under age 18),"per 100,000 children",UHF42,202,Downtown - Heights - Slope,2005-2007,2005-01-01,99.3,,2005,1,1,1
131135,655,Asthma hospitalizations due to Ozone,Estimated annual rate (under age 18),"per 100,000 children",UHF42,206,Borough Park,2005-2007,2005-01-01,3.9,,2005,1,1,1
130817,648,Asthma emergency department visits due to PM2.5,Estimated annual rate (under age 18),"per 100,000 children",UHF42,403,Flushing - Clearview,2005-2007,2005-01-01,48.7,,2005,1,1,1
154494,645,Annual vehicle miles traveled (trucks),Million miles,per square mile,CD,411,Bayside and Little Neck (CD11),2005,2005-01-01,3.08126,,2005,1,1,1
154492,645,Annual vehicle miles traveled (trucks),Million miles,per square mile,CD,409,Kew Gardens and Woodhaven (CD9),2005,2005-01-01,3.756119,,2005,1,1,1
131072,653,Asthma emergency departments visits due to Ozone,Estimated annual rate (under age 18),"per 100,000 children",Borough,3,Manhattan,2005-2007,2005-01-01,120.1,,2005,1,1,1
154450,645,Annual vehicle miles traveled (trucks),Million miles,per square mile,CD,109,Morningside Heights and Hamilton Heights (CD9),2005,2005-01-01,4.03787,,2005,1,1,1
130810,648,Asthma emergency department visits due to PM2.5,Estimated annual rate (under age 18),"per 100,000 children",UHF42,306,Chelsea - Clinton,2005-2007,2005-01-01,139.1,,2005,1,1,1
154474,645,Annual vehicle miles traveled (trucks),Million miles,per square mile,CD,309,South Crown Heights and Lefferts Gardens (CD9),2005,2005-01-01,2.338782,,2005,1,1,1
154540,644,Annual vehicle miles traveled (cars),Million miles,per square mile,CD,316,Brownsville (CD16),2005,2005-01-01,83.330915,,2005,1,1,1
151720,645,Annual vehicle miles traveled (trucks),Million miles,per square mile,UHF42,102,Northeast Bronx,2005,2005-01-01,3.63275,,2005,1,1,1
151727,645,Annual vehicle miles traveled (trucks),Million miles,per square mile,UHF42,202,Downtown - Heights - Slope,2005,2005-01-01,5.725227,,2005,1,1,1
151738,645,Annual vehicle miles traveled (trucks),Million miles,per square mile,UHF42,302,Central Harlem - Morningside Heights,2005,2005-01-01,2.567942,,2005,1,1,1
151631,643,Annual vehicle miles traveled,Million miles,per square mile,UHF42,202,Downtown - Heights - Slope,2005,2005-01-01,90.11112,,2005,1,1,1
130706,646,Outdoor Air Toxics - Benzene,Annual average concentration,Âµg/m3,UHF42,304,Upper West Side,2005,2005-01-01,3.9,,2005,1,1,1
130806,648,Asthma emergency department visits due to PM2.5,Estimated annual rate (under age 18),"per 100,000 children",UHF42,302,Central Harlem - Morningside Heights,2005-2007,2005-01-01,424.7,,2005,1,1,1
154500,645,Annual vehicle miles traveled (trucks),Million miles,per square mile,CD,503,Tottenville and Great Kills (CD3),2005,2005-01-01,0.699172,,2005,1,1,1
130792,648,Asthma emergency department visits due to PM2.5,Estimated annual rate (under age 18),"per 100,000 children",UHF42,106,High Bridge - Morrisania,2005-2007,2005-01-01,308.0,,2005,1,1,1
131297,659,Asthma emergency departments visits due to Ozone,Estimated annual rate (age 18+),"per 100,000 adults",UHF42,403,Flushing - Clearview,2005-2007,2005-01-01,11.3,,2005,1,1,1
130803,648,Asthma emergency department visits due to PM2.5,Estimated annual rate (under age 18),"per 100,000 children",UHF42,210,Coney Island - Sheepshead Bay,2005-2007,2005-01-01,38.4,,2005,1,1,1
131045,653,Asthma emergency departments visits due to Ozone,Estimated annual rate (under age 18),"per 100,000 children",UHF42,301,Washington Heights,2005-2007,2005-01-01,110.4,,2005,1,1,1
130919,650,Respiratory hospitalizations due to PM2.5 (age 20+),Estimated annual rate,"per 100,000 adults",UHF42,409,Southeast Queens,2005-2007,2005-01-01,13.0,,2005,1,1,1
154456,645,Annual vehicle miles traveled (trucks),Million miles,per square mile,CD,203,Morrisania and Crotona (CD3),2005,2005-01-01,2.55739,,2005,1,1,1
131128,655,Asthma hospitalizations due to Ozone,Estimated annual rate (under age 18),"per 100,000 children",UHF42,106,High Bridge - Morrisania,2005-2007,2005-01-01,35.1,,2005,1,1,1
154487,645,Annual vehicle miles traveled (trucks),Million miles,per square mile,CD,404,Elmhurst and Corona (CD4),2005,2005-01-01,4.671087,,2005,1,1,1
131269,659,Asthma emergency departments visits due to Ozone,Estimated annual rate (age 18+),"per 100,000 adults",UHF42,103,Fordham - Bronx Pk,2005-2007,2005-01-01,84.1,,2005,1,1,1
131255,657,Asthma emergency department visits due to PM2.5,Estimated annual rate (age 18+),"per 100,000 adults",UHF42,409,Southeast Queens,2005-2007,2005-01-01,28.4,,2005,1,1,1
131001,652,Cardiac and respiratory deaths due to Ozone,Estimated annual rate,"per 100,000",UHF42,305,Upper East Side,2005-2007,2005-01-01,4.0,,2005,1,1,1
131352,661,Asthma hospitalizations due to Ozone,Estimated annual rate (age 18+),"per 100,000 adults",UHF42,410,Rockaways,2005-2007,2005-01-01,9.4,,2005,1,1,1
154559,644,Annual vehicle miles traveled (cars),Million miles,per square mile,CD,503,Tottenville and Great Kills (CD3),2005,2005-01-01,12.217585,,2005,1,1,1
154485,645,Annual vehicle miles traveled (trucks),Million miles,per square mile,CD,402,Woodside and Sunnyside (CD2),2005,2005-01-01,5.029655,,2005,1,1,1
154515,644,Annual vehicle miles traveled (cars),Million miles,per square mile,CD,203,Morrisania and Crotona (CD3),2005,2005-01-01,32.669851,,2005,1,1,1
131234,657,Asthma emergency department visits due to PM2.5,Estimated annual rate (age 18+),"per 100,000 adults",UHF42,209,Bensonhurst - Bay Ridge,2005-2007,2005-01-01,14.8,,2005,1,1,1
131256,657,Asthma emergency department visits due to PM2.5,Estimated annual rate (age 18+),"per 100,000 adults",UHF42,410,Rockaways,2005-2007,2005-01-01,60.0,,2005,1,1,1
130940,651,Cardiovascular hospitalizations due to PM2.5 (age 40+),Estimated annual rate,"per 100,000 adults",UHF42,203,Bedford Stuyvesant - Crown Heights,2005-2007,2005-01-01,34.3,,2005,1,1,1
154585,643,Annual vehicle miles traveled,Million miles,per square mile,CD,302,Fort Greene and Brooklyn Heights (CD2),2005,2005-01-01,104.128742,,2005,1,1,1
154499,645,Annual vehicle miles traveled (trucks),Million miles,per square mile,CD,502,South Beach and Willowbrook (CD2),2005,2005-01-01,1.198005,,2005,1,1,1
151717,644,Annual vehicle miles traveled (cars),Million miles,per square mile,Borough,4,Queens,2005,2005-01-01,45.212187,,2005,1,1,1
154597,643,Annual vehicle miles traveled,Million miles,per square mile,CD,314,Flatbush and Midwood (CD14),2005,2005-01-01,66.384178,,2005,1,1,1
154608,643,Annual vehicle miles traveled,Million miles,per square mile,CD,407,Flushing and Whitestone (CD7),2005,2005-01-01,38.091658,,2005,1,1,1
151654,643,Annual vehicle miles traveled,Million miles,per square mile,UHF42,404,Bayside - Little Neck,2005,2005-01-01,60.492651,,2005,1,1,1
131144,655,Asthma hospitalizations due to Ozone,Estimated annual rate (under age 18),"per 100,000 children",UHF42,304,Upper West Side,2005-2007,2005-01-01,10.6,,2005,1,1,1
130724,646,Outdoor Air Toxics - Benzene,Annual average concentration,Âµg/m3,UHF42,502,Stapleton - St. George,2005,2005-01-01,1.3,,2005,1,1,1
131065,653,Asthma emergency departments visits due to Ozone,Estimated annual rate (under age 18),"per 100,000 children",UHF42,501,Port Richmond,2005-2007,2005-01-01,92.9,,2005,1,1,1
151664,643,Annual vehicle miles traveled,Million miles,per square mile,UHF42,504,South Beach - Tottenville,2005,2005-01-01,14.312371,,2005,1,1,1
151700,644,Annual vehicle miles traveled (cars),Million miles,per square mile,UHF42,402,West Queens,2005,2005-01-01,80.504395,,2005,1,1,1
131243,657,Asthma emergency department visits due to PM2.5,Estimated annual rate (age 18+),"per 100,000 adults",UHF42,307,Gramercy Park - Murray Hill,2005-2007,2005-01-01,27.4,,2005,1,1,1
131048,653,Asthma emergency departments visits due to Ozone,Estimated annual rate (under age 18),"per 100,000 children",UHF42,304,Upper West Side,2005-2007,2005-01-01,80.5,,2005,1,1,1
131271,659,Asthma emergency departments visits due to Ozone,Estimated annual rate (age 18+),"per 100,000 adults",UHF42,105,Crotona -Tremont,2005-2007,2005-01-01,138.6,,2005,1,1,1
151632,643,Annual vehicle miles traveled,Million miles,per square mile,UHF42,203,Bedford Stuyvesant - Crown Heights,2005,2005-01-01,94.985402,,2005,1,1,1
131140,655,Asthma hospitalizations due to Ozone,Estimated annual rate (under age 18),"per 100,000 children",UHF42,211,Williamsburg - Bushwick,2005-2007,2005-01-01,40.1,,2005,1,1,1
131044,653,Asthma emergency departments visits due to Ozone,Estimated annual rate (under age 18),"per 100,000 children",UHF42,211,Williamsburg - Bushwick,2005-2007,2005-01-01,138.7,,2005,1,1,1
130697,646,Outdoor Air Toxics - Benzene,Annual average concentration,Âµg/m3,UHF42,206,Borough Park,2005,2005-01-01,2.5,,2005,1,1,1
130690,646,Outdoor Air Toxics - Benzene,Annual average concentration,Âµg/m3,UHF42,106,High Bridge - Morrisania,2005,2005-01-01,3.0,,2005,1,1,1
154609,643,Annual vehicle miles traveled,Million miles,per square mile,CD,408,Hillcrest and Fresh Meadows (CD8),2005,2005-01-01,62.983868,,2005,1,1,1
151663,643,Annual vehicle miles traveled,Million miles,per square mile,UHF42,503,Willowbrook,2005,2005-01-01,26.438355,,2005,1,1,1
151679,644,Annual vehicle miles traveled (cars),Million miles,per square mile,UHF42,202,Downtown - Heights - Slope,2005,2005-01-01,83.92354,,2005,1,1,1
131169,655,Asthma hospitalizations due to Ozone,Estimated annual rate (under age 18),"per 100,000 children",Borough,4,Queens,2005-2007,2005-01-01,17.1,,2005,1,1,1
130975,651,Cardiovascular hospitalizations due to PM2.5 (age 40+),Estimated annual rate,"per 100,000 adults",Borough,2,Brooklyn,2005-2007,2005-01-01,29.3,,2005,1,1,1
130965,651,Cardiovascular hospitalizations due to PM2.5 (age 40+),Estimated annual rate,"per 100,000 adults",UHF42,407,Southwest Queens,2005-2007,2005-01-01,25.6,,2005,1,1,1
151645,643,Annual vehicle miles traveled,Million miles,per square mile,UHF42,305,Upper East Side,2005,2005-01-01,124.960405,,2005,1,1,1
130939,651,Cardiovascular hospitalizations due to PM2.5 (age 40+),Estimated annual rate,"per 100,000 adults",UHF42,202,Downtown - Heights - Slope,2005-2007,2005-01-01,28.6,,2005,1,1,1
130711,646,Outdoor Air Toxics - Benzene,Annual average concentration,Âµg/m3,UHF42,309,Union Square - Lower East Side,2005,2005-01-01,5.0,,2005,1,1,1
130712,646,Outdoor Air Toxics - Benzene,Annual average concentration,Âµg/m3,UHF42,310,Lower Manhattan,2005,2005-01-01,6.3,,2005,1,1,1
154612,643,Annual vehicle miles traveled,Million miles,per square mile,CD,411,Bayside and Little Neck (CD11),2005,2005-01-01,58.667583,,2005,1,1,1
151652,643,Annual vehicle miles traveled,Million miles,per square mile,UHF42,402,West Queens,2005,2005-01-01,84.853604,,2005,1,1,1
130945,651,Cardiovascular hospitalizations due to PM2.5 (age 40+),Estimated annual rate,"per 100,000 adults",UHF42,208,Canarsie - Flatlands,2005-2007,2005-01-01,25.1,,2005,1,1,1
130955,651,Cardiovascular hospitalizations due to PM2.5 (age 40+),Estimated annual rate,"per 100,000 adults",UHF42,307,Gramercy Park - Murray Hill,2005-2007,2005-01-01,17.1,,2005,1,1,1
151662,643,Annual vehicle miles traveled,Million miles,per square mile,UHF42,502,Stapleton - St. George,2005,2005-01-01,29.297818,,2005,1,1,1
154594,643,Annual vehicle miles traveled,Million miles,per square mile,CD,311,Bensonhurst (CD11),2005,2005-01-01,40.670475,,2005,1,1,1
151723,645,Annual vehicle miles traveled (trucks),Million miles,per square mile,UHF42,105,Crotona -Tremont,2005,2005-01-01,5.305479,,2005,1,1,1
130722,646,Outdoor Air Toxics - Benzene,Annual average concentration,Âµg/m3,UHF42,410,Rockaways,2005,2005-01-01,1.4,,2005,1,1,1
154525,644,Annual vehicle miles traveled (cars),Million miles,per square mile,CD,301,Greenpoint and Williamsburg (CD1),2005,2005-01-01,54.700962,,2005,1,1,1
130714,646,Outdoor Air Toxics - Benzene,Annual average concentration,Âµg/m3,UHF42,402,West Queens,2005,2005-01-01,2.2,,2005,1,1,1
151634,643,Annual vehicle miles traveled,Million miles,per square mile,UHF42,205,Sunset Park,2005,2005-01-01,59.879764,,2005,1,1,1
151710,644,Annual vehicle miles traveled (cars),Million miles,per square mile,UHF42,502,Stapleton - St. George,2005,2005-01-01,27.553133,,2005,1,1,1
154599,643,Annual vehicle miles traveled,Million miles,per square mile,CD,316,Brownsville (CD16),2005,2005-01-01,87.351443,,2005,1,1,1
130985,652,Cardiac and respiratory deaths due to Ozone,Estimated annual rate,"per 100,000",UHF42,107,Hunts Point - Mott Haven,2005-2007,2005-01-01,2.5,,2005,1,1,1
151689,644,Annual vehicle miles traveled (cars),Million miles,per square mile,UHF42,301,Washington Heights,2005,2005-01-01,84.534984,,2005,1,1,1
154534,644,Annual vehicle miles traveled (cars),Million miles,per square mile,CD,310,Bay Ridge and Dyker Heights (CD10),2005,2005-01-01,54.575696,,2005,1,1,1
154514,644,Annual vehicle miles traveled (cars),Million miles,per square mile,CD,202,Hunts Point and Longwood (CD2),2005,2005-01-01,34.881829,,2005,1,1,1
131165,655,Asthma hospitalizations due to Ozone,Estimated annual rate (under age 18),"per 100,000 children",Citywide,1,New York City,2005-2007,2005-01-01,22.0,,2005,1,1,1
154445,645,Annual vehicle miles traveled (trucks),Million miles,per square mile,CD,104,Clinton and Chelsea (CD4),2005,2005-01-01,7.833747,,2005,1,1,1
131069,653,Asthma emergency departments visits due to Ozone,Estimated annual rate (under age 18),"per 100,000 children",Citywide,1,New York City,2005-2007,2005-01-01,91.3,,2005,1,1,1
154536,644,Annual vehicle miles traveled (cars),Million miles,per square mile,CD,312,Borough Park (CD12),2005,2005-01-01,55.178,,2005,1,1,1
151699,644,Annual vehicle miles traveled (cars),Million miles,per square mile,UHF42,401,Long Island City - Astoria,2005,2005-01-01,40.652095,,2005,1,1,1
151716,644,Annual vehicle miles traveled (cars),Million miles,per square mile,Borough,3,Manhattan,2005,2005-01-01,100.798613,,2005,1,1,1
131008,652,Cardiac and respiratory deaths due to Ozone,Estimated annual rate,"per 100,000",UHF42,402,West Queens,2005-2007,2005-01-01,3.0,,2005,1,1,1
130834,648,Asthma emergency department visits due to PM2.5,Estimated annual rate (under age 18),"per 100,000 children",Borough,5,Staten Island,2005-2007,2005-01-01,55.3,,2005,1,1,1
154480,645,Annual vehicle miles traveled (trucks),Million miles,per square mile,CD,315,Sheepshead Bay (CD15),2005,2005-01-01,2.209208,,2005,1,1,1
154496,645,Annual vehicle miles traveled (trucks),Million miles,per square mile,CD,413,Queens Village (CD13),2005,2005-01-01,1.551728,,2005,1,1,1
154478,645,Annual vehicle miles traveled (trucks),Million miles,per square mile,CD,313,Coney Island (CD13),2005,2005-01-01,1.0586,,2005,1,1,1
130993,652,Cardiac and respiratory deaths due to Ozone,Estimated annual rate,"per 100,000",UHF42,208,Canarsie - Flatlands,2005-2007,2005-01-01,5.6,,2005,1,1,1
151686,644,Annual vehicle miles traveled (cars),Million miles,per square mile,UHF42,209,Bensonhurst - Bay Ridge,2005,2005-01-01,44.76881,,2005,1,1,1
154543,644,Annual vehicle miles traveled (cars),Million miles,per square mile,CD,401,Long Island City and Astoria (CD1),2005,2005-01-01,31.822228,,2005,1,1,1
151625,643,Annual vehicle miles traveled,Million miles,per square mile,UHF42,103,Fordham - Bronx Pk,2005,2005-01-01,57.347838,,2005,1,1,1
154501,644,Annual vehicle miles traveled (cars),Million miles,per square mile,CD,101,Financial District (CD1),2005,2005-01-01,91.632553,,2005,1,1,1
154513,644,Annual vehicle miles traveled (cars),Million miles,per square mile,CD,201,Mott Haven and Melrose (CD1),2005,2005-01-01,63.532072,,2005,1,1,1
151707,644,Annual vehicle miles traveled (cars),Million miles,per square mile,UHF42,409,Southeast Queens,2005,2005-01-01,52.973554,,2005,1,1,1
154471,645,Annual vehicle miles traveled (trucks),Million miles,per square mile,CD,306,Park Slope and Carroll Gardens (CD6),2005,2005-01-01,3.490655,,2005,1,1,1
151685,644,Annual vehicle miles traveled (cars),Million miles,per square mile,UHF42,208,Canarsie - Flatlands,2005,2005-01-01,34.264173,,2005,1,1,1
154503,644,Annual vehicle miles traveled (cars),Million miles,per square mile,CD,103,Lower East Side and Chinatown (CD3),2005,2005-01-01,123.884836,,2005,1,1,1
151705,644,Annual vehicle miles traveled (cars),Million miles,per square mile,UHF42,407,Southwest Queens,2005,2005-01-01,46.031318,,2005,1,1,1
131138,655,Asthma hospitalizations due to Ozone,Estimated annual rate (under age 18),"per 100,000 children",UHF42,209,Bensonhurst - Bay Ridge,2005-2007,2005-01-01,4.3,,2005,1,1,1
154533,644,Annual vehicle miles traveled (cars),Million miles,per square mile,CD,309,South Crown Heights and Lefferts Gardens (CD9),2005,2005-01-01,74.280512,,2005,1,1,1
130827,648,Asthma emergency department visits due to PM2.5,Estimated annual rate (under age 18),"per 100,000 children",UHF42,503,Willowbrook,2005-2007,2005-01-01,30.2,,2005,1,1,1
151708,644,Annual vehicle miles traveled (cars),Million miles,per square mile,UHF42,410,Rockaways,2005,2005-01-01,13.085041,,2005,1,1,1
154508,644,Annual vehicle miles traveled (cars),Million miles,per square mile,CD,108,Upper East Side (CD8),2005,2005-01-01,128.130501,,2005,1,1,1
151719,645,Annual vehicle miles traveled (trucks),Million miles,per square mile,UHF42,101,Kingsbridge - Riverdale,2005,2005-01-01,3.309846,,2005,1,1,1
151757,645,Annual vehicle miles traveled (trucks),Million miles,per square mile,UHF42,501,Port Richmond,2005,2005-01-01,0.631614,,2005,1,1,1
154535,644,Annual vehicle miles traveled (cars),Million miles,per square mile,CD,311,Bensonhurst (CD11),2005,2005-01-01,38.410608,,2005,1,1,1
154512,644,Annual vehicle miles traveled (cars),Million miles,per square mile,CD,112,Washington Heights and Inwood (CD12),2005,2005-01-01,86.996313,,2005,1,1,1
131030,653,Asthma emergency departments visits due to Ozone,Estimated annual rate (under age 18),"per 100,000 children",UHF42,104,Pelham - Throgs Neck,2005-2007,2005-01-01,114.6,,2005,1,1,1
131126,655,Asthma hospitalizations due to Ozone,Estimated annual rate (under age 18),"per 100,000 children",UHF42,104,Pelham - Throgs Neck,2005-2007,2005-01-01,28.0,,2005,1,1,1
154495,645,Annual vehicle miles traveled (trucks),Million miles,per square mile,CD,412,Jamaica and Hollis (CD12),2005,2005-01-01,2.128123,,2005,1,1,1
154552,644,Annual vehicle miles traveled (cars),Million miles,per square mile,CD,410,South Ozone Park and Howard Beach (CD10),2005,2005-01-01,52.381241,,2005,1,1,1
130901,650,Respiratory hospitalizations due to PM2.5 (age 20+),Estimated annual rate,"per 100,000 adults",UHF42,301,Washington Heights,2005-2007,2005-01-01,20.6,,2005,1,1,1
130938,651,Cardiovascular hospitalizations due to PM2.5 (age 40+),Estimated annual rate,"per 100,000 adults",UHF42,201,Greenpoint,2005-2007,2005-01-01,28.9,,2005,1,1,1
154588,643,Annual vehicle miles traveled,Million miles,per square mile,CD,305,East New York and Starrett City (CD5),2005,2005-01-01,55.294168,,2005,1,1,1
130968,651,Cardiovascular hospitalizations due to PM2.5 (age 40+),Estimated annual rate,"per 100,000 adults",UHF42,410,Rockaways,2005-2007,2005-01-01,28.8,,2005,1,1,1
130927,650,Respiratory hospitalizations due to PM2.5 (age 20+),Estimated annual rate,"per 100,000 adults",Borough,2,Brooklyn,2005-2007,2005-01-01,19.6,,2005,1,1,1
130897,650,Respiratory hospitalizations due to PM2.5 (age 20+),Estimated annual rate,"per 100,000 adults",UHF42,208,Canarsie - Flatlands,2005-2007,2005-01-01,15.5,,2005,1,1,1
130956,651,Cardiovascular hospitalizations due to PM2.5 (age 40+),Estimated annual rate,"per 100,000 adults",UHF42,308,Greenwich Village - SoHo,2005-2007,2005-01-01,13.4,,2005,1,1,1
130944,651,Cardiovascular hospitalizations due to PM2.5 (age 40+),Estimated annual rate,"per 100,000 adults",UHF42,207,East Flatbush - Flatbush,2005-2007,2005-01-01,24.0,,2005,1,1,1
154579,643,Annual vehicle miles traveled,Million miles,per square mile,CD,208,Riverdale and Fieldston (CD8),2005,2005-01-01,32.519647,,2005,1,1,1
131361,661,Asthma hospitalizations due to Ozone,Estimated annual rate (age 18+),"per 100,000 adults",Borough,4,Queens,2005-2007,2005-01-01,4.3,,2005,1,1,1
131263,657,Asthma emergency department visits due to PM2.5,Estimated annual rate (age 18+),"per 100,000 adults",Borough,2,Brooklyn,2005-2007,2005-01-01,55.5,,2005,1,1,1
130976,651,Cardiovascular hospitalizations due to PM2.5 (age 40+),Estimated annual rate,"per 100,000 adults",Borough,3,Manhattan,2005-2007,2005-01-01,22.4,,2005,1,1,1
151655,643,Annual vehicle miles traveled,Million miles,per square mile,UHF42,405,Ridgewood - Forest Hills,2005,2005-01-01,59.57743,,2005,1,1,1
154563,643,Annual vehicle miles traveled,Million miles,per square mile,CD,104,Clinton and Chelsea (CD4),2005,2005-01-01,120.674007,,2005,1,1,1
130750,647,Outdoor Air Toxics - Formaldehyde,Annual average concentration,Âµg/m3,UHF42,211,Williamsburg - Bushwick,2005,2005-01-01,3.1,,2005,1,1,1
130992,652,Cardiac and respiratory deaths due to Ozone,Estimated annual rate,"per 100,000",UHF42,207,East Flatbush - Flatbush,2005-2007,2005-01-01,4.1,,2005,1,1,1
130982,652,Cardiac and respiratory deaths due to Ozone,Estimated annual rate,"per 100,000",UHF42,104,Pelham - Throgs Neck,2005-2007,2005-01-01,4.4,,2005,1,1,1
154491,645,Annual vehicle miles traveled (trucks),Million miles,per square mile,CD,408,Hillcrest and Fresh Meadows (CD8),2005,2005-01-01,2.460694,,2005,1,1,1
130957,651,Cardiovascular hospitalizations due to PM2.5 (age 40+),Estimated annual rate,"per 100,000 adults",UHF42,309,Union Square - Lower East Side,2005-2007,2005-01-01,25.1,,2005,1,1,1
130946,651,Cardiovascular hospitalizations due to PM2.5 (age 40+),Estimated annual rate,"per 100,000 adults",UHF42,209,Bensonhurst - Bay Ridge,2005-2007,2005-01-01,25.8,,2005,1,1,1
130780,647,Outdoor Air Toxics - Formaldehyde,Annual average concentration,Âµg/m3,Borough,5,Staten Island,2005,2005-01-01,2.3,,2005,1,1,1
130943,651,Cardiovascular hospitalizations due to PM2.5 (age 40+),Estimated annual rate,"per 100,000 adults",UHF42,206,Borough Park,2005-2007,2005-01-01,26.8,,2005,1,1,1
151667,643,Annual vehicle miles traveled,Million miles,per square mile,Borough,2,Brooklyn,2005,2005-01-01,55.904141,,2005,1,1,1
130893,650,Respiratory hospitalizations due to PM2.5 (age 20+),Estimated annual rate,"per 100,000 adults",UHF42,204,East New York,2005-2007,2005-01-01,20.4,,2005,1,1,1
130971,651,Cardiovascular hospitalizations due to PM2.5 (age 40+),Estimated annual rate,"per 100,000 adults",UHF42,503,Willowbrook,2005-2007,2005-01-01,27.1,,2005,1,1,1
130961,651,Cardiovascular hospitalizations due to PM2.5 (age 40+),Estimated annual rate,"per 100,000 adults",UHF42,403,Flushing - Clearview,2005-2007,2005-01-01,19.2,,2005,1,1,1
131161,655,Asthma hospitalizations due to Ozone,Estimated annual rate (under age 18),"per 100,000 children",UHF42,501,Port Richmond,2005-2007,2005-01-01,20.4,,2005,1,1,1
131000,652,Cardiac and respiratory deaths due to Ozone,Estimated annual rate,"per 100,000",UHF42,304,Upper West Side,2005-2007,2005-01-01,4.2,,2005,1,1,1
130996,652,Cardiac and respiratory deaths due to Ozone,Estimated annual rate,"per 100,000",UHF42,211,Williamsburg - Bushwick,2005-2007,2005-01-01,4.0,,2005,1,1,1
130790,648,Asthma emergency department visits due to PM2.5,Estimated annual rate (under age 18),"per 100,000 children",UHF42,104,Pelham - Throgs Neck,2005-2007,2005-01-01,162.5,,2005,1,1,1
130915,650,Respiratory hospitalizations due to PM2.5 (age 20+),Estimated annual rate,"per 100,000 adults",UHF42,405,Ridgewood - Forest Hills,2005-2007,2005-01-01,18.3,,2005,1,1,1
130357,639,Deaths due to PM2.5,Estimated annual rate (age 30+),"per 100,000 adults",UHF42,103,Fordham - Bronx Pk,2005-2007,2005-01-01,67.3,,2005,1,1,1
131046,653,Asthma emergency departments visits due to Ozone,Estimated annual rate (under age 18),"per 100,000 children",UHF42,302,Central Harlem - Morningside Heights,2005-2007,2005-01-01,292.5,,2005,1,1,1
154527,644,Annual vehicle miles traveled (cars),Million miles,per square mile,CD,303,Bedford Stuyvesant (CD3),2005,2005-01-01,66.386591,,2005,1,1,1
130772,647,Outdoor Air Toxics - Formaldehyde,Annual average concentration,Âµg/m3,UHF42,502,Stapleton - St. George,2005,2005-01-01,2.3,,2005,1,1,1
131168,655,Asthma hospitalizations due to Ozone,Estimated annual rate (under age 18),"per 100,000 children",Borough,3,Manhattan,2005-2007,2005-01-01,20.1,,2005,1,1,1
131003,652,Cardiac and respiratory deaths due to Ozone,Estimated annual rate,"per 100,000",UHF42,307,Gramercy Park - Murray Hill,2005-2007,2005-01-01,3.2,,2005,1,1,1
130731,646,Outdoor Air Toxics - Benzene,Annual average concentration,Âµg/m3,Borough,4,Queens,2005,2005-01-01,1.9,,2005,1,1,1
154537,644,Annual vehicle miles traveled (cars),Million miles,per square mile,CD,313,Coney Island (CD13),2005,2005-01-01,30.491451,,2005,1,1,1
154555,644,Annual vehicle miles traveled (cars),Million miles,per square mile,CD,413,Queens Village (CD13),2005,2005-01-01,57.632864,,2005,1,1,1
154539,644,Annual vehicle miles traveled (cars),Million miles,per square mile,CD,315,Sheepshead Bay (CD15),2005,2005-01-01,40.207717,,2005,1,1,1
131267,659,Asthma emergency departments visits due to Ozone,Estimated annual rate (age 18+),"per 100,000 adults",UHF42,101,Kingsbridge - Riverdale,2005-2007,2005-01-01,30.1,,2005,1,1,1
154477,645,Annual vehicle miles traveled (trucks),Million miles,per square mile,CD,312,Borough Park (CD12),2005,2005-01-01,1.912609,,2005,1,1,1
154475,645,Annual vehicle miles traveled (trucks),Million miles,per square mile,CD,310,Bay Ridge and Dyker Heights (CD10),2005,2005-01-01,3.393163,,2005,1,1,1
131142,655,Asthma hospitalizations due to Ozone,Estimated annual rate (under age 18),"per 100,000 children",UHF42,302,Central Harlem - Morningside Heights,2005-2007,2005-01-01,41.7,,2005,1,1,1
154571,643,Annual vehicle miles traveled,Million miles,per square mile,CD,112,Washington Heights and Inwood (CD12),2005,2005-01-01,90.865711,,2005,1,1,1
131055,653,Asthma emergency departments visits due to Ozone,Estimated annual rate (under age 18),"per 100,000 children",UHF42,401,Long Island City - Astoria,2005-2007,2005-01-01,47.4,,2005,1,1,1
131123,655,Asthma hospitalizations due to Ozone,Estimated annual rate (under age 18),"per 100,000 children",UHF42,101,Kingsbridge - Riverdale,2005-2007,2005-01-01,19.4,,2005,1,1,1
130705,646,Outdoor Air Toxics - Benzene,Annual average concentration,Âµg/m3,UHF42,303,East Harlem,2005,2005-01-01,4.2,,2005,1,1,1
131151,655,Asthma hospitalizations due to Ozone,Estimated annual rate (under age 18),"per 100,000 children",UHF42,401,Long Island City - Astoria,2005-2007,2005-01-01,10.8,,2005,1,1,1
130694,646,Outdoor Air Toxics - Benzene,Annual average concentration,Âµg/m3,UHF42,203,Bedford Stuyvesant - Crown Heights,2005,2005-01-01,2.5,,2005,1,1,1
131013,652,Cardiac and respiratory deaths due to Ozone,Estimated annual rate,"per 100,000",UHF42,407,Southwest Queens,2005-2007,2005-01-01,3.9,,2005,1,1,1
151703,644,Annual vehicle miles traveled (cars),Million miles,per square mile,UHF42,405,Ridgewood - Forest Hills,2005,2005-01-01,56.547845,,2005,1,1,1
154532,644,Annual vehicle miles traveled (cars),Million miles,per square mile,CD,308,Crown Heights and Prospect Heights (CD8),2005,2005-01-01,69.211116,,2005,1,1,1
131022,652,Cardiac and respiratory deaths due to Ozone,Estimated annual rate,"per 100,000",Borough,1,Bronx,2005-2007,2005-01-01,3.9,,2005,1,1,1
130814,648,Asthma emergency department visits due to PM2.5,Estimated annual rate (under age 18),"per 100,000 children",UHF42,310,Lower Manhattan,2005-2007,2005-01-01,71.6,,2005,1,1,1
130813,648,Asthma emergency department visits due to PM2.5,Estimated annual rate (under age 18),"per 100,000 children",UHF42,309,Union Square - Lower East Side,2005-2007,2005-01-01,124.9,,2005,1,1,1
151649,643,Annual vehicle miles traveled,Million miles,per square mile,UHF42,309,Union Square - Lower East Side,2005,2005-01-01,123.772801,,2005,1,1,1
130739,647,Outdoor Air Toxics - Formaldehyde,Annual average concentration,Âµg/m3,UHF42,107,Hunts Point - Mott Haven,2005,2005-01-01,3.5,,2005,1,1,1
131253,657,Asthma emergency department visits due to PM2.5,Estimated annual rate (age 18+),"per 100,000 adults",UHF42,407,Southwest Queens,2005-2007,2005-01-01,30.6,,2005,1,1,1
130767,647,Outdoor Air Toxics - Formaldehyde,Annual average concentration,Âµg/m3,UHF42,407,Southwest Queens,2005,2005-01-01,2.4,,2005,1,1,1
154572,643,Annual vehicle miles traveled,Million miles,per square mile,CD,201,Mott Haven and Melrose (CD1),2005,2005-01-01,68.56563,,2005,1,1,1
154550,644,Annual vehicle miles traveled (cars),Million miles,per square mile,CD,408,Hillcrest and Fresh Meadows (CD8),2005,2005-01-01,60.040127,,2005,1,1,1
130777,647,Outdoor Air Toxics - Formaldehyde,Annual average concentration,Âµg/m3,Borough,2,Brooklyn,2005,2005-01-01,3.0,,2005,1,1,1
154518,644,Annual vehicle miles traveled (cars),Million miles,per square mile,CD,206,Belmont and East Tremont (CD6),2005,2005-01-01,64.515174,,2005,1,1,1
154530,644,Annual vehicle miles traveled (cars),Million miles,per square mile,CD,306,Park Slope and Carroll Gardens (CD6),2005,2005-01-01,64.233472,,2005,1,1,1
131130,655,Asthma hospitalizations due to Ozone,Estimated annual rate (under age 18),"per 100,000 children",UHF42,201,Greenpoint,2005-2007,2005-01-01,9.5,,2005,1,1,1
131043,653,Asthma emergency departments visits due to Ozone,Estimated annual rate (under age 18),"per 100,000 children",UHF42,210,Coney Island - Sheepshead Bay,2005-2007,2005-01-01,33.4,,2005,1,1,1
131127,655,Asthma hospitalizations due to Ozone,Estimated annual rate (under age 18),"per 100,000 children",UHF42,105,Crotona -Tremont,2005-2007,2005-01-01,36.0,,2005,1,1,1
151656,643,Annual vehicle miles traveled,Million miles,per square mile,UHF42,406,Fresh Meadows,2005,2005-01-01,61.967759,,2005,1,1,1
154504,644,Annual vehicle miles traveled (cars),Million miles,per square mile,CD,104,Clinton and Chelsea (CD4),2005,2005-01-01,111.035266,,2005,1,1,1
151691,644,Annual vehicle miles traveled (cars),Million miles,per square mile,UHF42,303,East Harlem,2005,2005-01-01,102.541428,,2005,1,1,1
151680,644,Annual vehicle miles traveled (cars),Million miles,per square mile,UHF42,203,Bedford Stuyvesant - Crown Heights,2005,2005-01-01,91.468488,,2005,1,1,1
131031,653,Asthma emergency departments visits due to Ozone,Estimated annual rate (under age 18),"per 100,000 children",UHF42,105,Crotona -Tremont,2005-2007,2005-01-01,159.6,,2005,1,1,1
130736,647,Outdoor Air Toxics - Formaldehyde,Annual average concentration,Âµg/m3,UHF42,104,Pelham - Throgs Neck,2005,2005-01-01,3.2,,2005,1,1,1
131029,653,Asthma emergency departments visits due to Ozone,Estimated annual rate (under age 18),"per 100,000 children",UHF42,103,Fordham - Bronx Pk,2005-2007,2005-01-01,115.8,,2005,1,1,1
130962,651,Cardiovascular hospitalizations due to PM2.5 (age 40+),Estimated annual rate,"per 100,000 adults",UHF42,404,Bayside - Little Neck,2005-2007,2005-01-01,18.3,,2005,1,1,1
130963,651,Cardiovascular hospitalizations due to PM2.5 (age 40+),Estimated annual rate,"per 100,000 adults",UHF42,405,Ridgewood - Forest Hills,2005-2007,2005-01-01,25.2,,2005,1,1,1
130791,648,Asthma emergency department visits due to PM2.5,Estimated annual rate (under age 18),"per 100,000 children",UHF42,105,Crotona -Tremont,2005-2007,2005-01-01,257.1,,2005,1,1,1
130933,651,Cardiovascular hospitalizations due to PM2.5 (age 40+),Estimated annual rate,"per 100,000 adults",UHF42,103,Fordham - Bronx Pk,2005-2007,2005-01-01,30.6,,2005,1,1,1
131036,653,Asthma emergency departments visits due to Ozone,Estimated annual rate (under age 18),"per 100,000 children",UHF42,203,Bedford Stuyvesant - Crown Heights,2005-2007,2005-01-01,155.7,,2005,1,1,1
130935,651,Cardiovascular hospitalizations due to PM2.5 (age 40+),Estimated annual rate,"per 100,000 adults",UHF42,105,Crotona -Tremont,2005-2007,2005-01-01,35.3,,2005,1,1,1
130789,648,Asthma emergency department visits due to PM2.5,Estimated annual rate (under age 18),"per 100,000 children",UHF42,103,Fordham - Bronx Pk,2005-2007,2005-01-01,167.2,,2005,1,1,1
151712,644,Annual vehicle miles traveled (cars),Million miles,per square mile,UHF42,504,South Beach - Tottenville,2005,2005-01-01,13.541525,,2005,1,1,1
131053,653,Asthma emergency departments visits due to Ozone,Estimated annual rate (under age 18),"per 100,000 children",UHF42,309,Union Square - Lower East Side,2005-2007,2005-01-01,85.8,,2005,1,1,1
151692,644,Annual vehicle miles traveled (cars),Million miles,per square mile,UHF42,304,Upper West Side,2005,2005-01-01,96.961855,,2005,1,1,1
151674,644,Annual vehicle miles traveled (cars),Million miles,per square mile,UHF42,104,Pelham - Throgs Neck,2005,2005-01-01,37.527186,,2005,1,1,1
130819,648,Asthma emergency department visits due to PM2.5,Estimated annual rate (under age 18),"per 100,000 children",UHF42,405,Ridgewood - Forest Hills,2005-2007,2005-01-01,51.0,,2005,1,1,1
130732,646,Outdoor Air Toxics - Benzene,Annual average concentration,Âµg/m3,Borough,5,Staten Island,2005,2005-01-01,1.6,,2005,1,1,1
151681,644,Annual vehicle miles traveled (cars),Million miles,per square mile,UHF42,204,East New York,2005,2005-01-01,48.814507,,2005,1,1,1
131284,659,Asthma emergency departments visits due to Ozone,Estimated annual rate (age 18+),"per 100,000 adults",UHF42,211,Williamsburg - Bushwick,2005-2007,2005-01-01,98.3,,2005,1,1,1
130365,639,Deaths due to PM2.5,Estimated annual rate (age 30+),"per 100,000 adults",UHF42,204,East New York,2005-2007,2005-01-01,64.1,,2005,1,1,1
131288,659,Asthma emergency departments visits due to Ozone,Estimated annual rate (age 18+),"per 100,000 adults",UHF42,304,Upper West Side,2005-2007,2005-01-01,24.3,,2005,1,1,1
130726,646,Outdoor Air Toxics - Benzene,Annual average concentration,Âµg/m3,UHF42,504,South Beach - Tottenville,2005,2005-01-01,1.1,,2005,1,1,1
131314,659,Asthma emergency departments visits due to Ozone,Estimated annual rate (age 18+),"per 100,000 adults",Borough,5,Staten Island,2005-2007,2005-01-01,28.4,,2005,1,1,1
131348,661,Asthma hospitalizations due to Ozone,Estimated annual rate (age 18+),"per 100,000 adults",UHF42,406,Fresh Meadows,2005-2007,2005-01-01,4.1,,2005,1,1,1
130695,646,Outdoor Air Toxics - Benzene,Annual average concentration,Âµg/m3,UHF42,204,East New York,2005,2005-01-01,2.3,,2005,1,1,1
131124,655,Asthma hospitalizations due to Ozone,Estimated annual rate (under age 18),"per 100,000 children",UHF42,102,Northeast Bronx,2005-2007,2005-01-01,28.1,,2005,1,1,1
130702,646,Outdoor Air Toxics - Benzene,Annual average concentration,Âµg/m3,UHF42,211,Williamsburg - Bushwick,2005,2005-01-01,2.8,,2005,1,1,1
130396,639,Deaths due to PM2.5,Estimated annual rate (age 30+),"per 100,000 adults",UHF42,504,South Beach - Tottenville,2005-2007,2005-01-01,65.0,,2005,1,1,1
154488,645,Annual vehicle miles traveled (trucks),Million miles,per square mile,CD,405,Ridgewood and Maspeth (CD5),2005,2005-01-01,2.294644,,2005,1,1,1
154470,645,Annual vehicle miles traveled (trucks),Million miles,per square mile,CD,305,East New York and Starrett City (CD5),2005,2005-01-01,6.216057,,2005,1,1,1
131037,653,Asthma emergency departments visits due to Ozone,Estimated annual rate (under age 18),"per 100,000 children",UHF42,204,East New York,2005-2007,2005-01-01,136.8,,2005,1,1,1
131133,655,Asthma hospitalizations due to Ozone,Estimated annual rate (under age 18),"per 100,000 children",UHF42,204,East New York,2005-2007,2005-01-01,31.4,,2005,1,1,1
130936,651,Cardiovascular hospitalizations due to PM2.5 (age 40+),Estimated annual rate,"per 100,000 adults",UHF42,106,High Bridge - Morrisania,2005-2007,2005-01-01,39.0,,2005,1,1,1
131149,655,Asthma hospitalizations due to Ozone,Estimated annual rate (under age 18),"per 100,000 children",UHF42,309,Union Square - Lower East Side,2005-2007,2005-01-01,16.1,,2005,1,1,1
131148,655,Asthma hospitalizations due to Ozone,Estimated annual rate (under age 18),"per 100,000 children",UHF42,308,Greenwich Village - SoHo,2005-2007,2005-01-01,6.3,,2005,1,1,1
154458,645,Annual vehicle miles traveled (trucks),Million miles,per square mile,CD,205,Fordham and University Heights (CD5),2005,2005-01-01,6.865832,,2005,1,1,1
130743,647,Outdoor Air Toxics - Formaldehyde,Annual average concentration,Âµg/m3,UHF42,204,East New York,2005,2005-01-01,2.8,,2005,1,1,1
131052,653,Asthma emergency departments visits due to Ozone,Estimated annual rate (under age 18),"per 100,000 children",UHF42,308,Greenwich Village - SoHo,2005-2007,2005-01-01,19.9,,2005,1,1,1
131244,657,Asthma emergency department visits due to PM2.5,Estimated annual rate (age 18+),"per 100,000 adults",UHF42,308,Greenwich Village - SoHo,2005-2007,2005-01-01,11.6,,2005,1,1,1
131338,661,Asthma hospitalizations due to Ozone,Estimated annual rate (age 18+),"per 100,000 adults",UHF42,306,Chelsea - Clinton,2005-2007,2005-01-01,4.2,,2005,1,1,1
130917,650,Respiratory hospitalizations due to PM2.5 (age 20+),Estimated annual rate,"per 100,000 adults",UHF42,407,Southwest Queens,2005-2007,2005-01-01,13.4,,2005,1,1,1
130787,648,Asthma emergency department visits due to PM2.5,Estimated annual rate (under age 18),"per 100,000 children",UHF42,101,Kingsbridge - Riverdale,2005-2007,2005-01-01,88.3,,2005,1,1,1
154591,643,Annual vehicle miles traveled,Million miles,per square mile,CD,308,Crown Heights and Prospect Heights (CD8),2005,2005-01-01,72.081498,,2005,1,1,1
131351,661,Asthma hospitalizations due to Ozone,Estimated annual rate (age 18+),"per 100,000 adults",UHF42,409,Southeast Queens,2005-2007,2005-01-01,4.8,,2005,1,1,1
130832,648,Asthma emergency department visits due to PM2.5,Estimated annual rate (under age 18),"per 100,000 children",Borough,3,Manhattan,2005-2007,2005-01-01,179.4,,2005,1,1,1
154472,645,Annual vehicle miles traveled (trucks),Million miles,per square mile,CD,307,Sunset Park (CD7),2005,2005-01-01,3.709326,,2005,1,1,1
154592,643,Annual vehicle miles traveled,Million miles,per square mile,CD,309,South Crown Heights and Lefferts Gardens (CD9),2005,2005-01-01,77.021652,,2005,1,1,1
154448,645,Annual vehicle miles traveled (trucks),Million miles,per square mile,CD,107,Upper West Side (CD7),2005,2005-01-01,5.523493,,2005,1,1,1
130920,650,Respiratory hospitalizations due to PM2.5 (age 20+),Estimated annual rate,"per 100,000 adults",UHF42,410,Rockaways,2005-2007,2005-01-01,30.6,,2005,1,1,1
154545,644,Annual vehicle miles traveled (cars),Million miles,per square mile,CD,403,Jackson Heights (CD3),2005,2005-01-01,62.32238,,2005,1,1,1
131330,661,Asthma hospitalizations due to Ozone,Estimated annual rate (age 18+),"per 100,000 adults",UHF42,209,Bensonhurst - Bay Ridge,2005-2007,2005-01-01,2.7,,2005,1,1,1
154516,644,Annual vehicle miles traveled (cars),Million miles,per square mile,CD,204,Highbridge and Concourse (CD4),2005,2005-01-01,87.25819,,2005,1,1,1
154541,644,Annual vehicle miles traveled (cars),Million miles,per square mile,CD,317,East Flatbush (CD17),2005,2005-01-01,95.236954,,2005,1,1,1
131270,659,Asthma emergency departments visits due to Ozone,Estimated annual rate (age 18+),"per 100,000 adults",UHF42,104,Pelham - Throgs Neck,2005-2007,2005-01-01,64.8,,2005,1,1,1
151722,645,Annual vehicle miles traveled (trucks),Million miles,per square mile,UHF42,104,Pelham - Throgs Neck,2005,2005-01-01,3.420735,,2005,1,1,1
154549,644,Annual vehicle miles traveled (cars),Million miles,per square mile,CD,407,Flushing and Whitestone (CD7),2005,2005-01-01,35.780435,,2005,1,1,1
154542,644,Annual vehicle miles traveled (cars),Million miles,per square mile,CD,318,Flatlands and Canarsie (CD18),2005,2005-01-01,37.97028,,2005,1,1,1
154528,644,Annual vehicle miles traveled (cars),Million miles,per square mile,CD,304,Bushwick (CD4),2005,2005-01-01,35.269871,,2005,1,1,1
154519,644,Annual vehicle miles traveled (cars),Million miles,per square mile,CD,207,Kingsbridge Heights and Bedford (CD7),2005,2005-01-01,68.856142,,2005,1,1,1
151690,644,Annual vehicle miles traveled (cars),Million miles,per square mile,UHF42,302,Central Harlem - Morningside Heights,2005,2005-01-01,73.691643,,2005,1,1,1
154547,644,Annual vehicle miles traveled (cars),Million miles,per square mile,CD,405,Ridgewood and Maspeth (CD5),2005,2005-01-01,46.766896,,2005,1,1,1
154529,644,Annual vehicle miles traveled (cars),Million miles,per square mile,CD,305,East New York and Starrett City (CD5),2005,2005-01-01,48.796681,,2005,1,1,1
154517,644,Annual vehicle miles traveled (cars),Million miles,per square mile,CD,205,Fordham and University Heights (CD5),2005,2005-01-01,97.574463,,2005,1,1,1
154505,644,Annual vehicle miles traveled (cars),Million miles,per square mile,CD,105,Midtown (CD5),2005,2005-01-01,124.042654,,2005,1,1,1
131160,655,Asthma hospitalizations due to Ozone,Estimated annual rate (under age 18),"per 100,000 children",UHF42,410,Rockaways,2005-2007,2005-01-01,38.1,,2005,1,1,1
130989,652,Cardiac and respiratory deaths due to Ozone,Estimated annual rate,"per 100,000",UHF42,204,East New York,2005-2007,2005-01-01,3.5,,2005,1,1,1
151740,645,Annual vehicle miles traveled (trucks),Million miles,per square mile,UHF42,304,Upper West Side,2005,2005-01-01,5.396154,,2005,1,1,1
131236,657,Asthma emergency department visits due to PM2.5,Estimated annual rate (age 18+),"per 100,000 adults",UHF42,211,Williamsburg - Bushwick,2005-2007,2005-01-01,118.4,,2005,1,1,1
131240,657,Asthma emergency department visits due to PM2.5,Estimated annual rate (age 18+),"per 100,000 adults",UHF42,304,Upper West Side,2005-2007,2005-01-01,32.3,,2005,1,1,1
131020,652,Cardiac and respiratory deaths due to Ozone,Estimated annual rate,"per 100,000",UHF42,504,South Beach - Tottenville,2005-2007,2005-01-01,7.5,,2005,1,1,1
151676,644,Annual vehicle miles traveled (cars),Million miles,per square mile,UHF42,106,High Bridge - Morrisania,2005,2005-01-01,73.386255,,2005,1,1,1
154600,643,Annual vehicle miles traveled,Million miles,per square mile,CD,317,East Flatbush (CD17),2005,2005-01-01,99.035809,,2005,1,1,1
154601,643,Annual vehicle miles traveled,Million miles,per square mile,CD,318,Flatlands and Canarsie (CD18),2005,2005-01-01,39.800746,,2005,1,1,1
130769,647,Outdoor Air Toxics - Formaldehyde,Annual average concentration,Âµg/m3,UHF42,409,Southeast Queens,2005,2005-01-01,2.4,,2005,1,1,1
131028,653,Asthma emergency departments visits due to Ozone,Estimated annual rate (under age 18),"per 100,000 children",UHF42,102,Northeast Bronx,2005-2007,2005-01-01,114.5,,2005,1,1,1
151739,645,Annual vehicle miles traveled (trucks),Million miles,per square mile,UHF42,303,East Harlem,2005,2005-01-01,5.167893,,2005,1,1,1
130756,647,Outdoor Air Toxics - Formaldehyde,Annual average concentration,Âµg/m3,UHF42,306,Chelsea - Clinton,2005,2005-01-01,4.6,,2005,1,1,1
130970,651,Cardiovascular hospitalizations due to PM2.5 (age 40+),Estimated annual rate,"per 100,000 adults",UHF42,502,Stapleton - St. George,2005-2007,2005-01-01,25.9,,2005,1,1,1
151643,643,Annual vehicle miles traveled,Million miles,per square mile,UHF42,303,East Harlem,2005,2005-01-01,108.882319,,2005,1,1,1
130744,647,Outdoor Air Toxics - Formaldehyde,Annual average concentration,Âµg/m3,UHF42,205,Sunset Park,2005,2005-01-01,3.2,,2005,1,1,1
130741,647,Outdoor Air Toxics - Formaldehyde,Annual average concentration,Âµg/m3,UHF42,202,Downtown - Heights - Slope,2005,2005-01-01,3.2,,2005,1,1,1
130734,647,Outdoor Air Toxics - Formaldehyde,Annual average concentration,Âµg/m3,UHF42,102,Northeast Bronx,2005,2005-01-01,3.2,,2005,1,1,1
130770,647,Outdoor Air Toxics - Formaldehyde,Annual average concentration,Âµg/m3,UHF42,410,Rockaways,2005,2005-01-01,2.0,,2005,1,1,1
154574,643,Annual vehicle miles traveled,Million miles,per square mile,CD,203,Morrisania and Crotona (CD3),2005,2005-01-01,35.866719,,2005,1,1,1
130718,646,Outdoor Air Toxics - Benzene,Annual average concentration,Âµg/m3,UHF42,406,Fresh Meadows,2005,2005-01-01,1.7,,2005,1,1,1
151648,643,Annual vehicle miles traveled,Million miles,per square mile,UHF42,308,Greenwich Village - SoHo,2005,2005-01-01,132.558864,,2005,1,1,1
151715,644,Annual vehicle miles traveled (cars),Million miles,per square mile,Borough,2,Brooklyn,2005,2005-01-01,52.777419,,2005,1,1,1
151706,644,Annual vehicle miles traveled (cars),Million miles,per square mile,UHF42,408,Jamaica,2005,2005-01-01,39.099151,,2005,1,1,1
154444,645,Annual vehicle miles traveled (trucks),Million miles,per square mile,CD,103,Lower East Side and Chinatown (CD3),2005,2005-01-01,9.940968,,2005,1,1,1
130755,647,Outdoor Air Toxics - Formaldehyde,Annual average concentration,Âµg/m3,UHF42,305,Upper East Side,2005,2005-01-01,4.5,,2005,1,1,1
130742,647,Outdoor Air Toxics - Formaldehyde,Annual average concentration,Âµg/m3,UHF42,203,Bedford Stuyvesant - Crown Heights,2005,2005-01-01,3.0,,2005,1,1,1
154462,645,Annual vehicle miles traveled (trucks),Million miles,per square mile,CD,209,Parkchester and Soundview (CD9),2005,2005-01-01,3.729848,,2005,1,1,1
154586,643,Annual vehicle miles traveled,Million miles,per square mile,CD,303,Bedford Stuyvesant (CD3),2005,2005-01-01,69.411901,,2005,1,1,1
154476,645,Annual vehicle miles traveled (trucks),Million miles,per square mile,CD,311,Bensonhurst (CD11),2005,2005-01-01,1.999641,,2005,1,1,1
154568,643,Annual vehicle miles traveled,Million miles,per square mile,CD,109,Morningside Heights and Hamilton Heights (CD9),2005,2005-01-01,88.767819,,2005,1,1,1
130799,648,Asthma emergency department visits due to PM2.5,Estimated annual rate (under age 18),"per 100,000 children",UHF42,206,Borough Park,2005-2007,2005-01-01,14.7,,2005,1,1,1
130802,648,Asthma emergency department visits due to PM2.5,Estimated annual rate (under age 18),"per 100,000 children",UHF42,209,Bensonhurst - Bay Ridge,2005-2007,2005-01-01,19.7,,2005,1,1,1
131310,659,Asthma emergency departments visits due to Ozone,Estimated annual rate (age 18+),"per 100,000 adults",Borough,1,Bronx,2005-2007,2005-01-01,89.6,,2005,1,1,1
130753,647,Outdoor Air Toxics - Formaldehyde,Annual average concentration,Âµg/m3,UHF42,303,East Harlem,2005,2005-01-01,4.2,,2005,1,1,1
130984,652,Cardiac and respiratory deaths due to Ozone,Estimated annual rate,"per 100,000",UHF42,106,High Bridge - Morrisania,2005-2007,2005-01-01,2.8,,2005,1,1,1
130386,639,Deaths due to PM2.5,Estimated annual rate (age 30+),"per 100,000 adults",UHF42,404,Bayside - Little Neck,2005-2007,2005-01-01,48.9,,2005,1,1,1
131357,661,Asthma hospitalizations due to Ozone,Estimated annual rate (age 18+),"per 100,000 adults",Citywide,1,New York City,2005-2007,2005-01-01,7.1,,2005,1,1,1
130735,647,Outdoor Air Toxics - Formaldehyde,Annual average concentration,Âµg/m3,UHF42,103,Fordham - Bronx Pk,2005,2005-01-01,3.2,,2005,1,1,1
131026,652,Cardiac and respiratory deaths due to Ozone,Estimated annual rate,"per 100,000",Borough,5,Staten Island,2005-2007,2005-01-01,7.8,,2005,1,1,1
131328,661,Asthma hospitalizations due to Ozone,Estimated annual rate (age 18+),"per 100,000 adults",UHF42,207,East Flatbush - Flatbush,2005-2007,2005-01-01,7.2,,2005,1,1,1
131339,661,Asthma hospitalizations due to Ozone,Estimated annual rate (age 18+),"per 100,000 adults",UHF42,307,Gramercy Park - Murray Hill,2005-2007,2005-01-01,3.2,,2005,1,1,1
131358,661,Asthma hospitalizations due to Ozone,Estimated annual rate (age 18+),"per 100,000 adults",Borough,1,Bronx,2005-2007,2005-01-01,13.4,,2005,1,1,1
131062,653,Asthma emergency departments visits due to Ozone,Estimated annual rate (under age 18),"per 100,000 children",UHF42,408,Jamaica,2005-2007,2005-01-01,103.9,,2005,1,1,1
131158,655,Asthma hospitalizations due to Ozone,Estimated annual rate (under age 18),"per 100,000 children",UHF42,408,Jamaica,2005-2007,2005-01-01,23.4,,2005,1,1,1
151657,643,Annual vehicle miles traveled,Million miles,per square mile,UHF42,407,Southwest Queens,2005,2005-01-01,49.649032,,2005,1,1,1
151647,643,Annual vehicle miles traveled,Million miles,per square mile,UHF42,307,Gramercy Park - Murray Hill,2005,2005-01-01,185.554478,,2005,1,1,1
154618,643,Annual vehicle miles traveled,Million miles,per square mile,CD,503,Tottenville and Great Kills (CD3),2005,2005-01-01,13.015439,,2005,1,1,1
154605,643,Annual vehicle miles traveled,Million miles,per square mile,CD,404,Elmhurst and Corona (CD4),2005,2005-01-01,78.03768,,2005,1,1,1
131011,652,Cardiac and respiratory deaths due to Ozone,Estimated annual rate,"per 100,000",UHF42,405,Ridgewood - Forest Hills,2005-2007,2005-01-01,6.7,,2005,1,1,1
130988,652,Cardiac and respiratory deaths due to Ozone,Estimated annual rate,"per 100,000",UHF42,203,Bedford Stuyvesant - Crown Heights,2005-2007,2005-01-01,5.3,,2005,1,1,1
131359,661,Asthma hospitalizations due to Ozone,Estimated annual rate (age 18+),"per 100,000 adults",Borough,2,Brooklyn,2005-2007,2005-01-01,8.0,,2005,1,1,1
154562,643,Annual vehicle miles traveled,Million miles,per square mile,CD,103,Lower East Side and Chinatown (CD3),2005,2005-01-01,134.8212,,2005,1,1,1
131163,655,Asthma hospitalizations due to Ozone,Estimated annual rate (under age 18),"per 100,000 children",UHF42,503,Willowbrook,2005-2007,2005-01-01,11.1,,2005,1,1,1
131139,655,Asthma hospitalizations due to Ozone,Estimated annual rate (under age 18),"per 100,000 children",UHF42,210,Coney Island - Sheepshead Bay,2005-2007,2005-01-01,7.5,,2005,1,1,1
130980,652,Cardiac and respiratory deaths due to Ozone,Estimated annual rate,"per 100,000",UHF42,102,Northeast Bronx,2005-2007,2005-01-01,5.4,,2005,1,1,1
130983,652,Cardiac and respiratory deaths due to Ozone,Estimated annual rate,"per 100,000",UHF42,105,Crotona -Tremont,2005-2007,2005-01-01,2.4,,2005,1,1,1
131042,653,Asthma emergency departments visits due to Ozone,Estimated annual rate (under age 18),"per 100,000 children",UHF42,209,Bensonhurst - Bay Ridge,2005-2007,2005-01-01,16.9,,2005,1,1,1
130909,650,Respiratory hospitalizations due to PM2.5 (age 20+),Estimated annual rate,"per 100,000 adults",UHF42,309,Union Square - Lower East Side,2005-2007,2005-01-01,22.0,,2005,1,1,1
130888,650,Respiratory hospitalizations due to PM2.5 (age 20+),Estimated annual rate,"per 100,000 adults",UHF42,106,High Bridge - Morrisania,2005-2007,2005-01-01,42.2,,2005,1,1,1
131051,653,Asthma emergency departments visits due to Ozone,Estimated annual rate (under age 18),"per 100,000 children",UHF42,307,Gramercy Park - Murray Hill,2005-2007,2005-01-01,42.4,,2005,1,1,1
130899,650,Respiratory hospitalizations due to PM2.5 (age 20+),Estimated annual rate,"per 100,000 adults",UHF42,210,Coney Island - Sheepshead Bay,2005-2007,2005-01-01,22.3,,2005,1,1,1
131147,655,Asthma hospitalizations due to Ozone,Estimated annual rate (under age 18),"per 100,000 children",UHF42,307,Gramercy Park - Murray Hill,2005-2007,2005-01-01,9.1,,2005,1,1,1
131041,653,Asthma emergency departments visits due to Ozone,Estimated annual rate (under age 18),"per 100,000 children",UHF42,208,Canarsie - Flatlands,2005-2007,2005-01-01,79.4,,2005,1,1,1
131259,657,Asthma emergency department visits due to PM2.5,Estimated annual rate (age 18+),"per 100,000 adults",UHF42,503,Willowbrook,2005-2007,2005-01-01,16.2,,2005,1,1,1
130895,650,Respiratory hospitalizations due to PM2.5 (age 20+),Estimated annual rate,"per 100,000 adults",UHF42,206,Borough Park,2005-2007,2005-01-01,17.2,,2005,1,1,1
131015,652,Cardiac and respiratory deaths due to Ozone,Estimated annual rate,"per 100,000",UHF42,409,Southeast Queens,2005-2007,2005-01-01,4.3,,2005,1,1,1
130998,652,Cardiac and respiratory deaths due to Ozone,Estimated annual rate,"per 100,000",UHF42,302,Central Harlem - Morningside Heights,2005-2007,2005-01-01,5.0,,2005,1,1,1
131039,653,Asthma emergency departments visits due to Ozone,Estimated annual rate (under age 18),"per 100,000 children",UHF42,206,Borough Park,2005-2007,2005-01-01,12.4,,2005,1,1,1
131024,652,Cardiac and respiratory deaths due to Ozone,Estimated annual rate,"per 100,000",Borough,3,Manhattan,2005-2007,2005-01-01,3.9,,2005,1,1,1
131016,652,Cardiac and respiratory deaths due to Ozone,Estimated annual rate,"per 100,000",UHF42,410,Rockaways,2005-2007,2005-01-01,11.7,,2005,1,1,1
130995,652,Cardiac and respiratory deaths due to Ozone,Estimated annual rate,"per 100,000",UHF42,210,Coney Island - Sheepshead Bay,2005-2007,2005-01-01,9.6,,2005,1,1,1
131025,652,Cardiac and respiratory deaths due to Ozone,Estimated annual rate,"per 100,000",Borough,4,Queens,2005-2007,2005-01-01,4.8,,2005,1,1,1
130929,650,Respiratory hospitalizations due to PM2.5 (age 20+),Estimated annual rate,"per 100,000 adults",Borough,4,Queens,2005-2007,2005-01-01,15.7,,2005,1,1,1
154589,643,Annual vehicle miles traveled,Million miles,per square mile,CD,306,Park Slope and Carroll Gardens (CD6),2005,2005-01-01,68.108589,,2005,1,1,1
154565,643,Annual vehicle miles traveled,Million miles,per square mile,CD,106,Stuyvesant Town and Turtle Bay (CD6),2005,2005-01-01,176.737713,,2005,1,1,1
130987,652,Cardiac and respiratory deaths due to Ozone,Estimated annual rate,"per 100,000",UHF42,202,Downtown - Heights - Slope,2005-2007,2005-01-01,4.9,,2005,1,1,1
154577,643,Annual vehicle miles traveled,Million miles,per square mile,CD,206,Belmont and East Tremont (CD6),2005,2005-01-01,70.224126,,2005,1,1,1
151665,643,Annual vehicle miles traveled,Million miles,per square mile,Citywide,1,New York City,2005,2005-01-01,49.236,,2005,1,1,1
154607,643,Annual vehicle miles traveled,Million miles,per square mile,CD,406,Rego Park and Forest Hills (CD6),2005,2005-01-01,91.218131,,2005,1,1,1
151713,644,Annual vehicle miles traveled (cars),Million miles,per square mile,Citywide,1,New York City,2005,2005-01-01,46.262489,,2005,1,1,1
151653,643,Annual vehicle miles traveled,Million miles,per square mile,UHF42,403,Flushing - Clearview,2005,2005-01-01,38.541919,,2005,1,1,1
151761,645,Annual vehicle miles traveled (trucks),Million miles,per square mile,Citywide,1,New York City,2005,2005-01-01,2.606503,,2005,1,1,1
130696,646,Outdoor Air Toxics - Benzene,Annual average concentration,Âµg/m3,UHF42,205,Sunset Park,2005,2005-01-01,3.2,,2005,1,1,1
130727,646,Outdoor Air Toxics - Benzene,Annual average concentration,Âµg/m3,Citywide,1,New York City,2005,2005-01-01,2.9,,2005,1,1,1
130775,647,Outdoor Air Toxics - Formaldehyde,Annual average concentration,Âµg/m3,Citywide,1,New York City,2005,2005-01-01,3.2,,2005,1,1,1
131302,659,Asthma emergency departments visits due to Ozone,Estimated annual rate (age 18+),"per 100,000 adults",UHF42,408,Jamaica,2005-2007,2005-01-01,47.7,,2005,1,1,1
130937,651,Cardiovascular hospitalizations due to PM2.5 (age 40+),Estimated annual rate,"per 100,000 adults",UHF42,107,Hunts Point - Mott Haven,2005-2007,2005-01-01,36.8,,2005,1,1,1
130942,651,Cardiovascular hospitalizations due to PM2.5 (age 40+),Estimated annual rate,"per 100,000 adults",UHF42,205,Sunset Park,2005-2007,2005-01-01,24.3,,2005,1,1,1
130751,647,Outdoor Air Toxics - Formaldehyde,Annual average concentration,Âµg/m3,UHF42,301,Washington Heights,2005,2005-01-01,3.9,,2005,1,1,1
131301,659,Asthma emergency departments visits due to Ozone,Estimated annual rate (age 18+),"per 100,000 adults",UHF42,407,Southwest Queens,2005-2007,2005-01-01,27.0,,2005,1,1,1
131040,653,Asthma emergency departments visits due to Ozone,Estimated annual rate (under age 18),"per 100,000 children",UHF42,207,East Flatbush - Flatbush,2005-2007,2005-01-01,93.5,,2005,1,1,1
131250,657,Asthma emergency department visits due to PM2.5,Estimated annual rate (age 18+),"per 100,000 adults",UHF42,404,Bayside - Little Neck,2005-2007,2005-01-01,8.5,,2005,1,1,1
130779,647,Outdoor Air Toxics - Formaldehyde,Annual average concentration,Âµg/m3,Borough,4,Queens,2005,2005-01-01,2.7,,2005,1,1,1
151669,643,Annual vehicle miles traveled,Million miles,per square mile,Borough,4,Queens,2005,2005-01-01,47.720574,,2005,1,1,1
154590,643,Annual vehicle miles traveled,Million miles,per square mile,CD,307,Sunset Park (CD7),2005,2005-01-01,69.759368,,2005,1,1,1
130918,650,Respiratory hospitalizations due to PM2.5 (age 20+),Estimated annual rate,"per 100,000 adults",UHF42,408,Jamaica,2005-2007,2005-01-01,17.9,,2005,1,1,1
130889,650,Respiratory hospitalizations due to PM2.5 (age 20+),Estimated annual rate,"per 100,000 adults",UHF42,107,Hunts Point - Mott Haven,2005-2007,2005-01-01,41.0,,2005,1,1,1
130833,648,Asthma emergency department visits due to PM2.5,Estimated annual rate (under age 18),"per 100,000 children",Borough,4,Queens,2005-2007,2005-01-01,80.8,,2005,1,1,1
130793,648,Asthma emergency department visits due to PM2.5,Estimated annual rate (under age 18),"per 100,000 children",UHF42,107,Hunts Point - Mott Haven,2005-2007,2005-01-01,278.6,,2005,1,1,1
131063,653,Asthma emergency departments visits due to Ozone,Estimated annual rate (under age 18),"per 100,000 children",UHF42,409,Southeast Queens,2005-2007,2005-01-01,72.9,,2005,1,1,1
131159,655,Asthma hospitalizations due to Ozone,Estimated annual rate (under age 18),"per 100,000 children",UHF42,409,Southeast Queens,2005-2007,2005-01-01,19.7,,2005,1,1,1
130785,639,Deaths due to PM2.5,Estimated annual rate (age 30+),"per 100,000 adults",Borough,4,Queens,2005-2007,2005-01-01,54.8,,2005,1,1,1
130979,652,Cardiac and respiratory deaths due to Ozone,Estimated annual rate,"per 100,000",UHF42,101,Kingsbridge - Riverdale,2005-2007,2005-01-01,9.9,,2005,1,1,1
131278,659,Asthma emergency departments visits due to Ozone,Estimated annual rate (age 18+),"per 100,000 adults",UHF42,205,Sunset Park,2005-2007,2005-01-01,40.5,,2005,1,1,1
151745,645,Annual vehicle miles traveled (trucks),Million miles,per square mile,UHF42,309,Union Square - Lower East Side,2005,2005-01-01,8.748016,,2005,1,1,1
151746,645,Annual vehicle miles traveled (trucks),Million miles,per square mile,UHF42,310,Lower Manhattan,2005,2005-01-01,4.247372,,2005,1,1,1
130374,639,Deaths due to PM2.5,Estimated annual rate (age 30+),"per 100,000 adults",UHF42,302,Central Harlem - Morningside Heights,2005-2007,2005-01-01,105.2,,2005,1,1,1
130740,647,Outdoor Air Toxics - Formaldehyde,Annual average concentration,Âµg/m3,UHF42,201,Greenpoint,2005,2005-01-01,3.5,,2005,1,1,1
130385,639,Deaths due to PM2.5,Estimated annual rate (age 30+),"per 100,000 adults",UHF42,403,Flushing - Clearview,2005-2007,2005-01-01,54.5,,2005,1,1,1
130356,639,Deaths due to PM2.5,Estimated annual rate (age 30+),"per 100,000 adults",UHF42,102,Northeast Bronx,2005-2007,2005-01-01,77.3,,2005,1,1,1
130393,639,Deaths due to PM2.5,Estimated annual rate (age 30+),"per 100,000 adults",UHF42,501,Port Richmond,2005-2007,2005-01-01,65.6,,2005,1,1,1
151683,644,Annual vehicle miles traveled (cars),Million miles,per square mile,UHF42,206,Borough Park,2005,2005-01-01,54.87405,,2005,1,1,1
130969,651,Cardiovascular hospitalizations due to PM2.5 (age 40+),Estimated annual rate,"per 100,000 adults",UHF42,501,Port Richmond,2005-2007,2005-01-01,25.5,,2005,1,1,1
151698,644,Annual vehicle miles traveled (cars),Million miles,per square mile,UHF42,310,Lower Manhattan,2005,2005-01-01,89.483586,,2005,1,1,1
151697,644,Annual vehicle miles traveled (cars),Million miles,per square mile,UHF42,309,Union Square - Lower East Side,2005,2005-01-01,113.877613,,2005,1,1,1
151755,645,Annual vehicle miles traveled (trucks),Million miles,per square mile,UHF42,409,Southeast Queens,2005,2005-01-01,1.418632,,2005,1,1,1
154498,645,Annual vehicle miles traveled (trucks),Million miles,per square mile,CD,501,St. George and Stapleton (CD1),2005,2005-01-01,1.125158,,2005,1,1,1
130725,646,Outdoor Air Toxics - Benzene,Annual average concentration,Âµg/m3,UHF42,503,Willowbrook,2005,2005-01-01,1.6,,2005,1,1,1
130707,646,Outdoor Air Toxics - Benzene,Annual average concentration,Âµg/m3,UHF42,305,Upper East Side,2005,2005-01-01,4.5,,2005,1,1,1
130689,646,Outdoor Air Toxics - Benzene,Annual average concentration,Âµg/m3,UHF42,105,Crotona -Tremont,2005,2005-01-01,3.0,,2005,1,1,1
151743,645,Annual vehicle miles traveled (trucks),Million miles,per square mile,UHF42,307,Gramercy Park - Murray Hill,2005,2005-01-01,12.096487,,2005,1,1,1
151684,644,Annual vehicle miles traveled (cars),Million miles,per square mile,UHF42,207,East Flatbush - Flatbush,2005,2005-01-01,71.895211,,2005,1,1,1
130687,646,Outdoor Air Toxics - Benzene,Annual average concentration,Âµg/m3,UHF42,103,Fordham - Bronx Pk,2005,2005-01-01,2.7,,2005,1,1,1
154602,643,Annual vehicle miles traveled,Million miles,per square mile,CD,401,Long Island City and Astoria (CD1),2005,2005-01-01,33.633793,,2005,1,1,1
154506,644,Annual vehicle miles traveled (cars),Million miles,per square mile,CD,106,Stuyvesant Town and Turtle Bay (CD6),2005,2005-01-01,163.510136,,2005,1,1,1
151659,643,Annual vehicle miles traveled,Million miles,per square mile,UHF42,409,Southeast Queens,2005,2005-01-01,54.650178,,2005,1,1,1
151628,643,Annual vehicle miles traveled,Million miles,per square mile,UHF42,106,High Bridge - Morrisania,2005,2005-01-01,79.563134,,2005,1,1,1
130953,651,Cardiovascular hospitalizations due to PM2.5 (age 40+),Estimated annual rate,"per 100,000 adults",UHF42,305,Upper East Side,2005-2007,2005-01-01,14.2,,2005,1,1,1
151650,643,Annual vehicle miles traveled,Million miles,per square mile,UHF42,310,Lower Manhattan,2005,2005-01-01,95.378252,,2005,1,1,1
131027,653,Asthma emergency departments visits due to Ozone,Estimated annual rate (under age 18),"per 100,000 children",UHF42,101,Kingsbridge - Riverdale,2005-2007,2005-01-01,68.3,,2005,1,1,1
131299,659,Asthma emergency departments visits due to Ozone,Estimated annual rate (age 18+),"per 100,000 adults",UHF42,405,Ridgewood - Forest Hills,2005-2007,2005-01-01,16.2,,2005,1,1,1
130821,648,Asthma emergency department visits due to PM2.5,Estimated annual rate (under age 18),"per 100,000 children",UHF42,407,Southwest Queens,2005-2007,2005-01-01,81.4,,2005,1,1,1
130800,648,Asthma emergency department visits due to PM2.5,Estimated annual rate (under age 18),"per 100,000 children",UHF42,207,East Flatbush - Flatbush,2005-2007,2005-01-01,111.9,,2005,1,1,1
151701,644,Annual vehicle miles traveled (cars),Million miles,per square mile,UHF42,403,Flushing - Clearview,2005,2005-01-01,36.182486,,2005,1,1,1
130914,650,Respiratory hospitalizations due to PM2.5 (age 20+),Estimated annual rate,"per 100,000 adults",UHF42,404,Bayside - Little Neck,2005-2007,2005-01-01,15.1,,2005,1,1,1
154443,645,Annual vehicle miles traveled (trucks),Million miles,per square mile,CD,102,Greenwich Village and Soho (CD2),2005,2005-01-01,9.638328,,2005,1,1,1
131309,659,Asthma emergency departments visits due to Ozone,Estimated annual rate (age 18+),"per 100,000 adults",Citywide,1,New York City,2005-2007,2005-01-01,45.4,,2005,1,1,1
131283,659,Asthma emergency departments visits due to Ozone,Estimated annual rate (age 18+),"per 100,000 adults",UHF42,210,Coney Island - Sheepshead Bay,2005-2007,2005-01-01,22.6,,2005,1,1,1
131265,657,Asthma emergency department visits due to PM2.5,Estimated annual rate (age 18+),"per 100,000 adults",Borough,4,Queens,2005-2007,2005-01-01,26.0,,2005,1,1,1
130829,648,Asthma emergency department visits due to PM2.5,Estimated annual rate (under age 18),"per 100,000 children",Citywide,1,New York City,2005-2007,2005-01-01,126.3,,2005,1,1,1
131228,657,Asthma emergency department visits due to PM2.5,Estimated annual rate (age 18+),"per 100,000 adults",UHF42,203,Bedford Stuyvesant - Crown Heights,2005-2007,2005-01-01,114.4,,2005,1,1,1
130894,650,Respiratory hospitalizations due to PM2.5 (age 20+),Estimated annual rate,"per 100,000 adults",UHF42,205,Sunset Park,2005-2007,2005-01-01,17.2,,2005,1,1,1
130903,650,Respiratory hospitalizations due to PM2.5 (age 20+),Estimated annual rate,"per 100,000 adults",UHF42,303,East Harlem,2005-2007,2005-01-01,44.8,,2005,1,1,1
151711,644,Annual vehicle miles traveled (cars),Million miles,per square mile,UHF42,503,Willowbrook,2005,2005-01-01,24.952949,,2005,1,1,1
130924,650,Respiratory hospitalizations due to PM2.5 (age 20+),Estimated annual rate,"per 100,000 adults",UHF42,504,South Beach - Tottenville,2005-2007,2005-01-01,15.2,,2005,1,1,1
151682,644,Annual vehicle miles traveled (cars),Million miles,per square mile,UHF42,205,Sunset Park,2005,2005-01-01,56.272517,,2005,1,1,1
131319,661,Asthma hospitalizations due to Ozone,Estimated annual rate (age 18+),"per 100,000 adults",UHF42,105,Crotona -Tremont,2005-2007,2005-01-01,18.9,,2005,1,1,1
131272,659,Asthma emergency departments visits due to Ozone,Estimated annual rate (age 18+),"per 100,000 adults",UHF42,106,High Bridge - Morrisania,2005-2007,2005-01-01,124.0,,2005,1,1,1
154566,643,Annual vehicle miles traveled,Million miles,per square mile,CD,107,Upper West Side (CD7),2005,2005-01-01,104.583957,,2005,1,1,1
130954,651,Cardiovascular hospitalizations due to PM2.5 (age 40+),Estimated annual rate,"per 100,000 adults",UHF42,306,Chelsea - Clinton,2005-2007,2005-01-01,20.6,,2005,1,1,1
131282,659,Asthma emergency departments visits due to Ozone,Estimated annual rate (age 18+),"per 100,000 adults",UHF42,209,Bensonhurst - Bay Ridge,2005-2007,2005-01-01,12.9,,2005,1,1,1
131326,661,Asthma hospitalizations due to Ozone,Estimated annual rate (age 18+),"per 100,000 adults",UHF42,205,Sunset Park,2005-2007,2005-01-01,6.4,,2005,1,1,1
151675,644,Annual vehicle miles traveled (cars),Million miles,per square mile,UHF42,105,Crotona -Tremont,2005,2005-01-01,74.092685,,2005,1,1,1
151673,644,Annual vehicle miles traveled (cars),Million miles,per square mile,UHF42,103,Fordham - Bronx Pk,2005,2005-01-01,54.724371,,2005,1,1,1
131347,661,Asthma hospitalizations due to Ozone,Estimated annual rate (age 18+),"per 100,000 adults",UHF42,405,Ridgewood - Forest Hills,2005-2007,2005-01-01,4.2,,2005,1,1,1
151693,644,Annual vehicle miles traveled (cars),Million miles,per square mile,UHF42,305,Upper East Side,2005,2005-01-01,115.240822,,2005,1,1,1
151725,645,Annual vehicle miles traveled (trucks),Million miles,per square mile,UHF42,107,Hunts Point - Mott Haven,2005,2005-01-01,2.86083,,2005,1,1,1
151754,645,Annual vehicle miles traveled (trucks),Million miles,per square mile,UHF42,408,Jamaica,2005,2005-01-01,1.565021,,2005,1,1,1
151742,645,Annual vehicle miles traveled (trucks),Million miles,per square mile,UHF42,306,Chelsea - Clinton,2005,2005-01-01,9.111963,,2005,1,1,1
151642,643,Annual vehicle miles traveled,Million miles,per square mile,UHF42,302,Central Harlem - Morningside Heights,2005,2005-01-01,77.189227,,2005,1,1,1
131033,653,Asthma emergency departments visits due to Ozone,Estimated annual rate (under age 18),"per 100,000 children",UHF42,107,Hunts Point - Mott Haven,2005-2007,2005-01-01,169.4,,2005,1,1,1
131261,657,Asthma emergency department visits due to PM2.5,Estimated annual rate (age 18+),"per 100,000 adults",Citywide,1,New York City,2005-2007,2005-01-01,56.9,,2005,1,1,1
131129,655,Asthma hospitalizations due to Ozone,Estimated annual rate (under age 18),"per 100,000 children",UHF42,107,Hunts Point - Mott Haven,2005-2007,2005-01-01,35.9,,2005,1,1,1
151646,643,Annual vehicle miles traveled,Million miles,per square mile,UHF42,306,Chelsea - Clinton,2005,2005-01-01,126.021127,,2005,1,1,1
151694,644,Annual vehicle miles traveled (cars),Million miles,per square mile,UHF42,306,Chelsea - Clinton,2005,2005-01-01,114.913799,,2005,1,1,1
151672,644,Annual vehicle miles traveled (cars),Million miles,per square mile,UHF42,102,Northeast Bronx,2005,2005-01-01,34.802886,,2005,1,1,1
131257,657,Asthma emergency department visits due to PM2.5,Estimated annual rate (age 18+),"per 100,000 adults",UHF42,501,Port Richmond,2005-2007,2005-01-01,62.6,,2005,1,1,1
130932,651,Cardiovascular hospitalizations due to PM2.5 (age 40+),Estimated annual rate,"per 100,000 adults",UHF42,102,Northeast Bronx,2005-2007,2005-01-01,25.9,,2005,1,1,1
131058,653,Asthma emergency departments visits due to Ozone,Estimated annual rate (under age 18),"per 100,000 children",UHF42,404,Bayside - Little Neck,2005-2007,2005-01-01,23.4,,2005,1,1,1
131345,661,Asthma hospitalizations due to Ozone,Estimated annual rate (age 18+),"per 100,000 adults",UHF42,403,Flushing - Clearview,2005-2007,2005-01-01,2.2,,2005,1,1,1
130977,651,Cardiovascular hospitalizations due to PM2.5 (age 40+),Estimated annual rate,"per 100,000 adults",Borough,4,Queens,2005-2007,2005-01-01,21.8,,2005,1,1,1
131137,655,Asthma hospitalizations due to Ozone,Estimated annual rate (under age 18),"per 100,000 children",UHF42,208,Canarsie - Flatlands,2005-2007,2005-01-01,17.6,,2005,1,1,1
151671,644,Annual vehicle miles traveled (cars),Million miles,per square mile,UHF42,101,Kingsbridge - Riverdale,2005,2005-01-01,41.515173,,2005,1,1,1
154580,643,Annual vehicle miles traveled,Million miles,per square mile,CD,209,Parkchester and Soundview (CD9),2005,2005-01-01,54.798297,,2005,1,1,1
154582,643,Annual vehicle miles traveled,Million miles,per square mile,CD,211,Morris Park and Bronxdale (CD11),2005,2005-01-01,31.830565,,2005,1,1,1
154464,645,Annual vehicle miles traveled (trucks),Million miles,per square mile,CD,211,Morris Park and Bronxdale (CD11),2005,2005-01-01,1.203144,,2005,1,1,1
154452,645,Annual vehicle miles traveled (trucks),Million miles,per square mile,CD,111,East Harlem (CD11),2005,2005-01-01,4.867533,,2005,1,1,1
151709,644,Annual vehicle miles traveled (cars),Million miles,per square mile,UHF42,501,Port Richmond,2005,2005-01-01,16.749972,,2005,1,1,1
131047,653,Asthma emergency departments visits due to Ozone,Estimated annual rate (under age 18),"per 100,000 children",UHF42,303,East Harlem,2005-2007,2005-01-01,224.8,,2005,1,1,1
151714,644,Annual vehicle miles traveled (cars),Million miles,per square mile,Borough,1,Bronx,2005,2005-01-01,45.033245,,2005,1,1,1
151695,644,Annual vehicle miles traveled (cars),Million miles,per square mile,UHF42,307,Gramercy Park - Murray Hill,2005,2005-01-01,169.481807,,2005,1,1,1
130394,639,Deaths due to PM2.5,Estimated annual rate (age 30+),"per 100,000 adults",UHF42,502,Stapleton - St. George,2005-2007,2005-01-01,80.3,,2005,1,1,1
130384,639,Deaths due to PM2.5,Estimated annual rate (age 30+),"per 100,000 adults",UHF42,402,West Queens,2005-2007,2005-01-01,44.6,,2005,1,1,1
130730,646,Outdoor Air Toxics - Benzene,Annual average concentration,Âµg/m3,Borough,3,Manhattan,2005,2005-01-01,4.7,,2005,1,1,1
151696,644,Annual vehicle miles traveled (cars),Million miles,per square mile,UHF42,308,Greenwich Village - SoHo,2005,2005-01-01,121.313066,,2005,1,1,1
131307,659,Asthma emergency departments visits due to Ozone,Estimated annual rate (age 18+),"per 100,000 adults",UHF42,503,Willowbrook,2005-2007,2005-01-01,16.2,,2005,1,1,1
151677,644,Annual vehicle miles traveled (cars),Million miles,per square mile,UHF42,107,Hunts Point - Mott Haven,2005,2005-01-01,39.404311,,2005,1,1,1
131156,655,Asthma hospitalizations due to Ozone,Estimated annual rate (under age 18),"per 100,000 children",UHF42,406,Fresh Meadows,2005-2007,2005-01-01,12.2,,2005,1,1,1
130807,648,Asthma emergency department visits due to PM2.5,Estimated annual rate (under age 18),"per 100,000 children",UHF42,303,East Harlem,2005-2007,2005-01-01,354.2,,2005,1,1,1
130692,646,Outdoor Air Toxics - Benzene,Annual average concentration,Âµg/m3,UHF42,201,Greenpoint,2005,2005-01-01,3.7,,2005,1,1,1
130703,646,Outdoor Air Toxics - Benzene,Annual average concentration,Âµg/m3,UHF42,301,Washington Heights,2005,2005-01-01,4.1,,2005,1,1,1
131249,657,Asthma emergency department visits due to PM2.5,Estimated annual rate (age 18+),"per 100,000 adults",UHF42,403,Flushing - Clearview,2005-2007,2005-01-01,13.3,,2005,1,1,1
130698,646,Outdoor Air Toxics - Benzene,Annual average concentration,Âµg/m3,UHF42,207,East Flatbush - Flatbush,2005,2005-01-01,2.3,,2005,1,1,1
130768,647,Outdoor Air Toxics - Formaldehyde,Annual average concentration,Âµg/m3,UHF42,408,Jamaica,2005,2005-01-01,2.4,,2005,1,1,1
131136,655,Asthma hospitalizations due to Ozone,Estimated annual rate (under age 18),"per 100,000 children",UHF42,207,East Flatbush - Flatbush,2005-2007,2005-01-01,27.6,,2005,1,1,1
130721,646,Outdoor Air Toxics - Benzene,Annual average concentration,Âµg/m3,UHF42,409,Southeast Queens,2005,2005-01-01,1.8,,2005,1,1,1
130762,647,Outdoor Air Toxics - Formaldehyde,Annual average concentration,Âµg/m3,UHF42,402,West Queens,2005,2005-01-01,3.4,,2005,1,1,1
130355,639,Deaths due to PM2.5,Estimated annual rate (age 30+),"per 100,000 adults",UHF42,101,Kingsbridge - Riverdale,2005-2007,2005-01-01,117.7,,2005,1,1,1
131275,659,Asthma emergency departments visits due to Ozone,Estimated annual rate (age 18+),"per 100,000 adults",UHF42,202,Downtown - Heights - Slope,2005-2007,2005-01-01,51.4,,2005,1,1,1
131060,653,Asthma emergency departments visits due to Ozone,Estimated annual rate (under age 18),"per 100,000 children",UHF42,406,Fresh Meadows,2005-2007,2005-01-01,49.7,,2005,1,1,1
131164,655,Asthma hospitalizations due to Ozone,Estimated annual rate (under age 18),"per 100,000 children",UHF42,504,South Beach - Tottenville,2005-2007,2005-01-01,5.4,,2005,1,1,1
131068,653,Asthma emergency departments visits due to Ozone,Estimated annual rate (under age 18),"per 100,000 children",UHF42,504,South Beach - Tottenville,2005-2007,2005-01-01,23.6,,2005,1,1,1
131061,653,Asthma emergency departments visits due to Ozone,Estimated annual rate (under age 18),"per 100,000 children",UHF42,407,Southwest Queens,2005-2007,2005-01-01,63.5,,2005,1,1,1
131050,653,Asthma emergency departments visits due to Ozone,Estimated annual rate (under age 18),"per 100,000 children",UHF42,306,Chelsea - Clinton,2005-2007,2005-01-01,97.8,,2005,1,1,1
130828,648,Asthma emergency department visits due to PM2.5,Estimated annual rate (under age 18),"per 100,000 children",UHF42,504,South Beach - Tottenville,2005-2007,2005-01-01,24.0,,2005,1,1,1
130959,651,Cardiovascular hospitalizations due to PM2.5 (age 40+),Estimated annual rate,"per 100,000 adults",UHF42,401,Long Island City - Astoria,2005-2007,2005-01-01,22.6,,2005,1,1,1
154468,645,Annual vehicle miles traveled (trucks),Million miles,per square mile,CD,303,Bedford Stuyvesant (CD3),2005,2005-01-01,2.495008,,2005,1,1,1
131146,655,Asthma hospitalizations due to Ozone,Estimated annual rate (under age 18),"per 100,000 children",UHF42,306,Chelsea - Clinton,2005-2007,2005-01-01,19.0,,2005,1,1,1
130729,646,Outdoor Air Toxics - Benzene,Annual average concentration,Âµg/m3,Borough,2,Brooklyn,2005,2005-01-01,2.8,,2005,1,1,1
131304,659,Asthma emergency departments visits due to Ozone,Estimated annual rate (age 18+),"per 100,000 adults",UHF42,410,Rockaways,2005-2007,2005-01-01,58.8,,2005,1,1,1
130958,651,Cardiovascular hospitalizations due to PM2.5 (age 40+),Estimated annual rate,"per 100,000 adults",UHF42,310,Lower Manhattan,2005-2007,2005-01-01,18.6,,2005,1,1,1
154486,645,Annual vehicle miles traveled (trucks),Million miles,per square mile,CD,403,Jackson Heights (CD3),2005,2005-01-01,1.658292,,2005,1,1,1
130704,646,Outdoor Air Toxics - Benzene,Annual average concentration,Âµg/m3,UHF42,302,Central Harlem - Morningside Heights,2005,2005-01-01,3.9,,2005,1,1,1
131235,657,Asthma emergency department visits due to PM2.5,Estimated annual rate (age 18+),"per 100,000 adults",UHF42,210,Coney Island - Sheepshead Bay,2005-2007,2005-01-01,24.1,,2005,1,1,1
131289,659,Asthma emergency departments visits due to Ozone,Estimated annual rate (age 18+),"per 100,000 adults",UHF42,305,Upper East Side,2005-2007,2005-01-01,8.5,,2005,1,1,1
130370,639,Deaths due to PM2.5,Estimated annual rate (age 30+),"per 100,000 adults",UHF42,209,Bensonhurst - Bay Ridge,2005-2007,2005-01-01,73.4,,2005,1,1,1
131074,653,Asthma emergency departments visits due to Ozone,Estimated annual rate (under age 18),"per 100,000 children",Borough,5,Staten Island,2005-2007,2005-01-01,49.9,,2005,1,1,1
130966,651,Cardiovascular hospitalizations due to PM2.5 (age 40+),Estimated annual rate,"per 100,000 adults",UHF42,408,Jamaica,2005-2007,2005-01-01,24.4,,2005,1,1,1
130686,646,Outdoor Air Toxics - Benzene,Annual average concentration,Âµg/m3,UHF42,102,Northeast Bronx,2005,2005-01-01,2.8,,2005,1,1,1
151638,643,Annual vehicle miles traveled,Million miles,per square mile,UHF42,209,Bensonhurst - Bay Ridge,2005,2005-01-01,47.351051,,2005,1,1,1
131073,653,Asthma emergency departments visits due to Ozone,Estimated annual rate (under age 18),"per 100,000 children",Borough,4,Queens,2005-2007,2005-01-01,65.7,,2005,1,1,1
131170,655,Asthma hospitalizations due to Ozone,Estimated annual rate (under age 18),"per 100,000 children",Borough,5,Staten Island,2005-2007,2005-01-01,11.7,,2005,1,1,1
151627,643,Annual vehicle miles traveled,Million miles,per square mile,UHF42,105,Crotona -Tremont,2005,2005-01-01,80.210738,,2005,1,1,1
130926,650,Respiratory hospitalizations due to PM2.5 (age 20+),Estimated annual rate,"per 100,000 adults",Borough,1,Bronx,2005-2007,2005-01-01,30.8,,2005,1,1,1
130974,651,Cardiovascular hospitalizations due to PM2.5 (age 40+),Estimated annual rate,"per 100,000 adults",Borough,1,Bronx,2005-2007,2005-01-01,31.3,,2005,1,1,1
130967,651,Cardiovascular hospitalizations due to PM2.5 (age 40+),Estimated annual rate,"per 100,000 adults",UHF42,409,Southeast Queens,2005-2007,2005-01-01,19.2,,2005,1,1,1
151639,643,Annual vehicle miles traveled,Million miles,per square mile,UHF42,210,Coney Island - Sheepshead Bay,2005,2005-01-01,35.813927,,2005,1,1,1
130947,651,Cardiovascular hospitalizations due to PM2.5 (age 40+),Estimated annual rate,"per 100,000 adults",UHF42,210,Coney Island - Sheepshead Bay,2005-2007,2005-01-01,33.8,,2005,1,1,1
131162,655,Asthma hospitalizations due to Ozone,Estimated annual rate (under age 18),"per 100,000 children",UHF42,502,Stapleton - St. George,2005-2007,2005-01-01,13.1,,2005,1,1,1
130778,647,Outdoor Air Toxics - Formaldehyde,Annual average concentration,Âµg/m3,Borough,3,Manhattan,2005,2005-01-01,4.3,,2005,1,1,1
130701,646,Outdoor Air Toxics - Benzene,Annual average concentration,Âµg/m3,UHF42,210,Coney Island - Sheepshead Bay,2005,2005-01-01,2.4,,2005,1,1,1
130823,648,Asthma emergency department visits due to PM2.5,Estimated annual rate (under age 18),"per 100,000 children",UHF42,409,Southeast Queens,2005-2007,2005-01-01,73.8,,2005,1,1,1
130745,647,Outdoor Air Toxics - Formaldehyde,Annual average concentration,Âµg/m3,UHF42,206,Borough Park,2005,2005-01-01,2.9,,2005,1,1,1
130738,647,Outdoor Air Toxics - Formaldehyde,Annual average concentration,Âµg/m3,UHF42,106,High Bridge - Morrisania,2005,2005-01-01,3.6,,2005,1,1,1
130748,647,Outdoor Air Toxics - Formaldehyde,Annual average concentration,Âµg/m3,UHF42,209,Bensonhurst - Bay Ridge,2005,2005-01-01,2.7,,2005,1,1,1
154556,644,Annual vehicle miles traveled (cars),Million miles,per square mile,CD,414,Rockaway and Broad Channel (CD14),2005,2005-01-01,13.254246,,2005,1,1,1
130986,652,Cardiac and respiratory deaths due to Ozone,Estimated annual rate,"per 100,000",UHF42,201,Greenpoint,2005-2007,2005-01-01,3.5,,2005,1,1,1
131034,653,Asthma emergency departments visits due to Ozone,Estimated annual rate (under age 18),"per 100,000 children",UHF42,201,Greenpoint,2005-2007,2005-01-01,42.7,,2005,1,1,1
154538,644,Annual vehicle miles traveled (cars),Million miles,per square mile,CD,314,Flatbush and Midwood (CD14),2005,2005-01-01,62.970425,,2005,1,1,1
130794,648,Asthma emergency department visits due to PM2.5,Estimated annual rate (under age 18),"per 100,000 children",UHF42,201,Greenpoint,2005-2007,2005-01-01,60.8,,2005,1,1,1
130752,647,Outdoor Air Toxics - Formaldehyde,Annual average concentration,Âµg/m3,UHF42,302,Central Harlem - Morningside Heights,2005,2005-01-01,4.2,,2005,1,1,1
151688,644,Annual vehicle miles traveled (cars),Million miles,per square mile,UHF42,211,Williamsburg - Bushwick,2005,2005-01-01,42.311225,,2005,1,1,1
130816,648,Asthma emergency department visits due to PM2.5,Estimated annual rate (under age 18),"per 100,000 children",UHF42,402,West Queens,2005-2007,2005-01-01,89.3,,2005,1,1,1
130715,646,Outdoor Air Toxics - Benzene,Annual average concentration,Âµg/m3,UHF42,403,Flushing - Clearview,2005,2005-01-01,1.9,,2005,1,1,1
130737,647,Outdoor Air Toxics - Formaldehyde,Annual average concentration,Âµg/m3,UHF42,105,Crotona -Tremont,2005,2005-01-01,3.4,,2005,1,1,1
131066,653,Asthma emergency departments visits due to Ozone,Estimated annual rate (under age 18),"per 100,000 children",UHF42,502,Stapleton - St. George,2005-2007,2005-01-01,73.2,,2005,1,1,1
130765,647,Outdoor Air Toxics - Formaldehyde,Annual average concentration,Âµg/m3,UHF42,405,Ridgewood - Forest Hills,2005,2005-01-01,3.0,,2005,1,1,1
130763,647,Outdoor Air Toxics - Formaldehyde,Annual average concentration,Âµg/m3,UHF42,403,Flushing - Clearview,2005,2005-01-01,2.7,,2005,1,1,1
154595,643,Annual vehicle miles traveled,Million miles,per square mile,CD,312,Borough Park (CD12),2005,2005-01-01,57.386664,,2005,1,1,1
154593,643,Annual vehicle miles traveled,Million miles,per square mile,CD,310,Bay Ridge and Dyker Heights (CD10),2005,2005-01-01,58.440812,,2005,1,1,1
130717,646,Outdoor Air Toxics - Benzene,Annual average concentration,Âµg/m3,UHF42,405,Ridgewood - Forest Hills,2005,2005-01-01,2.0,,2005,1,1,1
151718,644,Annual vehicle miles traveled (cars),Million miles,per square mile,Borough,5,Staten Island,2005,2005-01-01,19.628216,,2005,1,1,1
130930,650,Respiratory hospitalizations due to PM2.5 (age 20+),Estimated annual rate,"per 100,000 adults",Borough,5,Staten Island,2005-2007,2005-01-01,17.5,,2005,1,1,1
130811,648,Asthma emergency department visits due to PM2.5,Estimated annual rate (under age 18),"per 100,000 children",UHF42,307,Gramercy Park - Murray Hill,2005-2007,2005-01-01,61.7,,2005,1,1,1
130921,650,Respiratory hospitalizations due to PM2.5 (age 20+),Estimated annual rate,"per 100,000 adults",UHF42,501,Port Richmond,2005-2007,2005-01-01,18.5,,2005,1,1,1
154578,643,Annual vehicle miles traveled,Million miles,per square mile,CD,207,Kingsbridge Heights and Bedford (CD7),2005,2005-01-01,73.380171,,2005,1,1,1
130886,650,Respiratory hospitalizations due to PM2.5 (age 20+),Estimated annual rate,"per 100,000 adults",UHF42,104,Pelham - Throgs Neck,2005-2007,2005-01-01,24.4,,2005,1,1,1
154460,645,Annual vehicle miles traveled (trucks),Million miles,per square mile,CD,207,Kingsbridge Heights and Bedford (CD7),2005,2005-01-01,3.59243,,2005,1,1,1
130972,651,Cardiovascular hospitalizations due to PM2.5 (age 40+),Estimated annual rate,"per 100,000 adults",UHF42,504,South Beach - Tottenville,2005-2007,2005-01-01,23.9,,2005,1,1,1
130883,650,Respiratory hospitalizations due to PM2.5 (age 20+),Estimated annual rate,"per 100,000 adults",UHF42,101,Kingsbridge - Riverdale,2005-2007,2005-01-01,28.5,,2005,1,1,1
130911,650,Respiratory hospitalizations due to PM2.5 (age 20+),Estimated annual rate,"per 100,000 adults",UHF42,401,Long Island City - Astoria,2005-2007,2005-01-01,16.9,,2005,1,1,1
130825,648,Asthma emergency department visits due to PM2.5,Estimated annual rate (under age 18),"per 100,000 children",UHF42,501,Port Richmond,2005-2007,2005-01-01,106.9,,2005,1,1,1
130815,648,Asthma emergency department visits due to PM2.5,Estimated annual rate (under age 18),"per 100,000 children",UHF42,401,Long Island City - Astoria,2005-2007,2005-01-01,71.2,,2005,1,1,1
130941,651,Cardiovascular hospitalizations due to PM2.5 (age 40+),Estimated annual rate,"per 100,000 adults",UHF42,204,East New York,2005-2007,2005-01-01,32.8,,2005,1,1,1
131056,653,Asthma emergency departments visits due to Ozone,Estimated annual rate (under age 18),"per 100,000 children",UHF42,402,West Queens,2005-2007,2005-01-01,61.5,,2005,1,1,1
131067,653,Asthma emergency departments visits due to Ozone,Estimated annual rate (under age 18),"per 100,000 children",UHF42,503,Willowbrook,2005-2007,2005-01-01,28.0,,2005,1,1,1
151629,643,Annual vehicle miles traveled,Million miles,per square mile,UHF42,107,Hunts Point - Mott Haven,2005,2005-01-01,42.666014,,2005,1,1,1
131145,655,Asthma hospitalizations due to Ozone,Estimated annual rate (under age 18),"per 100,000 children",UHF42,305,Upper East Side,2005-2007,2005-01-01,6.5,,2005,1,1,1
131049,653,Asthma emergency departments visits due to Ozone,Estimated annual rate (under age 18),"per 100,000 children",UHF42,305,Upper East Side,2005-2007,2005-01-01,30.0,,2005,1,1,1
151636,643,Annual vehicle miles traveled,Million miles,per square mile,UHF42,207,East Flatbush - Flatbush,2005,2005-01-01,74.847157,,2005,1,1,1
151666,643,Annual vehicle miles traveled,Million miles,per square mile,Borough,1,Bronx,2005,2005-01-01,48.938718,,2005,1,1,1
131344,661,Asthma hospitalizations due to Ozone,Estimated annual rate (age 18+),"per 100,000 adults",UHF42,402,West Queens,2005-2007,2005-01-01,3.2,,2005,1,1,1
131219,657,Asthma emergency department visits due to PM2.5,Estimated annual rate (age 18+),"per 100,000 adults",UHF42,101,Kingsbridge - Riverdale,2005-2007,2005-01-01,36.7,,2005,1,1,1
131167,655,Asthma hospitalizations due to Ozone,Estimated annual rate (under age 18),"per 100,000 children",Borough,2,Brooklyn,2005-2007,2005-01-01,21.1,,2005,1,1,1
130902,650,Respiratory hospitalizations due to PM2.5 (age 20+),Estimated annual rate,"per 100,000 adults",UHF42,302,Central Harlem - Morningside Heights,2005-2007,2005-01-01,30.6,,2005,1,1,1
131071,653,Asthma emergency departments visits due to Ozone,Estimated annual rate (under age 18),"per 100,000 children",Borough,2,Brooklyn,2005-2007,2005-01-01,79.0,,2005,1,1,1
154490,645,Annual vehicle miles traveled (trucks),Million miles,per square mile,CD,407,Flushing and Whitestone (CD7),2005,2005-01-01,1.991033,,2005,1,1,1
131227,657,Asthma emergency department visits due to PM2.5,Estimated annual rate (age 18+),"per 100,000 adults",UHF42,202,Downtown - Heights - Slope,2005-2007,2005-01-01,60.9,,2005,1,1,1
131157,655,Asthma hospitalizations due to Ozone,Estimated annual rate (under age 18),"per 100,000 children",UHF42,407,Southwest Queens,2005-2007,2005-01-01,14.0,,2005,1,1,1
130761,647,Outdoor Air Toxics - Formaldehyde,Annual average concentration,Âµg/m3,UHF42,401,Long Island City - Astoria,2005,2005-01-01,3.6,,2005,1,1,1
130685,646,Outdoor Air Toxics - Benzene,Annual average concentration,Âµg/m3,UHF42,101,Kingsbridge - Riverdale,2005,2005-01-01,2.9,,2005,1,1,1
130723,646,Outdoor Air Toxics - Benzene,Annual average concentration,Âµg/m3,UHF42,501,Port Richmond,2005,2005-01-01,2.5,,2005,1,1,1
130713,646,Outdoor Air Toxics - Benzene,Annual average concentration,Âµg/m3,UHF42,401,Long Island City - Astoria,2005,2005-01-01,2.7,,2005,1,1,1
131252,657,Asthma emergency department visits due to PM2.5,Estimated annual rate (age 18+),"per 100,000 adults",UHF42,406,Fresh Meadows,2005-2007,2005-01-01,22.2,,2005,1,1,1
131166,655,Asthma hospitalizations due to Ozone,Estimated annual rate (under age 18),"per 100,000 children",Borough,1,Bronx,2005-2007,2005-01-01,34.1,,2005,1,1,1
130733,647,Outdoor Air Toxics - Formaldehyde,Annual average concentration,Âµg/m3,UHF42,101,Kingsbridge - Riverdale,2005,2005-01-01,3.2,,2005,1,1,1
131245,657,Asthma emergency department visits due to PM2.5,Estimated annual rate (age 18+),"per 100,000 adults",UHF42,309,Union Square - Lower East Side,2005-2007,2005-01-01,46.3,,2005,1,1,1
131246,657,Asthma emergency department visits due to PM2.5,Estimated annual rate (age 18+),"per 100,000 adults",UHF42,310,Lower Manhattan,2005-2007,2005-01-01,35.0,,2005,1,1,1
130771,647,Outdoor Air Toxics - Formaldehyde,Annual average concentration,Âµg/m3,UHF42,501,Port Richmond,2005,2005-01-01,2.4,,2005,1,1,1
131070,653,Asthma emergency departments visits due to Ozone,Estimated annual rate (under age 18),"per 100,000 children",Borough,1,Bronx,2005-2007,2005-01-01,136.1,,2005,1,1,1
151753,645,Annual vehicle miles traveled (trucks),Million miles,per square mile,UHF42,407,Southwest Queens,2005,2005-01-01,3.412754,,2005,1,1,1
151733,645,Annual vehicle miles traveled (trucks),Million miles,per square mile,UHF42,208,Canarsie - Flatlands,2005,2005-01-01,1.194705,,2005,1,1,1
151732,645,Annual vehicle miles traveled (trucks),Million miles,per square mile,UHF42,207,East Flatbush - Flatbush,2005,2005-01-01,2.408398,,2005,1,1,1
131264,657,Asthma emergency department visits due to PM2.5,Estimated annual rate (age 18+),"per 100,000 adults",Borough,3,Manhattan,2005-2007,2005-01-01,59.9,,2005,1,1,1
130754,647,Outdoor Air Toxics - Formaldehyde,Annual average concentration,Âµg/m3,UHF42,304,Upper West Side,2005,2005-01-01,4.0,,2005,1,1,1
131295,659,Asthma emergency departments visits due to Ozone,Estimated annual rate (age 18+),"per 100,000 adults",UHF42,401,Long Island City - Astoria,2005-2007,2005-01-01,12.5,,2005,1,1,1
130746,647,Outdoor Air Toxics - Formaldehyde,Annual average concentration,Âµg/m3,UHF42,207,East Flatbush - Flatbush,2005,2005-01-01,2.8,,2005,1,1,1
131305,659,Asthma emergency departments visits due to Ozone,Estimated annual rate (age 18+),"per 100,000 adults",UHF42,501,Port Richmond,2005-2007,2005-01-01,57.9,,2005,1,1,1
151751,645,Annual vehicle miles traveled (trucks),Million miles,per square mile,UHF42,405,Ridgewood - Forest Hills,2005,2005-01-01,2.677751,,2005,1,1,1
130757,647,Outdoor Air Toxics - Formaldehyde,Annual average concentration,Âµg/m3,UHF42,307,Gramercy Park - Murray Hill,2005,2005-01-01,5.3,,2005,1,1,1
130728,646,Outdoor Air Toxics - Benzene,Annual average concentration,Âµg/m3,Borough,1,Bronx,2005,2005-01-01,2.8,,2005,1,1,1
130709,646,Outdoor Air Toxics - Benzene,Annual average concentration,Âµg/m3,UHF42,307,Gramercy Park - Murray Hill,2005,2005-01-01,5.3,,2005,1,1,1
130699,646,Outdoor Air Toxics - Benzene,Annual average concentration,Âµg/m3,UHF42,208,Canarsie - Flatlands,2005,2005-01-01,2.4,,2005,1,1,1
151651,643,Annual vehicle miles traveled,Million miles,per square mile,UHF42,401,Long Island City - Astoria,2005,2005-01-01,43.728029,,2005,1,1,1
130391,639,Deaths due to PM2.5,Estimated annual rate (age 30+),"per 100,000 adults",UHF42,409,Southeast Queens,2005-2007,2005-01-01,43.0,,2005,1,1,1
130360,639,Deaths due to PM2.5,Estimated annual rate (age 30+),"per 100,000 adults",UHF42,106,High Bridge - Morrisania,2005-2007,2005-01-01,84.8,,2005,1,1,1
131286,659,Asthma emergency departments visits due to Ozone,Estimated annual rate (age 18+),"per 100,000 adults",UHF42,302,Central Harlem - Morningside Heights,2005-2007,2005-01-01,156.1,,2005,1,1,1
130358,639,Deaths due to PM2.5,Estimated annual rate (age 30+),"per 100,000 adults",UHF42,104,Pelham - Throgs Neck,2005-2007,2005-01-01,73.6,,2005,1,1,1
130691,646,Outdoor Air Toxics - Benzene,Annual average concentration,Âµg/m3,UHF42,107,Hunts Point - Mott Haven,2005,2005-01-01,2.8,,2005,1,1,1
154581,643,Annual vehicle miles traveled,Million miles,per square mile,CD,210,Throgs Neck and Co-op City (CD10),2005,2005-01-01,43.773673,,2005,1,1,1
131258,657,Asthma emergency department visits due to PM2.5,Estimated annual rate (age 18+),"per 100,000 adults",UHF42,502,Stapleton - St. George,2005-2007,2005-01-01,41.6,,2005,1,1,1
130758,647,Outdoor Air Toxics - Formaldehyde,Annual average concentration,Âµg/m3,UHF42,308,Greenwich Village - SoHo,2005,2005-01-01,4.0,,2005,1,1,1
154610,643,Annual vehicle miles traveled,Million miles,per square mile,CD,409,Kew Gardens and Woodhaven (CD9),2005,2005-01-01,47.796028,,2005,1,1,1
130747,647,Outdoor Air Toxics - Formaldehyde,Annual average concentration,Âµg/m3,UHF42,208,Canarsie - Flatlands,2005,2005-01-01,2.8,,2005,1,1,1
131057,653,Asthma emergency departments visits due to Ozone,Estimated annual rate (under age 18),"per 100,000 children",UHF42,403,Flushing - Clearview,2005-2007,2005-01-01,38.8,,2005,1,1,1
130710,646,Outdoor Air Toxics - Benzene,Annual average concentration,Âµg/m3,UHF42,308,Greenwich Village - SoHo,2005,2005-01-01,4.7,,2005,1,1,1
154569,643,Annual vehicle miles traveled,Million miles,per square mile,CD,110,Central Harlem (CD10),2005,2005-01-01,64.519219,,2005,1,1,1
130773,647,Outdoor Air Toxics - Formaldehyde,Annual average concentration,Âµg/m3,UHF42,503,Willowbrook,2005,2005-01-01,2.3,,2005,1,1,1
130931,651,Cardiovascular hospitalizations due to PM2.5 (age 40+),Estimated annual rate,"per 100,000 adults",UHF42,101,Kingsbridge - Riverdale,2005-2007,2005-01-01,28.2,,2005,1,1,1
131333,661,Asthma hospitalizations due to Ozone,Estimated annual rate (age 18+),"per 100,000 adults",UHF42,301,Washington Heights,2005-2007,2005-01-01,6.6,,2005,1,1,1
130949,651,Cardiovascular hospitalizations due to PM2.5 (age 40+),Estimated annual rate,"per 100,000 adults",UHF42,301,Washington Heights,2005-2007,2005-01-01,27.6,,2005,1,1,1
151623,643,Annual vehicle miles traveled,Million miles,per square mile,UHF42,101,Kingsbridge - Riverdale,2005,2005-01-01,45.17286,,2005,1,1,1
131143,655,Asthma hospitalizations due to Ozone,Estimated annual rate (under age 18),"per 100,000 children",UHF42,303,East Harlem,2005-2007,2005-01-01,43.1,,2005,1,1,1
131014,652,Cardiac and respiratory deaths due to Ozone,Estimated annual rate,"per 100,000",UHF42,408,Jamaica,2005-2007,2005-01-01,5.5,,2005,1,1,1
151744,645,Annual vehicle miles traveled (trucks),Million miles,per square mile,UHF42,308,Greenwich Village - SoHo,2005,2005-01-01,10.487914,,2005,1,1,1
130720,646,Outdoor Air Toxics - Benzene,Annual average concentration,Âµg/m3,UHF42,408,Jamaica,2005,2005-01-01,1.8,,2005,1,1,1
131004,652,Cardiac and respiratory deaths due to Ozone,Estimated annual rate,"per 100,000",UHF42,308,Greenwich Village - SoHo,2005-2007,2005-01-01,3.1,,2005,1,1,1
130719,646,Outdoor Air Toxics - Benzene,Annual average concentration,Âµg/m3,UHF42,407,Southwest Queens,2005,2005-01-01,1.8,,2005,1,1,1
131125,655,Asthma hospitalizations due to Ozone,Estimated annual rate (under age 18),"per 100,000 children",UHF42,103,Fordham - Bronx Pk,2005-2007,2005-01-01,34.5,,2005,1,1,1
131343,661,Asthma hospitalizations due to Ozone,Estimated annual rate (age 18+),"per 100,000 adults",UHF42,401,Long Island City - Astoria,2005-2007,2005-01-01,3.7,,2005,1,1,1
131010,652,Cardiac and respiratory deaths due to Ozone,Estimated annual rate,"per 100,000",UHF42,404,Bayside - Little Neck,2005-2007,2005-01-01,4.8,,2005,1,1,1
131226,657,Asthma emergency department visits due to PM2.5,Estimated annual rate (age 18+),"per 100,000 adults",UHF42,201,Greenpoint,2005-2007,2005-01-01,36.6,,2005,1,1,1
131322,661,Asthma hospitalizations due to Ozone,Estimated annual rate (age 18+),"per 100,000 adults",UHF42,201,Greenpoint,2005-2007,2005-01-01,5.8,,2005,1,1,1
130890,650,Respiratory hospitalizations due to PM2.5 (age 20+),Estimated annual rate,"per 100,000 adults",UHF42,201,Greenpoint,2005-2007,2005-01-01,18.4,,2005,1,1,1
154546,644,Annual vehicle miles traveled (cars),Million miles,per square mile,CD,404,Elmhurst and Corona (CD4),2005,2005-01-01,72.947517,,2005,1,1,1
151721,645,Annual vehicle miles traveled (trucks),Million miles,per square mile,UHF42,103,Fordham - Bronx Pk,2005,2005-01-01,1.969284,,2005,1,1,1
130818,648,Asthma emergency department visits due to PM2.5,Estimated annual rate (under age 18),"per 100,000 children",UHF42,404,Bayside - Little Neck,2005-2007,2005-01-01,26.7,,2005,1,1,1
131154,655,Asthma hospitalizations due to Ozone,Estimated annual rate (under age 18),"per 100,000 children",UHF42,404,Bayside - Little Neck,2005-2007,2005-01-01,7.5,,2005,1,1,1
151728,645,Annual vehicle miles traveled (trucks),Million miles,per square mile,UHF42,203,Bedford Stuyvesant - Crown Heights,2005,2005-01-01,3.148227,,2005,1,1,1
131006,652,Cardiac and respiratory deaths due to Ozone,Estimated annual rate,"per 100,000",UHF42,310,Lower Manhattan,2005-2007,2005-01-01,3.8,,2005,1,1,1
130824,648,Asthma emergency department visits due to PM2.5,Estimated annual rate (under age 18),"per 100,000 children",UHF42,410,Rockaways,2005-2007,2005-01-01,152.7,,2005,1,1,1
151741,645,Annual vehicle miles traveled (trucks),Million miles,per square mile,UHF42,305,Upper East Side,2005,2005-01-01,7.992091,,2005,1,1,1
131005,652,Cardiac and respiratory deaths due to Ozone,Estimated annual rate,"per 100,000",UHF42,309,Union Square - Lower East Side,2005-2007,2005-01-01,3.9,,2005,1,1,1
151626,643,Annual vehicle miles traveled,Million miles,per square mile,UHF42,104,Pelham - Throgs Neck,2005,2005-01-01,41.213353,,2005,1,1,1
130994,652,Cardiac and respiratory deaths due to Ozone,Estimated annual rate,"per 100,000",UHF42,209,Bensonhurst - Bay Ridge,2005-2007,2005-01-01,8.1,,2005,1,1,1
