fact_id,unique_id,time_id,location_id,indicator_key,batch_id,data_value
1,166005,19,57,5,1,25.99
2,174262,20,76,4,1,9.73
3,175455,19,127,5,1,23.64
4,175430,19,110,5,1,25.91
5,171716,19,78,5,1,22.06
6,167792,20,47,5,1,21.1
7,166021,19,48,5,1,25.04
8,172727,20,68,5,1,18.58
9,173258,19,89,4,1,11.98
10,172746,20,85,5,1,16.44
11,177317,19,112,4,1,9.57
12,170454,20,46,4,1,7.87
13,176715,20,127,5,1,18.38
14,170436,20,16,4,1,8.04
15,174255,20,75,4,1,8.6
16,176709,20,128,5,1,20.3
17,173249,19,81,4,1,9.79
18,165978,19,15,5,1,33.8
19,170414,20,42,4,1,9.4
20,176687,20,112,5,1,20.19
21,178583,20,107,4,1,8.11
22,170425,20,27,4,1,9.52
23,168663,19,6,4,1,10.06
24,167774,20,44,5,1,22.74
25,179517,19,5,4,1,9.72
26,174264,20,83,4,1,9.6
27,179666,20,4,4,1,8.36
28,173250,19,90,4,1,9.27
29,177320,19,110,4,1,10.24
30,168681,19,54,4,1,9.6
31,172715,20,82,5,1,18.23
32,168633,19,15,4,1,13.33
33,178593,20,135,4,1,10.15
34,168685,19,50,4,1,9.23
35,166030,19,50,5,1,18.77
36,174254,20,69,4,1,8.49
37,168640,19,19,4,1,11.98
38,174256,20,70,4,1,8.18
39,166013,19,51,5,1,22.96
40,177323,19,107,4,1,9.75
41,167780,20,11,5,1,20.53
42,165988,19,32,5,1,25.71
43,170443,20,64,4,1,10.05
44,167796,20,54,5,1,19.04
45,176716,20,133,5,1,15.4
46,166011,19,16,5,1,21.3
47,167798,20,34,5,1,19.07
48,171724,19,94,5,1,31.68
49,167764,20,49,5,1,18.24
50,170451,20,54,4,1,7.99
51,170435,20,11,4,1,8.5
52,176681,20,108,5,1,22.67
53,174274,20,94,4,1,10.44
54,173241,19,71,4,1,12.15
55,177340,19,115,4,1,9.68
56,174246,20,84,4,1,8.73
57,168679,19,31,4,1,9.7
58,174249,20,80,4,1,10.0
59,178567,20,122,4,1,8.88
60,172735,20,98,5,1,21.89
61,175457,19,141,5,1,19.93
62,175435,19,138,5,1,27.68
63,167748,20,15,5,1,30.56
64,174275,20,66,4,1,8.13
65,172739,20,81,5,1,18.96
66,170417,20,9,4,1,9.46
67,170409,20,14,4,1,9.64
68,168687,19,52,4,1,9.76
69,170411,20,62,4,1,9.46
70,172741,20,88,5,1,12.67
71,173237,19,68,4,1,9.88
72,170403,20,15,4,1,11.39
73,166023,19,25,5,1,22.11
74,177329,19,136,4,1,13.09
75,175434,19,140,5,1,27.35
76,167773,20,20,5,1,19.75
77,170447,20,47,4,1,8.71
78,178604,20,129,4,1,7.61
79,168671,19,24,4,1,9.81
80,170449,20,31,4,1,8.23
81,174266,20,78,4,1,8.39
82,168675,19,21,4,1,10.45
83,176702,20,118,5,1,29.19
84,174248,20,86,4,1,8.74
85,165976,19,29,5,1,32.72
86,174245,20,82,4,1,8.88
87,178594,20,124,4,1,11.06
88,176685,20,109,5,1,23.41
89,175444,19,124,5,1,33.01
90,175440,19,106,5,1,35.62
91,175425,19,109,5,1,28.16
92,170415,20,30,4,1,9.97
93,167791,20,48,5,1,20.36
94,170438,20,51,4,1,8.14
95,174258,20,73,4,1,8.11
96,176690,20,110,5,1,20.57
97,171697,19,79,5,1,24.13
98,179288,19,1,5,1,24.03
99,171695,19,82,5,1,23.12
100,178574,20,117,4,1,10.0
101,167747,20,38,5,1,26.63
102,171711,19,71,5,1,29.88
103,171722,19,95,5,1,34.4
104,178595,20,123,4,1,9.6
105,171723,19,72,5,1,34.64
106,173234,19,69,4,1,10.14
107,177344,19,129,4,1,9.23
108,171721,19,88,5,1,18.88
109,174269,20,81,4,1,8.27
110,179441,20,4,5,1,18.71
111,171705,19,75,5,1,25.91
112,177318,19,134,4,1,10.78
113,172725,20,75,5,1,20.57
114,168630,19,22,4,1,12.77
115,172748,20,89,5,1,22.49
116,171717,19,87,5,1,24.72
117,179513,19,1,4,1,11.16
118,170404,20,39,4,1,14.26
119,165986,19,62,5,1,27.17
120,167799,20,46,5,1,16.87
121,174247,20,79,4,1,9.06
122,177309,19,114,4,1,11.27
123,167754,20,14,5,1,25.43
124,174252,20,77,4,1,8.69
125,176688,20,134,5,1,20.59
126,167766,20,58,5,1,17.44
127,179292,19,5,5,1,19.13
128,170424,20,28,4,1,10.09
129,167781,20,16,5,1,15.06
130,172728,20,73,5,1,16.36
131,171704,19,69,5,1,25.67
132,173229,19,80,4,1,11.63
133,175433,19,107,5,1,22.54
134,171715,19,98,5,1,26.15
135,167776,20,17,5,1,22.84
136,174267,20,87,4,1,8.51
137,178578,20,134,4,1,9.12
138,171709,19,99,5,1,27.35
139,168661,19,17,4,1,10.37
140,171726,19,85,5,1,21.87
141,178569,20,114,4,1,9.06
142,171702,19,77,5,1,25.3
143,170400,20,22,4,1,11.06
144,177319,19,103,4,1,10.14
145,171707,19,68,5,1,24.26
146,177343,19,131,4,1,9.27
147,176708,20,100,5,1,16.41
148,177312,19,119,4,1,12.26
149,167758,20,32,5,1,21.27
150,173227,19,79,4,1,11.27
151,165994,19,49,5,1,23.09
152,168666,19,16,4,1,9.67
153,168684,19,46,4,1,9.29
154,178600,20,115,4,1,8.21
155,173244,19,83,4,1,11.41
156,177327,19,111,4,1,11.37
157,174268,20,92,4,1,8.14
158,172722,20,77,5,1,20.19
159,176678,20,125,5,1,18.37
160,168654,19,28,4,1,11.72
161,173251,19,88,4,1,9.23
162,167787,20,37,5,1,21.36
163,168638,19,40,4,1,12.28
164,175428,19,134,5,1,25.84
165,167769,20,28,5,1,22.88
166,165987,19,43,5,1,27.63
167,168636,19,61,4,1,12.58
168,179137,20,65,5,1,18.83
169,171701,19,67,5,1,27.11
170,166015,19,18,5,1,26.06
171,168676,19,48,4,1,10.33
172,175443,19,135,5,1,31.08
173,168632,19,38,4,1,11.59
174,167757,20,43,5,1,22.94
175,170458,20,59,4,1,7.84
176,168667,19,23,4,1,10.19
177,176693,20,107,5,1,16.36
178,168669,19,12,4,1,10.43
179,166020,19,21,5,1,26.7
180,172742,20,95,5,1,32.1
181,178568,20,125,4,1,8.73
182,177308,19,125,4,1,10.59
183,172747,20,91,5,1,12.68
184,168643,19,32,4,1,11.88
185,178586,20,105,4,1,9.7
186,166016,19,24,5,1,22.68
187,165999,19,28,5,1,27.64
188,168657,19,13,4,1,10.39
189,171703,19,93,5,1,25.84
190,165984,19,14,5,1,29.9
191,175450,19,115,5,1,22.57
192,171728,19,89,5,1,26.99
193,175458,19,130,5,1,16.82
194,165996,19,58,5,1,21.02
195,177310,19,126,4,1,10.53
196,171714,19,83,5,1,26.98
197,170416,20,26,4,1,10.05
198,166008,19,6,5,1,24.96
199,178573,20,120,4,1,9.57
200,175429,19,103,5,1,25.67
201,166010,19,11,5,1,25.9
202,175449,19,128,5,1,24.72
203,168647,19,9,4,1,11.71
204,173225,19,82,4,1,11.33
205,173240,19,97,4,1,12.09
206,168659,19,44,4,1,11.05
207,173231,19,67,4,1,10.35
208,168645,19,30,4,1,12.44
209,168635,19,56,4,1,14.02
210,176683,20,120,5,1,21.54
211,175453,19,131,5,1,20.46
212,166032,19,52,5,1,19.14
213,174273,20,72,4,1,11.87
214,176717,20,141,5,1,14.69
215,175421,19,108,5,1,27.06
216,174272,20,95,4,1,12.09
217,178570,20,126,4,1,8.74
218,166031,19,55,5,1,22.98
219,176707,20,113,5,1,18.71
220,173246,19,78,4,1,9.89
221,167761,20,26,5,1,23.95
222,174260,20,97,4,1,9.48
223,168642,19,43,4,1,12.26
224,174265,20,98,4,1,9.13
225,175427,19,112,5,1,25.3
226,172729,20,99,5,1,22.72
227,178596,20,139,4,1,9.13
228,170441,20,24,4,1,8.16
229,170440,20,18,4,1,8.69
230,178571,20,108,4,1,9.75
231,174277,20,91,4,1,7.97
232,170426,20,8,4,1,8.82
233,179438,20,1,5,1,19.86
234,175441,19,116,5,1,37.34
235,175442,19,118,5,1,32.69
236,178607,20,141,4,1,8.22
237,175451,19,132,5,1,24.45
238,176692,20,102,5,1,18.58
239,175452,19,121,5,1,22.95
240,173228,19,86,4,1,10.53
241,167784,20,12,5,1,21.36
242,166012,19,23,5,1,25.29
243,174270,20,90,4,1,7.85
244,165992,19,9,5,1,26.22
245,173245,19,98,4,1,10.76
246,172744,20,94,5,1,28.29
247,165975,19,22,5,1,33.12
248,177334,19,124,4,1,12.76
249,168664,19,10,4,1,9.86
250,166033,19,59,5,1,16.7
251,170401,20,29,4,1,10.9
252,165993,19,36,5,1,25.78
253,172720,20,74,5,1,23.41
254,175420,19,126,5,1,22.38
255,178580,20,110,4,1,8.6
256,174259,20,99,4,1,9.36
257,170412,20,43,4,1,9.97
258,167786,20,24,5,1,16.67
259,174276,20,85,4,1,8.03
260,179664,20,2,4,1,8.7
261,167753,20,40,5,1,25.22
262,168652,19,41,4,1,10.62
263,168662,19,53,4,1,10.26
264,176684,20,117,5,1,22.85
265,170418,20,36,4,1,9.4
266,165998,19,63,5,1,21.97
267,170402,20,38,4,1,9.9
268,168651,19,58,4,1,10.29
269,168653,19,63,4,1,10.59
270,176703,20,135,5,1,27.39
271,176704,20,124,5,1,30.26
272,167785,20,18,5,1,20.69
273,178575,20,109,4,1,9.46
274,178608,20,130,4,1,7.82
275,178590,20,106,4,1,12.41
276,177336,19,139,4,1,10.76
277,167768,20,63,5,1,17.96
278,176700,20,106,5,1,33.35
279,167759,20,42,5,1,22.32
280,172724,20,69,5,1,20.23
281,171700,19,74,5,1,28.16
282,173256,19,85,4,1,9.73
283,170419,20,49,4,1,8.87
284,172736,20,78,5,1,18.71
285,178597,20,113,4,1,8.39
286,168660,19,57,4,1,10.84
287,166025,19,35,5,1,25.01
288,173243,19,96,4,1,12.6
289,176713,20,131,5,1,16.8
290,170448,20,25,4,1,8.43
291,173248,19,92,4,1,9.74
292,168644,19,42,4,1,11.7
293,170431,20,17,4,1,8.77
294,168673,19,64,4,1,11.73
295,177330,19,106,4,1,14.31
296,179665,20,3,4,1,10.73
297,179291,19,4,5,1,22.84
298,175446,19,139,5,1,26.15
299,165982,19,60,5,1,31.91
300,170453,20,34,4,1,8.26
301,170433,20,6,4,1,8.41
302,166026,19,54,5,1,24.08
303,167765,20,45,5,1,19.95
304,175436,19,105,5,1,29.88
305,166006,19,17,5,1,27.58
306,178606,20,133,4,1,7.9
307,171698,19,86,5,1,22.38
308,165990,19,30,5,1,28.58
309,177307,19,122,4,1,11.33
310,168649,19,49,4,1,11.32
311,176679,20,114,5,1,19.89
312,167795,20,35,5,1,20.57
313,168646,19,26,4,1,12.5
314,179152,19,65,4,1,10.35
315,170421,20,58,4,1,8.66
316,178588,20,137,4,1,10.35
317,172716,20,84,5,1,18.37
318,168672,19,37,4,1,10.77
319,176706,20,139,5,1,21.89
320,179514,19,2,4,1,10.33
321,179289,19,2,5,1,25.3
322,168634,19,39,4,1,16.09
323,177331,19,116,4,1,15.0
324,167771,20,8,5,1,22.84
325,177337,19,113,4,1,9.89
326,179667,20,5,4,1,7.98
327,178591,20,116,4,1,13.2
328,171713,19,96,5,1,30.65
329,168678,19,25,4,1,9.94
330,175454,19,129,5,1,18.88
331,165980,19,56,5,1,35.39
332,167783,20,51,5,1,16.78
333,166018,19,64,5,1,26.77
334,175422,19,119,5,1,28.3
335,165989,19,42,5,1,26.69
336,170406,20,61,4,1,10.35
337,170455,20,50,4,1,7.61
338,175438,19,137,5,1,30.65
339,168665,19,11,4,1,10.14
340,168637,19,60,4,1,13.12
341,178598,20,100,4,1,8.08
342,179182,20,65,4,1,8.63
343,168683,19,34,4,1,9.79
344,172726,20,70,5,1,16.65
345,178601,20,132,4,1,8.14
346,172730,20,97,5,1,22.79
347,178602,20,121,4,1,8.27
348,165981,19,61,5,1,30.62
349,166029,19,46,5,1,20.59
350,171708,19,73,5,1,22.54
351,177335,19,123,4,1,11.41
352,177347,19,141,4,1,9.96
353,168631,19,29,4,1,12.67
354,177339,19,128,4,1,10.07
355,176701,20,116,5,1,36.08
356,170437,20,23,4,1,8.55
357,166004,19,44,5,1,27.68
358,174263,20,96,4,1,10.35
359,168677,19,47,4,1,10.25
360,165995,19,45,5,1,23.96
361,174250,20,74,4,1,9.46
362,177315,19,109,4,1,11.11
363,177342,19,121,4,1,9.79
364,174257,20,68,4,1,8.24
365,177341,19,132,4,1,9.74
366,168674,19,33,4,1,10.1
367,167745,20,22,5,1,30.28
368,167790,20,21,5,1,22.82
369,166019,19,33,5,1,25.64
370,175419,19,114,5,1,24.13
371,177346,19,133,4,1,9.55
372,177326,19,105,4,1,12.15
373,165983,19,40,5,1,29.89
374,172734,20,83,5,1,22.3
375,170429,20,44,4,1,9.4
376,175456,19,133,5,1,20.93
377,178572,20,119,4,1,9.83
378,167788,20,64,5,1,22.11
379,171719,19,81,5,1,22.95
380,177316,19,101,4,1,10.35
381,170420,20,45,4,1,8.94
382,168641,19,62,4,1,12.07
383,179442,20,5,5,1,13.8
384,167789,20,33,5,1,21.6
385,170442,20,37,4,1,8.9
386,173252,19,95,4,1,13.99
387,173253,19,72,4,1,13.72
388,167803,20,59,5,1,11.42
389,176680,20,126,5,1,18.58
390,176714,20,129,5,1,12.67
391,176694,20,140,5,1,22.72
392,175426,19,101,5,1,27.11
393,177322,19,102,4,1,9.88
394,176682,20,119,5,1,23.73
395,175447,19,113,5,1,22.06
396,168650,19,45,4,1,10.89
397,173233,19,93,4,1,10.78
398,178587,20,111,4,1,9.73
399,176705,20,123,5,1,22.3
400,175423,19,120,5,1,26.07
401,177325,19,138,4,1,11.74
402,176699,20,136,5,1,28.59
403,179439,20,2,5,1,19.92
404,170427,20,13,4,1,8.82
405,178576,20,101,4,1,8.75
406,178592,20,118,4,1,10.81
407,166000,19,27,5,1,28.67
408,176689,20,103,5,1,20.23
409,175431,19,104,5,1,22.63
410,174278,20,89,4,1,9.7
411,170444,20,33,4,1,8.43
412,167800,20,50,5,1,12.54
413,176718,20,130,5,1,11.51
414,170428,20,20,4,1,8.65
415,171725,19,66,5,1,20.62
416,176712,20,121,5,1,18.96
417,168639,19,14,4,1,12.09
418,176691,20,104,5,1,16.65
419,178581,20,104,4,1,8.18
420,170439,20,12,4,1,8.82
421,171706,19,70,5,1,22.63
422,178605,20,127,4,1,8.27
423,166003,19,20,5,1,24.93
424,172731,20,71,5,1,25.36
425,170407,20,60,4,1,11.13
426,174261,20,71,4,1,9.7
427,175418,19,125,5,1,22.24
428,179663,20,1,4,1,9.1
429,170434,20,10,4,1,8.23
430,171720,19,90,5,1,20.46
431,176711,20,132,5,1,19.65
432,173236,19,70,4,1,9.83
433,172732,20,76,5,1,24.75
434,170422,20,41,4,1,8.71
435,172737,20,87,5,1,20.3
436,171710,19,97,5,1,27.68
437,168680,19,35,4,1,9.95
438,177338,19,100,4,1,9.4
439,168682,19,7,4,1,9.39
440,166014,19,12,5,1,26.37
441,167794,20,31,5,1,18.69
442,165985,19,19,5,1,29.2
443,173239,19,99,4,1,10.94
444,167751,20,61,5,1,26.48
445,171712,19,76,5,1,29.27
446,173257,19,91,4,1,9.71
447,167762,20,9,5,1,21.92
448,167760,20,30,5,1,23.99
449,168688,19,59,4,1,9.6
450,168656,19,8,4,1,10.41
451,175439,19,136,5,1,31.8
452,177345,19,127,4,1,10.06
453,168670,19,18,4,1,10.32
454,177348,19,130,4,1,9.57
455,167749,20,39,5,1,38.71
456,173230,19,74,4,1,11.11
457,175417,19,122,5,1,23.12
458,175424,19,117,5,1,27.66
459,177311,19,108,4,1,12.08
460,171699,19,80,5,1,27.66
461,171696,19,84,5,1,22.24
462,170446,20,48,4,1,8.76
463,176697,20,111,5,1,24.75
464,168686,19,55,4,1,9.85
465,173254,19,94,4,1,12.13
466,175432,19,102,5,1,24.26
467,175437,19,111,5,1,29.27
468,173255,19,66,4,1,9.51
469,176686,20,101,5,1,22.28
470,179515,19,3,4,1,12.83
471,167752,20,60,5,1,28.73
472,177321,19,104,4,1,9.83
473,176677,20,122,5,1,18.23
474,178589,20,136,4,1,11.1
475,179440,20,3,5,1,28.02
476,178585,20,138,4,1,9.48
477,167801,20,55,5,1,17.64
478,167755,20,19,5,1,24.66
479,167750,20,56,5,1,33.37
480,170413,20,32,4,1,9.76
481,166001,19,8,5,1,27.47
482,176695,20,138,5,1,22.79
483,168648,19,36,4,1,11.71
484,178599,20,128,4,1,8.51
485,167772,20,13,5,1,21.69
486,165977,19,38,5,1,30.54
487,175448,19,100,5,1,19.33
488,178579,20,103,4,1,8.49
489,168655,19,27,4,1,11.15
490,167775,20,57,5,1,20.74
491,174251,20,67,4,1,8.75
492,179516,19,4,4,1,9.9
493,178582,20,102,4,1,8.24
494,170430,20,57,4,1,9.18
495,172733,20,96,5,1,26.5
496,172718,20,86,5,1,18.58
497,168668,19,51,4,1,9.78
498,172738,20,92,5,1,19.65
499,170405,20,56,4,1,12.25
500,166002,19,13,5,1,26.43
501,166007,19,53,5,1,27.05
502,173242,19,76,4,1,11.98
503,170445,20,21,4,1,8.86
504,167770,20,27,5,1,24.17
505,173247,19,87,4,1,10.07
506,173232,19,77,4,1,10.29
507,175445,19,123,5,1,26.98
508,177332,19,118,4,1,12.57
509,167777,20,53,5,1,22.12
510,167779,20,10,5,1,18.96
511,167778,20,6,5,1,19.48
512,167767,20,41,5,1,18.97
513,176698,20,137,5,1,26.5
514,167797,20,7,5,1,16.82
515,171727,19,91,5,1,17.97
516,173238,19,73,4,1,9.75
517,167782,20,23,5,1,19.85
518,173235,19,75,4,1,10.24
519,174271,20,88,4,1,7.61
520,167793,20,25,5,1,18.71
521,170432,20,53,4,1,8.64
522,177328,19,137,4,1,12.6
523,172740,20,90,5,1,16.8
524,171718,19,92,5,1,24.45
525,172723,20,93,5,1,20.59
526,167802,20,52,5,1,13.77
527,177324,19,140,4,1,12.17
528,166017,19,37,5,1,26.0
529,178584,20,140,4,1,9.36
530,170408,20,40,4,1,9.75
531,179290,19,3,5,1,31.61
532,172745,20,66,5,1,17.46
533,172719,20,80,5,1,22.85
534,178603,20,131,4,1,7.85
535,166022,19,47,5,1,25.0
536,166024,19,31,5,1,22.24
537,165979,19,39,5,1,39.15
538,167763,20,36,5,1,21.49
539,166009,19,10,5,1,24.7
540,170456,20,55,4,1,8.11
541,168658,19,20,4,1,10.26
542,177333,19,135,4,1,11.85
543,176696,20,105,5,1,25.36
544,172717,20,79,5,1,19.89
545,177313,19,120,4,1,9.82
546,176710,20,115,5,1,19.03
547,170457,20,52,4,1,8.05
548,172721,20,67,5,1,22.28
549,165991,19,26,5,1,28.41
550,166028,19,34,5,1,23.12
551,177314,19,117,4,1,11.63
552,167746,20,29,5,1,29.27
553,172743,20,72,5,1,31.96
554,170423,20,63,4,1,8.66
555,178577,20,112,4,1,8.69
556,165997,19,41,5,1,22.89
557,166027,19,7,5,1,19.78
558,179107,19,65,5,1,23.47
559,174253,20,93,4,1,9.12
560,167756,20,62,5,1,22.25
561,170452,20,7,4,1,8.06
562,173226,19,84,4,1,10.59
563,170410,20,19,4,1,9.71
564,170450,20,35,4,1,8.38
565,169514,18,59,4,1,9.8
566,173704,18,86,4,1,10.29
567,176043,18,127,5,1,15.45
568,221870,18,73,6,1,37.08
569,172200,18,94,5,1,26.55
570,169467,18,62,4,1,10.61
571,222566,18,124,6,1,26.44
572,222494,18,102,6,1,34.28
573,173705,18,80,4,1,11.69
574,222626,18,129,6,1,40.3
575,177935,18,141,4,1,10.12
576,173733,18,91,4,1,9.9
577,221840,18,93,6,1,32.29
578,173709,18,93,4,1,10.87
579,172203,18,91,5,1,9.49
580,177924,18,139,4,1,10.77
581,222422,18,126,6,1,35.44
582,219992,18,5,6,1,33.77
583,176022,18,140,5,1,19.53
584,169493,18,23,4,1,10.22
585,173728,18,95,4,1,13.01
586,173729,18,72,4,1,12.92
587,173706,18,74,4,1,11.12
588,173717,18,71,4,1,10.85
589,172198,18,95,5,1,31.46
590,169459,18,15,4,1,12.53
591,173707,18,67,4,1,10.41
592,166807,18,61,5,1,23.57
593,169479,18,63,4,1,10.12
594,173718,18,76,4,1,11.01
595,173721,18,98,4,1,10.77
596,169474,18,36,4,1,10.62
597,177915,18,111,4,1,10.63
598,222554,18,118,6,1,27.85
599,176005,18,122,5,1,14.76
600,166829,18,20,5,1,16.12
601,172199,18,72,5,1,31.0
602,169506,18,35,4,1,10.08
603,172174,18,86,5,1,16.09
604,169508,18,7,4,1,9.81
605,221804,18,79,6,1,34.08
606,169462,18,61,4,1,11.44
607,169464,18,40,4,1,10.89
608,222620,18,131,6,1,34.81
609,169484,18,20,4,1,10.38
610,172185,18,99,5,1,19.53
611,172183,18,68,5,1,14.96
612,169488,18,53,4,1,10.28
613,169478,18,41,4,1,10.17
614,172172,18,84,5,1,16.25
615,221924,18,87,6,1,33.3
616,221888,18,71,6,1,31.71
617,172204,18,89,5,1,18.99
618,222452,18,109,6,1,30.66
619,166823,18,41,5,1,16.52
620,166835,18,10,5,1,15.26
621,177927,18,128,4,1,10.2
622,166833,18,53,5,1,18.77
623,166856,18,50,5,1,8.11
624,176018,18,110,5,1,16.92
625,166803,18,38,5,1,24.26
626,172195,18,81,5,1,16.21
627,169477,18,58,4,1,10.27
628,169465,18,14,4,1,10.8
629,173703,18,79,4,1,10.35
630,176006,18,125,5,1,16.25
631,177901,18,120,4,1,9.49
632,169469,18,32,4,1,11.22
633,216347,18,62,6,1,32.81
634,179362,18,5,5,1,10.64
635,216407,18,58,6,1,35.97
636,166811,18,19,5,1,21.13
637,177926,18,100,4,1,9.84
638,216281,18,22,6,1,26.63
639,176021,18,107,5,1,12.25
640,216431,18,27,6,1,30.22
641,216305,18,39,6,1,22.53
642,222548,18,116,6,1,24.05
643,179360,18,3,5,1,25.83
644,176010,18,119,5,1,20.12
645,176042,18,129,5,1,8.25
646,222572,18,123,6,1,33.91
647,169490,18,10,4,1,9.99
648,222602,18,115,6,1,33.38
649,222608,18,132,6,1,34.15
650,216293,18,38,6,1,28.81
651,221948,18,88,6,1,40.3
652,177936,18,130,4,1,9.78
653,169476,18,45,4,1,10.42
654,176011,18,120,5,1,17.94
655,166828,18,13,5,1,18.39
656,166859,18,59,5,1,8.03
657,221864,18,68,6,1,34.28
658,166824,18,63,5,1,15.7
659,221876,18,99,6,1,32.28
660,177904,18,101,4,1,10.41
661,176029,18,116,5,1,36.74
662,166830,18,44,5,1,19.35
663,166846,18,21,5,1,20.2
664,166806,18,56,5,1,33.13
665,166818,18,9,5,1,18.82
666,216467,18,17,6,1,31.48
667,216605,18,46,6,1,34.95
668,177916,18,137,4,1,11.44
669,166825,18,28,5,1,19.46
670,221858,18,70,6,1,36.6
671,172180,18,69,5,1,16.65
672,219974,18,2,6,1,33.89
673,177932,18,129,4,1,9.41
674,222632,18,127,6,1,31.06
675,173710,18,69,4,1,10.2
676,177923,18,123,4,1,11.18
677,169507,18,54,4,1,9.72
678,177921,18,135,4,1,11.54
679,173734,18,89,4,1,11.02
680,216395,18,49,6,1,33.77
681,176033,18,123,5,1,18.77
682,216611,18,50,6,1,40.4
683,166836,18,11,5,1,17.0
684,222596,18,128,6,1,33.3
685,176012,18,117,5,1,19.39
686,166834,18,6,5,1,16.03
687,222524,18,111,6,1,32.25
688,222428,18,108,6,1,33.42
689,176019,18,104,5,1,12.43
690,173726,18,90,4,1,9.61
691,166831,18,57,5,1,17.21
692,179585,18,3,4,1,11.85
693,169491,18,11,4,1,10.2
694,169494,18,51,4,1,9.9
695,179166,18,65,4,1,10.31
696,169509,18,34,4,1,9.98
697,222404,18,122,6,1,33.72
698,176023,18,138,5,1,18.91
699,216377,18,26,6,1,32.89
700,169460,18,39,4,1,14.8
701,221798,18,84,6,1,35.09
702,221882,18,97,6,1,32.66
703,169495,18,12,4,1,10.51
704,177896,18,125,4,1,10.23
705,222470,18,134,6,1,32.29
706,166844,18,64,5,1,18.71
707,172188,18,76,5,1,21.24
708,221828,18,67,6,1,32.12
709,221954,18,95,6,1,26.81
710,222506,18,140,6,1,32.28
711,216389,18,36,6,1,33.53
712,177909,18,104,4,1,9.95
713,177902,18,117,4,1,11.69
714,176020,18,102,5,1,14.96
715,172186,18,97,5,1,18.91
716,221816,18,80,6,1,32.73
717,216515,18,12,6,1,33.19
718,172196,18,90,5,1,14.32
719,216371,18,30,6,1,33.02
720,172193,18,87,5,1,17.24
721,179358,18,1,5,1,17.02
722,166855,18,46,5,1,14.35
723,176008,18,126,5,1,16.09
724,219986,18,4,6,1,34.5
725,176036,18,100,5,1,14.59
726,177913,18,138,4,1,10.45
727,222542,18,106,6,1,26.0
728,222434,18,119,6,1,33.23
729,166822,18,58,5,1,15.29
730,222560,18,135,6,1,28.41
731,216311,18,56,6,1,25.46
732,166816,18,30,5,1,20.36
733,176034,18,139,5,1,18.85
734,169501,18,21,4,1,10.47
735,173712,18,70,4,1,9.95
736,177914,18,105,4,1,10.85
737,222464,18,112,6,1,33.97
738,222530,18,137,6,1,30.17
739,216443,18,13,6,1,32.9
740,216551,18,21,6,1,32.91
741,216629,18,59,6,1,35.26
742,176039,18,132,5,1,16.3
743,176040,18,121,5,1,16.21
744,222512,18,138,6,1,32.66
745,166813,18,43,5,1,19.14
746,176031,18,135,5,1,25.28
747,169473,18,9,4,1,10.77
748,166821,18,45,5,1,17.1
749,176035,18,113,5,1,16.49
750,176013,18,109,5,1,20.18
751,176024,18,105,5,1,21.81
752,166810,18,14,5,1,21.94
753,177903,18,109,4,1,11.12
754,169513,18,52,4,1,9.97
755,179587,18,5,4,1,9.9
756,216569,18,25,6,1,34.48
757,221942,18,90,6,1,34.81
758,166815,18,42,5,1,18.97
759,216533,18,37,6,1,34.55
760,173715,18,99,4,1,11.02
761,177906,18,134,4,1,10.87
762,216623,18,52,6,1,33.7
763,173713,18,68,4,1,10.03
764,222578,18,139,6,1,33.58
765,216545,18,33,6,1,33.72
766,222590,18,100,6,1,33.84
767,221966,18,94,6,1,27.79
768,221978,18,85,6,1,32.42
769,176041,18,131,5,1,14.32
770,169489,18,6,4,1,10.19
771,166858,18,52,5,1,10.74
772,166857,18,55,5,1,14.62
773,172178,18,77,5,1,16.61
774,216539,18,64,6,1,33.81
775,166817,18,26,5,1,20.62
776,166843,18,37,5,1,17.79
777,222476,18,103,6,1,33.35
778,172189,18,96,5,1,23.58
779,172190,18,83,5,1,18.77
780,219968,18,1,6,1,34.61
781,216557,18,48,6,1,33.69
782,216449,18,20,6,1,34.35
783,173714,18,73,4,1,9.89
784,216581,18,35,6,1,33.2
785,166845,18,33,5,1,18.7
786,166808,18,60,5,1,26.96
787,172184,18,73,5,1,12.25
788,177920,18,118,4,1,12.1
789,216527,18,24,6,1,36.58
790,216521,18,18,6,1,33.63
791,169492,18,16,4,1,9.86
792,221990,18,89,6,1,34.02
793,221936,18,81,6,1,33.78
794,216365,18,42,6,1,33.72
795,166802,18,29,5,1,27.46
796,222488,18,104,6,1,36.6
797,216353,18,43,6,1,33.99
798,173702,18,84,4,1,10.23
799,173730,18,94,4,1,11.76
800,173716,18,97,4,1,10.64
801,173723,18,87,4,1,10.2
802,173701,18,82,4,1,10.15
803,216287,18,29,6,1,27.74
804,172197,18,88,5,1,8.25
805,216503,18,23,6,1,33.48
806,216497,18,16,6,1,37.9
807,222410,18,125,6,1,35.09
808,172202,18,85,5,1,13.35
809,222518,18,105,6,1,31.71
810,166809,18,40,5,1,21.51
811,216575,18,31,6,1,33.05
812,169470,18,42,4,1,10.7
813,166832,18,17,5,1,19.65
814,166812,18,62,5,1,18.37
815,169481,18,27,4,1,11.12
816,216437,18,8,6,1,31.57
817,169511,18,50,4,1,9.41
818,172173,18,79,5,1,17.13
819,172192,18,78,5,1,16.48
820,169456,18,22,4,1,12.25
821,216413,18,41,6,1,34.96
822,216401,18,45,6,1,34.87
823,222638,18,133,6,1,33.14
824,216329,18,40,6,1,31.63
825,166826,18,27,5,1,21.17
826,221912,18,98,6,1,33.58
827,216593,18,7,6,1,33.89
828,166814,18,32,5,1,17.78
829,216617,18,55,6,1,31.52
830,216359,18,32,6,1,35.25
831,166852,18,54,5,1,15.49
832,166820,18,49,5,1,14.81
833,166804,18,15,5,1,28.92
834,172187,18,71,5,1,21.81
835,222458,18,101,6,1,32.12
836,177918,18,106,4,1,13.33
837,179583,18,1,4,1,10.51
838,179584,18,2,4,1,10.42
839,173708,18,77,4,1,10.41
840,177910,18,102,4,1,10.03
841,166849,18,25,5,1,16.44
842,216383,18,9,6,1,33.75
843,177925,18,113,4,1,10.07
844,216425,18,28,6,1,32.67
845,173719,18,96,4,1,11.44
846,222536,18,136,6,1,29.24
847,169503,18,47,4,1,10.33
848,216317,18,61,6,1,30.16
849,216323,18,60,6,1,29.16
850,216491,18,11,6,1,33.11
851,169483,18,13,4,1,10.49
852,177931,18,131,4,1,9.61
853,221846,18,69,6,1,33.35
854,166827,18,8,5,1,19.68
855,166842,18,24,5,1,12.42
856,172182,18,70,5,1,12.43
857,169458,18,38,4,1,11.35
858,169499,18,64,4,1,11.7
859,169497,18,24,4,1,9.93
860,222650,18,130,6,1,35.27
861,173725,18,81,4,1,9.98
862,166847,18,48,5,1,17.04
863,177912,18,140,4,1,12.31
864,166840,18,12,5,1,17.92
865,169482,18,8,4,1,10.47
866,221834,18,77,6,1,33.97
867,221900,18,96,6,1,30.17
868,169496,18,18,4,1,10.39
869,216461,18,57,6,1,32.21
870,172176,18,74,5,1,20.18
871,222584,18,113,6,1,34.46
872,173720,18,83,4,1,11.18
873,172191,18,98,5,1,18.85
874,222644,18,141,6,1,32.76
875,216299,18,15,6,1,27.89
876,222416,18,114,6,1,34.08
877,176045,18,141,5,1,11.78
878,216563,18,47,6,1,32.45
879,169505,18,31,4,1,9.93
880,216455,18,44,6,1,30.97
881,169472,18,26,4,1,11.2
882,176038,18,115,5,1,16.63
883,219695,18,65,6,1,33.83
884,221972,18,66,6,1,33.66
885,172194,18,92,5,1,16.3
886,176044,18,133,5,1,12.22
887,166851,18,35,5,1,17.52
888,179121,18,65,5,1,15.77
889,166853,18,7,5,1,14.96
890,222446,18,117,6,1,32.73
891,169504,18,25,4,1,10.11
892,166848,18,47,5,1,18.52
893,169486,18,57,4,1,10.93
894,169485,18,44,4,1,11.1
895,169461,18,56,4,1,13.22
896,177934,18,133,4,1,9.78
897,169475,18,49,4,1,10.14
898,166850,18,31,5,1,16.29
899,176015,18,112,5,1,16.61
900,176026,18,137,5,1,23.58
901,221852,18,75,6,1,33.38
902,166837,18,16,5,1,10.96
903,166838,18,23,5,1,16.21
904,166839,18,51,5,1,12.62
905,169510,18,46,4,1,9.63
906,169512,18,55,4,1,9.98
907,169500,18,33,4,1,10.04
908,176009,18,108,5,1,19.41
909,222500,18,107,6,1,37.08
910,176014,18,101,5,1,19.0
911,169463,18,60,4,1,12.17
912,172171,18,82,5,1,14.76
913,222440,18,120,6,1,34.98
914,169468,18,43,4,1,11.32
915,169457,18,29,4,1,12.15
916,172181,18,75,5,1,16.92
917,177928,18,115,4,1,9.92
918,169502,18,48,4,1,10.48
919,173722,18,78,4,1,10.07
920,173724,18,92,4,1,9.86
921,221822,18,74,6,1,30.66
922,172175,18,80,5,1,19.39
923,221792,18,82,6,1,33.72
924,219980,18,3,6,1,29.21
925,179361,18,4,5,1,15.84
926,166801,18,22,5,1,29.25
927,169471,18,30,4,1,11.14
928,177897,18,114,4,1,10.35
929,177919,18,116,4,1,13.98
930,177899,18,108,4,1,11.01
931,177929,18,132,4,1,9.86
932,177930,18,121,4,1,9.98
933,176030,18,118,5,1,27.33
934,216341,18,19,6,1,32.3
935,222614,18,121,6,1,33.78
936,216587,18,54,6,1,34.79
937,177908,18,110,4,1,10.28
938,166854,18,34,5,1,16.28
939,176025,18,111,5,1,21.24
940,176046,18,130,5,1,8.15
941,166805,18,39,5,1,40.34
942,221984,18,91,6,1,34.34
943,216485,18,10,6,1,34.91
944,216479,18,6,6,1,32.99
945,169487,18,17,4,1,10.4
946,216599,18,34,6,1,33.94
947,222482,18,110,6,1,33.38
948,221960,18,72,6,1,26.62
949,177907,18,103,4,1,10.2
950,176017,18,103,5,1,16.65
951,221810,18,86,6,1,35.44
952,172177,18,67,5,1,19.0
953,221894,18,76,6,1,32.25
954,176027,18,136,5,1,26.79
955,176016,18,134,5,1,17.13
956,176037,18,128,5,1,17.24
957,221918,18,78,6,1,34.46
958,169466,18,19,4,1,10.99
959,172201,18,66,5,1,15.41
960,176007,18,114,5,1,17.13
961,177922,18,124,4,1,12.25
962,177900,18,119,4,1,11.03
963,176028,18,106,5,1,32.85
964,177898,18,126,4,1,10.29
965,216509,18,51,6,1,36.83
966,176032,18,124,5,1,29.32
967,173727,18,88,4,1,9.41
968,173731,18,66,4,1,9.87
969,169480,18,28,4,1,11.78
970,177911,18,107,4,1,9.89
971,166819,18,36,5,1,18.61
972,172179,18,93,5,1,17.13
973,177917,18,136,4,1,12.14
974,216419,18,63,6,1,35.02
975,169498,18,37,4,1,10.46
976,177895,18,122,4,1,10.15
977,221930,18,92,6,1,34.15
978,221906,18,83,6,1,33.91
979,177905,18,112,4,1,9.73
980,177933,18,127,4,1,10.13
981,216335,18,14,6,1,31.8
982,173711,18,75,4,1,10.28
983,216473,18,53,6,1,32.11
984,173732,18,85,4,1,9.9
985,166841,18,18,5,1,16.97
986,179359,18,2,5,1,16.27
987,179586,18,4,4,1,10.06
988,518679,17,100,11,1,2.0
989,518669,17,137,11,1,3.1
990,518518,17,104,9,1,98.8
991,518849,17,101,14,1,17.73841928
992,518838,17,4,14,1,11.06004901
993,518756,17,103,15,1,42.14091277
994,518926,17,127,7,1,85.93689863
995,518680,17,128,11,1,3.6
996,518730,17,132,13,1,4.1
997,518868,17,123,14,1,11.37739651
998,518527,17,106,9,1,75.7
999,518593,17,130,10,1,18.6
1000,518955,17,105,8,1,116.4198649
1001,518732,17,131,13,1,4.3
1002,518632,17,128,12,1,14.6
1003,518556,17,108,10,1,138.1
1004,518691,17,1,13,1,5.0
1005,518659,17,134,11,1,5.2
1006,518872,17,128,14,1,11.23713753
1007,518511,17,117,9,1,50.5
1008,518781,17,129,15,1,49.49285297
1009,518572,17,111,10,1,154.9
1010,518550,17,4,10,1,30.3
1011,518957,17,137,8,1,23.48917975
1012,518880,17,141,14,1,14.0487494
1013,518862,17,136,14,1,9.18145178
1014,518622,17,136,12,1,7.6
1015,518720,17,116,13,1,3.4
1016,518949,17,110,8,1,49.92977402
1017,518896,17,109,7,1,76.92788325
1018,518682,17,132,11,1,4.1
1019,518598,17,4,12,1,15.5
1020,518870,17,113,14,1,9.199638652
1021,518672,17,116,11,1,1.7
1022,518820,17,123,16,1,9.751318103
1023,518588,17,131,10,1,35.8
1024,518563,17,134,10,1,33.1
1025,518978,17,65,8,1,42.2
1026,518708,17,103,13,1,5.0
1027,518946,17,112,8,1,84.9497052
1028,518524,17,111,9,1,261.6
1029,518690,17,65,11,1,6.6
1030,518536,17,128,9,1,57.6
1031,518821,17,139,16,1,7.460491974
1032,518721,17,118,13,1,2.8
1033,518716,17,111,13,1,5.3
1034,518515,17,134,9,1,49.9
1035,518584,17,128,10,1,19.5
1036,518797,17,119,16,1,23.46340586
1037,518842,17,114,14,1,14.53239135
1038,518627,17,124,12,1,6.2
1039,518961,17,118,8,1,7.241535058
1040,518609,17,101,12,1,44.8
1041,518907,17,105,7,1,253.1391925
1042,518516,17,103,9,1,24.0
1043,518513,17,101,9,1,213.9
1044,518809,17,140,16,1,15.93933114
1045,518704,17,109,13,1,4.3
1046,518857,17,140,14,1,19.2025655
1047,518969,17,115,8,1,16.72384887
1048,518894,17,120,7,1,233.1883706
1049,518700,17,108,13,1,3.4
1050,518950,17,104,8,1,35.08046439
1051,518601,17,125,12,1,42.4
1052,518776,17,128,15,1,39.00572246
1053,518814,17,136,16,1,8.379345245
1054,518906,17,138,7,1,111.5954116
1055,518901,17,110,7,1,102.3744078
1056,518823,17,100,16,1,6.965866869
1057,518625,17,118,12,1,5.4
1058,518802,17,112,16,1,13.9632727
1059,518624,17,116,12,1,9.0
1060,518750,17,120,15,1,46.50870591
1061,518826,17,132,16,1,8.270583785
1062,518733,17,129,13,1,9.4
1063,518766,17,136,15,1,43.36652158
1064,518658,17,112,11,1,11.7
1065,518654,17,120,11,1,19.4
1066,518685,17,129,11,1,7.6
1067,518827,17,121,16,1,9.847395096
1068,518605,17,119,12,1,48.7
1069,518535,17,100,9,1,19.5
1070,518735,17,133,13,1,7.9
1071,518738,17,65,13,1,5.0
1072,518687,17,133,11,1,8.6
1073,518937,17,125,8,1,57.70227751
1074,518819,17,124,16,1,6.081365832
1075,518921,17,115,7,1,38.05502612
1076,518509,17,119,9,1,248.9
1077,518786,17,65,15,1,40.6
1078,518959,17,106,8,1,28.51662181
1079,518712,17,107,13,1,8.0
1080,518916,17,123,7,1,48.83048403
1081,518864,17,116,14,1,12.08386218
1082,518844,17,108,14,1,18.08998516
1083,518962,17,135,8,1,36.21213861
1084,518759,17,102,15,1,41.31706476
1085,518662,17,104,11,1,6.5
1086,518728,17,128,13,1,6.0
1087,518954,17,138,8,1,40.42294826
1088,518631,17,100,12,1,8.3
1089,518763,17,105,15,1,53.0944192
1090,518828,17,131,16,1,6.918949831
1091,518807,17,102,16,1,8.863739737
1092,518977,17,130,8,1,12.31857041
1093,518970,17,132,8,1,23.61928208
1094,518963,17,124,8,1,24.13790062
1095,518787,17,1,16,1,17.97804125
1096,518943,17,117,8,1,26.90719521
1097,518971,17,121,8,1,39.60036788
1098,518964,17,123,8,1,25.08509515
1099,518581,17,139,10,1,18.1
1100,518928,17,141,7,1,26.74282016
1101,518650,17,114,11,1,15.0
1102,518892,17,108,7,1,214.1413502
1103,518965,17,139,8,1,13.56326935
1104,518692,17,2,13,1,5.2
1105,518834,17,65,16,1,11.7
1106,518754,17,112,15,1,38.56752214
1107,518562,17,112,10,1,115.2
1108,518918,17,113,7,1,29.26451621
1109,518806,17,104,16,1,11.06609873
1110,518573,17,137,10,1,26.9
1111,518686,17,127,11,1,9.8
1112,518533,17,139,9,1,62.0
1113,518881,17,130,14,1,11.39385897
1114,518731,17,121,13,1,5.4
1115,518569,17,140,10,1,120.8
1116,518629,17,139,12,1,11.0
1117,518718,17,136,13,1,4.3
1118,518737,17,130,13,1,7.2
1119,518800,17,109,16,1,10.2395858
1120,518745,17,125,15,1,47.87341656
1121,518932,17,2,8,1,44.16734968
1122,518566,17,104,10,1,52.2
1123,518543,17,133,9,1,94.8
1124,518617,17,140,12,1,33.4
1125,518521,17,140,9,1,196.9
1126,518811,17,105,16,1,16.51888213
1127,518975,17,133,8,1,39.58801033
1128,518777,17,115,15,1,35.21820928
1129,518924,17,131,7,1,53.8463865
1130,518878,17,127,14,1,12.48938167
1131,518577,17,118,10,1,7.7
1132,518948,17,103,8,1,11.19447017
1133,518871,17,100,14,1,8.655823604
1134,518742,17,4,15,1,32.76291581
1135,518637,17,129,12,1,18.0
1136,518553,17,125,10,1,81.9
1137,518558,17,120,10,1,146.8
1138,518854,17,104,14,1,13.05878036
1139,518848,17,109,14,1,15.67040675
1140,518505,17,125,9,1,184.4
1141,518793,17,125,16,1,14.23858546
1142,518942,17,120,8,1,130.5921768
1143,518902,17,104,7,1,70.94889216
1144,518897,17,101,7,1,164.7908194
1145,518618,17,138,12,1,19.1
1146,518890,17,114,7,1,191.4007601
1147,518856,17,107,14,1,15.00956468
1148,518678,17,113,11,1,2.6
1149,518968,17,128,8,1,14.54482954
1150,518530,17,135,9,1,127.0
1151,518922,17,132,7,1,60.9503606
1152,518508,17,108,9,1,234.9
1153,518587,17,121,10,1,61.5
1154,518526,17,136,9,1,26.2
1155,518506,17,114,9,1,232.6
1156,518830,17,127,16,1,13.96980925
1157,518903,17,102,7,1,18.08516144
1158,518646,17,4,11,1,4.0
1159,518938,17,114,8,1,77.59118521
1160,518765,17,137,15,1,44.14802989
1161,518602,17,114,12,1,51.0
1162,518670,17,136,11,1,1.3
1163,518661,17,110,11,1,7.2
1164,518652,17,108,11,1,15.8
1165,518620,17,111,12,1,47.3
1166,518596,17,2,12,1,21.3
1167,518945,17,101,8,1,91.18329162
1168,518641,17,130,12,1,6.4
1169,518822,17,113,16,1,8.850106634
1170,518545,17,130,9,1,29.0
1171,518633,17,115,12,1,11.9
1172,518824,17,128,16,1,10.67828031
1173,518576,17,116,10,1,22.5
1174,518931,17,1,8,1,83.69968379
1175,518614,17,104,12,1,22.5
1176,518676,17,123,11,1,4.3
1177,518554,17,114,10,1,99.5
1178,518865,17,118,14,1,7.287549969
1179,518958,17,136,8,1,7.980573045
1180,518930,17,65,7,1,97.8
1181,518845,17,119,14,1,17.83250599
1182,518859,17,105,14,1,16.21187943
1183,518626,17,135,12,1,14.1
1184,518567,17,102,10,1,14.5
1185,518929,17,130,7,1,19.59340061
1186,518726,17,113,13,1,5.9
1187,518688,17,141,11,1,3.6
1188,518840,17,122,14,1,14.01077835
1189,518956,17,111,8,1,129.6348376
1190,518858,17,138,14,1,13.99667126
1191,518522,17,138,9,1,126.2
1192,518910,17,136,7,1,24.43933226
1193,518642,17,65,12,1,24.0
1194,518792,17,122,16,1,13.82867032
1195,518644,17,2,11,1,6.9
1196,518960,17,116,8,1,23.95759219
1197,518951,17,102,8,1,10.40504288
1198,518877,17,129,14,1,13.87415099
1199,518839,17,5,14,1,12.39301768
1200,518941,17,119,8,1,117.3822944
1201,518810,17,138,16,1,10.48349957
1202,518546,17,65,9,1,118.8
1203,518875,17,121,14,1,14.390081
1204,518825,17,115,16,1,8.061807535
1205,518736,17,141,13,1,9.8
1206,518660,17,103,11,1,2.6
1207,518836,17,2,14,1,14.80425168
1208,518933,17,3,8,1,40.83055572
1209,518571,17,105,10,1,136.2
1210,518853,17,110,14,1,13.42158382
1211,518874,17,132,14,1,13.30111392
1212,518835,17,1,14,1,15.4880937
1213,518723,17,124,13,1,2.5
1214,518694,17,4,13,1,4.9
1215,518549,17,3,10,1,46.5
1216,518887,17,5,7,1,45.43464648
1217,518722,17,135,13,1,4.7
1218,518592,17,141,10,1,21.6
1219,518972,17,131,8,1,21.88806353
1220,518564,17,103,10,1,15.1
1221,518574,17,136,10,1,8.8
1222,518561,17,101,10,1,124.3
1223,518879,17,133,14,1,12.73708031
1224,518895,17,117,7,1,43.51844704
1225,518876,17,131,14,1,11.22056534
1226,518557,17,119,10,1,134.5
1227,518525,17,137,9,1,69.6
1228,518578,17,135,10,1,40.9
1229,518710,17,104,13,1,5.9
1230,518837,17,3,14,1,12.26170084
1231,518909,17,137,7,1,63.92992627
1232,518803,17,134,16,1,9.429039483
1233,518799,17,117,16,1,8.229990808
1234,518920,17,128,7,1,43.5507136
1235,518852,17,103,14,1,13.91853033
1236,518855,17,102,14,1,11.12082675
1237,518531,17,124,9,1,55.3
1238,518899,17,134,7,1,45.54423585
1239,518589,17,129,10,1,72.6
1240,518651,17,126,11,1,10.5
1241,518648,17,122,11,1,5.8
1242,518935,17,5,8,1,26.1547676
1243,518863,17,106,14,1,11.78887397
1244,518767,17,106,15,1,40.18420814
1245,518785,17,130,15,1,44.6829589
1246,518753,17,101,15,1,45.49882227
1247,518752,17,109,15,1,36.04139157
1248,518784,17,141,15,1,57.15477127
1249,518757,17,110,15,1,37.27554943
1250,518748,17,108,15,1,42.57725079
1251,518746,17,114,15,1,43.53766932
1252,518764,17,111,15,1,57.85056369
1253,518540,17,131,9,1,83.8
1254,518780,17,131,15,1,27.36213921
1255,518638,17,127,12,1,22.3
1256,518893,17,119,7,1,232.5439857
1257,518621,17,137,12,1,9.1
1258,518507,17,126,9,1,164.3
1259,518615,17,102,12,1,4.7
1260,518570,17,138,10,1,47.2
1261,518751,17,117,15,1,37.07752305
1262,518772,17,123,15,1,31.59339159
1263,518580,17,123,10,1,31.2
1264,518939,17,126,8,1,58.77821891
1265,518711,17,102,13,1,6.5
1266,518775,17,100,15,1,28.43410861
1267,518514,17,112,9,1,182.4
1268,518953,17,140,8,1,97.15222812
1269,518851,17,134,14,1,11.74644053
1270,518966,17,113,8,1,9.559987004
1271,518653,17,119,11,1,16.1
1272,518657,17,101,11,1,12.4
1273,518860,17,111,14,1,20.68763035
1274,518697,17,125,13,1,6.6
1275,518744,17,122,15,1,69.36355194
1276,518952,17,107,8,1,17.9417154
1277,518630,17,113,12,1,8.8
1278,518512,17,109,9,1,87.6
1279,518671,17,106,11,1,3.4
1280,518591,17,133,10,1,59.3
1281,518696,17,122,13,1,10.5
1282,518600,17,122,12,1,22.7
1283,518504,17,122,9,1,102.7
1284,518773,17,139,15,1,26.29411986
1285,518681,17,115,11,1,3.3
1286,518542,17,127,9,1,109.6
1287,518532,17,123,9,1,59.9
1288,518713,17,140,13,1,3.9
1289,518663,17,102,11,1,2.7
1290,518668,17,111,11,1,14.2
1291,518607,17,117,12,1,6.4
1292,518904,17,107,7,1,29.44657223
1293,518805,17,110,16,1,10.56380587
1294,518841,17,125,14,1,12.96085012
1295,518847,17,117,14,1,15.83976162
1296,518967,17,100,8,1,6.627942138
1297,518616,17,107,12,1,7.3
1298,518623,17,106,12,1,13.3
1299,518714,17,138,13,1,3.9
1300,518758,17,104,15,1,39.48902356
1301,518499,17,1,9,1,210.4
1302,518779,17,121,15,1,36.50366988
1303,518595,17,1,12,1,45.0
1304,518768,17,116,15,1,45.239369
1305,518919,17,100,7,1,13.43512341
1306,518520,17,107,9,1,42.4
1307,518740,17,2,15,1,40.96010859
1308,518702,17,120,13,1,3.7
1309,518645,17,3,11,1,4.8
1310,518905,17,140,7,1,165.2585355
1311,518734,17,127,13,1,5.0
1312,518612,17,103,12,1,3.5
1313,518817,17,118,16,1,5.277514541
1314,518816,17,116,16,1,8.893316548
1315,518812,17,111,16,1,22.17799302
1316,518788,17,2,16,1,11.53145289
1317,518675,17,124,11,1,2.7
1318,518727,17,100,13,1,4.8
1319,518538,17,132,9,1,83.7
1320,518519,17,102,9,1,24.2
1321,518634,17,132,12,1,18.1
1322,518873,17,115,14,1,9.366114155
1323,518749,17,119,15,1,47.64482041
1324,518771,17,124,15,1,34.36583106
1325,518656,17,109,11,1,5.2
1326,518611,17,134,12,1,11.6
1327,518770,17,135,15,1,47.28575946
1328,518925,17,129,7,1,57.90379567
1329,518741,17,3,15,1,44.02314672
1330,518703,17,117,13,1,3.5
1331,518883,17,1,7,1,183.6368757
1332,518911,17,106,7,1,75.55813166
1333,518717,17,137,13,1,4.8
1334,518674,17,135,11,1,5.5
1335,518551,17,5,10,1,37.9
1336,518664,17,107,11,1,5.7
1337,518715,17,105,13,1,4.7
1338,518517,17,110,9,1,137.4
1339,518783,17,133,15,1,49.55653319
1340,518706,17,112,13,1,4.0
1341,518915,17,124,7,1,52.25093482
1342,518789,17,3,16,1,10.94017672
1343,518796,17,108,16,1,20.7515971
1344,518528,17,116,9,1,48.8
1345,518585,17,115,10,1,25.6
1346,518808,17,107,16,1,13.68964653
1347,518889,17,125,7,1,139.9197835
1348,518709,17,110,13,1,4.7
1349,518501,17,3,9,1,127.2
1350,518628,17,123,12,1,11.2
1351,518699,17,126,13,1,5.5
1352,518831,17,133,16,1,16.19224497
1353,518914,17,135,7,1,114.7744858
1354,518885,17,3,7,1,116.6520415
1355,518944,17,109,8,1,35.78409482
1356,518683,17,121,11,1,5.9
1357,518693,17,3,13,1,4.2
1358,518724,17,123,13,1,4.2
1359,518575,17,106,10,1,28.6
1360,518976,17,141,8,1,15.90319849
1361,518594,17,65,10,1,54.1
1362,518843,17,126,14,1,13.90486558
1363,518912,17,116,7,1,57.63543628
1364,518846,17,120,14,1,19.71564401
1365,518936,17,122,8,1,27.13185936
1366,518927,17,133,7,1,66.09292254
1367,518798,17,120,16,1,25.50736409
1368,518940,17,108,8,1,118.077027
1369,518891,17,126,7,1,133.9380656
1370,518761,17,140,15,1,41.08996868
1371,518523,17,105,9,1,277.7
1372,518791,17,5,16,1,13.5980798
1373,518677,17,139,11,1,3.4
1374,518647,17,5,11,1,5.9
1375,518829,17,129,16,1,10.21473661
1376,518537,17,115,9,1,57.7
1377,518500,17,2,9,1,104.3
1378,518619,17,105,12,1,46.2
1379,518548,17,2,10,1,58.8
1380,518649,17,125,11,1,10.3
1381,518832,17,141,16,1,13.53632789
1382,518974,17,127,8,1,53.99393893
1383,518639,17,133,12,1,17.3
1384,518815,17,106,16,1,9.389808212
1385,518689,17,130,11,1,3.8
1386,518869,17,139,14,1,8.840456996
1387,518665,17,140,11,1,12.9
1388,518534,17,113,9,1,39.2
1389,518695,17,5,13,1,7.5
1390,518725,17,139,13,1,3.4
1391,518559,17,117,10,1,32.1
1392,518655,17,117,11,1,3.6
1393,518769,17,118,15,1,31.69098951
1394,518579,17,124,10,1,24.6
1395,518917,17,139,7,1,49.01545226
1396,518739,17,1,15,1,47.28916419
1397,518667,17,105,11,1,11.7
1398,518794,17,114,16,1,17.08419361
1399,518760,17,107,15,1,49.62764422
1400,518801,17,101,16,1,14.12673505
1401,518762,17,138,15,1,38.87733815
1402,518666,17,138,11,1,5.5
1403,518610,17,112,12,1,36.1
1404,518673,17,118,11,1,0.9
1405,518510,17,120,9,1,237.6
1406,518643,17,1,11,1,13.4
1407,518606,17,120,12,1,57.8
1408,518547,17,1,10,1,102.8
1409,518568,17,107,10,1,26.8
1410,518586,17,132,10,1,33.9
1411,518565,17,110,10,1,67.6
1412,518755,17,134,15,1,30.85834309
1413,518900,17,103,7,1,18.65450617
1414,518719,17,106,13,1,3.7
1415,518795,17,126,16,1,13.87221626
1416,518590,17,127,10,1,74.4
1417,518707,17,134,13,1,3.1
1418,518608,17,109,12,1,17.1
1419,518503,17,5,9,1,62.5
1420,518861,17,137,14,1,9.568118901
1421,518599,17,5,12,1,12.3
1422,518913,17,118,7,1,18.09316507
1423,518908,17,111,7,1,241.3290564
1424,518603,17,126,12,1,36.5
1425,518544,17,141,9,1,35.5
1426,518541,17,129,9,1,91.0
1427,518813,17,137,16,1,10.19497419
1428,518604,17,108,12,1,44.8
1429,518833,17,130,16,1,11.80458829
1430,518888,17,122,7,1,82.2972765
1431,518818,17,135,16,1,11.9638097
1432,518934,17,4,8,1,20.64349105
1433,518555,17,126,10,1,78.0
1434,518782,17,127,15,1,41.11208788
1435,518747,17,126,15,1,45.39894534
1436,518705,17,101,13,1,5.3
1437,518583,17,100,10,1,9.8
1438,518640,17,141,12,1,7.1
1439,518947,17,134,8,1,27.98028593
1440,518597,17,3,12,1,20.6
1441,518743,17,5,15,1,47.84750174
1442,518884,17,2,7,1,81.78754548
1443,518898,17,112,7,1,141.5831149
1444,518923,17,121,7,1,91.40368159
1445,518778,17,132,15,1,29.28388876
1446,518886,17,4,7,1,53.18777487
1447,518502,17,4,9,1,74.0
1448,518790,17,4,16,1,8.683621096
1449,518804,17,103,16,1,9.06397163
1450,518729,17,115,13,1,5.4
1451,518552,17,122,10,1,34.4
1452,518560,17,109,10,1,42.9
1453,518698,17,114,13,1,4.2
1454,518882,17,65,14,1,13.17315564
1455,518636,17,131,12,1,24.7
1456,518701,17,119,13,1,3.7
1457,518850,17,112,14,1,16.93393312
1458,518867,17,124,14,1,12.3560724
1459,518973,17,129,8,1,42.29304726
1460,518582,17,113,10,1,13.5
1461,518866,17,135,14,1,12.65778913
1462,518529,17,118,9,1,18.5
1463,518613,17,110,12,1,36.6
1464,518635,17,121,12,1,23.7
1465,518539,17,121,9,1,133.6
1466,518684,17,131,11,1,3.9
1467,518774,17,113,15,1,36.50536441
1468,178538,15,110,4,1,8.98
1469,179658,15,1,4,1,9.54
1470,176648,15,110,5,1,21.16
1471,167708,15,41,5,1,20.37
1472,167738,15,7,5,1,17.87
1473,167736,15,35,5,1,21.02
1474,173205,16,99,4,1,9.93
1475,174224,15,73,4,1,8.3
1476,173203,16,68,4,1,8.64
1477,179659,15,2,4,1,9.02
1478,178526,15,125,4,1,9.11
1479,179511,16,4,4,1,8.8
1480,175414,16,133,5,1,19.0
1481,165943,16,13,5,1,25.76
1482,167696,15,19,5,1,25.23
1483,171692,16,85,5,1,20.15
1484,173191,16,82,4,1,9.89
1485,165942,16,8,5,1,26.65
1486,165963,16,47,5,1,25.06
1487,167704,15,36,5,1,22.46
1488,172709,15,72,5,1,32.87
1489,177279,16,104,4,1,8.31
1490,174233,15,87,4,1,8.83
1491,168606,16,11,4,1,9.23
1492,165926,16,19,5,1,27.68
1493,173216,16,90,4,1,8.32
1494,168597,16,8,4,1,9.54
1495,170387,15,48,4,1,9.07
1496,176638,15,126,5,1,19.94
1497,178540,15,102,4,1,8.6
1498,168602,16,17,4,1,9.62
1499,165965,16,31,5,1,22.7
1500,179285,16,3,5,1,30.21
1501,168620,16,31,4,1,9.01
1502,177305,16,141,4,1,8.48
1503,171684,16,92,5,1,23.67
1504,177294,16,139,4,1,9.57
1505,168604,16,6,4,1,9.0
1506,168612,16,24,4,1,8.28
1507,175383,16,109,5,1,27.09
1508,177284,16,105,4,1,10.85
1509,167693,15,60,5,1,29.64
1510,178551,15,135,4,1,10.35
1511,168610,16,12,4,1,9.37
1512,168588,16,9,4,1,10.62
1513,171687,16,88,5,1,15.89
1514,176651,15,107,5,1,17.21
1515,175402,16,124,5,1,32.03
1516,172704,15,92,5,1,20.01
1517,172688,15,77,5,1,20.67
1518,173198,16,77,4,1,9.06
1519,172691,15,75,5,1,21.16
1520,177283,16,138,4,1,10.49
1521,173209,16,96,4,1,10.84
1522,167721,15,11,5,1,21.15
1523,176635,15,122,5,1,19.05
1524,167719,15,6,5,1,20.08
1525,171671,16,75,5,1,24.1
1526,165940,16,28,5,1,26.94
1527,173196,16,74,4,1,10.44
1528,165937,16,58,5,1,21.43
1529,176640,15,119,5,1,24.23
1530,178530,15,119,4,1,10.26
1531,170396,15,50,4,1,7.36
1532,177293,16,123,4,1,9.91
1533,170371,15,57,4,1,9.66
1534,172693,15,68,5,1,19.27
1535,175391,16,107,5,1,19.46
1536,176655,15,111,5,1,25.32
1537,176658,15,106,5,1,34.33
1538,171682,16,78,5,1,22.76
1539,175405,16,113,5,1,22.77
1540,176654,15,105,5,1,25.76
1541,167717,15,17,5,1,23.45
1542,168626,16,50,4,1,6.72
1543,179661,15,4,4,1,8.63
1544,174223,15,68,4,1,8.6
1545,172697,15,71,5,1,25.76
1546,167725,15,12,5,1,21.92
1547,167700,15,42,5,1,23.02
1548,172698,15,76,5,1,25.32
1549,175397,16,136,5,1,30.52
1550,170372,15,17,4,1,9.18
1551,171681,16,98,5,1,25.94
1552,167732,15,48,5,1,21.06
1553,167701,15,30,5,1,24.46
1554,174242,15,85,4,1,8.31
1555,167692,15,61,5,1,27.07
1556,174214,15,86,4,1,9.23
1557,175396,16,137,5,1,28.9
1558,175392,16,140,5,1,26.68
1559,177297,16,128,4,1,8.97
1560,178545,15,111,4,1,9.98
1561,178555,15,113,4,1,8.9
1562,178527,15,114,4,1,9.47
1563,174217,15,67,4,1,9.13
1564,171675,16,99,5,1,26.68
1565,171666,16,74,5,1,27.09
1566,173213,16,87,4,1,8.97
1567,178559,15,132,4,1,8.32
1568,178560,15,121,4,1,8.48
1569,174240,15,94,4,1,10.66
1570,173222,16,85,4,1,8.23
1571,177289,16,116,4,1,13.13
1572,177290,16,118,4,1,11.16
1573,167705,15,49,5,1,19.08
1574,175377,16,114,5,1,23.32
1575,171679,16,96,5,1,28.9
1576,168586,16,30,4,1,11.42
1577,167691,15,56,5,1,34.48
1578,168589,16,36,4,1,10.39
1579,177292,16,124,4,1,11.65
1580,173193,16,79,4,1,9.88
1581,174237,15,88,4,1,7.36
1582,171668,16,77,5,1,24.24
1583,173206,16,97,4,1,10.96
1584,173194,16,86,4,1,9.45
1585,177291,16,135,4,1,10.49
1586,167703,15,9,5,1,22.81
1587,173197,16,67,4,1,9.47
1588,177272,16,117,4,1,10.37
1589,176657,15,136,5,1,29.5
1590,177270,16,119,4,1,11.24
1591,178565,15,141,4,1,8.52
1592,167689,15,15,5,1,31.4
1593,176661,15,135,5,1,28.23
1594,173208,16,76,4,1,10.54
1595,168619,16,25,4,1,9.26
1596,165949,16,6,5,1,22.8
1597,170378,15,23,4,1,8.92
1598,167714,15,20,5,1,20.21
1599,176662,15,124,5,1,31.07
1600,176673,15,127,5,1,18.78
1601,170379,15,51,4,1,8.32
1602,178557,15,128,4,1,8.83
1603,171685,16,81,5,1,22.78
1604,175375,16,122,5,1,21.85
1605,171662,16,84,5,1,22.15
1606,168608,16,23,4,1,9.17
1607,171680,16,83,5,1,26.18
1608,171694,16,89,5,1,25.88
1609,170345,15,39,4,1,14.24
1610,170351,15,19,4,1,9.98
1611,178536,15,134,4,1,9.59
1612,173214,16,92,4,1,8.45
1613,168609,16,51,4,1,8.04
1614,179510,16,3,4,1,11.32
1615,173201,16,75,4,1,9.29
1616,167711,15,27,5,1,24.81
1617,177302,16,129,4,1,6.73
1618,179106,16,65,5,1,22.54
1619,168584,16,32,4,1,10.92
1620,174221,15,75,4,1,8.98
1621,168611,16,18,4,1,9.33
1622,179287,16,5,5,1,17.93
1623,176656,15,137,5,1,27.08
1624,171686,16,90,5,1,20.53
1625,179283,16,1,5,1,23.48
1626,177295,16,113,4,1,9.23
1627,171663,16,79,5,1,23.32
1628,165923,16,60,5,1,30.63
1629,170369,15,20,4,1,8.88
1630,165962,16,48,5,1,24.67
1631,176636,15,125,5,1,20.02
1632,174222,15,70,4,1,8.37
1633,168605,16,10,4,1,8.55
1634,168598,16,13,4,1,9.34
1635,168596,16,27,4,1,10.38
1636,165950,16,10,5,1,22.1
1637,167710,15,28,5,1,23.65
1638,174234,15,92,4,1,8.32
1639,171678,16,76,5,1,27.76
1640,175388,16,110,5,1,24.1
1641,167741,15,50,5,1,13.0
1642,171676,16,97,5,1,25.92
1643,170368,15,13,4,1,9.15
1644,165951,16,11,5,1,23.8
1645,165947,16,17,5,1,26.52
1646,165916,16,22,5,1,32.12
1647,170380,15,12,4,1,9.14
1648,170343,15,38,4,1,10.14
1649,165956,16,18,5,1,24.35
1650,178528,15,126,4,1,9.23
1651,173195,16,80,4,1,10.37
1652,176650,15,102,5,1,19.27
1653,172711,15,66,5,1,18.39
1654,165957,16,24,5,1,20.27
1655,167709,15,63,5,1,19.54
1656,170394,15,34,4,1,8.45
1657,172689,15,93,5,1,21.09
1658,179151,16,65,4,1,9.15
1659,167697,15,62,5,1,22.64
1660,171691,16,66,5,1,21.5
1661,172706,15,90,5,1,17.34
1662,170375,15,10,4,1,8.56
1663,170347,15,61,4,1,10.44
1664,168627,16,55,4,1,8.39
1665,170359,15,36,4,1,9.82
1666,178544,15,105,4,1,9.99
1667,170373,15,53,4,1,9.07
1668,167687,15,29,5,1,30.08
1669,168601,16,57,4,1,10.2
1670,175406,16,100,5,1,20.42
1671,172699,15,96,5,1,27.08
1672,171689,16,72,5,1,33.42
1673,170377,15,16,4,1,8.24
1674,170363,15,41,4,1,9.15
1675,165964,16,25,5,1,22.78
1676,174232,15,78,4,1,8.9
1677,178548,15,106,4,1,12.42
1678,171670,16,69,5,1,23.5
1679,178525,15,122,4,1,9.27
1680,171693,16,91,5,1,17.0
1681,165973,16,52,5,1,17.7
1682,168617,16,48,4,1,9.17
1683,171672,16,70,5,1,20.3
1684,167730,15,33,5,1,22.55
1685,165972,16,55,5,1,21.41
1686,167724,15,51,5,1,17.6
1687,172702,15,78,5,1,19.83
1688,174228,15,76,4,1,9.98
1689,168599,16,20,4,1,8.99
1690,179660,15,3,4,1,10.92
1691,177282,16,140,4,1,11.01
1692,178537,15,103,4,1,8.89
1693,165946,16,57,5,1,24.36
1694,176664,15,139,5,1,22.78
1695,168624,16,34,4,1,8.75
1696,178543,15,138,4,1,9.89
1697,178561,15,131,4,1,8.04
1698,178532,15,117,4,1,10.27
1699,171669,16,93,5,1,24.12
1700,167729,15,64,5,1,22.98
1701,175378,16,126,5,1,22.44
1702,178554,15,139,4,1,9.46
1703,172708,15,95,5,1,33.15
1704,165934,16,36,5,1,24.77
1705,167699,15,32,5,1,22.07
1706,173220,16,94,4,1,10.86
1707,179436,15,4,5,1,19.41
1708,179508,16,1,4,1,9.93
1709,168614,16,64,4,1,10.28
1710,172681,15,82,5,1,19.05
1711,177278,16,110,4,1,9.29
1712,165944,16,20,5,1,23.78
1713,167702,15,26,5,1,24.57
1714,175412,16,129,5,1,15.89
1715,165960,16,33,5,1,25.55
1716,172686,15,74,5,1,23.98
1717,172701,15,98,5,1,22.78
1718,172682,15,84,5,1,20.02
1719,175389,16,104,5,1,20.3
1720,178529,15,108,4,1,10.22
1721,167734,15,25,5,1,19.82
1722,168577,16,61,4,1,10.8
1723,175413,16,127,5,1,22.3
1724,173207,16,71,4,1,10.85
1725,179435,15,3,5,1,28.74
1726,176672,15,129,5,1,13.12
1727,175409,16,132,5,1,23.67
1728,171661,16,82,5,1,21.85
1729,175410,16,121,5,1,22.78
1730,176647,15,103,5,1,20.87
1731,167740,15,46,5,1,17.39
1732,170374,15,6,4,1,8.81
1733,167707,15,58,5,1,19.02
1734,170376,15,11,4,1,8.91
1735,165918,16,38,5,1,29.61
1736,171673,16,68,5,1,21.83
1737,178553,15,123,4,1,9.84
1738,171690,16,94,5,1,30.73
1739,172703,15,87,5,1,20.99
1740,171664,16,86,5,1,22.44
1741,167690,15,39,5,1,39.98
1742,165958,16,37,5,1,25.25
1743,170383,15,37,4,1,9.19
1744,167686,15,22,5,1,31.1
1745,176644,15,101,5,1,22.88
1746,176663,15,123,5,1,23.14
1747,177306,16,130,4,1,8.5
1748,172695,15,99,5,1,23.43
1749,177303,16,127,4,1,8.6
1750,176642,15,117,5,1,23.63
1751,168628,16,52,4,1,8.22
1752,175381,16,120,5,1,25.17
1753,175385,16,112,5,1,24.24
1754,178541,15,107,4,1,8.3
1755,176653,15,138,5,1,23.15
1756,174226,15,97,4,1,9.89
1757,178556,15,100,4,1,8.55
1758,175411,16,131,5,1,20.53
1759,168600,16,44,4,1,10.47
1760,173211,16,98,4,1,9.57
1761,171677,16,71,5,1,28.09
1762,170355,15,42,4,1,9.88
1763,178549,15,116,4,1,13.23
1764,168595,16,28,4,1,10.5
1765,173202,16,70,4,1,8.31
1766,178552,15,124,4,1,11.32
1767,170354,15,32,4,1,10.25
1768,174212,15,84,4,1,9.11
1769,177265,16,122,4,1,9.89
1770,173224,16,89,4,1,10.95
1771,172705,15,81,5,1,19.35
1772,174235,15,81,4,1,8.48
1773,174244,15,89,4,1,10.15
1774,172700,15,83,5,1,23.14
1775,168579,16,40,4,1,10.97
1776,174215,15,80,4,1,10.27
1777,174230,15,83,4,1,9.84
1778,172714,15,89,5,1,23.17
1779,165970,16,46,5,1,20.6
1780,177276,16,134,4,1,10.08
1781,168607,16,16,4,1,7.86
1782,173215,16,81,4,1,8.8
1783,173210,16,83,4,1,9.91
1784,165932,16,26,5,1,27.05
1785,175407,16,128,5,1,24.49
1786,178539,15,104,4,1,8.37
1787,172690,15,69,5,1,20.87
1788,170365,15,28,4,1,10.38
1789,179286,16,4,5,1,22.62
1790,175380,16,119,5,1,26.85
1791,170353,15,43,4,1,10.38
1792,177271,16,120,4,1,8.81
1793,175408,16,115,5,1,23.12
1794,165974,16,59,5,1,15.98
1795,172687,15,67,5,1,22.88
1796,165921,16,56,5,1,34.38
1797,179136,15,65,5,1,19.58
1798,170367,15,8,4,1,9.2
1799,170381,15,18,4,1,9.05
1800,170382,15,24,4,1,8.35
1801,170366,15,27,4,1,9.92
1802,168576,16,56,4,1,12.24
1803,165920,16,39,5,1,38.04
1804,179437,15,5,5,1,14.54
1805,172713,15,91,5,1,13.52
1806,165952,16,16,5,1,18.16
1807,173192,16,84,4,1,8.94
1808,175395,16,111,5,1,27.76
1809,168587,16,26,4,1,11.43
1810,176666,15,100,5,1,17.46
1811,173218,16,95,4,1,12.15
1812,165924,16,40,5,1,27.99
1813,173219,16,72,4,1,12.0
1814,168573,16,38,4,1,10.32
1815,175382,16,117,5,1,26.94
1816,178534,15,101,4,1,9.13
1817,172692,15,70,5,1,17.22
1818,168625,16,46,4,1,8.3
1819,179662,15,5,4,1,8.35
1820,165966,16,35,5,1,24.63
1821,168581,16,19,4,1,10.56
1822,173217,16,88,4,1,6.73
1823,171665,16,80,5,1,26.94
1824,176652,15,140,5,1,23.43
1825,167716,15,57,5,1,21.24
1826,172685,15,80,5,1,23.63
1827,178546,15,137,4,1,10.46
1828,174243,15,91,4,1,8.37
1829,178547,15,136,4,1,11.19
1830,165917,16,29,5,1,31.62
1831,177274,16,101,4,1,9.47
1832,170388,15,47,4,1,9.05
1833,165936,16,45,5,1,23.67
1834,176676,15,130,5,1,12.47
1835,170390,15,31,4,1,8.61
1836,167688,15,38,5,1,27.42
1837,175404,16,139,5,1,25.94
1838,165927,16,62,5,1,25.45
1839,168623,16,7,4,1,8.91
1840,178535,15,112,4,1,8.94
1841,167698,15,43,5,1,23.5
1842,165938,16,41,5,1,22.67
1843,177266,16,125,4,1,8.94
1844,178566,15,130,4,1,8.28
1845,172694,15,73,5,1,17.21
1846,170358,15,9,4,1,9.93
1847,170361,15,45,4,1,9.45
1848,176674,15,133,5,1,16.01
1849,170370,15,44,4,1,9.87
1850,175403,16,123,5,1,26.18
1851,167720,15,10,5,1,19.71
1852,167718,15,53,5,1,22.7
1853,177275,16,112,4,1,8.4
1854,176671,15,131,5,1,17.34
1855,170357,15,26,4,1,10.5
1856,165954,16,51,5,1,19.89
1857,175415,16,141,5,1,18.73
1858,165948,16,53,5,1,25.73
1859,176649,15,104,5,1,17.22
1860,167706,15,45,5,1,21.07
1861,167733,15,47,5,1,21.83
1862,167735,15,31,5,1,19.36
1863,170346,15,56,4,1,12.31
1864,176675,15,141,5,1,15.31
1865,175399,16,116,5,1,36.31
1866,176668,15,115,5,1,19.78
1867,176660,15,118,5,1,29.98
1868,170360,15,49,4,1,9.27
1869,165955,16,12,5,1,25.2
1870,167713,15,13,5,1,22.36
1871,170344,15,15,4,1,11.43
1872,175386,16,134,5,1,24.12
1873,179284,16,2,5,1,23.5
1874,176643,15,109,5,1,23.98
1875,177299,16,132,4,1,8.45
1876,172707,15,88,5,1,13.12
1877,173199,16,93,4,1,10.08
1878,172683,15,79,5,1,21.01
1879,168594,16,63,4,1,8.91
1880,170393,15,7,4,1,8.53
1881,170349,15,40,4,1,10.05
1882,174227,15,71,4,1,9.99
1883,174231,15,98,4,1,9.46
1884,174211,15,82,4,1,9.27
1885,167722,15,16,5,1,15.97
1886,173223,16,91,4,1,8.49
1887,177296,16,100,4,1,8.92
1888,177268,16,126,4,1,9.45
1889,165933,16,9,5,1,25.3
1890,175387,16,103,5,1,23.5
1891,176670,15,121,5,1,19.35
1892,177287,16,136,4,1,11.28
1893,179512,16,5,4,1,8.42
1894,176669,15,132,5,1,20.01
1895,176659,15,116,5,1,37.29
1896,171688,16,95,5,1,33.23
1897,168618,16,47,4,1,9.23
1898,170386,15,21,4,1,9.22
1899,165929,16,32,5,1,24.95
1900,173200,16,69,4,1,9.16
1901,167723,15,23,5,1,20.49
1902,175394,16,105,5,1,28.09
1903,167731,15,21,5,1,23.73
1904,170384,15,64,4,1,10.29
1905,167744,15,59,5,1,12.4
1906,165925,16,14,5,1,28.16
1907,168578,16,60,4,1,11.31
1908,175401,16,135,5,1,30.14
1909,170392,15,54,4,1,8.12
1910,170348,15,60,4,1,11.22
1911,177285,16,111,4,1,10.18
1912,165968,16,7,5,1,20.84
1913,170391,15,35,4,1,8.63
1914,174236,15,90,4,1,8.04
1915,174241,15,66,4,1,8.58
1916,175416,16,130,5,1,15.98
1917,174219,15,93,4,1,9.59
1918,165971,16,50,5,1,15.76
1919,165931,16,30,5,1,27.06
1920,171667,16,67,5,1,26.04
1921,168574,16,15,4,1,11.47
1922,177281,16,107,4,1,8.0
1923,173221,16,66,4,1,8.96
1924,170342,15,29,4,1,11.05
1925,168621,16,35,4,1,8.82
1926,176639,15,108,5,1,23.42
1927,167727,15,24,5,1,17.25
1928,168580,16,14,4,1,10.81
1929,168592,16,58,4,1,9.12
1930,165953,16,23,5,1,23.16
1931,170398,15,52,4,1,8.35
1932,168575,16,39,4,1,14.15
1933,178558,15,115,4,1,8.63
1934,167712,15,8,5,1,23.5
1935,167728,15,37,5,1,22.2
1936,172696,15,97,5,1,23.15
1937,167742,15,55,5,1,18.1
1938,165919,16,15,5,1,32.42
1939,167743,15,52,5,1,14.46
1940,177280,16,102,4,1,8.64
1941,168616,16,21,4,1,9.35
1942,175400,16,118,5,1,31.61
1943,176637,15,114,5,1,21.01
1944,176665,15,113,5,1,19.83
1945,168571,16,22,4,1,11.61
1946,165945,16,44,5,1,26.49
1947,170395,15,46,4,1,8.05
1948,176646,15,134,5,1,21.09
1949,167695,15,14,5,1,25.85
1950,175393,16,138,5,1,25.92
1951,165935,16,49,5,1,21.84
1952,178533,15,109,4,1,9.9
1953,167715,15,44,5,1,23.25
1954,167726,15,18,5,1,21.25
1955,167737,15,54,5,1,19.34
1956,168603,16,53,4,1,9.5
1957,165922,16,61,5,1,28.89
1958,175379,16,108,5,1,25.96
1959,168593,16,41,4,1,9.3
1960,177267,16,114,4,1,9.88
1961,175384,16,101,5,1,26.04
1962,168582,16,62,4,1,10.96
1963,167739,15,34,5,1,19.41
1964,178564,15,133,4,1,8.18
1965,168613,16,37,4,1,9.39
1966,177304,16,133,4,1,8.04
1967,167694,15,40,5,1,25.54
1968,173212,16,78,4,1,9.22
1969,175376,16,125,5,1,22.15
1970,171683,16,87,5,1,24.49
1971,165961,16,21,5,1,26.72
1972,172684,15,86,5,1,19.94
1973,174220,15,69,4,1,8.89
1974,168591,16,45,4,1,9.9
1975,175390,16,102,5,1,21.83
1976,178563,15,127,4,1,8.55
1977,170397,15,55,4,1,8.4
1978,165959,16,64,5,1,26.18
1979,170352,15,62,4,1,9.88
1980,165967,16,54,5,1,23.04
1981,179433,15,1,5,1,20.99
1982,176641,15,120,5,1,22.27
1983,177301,16,131,4,1,8.31
1984,170399,15,59,4,1,8.33
1985,170385,15,33,4,1,8.81
1986,165969,16,34,5,1,22.86
1987,177277,16,103,4,1,9.16
1988,174218,15,77,4,1,8.94
1989,179434,15,2,5,1,20.56
1990,177286,16,137,4,1,10.84
1991,172712,15,85,5,1,16.97
1992,177300,16,121,4,1,8.8
1993,172710,15,94,5,1,29.12
1994,170341,15,22,4,1,11.3
1995,170364,15,63,4,1,9.03
1996,165939,16,63,5,1,21.72
1997,174229,15,96,4,1,10.46
1998,176667,15,128,5,1,20.99
1999,168590,16,49,4,1,9.88
2000,174213,15,79,4,1,9.47
2001,177298,16,115,4,1,9.02
2002,174225,15,99,4,1,9.7
2003,168585,16,42,4,1,10.72
2004,165930,16,42,5,1,25.6
2005,170389,15,25,4,1,8.93
2006,170362,15,58,4,1,9.13
2007,170350,15,14,4,1,9.95
2008,168629,16,59,4,1,8.63
2009,170356,15,30,4,1,10.4
2010,177269,16,108,4,1,11.03
2011,176645,15,112,5,1,20.67
2012,165928,16,43,5,1,26.34
2013,178550,15,118,4,1,10.99
2014,171674,16,73,5,1,19.46
2015,178562,15,129,4,1,7.36
2016,173204,16,73,4,1,8.0
2017,165941,16,27,5,1,27.75
2018,168572,16,29,4,1,11.18
2019,177288,16,106,4,1,12.42
2020,178542,15,140,4,1,9.7
2021,177273,16,109,4,1,10.44
2022,178531,15,120,4,1,10.02
2023,175398,16,106,5,1,34.33
2024,174238,15,95,4,1,12.14
2025,179181,15,65,4,1,8.95
2026,174239,15,72,4,1,11.94
2027,168622,16,54,4,1,8.21
2028,179509,16,2,4,1,9.17
2029,174216,15,74,4,1,9.9
2030,168615,16,33,4,1,8.99
2031,168583,16,43,4,1,11.17
2032,166760,14,36,5,1,19.95
2033,216316,14,61,6,1,27.9
2034,216388,14,36,6,1,31.43
2035,175984,14,137,5,1,25.78
2036,222421,14,126,6,1,34.24
2037,216298,14,15,6,1,25.95
2038,166769,14,13,5,1,19.96
2039,216430,14,27,6,1,29.06
2040,221839,14,93,6,1,31.5
2041,222529,14,137,6,1,27.89
2042,222505,14,140,6,1,31.54
2043,216376,14,26,6,1,30.68
2044,177874,14,137,4,1,12.46
2045,169403,14,61,4,1,12.46
2046,169415,14,36,4,1,11.72
2047,216304,14,39,6,1,21.01
2048,173675,14,93,4,1,12.03
2049,166762,14,45,5,1,18.37
2050,216280,14,22,6,1,25.23
2051,166742,14,22,5,1,31.02
2052,216292,14,38,6,1,27.36
2053,166744,14,38,5,1,26.23
2054,166746,14,39,5,1,41.53
2055,175978,14,102,5,1,16.98
2056,216526,14,24,6,1,35.88
2057,216520,14,18,6,1,32.96
2058,216502,14,23,6,1,32.8
2059,175982,14,105,5,1,23.92
2060,216514,14,12,6,1,32.63
2061,216334,14,14,6,1,29.52
2062,216418,14,63,6,1,33.23
2063,216406,14,58,6,1,34.88
2064,216346,14,62,6,1,30.28
2065,222409,14,125,6,1,33.44
2066,175986,14,106,5,1,34.57
2067,222487,14,104,6,1,35.91
2068,222499,14,107,6,1,36.56
2069,179355,14,3,5,1,27.72
2070,222433,14,119,6,1,31.12
2071,179354,14,2,5,1,18.14
2072,175976,14,110,5,1,18.77
2073,222547,14,116,6,1,22.59
2074,219967,14,1,6,1,32.91
2075,175963,14,122,5,1,16.27
2076,175965,14,114,5,1,18.38
2077,175967,14,108,5,1,20.95
2078,172143,14,67,5,1,20.67
2079,219694,14,65,6,1,33.1
2080,179120,14,65,5,1,17.14
2081,221863,14,68,6,1,33.85
2082,221875,14,99,6,1,31.54
2083,221851,14,75,6,1,32.67
2084,221857,14,70,6,1,35.91
2085,172150,14,73,5,1,14.22
2086,172141,14,80,5,1,21.34
2087,221881,14,97,6,1,30.13
2088,221821,14,74,6,1,29.54
2089,221887,14,71,6,1,29.4
2090,222625,14,129,6,1,39.03
2091,219979,14,3,6,1,27.27
2092,179165,14,65,4,1,11.46
2093,222445,14,117,6,1,31.61
2094,222511,14,138,6,1,30.13
2095,219985,14,4,6,1,33.72
2096,219973,14,2,6,1,33.19
2097,169405,14,40,4,1,11.97
2098,169417,14,45,4,1,11.58
2099,216382,14,9,6,1,31.89
2100,222451,14,109,6,1,29.54
2101,222403,14,122,6,1,31.24
2102,216568,14,25,6,1,33.95
2103,166748,14,61,5,1,25.77
2104,216538,14,64,6,1,32.84
2105,216352,14,43,6,1,32.12
2106,221833,14,77,6,1,33.5
2107,216364,14,42,6,1,31.87
2108,222475,14,103,6,1,32.7
2109,222559,14,135,6,1,26.94
2110,222493,14,102,6,1,33.85
2111,221791,14,82,6,1,31.24
2112,221911,14,98,6,1,33.0
2113,222553,14,118,6,1,26.21
2114,222523,14,111,6,1,30.25
2115,222535,14,136,6,1,27.52
2116,222427,14,108,6,1,31.46
2117,177862,14,101,4,1,11.54
2118,177855,14,114,4,1,11.48
2119,177857,14,108,4,1,12.13
2120,177864,14,134,4,1,12.03
2121,169420,14,63,4,1,11.28
2122,221803,14,79,6,1,32.08
2123,221827,14,67,6,1,31.43
2124,221815,14,80,6,1,31.61
2125,177859,14,120,4,1,10.67
2126,222517,14,105,6,1,29.4
2127,177872,14,105,4,1,11.93
2128,169397,14,22,4,1,13.22
2129,173680,14,73,4,1,11.05
2130,169413,14,26,4,1,12.3
2131,169399,14,38,4,1,12.42
2132,169424,14,13,4,1,11.64
2133,169422,14,27,4,1,12.23
2134,177868,14,102,4,1,11.19
2135,179580,14,3,4,1,12.86
2136,219991,14,5,6,1,34.16
2137,222463,14,112,6,1,33.5
2138,177884,14,100,4,1,11.01
2139,179582,14,5,4,1,11.09
2140,216610,14,50,6,1,39.14
2141,216508,14,51,6,1,36.24
2142,216556,14,48,6,1,33.27
2143,216448,14,20,6,1,33.87
2144,169401,14,39,4,1,15.55
2145,166750,14,40,5,1,23.68
2146,169406,14,14,4,1,11.88
2147,216424,14,28,6,1,31.61
2148,169408,14,62,4,1,11.72
2149,216454,14,44,6,1,29.87
2150,216310,14,56,6,1,23.99
2151,216394,14,49,6,1,31.3
2152,216490,14,11,6,1,32.44
2153,216322,14,60,6,1,27.44
2154,216436,14,8,6,1,30.8
2155,216286,14,29,6,1,26.08
2156,216496,14,16,6,1,37.52
2157,216340,14,19,6,1,30.29
2158,177881,14,123,4,1,12.33
2159,177853,14,122,4,1,11.3
2160,173688,14,78,4,1,11.24
2161,173684,14,76,4,1,12.11
2162,173673,14,67,4,1,11.54
2163,173670,14,86,4,1,11.46
2164,173668,14,84,4,1,11.39
2165,173671,14,80,4,1,12.84
2166,177875,14,136,4,1,13.11
2167,175980,14,140,5,1,21.19
2168,216328,14,40,6,1,29.17
2169,216412,14,41,6,1,33.45
2170,176002,14,133,5,1,13.93
2171,222637,14,133,6,1,33.17
2172,169453,14,55,4,1,11.16
2173,166784,14,37,5,1,19.63
2174,166755,14,32,5,1,19.4
2175,166798,14,55,5,1,16.24
2176,166799,14,52,5,1,11.89
2177,216622,14,52,6,1,34.07
2178,169431,14,10,4,1,11.14
2179,222583,14,113,6,1,33.92
2180,175995,14,128,5,1,18.51
2181,166800,14,59,5,1,8.32
2182,173690,14,92,4,1,11.03
2183,175999,14,131,5,1,15.32
2184,216544,14,33,6,1,33.14
2185,216628,14,59,6,1,35.94
2186,216550,14,21,6,1,32.56
2187,166757,14,30,5,1,22.2
2188,169454,14,52,4,1,11.15
2189,169439,14,37,4,1,11.62
2190,172147,14,75,5,1,18.77
2191,173698,14,85,4,1,11.09
2192,175998,14,121,5,1,17.25
2193,173699,14,91,4,1,11.09
2194,172166,14,94,5,1,28.41
2195,172168,14,85,5,1,14.98
2196,169412,14,30,4,1,12.24
2197,177865,14,103,4,1,11.34
2198,175972,14,101,5,1,20.67
2199,172169,14,91,5,1,10.13
2200,221983,14,91,6,1,34.9
2201,166793,14,54,5,1,16.78
2202,216586,14,54,6,1,34.17
2203,166795,14,34,5,1,17.34
2204,166777,14,11,5,1,18.99
2205,175997,14,132,5,1,17.53
2206,177888,14,121,4,1,11.15
2207,177887,14,132,4,1,11.03
2208,177889,14,131,4,1,10.79
2209,175992,14,139,5,1,20.29
2210,221947,14,88,6,1,39.03
2211,221869,14,73,6,1,36.56
2212,175981,14,138,5,1,20.85
2213,169450,14,34,4,1,11.15
2214,169432,14,11,4,1,11.34
2215,169430,14,6,4,1,11.35
2216,175975,14,103,5,1,18.64
2217,176000,14,129,5,1,9.94
2218,175968,14,119,5,1,21.95
2219,175987,14,116,5,1,38.09
2220,175988,14,118,5,1,29.31
2221,221797,14,84,6,1,33.44
2222,172158,14,78,5,1,17.42
2223,221959,14,72,6,1,24.87
2224,221917,14,78,6,1,33.92
2225,221809,14,86,6,1,34.24
2226,221965,14,94,6,1,26.35
2227,221977,14,85,6,1,32.42
2228,172145,14,93,5,1,19.22
2229,172162,14,90,5,1,15.32
2230,173669,14,79,4,1,11.48
2231,173677,14,75,4,1,11.42
2232,173672,14,74,4,1,12.26
2233,173687,14,98,4,1,11.92
2234,172139,14,79,5,1,18.38
2235,172155,14,96,5,1,25.78
2236,172137,14,82,5,1,16.27
2237,172142,14,74,5,1,22.21
2238,172144,14,77,5,1,18.06
2239,172163,14,88,5,1,9.94
2240,166797,14,50,5,1,9.81
2241,166790,14,25,5,1,17.39
2242,166779,14,23,5,1,18.14
2243,175973,14,112,5,1,18.06
2244,176004,14,130,5,1,8.54
2245,169445,14,25,4,1,11.28
2246,172149,14,68,5,1,16.98
2247,172151,14,99,5,1,21.19
2248,179579,14,2,4,1,11.57
2249,177877,14,116,4,1,14.82
2250,169402,14,56,4,1,14.13
2251,177867,14,104,4,1,11.12
2252,166759,14,9,5,1,20.25
2253,166747,14,56,5,1,34.67
2254,177890,14,129,4,1,10.59
2255,177869,14,107,4,1,11.05
2256,166743,14,29,5,1,29.44
2257,222649,14,130,6,1,35.93
2258,222589,14,100,6,1,33.03
2259,166766,14,28,5,1,21.37
2260,177871,14,138,4,1,11.58
2261,166749,14,60,5,1,28.77
2262,169435,14,51,4,1,11.06
2263,179581,14,4,4,1,11.23
2264,166771,14,44,5,1,21.44
2265,166788,14,48,5,1,18.46
2266,166781,14,12,5,1,19.48
2267,169407,14,19,4,1,12.1
2268,177879,14,135,4,1,12.59
2269,175985,14,136,5,1,28.61
2270,166782,14,18,5,1,18.77
2271,166783,14,24,5,1,14.28
2272,177880,14,124,4,1,13.21
2273,177858,14,119,4,1,12.14
2274,166763,14,58,5,1,16.19
2275,175991,14,123,5,1,20.69
2276,166752,14,19,5,1,23.21
2277,177894,14,130,4,1,10.96
2278,177883,14,113,4,1,11.24
2279,177878,14,118,4,1,13.12
2280,177860,14,117,4,1,12.84
2281,169448,14,54,4,1,10.9
2282,173679,14,68,4,1,11.19
2283,175970,14,117,5,1,21.34
2284,177882,14,139,4,1,11.92
2285,175983,14,111,5,1,23.33
2286,173674,14,77,4,1,11.57
2287,173685,14,96,4,1,12.46
2288,175977,14,104,5,1,14.26
2289,179353,14,1,5,1,18.31
2290,169421,14,28,4,1,12.93
2291,169423,14,8,4,1,11.6
2292,169437,14,18,4,1,11.53
2293,169411,14,42,4,1,11.82
2294,221971,14,66,6,1,32.99
2295,179356,14,4,5,1,17.04
2296,169404,14,60,4,1,13.14
2297,169409,14,43,4,1,12.46
2298,169398,14,29,4,1,13.16
2299,173693,14,88,4,1,10.59
2300,169425,14,20,4,1,11.54
2301,169414,14,9,4,1,11.9
2302,169426,14,44,4,1,12.25
2303,169416,14,49,4,1,11.29
2304,173681,14,99,4,1,12.16
2305,172138,14,84,5,1,17.16
2306,166756,14,42,5,1,20.59
2307,166768,14,8,5,1,21.38
2308,166754,14,43,5,1,21.06
2309,172159,14,87,5,1,18.51
2310,166770,14,20,5,1,17.57
2311,172156,14,83,5,1,20.69
2312,221935,14,81,6,1,32.95
2313,221989,14,89,6,1,32.18
2314,221893,14,76,6,1,30.25
2315,169438,14,24,4,1,11.1
2316,169400,14,15,4,1,13.52
2317,166761,14,49,5,1,16.31
2318,216532,14,37,6,1,33.33
2319,166745,14,15,5,1,30.93
2320,166773,14,17,5,1,21.39
2321,216466,14,17,6,1,30.7
2322,216574,14,31,6,1,32.52
2323,166786,14,33,5,1,20.06
2324,169428,14,17,4,1,11.53
2325,169441,14,33,4,1,11.19
2326,169440,14,64,4,1,12.85
2327,216400,14,45,6,1,33.59
2328,216580,14,35,6,1,32.83
2329,179578,14,1,4,1,11.66
2330,177866,14,110,4,1,11.42
2331,179357,14,5,5,1,11.57
2332,175966,14,126,5,1,17.17
2333,177873,14,111,4,1,11.81
2334,169436,14,12,4,1,11.65
2335,166785,14,64,5,1,20.5
2336,175990,14,124,5,1,31.05
2337,175989,14,135,5,1,27.2
2338,222565,14,124,6,1,25.07
2339,222619,14,131,6,1,33.59
2340,175979,14,107,5,1,14.22
2341,222613,14,121,6,1,32.95
2342,216478,14,6,6,1,32.51
2343,166765,14,63,5,1,16.66
2344,175993,14,113,5,1,17.42
2345,216604,14,46,6,1,33.72
2346,177856,14,126,4,1,11.46
2347,166758,14,26,5,1,22.24
2348,173682,14,97,4,1,11.75
2349,175994,14,100,5,1,15.36
2350,216472,14,53,6,1,31.36
2351,222577,14,139,6,1,33.0
2352,221953,14,95,6,1,25.21
2353,172154,14,76,5,1,23.33
2354,172140,14,86,5,1,17.17
2355,169434,14,23,4,1,11.35
2356,172152,14,97,5,1,20.85
2357,173676,14,69,4,1,11.34
2358,173678,14,70,4,1,11.12
2359,172146,14,69,5,1,18.64
2360,221941,14,90,6,1,33.59
2361,222571,14,123,6,1,32.66
2362,222631,14,127,6,1,31.02
2363,175969,14,120,5,1,19.66
2364,222607,14,132,6,1,33.63
2365,221923,14,87,6,1,32.97
2366,221899,14,96,6,1,27.89
2367,175996,14,115,5,1,17.57
2368,175971,14,109,5,1,22.21
2369,222601,14,115,6,1,32.93
2370,222541,14,106,6,1,24.2
2371,221929,14,92,6,1,33.63
2372,222457,14,101,6,1,31.43
2373,222469,14,134,6,1,31.5
2374,222595,14,128,6,1,32.97
2375,222415,14,114,6,1,32.08
2376,166772,14,57,5,1,19.31
2377,216460,14,57,6,1,31.37
2378,172148,14,70,5,1,14.26
2379,221845,14,69,6,1,32.7
2380,221905,14,83,6,1,32.66
2381,166751,14,14,5,1,24.0
2382,169418,14,58,4,1,11.45
2383,166753,14,62,5,1,20.26
2384,166767,14,27,5,1,23.13
2385,216370,14,30,6,1,30.83
2386,216358,14,32,6,1,33.77
2387,216616,14,55,6,1,31.47
2388,169427,14,57,4,1,12.09
2389,216562,14,47,6,1,32.23
2390,175974,14,134,5,1,19.22
2391,216598,14,34,6,1,33.04
2392,222481,14,110,6,1,32.67
2393,172157,14,98,5,1,20.29
2394,169452,14,50,4,1,10.59
2395,166778,14,16,5,1,12.93
2396,222439,14,120,6,1,33.42
2397,173697,14,66,4,1,11.04
2398,177863,14,112,4,1,10.9
2399,173686,14,83,4,1,12.33
2400,177870,14,140,4,1,13.48
2401,173700,14,89,4,1,12.15
2402,173692,14,90,4,1,10.79
2403,172161,14,81,5,1,17.26
2404,172170,14,89,5,1,20.69
2405,166796,14,46,5,1,15.36
2406,172167,14,66,5,1,16.24
2407,166775,14,6,5,1,18.06
2408,166787,14,21,5,1,21.41
2409,169442,14,21,4,1,11.6
2410,169455,14,59,4,1,10.99
2411,169410,14,32,4,1,12.38
2412,172160,14,92,5,1,17.53
2413,175964,14,125,5,1,17.16
2414,166774,14,53,5,1,20.55
2415,166776,14,10,5,1,17.26
2416,166764,14,41,5,1,17.59
2417,166794,14,7,5,1,15.75
2418,169419,14,41,4,1,11.32
2419,169429,14,53,4,1,11.4
2420,169449,14,7,4,1,10.99
2421,173695,14,72,4,1,13.86
2422,173694,14,95,4,1,13.92
2423,177885,14,128,4,1,11.35
2424,177893,14,141,4,1,11.3
2425,176001,14,127,5,1,16.93
2426,173696,14,94,4,1,12.78
2427,172153,14,71,5,1,23.92
2428,177861,14,109,4,1,12.26
2429,177892,14,133,4,1,10.96
2430,166780,14,51,5,1,14.61
2431,169451,14,46,4,1,10.81
2432,169433,14,16,4,1,11.02
2433,166791,14,31,5,1,17.23
2434,166789,14,47,5,1,19.58
2435,173683,14,71,4,1,11.93
2436,173689,14,87,4,1,11.35
2437,173667,14,82,4,1,11.3
2438,173691,14,81,4,1,11.15
2439,169446,14,31,4,1,11.09
2440,169444,14,47,4,1,11.46
2441,176003,14,141,5,1,12.83
2442,169443,14,48,4,1,11.65
2443,169447,14,35,4,1,11.24
2444,172165,14,72,5,1,32.81
2445,172164,14,95,5,1,33.05
2446,222643,14,141,6,1,33.13
2447,177891,14,127,4,1,11.31
2448,177886,14,115,4,1,11.08
2449,177876,14,106,4,1,14.24
2450,177854,14,125,4,1,11.39
2451,166792,14,35,5,1,18.65
2452,216592,14,7,6,1,33.12
2453,216442,14,13,6,1,32.31
2454,216484,14,10,6,1,34.45
2455,227626,13,59,20,1,1.05010273
2456,227583,13,30,20,1,1.68043323
2457,227570,13,38,20,1,2.19283393
2458,227524,13,30,21,1,2.2
2459,227536,13,13,21,1,2.0
2460,227553,13,33,21,1,2.3
2461,315662,13,116,21,1,2.8
2462,227554,13,21,21,1,2.3
2463,227596,13,20,20,1,1.34945756
2464,227567,13,59,21,1,1.7
2465,227511,13,38,21,1,2.5
2466,227531,13,41,21,1,2.1
2467,227569,13,29,20,1,2.6246481
2468,315614,13,116,20,1,2.8
2469,315641,13,126,21,1,2.0
2470,227608,13,18,20,1,1.48348043
2471,315637,13,5,21,1,1.8
2472,315672,13,132,21,1,1.9
2473,315625,13,121,20,1,1.3
2474,315652,13,104,21,1,1.8
2475,227599,13,17,20,1,1.37949458
2476,315615,13,118,20,1,2.6
2477,315675,13,129,21,1,1.4
2478,315663,13,118,21,1,2.6
2479,315646,13,109,21,1,2.2
2480,315623,13,115,20,1,1.3
2481,227573,13,56,20,1,2.46744515
2482,227557,13,25,21,1,1.9
2483,227519,13,19,21,1,2.6
2484,315626,13,131,20,1,1.1
2485,227618,13,35,20,1,1.44623271
2486,315594,13,108,20,1,1.6
2487,227527,13,36,21,1,2.2
2488,227584,13,26,20,1,1.78266097
2489,315643,13,119,21,1,2.3
2490,315631,13,130,20,1,1.0
2491,227572,13,39,20,1,3.41080356
2492,315610,13,111,20,1,2.1
2493,227532,13,63,21,1,2.0
2494,227607,13,12,20,1,1.25542288
2495,227530,13,58,21,1,2.0
2496,315603,13,110,20,1,1.4
2497,315630,13,141,20,1,1.1
2498,227594,13,8,20,1,1.36375064
2499,227624,13,55,20,1,1.21684564
2500,315659,13,137,21,1,2.7
2501,315673,13,121,21,1,1.9
2502,315665,13,124,21,1,2.3
2503,227528,13,49,21,1,2.2
2504,227556,13,47,21,1,2.3
2505,227619,13,54,20,1,1.31106931
2506,227526,13,9,21,1,2.2
2507,227571,13,15,20,1,2.88324337
2508,227590,13,41,20,1,1.46998954
2509,227617,13,31,20,1,1.37920573
2510,227595,13,13,20,1,1.38381706
2511,227587,13,49,20,1,1.57018204
2512,315674,13,131,21,1,1.8
2513,315612,13,136,20,1,2.5
2514,227539,13,57,21,1,2.1
2515,315622,13,128,20,1,1.5
2516,315632,13,65,20,1,1.6
2517,315680,13,65,21,1,2.1
2518,315678,13,141,21,1,1.8
2519,315607,13,140,20,1,1.4
2520,315586,13,2,20,1,1.7
2521,315585,13,1,20,1,1.1
2522,315600,13,112,20,1,1.4
2523,315592,13,114,20,1,1.6
2524,227575,13,60,20,1,2.45632621
2525,227579,13,62,20,1,2.59446261
2526,227603,13,11,20,1,1.36193673
2527,227562,13,34,21,1,1.8
2528,227520,13,62,21,1,2.8
2529,227560,13,54,21,1,1.9
2530,315621,13,100,20,1,1.2
2531,315611,13,137,20,1,2.4
2532,227538,13,44,21,1,2.1
2533,315602,13,103,20,1,1.5
2534,315627,13,129,20,1,0.8
2535,227510,13,29,21,1,2.6
2536,227601,13,6,20,1,1.4650566
2537,227621,13,34,20,1,1.22204322
2538,227533,13,28,21,1,2.2
2539,227522,13,32,21,1,2.1
2540,315668,13,113,21,1,1.9
2541,227610,13,37,20,1,1.64826377
2542,227625,13,52,20,1,1.04141483
2543,227552,13,64,21,1,2.4
2544,227566,13,52,21,1,1.7
2545,227565,13,55,21,1,1.8
2546,315649,13,134,21,1,2.0
2547,315635,13,3,21,1,2.4
2548,315599,13,101,20,1,1.3
2549,315619,13,139,20,1,1.6
2550,315654,13,107,21,1,2.1
2551,315601,13,134,20,1,1.3
2552,315650,13,103,21,1,2.0
2553,315598,13,109,20,1,1.7
2554,315609,13,105,20,1,2.1
2555,315608,13,138,20,1,2.4
2556,315657,13,105,21,1,2.6
2557,315671,13,115,21,1,1.8
2558,315661,13,106,21,1,2.9
2559,315629,13,133,20,1,1.1
2560,227582,13,42,20,1,1.42568662
2561,227521,13,43,21,1,2.2
2562,227516,13,60,21,1,2.8
2563,227568,13,22,20,1,2.33507123
2564,227592,13,28,20,1,1.60308181
2565,315620,13,113,20,1,1.4
2566,227578,13,19,20,1,2.12775267
2567,227543,13,10,21,1,2.0
2568,227517,13,40,21,1,2.5
2569,315617,13,124,20,1,2.1
2570,227581,13,32,20,1,1.27218854
2571,227593,13,27,20,1,1.81032812
2572,227580,13,43,20,1,1.42003833
2573,315655,13,140,21,1,2.1
2574,227515,13,61,21,1,2.7
2575,227546,13,23,21,1,2.1
2576,315604,13,104,20,1,1.1
2577,227622,13,46,20,1,1.10604865
2578,227549,13,18,21,1,2.2
2579,227616,13,25,20,1,1.32357565
2580,315613,13,106,20,1,3.1
2581,315591,13,125,20,1,1.4
2582,227586,13,36,20,1,1.63190585
2583,315676,13,127,21,1,1.8
2584,227606,13,51,20,1,1.61365885
2585,315587,13,3,20,1,2.1
2586,315666,13,123,21,1,2.3
2587,315656,13,138,21,1,2.8
2588,227585,13,9,20,1,1.56187305
2589,315645,13,117,21,1,2.2
2590,227534,13,27,21,1,2.3
2591,227518,13,14,21,1,2.6
2592,227577,13,14,20,1,2.13665336
2593,227509,13,22,21,1,2.5
2594,227540,13,17,21,1,2.0
2595,227558,13,31,21,1,1.9
2596,227615,13,47,20,1,1.725443
2597,227597,13,44,20,1,1.49626256
2598,315589,13,5,20,1,1.2
2599,227591,13,63,20,1,1.36518902
2600,227525,13,26,21,1,2.3
2601,315593,13,126,20,1,1.3
2602,227589,13,58,20,1,1.31675336
2603,315616,13,135,20,1,2.3
2604,315644,13,120,21,1,2.1
2605,315660,13,136,21,1,2.8
2606,227513,13,39,21,1,3.0
2607,315595,13,119,20,1,1.6
2608,315664,13,135,21,1,2.5
2609,315653,13,102,21,1,2.0
2610,315647,13,101,21,1,2.0
2611,227555,13,48,21,1,2.0
2612,315640,13,114,21,1,2.2
2613,315588,13,4,20,1,1.6
2614,227551,13,37,21,1,2.2
2615,227611,13,64,20,1,1.83430855
2616,315618,13,123,20,1,1.8
2617,315597,13,117,20,1,1.6
2618,227564,13,50,21,1,1.5
2619,315651,13,110,21,1,2.1
2620,315633,13,1,21,1,2.0
2621,227547,13,51,21,1,2.1
2622,315642,13,108,21,1,2.1
2623,315669,13,100,21,1,1.9
2624,315648,13,112,21,1,2.1
2625,315624,13,132,20,1,1.4
2626,227576,13,40,20,1,2.0123004
2627,315590,13,122,20,1,1.6
2628,315628,13,127,20,1,1.2
2629,227544,13,11,21,1,2.0
2630,227550,13,24,21,1,1.8
2631,227542,13,6,21,1,2.0
2632,315670,13,128,21,1,2.1
2633,227623,13,50,20,1,0.79515833
2634,227514,13,56,21,1,2.7
2635,227598,13,57,20,1,1.52149348
2636,227604,13,16,20,1,1.76602104
2637,227563,13,46,21,1,1.8
2638,315638,13,122,21,1,2.2
2639,315634,13,2,21,1,2.2
2640,315639,13,125,21,1,2.0
2641,315658,13,111,21,1,2.6
2642,227548,13,12,21,1,2.0
2643,227537,13,20,21,1,2.1
2644,227574,13,61,20,1,2.43143344
2645,227614,13,48,20,1,1.43960883
2646,315606,13,107,20,1,1.7
2647,315636,13,4,21,1,2.1
2648,315605,13,102,20,1,1.6
2649,227523,13,42,21,1,2.0
2650,227535,13,8,21,1,2.0
2651,227588,13,45,20,1,1.36140508
2652,227605,13,23,20,1,1.40045245
2653,227602,13,10,20,1,1.69767033
2654,227620,13,7,20,1,1.23929087
2655,227529,13,45,21,1,2.1
2656,227541,13,53,21,1,2.1
2657,227561,13,7,21,1,1.9
2658,227559,13,35,21,1,1.9
2659,227545,13,16,21,1,2.1
2660,227512,13,15,21,1,2.9
2661,315667,13,139,21,1,2.2
2662,315679,13,130,21,1,1.7
2663,315596,13,120,20,1,1.4
2664,227600,13,53,20,1,1.433691
2665,315677,13,133,21,1,1.7
2666,227609,13,24,20,1,1.03094918
2667,227612,13,33,20,1,1.61340017
2668,227613,13,21,20,1,1.64180258
2669,165908,11,54,5,1,28.73
2670,165910,11,34,5,1,28.4
2671,174205,12,72,4,1,12.85
2672,175363,11,113,5,1,28.98
2673,177224,11,125,4,1,13.35
2674,174204,12,95,4,1,12.96
2675,178500,12,140,4,1,10.88
2676,178504,12,137,4,1,11.49
2677,175335,11,114,5,1,27.53
2678,172675,12,72,5,1,34.96
2679,172674,12,95,5,1,35.11
2680,170321,12,12,4,1,10.3
2681,178507,12,116,4,1,13.93
2682,175351,11,138,5,1,30.54
2683,170339,12,52,4,1,9.46
2684,176605,12,103,5,1,23.32
2685,170322,12,18,4,1,10.23
2686,176629,12,131,5,1,19.29
2687,167684,12,52,5,1,16.29
2688,168527,11,30,4,1,14.91
2689,172676,12,94,5,1,31.41
2690,179278,11,1,5,1,28.19
2691,175337,11,108,5,1,30.97
2692,174202,12,90,4,1,9.17
2693,167683,12,55,5,1,20.48
2694,171655,11,72,5,1,38.71
2695,174188,12,70,4,1,9.55
2696,171643,11,71,5,1,33.16
2697,170340,12,59,4,1,9.33
2698,167685,12,59,5,1,13.35
2699,167640,12,32,5,1,24.34
2700,167669,12,37,5,1,24.36
2701,174208,12,85,4,1,9.49
2702,174206,12,94,4,1,11.71
2703,168547,11,11,4,1,12.59
2704,170290,12,40,4,1,11.19
2705,178521,12,127,4,1,9.73
2706,175352,11,105,5,1,33.16
2707,165889,11,53,5,1,32.07
2708,171657,11,66,5,1,27.47
2709,168565,11,34,4,1,11.82
2710,170302,12,45,4,1,10.68
2711,167654,12,13,5,1,24.66
2712,175362,11,139,5,1,31.99
2713,165865,11,40,5,1,32.89
2714,165914,11,52,5,1,23.17
2715,175347,11,104,5,1,26.24
2716,179428,12,1,5,1,22.73
2717,165858,11,29,5,1,36.79
2718,171645,11,96,5,1,33.65
2719,170338,12,55,4,1,9.58
2720,170319,12,23,4,1,10.08
2721,176627,12,132,5,1,22.21
2722,179180,12,65,4,1,10.1
2723,171648,11,78,5,1,28.98
2724,171629,11,79,5,1,27.53
2725,167634,12,60,5,1,31.66
2726,176628,12,121,5,1,21.54
2727,175339,11,120,5,1,30.73
2728,167641,12,42,5,1,25.3
2729,168552,11,18,4,1,12.68
2730,165876,11,49,5,1,25.49
2731,174180,12,86,4,1,10.5
2732,176620,12,124,5,1,33.5
2733,167659,12,53,5,1,25.21
2734,175373,11,141,5,1,23.98
2735,177240,11,140,4,1,14.57
2736,173181,11,81,4,1,11.87
2737,168545,11,6,4,1,12.46
2738,165879,11,41,5,1,27.27
2739,173172,11,97,4,1,14.6
2740,173179,11,87,4,1,12.29
2741,170317,12,11,4,1,10.1
2742,174178,12,84,4,1,10.48
2743,170335,12,34,4,1,9.54
2744,172659,12,68,5,1,21.62
2745,174192,12,97,4,1,11.12
2746,168546,11,10,4,1,12.03
2747,175361,11,123,5,1,31.48
2748,172680,12,89,5,1,25.46
2749,172666,12,83,5,1,25.24
2750,177261,11,127,4,1,12.16
2751,172671,12,81,5,1,21.55
2752,177264,11,130,4,1,11.47
2753,176604,12,134,5,1,23.86
2754,167664,12,23,5,1,22.86
2755,165872,11,30,5,1,32.21
2756,177239,11,107,4,1,11.57
2757,170312,12,57,4,1,10.92
2758,170320,12,51,4,1,9.46
2759,175354,11,137,5,1,33.65
2760,165868,11,62,5,1,29.98
2761,173185,11,72,4,1,15.35
2762,176624,12,100,5,1,19.48
2763,172656,12,69,5,1,23.32
2764,179281,11,4,5,1,28.32
2765,165894,11,23,5,1,29.67
2766,177233,11,112,4,1,11.75
2767,178502,12,105,4,1,11.13
2768,176593,12,122,5,1,20.79
2769,176596,12,126,5,1,21.61
2770,179432,12,5,5,1,16.17
2771,178509,12,135,4,1,11.44
2772,173184,11,95,4,1,15.38
2773,176599,12,120,5,1,24.58
2774,168530,11,36,4,1,14.3
2775,168518,11,61,4,1,14.34
2776,178496,12,110,4,1,10.15
2777,167629,12,38,5,1,29.7
2778,177255,11,128,4,1,12.3
2779,175350,11,140,5,1,32.58
2780,171630,11,86,5,1,27.63
2781,178520,12,129,4,1,8.44
2782,168556,11,33,4,1,12.43
2783,178524,12,130,4,1,9.29
2784,172662,12,97,5,1,25.56
2785,172648,12,84,5,1,21.06
2786,175341,11,109,5,1,33.0
2787,168564,11,7,4,1,12.11
2788,167631,12,39,5,1,41.84
2789,170313,12,17,4,1,10.36
2790,172657,12,75,5,1,23.56
2791,176613,12,111,5,1,27.65
2792,170298,12,26,4,1,11.71
2793,177263,11,141,4,1,11.88
2794,175365,11,128,5,1,30.69
2795,170299,12,9,4,1,11.18
2796,176622,12,139,5,1,24.96
2797,173189,11,91,4,1,11.62
2798,168543,11,17,4,1,12.91
2799,168559,11,47,4,1,12.41
2800,168520,11,40,4,1,14.49
2801,172664,12,76,5,1,27.65
2802,178497,12,104,4,1,9.55
2803,176614,12,137,5,1,29.3
2804,172650,12,86,5,1,21.61
2805,168560,11,25,4,1,12.59
2806,179655,12,3,4,1,11.94
2807,173183,11,88,4,1,10.28
2808,171656,11,94,5,1,36.23
2809,179503,11,1,4,1,13.85
2810,167638,12,62,5,1,25.0
2811,170316,12,10,4,1,9.72
2812,170314,12,53,4,1,10.23
2813,170304,12,41,4,1,10.45
2814,171640,11,73,5,1,25.7
2815,173177,11,98,4,1,13.06
2816,167660,12,6,5,1,22.64
2817,170297,12,30,4,1,11.58
2818,167635,12,40,5,1,28.05
2819,168519,11,60,4,1,14.69
2820,173175,11,96,4,1,14.37
2821,172673,12,88,5,1,14.27
2822,172660,12,73,5,1,18.98
2823,171639,11,68,5,1,28.44
2824,167656,12,44,5,1,26.01
2825,173170,11,73,4,1,11.57
2826,167646,12,49,5,1,20.8
2827,173164,11,77,4,1,12.41
2828,174182,12,74,4,1,11.14
2829,170285,12,15,4,1,12.43
2830,168529,11,9,4,1,14.37
2831,168567,11,50,4,1,10.28
2832,177241,11,138,4,1,14.4
2833,171653,11,88,5,1,20.38
2834,172678,12,85,5,1,19.28
2835,165900,11,64,5,1,31.64
2836,165882,11,27,5,1,33.53
2837,179280,11,3,5,1,35.38
2838,175364,11,100,5,1,26.19
2839,174183,12,67,4,1,10.29
2840,168544,11,53,4,1,12.77
2841,179282,11,5,5,1,23.08
2842,168534,11,41,4,1,13.36
2843,172667,12,98,5,1,24.96
2844,176595,12,114,5,1,22.61
2845,172649,12,79,5,1,22.61
2846,177244,11,137,4,1,14.37
2847,171659,11,91,5,1,21.82
2848,165904,11,47,5,1,31.5
2849,165874,11,9,5,1,30.22
2850,178492,12,101,4,1,10.29
2851,172651,12,80,5,1,25.84
2852,165875,11,36,5,1,29.1
2853,177227,11,108,4,1,14.7
2854,167661,12,10,5,1,21.93
2855,165883,11,8,5,1,32.68
2856,165891,11,10,5,1,28.71
2857,179506,11,4,4,1,12.1
2858,165871,11,42,5,1,30.92
2859,171650,11,92,5,1,29.53
2860,178484,12,125,4,1,10.48
2861,176625,12,128,5,1,23.26
2862,170329,12,47,4,1,10.1
2863,172663,12,71,5,1,28.23
2864,172668,12,78,5,1,21.94
2865,168531,11,49,4,1,14.07
2866,165898,11,24,5,1,26.23
2867,178519,12,131,4,1,9.17
2868,165897,11,18,5,1,30.64
2869,179657,12,5,4,1,9.44
2870,178495,12,103,4,1,10.07
2871,175343,11,112,5,1,30.26
2872,175367,11,132,5,1,29.53
2873,165880,11,63,5,1,25.4
2874,178517,12,132,4,1,9.43
2875,177225,11,114,4,1,13.92
2876,176597,12,108,5,1,25.57
2877,171632,11,74,5,1,33.0
2878,178511,12,123,4,1,11.02
2879,177242,11,105,4,1,14.35
2880,174177,12,82,4,1,10.65
2881,173161,11,80,4,1,14.07
2882,165862,11,56,5,1,40.07
2883,177259,11,131,4,1,11.44
2884,177235,11,103,4,1,12.54
2885,177231,11,109,4,1,13.85
2886,175357,11,116,5,1,42.24
2887,177247,11,116,4,1,16.19
2888,172679,12,91,5,1,14.86
2889,174187,12,75,4,1,10.15
2890,165886,11,44,5,1,32.5
2891,177246,11,106,4,1,15.72
2892,178490,12,117,4,1,11.51
2893,170294,12,43,4,1,11.58
2894,173167,11,75,4,1,12.62
2895,165873,11,26,5,1,31.9
2896,167676,12,31,5,1,21.67
2897,165861,11,39,5,1,44.18
2898,165892,11,11,5,1,30.42
2899,168554,11,37,4,1,13.06
2900,175348,11,102,5,1,28.44
2901,167662,12,11,5,1,23.65
2902,170331,12,31,4,1,9.71
2903,167680,12,34,5,1,21.58
2904,167674,12,47,5,1,24.11
2905,175370,11,129,5,1,20.38
2906,175338,11,119,5,1,32.09
2907,176623,12,113,5,1,21.94
2908,174199,12,87,4,1,9.95
2909,178518,12,121,4,1,9.57
2910,174190,12,73,4,1,9.44
2911,168538,11,8,4,1,12.91
2912,165869,11,43,5,1,31.73
2913,176615,12,136,5,1,31.52
2914,168522,11,19,4,1,14.14
2915,175340,11,117,5,1,32.23
2916,175372,11,133,5,1,25.16
2917,167630,12,15,5,1,33.45
2918,174209,12,91,4,1,9.42
2919,177262,11,133,4,1,11.62
2920,167665,12,51,5,1,19.38
2921,178486,12,126,4,1,10.5
2922,175333,11,122,5,1,25.48
2923,167663,12,16,5,1,17.69
2924,167681,12,46,5,1,19.33
2925,174201,12,81,4,1,9.57
2926,165887,11,57,5,1,30.78
2927,173159,11,79,4,1,13.92
2928,176603,12,112,5,1,22.9
2929,165896,11,12,5,1,31.37
2930,171637,11,75,5,1,30.47
2931,170334,12,7,4,1,9.69
2932,170332,12,35,4,1,9.72
2933,167649,12,41,5,1,21.83
2934,167679,12,7,5,1,19.91
2935,165907,11,35,5,1,30.74
2936,170306,12,28,4,1,11.6
2937,176594,12,125,5,1,21.06
2938,170323,12,24,4,1,9.53
2939,167642,12,30,5,1,26.9
2940,167677,12,35,5,1,23.3
2941,173157,11,82,4,1,14.08
2942,172647,12,82,5,1,20.79
2943,176611,12,138,5,1,25.56
2944,170309,12,13,4,1,10.31
2945,167645,12,36,5,1,24.22
2946,170283,12,29,4,1,12.08
2947,171627,11,82,5,1,25.48
2948,165864,11,60,5,1,36.0
2949,174195,12,96,4,1,11.49
2950,165890,11,6,5,1,29.44
2951,179279,11,2,5,1,29.66
2952,178499,12,107,4,1,9.44
2953,174184,12,77,4,1,10.09
2954,172677,12,66,5,1,20.53
2955,167652,12,27,5,1,27.36
2956,176631,12,127,5,1,21.12
2957,174185,12,93,4,1,10.84
2958,178506,12,106,4,1,13.27
2959,167670,12,64,5,1,25.08
2960,167627,12,22,5,1,33.51
2961,177226,11,126,4,1,13.3
2962,165863,11,61,5,1,33.62
2963,168524,11,43,4,1,14.72
2964,179505,11,3,4,1,14.76
2965,175336,11,126,5,1,27.63
2966,172665,12,96,5,1,29.3
2967,175359,11,135,5,1,35.45
2968,170284,12,38,4,1,11.26
2969,168542,11,57,4,1,13.6
2970,172654,12,77,5,1,22.9
2971,165905,11,25,5,1,29.01
2972,173182,11,90,4,1,11.44
2973,175360,11,124,5,1,37.94
2974,174203,12,88,4,1,8.44
2975,170310,12,20,4,1,10.03
2976,172655,12,93,5,1,23.86
2977,167668,12,24,5,1,19.24
2978,167637,12,19,5,1,27.57
2979,170315,12,6,4,1,10.01
2980,175371,11,127,5,1,27.72
2981,170288,12,61,4,1,11.47
2982,171644,11,76,5,1,32.92
2983,170300,12,36,4,1,11.08
2984,171658,11,85,5,1,26.05
2985,167675,12,25,5,1,21.94
2986,173163,11,67,4,1,12.79
2987,170307,12,27,4,1,11.12
2988,168566,11,46,4,1,11.43
2989,168548,11,16,4,1,11.46
2990,167671,12,33,5,1,24.74
2991,171649,11,87,5,1,30.69
2992,171642,11,97,5,1,30.54
2993,174186,12,69,4,1,10.07
2994,177245,11,136,4,1,14.66
2995,174210,12,89,4,1,11.36
2996,172672,12,90,5,1,19.29
2997,170330,12,25,4,1,10.09
2998,175366,11,115,5,1,29.4
2999,177232,11,101,4,1,12.79
3000,173165,11,93,4,1,13.49
3001,179656,12,4,4,1,9.75
3002,175342,11,101,5,1,32.21
3003,177238,11,102,4,1,12.14
3004,173186,11,94,4,1,14.25
3005,173188,11,85,4,1,11.81
3006,167672,12,21,5,1,25.94
3007,173166,11,69,4,1,12.54
3008,171646,11,83,5,1,31.48
3009,171660,11,89,5,1,31.18
3010,174181,12,80,4,1,11.51
3011,177253,11,113,4,1,12.56
3012,168525,11,32,4,1,14.51
3013,176609,12,107,5,1,18.98
3014,175344,11,134,5,1,30.6
3015,165911,11,46,5,1,25.68
3016,167658,12,17,5,1,25.96
3017,170308,12,8,4,1,10.38
3018,165893,11,16,5,1,24.44
3019,167650,12,63,5,1,20.59
3020,171651,11,81,5,1,28.44
3021,168526,11,42,4,1,14.29
3022,168553,11,24,4,1,11.79
3023,179430,12,3,5,1,30.96
3024,173168,11,70,4,1,11.81
3025,175353,11,111,5,1,32.92
3026,179431,12,4,5,1,21.47
3027,171636,11,69,5,1,30.1
3028,177234,11,134,4,1,13.49
3029,178494,12,134,4,1,10.84
3030,168557,11,21,4,1,12.67
3031,176633,12,141,5,1,17.17
3032,175349,11,107,5,1,25.7
3033,178485,12,114,4,1,10.77
3034,168512,11,22,4,1,14.81
3035,178487,12,108,4,1,11.45
3036,174207,12,66,4,1,9.72
3037,177258,11,121,4,1,11.87
3038,177257,11,132,4,1,11.69
3039,173160,11,86,4,1,13.3
3040,177228,11,119,4,1,14.72
3041,167653,12,8,5,1,25.92
3042,177250,11,124,4,1,14.81
3043,174189,12,68,4,1,9.78
3044,175358,11,118,5,1,36.82
3045,179429,12,2,5,1,22.84
3046,173178,11,78,4,1,12.56
3047,179504,11,2,4,1,12.62
3048,176617,12,116,5,1,39.18
3049,176634,12,130,5,1,13.5
3050,175368,11,121,5,1,28.44
3051,165915,11,59,5,1,20.41
3052,165909,11,7,5,1,26.67
3053,168562,11,35,4,1,12.01
3054,179150,11,65,4,1,12.56
3055,175345,11,103,5,1,30.1
3056,167633,12,61,5,1,29.28
3057,168523,11,62,4,1,14.63
3058,177236,11,110,4,1,12.62
3059,176610,12,140,5,1,25.75
3060,175369,11,131,5,1,25.66
3061,168513,11,29,4,1,14.64
3062,178514,12,100,4,1,9.71
3063,178489,12,120,4,1,11.24
3064,170289,12,60,4,1,12.13
3065,174191,12,99,4,1,10.88
3066,165877,11,45,5,1,29.16
3067,168515,11,15,4,1,15.03
3068,170311,12,44,4,1,11.13
3069,168549,11,23,4,1,12.51
3070,171631,11,80,5,1,32.23
3071,176598,12,119,5,1,26.67
3072,176632,12,133,5,1,18.29
3073,173190,11,89,4,1,14.54
3074,177260,11,129,4,1,10.28
3075,179653,12,1,4,1,10.82
3076,165895,11,51,5,1,26.08
3077,177249,11,135,4,1,14.0
3078,176630,12,129,5,1,14.27
3079,174179,12,79,4,1,10.77
3080,178508,12,118,4,1,12.04
3081,168540,11,20,4,1,12.34
3082,176608,12,102,5,1,21.62
3083,177229,11,120,4,1,12.41
3084,176602,12,101,5,1,25.3
3085,168541,11,44,4,1,13.89
3086,165867,11,19,5,1,32.84
3087,174200,12,92,4,1,9.43
3088,167666,12,12,5,1,24.23
3089,178516,12,115,4,1,9.74
3090,171634,11,77,5,1,30.26
3091,173174,11,76,4,1,14.13
3092,168568,11,55,4,1,11.97
3093,175334,11,125,5,1,25.99
3094,173180,11,92,4,1,11.69
3095,168555,11,64,4,1,13.98
3096,170292,12,19,4,1,11.12
3097,178512,12,139,4,1,10.6
3098,168550,11,51,4,1,11.6
3099,168521,11,14,4,1,14.3
3100,171641,11,99,5,1,32.58
3101,168563,11,54,4,1,11.47
3102,176621,12,123,5,1,25.24
3103,176600,12,117,5,1,25.84
3104,172670,12,92,5,1,22.21
3105,177230,11,117,4,1,14.07
3106,176601,12,109,5,1,26.64
3107,168569,11,52,4,1,11.65
3108,178498,12,102,4,1,9.78
3109,165899,11,37,5,1,30.75
3110,173187,11,66,4,1,12.13
3111,168517,11,56,4,1,15.48
3112,176616,12,106,5,1,36.33
3113,178483,12,122,4,1,10.65
3114,178501,12,138,4,1,11.12
3115,175356,11,106,5,1,39.66
3116,165885,11,20,5,1,29.77
3117,165912,11,50,5,1,20.26
3118,167636,12,14,5,1,28.32
3119,165866,11,14,5,1,33.29
3120,165902,11,21,5,1,33.08
3121,176606,12,110,5,1,23.56
3122,168570,11,59,4,1,11.52
3123,165859,11,38,5,1,34.91
3124,177223,11,122,4,1,14.08
3125,168516,11,39,4,1,16.99
3126,179135,12,65,5,1,21.58
3127,167678,12,54,5,1,21.48
3128,178522,12,133,4,1,9.36
3129,176607,12,104,5,1,19.21
3130,165878,11,58,5,1,26.39
3131,171654,11,95,5,1,38.87
3132,178513,12,113,4,1,10.05
3133,167655,12,20,5,1,22.43
3134,174193,12,71,4,1,11.13
3135,174197,12,98,4,1,10.6
3136,170296,12,42,4,1,11.09
3137,165870,11,32,5,1,30.57
3138,167673,12,48,5,1,23.31
3139,178491,12,109,4,1,11.14
3140,170324,12,37,4,1,10.38
3141,168528,11,26,4,1,15.05
3142,167648,12,58,5,1,20.44
3143,173169,11,68,4,1,12.14
3144,173176,11,83,4,1,13.64
3145,165884,11,13,5,1,31.75
3146,178523,12,141,4,1,9.63
3147,165857,11,22,5,1,37.93
3148,177243,11,111,4,1,13.86
3149,167632,12,56,5,1,36.42
3150,178515,12,128,4,1,9.95
3151,167647,12,45,5,1,23.03
3152,165913,11,55,5,1,27.18
3153,167644,12,9,5,1,24.81
3154,172658,12,70,5,1,19.21
3155,172653,12,67,5,1,25.3
3156,171628,11,84,5,1,25.99
3157,176626,12,115,5,1,22.1
3158,168558,11,48,4,1,12.61
3159,171647,11,98,5,1,31.99
3160,168551,11,12,4,1,12.7
3161,167667,12,18,5,1,23.62
3162,177251,11,123,4,1,13.64
3163,168533,11,58,4,1,13.1
3164,168535,11,63,4,1,13.35
3165,168539,11,13,4,1,12.75
3166,176612,12,105,5,1,28.23
3167,167643,12,26,5,1,26.79
3168,170318,12,16,4,1,9.37
3169,170282,12,22,4,1,12.27
3170,167657,12,57,5,1,24.01
3171,170295,12,32,4,1,11.47
3172,174194,12,76,4,1,11.12
3173,170336,12,46,4,1,9.17
3174,174198,12,78,4,1,10.05
3175,170328,12,48,4,1,10.23
3176,165903,11,48,5,1,30.7
3177,170303,12,58,4,1,10.42
3178,170291,12,14,4,1,11.08
3179,179105,11,65,5,1,28.07
3180,165881,11,28,5,1,32.33
3181,168537,11,27,4,1,13.78
3182,165901,11,33,5,1,31.75
3183,175374,11,130,5,1,20.56
3184,167639,12,43,5,1,25.92
3185,170326,12,33,4,1,9.94
3186,170327,12,21,4,1,10.3
3187,172669,12,87,5,1,23.26
3188,178510,12,124,4,1,12.28
3189,173173,11,71,4,1,14.35
3190,174196,12,83,4,1,11.02
3191,170301,12,49,4,1,10.65
3192,168532,11,45,4,1,13.58
3193,171635,11,93,5,1,30.6
3194,173162,11,74,4,1,13.85
3195,165888,11,17,5,1,32.73
3196,168514,11,38,4,1,13.85
3197,177252,11,139,4,1,13.05
3198,178493,12,112,4,1,10.09
3199,170305,12,63,4,1,10.41
3200,172661,12,99,5,1,25.75
3201,170293,12,62,4,1,11.13
3202,175346,11,110,5,1,30.47
3203,172652,12,74,5,1,26.64
3204,179654,12,2,4,1,10.2
3205,173171,11,99,4,1,13.37
3206,170287,12,56,4,1,13.13
3207,177256,11,115,4,1,12.14
3208,171652,11,90,5,1,25.66
3209,173158,11,84,4,1,13.35
3210,170325,12,64,4,1,11.48
3211,167651,12,28,5,1,25.87
3212,170333,12,54,4,1,9.24
3213,171633,11,67,5,1,32.21
3214,168536,11,28,4,1,14.16
3215,178505,12,136,4,1,12.1
3216,168561,11,31,4,1,12.08
3217,165906,11,31,5,1,28.88
3218,177237,11,104,4,1,11.81
3219,170286,12,39,4,1,14.8
3220,177248,11,118,4,1,14.62
3221,176619,12,135,5,1,30.45
3222,165860,11,15,5,1,37.32
3223,170337,12,50,4,1,8.44
3224,178488,12,119,4,1,11.44
3225,167682,12,50,5,1,14.15
3226,178503,12,111,4,1,11.12
3227,175355,11,136,5,1,35.88
3228,177254,11,100,4,1,12.12
3229,167628,12,29,5,1,32.3
3230,171638,11,70,5,1,26.24
3231,179507,11,5,4,1,11.68
3232,176618,12,118,5,1,32.25
3233,169366,10,20,4,1,11.89
3234,179350,10,3,5,1,28.52
3235,173659,10,88,4,1,10.74
3236,222432,10,119,6,1,31.25
3237,169363,10,27,4,1,12.72
3238,169358,10,45,4,1,12.02
3239,221868,10,73,6,1,36.52
3240,173640,10,77,4,1,11.93
3241,169339,10,29,4,1,13.71
3242,169350,10,43,4,1,12.96
3243,169345,10,60,4,1,13.68
3244,179349,10,2,5,1,18.23
3245,222546,10,116,6,1,23.9
3246,173666,10,89,4,1,12.64
3247,216495,10,16,6,1,37.44
3248,221970,10,66,6,1,33.4
3249,169378,10,18,4,1,11.92
3250,175921,10,122,5,1,18.07
3251,169364,10,8,4,1,12.04
3252,169341,10,15,4,1,14.09
3253,169362,10,28,4,1,13.41
3254,175926,10,119,5,1,23.66
3255,179348,10,1,5,1,19.42
3256,175935,10,104,5,1,14.28
3257,179351,10,4,5,1,17.42
3258,173641,10,93,4,1,12.46
3259,173638,10,74,4,1,12.73
3260,173651,10,96,4,1,13.03
3261,175925,10,108,5,1,22.54
3262,175928,10,117,5,1,21.41
3263,173645,10,68,4,1,11.56
3264,166702,10,49,5,1,18.09
3265,166686,10,15,5,1,31.25
3266,166714,10,17,5,1,21.63
3267,216573,10,31,6,1,32.91
3268,169389,10,54,4,1,11.18
3269,169373,10,11,4,1,11.74
3270,177839,10,123,4,1,12.81
3271,177818,10,117,4,1,13.32
3272,166727,10,33,5,1,20.2
3273,166687,10,39,5,1,41.44
3274,172116,10,73,5,1,14.02
3275,172120,10,76,5,1,24.41
3276,221826,10,67,6,1,32.27
3277,221952,10,95,6,1,26.19
3278,172129,10,88,5,1,10.1
3279,172110,10,77,5,1,18.11
3280,169390,10,7,4,1,11.25
3281,221844,10,69,6,1,33.38
3282,166701,10,36,5,1,21.48
3283,166738,10,50,5,1,9.96
3284,166731,10,25,5,1,17.79
3285,166720,10,23,5,1,18.28
3286,175962,10,130,5,1,9.5
3287,175931,10,112,5,1,18.11
3288,169386,10,25,4,1,11.62
3289,221850,10,75,6,1,33.33
3290,222576,10,139,6,1,33.17
3291,175952,10,100,5,1,16.02
3292,173648,10,97,4,1,12.3
3293,169354,10,26,4,1,12.82
3294,221874,10,99,6,1,32.38
3295,166691,10,40,5,1,25.39
3296,172115,10,68,5,1,16.91
3297,172117,10,99,5,1,21.25
3298,216279,10,22,6,1,27.04
3299,175940,10,105,5,1,25.48
3300,222516,10,105,6,1,29.75
3301,166699,10,26,5,1,24.06
3302,166683,10,22,5,1,31.24
3303,179574,10,2,4,1,11.96
3304,177835,10,116,4,1,15.38
3305,177836,10,118,4,1,13.66
3306,169343,10,56,4,1,14.68
3307,177825,10,104,4,1,11.44
3308,177814,10,126,4,1,11.87
3309,179119,10,65,5,1,17.59
3310,219693,10,65,6,1,33.68
3311,177829,10,138,4,1,12.11
3312,216603,10,46,6,1,34.42
3313,179576,10,4,4,1,11.53
3314,166700,10,9,5,1,21.71
3315,166688,10,56,5,1,34.62
3316,169375,10,23,4,1,11.73
3317,222648,10,130,6,1,36.53
3318,175951,10,113,5,1,17.83
3319,175943,10,136,5,1,28.98
3320,166707,10,28,5,1,21.44
3321,175949,10,123,5,1,20.91
3322,166706,10,63,5,1,17.48
3323,216477,10,6,6,1,33.44
3324,216597,10,34,6,1,33.65
3325,175932,10,134,5,1,19.51
3326,222426,10,108,6,1,31.63
3327,222534,10,136,6,1,28.21
3328,216465,10,17,6,1,31.68
3329,222480,10,110,6,1,33.33
3330,222612,10,121,6,1,33.52
3331,216369,10,30,6,1,31.01
3332,173658,10,90,4,1,10.98
3333,172109,10,67,5,1,20.85
3334,221832,10,77,6,1,33.97
3335,221916,10,78,6,1,33.99
3336,166712,10,44,5,1,21.9
3337,166729,10,48,5,1,18.4
3338,175937,10,107,5,1,14.02
3339,166722,10,12,5,1,19.57
3340,222618,10,131,6,1,34.29
3341,175948,10,124,5,1,31.27
3342,166726,10,64,5,1,20.49
3343,169351,10,32,4,1,12.85
3344,166684,10,29,5,1,29.66
3345,173646,10,73,4,1,11.35
3346,169348,10,19,4,1,12.63
3347,169377,10,12,4,1,12.04
3348,177840,10,139,4,1,12.34
3349,177843,10,128,4,1,11.73
3350,177831,10,111,4,1,12.31
3351,175924,10,126,5,1,17.88
3352,179352,10,5,5,1,12.03
3353,175930,10,101,5,1,20.85
3354,166685,10,38,5,1,26.42
3355,177824,10,110,4,1,11.81
3356,177827,10,107,4,1,11.35
3357,216579,10,35,6,1,33.23
3358,216399,10,45,6,1,33.54
3359,216471,10,53,6,1,32.25
3360,172131,10,72,5,1,33.01
3361,166723,10,18,5,1,18.94
3362,177838,10,124,4,1,13.75
3363,177816,10,119,4,1,12.66
3364,169379,10,24,4,1,11.42
3365,169369,10,17,4,1,11.96
3366,166704,10,58,5,1,16.69
3367,166693,10,19,5,1,24.34
3368,177833,10,136,4,1,13.66
3369,173663,10,66,4,1,11.31
3370,216441,10,13,6,1,33.0
3371,175942,10,137,5,1,26.72
3372,173654,10,78,4,1,11.58
3373,216489,10,11,6,1,33.2
3374,166719,10,16,5,1,12.65
3375,166721,10,51,5,1,14.44
3376,169392,10,46,4,1,10.99
3377,169374,10,16,4,1,11.32
3378,173636,10,86,4,1,11.87
3379,177837,10,135,4,1,13.11
3380,173650,10,76,4,1,12.64
3381,173639,10,67,4,1,11.96
3382,166732,10,31,5,1,17.72
3383,166730,10,47,5,1,19.61
3384,173655,10,87,4,1,11.73
3385,173633,10,82,4,1,11.83
3386,173657,10,81,4,1,11.39
3387,173652,10,83,4,1,12.81
3388,221814,10,80,6,1,32.54
3389,219966,10,1,6,1,33.16
3390,222552,10,118,6,1,27.87
3391,222588,10,100,6,1,33.51
3392,216303,10,39,6,1,22.47
3393,175929,10,109,5,1,22.6
3394,169387,10,31,4,1,11.38
3395,169385,10,47,4,1,11.82
3396,175961,10,141,5,1,13.07
3397,175954,10,115,5,1,18.0
3398,169384,10,48,4,1,12.05
3399,216339,10,19,6,1,30.56
3400,222600,10,115,6,1,33.23
3401,216483,10,10,6,1,34.87
3402,177811,10,122,4,1,11.83
3403,169388,10,35,4,1,11.56
3404,172130,10,95,5,1,33.21
3405,169355,10,9,4,1,12.39
3406,222642,10,141,6,1,34.45
3407,222582,10,113,6,1,33.99
3408,177849,10,127,4,1,11.74
3409,216453,10,44,6,1,31.31
3410,179575,10,3,4,1,13.41
3411,177844,10,115,4,1,11.39
3412,169396,10,59,4,1,11.27
3413,169361,10,63,4,1,11.75
3414,169382,10,33,4,1,11.61
3415,166733,10,35,5,1,18.82
3416,216591,10,7,6,1,33.57
3417,216327,10,40,6,1,29.59
3418,216411,10,41,6,1,33.7
3419,177822,10,134,4,1,12.46
3420,169338,10,22,4,1,13.76
3421,177815,10,108,4,1,12.63
3422,177813,10,114,4,1,11.97
3423,177820,10,101,4,1,11.96
3424,222522,10,111,6,1,30.52
3425,175960,10,133,5,1,13.73
3426,222636,10,133,6,1,34.3
3427,169349,10,62,4,1,12.27
3428,166725,10,37,5,1,20.01
3429,173634,10,84,4,1,11.83
3430,166696,10,32,5,1,20.53
3431,166739,10,55,5,1,16.26
3432,216357,10,32,6,1,33.65
3433,166740,10,52,5,1,11.99
3434,216621,10,52,6,1,35.18
3435,216531,10,37,6,1,33.45
3436,221910,10,98,6,1,33.17
3437,221790,10,82,6,1,31.91
3438,169372,10,10,4,1,11.5
3439,221820,10,74,6,1,30.94
3440,175953,10,128,5,1,18.49
3441,173637,10,80,4,1,13.32
3442,173644,10,70,4,1,11.44
3443,166741,10,59,5,1,9.42
3444,177812,10,125,4,1,11.83
3445,219978,10,3,6,1,28.21
3446,222564,10,124,6,1,26.89
3447,222558,10,135,6,1,28.38
3448,166728,10,21,5,1,21.39
3449,222492,10,102,6,1,34.5
3450,177819,10,109,4,1,12.73
3451,222474,10,103,6,1,33.38
3452,177826,10,102,4,1,11.56
3453,175922,10,125,5,1,17.86
3454,175957,10,131,5,1,16.15
3455,169347,10,14,4,1,12.43
3456,169394,10,55,4,1,11.57
3457,216543,10,33,6,1,33.12
3458,177841,10,113,4,1,11.58
3459,216291,10,38,6,1,28.82
3460,216627,10,59,6,1,36.52
3461,216549,10,21,6,1,32.67
3462,216435,10,8,6,1,31.75
3463,216363,10,42,6,1,31.92
3464,166703,10,45,5,1,19.29
3465,166698,10,30,5,1,24.0
3466,169342,10,39,4,1,16.12
3467,216447,10,20,6,1,34.31
3468,221802,10,79,6,1,32.53
3469,221898,10,96,6,1,28.68
3470,216555,10,48,6,1,33.67
3471,216351,10,43,6,1,32.14
3472,216537,10,64,6,1,33.29
3473,169395,10,52,4,1,11.51
3474,169380,10,37,4,1,12.09
3475,216609,10,50,6,1,39.08
3476,172113,10,75,5,1,18.96
3477,179577,10,5,4,1,11.43
3478,177842,10,100,4,1,11.26
3479,166689,10,61,5,1,26.69
3480,216567,10,25,6,1,34.01
3481,173664,10,85,4,1,11.48
3482,216561,10,47,6,1,32.46
3483,216381,10,9,6,1,32.07
3484,221862,10,68,6,1,34.5
3485,169383,10,21,4,1,12.0
3486,169368,10,57,4,1,12.53
3487,222540,10,106,6,1,25.62
3488,222450,10,109,6,1,30.94
3489,166718,10,11,5,1,19.15
3490,216615,10,55,6,1,33.0
3491,175956,10,121,5,1,17.87
3492,169352,10,42,4,1,12.32
3493,169381,10,64,4,1,13.32
3494,216513,10,12,6,1,33.25
3495,166715,10,53,5,1,20.8
3496,173665,10,91,4,1,11.41
3497,166694,10,62,5,1,22.35
3498,175941,10,111,5,1,24.41
3499,219984,10,4,6,1,34.07
3500,169359,10,58,4,1,11.84
3501,216507,10,51,6,1,36.2
3502,172134,10,85,5,1,14.91
3503,169353,10,30,4,1,12.77
3504,175947,10,135,5,1,27.36
3505,177823,10,103,4,1,11.73
3506,221904,10,83,6,1,33.01
3507,221856,10,70,6,1,36.12
3508,172135,10,91,5,1,10.82
3509,221982,10,91,6,1,35.76
3510,172114,10,70,5,1,14.28
3511,166734,10,54,5,1,17.03
3512,166717,10,10,5,1,17.18
3513,216585,10,54,6,1,34.6
3514,216345,10,62,6,1,30.7
3515,216459,10,57,6,1,32.58
3516,166713,10,57,5,1,19.66
3517,166736,10,34,5,1,17.99
3518,166716,10,6,5,1,18.08
3519,175955,10,132,5,1,17.74
3520,175946,10,118,5,1,29.56
3521,177846,10,121,4,1,11.39
3522,177845,10,132,4,1,11.33
3523,177847,10,131,4,1,10.98
3524,222414,10,114,6,1,32.53
3525,222594,10,128,6,1,33.32
3526,175923,10,114,5,1,19.72
3527,169346,10,40,4,1,12.53
3528,221928,10,92,6,1,34.04
3529,173649,10,71,4,1,12.49
3530,175950,10,139,5,1,20.31
3531,221946,10,88,6,1,38.98
3532,175939,10,138,5,1,22.89
3533,169391,10,34,4,1,11.38
3534,222402,10,122,6,1,31.91
3535,169371,10,6,4,1,11.74
3536,175933,10,103,5,1,18.77
3537,175958,10,129,5,1,10.1
3538,221922,10,87,6,1,33.32
3539,222606,10,132,6,1,34.04
3540,175927,10,120,5,1,20.82
3541,166708,10,27,5,1,23.47
3542,175945,10,116,5,1,38.0
3543,216429,10,27,6,1,30.46
3544,219972,10,2,6,1,33.83
3545,222438,10,120,6,1,33.34
3546,222630,10,127,6,1,32.74
3547,222570,10,123,6,1,33.01
3548,221838,10,93,6,1,32.71
3549,222504,10,140,6,1,32.38
3550,222528,10,137,6,1,28.68
3551,172119,10,71,5,1,25.48
3552,221796,10,84,6,1,33.96
3553,172124,10,78,5,1,17.83
3554,221958,10,72,6,1,26.37
3555,221808,10,86,6,1,34.31
3556,172105,10,79,5,1,19.72
3557,166710,10,13,5,1,19.98
3558,222510,10,138,6,1,30.54
3559,172133,10,66,5,1,16.81
3560,179164,10,65,4,1,11.83
3561,216375,10,26,6,1,30.97
3562,221964,10,94,6,1,27.92
3563,221976,10,85,6,1,33.76
3564,221940,10,90,6,1,34.29
3565,172111,10,93,5,1,19.51
3566,172128,10,90,5,1,16.15
3567,166737,10,46,5,1,16.19
3568,222624,10,129,6,1,38.98
3569,172127,10,81,5,1,17.87
3570,166705,10,41,5,1,18.45
3571,221886,10,71,6,1,29.75
3572,173635,10,79,4,1,11.97
3573,221880,10,97,6,1,30.54
3574,216315,10,61,6,1,28.7
3575,172107,10,80,5,1,21.41
3576,166735,10,7,5,1,16.38
3577,173643,10,75,4,1,11.81
3578,173653,10,98,4,1,12.34
3579,177832,10,137,4,1,13.03
3580,173642,10,69,4,1,11.73
3581,169344,10,61,4,1,13.02
3582,172136,10,89,5,1,22.13
3583,169356,10,36,4,1,12.23
3584,172104,10,84,5,1,17.86
3585,216525,10,24,6,1,36.08
3586,172121,10,96,5,1,26.72
3587,169360,10,41,4,1,11.77
3588,172123,10,98,5,1,20.31
3589,169370,10,53,4,1,11.82
3590,172108,10,74,5,1,22.6
3591,172106,10,86,5,1,17.88
3592,177828,10,140,4,1,13.92
3593,179573,10,1,4,1,12.12
3594,172118,10,97,5,1,22.89
3595,216519,10,18,6,1,33.57
3596,222498,10,107,6,1,36.52
3597,175936,10,102,5,1,16.91
3598,169367,10,44,4,1,12.72
3599,169357,10,49,4,1,11.83
3600,216501,10,23,6,1,33.38
3601,173647,10,99,4,1,12.6
3602,166697,10,42,5,1,22.1
3603,166709,10,8,5,1,21.54
3604,166724,10,24,5,1,14.3
3605,177821,10,112,4,1,11.26
3606,166695,10,43,5,1,22.42
3607,177852,10,130,4,1,11.25
3608,216333,10,14,6,1,29.84
3609,216417,10,63,6,1,33.81
3610,166692,10,14,5,1,25.56
3611,166690,10,60,5,1,29.14
3612,216405,10,58,6,1,35.04
3613,222456,10,101,6,1,32.27
3614,175934,10,110,5,1,18.96
3615,222486,10,104,6,1,36.12
3616,222468,10,134,6,1,32.71
3617,221892,10,76,6,1,30.52
3618,172125,10,87,5,1,18.49
3619,169376,10,51,4,1,11.37
3620,221988,10,89,6,1,32.24
3621,221934,10,81,6,1,33.52
3622,222444,10,117,6,1,32.54
3623,172122,10,83,5,1,20.91
3624,172112,10,69,5,1,18.77
3625,166711,10,20,5,1,17.63
3626,175944,10,106,5,1,34.75
3627,216387,10,36,6,1,31.87
3628,173661,10,72,4,1,14.42
3629,173660,10,95,4,1,14.46
3630,216285,10,29,6,1,27.69
3631,172132,10,94,5,1,28.59
3632,177848,10,129,4,1,10.74
3633,216321,10,60,6,1,28.14
3634,216393,10,49,6,1,31.97
3635,216309,10,56,6,1,25.27
3636,216297,10,15,6,1,27.33
3637,177851,10,141,4,1,11.68
3638,216423,10,28,6,1,32.53
3639,175959,10,127,5,1,17.11
3640,173662,10,94,4,1,13.31
3641,172103,10,82,5,1,18.07
3642,169393,10,50,4,1,10.74
3643,177817,10,120,4,1,11.12
3644,172126,10,92,5,1,17.75
3645,173656,10,92,4,1,11.33
3646,169365,10,13,4,1,12.06
3647,177830,10,105,4,1,12.49
3648,222462,10,112,6,1,33.97
3649,169340,10,38,4,1,12.94
3650,177834,10,106,4,1,14.8
3651,177850,10,133,4,1,11.35
3652,219990,10,5,6,1,35.17
3653,222420,10,126,6,1,34.31
3654,222408,10,125,6,1,33.96
3655,175938,10,140,5,1,21.25
3656,816911,9,52,17,1,27.413302
3657,817033,9,62,18,1,112.29086
3658,817179,9,111,19,1,4.904957
3659,817007,9,130,18,1,14.322012
3660,817111,9,35,18,1,52.673609
3661,817075,9,53,18,1,55.032471
3662,816703,9,47,17,1,116.574889
3663,817027,9,40,18,1,108.380755
3664,817031,9,19,18,1,142.542584
3665,817325,9,35,19,1,2.348055
3666,817289,9,53,19,1,1.02288
3667,816854,9,106,17,1,107.215292
3668,816898,9,125,17,1,43.02465
3669,817233,9,39,19,1,7.299583
3670,817177,9,105,19,1,2.284612
3671,817069,9,44,18,1,61.59942
3672,816738,9,51,17,1,53.963707
3673,817081,9,11,18,1,59.923956
3674,816878,9,134,17,1,73.383475
3675,816752,9,17,17,1,64.670286
3676,817073,9,17,18,1,61.61334
3677,817319,9,47,19,1,3.684539
3678,817287,9,17,19,1,2.072889
3679,817205,9,115,19,1,4.131222
3680,817307,9,24,19,1,0.731529
3681,816816,9,65,17,1,56.995995
3682,816973,9,116,18,1,156.110522
3683,817105,9,47,18,1,111.126668
3684,817137,9,5,19,1,1.053687
3685,816812,9,29,17,1,99.861579
3686,817009,9,65,18,1,53.380219
3687,817029,9,14,18,1,67.563923
3688,817003,9,133,18,1,28.996832
3689,816951,9,110,18,1,50.188569
3690,817243,9,14,19,1,1.27622
3691,817153,9,117,19,1,5.585154
3692,817223,9,65,19,1,2.408383
3693,816788,9,32,17,1,44.762653
3694,816868,9,107,17,1,44.028578
3695,816802,9,61,17,1,127.111296
3696,816742,9,16,17,1,43.905625
3697,816880,9,112,17,1,47.536182
3698,817145,9,126,19,1,4.099779
3699,816794,9,19,17,1,151.588753
3700,816941,9,109,18,1,87.433178
3701,816931,9,126,18,1,54.570977
3702,817045,9,9,18,1,86.488885
3703,816995,9,121,18,1,50.923469
3704,816971,9,106,18,1,91.784894
3705,817061,9,27,18,1,99.773991
3706,817181,9,137,19,1,6.561422
3707,816919,9,3,18,1,104.200673
3708,816750,9,53,17,1,57.155121
3709,817021,9,56,18,1,164.734912
3710,816949,9,103,18,1,59.017358
3711,816740,9,23,17,1,50.246045
3712,817151,9,120,19,1,2.79971
3713,817257,9,26,19,1,9.950237
3714,816866,9,140,17,1,39.689993
3715,817321,9,25,19,1,2.292104
3716,817103,9,48,18,1,49.882924
3717,817169,9,102,19,1,2.101004
3718,816858,9,137,17,1,127.35141
3719,817043,9,26,18,1,82.933121
3720,817015,9,38,18,1,120.201076
3721,817185,9,106,19,1,8.522793
3722,817187,9,116,19,1,6.013005
3723,816892,9,108,17,1,91.469571
3724,817049,9,49,18,1,36.95419
3725,816744,9,11,17,1,61.48555
3726,816768,9,63,17,1,48.178637
3727,816772,9,58,17,1,73.596321
3728,816957,9,107,18,1,42.520601
3729,817271,9,63,19,1,2.959784
3730,816701,9,48,17,1,52.208311
3731,816782,9,26,17,1,95.004662
3732,816961,9,138,18,1,107.836565
3733,817201,9,100,19,1,4.060471
3734,817285,9,57,19,1,4.931669
3735,816707,9,31,17,1,93.52038
3736,817221,9,130,19,1,0.470942
3737,817023,9,61,18,1,116.050215
3738,817107,9,25,18,1,49.466968
3739,817123,9,55,18,1,25.426117
3740,817195,9,123,19,1,2.916476
3741,816908,9,2,17,1,55.793366
3742,816910,9,1,17,1,59.751255
3743,816804,9,56,17,1,178.583819
3744,816736,9,12,17,1,61.385752
3745,817215,9,127,19,1,1.129696
3746,817039,9,42,18,1,29.363149
3747,816852,9,116,17,1,173.357154
3748,817113,9,54,18,1,78.194985
3749,816824,9,127,17,1,16.897212
3750,817249,9,43,19,1,5.020524
3751,817077,9,6,18,1,65.190373
3752,817117,9,34,18,1,42.042491
3753,816882,9,101,17,1,64.367493
3754,816774,9,45,17,1,63.150589
3755,816798,9,40,17,1,115.560412
3756,816709,9,35,17,1,55.820357
3757,817231,9,15,19,1,9.354428
3758,817001,9,127,18,1,15.386635
3759,817235,9,56,19,1,4.317389
3760,817267,9,58,19,1,5.911896
3761,817291,9,6,19,1,3.667991
3762,816713,9,7,17,1,81.22738
3763,816796,9,14,17,1,71.098763
3764,817057,9,63,18,1,44.369122
3765,816886,9,117,17,1,70.657763
3766,816925,9,122,18,1,63.931031
3767,817191,9,135,19,1,3.400794
3768,817283,9,44,19,1,3.439741
3769,817309,9,37,19,1,2.104451
3770,816814,9,22,17,1,92.67125
3771,816790,9,43,17,1,75.642848
3772,817095,9,37,18,1,40.151543
3773,817097,9,64,18,1,99.945442
3774,817035,9,43,18,1,68.396365
3775,817011,9,22,18,1,80.608897
3776,817337,9,55,19,1,1.300183
3777,816808,9,15,17,1,125.530861
3778,817339,9,52,19,1,1.433544
3779,817275,9,27,19,1,7.606192
3780,816830,9,121,17,1,52.758454
3781,817199,9,113,19,1,2.487289
3782,817273,9,28,19,1,4.56663
3783,816758,9,20,17,1,51.113152
3784,817019,9,39,18,1,63.57224
3785,817303,9,12,19,1,1.590894
3786,817067,9,20,18,1,48.927133
3787,817139,9,122,19,1,4.764311
3788,816915,9,1,18,1,54.229741
3789,817317,9,48,19,1,1.705252
3790,817311,9,64,19,1,5.860954
3791,817175,9,138,19,1,5.336711
3792,817121,9,50,18,1,16.433975
3793,816870,9,102,17,1,59.679365
3794,816726,9,33,17,1,84.341787
3795,816917,9,2,18,1,52.78988
3796,817091,9,18,18,1,53.851467
3797,817241,9,40,19,1,4.659623
3798,817219,9,141,19,1,1.674453
3799,817335,9,50,19,1,0.341123
3800,816864,9,138,17,1,115.887387
3801,816746,9,10,17,1,44.069028
3802,816929,9,114,18,1,50.586364
3803,817157,9,101,19,1,1.836795
3804,817109,9,31,18,1,89.119314
3805,817017,9,15,18,1,110.39978
3806,817323,9,31,19,1,3.222418
3807,816967,9,137,18,1,116.446345
3808,816756,9,44,17,1,66.727126
3809,816828,9,131,17,1,70.492819
3810,817085,9,23,18,1,47.473032
3811,817071,9,57,18,1,83.128966
3812,817183,9,136,19,1,4.822169
3813,817217,9,133,19,1,1.51489
3814,817263,9,49,19,1,2.243973
3815,816965,9,111,18,1,136.604529
3816,817253,9,42,19,1,2.54012
3817,817259,9,9,19,1,8.494052
3818,816848,9,135,17,1,112.847633
3819,816989,9,128,18,1,68.305841
3820,816969,9,136,18,1,116.985411
3821,817305,9,18,19,1,1.513312
3822,817093,9,24,18,1,36.976971
3823,817313,9,33,19,1,1.854947
3824,817315,9,21,19,1,4.074909
3825,817251,9,32,19,1,2.328497
3826,817005,9,141,18,1,28.934604
3827,817065,9,13,18,1,39.408792
3828,816985,9,113,18,1,49.626782
3829,817155,9,109,19,1,5.74404
3830,816780,9,9,17,1,98.069252
3831,816904,9,4,17,1,62.911767
3832,817329,9,7,19,1,3.928075
3833,816896,9,114,17,1,53.707814
3834,816836,9,128,17,1,70.571653
3835,816840,9,113,17,1,53.13554
3836,816935,9,119,18,1,67.298516
3837,817131,9,2,19,1,1.975673
3838,816900,9,122,17,1,69.977818
3839,817127,9,59,18,1,13.954551
3840,817167,9,104,19,1,0.550815
3841,817299,9,23,19,1,1.525977
3842,816981,9,123,18,1,54.810379
3843,817211,9,131,19,1,1.637079
3844,816762,9,8,17,1,55.866328
3845,816806,9,39,17,1,80.631536
3846,817203,9,128,19,1,1.420697
3847,817331,9,34,19,1,1.265545
3848,817171,9,107,19,1,0.738829
3849,816748,9,6,17,1,70.247457
3850,817141,9,125,19,1,3.328257
3851,817247,9,62,19,1,5.656725
3852,817129,9,1,19,1,4.207102
3853,816728,9,64,17,1,108.529415
3854,816902,9,5,17,1,22.554813
3855,817163,9,103,19,1,1.370284
3856,816993,9,132,18,1,63.079019
3857,816820,9,141,17,1,31.020186
3858,817255,9,30,19,1,9.499395
3859,816933,9,108,18,1,80.79418
3860,816838,9,100,17,1,85.872577
3861,816778,9,36,17,1,66.582626
3862,816923,9,5,18,1,21.150329
3863,816705,9,25,17,1,52.785938
3864,816719,9,50,17,1,16.863789
3865,816894,9,126,17,1,59.737831
3866,816786,9,42,17,1,33.246774
3867,816860,9,111,17,1,146.02112
3868,816876,9,103,17,1,61.213269
3869,817013,9,29,18,1,86.478498
3870,817265,9,45,19,1,5.004538
3871,816822,9,133,17,1,31.049237
3872,817225,9,22,19,1,4.80067
3873,816890,9,119,17,1,77.131192
3874,817327,9,54,19,1,1.584772
3875,817245,9,19,19,1,4.637259
3876,817213,9,129,19,1,0.354123
3877,816947,9,134,18,1,66.888614
3878,817133,9,3,19,1,5.273241
3879,817055,9,41,18,1,32.288078
3880,816997,9,131,18,1,68.082869
3881,816754,9,57,17,1,90.087959
3882,816818,9,130,17,1,15.016569
3883,816717,9,46,17,1,77.168459
3884,816963,9,105,18,1,90.699019
3885,816826,9,129,17,1,16.335099
3886,816906,9,3,17,1,114.675321
3887,816764,9,27,17,1,110.714085
3888,817277,9,8,19,1,1.720786
3889,816856,9,136,17,1,129.296414
3890,817083,9,16,18,1,42.843821
3891,816776,9,49,17,1,40.199957
3892,817087,9,51,18,1,52.063002
3893,817173,9,140,19,1,0.801565
3894,817159,9,112,19,1,1.691178
3895,817089,9,12,18,1,59.083031
3896,816927,9,125,18,1,38.876901
3897,817143,9,114,19,1,1.63565
3898,817237,9,61,19,1,6.636848
3899,817261,9,36,19,1,4.619613
3900,816913,9,59,17,1,14.651038
3901,817119,9,46,18,1,75.183328
3902,816959,9,140,18,1,38.269256
3903,816945,9,112,18,1,45.236897
3904,817047,9,36,18,1,59.949156
3905,816953,9,104,18,1,42.334134
3906,816810,9,38,17,1,129.274786
3907,816939,9,117,18,1,63.543294
3908,816800,9,60,17,1,142.997019
3909,816844,9,123,17,1,59.554287
3910,817269,9,41,19,1,0.984211
3911,816842,9,139,17,1,111.617333
3912,816770,9,41,17,1,34.191535
3913,817147,9,108,19,1,8.36191
3914,816832,9,132,17,1,65.814709
3915,816834,9,115,17,1,95.509803
3916,816862,9,105,17,1,95.511573
3917,816732,9,24,17,1,38.506939
3918,817333,9,46,19,1,1.271424
3919,817165,9,110,19,1,1.240533
3920,817053,9,58,18,1,66.532548
3921,816874,9,110,17,1,52.710165
3922,817197,9,139,19,1,4.791577
3923,816991,9,115,18,1,90.319706
3924,817025,9,60,18,1,129.258379
3925,816760,9,13,17,1,40.567869
3926,817135,9,4,19,1,2.115043
3927,817301,9,51,19,1,0.952919
3928,816977,9,135,18,1,104.663118
3929,817149,9,119,19,1,7.731047
3930,817297,9,16,19,1,0.507971
3931,816730,9,37,17,1,43.237752
3932,816955,9,102,18,1,56.693558
3933,816979,9,124,18,1,81.525316
3934,816999,9,129,18,1,15.895466
3935,816846,9,124,17,1,91.46044
3936,816766,9,28,17,1,63.782624
3937,816784,9,30,17,1,90.625251
3938,816884,9,109,17,1,95.765905
3939,816937,9,120,18,1,46.177956
3940,816975,9,118,18,1,107.520096
3941,816724,9,21,17,1,99.965003
3942,816850,9,118,17,1,124.537406
3943,817227,9,29,19,1,8.321408
3944,816734,9,18,17,1,56.572449
3945,817229,9,38,19,1,3.901555
3946,817161,9,134,19,1,4.652621
3947,817239,9,60,19,1,5.492676
3948,817293,9,10,19,1,1.021607
3949,816888,9,120,17,1,50.450155
3950,816721,9,55,17,1,27.201953
3951,817079,9,10,18,1,42.499477
3952,817281,9,20,19,1,1.592265
3953,817341,9,59,19,1,0.488023
3954,816943,9,101,18,1,61.519367
3955,817125,9,52,18,1,25.576588
3956,817115,9,7,18,1,76.417269
3957,816983,9,139,18,1,105.070284
3958,816921,9,4,18,1,59.89126
3959,817295,9,11,19,1,0.803273
3960,817279,9,13,19,1,0.748139
3961,816987,9,100,18,1,80.982533
3962,817051,9,45,18,1,56.724193
3963,817063,9,8,18,1,53.090201
3964,817059,9,28,18,1,57.870667
3965,816792,9,62,17,1,120.892734
3966,817101,9,21,18,1,94.158319
3967,817099,9,33,18,1,81.291811
3968,816715,9,34,17,1,44.43044
3969,817189,9,118,19,1,10.458446
3970,817209,9,121,19,1,0.99201
3971,817207,9,132,19,1,2.015129
3972,816872,9,104,17,1,43.422253
3973,817041,9,30,18,1,78.842145
3974,817193,9,124,19,1,2.986114
3975,817037,9,32,18,1,41.14552
3976,816711,9,54,17,1,80.465157
3977,174173,7,66,4,1,9.09
3978,177222,8,130,4,1,9.0
3979,165821,8,63,5,1,22.01
3980,179426,7,4,5,1,21.01
3981,168503,8,35,4,1,9.95
3982,165850,8,7,5,1,23.2
3983,165841,8,64,5,1,27.33
3984,175332,8,130,5,1,16.92
3985,178482,7,130,4,1,8.71
3986,165823,8,27,5,1,29.83
3987,170241,7,36,4,1,10.7
3988,172638,7,90,5,1,19.1
3989,167580,7,43,5,1,25.47
3990,167576,7,40,5,1,27.64
3991,178481,7,141,4,1,8.99
3992,176567,7,107,5,1,19.01
3993,176577,7,135,5,1,29.99
3994,165820,8,41,5,1,23.69
3995,173130,8,77,4,1,10.2
3996,174152,7,69,4,1,9.61
3997,168459,8,61,4,1,11.2
3998,170232,7,14,4,1,10.59
3999,177181,8,122,4,1,11.5
4000,168505,8,7,4,1,9.11
4001,171617,8,81,5,1,25.35
4002,168488,8,11,4,1,10.09
4003,168470,8,9,4,1,11.81
4004,177183,8,114,4,1,11.4
4005,174157,7,99,4,1,10.33
4006,174155,7,68,4,1,9.18
4007,170252,7,44,4,1,10.45
4008,170240,7,9,4,1,10.67
4009,165852,8,46,5,1,23.48
4010,173146,8,92,4,1,9.67
4011,170261,7,51,4,1,8.94
4012,175291,8,122,5,1,21.38
4013,171616,8,92,5,1,26.13
4014,174167,7,81,4,1,9.25
4015,171601,8,93,5,1,27.5
4016,179651,7,4,4,1,9.2
4017,168468,8,30,4,1,12.47
4018,168471,8,36,4,1,12.02
4019,178470,7,139,4,1,9.89
4020,167589,7,58,5,1,19.76
4021,172621,7,93,5,1,23.77
4022,167577,7,14,5,1,27.95
4023,174146,7,86,4,1,9.68
4024,175294,8,126,5,1,23.85
4025,167590,7,41,5,1,21.2
4026,177194,8,110,4,1,10.26
4027,176553,7,114,5,1,22.06
4028,168506,8,34,4,1,9.65
4029,178442,7,125,4,1,9.65
4030,168500,8,47,4,1,10.13
4031,168487,8,10,4,1,9.49
4032,178459,7,138,4,1,10.71
4033,174176,7,89,4,1,10.78
4034,170247,7,28,4,1,10.73
4035,179277,8,5,5,1,19.14
4036,167569,7,29,5,1,31.83
4037,178457,7,107,4,1,8.89
4038,168486,8,6,4,1,9.77
4039,178446,7,119,4,1,11.0
4040,168495,8,37,4,1,9.32
4041,167596,7,20,5,1,22.02
4042,174175,7,91,4,1,8.81
4043,175313,8,136,5,1,32.97
4044,175321,8,113,5,1,24.85
4045,171609,8,71,5,1,29.31
4046,171593,8,82,5,1,21.38
4047,176592,7,130,5,1,13.05
4048,177197,8,107,4,1,9.05
4049,177191,8,112,4,1,9.41
4050,177198,8,140,4,1,11.25
4051,175299,8,109,5,1,29.32
4052,172634,7,78,5,1,21.47
4053,172615,7,79,5,1,22.06
4054,177186,8,119,4,1,12.17
4055,177196,8,102,4,1,9.49
4056,173131,8,93,4,1,10.61
4057,176565,7,104,5,1,19.1
4058,168491,8,51,4,1,9.12
4059,178460,7,105,4,1,10.62
4060,170238,7,30,4,1,11.19
4061,171612,8,83,5,1,27.27
4062,171602,8,69,5,1,28.09
4063,177200,8,105,4,1,11.46
4064,167598,7,57,5,1,23.96
4065,177188,8,117,4,1,10.22
4066,170257,7,10,4,1,9.18
4067,176579,7,123,5,1,24.32
4068,171610,8,76,5,1,29.06
4069,175329,8,127,5,1,22.81
4070,165808,8,19,5,1,28.97
4071,165848,8,35,5,1,26.85
4072,167618,7,35,5,1,22.77
4073,176563,7,103,5,1,23.43
4074,170265,7,37,4,1,9.43
4075,165832,8,10,5,1,27.32
4076,168463,8,19,4,1,10.83
4077,176588,7,129,5,1,14.07
4078,173149,8,88,4,1,7.95
4079,165801,8,15,5,1,34.44
4080,165817,8,49,5,1,21.42
4081,171594,8,84,5,1,22.66
4082,172635,7,87,5,1,22.61
4083,165845,8,47,5,1,27.19
4084,175297,8,120,5,1,26.48
4085,171620,8,95,5,1,36.54
4086,171621,8,72,5,1,36.13
4087,176574,7,106,5,1,36.03
4088,167572,7,39,5,1,42.07
4089,173141,8,96,4,1,11.26
4090,176589,7,127,5,1,19.79
4091,170233,7,19,4,1,10.41
4092,179276,8,4,5,1,25.02
4093,168507,8,46,4,1,8.86
4094,168454,8,29,4,1,11.47
4095,168465,8,43,4,1,11.62
4096,177216,8,121,4,1,9.68
4097,173148,8,90,4,1,8.85
4098,170278,7,50,4,1,7.98
4099,174168,7,90,4,1,8.65
4100,170274,7,54,4,1,9.0
4101,170235,7,43,4,1,10.88
4102,168498,8,21,4,1,9.89
4103,165813,8,30,5,1,28.16
4104,176560,7,101,5,1,25.17
4105,172644,7,85,5,1,18.22
4106,168460,8,60,4,1,11.92
4107,170224,7,29,4,1,11.63
4108,172618,7,74,5,1,26.46
4109,178441,7,122,4,1,10.09
4110,172633,7,98,5,1,24.18
4111,175310,8,105,5,1,29.31
4112,172642,7,94,5,1,31.09
4113,173155,8,91,4,1,9.1
4114,170230,7,60,4,1,11.87
4115,172639,7,88,5,1,14.07
4116,179179,7,65,4,1,9.54
4117,168467,8,42,4,1,11.65
4118,168479,8,8,4,1,10.11
4119,178462,7,137,4,1,11.01
4120,165824,8,8,5,1,28.98
4121,168472,8,49,4,1,11.49
4122,168482,8,44,4,1,10.69
4123,165853,8,50,5,1,20.98
4124,172616,7,86,5,1,21.04
4125,168508,8,50,4,1,7.94
4126,175331,8,141,5,1,19.5
4127,165818,8,45,5,1,25.18
4128,173144,8,78,4,1,9.54
4129,178461,7,111,4,1,10.41
4130,178471,7,113,4,1,9.34
4131,173125,8,79,4,1,11.4
4132,167586,7,36,5,1,23.77
4133,177207,8,135,4,1,10.64
4134,173145,8,87,4,1,9.73
4135,172628,7,97,5,1,25.21
4136,174154,7,70,4,1,9.12
4137,173134,8,70,4,1,9.45
4138,172636,7,92,5,1,21.71
4139,174153,7,75,4,1,9.8
4140,175324,8,115,5,1,25.28
4141,170269,7,48,4,1,9.67
4142,176562,7,134,5,1,23.77
4143,175300,8,101,5,1,28.86
4144,175311,8,111,5,1,29.06
4145,174170,7,95,4,1,12.96
4146,172614,7,84,5,1,20.21
4147,170262,7,12,4,1,10.0
4148,178467,7,135,4,1,10.87
4149,172631,7,96,5,1,28.66
4150,172620,7,77,5,1,22.49
4151,174171,7,72,4,1,12.66
4152,171596,8,86,5,1,23.85
4153,165812,8,42,5,1,26.91
4154,165810,8,43,5,1,27.54
4155,177218,8,129,4,1,7.95
4156,167600,7,53,5,1,25.26
4157,165807,8,14,5,1,29.45
4158,165819,8,58,5,1,22.79
4159,165856,8,59,5,1,16.69
4160,167574,7,61,5,1,28.62
4161,176575,7,116,5,1,39.17
4162,170243,7,45,4,1,9.96
4163,179427,7,5,5,1,15.35
4164,168511,8,59,4,1,9.07
4165,177211,8,113,4,1,9.54
4166,170229,7,61,4,1,10.98
4167,176571,7,111,5,1,27.07
4168,178458,7,140,4,1,10.33
4169,167585,7,9,5,1,24.44
4170,170242,7,49,4,1,10.09
4171,172626,7,73,5,1,19.01
4172,167622,7,46,5,1,19.14
4173,167604,7,16,5,1,17.65
4174,171615,8,87,5,1,26.35
4175,167578,7,19,5,1,26.99
4176,175316,8,118,5,1,33.62
4177,175315,8,116,5,1,40.59
4178,170273,7,35,4,1,9.48
4179,170275,7,7,4,1,8.97
4180,173138,8,97,4,1,12.13
4181,170228,7,56,4,1,13.12
4182,173124,8,84,4,1,10.23
4183,179648,7,1,4,1,10.14
4184,179502,8,5,4,1,9.07
4185,167608,7,18,5,1,23.63
4186,179275,8,3,5,1,32.17
4187,168504,8,54,4,1,9.48
4188,176573,7,136,5,1,31.02
4189,175312,8,137,5,1,30.23
4190,173137,8,99,4,1,10.39
4191,170231,7,40,4,1,10.69
4192,168469,8,26,4,1,12.84
4193,173126,8,86,4,1,10.14
4194,171603,8,75,5,1,28.06
4195,177213,8,128,4,1,9.73
4196,170237,7,42,4,1,10.57
4197,168476,8,63,4,1,10.29
4198,167606,7,51,5,1,19.44
4199,177217,8,131,4,1,8.85
4200,168474,8,58,4,1,9.77
4201,165837,8,12,5,1,28.14
4202,168462,8,14,4,1,11.46
4203,172630,7,76,5,1,27.07
4204,171599,8,67,5,1,28.86
4205,179501,8,4,4,1,9.38
4206,178455,7,104,4,1,9.12
4207,172622,7,69,5,1,23.43
4208,173142,8,83,4,1,9.75
4209,179424,7,2,5,1,22.7
4210,178465,7,116,4,1,14.24
4211,168510,8,52,4,1,9.02
4212,173132,8,69,4,1,10.05
4213,171604,8,70,5,1,24.61
4214,177209,8,123,4,1,9.75
4215,165840,8,37,5,1,26.43
4216,176580,7,139,5,1,24.18
4217,170271,7,25,4,1,9.38
4218,174156,7,73,4,1,8.89
4219,177193,8,103,4,1,10.05
4220,175305,8,104,5,1,24.61
4221,167573,7,56,5,1,36.22
4222,175320,8,139,5,1,27.56
4223,179499,8,2,4,1,9.97
4224,167588,7,45,5,1,22.55
4225,165806,8,40,5,1,28.96
4226,172625,7,68,5,1,21.48
4227,175295,8,108,5,1,27.02
4228,176558,7,117,5,1,25.08
4229,172623,7,75,5,1,23.64
4230,176555,7,108,5,1,25.25
4231,179104,8,65,5,1,24.77
4232,168493,8,18,4,1,10.34
4233,176572,7,137,5,1,28.66
4234,175306,8,102,5,1,26.54
4235,176581,7,113,5,1,21.48
4236,176556,7,119,5,1,26.38
4237,167570,7,38,5,1,29.22
4238,167605,7,23,5,1,23.01
4239,175330,8,133,5,1,21.8
4240,167619,7,54,5,1,21.0
4241,167595,7,13,5,1,24.2
4242,172627,7,99,5,1,25.31
4243,173128,8,74,4,1,10.67
4244,168509,8,55,4,1,9.15
4245,178468,7,124,4,1,12.19
4246,176559,7,109,5,1,26.46
4247,167593,7,27,5,1,27.14
4248,176551,7,122,5,1,20.13
4249,168477,8,28,4,1,10.44
4250,167592,7,28,5,1,25.16
4251,179425,7,3,5,1,30.58
4252,178478,7,129,4,1,7.99
4253,167614,7,48,5,1,22.59
4254,167607,7,12,5,1,24.03
4255,176552,7,125,5,1,20.21
4256,167597,7,44,5,1,25.87
4257,168480,8,13,4,1,10.0
4258,172646,7,89,5,1,25.08
4259,172619,7,67,5,1,25.17
4260,168455,8,38,4,1,10.39
4261,171626,8,89,5,1,27.07
4262,177220,8,133,4,1,8.83
4263,174163,7,98,4,1,9.89
4264,165800,8,38,5,1,31.44
4265,172641,7,72,5,1,34.61
4266,167599,7,17,5,1,25.9
4267,178448,7,117,4,1,10.57
4268,173156,8,89,4,1,11.75
4269,170244,7,58,4,1,9.5
4270,165846,8,25,5,1,24.83
4271,168464,8,62,4,1,12.24
4272,177187,8,120,4,1,8.92
4273,171618,8,90,5,1,23.39
4274,173147,8,81,4,1,9.68
4275,171623,8,66,5,1,23.79
4276,165809,8,62,5,1,25.79
4277,179134,7,65,5,1,21.11
4278,168473,8,45,4,1,10.59
4279,168461,8,40,4,1,11.63
4280,176590,7,133,5,1,17.38
4281,167609,7,24,5,1,19.16
4282,178480,7,133,4,1,8.64
4283,168483,8,57,4,1,10.69
4284,167616,7,25,5,1,21.46
4285,176583,7,128,5,1,22.61
4286,167579,7,62,5,1,24.66
4287,174162,7,83,4,1,10.05
4288,173129,8,67,4,1,10.3
4289,170267,7,33,4,1,9.23
4290,176578,7,124,5,1,33.48
4291,170250,7,13,4,1,9.84
4292,174151,7,93,4,1,10.21
4293,170249,7,8,4,1,9.9
4294,174149,7,67,4,1,9.93
4295,170264,7,24,4,1,9.09
4296,167575,7,60,5,1,31.17
4297,173140,8,76,4,1,10.79
4298,175314,8,106,5,1,37.4
4299,165816,8,36,5,1,25.37
4300,174166,7,92,4,1,9.19
4301,173133,8,75,4,1,10.26
4302,165805,8,60,5,1,33.1
4303,168485,8,53,4,1,10.38
4304,167581,7,32,5,1,23.88
4305,174160,7,76,4,1,10.41
4306,168492,8,12,4,1,10.42
4307,174169,7,88,4,1,7.99
4308,168475,8,41,4,1,10.38
4309,175308,8,140,5,1,28.63
4310,170255,7,53,4,1,9.91
4311,167571,7,15,5,1,32.87
4312,167587,7,49,5,1,20.15
4313,167568,7,22,5,1,33.43
4314,170226,7,15,4,1,11.95
4315,165843,8,21,5,1,28.7
4316,174148,7,74,4,1,10.49
4317,167582,7,42,5,1,25.0
4318,167626,7,59,5,1,12.96
4319,178473,7,128,4,1,9.52
4320,174144,7,84,4,1,9.65
4321,173153,8,66,4,1,9.29
4322,176561,7,112,5,1,22.49
4323,175318,8,124,5,1,35.16
4324,168484,8,17,4,1,10.35
4325,174158,7,97,4,1,10.71
4326,173143,8,98,4,1,9.84
4327,173127,8,80,4,1,10.22
4328,175317,8,135,5,1,32.14
4329,168489,8,16,4,1,8.85
4330,172632,7,83,5,1,24.32
4331,175303,8,103,5,1,28.09
4332,174147,7,80,4,1,10.57
4333,170254,7,17,4,1,9.98
4334,177215,8,132,4,1,9.67
4335,170225,7,38,4,1,10.62
4336,167610,7,37,5,1,23.5
4337,167612,7,33,5,1,24.01
4338,173154,8,85,4,1,9.01
4339,175309,8,138,5,1,26.37
4340,168490,8,23,4,1,10.2
4341,174174,7,85,4,1,8.77
4342,179273,8,1,5,1,24.39
4343,172643,7,66,5,1,20.2
4344,165855,8,52,5,1,19.26
4345,179500,8,3,4,1,11.98
4346,167584,7,26,5,1,26.53
4347,165830,8,53,5,1,29.02
4348,165854,8,55,5,1,22.87
4349,179149,8,65,4,1,9.86
4350,173152,8,94,4,1,11.18
4351,177205,8,116,4,1,14.3
4352,177199,8,138,4,1,12.05
4353,170248,7,27,4,1,10.52
4354,170223,7,22,4,1,12.14
4355,165814,8,26,5,1,27.96
4356,170239,7,26,4,1,11.4
4357,171606,8,73,5,1,25.32
4358,168481,8,20,4,1,10.17
4359,167611,7,64,5,1,24.14
4360,175293,8,114,5,1,23.87
4361,168496,8,64,4,1,10.21
4362,170234,7,62,4,1,10.74
4363,170246,7,63,4,1,9.6
4364,165831,8,6,5,1,26.97
4365,167594,7,8,5,1,25.68
4366,171622,8,94,5,1,33.09
4367,175323,8,128,5,1,26.35
4368,170280,7,52,4,1,8.8
4369,165851,8,34,5,1,25.48
4370,167591,7,63,5,1,19.74
4371,175298,8,117,5,1,28.07
4372,175319,8,123,5,1,27.27
4373,178479,7,127,4,1,9.02
4374,171624,8,85,5,1,22.15
4375,179498,8,1,4,1,10.95
4376,165825,8,13,5,1,27.78
4377,174172,7,94,4,1,11.28
4378,177219,8,127,4,1,9.34
4379,167623,7,50,5,1,13.95
4380,174159,7,71,4,1,10.62
4381,165803,8,56,5,1,37.91
4382,173139,8,71,4,1,11.46
4383,171597,8,80,5,1,28.07
4384,175325,8,132,5,1,26.12
4385,175326,8,121,5,1,25.35
4386,176569,7,138,5,1,25.22
4387,168466,8,32,4,1,11.39
4388,170236,7,32,4,1,10.71
4389,170268,7,21,4,1,9.79
4390,170245,7,41,4,1,9.71
4391,176557,7,120,5,1,24.1
4392,170227,7,39,4,1,15.51
4393,174164,7,78,4,1,9.33
4394,175307,8,107,5,1,25.32
4395,174145,7,79,4,1,10.26
4396,178453,7,103,4,1,9.61
4397,178477,7,131,4,1,8.65
4398,179650,7,3,4,1,11.61
4399,176582,7,100,5,1,19.23
4400,170277,7,46,4,1,8.66
4401,165799,8,29,5,1,33.64
4402,170259,7,16,4,1,8.76
4403,170260,7,23,4,1,9.72
4404,178449,7,109,4,1,10.49
4405,170279,7,55,4,1,8.87
4406,165834,8,16,5,1,24.12
4407,165836,8,51,5,1,25.71
4408,170270,7,47,4,1,9.8
4409,173136,8,73,4,1,9.05
4410,165849,8,54,5,1,25.64
4411,170281,7,59,4,1,8.75
4412,173123,8,82,4,1,11.5
4413,175327,8,131,5,1,23.39
4414,177206,8,118,4,1,11.42
4415,173150,8,95,4,1,13.02
4416,170253,7,57,4,1,10.29
4417,165815,8,9,5,1,26.34
4418,167617,7,31,5,1,21.28
4419,168458,8,56,4,1,13.03
4420,170276,7,34,4,1,9.22
4421,170258,7,11,4,1,9.64
4422,170256,7,6,4,1,9.41
4423,170272,7,31,4,1,9.28
4424,179649,7,2,4,1,9.69
4425,176586,7,121,5,1,21.22
4426,176585,7,132,5,1,21.7
4427,176576,7,118,5,1,31.8
4428,165826,8,20,5,1,26.48
4429,165802,8,39,5,1,43.08
4430,167624,7,55,5,1,19.33
4431,167625,7,52,5,1,15.24
4432,168501,8,25,4,1,9.58
4433,179652,7,5,4,1,8.8
4434,176587,7,131,5,1,19.1
4435,176584,7,115,5,1,21.67
4436,171608,8,97,5,1,26.37
4437,178464,7,106,4,1,13.21
4438,165844,8,48,5,1,26.31
4439,178475,7,132,4,1,9.19
4440,165833,8,11,5,1,28.28
4441,178447,7,120,4,1,10.48
4442,167621,7,34,5,1,21.28
4443,167603,7,11,5,1,23.77
4444,167601,7,6,5,1,22.43
4445,167615,7,47,5,1,23.52
4446,176591,7,141,5,1,16.0
4447,171625,8,91,5,1,17.87
4448,178454,7,110,4,1,9.8
4449,167613,7,21,5,1,25.25
4450,172645,7,91,5,1,14.14
4451,178476,7,121,4,1,9.25
4452,173151,8,72,4,1,12.59
4453,176566,7,102,5,1,21.48
4454,178456,7,102,4,1,9.18
4455,172624,7,70,5,1,19.1
4456,177182,8,125,4,1,10.23
4457,178466,7,118,4,1,11.56
4458,179423,7,1,5,1,22.16
4459,165842,8,33,5,1,27.31
4460,172637,7,81,5,1,21.22
4461,175304,8,110,5,1,28.06
4462,165829,8,17,5,1,29.36
4463,179274,8,2,5,1,27.17
4464,178472,7,100,4,1,8.98
4465,171611,8,96,5,1,30.23
4466,171614,8,78,5,1,24.84
4467,176564,7,110,5,1,23.64
4468,168456,8,15,4,1,11.74
4469,177203,8,136,4,1,11.89
4470,167620,7,7,5,1,19.64
4471,171595,8,79,5,1,23.87
4472,178443,7,114,4,1,10.26
4473,178445,7,108,4,1,10.99
4474,168497,8,33,4,1,9.27
4475,168494,8,24,4,1,9.41
4476,177195,8,104,4,1,9.45
4477,177185,8,108,4,1,12.21
4478,177190,8,101,4,1,10.3
4479,178452,7,134,4,1,10.21
4480,178450,7,101,4,1,9.93
4481,167583,7,30,5,1,26.64
4482,177192,8,134,4,1,10.61
4483,172629,7,71,5,1,27.83
4484,177201,8,111,4,1,10.22
4485,174143,7,82,4,1,10.09
4486,175302,8,134,5,1,27.5
4487,173135,8,68,4,1,9.49
4488,177221,8,141,4,1,9.27
4489,167602,7,10,5,1,21.93
4490,174161,7,96,4,1,11.01
4491,165847,8,31,5,1,24.96
4492,165828,8,57,5,1,27.59
4493,175322,8,100,5,1,22.8
4494,177202,8,137,4,1,11.26
4495,177212,8,100,4,1,9.1
4496,174150,7,77,4,1,9.79
4497,170251,7,20,4,1,9.74
4498,176554,7,126,5,1,21.04
4499,174165,7,87,4,1,9.52
4500,165811,8,32,5,1,26.32
4501,178474,7,115,4,1,9.25
4502,168499,8,48,4,1,9.75
4503,177214,8,115,4,1,9.57
4504,177210,8,139,4,1,9.84
4505,171619,8,88,5,1,21.08
4506,177184,8,126,4,1,10.14
4507,175296,8,119,5,1,28.03
4508,165822,8,28,5,1,28.2
4509,176570,7,105,5,1,27.83
4510,165835,8,23,5,1,27.74
4511,175328,8,129,5,1,21.08
4512,178444,7,126,4,1,9.68
4513,168502,8,31,4,1,9.65
4514,168457,8,39,4,1,15.77
4515,170263,7,18,4,1,9.87
4516,176568,7,140,5,1,25.31
4517,177204,8,106,4,1,13.18
4518,177189,8,109,4,1,10.67
4519,165839,8,24,5,1,24.73
4520,175292,8,125,5,1,22.66
4521,165838,8,18,5,1,28.08
4522,178469,7,123,4,1,10.05
4523,165798,8,22,5,1,35.11
4524,172617,7,80,5,1,25.08
4525,168478,8,27,4,1,10.62
4526,177208,8,124,4,1,12.37
4527,170266,7,64,4,1,10.56
4528,171600,8,77,5,1,26.84
4529,171613,8,98,5,1,27.56
4530,171598,8,74,5,1,29.32
4531,178451,7,112,4,1,9.79
4532,168453,8,22,4,1,12.28
4533,171607,8,99,5,1,28.63
4534,171605,8,68,5,1,26.54
4535,175301,8,112,5,1,26.84
4536,172613,7,82,5,1,20.13
4537,172640,7,95,5,1,34.84
4538,165804,8,61,5,1,30.21
4539,165827,8,44,5,1,28.81
4540,178463,7,136,4,1,11.83
4541,175880,6,125,5,1,17.94
4542,166656,6,53,5,1,23.51
4543,166658,6,10,5,1,19.2
4544,179568,6,1,4,1,10.73
4545,179569,6,2,4,1,10.92
4546,177769,6,122,4,1,10.38
4547,169306,6,13,4,1,10.96
4548,166676,6,7,5,1,17.21
4549,175900,6,137,5,1,28.52
4550,219989,6,5,6,1,26.72
4551,222419,6,126,6,1,26.72
4552,175896,6,140,5,1,23.14
4553,169311,6,53,4,1,10.84
4554,169331,6,7,4,1,9.86
4555,169335,6,55,4,1,10.58
4556,169329,6,35,4,1,10.36
4557,169337,6,59,4,1,10.39
4558,172097,6,72,5,1,35.28
4559,172096,6,95,5,1,35.65
4560,177806,6,129,4,1,9.6
4561,173627,6,72,4,1,13.83
4562,173626,6,95,4,1,13.91
4563,172101,6,91,5,1,11.98
4564,177809,6,141,4,1,10.73
4565,172098,6,94,5,1,30.89
4566,172069,6,82,5,1,19.51
4567,177777,6,109,4,1,11.71
4568,177792,6,106,4,1,14.29
4569,173622,6,92,4,1,10.13
4570,175918,6,133,5,1,14.92
4571,177808,6,133,4,1,10.36
4572,172085,6,71,5,1,28.08
4573,222527,6,137,6,1,21.31
4574,173621,6,87,4,1,10.56
4575,172077,6,93,5,1,22.28
4576,173623,6,81,4,1,10.13
4577,173599,6,82,4,1,10.38
4578,177802,6,115,4,1,10.09
4579,175887,6,109,5,1,25.21
4580,169328,6,31,4,1,10.1
4581,166673,6,31,5,1,18.96
4582,175917,6,127,5,1,18.19
4583,172100,6,85,5,1,16.06
4584,169333,6,46,4,1,9.67
4585,169315,6,16,4,1,10.36
4586,222599,6,115,6,1,25.43
4587,222515,6,105,6,1,21.52
4588,175902,6,106,5,1,37.13
4589,173628,6,94,4,1,12.54
4590,173630,6,85,4,1,10.5
4591,166678,6,46,5,1,16.02
4592,166660,6,16,5,1,13.73
4593,166674,6,35,5,1,19.99
4594,175915,6,131,5,1,16.05
4595,166646,6,41,5,1,19.41
4596,166644,6,45,5,1,21.07
4597,175919,6,141,5,1,14.0
4598,177803,6,132,4,1,10.13
4599,169336,6,52,4,1,10.56
4600,166666,6,37,5,1,21.22
4601,169324,6,21,4,1,10.83
4602,216428,6,27,6,1,22.71
4603,222635,6,133,6,1,26.48
4604,222581,6,113,6,1,26.29
4605,222641,6,141,6,1,26.04
4606,177801,6,128,4,1,10.56
4607,166651,6,13,5,1,21.76
4608,216290,6,38,6,1,21.59
4609,166680,6,55,5,1,17.45
4610,169325,6,48,4,1,10.85
4611,169318,6,12,4,1,10.97
4612,172092,6,92,5,1,18.59
4613,166670,6,48,5,1,19.71
4614,216332,6,14,6,1,21.56
4615,216416,6,63,6,1,26.58
4616,216404,6,58,6,1,27.83
4617,216344,6,62,6,1,21.92
4618,169301,6,41,4,1,10.34
4619,169313,6,10,4,1,10.54
4620,177807,6,127,4,1,10.75
4621,166639,6,30,5,1,26.88
4622,175911,6,128,5,1,19.91
4623,173631,6,91,4,1,10.5
4624,169326,6,47,4,1,10.67
4625,216380,6,9,6,1,23.67
4626,169296,6,9,4,1,11.05
4627,169284,6,56,4,1,14.16
4628,216374,6,26,6,1,22.21
4629,216302,6,39,6,1,14.38
4630,216512,6,12,6,1,25.39
4631,175905,6,135,5,1,29.28
4632,222623,6,129,6,1,33.59
4633,166671,6,47,5,1,21.16
4634,216464,6,17,6,1,23.65
4635,216572,6,31,6,1,25.16
4636,166641,6,9,5,1,23.88
4637,219983,6,4,6,1,26.85
4638,175914,6,121,5,1,18.49
4639,175913,6,132,5,1,18.59
4640,179346,6,4,5,1,18.15
4641,216278,6,22,6,1,19.11
4642,221981,6,91,6,1,27.13
4643,166629,6,56,5,1,37.14
4644,177781,6,103,4,1,10.77
4645,177805,6,131,4,1,9.65
4646,216536,6,64,6,1,26.36
4647,216350,6,43,6,1,23.97
4648,216284,6,29,6,1,20.46
4649,179570,6,3,4,1,12.55
4650,177774,6,119,4,1,11.44
4651,222611,6,121,6,1,26.14
4652,175903,6,116,5,1,40.99
4653,166653,6,44,5,1,24.63
4654,216524,6,24,6,1,28.95
4655,216362,6,42,6,1,23.39
4656,216434,6,8,6,1,23.92
4657,175891,6,103,5,1,21.32
4658,175916,6,129,5,1,8.57
4659,175893,6,104,5,1,15.47
4660,173615,6,71,4,1,11.36
4661,169289,6,19,4,1,11.48
4662,216590,6,7,6,1,26.28
4663,216326,6,40,6,1,21.3
4664,169334,6,50,4,1,9.6
4665,216410,6,41,6,1,26.1
4666,216398,6,45,6,1,25.56
4667,216578,6,35,6,1,25.43
4668,221945,6,88,6,1,33.59
4669,221867,6,73,6,1,29.64
4670,166634,6,19,5,1,26.38
4671,172094,6,90,5,1,16.05
4672,216386,6,36,6,1,23.55
4673,172099,6,66,5,1,17.8
4674,175897,6,138,5,1,25.61
4675,169294,6,30,4,1,11.55
4676,216542,6,33,6,1,25.51
4677,216626,6,59,6,1,27.63
4678,216548,6,21,6,1,24.94
4679,216440,6,13,6,1,25.32
4680,222401,6,122,6,1,23.67
4681,222569,6,123,6,1,26.08
4682,166681,6,52,5,1,12.89
4683,216620,6,52,6,1,26.99
4684,172090,6,78,5,1,19.24
4685,172071,6,79,5,1,21.15
4686,216530,6,37,6,1,26.26
4687,169332,6,34,4,1,10.12
4688,169314,6,11,4,1,10.78
4689,169312,6,6,4,1,10.77
4690,221957,6,72,6,1,18.99
4691,221915,6,78,6,1,26.29
4692,221807,6,86,6,1,26.72
4693,221891,6,76,6,1,22.84
4694,166677,6,34,5,1,18.47
4695,216584,6,54,6,1,27.2
4696,221963,6,94,6,1,20.44
4697,221975,6,85,6,1,25.76
4698,166675,6,54,5,1,17.65
4699,222485,6,104,6,1,28.97
4700,222479,6,110,6,1,25.47
4701,179344,6,2,5,1,20.14
4702,175892,6,110,5,1,21.39
4703,222455,6,101,6,1,24.33
4704,222467,6,134,6,1,24.63
4705,172079,6,75,5,1,21.39
4706,221927,6,92,6,1,26.48
4707,173601,6,79,4,1,10.6
4708,222407,6,125,6,1,26.82
4709,221933,6,81,6,1,26.14
4710,221987,6,89,6,1,23.86
4711,222563,6,124,6,1,18.88
4712,222557,6,135,6,1,21.16
4713,175894,6,102,5,1,18.95
4714,172087,6,96,5,1,28.52
4715,172074,6,74,5,1,25.21
4716,177810,6,130,4,1,10.37
4717,166642,6,36,5,1,23.31
4718,177790,6,137,4,1,12.13
4719,172081,6,68,5,1,18.95
4720,172095,6,88,5,1,8.57
4721,222443,6,117,6,1,25.56
4722,173619,6,98,4,1,11.13
4723,169327,6,25,4,1,10.27
4724,169285,6,61,4,1,12.13
4725,177779,6,112,4,1,10.08
4726,173625,6,88,4,1,9.6
4727,177786,6,140,4,1,12.74
4728,172089,6,98,5,1,21.66
4729,172070,6,84,5,1,17.94
4730,173609,6,75,4,1,10.81
4731,177793,6,116,4,1,15.05
4732,175888,6,101,5,1,23.2
4733,172083,6,99,5,1,23.14
4734,179345,6,3,5,1,30.87
4735,177789,6,111,4,1,10.95
4736,177795,6,135,4,1,12.26
4737,177796,6,124,4,1,13.16
4738,175904,6,118,5,1,31.61
4739,175895,6,107,5,1,15.22
4740,177787,6,138,4,1,10.76
4741,172088,6,83,5,1,21.87
4742,175899,6,111,5,1,26.42
4743,175912,6,115,5,1,19.35
4744,177770,6,125,4,1,10.33
4745,177800,6,100,4,1,9.87
4746,175901,6,136,5,1,30.94
4747,177794,6,118,4,1,12.9
4748,177783,6,104,4,1,10.35
4749,175884,6,119,5,1,26.46
4750,177798,6,139,4,1,11.13
4751,175908,6,139,5,1,21.66
4752,222647,6,130,6,1,27.77
4753,219692,6,65,6,1,26.0
4754,166648,6,28,5,1,22.74
4755,166636,6,43,5,1,24.8
4756,175909,6,113,5,1,19.25
4757,179343,6,1,5,1,20.83
4758,175886,6,117,5,1,22.6
4759,166664,6,18,5,1,21.21
4760,166665,6,24,5,1,15.52
4761,166638,6,42,5,1,24.69
4762,175889,6,112,5,1,19.51
4763,175907,6,123,5,1,21.87
4764,166645,6,58,5,1,17.24
4765,166631,6,60,5,1,31.12
4766,177776,6,117,4,1,12.17
4767,169330,6,54,4,1,9.98
4768,169316,6,23,4,1,10.78
4769,221843,6,69,6,1,25.54
4770,221855,6,70,6,1,28.97
4771,169303,6,28,4,1,12.26
4772,179118,6,65,5,1,18.9
4773,166662,6,51,5,1,15.63
4774,175906,6,124,5,1,34.41
4775,169291,6,43,4,1,11.68
4776,169280,6,29,4,1,12.97
4777,169305,6,8,4,1,11.0
4778,169319,6,18,4,1,10.88
4779,169307,6,20,4,1,10.74
4780,172073,6,80,5,1,22.6
4781,166672,6,25,5,1,19.23
4782,175920,6,130,5,1,10.8
4783,172102,6,89,5,1,24.57
4784,166661,6,23,5,1,20.75
4785,216608,6,50,6,1,33.69
4786,169308,6,44,4,1,11.68
4787,169298,6,49,4,1,10.38
4788,221837,6,93,6,1,24.63
4789,216500,6,23,6,1,25.58
4790,216566,6,25,6,1,26.29
4791,169286,6,60,4,1,12.95
4792,166650,6,8,5,1,23.83
4793,222437,6,120,6,1,25.23
4794,221861,6,68,6,1,26.86
4795,172076,6,77,5,1,19.51
4796,177804,6,121,4,1,10.13
4797,172093,6,81,5,1,18.49
4798,216296,6,15,6,1,20.26
4799,166663,6,12,5,1,21.58
4800,169304,6,27,4,1,11.74
4801,169321,6,37,4,1,10.83
4802,216338,6,19,6,1,22.83
4803,216482,6,10,6,1,27.36
4804,216470,6,53,6,1,24.18
4805,177773,6,108,4,1,11.33
4806,221849,6,75,6,1,25.47
4807,216446,6,20,6,1,26.66
4808,216554,6,48,6,1,26.1
4809,166630,6,61,5,1,28.43
4810,169287,6,40,4,1,11.4
4811,221903,6,83,6,1,26.08
4812,216494,6,16,6,1,30.59
4813,216506,6,51,6,1,29.33
4814,216602,6,46,6,1,27.75
4815,221825,6,67,6,1,24.33
4816,221951,6,95,6,1,18.64
4817,177782,6,110,4,1,10.81
4818,221909,6,98,6,1,25.7
4819,221885,6,71,6,1,21.52
4820,221813,6,80,6,1,25.56
4821,221921,6,87,6,1,25.58
4822,216518,6,18,6,1,25.74
4823,169292,6,32,4,1,11.49
4824,216368,6,30,6,1,22.3
4825,169295,6,26,4,1,11.58
4826,216392,6,49,6,1,23.73
4827,216308,6,56,6,1,17.76
4828,216452,6,44,6,1,23.35
4829,216560,6,47,6,1,24.53
4830,216320,6,60,6,1,20.78
4831,216476,6,6,6,1,25.56
4832,216488,6,11,6,1,25.28
4833,216596,6,34,6,1,26.36
4834,216422,6,28,6,1,25.45
4835,216356,6,32,6,1,25.51
4836,216614,6,55,6,1,24.87
4837,169299,6,45,4,1,10.64
4838,169281,6,38,4,1,12.04
4839,179572,6,5,4,1,10.5
4840,177784,6,102,4,1,10.59
4841,169309,6,57,4,1,11.5
4842,222461,6,112,6,1,26.28
4843,222587,6,100,6,1,26.29
4844,222503,6,140,6,1,24.76
4845,177791,6,136,4,1,12.91
4846,169279,6,22,4,1,13.15
4847,177771,6,114,4,1,10.6
4848,177799,6,113,4,1,10.23
4849,173608,6,69,4,1,10.77
4850,177778,6,101,4,1,10.92
4851,177780,6,134,4,1,11.45
4852,219965,6,1,6,1,25.3
4853,166682,6,59,5,1,10.81
4854,169297,6,36,4,1,10.92
4855,173602,6,86,4,1,10.44
4856,173620,6,78,4,1,10.23
4857,169290,6,62,4,1,10.99
4858,169288,6,14,4,1,11.3
4859,173600,6,84,4,1,10.33
4860,177775,6,120,4,1,9.74
4861,177785,6,107,4,1,10.38
4862,166669,6,21,5,1,22.96
4863,177797,6,123,4,1,11.6
4864,166626,6,38,5,1,28.32
4865,169283,6,39,4,1,16.03
4866,166637,6,32,5,1,22.71
4867,177788,6,105,4,1,11.36
4868,166624,6,22,5,1,34.24
4869,172080,6,70,5,1,15.47
4870,169300,6,58,4,1,10.37
4871,169302,6,63,4,1,10.24
4872,173614,6,97,4,1,11.03
4873,166635,6,62,5,1,25.04
4874,172072,6,86,5,1,19.03
4875,166628,6,39,5,1,45.0
4876,222491,6,102,6,1,26.86
4877,222629,6,127,6,1,24.42
4878,175881,6,114,5,1,21.15
4879,222413,6,114,6,1,24.47
4880,222449,6,109,6,1,23.08
4881,166659,6,11,5,1,21.82
4882,222605,6,132,6,1,26.48
4883,175879,6,122,5,1,19.51
4884,166654,6,57,5,1,22.47
4885,166657,6,6,5,1,20.38
4886,175898,6,105,5,1,28.08
4887,175885,6,120,5,1,23.0
4888,166632,6,40,5,1,28.01
4889,175883,6,108,5,1,24.99
4890,175890,6,134,5,1,22.28
4891,166640,6,26,5,1,26.75
4892,173603,6,80,4,1,12.17
4893,166633,6,14,5,1,28.22
4894,179347,6,5,5,1,13.19
4895,175910,6,100,5,1,16.77
4896,166649,6,27,5,1,25.95
4897,166667,6,64,5,1,21.4
4898,166679,6,50,5,1,8.44
4899,173612,6,73,4,1,10.38
4900,166647,6,63,5,1,17.61
4901,172082,6,73,5,1,15.22
4902,173610,6,70,4,1,10.35
4903,169310,6,17,4,1,10.96
4904,169323,6,33,4,1,10.37
4905,169322,6,64,4,1,12.12
4906,221789,6,82,6,1,23.67
4907,221819,6,74,6,1,23.08
4908,175882,6,126,5,1,19.03
4909,172078,6,69,5,1,21.32
4910,173618,6,83,4,1,11.6
4911,221795,6,84,6,1,26.82
4912,221879,6,97,6,1,21.82
4913,172084,6,97,5,1,25.61
4914,172091,6,87,5,1,19.91
4915,173616,6,76,4,1,11.5
4916,172086,6,76,5,1,26.42
4917,173605,6,67,4,1,10.92
4918,177772,6,126,4,1,10.44
4919,221897,6,96,6,1,21.31
4920,221831,6,77,6,1,26.28
4921,221801,6,79,6,1,24.47
4922,172075,6,67,5,1,23.2
4923,173613,6,99,4,1,11.52
4924,173611,6,68,4,1,10.59
4925,173604,6,74,4,1,11.71
4926,221873,6,99,6,1,24.76
4927,173606,6,77,4,1,10.79
4928,173617,6,96,4,1,12.13
4929,222425,6,108,6,1,23.08
4930,222533,6,136,6,1,20.87
4931,222521,6,111,6,1,22.84
4932,222593,6,128,6,1,25.58
4933,222509,6,138,6,1,21.82
4934,166625,6,29,5,1,31.63
4935,222551,6,118,6,1,20.56
4936,219971,6,2,6,1,26.27
4937,222545,6,116,6,1,16.13
4938,166655,6,17,5,1,24.26
4939,222473,6,103,6,1,25.54
4940,219977,6,3,6,1,20.44
4941,222497,6,107,6,1,29.64
4942,222431,6,119,6,1,22.64
4943,173632,6,89,4,1,11.35
4944,166668,6,33,5,1,21.71
4945,173624,6,90,4,1,9.65
4946,179163,6,65,4,1,10.7
4947,169317,6,51,4,1,10.38
4948,222539,6,106,6,1,18.19
4949,166652,6,20,5,1,18.95
4950,173629,6,66,4,1,9.96
4951,169282,6,15,4,1,13.34
4952,179571,6,4,4,1,10.27
4953,169320,6,24,4,1,10.33
4954,169293,6,42,4,1,11.02
4955,173607,6,93,4,1,11.45
4956,221939,6,90,6,1,27.59
4957,221969,6,66,6,1,25.94
4958,166627,6,15,5,1,32.98
4959,166643,6,49,5,1,19.53
4960,216314,6,61,6,1,21.38
4961,216458,6,57,6,1,24.49
4962,222575,6,139,6,1,25.7
4963,222617,6,131,6,1,27.59
4964,131499,5,141,14,1,17.8
4965,131489,5,113,14,1,14.1
4966,131461,5,114,14,1,18.8
4967,131481,5,136,14,1,11.1
4968,151412,5,139,13,1,3.0
4969,131442,5,100,7,1,22.1
4970,131370,5,117,8,1,28.2
4971,131398,5,121,8,1,41.6
4972,131376,5,110,8,1,57.9
4973,131504,5,3,14,1,15.0
4974,131475,5,107,14,1,22.3
4975,131464,5,119,14,1,24.1
4976,131440,5,139,7,1,75.2
4977,131534,5,124,16,1,5.8
4978,131393,5,113,8,1,9.3
4979,131416,5,119,7,1,249.3
4980,131519,5,103,16,1,11.8
4981,131550,5,1,16,1,20.6
4982,151390,5,117,13,1,3.6
4983,131579,5,116,15,1,47.9
4984,131513,5,120,16,1,30.2
4985,151575,5,122,11,1,7.5
4986,151541,5,104,12,1,21.5
4987,151610,5,121,11,1,7.5
4988,131366,5,126,8,1,57.5
4989,131471,5,103,14,1,19.9
4990,151430,5,5,13,1,7.8
4991,151403,5,111,13,1,4.7
4992,131474,5,102,14,1,16.5
4993,131485,5,135,14,1,18.5
4994,151565,5,127,12,1,21.2
4995,131379,5,107,8,1,19.8
4996,151469,5,127,9,1,118.8
4997,131429,5,138,7,1,138.5
4998,131549,5,65,16,1,14.1
4999,151482,5,126,10,1,58.1
5000,131409,5,4,8,1,23.1
5001,131539,5,128,16,1,12.4
5002,131448,5,129,7,1,111.8
5003,131423,5,103,7,1,19.5
5004,131547,5,141,16,1,13.5
5005,131413,5,114,7,1,122.8
5006,131441,5,113,7,1,38.0
5007,131518,5,134,16,1,12.5
5008,131419,5,109,7,1,89.1
5009,151521,5,65,10,1,47.4
5010,131433,5,136,7,1,35.5
5011,151617,5,65,11,1,7.0
5012,131501,5,65,14,1,17.8
5013,151399,5,107,13,1,8.9
5014,151489,5,112,10,1,95.0
5015,151405,5,136,13,1,4.0
5016,131530,5,106,16,1,9.0
5017,151496,5,140,10,1,113.7
5018,131488,5,139,14,1,13.2
5019,131450,5,133,7,1,76.1
5020,131546,5,133,16,1,17.3
5021,131466,5,117,14,1,20.5
5022,131500,5,130,14,1,15.2
5023,131595,5,141,15,1,58.3
5024,131465,5,120,14,1,25.0
5025,131469,5,112,14,1,22.4
5026,131412,5,125,7,1,73.4
5027,151530,5,126,12,1,34.2
5028,131462,5,126,14,1,19.3
5029,131476,5,140,14,1,26.9
5030,131480,5,137,14,1,12.0
5031,131506,5,5,14,1,16.3
5032,151388,5,119,13,1,2.8
5033,151411,5,123,13,1,3.5
5034,131490,5,100,14,1,12.5
5035,151408,5,118,13,1,3.4
5036,131587,5,128,15,1,45.7
5037,131478,5,105,14,1,19.7
5038,131498,5,133,14,1,16.9
5039,131495,5,131,14,1,14.5
5040,131533,5,135,16,1,15.5
5041,131508,5,125,16,1,18.6
5042,131363,5,122,8,1,25.4
5043,131401,5,127,8,1,64.5
5044,131522,5,102,16,1,10.4
5045,131566,5,134,15,1,38.7
5046,151429,5,4,13,1,4.5
5047,131505,5,4,14,1,15.8
5048,131553,5,4,16,1,11.4
5049,151525,5,4,10,1,27.0
5050,131548,5,130,16,1,11.7
5051,151393,5,112,13,1,3.5
5052,151386,5,126,13,1,4.5
5053,151404,5,137,13,1,4.1
5054,131452,5,130,7,1,21.0
5055,151385,5,114,13,1,4.0
5056,131541,5,132,16,1,10.5
5057,131538,5,100,16,1,10.2
5058,131542,5,121,16,1,12.7
5059,151477,5,4,9,1,84.1
5060,131558,5,126,15,1,54.5
5061,131457,5,4,7,1,74.8
5062,131527,5,111,16,1,29.2
5063,131516,5,101,16,1,16.3
5064,131529,5,136,16,1,9.2
5065,131431,5,111,7,1,299.4
5066,151599,5,116,11,1,2.1
5067,131562,5,117,15,1,45.6
5068,131453,5,65,7,1,106.8
5069,151383,5,122,13,1,8.6
5070,151410,5,124,13,1,2.8
5071,151588,5,110,11,1,7.3
5072,151618,5,1,11,1,13.7
5073,151581,5,120,11,1,16.0
5074,151397,5,104,13,1,5.7
5075,151387,5,108,13,1,2.7
5076,151413,5,113,13,1,5.4
5077,151589,5,104,11,1,7.1
5078,131374,5,134,8,1,35.0
5079,131569,5,104,15,1,49.7
5080,131589,5,132,15,1,37.1
5081,131512,5,119,16,1,27.6
5082,131367,5,108,8,1,131.3
5083,151423,5,141,13,1,9.7
5084,151406,5,106,13,1,3.4
5085,151615,5,141,11,1,4.7
5086,151395,5,103,13,1,5.3
5087,151605,5,113,11,1,2.6
5088,151597,5,136,11,1,1.4
5089,131395,5,128,8,1,14.9
5090,131365,5,114,8,1,68.7
5091,151414,5,100,13,1,4.5
5092,151392,5,101,13,1,4.8
5093,131456,5,3,7,1,144.3
5094,151394,5,134,13,1,4.1
5095,151415,5,128,13,1,5.5
5096,131602,5,5,15,1,51.7
5097,131571,5,107,15,1,63.4
5098,131570,5,102,15,1,53.6
5099,151564,5,129,12,1,23.6
5100,151468,5,129,9,1,137.4
5101,151436,5,119,9,1,202.0
5102,131573,5,138,15,1,46.0
5103,131454,5,1,7,1,128.2
5104,151532,5,119,12,1,38.2
5105,131564,5,101,15,1,55.9
5106,151577,5,114,11,1,14.4
5107,151416,5,115,13,1,4.8
5108,151402,5,105,13,1,4.3
5109,151572,5,3,12,1,19.9
5110,151584,5,101,11,1,13.5
5111,151554,5,124,12,1,9.5
5112,151586,5,134,11,1,6.5
5113,151539,5,103,12,1,5.1
5114,151443,5,103,9,1,22.7
5115,151481,5,114,10,1,73.6
5116,131600,5,3,15,1,50.0
5117,151553,5,135,12,1,14.2
5118,151458,5,124,9,1,56.8
5119,131576,5,137,15,1,48.9
5120,151398,5,102,13,1,7.2
5121,151501,5,136,10,1,9.3
5122,131574,5,105,15,1,63.6
5123,131588,5,115,15,1,43.4
5124,151608,5,115,11,1,3.7
5125,151498,5,105,10,1,130.4
5126,151512,5,115,10,1,20.7
5127,131578,5,106,15,1,39.7
5128,131556,5,125,15,1,57.0
5129,151428,5,3,13,1,3.8
5130,151462,5,100,9,1,27.5
5131,151591,5,107,11,1,6.0
5132,151407,5,116,13,1,3.6
5133,151396,5,110,13,1,3.9
5134,151574,5,5,12,1,12.5
5135,151389,5,120,13,1,3.1
5136,151420,5,129,13,1,9.0
5137,151418,5,121,13,1,5.2
5138,151419,5,131,13,1,4.3
5139,151478,5,5,9,1,67.9
5140,151409,5,135,13,1,4.0
5141,131514,5,117,16,1,10.0
5142,131402,5,133,8,1,42.9
5143,151579,5,108,11,1,18.9
5144,151595,5,111,11,1,17.4
5145,151614,5,133,11,1,9.5
5146,151604,5,139,11,1,3.0
5147,151544,5,140,12,1,41.2
5148,151609,5,132,11,1,4.1
5149,131572,5,140,15,1,50.0
5150,151603,5,123,11,1,4.1
5151,151582,5,117,11,1,3.5
5152,151613,5,127,11,1,12.1
5153,151391,5,109,13,1,4.2
5154,131583,5,123,15,1,39.8
5155,131593,5,127,15,1,49.1
5156,151590,5,102,11,1,2.9
5157,131544,5,129,16,1,18.8
5158,151569,5,65,12,1,22.7
5159,151507,5,123,10,1,27.1
5160,131535,5,123,16,1,12.3
5161,131545,5,127,16,1,16.6
5162,131477,5,138,14,1,18.1
5163,131455,5,2,7,1,93.1
5164,131515,5,109,16,1,13.1
5165,131540,5,115,16,1,9.7
5166,131497,5,127,14,1,16.4
5167,131403,5,141,8,1,16.0
5168,131425,5,104,7,1,81.7
5169,151466,5,121,9,1,144.7
5170,151562,5,121,12,1,28.3
5171,151533,5,120,12,1,43.6
5172,151475,5,2,9,1,101.0
5173,151571,5,2,12,1,20.9
5174,151552,5,118,12,1,6.2
5175,151455,5,116,9,1,70.0
5176,151551,5,116,12,1,10.6
5177,131487,5,123,14,1,15.6
5178,151456,5,118,9,1,24.2
5179,131434,5,106,7,1,88.6
5180,151596,5,137,11,1,2.8
5181,131459,5,122,14,1,18.3
5182,131507,5,122,16,1,18.6
5183,131437,5,135,7,1,151.9
5184,131525,5,138,16,1,12.5
5185,131438,5,124,7,1,57.2
5186,151486,5,117,10,1,26.9
5187,151463,5,128,9,1,56.3
5188,151538,5,134,12,1,10.8
5189,151422,5,133,13,1,8.4
5190,151442,5,134,9,1,59.5
5191,131444,5,115,7,1,47.7
5192,151440,5,101,9,1,191.4
5193,151536,5,101,12,1,40.2
5194,151384,5,125,13,1,5.4
5195,151471,5,141,9,1,47.3
5196,131411,5,122,7,1,60.7
5197,151567,5,141,12,1,10.0
5198,131449,5,127,7,1,92.0
5199,151497,5,138,10,1,41.7
5200,151517,5,127,10,1,84.7
5201,151557,5,113,12,1,11.2
5202,151621,5,4,11,1,4.2
5203,151461,5,113,9,1,40.0
5204,151531,5,108,12,1,39.6
5205,151448,5,140,9,1,185.8
5206,151425,5,65,13,1,4.7
5207,151435,5,108,9,1,183.9
5208,151598,5,106,11,1,2.8
5209,151479,5,122,10,1,26.5
5210,131389,5,135,8,1,45.5
5211,151401,5,138,13,1,3.2
5212,151537,5,112,12,1,29.8
5213,131470,5,134,14,1,17.1
5214,151594,5,105,11,1,10.3
5215,151421,5,127,13,1,5.7
5216,131482,5,106,14,1,11.7
5217,151560,5,115,12,1,13.6
5218,151432,5,125,9,1,79.3
5219,151439,5,109,9,1,95.3
5220,151510,5,100,10,1,7.8
5221,151454,5,106,9,1,91.6
5222,151550,5,106,12,1,14.1
5223,131460,5,125,14,1,16.2
5224,131591,5,131,15,1,34.4
5225,131428,5,140,7,1,184.6
5226,131467,5,109,14,1,19.8
5227,151480,5,125,10,1,42.2
5228,131432,5,137,7,1,74.2
5229,131598,5,1,15,1,55.0
5230,131364,5,125,8,1,37.6
5231,131560,5,119,15,1,55.8
5232,131510,5,126,16,1,19.7
5233,131554,5,5,16,1,14.2
5234,151502,5,106,10,1,24.6
5235,131473,5,104,14,1,18.3
5236,131472,5,110,14,1,18.5
5237,131483,5,116,14,1,12.9
5238,131384,5,137,8,1,25.5
5239,131493,5,132,14,1,19.9
5240,131502,5,1,14,1,18.8
5241,151600,5,118,11,1,1.0
5242,131380,5,140,8,1,106.8
5243,131503,5,2,14,1,20.6
5244,131439,5,123,7,1,79.4
5245,151534,5,117,12,1,10.3
5246,131484,5,118,14,1,9.6
5247,131494,5,121,14,1,18.9
5248,131521,5,104,16,1,12.5
5249,131551,5,2,16,1,13.3
5250,131378,5,102,8,1,11.3
5251,151611,5,131,11,1,5.0
5252,151612,5,129,11,1,9.0
5253,151518,5,133,10,1,58.1
5254,151508,5,139,10,1,16.1
5255,151606,5,100,11,1,2.2
5256,131392,5,139,8,1,15.6
5257,151587,5,103,11,1,3.8
5258,151620,5,3,11,1,4.9
5259,151592,5,140,11,1,13.6
5260,151578,5,126,11,1,11.7
5261,131563,5,109,15,1,40.5
5262,151487,5,109,10,1,43.5
5263,151580,5,119,11,1,16.4
5264,151601,5,135,11,1,5.6
5265,151602,5,124,11,1,2.6
5266,131399,5,131,8,1,27.4
5267,131390,5,124,8,1,25.7
5268,151417,5,132,13,1,4.0
5269,151426,5,1,13,1,4.1
5270,131524,5,140,16,1,18.2
5271,131523,5,107,16,1,15.4
5272,131552,5,3,16,1,12.6
5273,131400,5,129,8,1,47.8
5274,151585,5,112,11,1,11.5
5275,131410,5,5,8,1,28.1
5276,151516,5,129,10,1,59.7
5277,151515,5,131,10,1,35.5
5278,151495,5,107,10,1,24.0
5279,151505,5,135,10,1,42.5
5280,151506,5,124,10,1,27.0
5281,151491,5,103,10,1,15.4
5282,151622,5,5,11,1,6.8
5283,151529,5,114,12,1,43.6
5284,131584,5,139,15,1,33.2
5285,131427,5,107,7,1,35.1
5286,131594,5,133,15,1,54.3
5287,131557,5,114,15,1,49.6
5288,151424,5,130,13,1,7.3
5289,131408,5,3,8,1,45.7
5290,151400,5,140,13,1,3.7
5291,151494,5,102,10,1,13.7
5292,151524,5,3,10,1,43.2
5293,151566,5,133,12,1,16.0
5294,151470,5,133,9,1,101.7
5295,131532,5,118,16,1,5.4
5296,131536,5,139,16,1,9.6
5297,131479,5,111,14,1,23.3
5298,131463,5,108,14,1,21.6
5299,131491,5,128,14,1,15.7
5300,131601,5,4,15,1,40.5
5301,151511,5,128,10,1,16.6
5302,151499,5,111,10,1,135.2
5303,151583,5,109,11,1,6.6
5304,151483,5,108,10,1,127.4
5305,131391,5,123,8,1,28.1
5306,131375,5,103,8,1,13.2
5307,131373,5,112,8,1,85.0
5308,131394,5,100,8,1,6.7
5309,151509,5,113,10,1,10.5
5310,131422,5,134,7,1,51.3
5311,151519,5,141,10,1,22.3
5312,131509,5,114,16,1,20.5
5313,131511,5,108,16,1,25.1
5314,131386,5,106,8,1,25.3
5315,131581,5,135,15,1,58.8
5316,131421,5,112,7,1,153.2
5317,131372,5,101,8,1,95.4
5318,131517,5,112,16,1,13.9
5319,131382,5,105,8,1,137.0
5320,131528,5,137,16,1,11.6
5321,151576,5,125,11,1,9.8
5322,131396,5,115,8,1,17.2
5323,151556,5,139,12,1,9.2
5324,151460,5,139,9,1,72.4
5325,131371,5,109,8,1,40.7
5326,131599,5,2,15,1,50.1
5327,131555,5,122,15,1,77.6
5328,131381,5,138,8,1,44.5
5329,151593,5,138,11,1,5.8
5330,151438,5,117,9,1,58.6
5331,151449,5,138,9,1,130.2
5332,131417,5,120,7,1,251.3
5333,151433,5,114,9,1,125.0
5334,131435,5,116,7,1,69.7
5335,151459,5,123,9,1,75.0
5336,131567,5,103,15,1,50.3
5337,131582,5,124,15,1,36.4
5338,131592,5,129,15,1,69.8
5339,151484,5,119,10,1,113.1
5340,131368,5,119,8,1,130.1
5341,151513,5,132,10,1,35.0
5342,151485,5,120,10,1,119.1
5343,151493,5,104,10,1,49.8
5344,131526,5,105,16,1,18.8
5345,151504,5,118,10,1,8.9
5346,131436,5,118,7,1,24.5
5347,151503,5,116,10,1,19.6
5348,151522,5,1,10,1,79.8
5349,151492,5,110,10,1,65.9
5350,151523,5,2,10,1,54.0
5351,151528,5,125,12,1,32.2
5352,151535,5,109,12,1,20.5
5353,131520,5,110,16,1,10.5
5354,131443,5,128,7,1,51.1
5355,151527,5,122,12,1,22.3
5356,151431,5,122,9,1,66.2
5357,131388,5,118,8,1,9.2
5358,131543,5,131,16,1,10.0
5359,151450,5,105,9,1,269.9
5360,151546,5,105,12,1,38.1
5361,151427,5,2,13,1,5.2
5362,131407,5,2,8,1,48.5
5363,151434,5,126,9,1,116.0
5364,131597,5,65,15,1,48.2
5365,151464,5,115,9,1,60.9
5366,131414,5,126,7,1,121.9
5367,131577,5,136,15,1,45.3
5368,131458,5,5,7,1,50.5
5369,131397,5,132,8,1,29.8
5370,151543,5,107,12,1,8.1
5371,131575,5,111,15,1,69.9
5372,151441,5,112,9,1,164.0
5373,131559,5,108,15,1,47.4
5374,151558,5,100,12,1,8.5
5375,151619,5,2,11,1,7.6
5376,151472,5,130,9,1,29.8
5377,131568,5,110,15,1,43.2
5378,151568,5,130,12,1,7.2
5379,131561,5,120,15,1,58.8
5380,131586,5,100,15,1,34.5
5381,131580,5,118,15,1,41.0
5382,131387,5,116,8,1,20.7
5383,151548,5,137,12,1,11.5
5384,151549,5,136,12,1,9.4
5385,151451,5,111,9,1,276.0
5386,151453,5,136,9,1,35.4
5387,151547,5,111,12,1,42.3
5388,151559,5,128,12,1,16.0
5389,131585,5,113,15,1,43.6
5390,151437,5,120,9,1,206.3
5391,131537,5,113,16,1,11.3
5392,131404,5,130,8,1,11.8
5393,151444,5,110,9,1,129.2
5394,151445,5,104,9,1,97.7
5395,151465,5,132,9,1,89.0
5396,151561,5,132,12,1,18.6
5397,131406,5,1,8,1,67.0
5398,151474,5,1,9,1,146.7
5399,151570,5,1,12,1,37.8
5400,151616,5,130,11,1,4.2
5401,131369,5,120,8,1,138.1
5402,131596,5,130,15,1,48.0
5403,131590,5,121,15,1,42.7
5404,131420,5,101,7,1,178.4
5405,151488,5,101,10,1,105.4
5406,151573,5,4,12,1,17.0
5407,151452,5,137,9,1,69.8
5408,151490,5,134,10,1,39.1
5409,131383,5,111,8,1,147.1
5410,131430,5,105,7,1,291.1
5411,131405,5,65,8,1,45.1
5412,131415,5,108,7,1,200.2
5413,131451,5,141,7,1,32.8
5414,131468,5,101,14,1,23.9
5415,151457,5,135,9,1,144.0
5416,151476,5,3,9,1,135.7
5417,131565,5,112,15,1,45.9
5418,131424,5,110,7,1,115.8
5419,131445,5,132,7,1,80.0
5420,131385,5,136,8,1,9.4
5421,131446,5,121,7,1,115.8
5422,151514,5,121,10,1,54.1
5423,131377,5,104,8,1,40.9
5424,131418,5,117,7,1,59.6
5425,131447,5,131,7,1,70.5
5426,131426,5,102,7,1,20.7
5427,151447,5,107,9,1,42.3
5428,151540,5,110,12,1,26.9
5429,151563,5,131,12,1,26.2
5430,151500,5,137,10,1,24.1
5431,151473,5,65,9,1,108.6
5432,151467,5,131,9,1,90.2
5433,151446,5,102,9,1,24.9
5434,151555,5,123,12,1,13.2
5435,151545,5,138,12,1,18.3
5436,151542,5,102,12,1,5.0
5437,151607,5,128,11,1,3.4
5438,131486,5,124,14,1,14.0
5439,151520,5,130,10,1,15.9
5440,151526,5,5,10,1,37.9
5441,131496,5,129,14,1,19.8
5442,131531,5,116,16,1,8.6
5443,131492,5,115,14,1,14.9
5444,167521,3,43,5,1,28.07
5445,167523,3,42,5,1,27.71
5446,178421,3,136,4,1,12.88
5447,168404,4,19,4,1,14.15
5448,171559,4,82,5,1,28.21
5449,173094,4,74,4,1,14.16
5450,174114,3,74,4,1,11.5
5451,170178,3,42,4,1,11.37
5452,179148,4,65,4,1,12.89
5453,168429,4,11,4,1,12.64
5454,168447,4,34,4,1,12.64
5455,170186,3,41,4,1,10.63
5456,177162,4,106,4,1,16.68
5457,177166,4,124,4,1,15.79
5458,177155,4,107,4,1,11.12
5459,171579,4,98,5,1,31.11
5460,171564,4,74,5,1,33.61
5461,167546,3,23,5,1,24.43
5462,173112,4,92,4,1,12.85
5463,173099,4,75,4,1,13.08
5464,167535,3,8,5,1,27.55
5465,167550,3,24,5,1,20.26
5466,165779,4,18,5,1,30.61
5467,165780,4,24,5,1,25.9
5468,175250,4,125,5,1,27.63
5469,177163,4,116,4,1,17.61
5470,170192,3,20,4,1,10.54
5471,171582,4,92,5,1,29.22
5472,167537,3,20,5,1,23.39
5473,171566,4,77,5,1,30.02
5474,171585,4,88,5,1,21.03
5475,175282,4,115,5,1,28.26
5476,175278,4,139,5,1,31.11
5477,167538,3,44,5,1,27.7
5478,179494,4,2,4,1,12.88
5479,167528,3,49,5,1,23.21
5480,167512,3,15,5,1,36.27
5481,165756,4,9,5,1,31.67
5482,165744,4,56,5,1,44.31
5483,179495,4,3,4,1,15.34
5484,165768,4,44,5,1,32.86
5485,165790,4,54,5,1,28.57
5486,165746,4,60,5,1,38.83
5487,176524,3,102,5,1,22.54
5488,171571,4,68,5,1,27.25
5489,173122,4,89,4,1,14.74
5490,173113,4,81,4,1,12.69
5491,178413,3,104,4,1,9.85
5492,167518,3,14,5,1,31.17
5493,165785,4,48,5,1,29.91
5494,167530,3,58,5,1,21.33
5495,165778,4,12,5,1,31.46
5496,170202,3,51,4,1,9.59
5497,171583,4,81,5,1,28.35
5498,171592,4,89,5,1,32.11
5499,168440,4,48,4,1,13.45
5500,168433,4,12,4,1,13.67
5501,173115,4,88,4,1,10.21
5502,165789,4,35,5,1,30.2
5503,175271,4,136,5,1,38.68
5504,175269,4,111,5,1,34.29
5505,165749,4,19,5,1,34.22
5506,172609,3,66,5,1,21.14
5507,179103,4,65,5,1,27.92
5508,174134,3,90,4,1,9.35
5509,173097,4,93,4,1,13.49
5510,165787,4,25,5,1,27.66
5511,165776,4,23,5,1,29.5
5512,179272,4,5,5,1,21.63
5513,170220,3,55,4,1,9.99
5514,175252,4,126,5,1,27.61
5515,168436,4,37,4,1,12.98
5516,170201,3,23,4,1,10.34
5517,170209,3,21,4,1,10.73
5518,176533,3,116,5,1,43.32
5519,176534,3,118,5,1,34.75
5520,179178,3,65,4,1,10.43
5521,176544,3,121,5,1,22.29
5522,165755,4,26,5,1,34.05
5523,167536,3,13,5,1,25.88
5524,168422,4,20,4,1,13.41
5525,178437,3,127,4,1,10.22
5526,168407,4,32,4,1,14.48
5527,167567,3,59,5,1,14.7
5528,168437,4,64,4,1,14.15
5529,170222,3,59,4,1,9.67
5530,174120,3,70,4,1,9.85
5531,174118,3,69,4,1,10.27
5532,168397,4,15,4,1,15.48
5533,168425,4,17,4,1,13.67
5534,168412,4,36,4,1,14.97
5535,176545,3,131,5,1,19.89
5536,172606,3,95,5,1,38.52
5537,172607,3,72,5,1,38.16
5538,178420,3,137,4,1,12.18
5539,170206,3,37,4,1,10.69
5540,177156,4,140,4,1,15.14
5541,174136,3,95,4,1,13.89
5542,174137,3,72,4,1,13.74
5543,177152,4,110,4,1,13.08
5544,176547,3,127,5,1,21.35
5545,167534,3,27,5,1,29.25
5546,168435,4,24,4,1,12.03
5547,177139,4,122,4,1,14.66
5548,172579,3,82,5,1,23.2
5549,167559,3,35,5,1,24.07
5550,175270,4,137,5,1,36.38
5551,165791,4,7,5,1,25.76
5552,167561,3,7,5,1,20.49
5553,167531,3,41,5,1,23.36
5554,170214,3,35,4,1,10.25
5555,170216,3,7,4,1,9.72
5556,173102,4,73,4,1,11.12
5557,168402,4,40,4,1,14.72
5558,165761,4,41,5,1,28.25
5559,165773,4,10,5,1,27.72
5560,168414,4,45,4,1,13.66
5561,174122,3,73,4,1,9.55
5562,178434,3,121,4,1,9.95
5563,174131,3,87,4,1,10.44
5564,165766,4,13,5,1,31.68
5565,170213,3,31,4,1,10.0
5566,167558,3,31,5,1,22.39
5567,165764,4,27,5,1,34.5
5568,168431,4,23,4,1,12.75
5569,178402,3,126,4,1,10.59
5570,176540,3,100,5,1,20.05
5571,167522,3,32,5,1,26.09
5572,178410,3,134,4,1,11.04
5573,174112,3,86,4,1,10.59
5574,174115,3,67,4,1,10.75
5575,176543,3,132,5,1,22.93
5576,175267,4,138,5,1,32.91
5577,177157,4,138,4,1,15.02
5578,174141,3,91,4,1,9.8
5579,178433,3,132,4,1,9.96
5580,171565,4,67,5,1,32.54
5581,175287,4,127,5,1,26.45
5582,167544,3,11,5,1,25.17
5583,167542,3,6,5,1,23.62
5584,167520,3,62,5,1,27.95
5585,172582,3,86,5,1,22.83
5586,173100,4,70,4,1,12.12
5587,172580,3,84,5,1,22.39
5588,177158,4,105,4,1,14.56
5589,177147,4,109,4,1,14.16
5590,170194,3,57,4,1,11.13
5591,177177,4,127,4,1,12.46
5592,168405,4,62,4,1,15.14
5593,173120,4,85,4,1,11.81
5594,174124,3,97,4,1,11.55
5595,174110,3,84,4,1,10.68
5596,174130,3,78,4,1,10.16
5597,170210,3,48,4,1,10.7
5598,167539,3,57,5,1,25.49
5599,174113,3,80,4,1,11.93
5600,176542,3,115,5,1,22.78
5601,176517,3,109,5,1,28.4
5602,172585,3,67,5,1,26.93
5603,167529,3,45,5,1,24.58
5604,178439,3,141,4,1,10.1
5605,165772,4,6,5,1,28.35
5606,165774,4,11,5,1,30.04
5607,178438,3,133,4,1,9.63
5608,177154,4,102,4,1,11.82
5609,178427,3,123,4,1,11.4
5610,178399,3,122,4,1,11.03
5611,179645,3,3,4,1,12.63
5612,178414,3,102,4,1,9.91
5613,178432,3,115,4,1,10.0
5614,174132,3,92,4,1,9.96
5615,165759,4,45,5,1,29.14
5616,176548,3,133,5,1,18.41
5617,167515,3,61,5,1,31.9
5618,177145,4,120,4,1,12.26
5619,179644,3,2,4,1,10.5
5620,178412,3,110,4,1,10.47
5621,168417,4,63,4,1,13.65
5622,168415,4,58,4,1,13.04
5623,175261,4,103,5,1,29.68
5624,168403,4,14,4,1,14.53
5625,175274,4,118,5,1,39.62
5626,175283,4,132,5,1,29.22
5627,179493,4,1,4,1,14.08
5628,176549,3,141,5,1,17.49
5629,175285,4,131,5,1,25.88
5630,165796,4,52,5,1,21.43
5631,178401,3,114,4,1,11.1
5632,177174,4,121,4,1,12.69
5633,175284,4,121,5,1,28.35
5634,165754,4,30,5,1,33.96
5635,168394,4,22,4,1,15.74
5636,167554,3,21,5,1,26.86
5637,173118,4,94,4,1,14.88
5638,165769,4,57,5,1,30.46
5639,172587,3,93,5,1,25.26
5640,174142,3,89,4,1,11.64
5641,173095,4,67,4,1,13.62
5642,171590,4,85,5,1,24.38
5643,171588,4,94,5,1,38.85
5644,170182,3,36,4,1,11.47
5645,170170,3,61,4,1,12.16
5646,177142,4,126,4,1,13.3
5647,179497,4,5,4,1,11.82
5648,177160,4,137,4,1,14.69
5649,175280,4,100,5,1,25.34
5650,165795,4,55,5,1,25.69
5651,165781,4,37,5,1,30.35
5652,179422,3,5,5,1,16.84
5653,179647,3,5,4,1,9.81
5654,177173,4,132,4,1,12.85
5655,168439,4,21,4,1,13.4
5656,173105,4,71,4,1,14.56
5657,178407,3,109,4,1,11.5
5658,176519,3,112,5,1,23.9
5659,170168,3,39,4,1,16.09
5660,175266,4,140,5,1,32.79
5661,175259,4,112,5,1,30.02
5662,171575,4,71,5,1,35.28
5663,170175,3,62,4,1,11.55
5664,177176,4,129,4,1,10.21
5665,170187,3,63,4,1,10.64
5666,177167,4,123,4,1,13.59
5667,167527,3,36,5,1,26.72
5668,173106,4,76,4,1,14.13
5669,177172,4,115,4,1,12.76
5670,173092,4,86,4,1,13.3
5671,175288,4,133,5,1,23.27
5672,167541,3,53,5,1,26.99
5673,175289,4,141,5,1,22.46
5674,165788,4,31,5,1,27.99
5675,167540,3,17,5,1,27.75
5676,177141,4,114,4,1,14.47
5677,168451,4,52,4,1,11.77
5678,168450,4,55,4,1,12.09
5679,173110,4,78,4,1,12.74
5680,173116,4,95,4,1,16.38
5681,173117,4,72,4,1,16.17
5682,176532,3,106,5,1,39.87
5683,168427,4,6,4,1,12.26
5684,168448,4,46,4,1,11.72
5685,168430,4,16,4,1,10.81
5686,168452,4,59,4,1,11.71
5687,165792,4,34,5,1,28.46
5688,175256,4,117,5,1,32.48
5689,170193,3,44,4,1,11.43
5690,168424,4,57,4,1,13.65
5691,168411,4,9,4,1,14.75
5692,170171,3,60,4,1,12.91
5693,170188,3,28,4,1,12.03
5694,175262,4,110,5,1,30.46
5695,179268,4,1,5,1,29.29
5696,179421,3,4,5,1,22.19
5697,177178,4,133,4,1,11.46
5698,165794,4,50,5,1,20.89
5699,168409,4,30,4,1,15.31
5700,170190,3,8,4,1,10.84
5701,170204,3,18,4,1,10.57
5702,175260,4,134,5,1,30.17
5703,165786,4,47,5,1,30.63
5704,175258,4,101,5,1,32.54
5705,167557,3,25,5,1,22.68
5706,175275,4,135,5,1,37.72
5707,168398,4,39,4,1,18.84
5708,167564,3,50,5,1,14.55
5709,170219,3,50,4,1,8.75
5710,168444,4,35,4,1,13.24
5711,170215,3,54,4,1,9.76
5712,170169,3,56,4,1,14.08
5713,170183,3,49,4,1,11.02
5714,173103,4,99,4,1,14.11
5715,171589,4,66,5,1,26.5
5716,165757,4,36,5,1,31.46
5717,171584,4,90,5,1,25.88
5718,171573,4,99,5,1,32.79
5719,167516,3,60,5,1,34.45
5720,173107,4,96,4,1,14.69
5721,173096,4,77,4,1,13.49
5722,170165,3,29,4,1,12.82
5723,170176,3,43,4,1,11.86
5724,177161,4,136,4,1,15.3
5725,177148,4,101,4,1,13.62
5726,177159,4,111,4,1,13.58
5727,168400,4,61,4,1,14.65
5728,177171,4,128,4,1,13.29
5729,168441,4,47,4,1,13.51
5730,173109,4,98,4,1,13.5
5731,177168,4,139,4,1,13.5
5732,168401,4,60,4,1,15.33
5733,168445,4,54,4,1,12.6
5734,170205,3,24,4,1,9.81
5735,170208,3,33,4,1,10.26
5736,178422,3,106,4,1,14.24
5737,165763,4,28,5,1,32.58
5738,170203,3,12,4,1,10.78
5739,178424,3,118,4,1,12.75
5740,178423,3,116,4,1,15.03
5741,172596,3,76,5,1,29.9
5742,173093,4,80,4,1,14.25
5743,172600,3,78,5,1,22.68
5744,165751,4,43,5,1,32.41
5745,177164,4,118,4,1,15.16
5746,176536,3,124,5,1,36.69
5747,176526,3,140,5,1,27.13
5748,178436,3,129,4,1,8.75
5749,172601,3,87,5,1,24.06
5750,172594,3,97,5,1,28.5
5751,173090,4,84,4,1,13.58
5752,165753,4,42,5,1,32.04
5753,165765,4,8,5,1,33.11
5754,176530,3,137,5,1,31.95
5755,165758,4,49,5,1,28.22
5756,172593,3,99,5,1,27.13
5757,177170,4,100,4,1,12.16
5758,172599,3,98,5,1,25.81
5759,165742,4,15,5,1,40.88
5760,165760,4,58,5,1,26.29
5761,165748,4,14,5,1,35.37
5762,171569,4,75,5,1,30.46
5763,177175,4,131,4,1,11.72
5764,177151,4,103,4,1,12.56
5765,173104,4,97,4,1,15.06
5766,171561,4,79,5,1,29.69
5767,171580,4,78,5,1,27.65
5768,171577,4,96,5,1,36.38
5769,177165,4,135,4,1,14.47
5770,177179,4,141,4,1,12.19
5771,176522,3,110,5,1,25.14
5772,171591,4,91,5,1,20.47
5773,167510,3,29,5,1,34.83
5774,167552,3,64,5,1,25.93
5775,168443,4,31,4,1,12.79
5776,176538,3,139,5,1,25.81
5777,171567,4,93,5,1,30.17
5778,172586,3,77,5,1,23.9
5779,170166,3,38,4,1,11.85
5780,174135,3,88,4,1,8.75
5781,165767,4,20,5,1,29.54
5782,167519,3,19,5,1,29.83
5783,170189,3,27,4,1,11.55
5784,173121,4,91,4,1,11.83
5785,179270,4,3,5,1,38.35
5786,167553,3,33,5,1,25.64
5787,165745,4,61,5,1,36.35
5788,168432,4,51,4,1,11.23
5789,179646,3,4,4,1,10.05
5790,172588,3,69,5,1,24.79
5791,176520,3,134,5,1,25.26
5792,176531,3,136,5,1,34.29
5793,167532,3,63,5,1,22.05
5794,173101,4,68,4,1,11.82
5795,170195,3,17,4,1,10.79
5796,178408,3,101,4,1,10.75
5797,178403,3,108,4,1,11.76
5798,176550,3,130,5,1,14.71
5799,178430,3,100,4,1,9.72
5800,178416,3,140,4,1,11.36
5801,178409,3,112,4,1,10.6
5802,179420,3,3,5,1,33.89
5803,177144,4,119,4,1,15.06
5804,170207,3,64,4,1,11.89
5805,176546,3,129,5,1,14.68
5806,174127,3,96,4,1,12.18
5807,174111,3,79,4,1,11.1
5808,176529,3,111,5,1,29.9
5809,174119,3,75,4,1,10.47
5810,167548,3,12,5,1,25.63
5811,175279,4,113,5,1,27.65
5812,175249,4,122,5,1,28.21
5813,179496,4,4,4,1,12.56
5814,179133,3,65,5,1,22.72
5815,167560,3,54,5,1,22.17
5816,176523,3,104,5,1,20.22
5817,168442,4,25,4,1,12.79
5818,174129,3,98,4,1,10.99
5819,177153,4,104,4,1,12.12
5820,177149,4,112,4,1,12.87
5821,173111,4,87,4,1,13.29
5822,171586,4,95,5,1,42.78
5823,167555,3,48,5,1,24.06
5824,176510,3,125,5,1,22.39
5825,177150,4,134,4,1,13.49
5826,177169,4,113,4,1,12.74
5827,170197,3,6,4,1,10.18
5828,167514,3,56,5,1,39.92
5829,167526,3,9,5,1,27.13
5830,175253,4,108,5,1,32.51
5831,171587,4,72,5,1,42.67
5832,167549,3,18,5,1,25.12
5833,167525,3,26,5,1,29.65
5834,170200,3,16,4,1,9.43
5835,170164,3,22,4,1,13.05
5836,170218,3,46,4,1,9.37
5837,172603,3,81,5,1,22.29
5838,177146,4,117,4,1,14.25
5839,170185,3,58,4,1,10.47
5840,170173,3,14,4,1,11.55
5841,171576,4,76,5,1,34.29
5842,167509,3,22,5,1,36.62
5843,165739,4,22,5,1,41.26
5844,175276,4,124,5,1,41.31
5845,170199,3,11,4,1,10.3
5846,165752,4,32,5,1,30.52
5847,170217,3,34,4,1,9.92
5848,175277,4,123,5,1,31.39
5849,171581,4,87,5,1,29.88
5850,171574,4,97,5,1,32.91
5851,177140,4,125,4,1,13.58
5852,172612,3,89,5,1,27.72
5853,172598,3,83,5,1,26.29
5854,174128,3,83,4,1,11.4
5855,178431,3,128,4,1,10.44
5856,165750,4,62,5,1,32.4
5857,176512,3,126,5,1,22.83
5858,176509,3,122,5,1,23.2
5859,179418,3,1,5,1,24.52
5860,179643,3,1,4,1,11.05
5861,167511,3,38,5,1,31.8
5862,178405,3,120,4,1,11.45
5863,167513,3,39,5,1,46.75
5864,172602,3,92,5,1,22.93
5865,170180,3,26,4,1,12.1
5866,175281,4,128,5,1,29.88
5867,176539,3,113,5,1,22.68
5868,178400,3,125,4,1,10.68
5869,175268,4,105,5,1,35.28
5870,168449,4,50,4,1,10.19
5871,175272,4,106,5,1,44.2
5872,170181,3,9,4,1,11.46
5873,165743,4,39,5,1,50.56
5874,165762,4,63,5,1,27.32
5875,172590,3,70,5,1,20.22
5876,171560,4,84,5,1,27.63
5877,170198,3,10,4,1,9.84
5878,170196,3,53,4,1,10.63
5879,174126,3,76,4,1,11.55
5880,170179,3,30,4,1,11.96
5881,167517,3,40,5,1,30.96
5882,171572,4,73,5,1,24.81
5883,171562,4,86,5,1,27.61
5884,172592,3,73,5,1,19.9
5885,170177,3,32,4,1,11.64
5886,172605,3,88,5,1,14.68
5887,175255,4,120,5,1,30.82
5888,172591,3,68,5,1,22.54
5889,172610,3,85,5,1,19.44
5890,165747,4,40,5,1,35.2
5891,175265,4,107,5,1,24.81
5892,171563,4,80,5,1,32.48
5893,172584,3,74,5,1,28.4
5894,176511,3,114,5,1,24.82
5895,176515,3,120,5,1,26.39
5896,172581,3,79,5,1,24.82
5897,165782,4,64,5,1,31.32
5898,172583,3,80,5,1,26.95
5899,173108,4,83,4,1,13.59
5900,167543,3,10,5,1,23.01
5901,173098,4,69,4,1,12.56
5902,176541,3,128,5,1,24.06
5903,171578,4,83,5,1,31.39
5904,170211,3,47,4,1,10.6
5905,171570,4,70,5,1,25.93
5906,172595,3,71,5,1,31.06
5907,172597,3,96,5,1,31.95
5908,178435,3,131,4,1,9.35
5909,178411,3,103,4,1,10.27
5910,175290,4,130,5,1,19.31
5911,176537,3,123,5,1,26.29
5912,176513,3,108,5,1,28.07
5913,174109,3,82,4,1,11.03
5914,172589,3,75,5,1,25.14
5915,172611,3,91,5,1,15.74
5916,165741,4,38,5,1,36.88
5917,168421,4,13,4,1,13.64
5918,168396,4,38,4,1,14.24
5919,165783,4,33,5,1,30.68
5920,168419,4,27,4,1,14.23
5921,165770,4,17,5,1,33.2
5922,175264,4,102,5,1,27.25
5923,167562,3,34,5,1,22.33
5924,167556,3,47,5,1,24.98
5925,167547,3,51,5,1,20.37
5926,167545,3,16,5,1,18.41
5927,168410,4,26,4,1,15.65
5928,167563,3,46,5,1,19.92
5929,165740,4,29,5,1,39.68
5930,174133,3,81,4,1,9.95
5931,175257,4,109,5,1,33.61
5932,167524,3,30,5,1,29.71
5933,174125,3,71,4,1,11.6
5934,177180,4,130,4,1,11.62
5935,176527,3,138,5,1,28.5
5936,170191,3,13,4,1,10.81
5937,165797,4,59,5,1,19.28
5938,165784,4,21,5,1,32.15
5939,179269,4,2,5,1,29.43
5940,170221,3,52,4,1,9.85
5941,177143,4,108,4,1,15.1
5942,176521,3,103,5,1,24.79
5943,176535,3,135,5,1,32.71
5944,167566,3,52,5,1,16.54
5945,167565,3,55,5,1,20.68
5946,167551,3,37,5,1,25.44
5947,175251,4,114,5,1,29.69
5948,172608,3,94,5,1,33.96
5949,174140,3,85,4,1,9.84
5950,174138,3,94,4,1,12.39
5951,170172,3,40,4,1,11.69
5952,170184,3,45,4,1,10.82
5953,165771,4,53,5,1,32.39
5954,175286,4,129,5,1,21.03
5955,176514,3,119,5,1,29.35
5956,167533,3,28,5,1,27.03
5957,178426,3,124,4,1,13.06
5958,175254,4,119,5,1,33.61
5959,178404,3,119,4,1,11.8
5960,168446,4,7,4,1,12.18
5961,178415,3,107,4,1,9.55
5962,175273,4,116,5,1,47.43
5963,175263,4,104,5,1,25.93
5964,174116,3,77,4,1,10.6
5965,174117,3,93,4,1,11.04
5966,172604,3,90,5,1,19.89
5967,170212,3,25,4,1,10.21
5968,173119,4,66,4,1,12.4
5969,173114,4,90,4,1,11.72
5970,168423,4,44,4,1,14.08
5971,178406,3,117,4,1,11.93
5972,176525,3,107,5,1,19.9
5973,174121,3,68,4,1,9.91
5974,174139,3,66,4,1,9.83
5975,168428,4,10,4,1,11.71
5976,174123,3,99,4,1,11.36
5977,168418,4,28,4,1,14.43
5978,176518,3,101,5,1,26.93
5979,170174,3,19,4,1,11.54
5980,178428,3,139,4,1,10.99
5981,168426,4,53,4,1,13.48
5982,178418,3,105,4,1,11.6
5983,176516,3,117,5,1,26.95
5984,168416,4,41,4,1,13.55
5985,168399,4,56,4,1,16.54
5986,178417,3,138,4,1,11.55
5987,168413,4,49,4,1,14.65
5988,178419,3,111,4,1,11.55
5989,178429,3,113,4,1,10.16
5990,179419,3,2,5,1,24.11
5991,165793,4,46,5,1,25.95
5992,165775,4,16,5,1,23.16
5993,165777,4,51,5,1,25.38
5994,179271,4,4,5,1,27.86
5995,171568,4,69,5,1,29.68
5996,178425,3,135,4,1,12.08
5997,173091,4,79,4,1,14.47
5998,168420,4,8,4,1,13.67
5999,168434,4,18,4,1,13.25
6000,168408,4,42,4,1,14.56
6001,168438,4,33,4,1,12.78
6002,168406,4,43,4,1,14.73
6003,178440,3,130,4,1,9.63
6004,173089,4,82,4,1,14.66
6005,168395,4,29,4,1,15.21
6006,170167,3,15,4,1,13.22
6007,176528,3,105,5,1,31.06
6008,154604,1,33,17,1,64.205163
6009,130749,1,107,21,1,2.5
6010,130760,1,124,21,1,4.2
6011,130916,2,115,16,1,15.2
6012,130891,2,109,16,1,20.7
6013,130759,1,135,21,1,4.0
6014,131009,2,113,13,1,5.0
6015,154507,1,61,18,1,98.169356
6016,154531,1,57,18,1,65.786131
6017,151668,1,3,17,1,108.400728
6018,151734,1,102,19,1,2.164276
6019,151704,1,115,18,1,58.093365
6020,131303,2,131,10,1,29.7
6021,154575,1,30,17,1,93.919109
6022,151658,1,121,17,1,41.031522
6023,131312,2,3,10,1,43.8
6024,131152,2,139,12,1,11.7
6025,151758,1,133,19,1,1.456008
6026,130693,1,109,20,1,3.7
6027,131320,2,119,11,1,18.5
6028,151637,1,104,17,1,35.691447
6029,151661,1,127,17,1,17.626961
6030,131341,2,135,11,1,6.2
6031,131342,2,124,11,1,3.6
6032,131360,2,3,11,1,5.5
6033,131331,2,107,11,1,5.9
6034,154611,1,54,17,1,55.629921
6035,131327,2,103,11,1,3.3
6036,131131,2,109,12,1,16.5
6037,131023,2,2,13,1,5.6
6038,130999,2,111,13,1,4.7
6039,130766,1,115,21,1,2.3
6040,130708,1,106,20,1,4.9
6041,130892,2,101,16,1,24.2
6042,131155,2,128,12,1,17.5
6043,131035,2,109,9,1,77.1
6044,131018,2,133,13,1,8.7
6045,131007,2,123,13,1,3.8
6046,130801,2,104,7,1,91.9
6047,130804,2,140,7,1,185.7
6048,130700,1,102,20,1,2.8
6049,130808,2,137,7,1,113.2
6050,130948,2,140,14,1,37.8
6051,131329,2,104,11,1,5.8
6052,130981,2,114,13,1,3.3
6053,130990,2,134,13,1,3.8
6054,130831,2,2,7,1,99.3
6055,130934,2,126,14,1,28.4
6056,130952,2,137,14,1,18.4
6057,131285,2,138,10,1,46.8
6058,131019,2,141,13,1,9.3
6059,131362,2,5,11,1,4.7
6060,131274,2,117,10,1,27.0
6061,130786,2,5,15,1,70.7
6062,131262,2,1,8,1,122.3
6063,130372,2,140,15,1,72.2
6064,131340,2,118,11,1,1.3
6065,130376,2,137,15,1,59.5
6066,131229,2,112,8,1,100.1
6067,131225,2,120,8,1,189.1
6068,130964,2,115,14,1,19.9
6069,130812,2,118,7,1,25.6
6070,130905,2,136,16,1,11.1
6071,131222,2,126,8,1,79.7
6072,131038,2,134,9,1,37.7
6073,131242,2,106,8,1,39.1
6074,131266,2,5,8,1,29.6
6075,131298,2,100,10,1,7.5
6076,130383,2,123,15,1,55.3
6077,151670,1,5,17,1,20.788529
6078,131012,2,115,13,1,4.9
6079,130797,2,112,7,1,175.6
6080,131002,2,106,13,1,4.0
6081,154596,1,16,17,1,31.85136
6082,131337,2,136,11,1,1.4
6083,131324,2,101,11,1,15.1
6084,151765,1,4,19,1,2.238298
6085,131321,2,120,11,1,19.4
6086,131335,2,111,11,1,19.5
6087,154526,1,27,18,1,96.294146
6088,131349,2,132,11,1,4.2
6089,154616,1,55,17,1,25.464099
6090,131021,2,65,13,1,4.9
6091,131251,2,128,8,1,19.1
6092,151660,1,129,17,1,13.651723
6093,154617,1,52,17,1,25.569247
6094,154558,1,52,18,1,24.232556
6095,130960,2,139,14,1,18.4
6096,131232,2,110,8,1,56.7
6097,131220,2,125,8,1,69.4
6098,131017,2,127,13,1,5.6
6099,130798,2,134,7,1,47.0
6100,131224,2,119,8,1,193.7
6101,130788,2,125,7,1,152.6
6102,154467,1,27,19,1,7.379392
6103,154466,1,28,19,1,3.581769
6104,151752,1,115,19,1,3.442355
6105,154561,1,29,17,1,119.90561
6106,130951,2,111,14,1,39.0
6107,154455,1,32,19,1,2.680357
6108,154584,1,28,17,1,58.486051
6109,131032,2,119,9,1,171.2
6110,130363,2,109,15,1,58.9
6111,130392,2,129,15,1,101.1
6112,131059,2,128,9,1,40.4
6113,131323,2,109,11,1,7.9
6114,131306,2,133,10,1,39.8
6115,131316,2,125,11,1,9.0
6116,154548,1,47,18,1,85.525735
6117,130371,2,107,15,1,83.3
6118,154603,1,64,17,1,78.116308
6119,131254,2,121,8,1,47.5
6120,131141,2,138,12,1,12.9
6121,151748,1,139,19,1,4.036625
6122,154615,1,50,17,1,13.841459
6123,151687,1,107,18,1,33.708523
6124,154557,1,55,18,1,24.067231
6125,131356,2,130,11,1,3.3
6126,131346,2,100,11,1,1.8
6127,154502,1,29,18,1,109.395468
6128,130950,2,105,14,1,35.1
6129,151735,1,107,19,1,1.723271
6130,151764,1,3,19,1,6.242864
6131,131353,2,127,11,1,8.0
6132,131153,2,113,12,1,11.1
6133,151724,1,119,19,1,5.468103
6134,151756,1,129,19,1,0.508889
6135,131231,2,103,8,1,13.0
6136,131315,2,122,11,1,6.3
6137,154489,1,47,19,1,5.082484
6138,131268,2,125,10,1,58.3
6139,131230,2,134,8,1,47.2
6140,131276,2,101,10,1,98.5
6141,130978,2,5,14,1,25.2
6142,131279,2,103,10,1,11.6
6143,130991,2,103,13,1,6.4
6144,131300,2,115,10,1,21.1
6145,131287,2,111,10,1,143.9
6146,154544,1,64,18,1,72.811295
6147,151763,1,2,19,1,2.795932
6148,151762,1,1,19,1,3.472806
6149,131290,2,106,10,1,28.6
6150,131241,2,136,8,1,11.5
6151,130822,2,121,7,1,113.6
6152,131277,2,112,10,1,86.4
6153,154587,1,13,17,1,36.689191
6154,154457,1,30,19,1,5.959628
6155,154482,1,18,19,1,3.275749
6156,154483,1,24,19,1,1.492575
6157,154469,1,13,19,1,1.212591
6158,151730,1,134,19,1,3.374646
6159,151678,1,117,18,1,58.919814
6160,151759,1,141,19,1,1.392679
6161,151749,1,113,19,1,2.044089
6162,131308,2,130,10,1,16.3
6163,151729,1,112,19,1,6.3905
6164,154479,1,23,19,1,2.810021
6165,130390,2,121,15,1,58.2
6166,130380,2,118,15,1,45.4
6167,130361,2,120,15,1,71.0
6168,130716,1,100,20,1,1.9
6169,131318,2,126,11,1,10.2
6170,130782,2,1,15,1,76.5
6171,131134,2,134,12,1,8.8
6172,154497,1,50,19,1,0.517741
6173,130913,2,113,16,1,15.0
6174,131325,2,112,11,1,12.1
6175,131296,2,139,10,1,17.3
6176,154554,1,34,18,1,38.900868
6177,130928,2,3,16,1,18.3
6178,130997,2,138,13,1,3.1
6179,130387,2,128,15,1,72.0
6180,130379,2,116,15,1,52.7
6181,130369,2,104,15,1,61.1
6182,130368,2,110,15,1,54.9
6183,151702,1,100,18,1,57.095763
6184,130364,2,101,15,1,80.0
6185,130359,2,108,15,1,65.8
6186,130377,2,136,15,1,55.3
6187,130910,2,124,16,1,15.6
6188,130826,2,133,7,1,82.4
6189,130373,2,138,15,1,60.5
6190,154522,1,58,18,1,38.467273
6191,130906,2,106,16,1,13.5
6192,130784,2,3,15,1,64.0
6193,130884,2,125,16,1,25.9
6194,130781,2,65,15,1,64.7
6195,130362,2,117,15,1,64.0
6196,130898,2,102,16,1,16.6
6197,130896,2,110,16,1,13.3
6198,154583,1,63,17,1,43.575916
6199,130764,1,100,21,1,2.5
6200,131292,2,118,10,1,9.1
6201,154465,1,63,19,1,3.610864
6202,131064,2,129,9,1,135.2
6203,131054,2,124,9,1,57.2
6204,154451,1,14,19,1,2.139116
6205,130922,2,133,16,1,20.2
6206,154449,1,60,19,1,9.0833
6207,131233,2,104,8,1,41.8
6208,154453,1,62,19,1,3.301002
6209,131313,2,4,10,1,23.5
6210,154493,1,54,19,1,3.108399
6211,131150,2,124,12,1,8.1
6212,154524,1,63,18,1,39.716914
6213,154463,1,58,19,1,4.939819
6214,131354,2,133,11,1,6.1
6215,130382,2,124,15,1,59.5
6216,130381,2,135,15,1,66.9
6217,151750,1,100,19,1,3.162549
6218,130367,2,103,15,1,68.2
6219,154510,1,14,18,1,61.482829
6220,130783,2,2,15,1,67.8
6221,151760,1,130,19,1,0.659698
6222,130805,2,138,7,1,175.9
6223,130908,2,118,16,1,5.9
6224,131248,2,139,8,1,22.0
6225,131336,2,137,11,1,3.2
6226,131332,2,140,11,1,19.8
6227,130907,2,116,16,1,13.0
6228,131293,2,135,10,1,35.0
6229,130388,2,115,15,1,52.0
6230,130378,2,106,15,1,57.5
6231,131294,2,124,10,1,26.9
6232,151731,1,103,19,1,2.673126
6233,154598,1,51,17,1,42.865708
6234,154614,1,46,17,1,59.429215
6235,130688,1,126,20,1,2.7
6236,154473,1,17,19,1,2.615298
6237,154461,1,49,19,1,1.986706
6238,130973,2,65,14,1,25.7
6239,154447,1,56,19,1,9.860879
6240,151633,1,112,17,1,55.475244
6241,151726,1,117,19,1,4.07591
6242,154459,1,9,19,1,4.663124
6243,131237,2,138,8,1,66.4
6244,151640,1,140,17,1,44.165238
6245,130900,2,140,16,1,31.6
6246,131350,2,121,11,1,7.9
6247,151736,1,140,19,1,1.502111
6248,131238,2,105,8,1,209.9
6249,130395,2,141,15,1,73.8
6250,130366,2,134,15,1,49.2
6251,130375,2,111,15,1,100.5
6252,154520,1,49,18,1,30.10114
6253,151766,1,5,19,1,1.003621
6254,151635,1,103,17,1,57.839769
6255,151737,1,138,19,1,3.466213
6256,151747,1,123,19,1,2.866232
6257,130904,2,137,16,1,15.3
6258,151641,1,138,17,1,88.620354
6259,154606,1,48,17,1,49.352831
6260,151624,1,125,17,1,38.82801
6261,154509,1,40,18,1,83.813147
6262,131273,2,120,10,1,130.1
6263,154521,1,45,18,1,50.720168
6264,154523,1,41,18,1,30.231021
6265,131281,2,104,10,1,38.3
6266,154551,1,35,18,1,43.754236
6267,154553,1,7,18,1,55.327714
6268,151644,1,137,17,1,103.245868
6269,131311,2,2,10,1,47.8
6270,131260,2,130,8,1,16.5
6271,131334,2,105,11,1,13.1
6272,131280,2,110,10,1,49.8
6273,131291,2,116,10,1,19.6
6274,131132,2,101,12,1,37.9
6275,130796,2,101,7,1,195.4
6276,130809,2,136,7,1,39.0
6277,130774,1,130,21,1,2.2
6278,130389,2,132,15,1,49.0
6279,154454,1,43,19,1,4.480769
6280,154511,1,19,18,1,104.81738
6281,130925,2,65,16,1,19.8
6282,130923,2,141,16,1,17.8
6283,154570,1,19,17,1,110.830342
6284,154442,1,22,19,1,5.295217
6285,130912,2,139,16,1,12.6
6286,154484,1,37,19,1,1.641648
6287,130820,2,115,7,1,54.8
6288,154446,1,39,19,1,10.903427
6289,130887,2,108,16,1,33.7
6290,154560,1,22,17,1,98.392572
6291,154567,1,60,17,1,138.999789
6292,154613,1,34,17,1,41.61838
6293,151630,1,117,17,1,63.172011
6294,131239,2,111,8,1,202.7
6295,131247,2,123,8,1,18.2
6296,154564,1,39,17,1,138.131564
6297,130885,2,114,16,1,28.1
6298,131223,2,108,8,1,192.7
6299,154573,1,32,17,1,37.935172
6300,131317,2,114,11,1,14.4
6301,131355,2,141,11,1,3.8
6302,130776,1,1,21,1,3.3
6303,131221,2,114,8,1,108.2
6304,154481,1,12,19,1,3.756267
6305,154576,1,26,17,1,105.527281
6306,130830,2,1,7,1,212.5
6307,130795,2,109,7,1,99.3
6308,131135,2,103,12,1,3.9
6309,130817,2,113,7,1,48.7
6310,154494,1,7,19,1,3.08126
6311,154492,1,35,19,1,3.756119
6312,131072,2,3,9,1,120.1
6313,154450,1,40,19,1,4.03787
6314,130810,2,106,7,1,139.1
6315,154474,1,53,19,1,2.338782
6316,154540,1,12,18,1,83.330915
6317,151720,1,125,19,1,3.63275
6318,151727,1,109,19,1,5.725227
6319,151738,1,105,19,1,2.567942
6320,151631,1,109,17,1,90.11112
6321,130706,1,137,20,1,3.9
6322,130806,2,105,7,1,424.7
6323,154500,1,59,19,1,0.699172
6324,130792,2,119,7,1,308.0
6325,131297,2,113,10,1,11.3
6326,130803,2,107,7,1,38.4
6327,131045,2,138,9,1,110.4
6328,130919,2,131,16,1,13.0
6329,154456,1,42,19,1,2.55739
6330,131128,2,119,12,1,35.1
6331,154487,1,21,19,1,4.671087
6332,131269,2,114,10,1,84.1
6333,131255,2,131,8,1,28.4
6334,131001,2,136,13,1,4.0
6335,131352,2,129,11,1,9.4
6336,154559,1,59,18,1,12.217585
6337,154485,1,64,19,1,5.029655
6338,154515,1,42,18,1,32.669851
6339,131234,2,102,8,1,14.8
6340,131256,2,129,8,1,60.0
6341,130940,2,101,14,1,34.3
6342,154585,1,27,17,1,104.128742
6343,154499,1,52,19,1,1.198005
6344,151717,1,4,18,1,45.212187
6345,154597,1,23,17,1,66.384178
6346,154608,1,25,17,1,38.091658
6347,151654,1,100,17,1,60.492651
6348,131144,2,137,12,1,10.6
6349,130724,1,133,20,1,1.3
6350,131065,2,127,9,1,92.9
6351,151664,1,130,17,1,14.312371
6352,151700,1,139,18,1,80.504395
6353,131243,2,116,8,1,27.4
6354,131048,2,137,9,1,80.5
6355,131271,2,108,10,1,138.6
6356,151632,1,101,17,1,94.985402
6357,131140,2,140,12,1,40.1
6358,131044,2,140,9,1,138.7
6359,130697,1,103,20,1,2.5
6360,130690,1,119,20,1,3.0
6361,154609,1,31,17,1,62.983868
6362,151663,1,141,17,1,26.438355
6363,151679,1,109,18,1,83.92354
6364,131169,2,4,12,1,17.1
6365,130975,2,2,14,1,29.3
6366,130965,2,132,14,1,25.6
6367,151645,1,136,17,1,124.960405
6368,130939,2,109,14,1,28.6
6369,130711,1,135,20,1,5.0
6370,130712,1,124,20,1,6.3
6371,154612,1,7,17,1,58.667583
6372,151652,1,139,17,1,84.853604
6373,130945,2,104,14,1,25.1
6374,130955,2,116,14,1,17.1
6375,151662,1,133,17,1,29.297818
6376,154594,1,10,17,1,40.670475
6377,151723,1,108,19,1,5.305479
6378,130722,1,129,20,1,1.4
6379,154525,1,28,18,1,54.700962
6380,130714,1,139,20,1,2.2
6381,151634,1,134,17,1,59.879764
6382,151710,1,133,18,1,27.553133
6383,154599,1,12,17,1,87.351443
6384,130985,2,120,13,1,2.5
6385,151689,1,138,18,1,84.534984
6386,154534,1,6,18,1,54.575696
6387,154514,1,32,18,1,34.881829
6388,131165,2,65,12,1,22.0
6389,154445,1,15,19,1,7.833747
6390,131069,2,65,9,1,91.3
6391,154536,1,11,18,1,55.178
6392,151699,1,123,18,1,40.652095
6393,151716,1,3,18,1,100.798613
6394,131008,2,139,13,1,3.0
6395,130834,2,5,7,1,55.3
6396,154480,1,51,19,1,2.209208
6397,154496,1,46,19,1,1.551728
6398,154478,1,16,19,1,1.0586
6399,130993,2,104,13,1,5.6
6400,151686,1,102,18,1,44.76881
6401,154543,1,37,18,1,31.822228
6402,151625,1,114,17,1,57.347838
6403,154501,1,22,18,1,91.632553
6404,154513,1,43,18,1,63.532072
6405,151707,1,131,18,1,52.973554
6406,154471,1,44,19,1,3.490655
6407,151685,1,104,18,1,34.264173
6408,154503,1,38,18,1,123.884836
6409,151705,1,132,18,1,46.031318
6410,131138,2,102,12,1,4.3
6411,154533,1,53,18,1,74.280512
6412,130827,2,141,7,1,30.2
6413,151708,1,129,18,1,13.085041
6414,154508,1,60,18,1,128.130501
6415,151719,1,122,19,1,3.309846
6416,151757,1,127,19,1,0.631614
6417,154535,1,10,18,1,38.410608
6418,154512,1,62,18,1,86.996313
6419,131030,2,126,9,1,114.6
6420,131126,2,126,12,1,28.0
6421,154495,1,34,19,1,2.128123
6422,154552,1,54,18,1,52.381241
6423,130901,2,138,16,1,20.6
6424,130938,2,117,14,1,28.9
6425,154588,1,20,17,1,55.294168
6426,130968,2,129,14,1,28.8
6427,130927,2,2,16,1,19.6
6428,130897,2,104,16,1,15.5
6429,130956,2,118,14,1,13.4
6430,130944,2,110,14,1,24.0
6431,154579,1,49,17,1,32.519647
6432,131361,2,4,11,1,4.3
6433,131263,2,2,8,1,55.5
6434,130976,2,3,14,1,22.4
6435,151655,1,128,17,1,59.57743
6436,154563,1,15,17,1,120.674007
6437,130750,1,140,21,1,3.1
6438,130992,2,110,13,1,4.1
6439,130982,2,126,13,1,4.4
6440,154491,1,31,19,1,2.460694
6441,130957,2,135,14,1,25.1
6442,130946,2,102,14,1,25.8
6443,130780,1,5,21,1,2.3
6444,130943,2,103,14,1,26.8
6445,151667,1,2,17,1,55.904141
6446,130893,2,112,16,1,20.4
6447,130971,2,141,14,1,27.1
6448,130961,2,113,14,1,19.2
6449,131161,2,127,12,1,20.4
6450,131000,2,137,13,1,4.2
6451,130996,2,140,13,1,4.0
6452,130790,2,126,7,1,162.5
6453,130915,2,128,16,1,18.3
6454,130357,2,114,15,1,67.3
6455,131046,2,105,9,1,292.5
6456,154527,1,8,18,1,66.386591
6457,130772,1,133,21,1,2.3
6458,131168,2,3,12,1,20.1
6459,131003,2,116,13,1,3.2
6460,130731,1,4,20,1,1.9
6461,154537,1,16,18,1,30.491451
6462,154555,1,46,18,1,57.632864
6463,154539,1,51,18,1,40.207717
6464,131267,2,122,10,1,30.1
6465,154477,1,11,19,1,1.912609
6466,154475,1,6,19,1,3.393163
6467,131142,2,105,12,1,41.7
6468,154571,1,62,17,1,90.865711
6469,131055,2,123,9,1,47.4
6470,131123,2,122,12,1,19.4
6471,130705,1,111,20,1,4.2
6472,131151,2,123,12,1,10.8
6473,130694,1,101,20,1,2.5
6474,131013,2,132,13,1,3.9
6475,151703,1,128,18,1,56.547845
6476,154532,1,17,18,1,69.211116
6477,131022,2,1,13,1,3.9
6478,130814,2,124,7,1,71.6
6479,130813,2,135,7,1,124.9
6480,151649,1,135,17,1,123.772801
6481,130739,1,120,21,1,3.5
6482,131253,2,132,8,1,30.6
6483,130767,1,132,21,1,2.4
6484,154572,1,43,17,1,68.56563
6485,154550,1,31,18,1,60.040127
6486,130777,1,2,21,1,3.0
6487,154518,1,9,18,1,64.515174
6488,154530,1,44,18,1,64.233472
6489,131130,2,117,12,1,9.5
6490,131043,2,107,9,1,33.4
6491,131127,2,108,12,1,36.0
6492,151656,1,115,17,1,61.967759
6493,154504,1,15,18,1,111.035266
6494,151691,1,111,18,1,102.541428
6495,151680,1,101,18,1,91.468488
6496,131031,2,108,9,1,159.6
6497,130736,1,126,21,1,3.2
6498,131029,2,114,9,1,115.8
6499,130962,2,100,14,1,18.3
6500,130963,2,128,14,1,25.2
6501,130791,2,108,7,1,257.1
6502,130933,2,114,14,1,30.6
6503,131036,2,101,9,1,155.7
6504,130935,2,108,14,1,35.3
6505,130789,2,114,7,1,167.2
6506,151712,1,130,18,1,13.541525
6507,131053,2,135,9,1,85.8
6508,151692,1,137,18,1,96.961855
6509,151674,1,126,18,1,37.527186
6510,130819,2,128,7,1,51.0
6511,130732,1,5,20,1,1.6
6512,151681,1,112,18,1,48.814507
6513,131284,2,140,10,1,98.3
6514,130365,2,112,15,1,64.1
6515,131288,2,137,10,1,24.3
6516,130726,1,130,20,1,1.1
6517,131314,2,5,10,1,28.4
6518,131348,2,115,11,1,4.1
6519,130695,1,112,20,1,2.3
6520,131124,2,125,12,1,28.1
6521,130702,1,140,20,1,2.8
6522,130396,2,130,15,1,65.0
6523,154488,1,48,19,1,2.294644
6524,154470,1,20,19,1,6.216057
6525,131037,2,112,9,1,136.8
6526,131133,2,112,12,1,31.4
6527,130936,2,119,14,1,39.0
6528,131149,2,135,12,1,16.1
6529,131148,2,118,12,1,6.3
6530,154458,1,26,19,1,6.865832
6531,130743,1,112,21,1,2.8
6532,131052,2,118,9,1,19.9
6533,131244,2,118,8,1,11.6
6534,131338,2,106,11,1,4.2
6535,130917,2,132,16,1,13.4
6536,130787,2,122,7,1,88.3
6537,154591,1,17,17,1,72.081498
6538,131351,2,131,11,1,4.8
6539,130832,2,3,7,1,179.4
6540,154472,1,57,19,1,3.709326
6541,154592,1,53,17,1,77.021652
6542,154448,1,61,19,1,5.523493
6543,130920,2,129,16,1,30.6
6544,154545,1,33,18,1,62.32238
6545,131330,2,102,11,1,2.7
6546,154516,1,30,18,1,87.25819
6547,154541,1,18,18,1,95.236954
6548,131270,2,126,10,1,64.8
6549,151722,1,126,19,1,3.420735
6550,154549,1,25,18,1,35.780435
6551,154542,1,24,18,1,37.97028
6552,154528,1,13,18,1,35.269871
6553,154519,1,36,18,1,68.856142
6554,151690,1,105,18,1,73.691643
6555,154547,1,48,18,1,46.766896
6556,154529,1,20,18,1,48.796681
6557,154517,1,26,18,1,97.574463
6558,154505,1,39,18,1,124.042654
6559,131160,2,129,12,1,38.1
6560,130989,2,112,13,1,3.5
6561,151740,1,137,19,1,5.396154
6562,131236,2,140,8,1,118.4
6563,131240,2,137,8,1,32.3
6564,131020,2,130,13,1,7.5
6565,151676,1,119,18,1,73.386255
6566,154600,1,18,17,1,99.035809
6567,154601,1,24,17,1,39.800746
6568,130769,1,131,21,1,2.4
6569,131028,2,125,9,1,114.5
6570,151739,1,111,19,1,5.167893
6571,130756,1,106,21,1,4.6
6572,130970,2,133,14,1,25.9
6573,151643,1,111,17,1,108.882319
6574,130744,1,134,21,1,3.2
6575,130741,1,109,21,1,3.2
6576,130734,1,125,21,1,3.2
6577,130770,1,129,21,1,2.0
6578,154574,1,42,17,1,35.866719
6579,130718,1,115,20,1,1.7
6580,151648,1,118,17,1,132.558864
6581,151715,1,2,18,1,52.777419
6582,151706,1,121,18,1,39.099151
6583,154444,1,38,19,1,9.940968
6584,130755,1,136,21,1,4.5
6585,130742,1,101,21,1,3.0
6586,154462,1,45,19,1,3.729848
6587,154586,1,8,17,1,69.411901
6588,154476,1,10,19,1,1.999641
6589,154568,1,40,17,1,88.767819
6590,130799,2,103,7,1,14.7
6591,130802,2,102,7,1,19.7
6592,131310,2,1,10,1,89.6
6593,130753,1,111,21,1,4.2
6594,130984,2,119,13,1,2.8
6595,130386,2,100,15,1,48.9
6596,131357,2,65,11,1,7.1
6597,130735,1,114,21,1,3.2
6598,131026,2,5,13,1,7.8
6599,131328,2,110,11,1,7.2
6600,131339,2,116,11,1,3.2
6601,131358,2,1,11,1,13.4
6602,131062,2,121,9,1,103.9
6603,131158,2,121,12,1,23.4
6604,151657,1,132,17,1,49.649032
6605,151647,1,116,17,1,185.554478
6606,154618,1,59,17,1,13.015439
6607,154605,1,21,17,1,78.03768
6608,131011,2,128,13,1,6.7
6609,130988,2,101,13,1,5.3
6610,131359,2,2,11,1,8.0
6611,154562,1,38,17,1,134.8212
6612,131163,2,141,12,1,11.1
6613,131139,2,107,12,1,7.5
6614,130980,2,125,13,1,5.4
6615,130983,2,108,13,1,2.4
6616,131042,2,102,9,1,16.9
6617,130909,2,135,16,1,22.0
6618,130888,2,119,16,1,42.2
6619,131051,2,116,9,1,42.4
6620,130899,2,107,16,1,22.3
6621,131147,2,116,12,1,9.1
6622,131041,2,104,9,1,79.4
6623,131259,2,141,8,1,16.2
6624,130895,2,103,16,1,17.2
6625,131015,2,131,13,1,4.3
6626,130998,2,105,13,1,5.0
6627,131039,2,103,9,1,12.4
6628,131024,2,3,13,1,3.9
6629,131016,2,129,13,1,11.7
6630,130995,2,107,13,1,9.6
6631,131025,2,4,13,1,4.8
6632,130929,2,4,16,1,15.7
6633,154589,1,44,17,1,68.108589
6634,154565,1,56,17,1,176.737713
6635,130987,2,109,13,1,4.9
6636,154577,1,9,17,1,70.224126
6637,151665,1,65,17,1,49.236
6638,154607,1,47,17,1,91.218131
6639,151713,1,65,18,1,46.262489
6640,151653,1,113,17,1,38.541919
6641,151761,1,65,19,1,2.606503
6642,130696,1,134,20,1,3.2
6643,130727,1,65,20,1,2.9
6644,130775,1,65,21,1,3.2
6645,131302,2,121,10,1,47.7
6646,130937,2,120,14,1,36.8
6647,130942,2,134,14,1,24.3
6648,130751,1,138,21,1,3.9
6649,131301,2,132,10,1,27.0
6650,131040,2,110,9,1,93.5
6651,131250,2,100,8,1,8.5
6652,130779,1,4,21,1,2.7
6653,151669,1,4,17,1,47.720574
6654,154590,1,57,17,1,69.759368
6655,130918,2,121,16,1,17.9
6656,130889,2,120,16,1,41.0
6657,130833,2,4,7,1,80.8
6658,130793,2,120,7,1,278.6
6659,131063,2,131,9,1,72.9
6660,131159,2,131,12,1,19.7
6661,130785,2,4,15,1,54.8
6662,130979,2,122,13,1,9.9
6663,131278,2,134,10,1,40.5
6664,151745,1,135,19,1,8.748016
6665,151746,1,124,19,1,4.247372
6666,130374,2,105,15,1,105.2
6667,130740,1,117,21,1,3.5
6668,130385,2,113,15,1,54.5
6669,130356,2,125,15,1,77.3
6670,130393,2,127,15,1,65.6
6671,151683,1,103,18,1,54.87405
6672,130969,2,127,14,1,25.5
6673,151698,1,124,18,1,89.483586
6674,151697,1,135,18,1,113.877613
6675,151755,1,131,19,1,1.418632
6676,154498,1,55,19,1,1.125158
6677,130725,1,141,20,1,1.6
6678,130707,1,136,20,1,4.5
6679,130689,1,108,20,1,3.0
6680,151743,1,116,19,1,12.096487
6681,151684,1,110,18,1,71.895211
6682,130687,1,114,20,1,2.7
6683,154602,1,37,17,1,33.633793
6684,154506,1,56,18,1,163.510136
6685,151659,1,131,17,1,54.650178
6686,151628,1,119,17,1,79.563134
6687,130953,2,136,14,1,14.2
6688,151650,1,124,17,1,95.378252
6689,131027,2,122,9,1,68.3
6690,131299,2,128,10,1,16.2
6691,130821,2,132,7,1,81.4
6692,130800,2,110,7,1,111.9
6693,151701,1,113,18,1,36.182486
6694,130914,2,100,16,1,15.1
6695,154443,1,29,19,1,9.638328
6696,131309,2,65,10,1,45.4
6697,131283,2,107,10,1,22.6
6698,131265,2,4,8,1,26.0
6699,130829,2,65,7,1,126.3
6700,131228,2,101,8,1,114.4
6701,130894,2,134,16,1,17.2
6702,130903,2,111,16,1,44.8
6703,151711,1,141,18,1,24.952949
6704,130924,2,130,16,1,15.2
6705,151682,1,134,18,1,56.272517
6706,131319,2,108,11,1,18.9
6707,131272,2,119,10,1,124.0
6708,154566,1,61,17,1,104.583957
6709,130954,2,106,14,1,20.6
6710,131282,2,102,10,1,12.9
6711,131326,2,134,11,1,6.4
6712,151675,1,108,18,1,74.092685
6713,151673,1,114,18,1,54.724371
6714,131347,2,128,11,1,4.2
6715,151693,1,136,18,1,115.240822
6716,151725,1,120,19,1,2.86083
6717,151754,1,121,19,1,1.565021
6718,151742,1,106,19,1,9.111963
6719,151642,1,105,17,1,77.189227
6720,131033,2,120,9,1,169.4
6721,131261,2,65,8,1,56.9
6722,131129,2,120,12,1,35.9
6723,151646,1,106,17,1,126.021127
6724,151694,1,106,18,1,114.913799
6725,151672,1,125,18,1,34.802886
6726,131257,2,127,8,1,62.6
6727,130932,2,125,14,1,25.9
6728,131058,2,100,9,1,23.4
6729,131345,2,113,11,1,2.2
6730,130977,2,4,14,1,21.8
6731,131137,2,104,12,1,17.6
6732,151671,1,122,18,1,41.515173
6733,154580,1,45,17,1,54.798297
6734,154582,1,41,17,1,31.830565
6735,154464,1,41,19,1,1.203144
6736,154452,1,19,19,1,4.867533
6737,151709,1,127,18,1,16.749972
6738,131047,2,111,9,1,224.8
6739,151714,1,1,18,1,45.033245
6740,151695,1,116,18,1,169.481807
6741,130394,2,133,15,1,80.3
6742,130384,2,139,15,1,44.6
6743,130730,1,3,20,1,4.7
6744,151696,1,118,18,1,121.313066
6745,131307,2,141,10,1,16.2
6746,151677,1,120,18,1,39.404311
6747,131156,2,115,12,1,12.2
6748,130807,2,111,7,1,354.2
6749,130692,1,117,20,1,3.7
6750,130703,1,138,20,1,4.1
6751,131249,2,113,8,1,13.3
6752,130698,1,110,20,1,2.3
6753,130768,1,121,21,1,2.4
6754,131136,2,110,12,1,27.6
6755,130721,1,131,20,1,1.8
6756,130762,1,139,21,1,3.4
6757,130355,2,122,15,1,117.7
6758,131275,2,109,10,1,51.4
6759,131060,2,115,9,1,49.7
6760,131164,2,130,12,1,5.4
6761,131068,2,130,9,1,23.6
6762,131061,2,132,9,1,63.5
6763,131050,2,106,9,1,97.8
6764,130828,2,130,7,1,24.0
6765,130959,2,123,14,1,22.6
6766,154468,1,8,19,1,2.495008
6767,131146,2,106,12,1,19.0
6768,130729,1,2,20,1,2.8
6769,131304,2,129,10,1,58.8
6770,130958,2,124,14,1,18.6
6771,154486,1,33,19,1,1.658292
6772,130704,1,105,20,1,3.9
6773,131235,2,107,8,1,24.1
6774,131289,2,136,10,1,8.5
6775,130370,2,102,15,1,73.4
6776,131074,2,5,9,1,49.9
6777,130966,2,121,14,1,24.4
6778,130686,1,125,20,1,2.8
6779,151638,1,102,17,1,47.351051
6780,131073,2,4,9,1,65.7
6781,131170,2,5,12,1,11.7
6782,151627,1,108,17,1,80.210738
6783,130926,2,1,16,1,30.8
6784,130974,2,1,14,1,31.3
6785,130967,2,131,14,1,19.2
6786,151639,1,107,17,1,35.813927
6787,130947,2,107,14,1,33.8
6788,131162,2,133,12,1,13.1
6789,130778,1,3,21,1,4.3
6790,130701,1,107,20,1,2.4
6791,130823,2,131,7,1,73.8
6792,130745,1,103,21,1,2.9
6793,130738,1,119,21,1,3.6
6794,130748,1,102,21,1,2.7
6795,154556,1,50,18,1,13.254246
6796,130986,2,117,13,1,3.5
6797,131034,2,117,9,1,42.7
6798,154538,1,23,18,1,62.970425
6799,130794,2,117,7,1,60.8
6800,130752,1,105,21,1,4.2
6801,151688,1,140,18,1,42.311225
6802,130816,2,139,7,1,89.3
6803,130715,1,113,20,1,1.9
6804,130737,1,108,21,1,3.4
6805,131066,2,133,9,1,73.2
6806,130765,1,128,21,1,3.0
6807,130763,1,113,21,1,2.7
6808,154595,1,11,17,1,57.386664
6809,154593,1,6,17,1,58.440812
6810,130717,1,128,20,1,2.0
6811,151718,1,5,18,1,19.628216
6812,130930,2,5,16,1,17.5
6813,130811,2,116,7,1,61.7
6814,130921,2,127,16,1,18.5
6815,154578,1,36,17,1,73.380171
6816,130886,2,126,16,1,24.4
6817,154460,1,36,19,1,3.59243
6818,130972,2,130,14,1,23.9
6819,130883,2,122,16,1,28.5
6820,130911,2,123,16,1,16.9
6821,130825,2,127,7,1,106.9
6822,130815,2,123,7,1,71.2
6823,130941,2,112,14,1,32.8
6824,131056,2,139,9,1,61.5
6825,131067,2,141,9,1,28.0
6826,151629,1,120,17,1,42.666014
6827,131145,2,136,12,1,6.5
6828,131049,2,136,9,1,30.0
6829,151636,1,110,17,1,74.847157
6830,151666,1,1,17,1,48.938718
6831,131344,2,139,11,1,3.2
6832,131219,2,122,8,1,36.7
6833,131167,2,2,12,1,21.1
6834,130902,2,105,16,1,30.6
6835,131071,2,2,9,1,79.0
6836,154490,1,25,19,1,1.991033
6837,131227,2,109,8,1,60.9
6838,131157,2,132,12,1,14.0
6839,130761,1,123,21,1,3.6
6840,130685,1,122,20,1,2.9
6841,130723,1,127,20,1,2.5
6842,130713,1,123,20,1,2.7
6843,131252,2,115,8,1,22.2
6844,131166,2,1,12,1,34.1
6845,130733,1,122,21,1,3.2
6846,131245,2,135,8,1,46.3
6847,131246,2,124,8,1,35.0
6848,130771,1,127,21,1,2.4
6849,131070,2,1,9,1,136.1
6850,151753,1,132,19,1,3.412754
6851,151733,1,104,19,1,1.194705
6852,151732,1,110,19,1,2.408398
6853,131264,2,3,8,1,59.9
6854,130754,1,137,21,1,4.0
6855,131295,2,123,10,1,12.5
6856,130746,1,110,21,1,2.8
6857,131305,2,127,10,1,57.9
6858,151751,1,128,19,1,2.677751
6859,130757,1,116,21,1,5.3
6860,130728,1,1,20,1,2.8
6861,130709,1,116,20,1,5.3
6862,130699,1,104,20,1,2.4
6863,151651,1,123,17,1,43.728029
6864,130391,2,131,15,1,43.0
6865,130360,2,119,15,1,84.8
6866,131286,2,105,10,1,156.1
6867,130358,2,126,15,1,73.6
6868,130691,1,120,20,1,2.8
6869,154581,1,58,17,1,43.773673
6870,131258,2,133,8,1,41.6
6871,130758,1,118,21,1,4.0
6872,154610,1,35,17,1,47.796028
6873,130747,1,104,21,1,2.8
6874,131057,2,113,9,1,38.8
6875,130710,1,118,20,1,4.7
6876,154569,1,14,17,1,64.519219
6877,130773,1,141,21,1,2.3
6878,130931,2,122,14,1,28.2
6879,131333,2,138,11,1,6.6
6880,130949,2,138,14,1,27.6
6881,151623,1,122,17,1,45.17286
6882,131143,2,111,12,1,43.1
6883,131014,2,121,13,1,5.5
6884,151744,1,118,19,1,10.487914
6885,130720,1,121,20,1,1.8
6886,131004,2,118,13,1,3.1
6887,130719,1,132,20,1,1.8
6888,131125,2,114,12,1,34.5
6889,131343,2,123,11,1,3.7
6890,131010,2,100,13,1,4.8
6891,131226,2,117,8,1,36.6
6892,131322,2,117,11,1,5.8
6893,130890,2,117,16,1,18.4
6894,154546,1,21,18,1,72.947517
6895,151721,1,114,19,1,1.969284
6896,130818,2,100,7,1,26.7
6897,131154,2,100,12,1,7.5
6898,151728,1,101,19,1,3.148227
6899,131006,2,124,13,1,3.8
6900,130824,2,129,7,1,152.7
6901,151741,1,136,19,1,7.992091
6902,131005,2,135,13,1,3.9
6903,151626,1,126,17,1,41.213353
6904,130994,2,102,13,1,8.1
6905,643509,42,78,5,2,21.26
6906,643476,42,75,5,2,21.71
6907,649947,42,9,4,2,7.8
6908,650019,42,24,4,2,6.7
6909,649680,42,119,4,2,7.75
6910,649989,42,17,4,2,7.34
6911,649890,42,89,4,2,7.91
6912,643341,42,117,5,2,26.69
6913,649713,42,107,4,2,6.69
6914,649689,42,109,4,2,8.15
6915,649848,42,83,4,2,8.62
6916,649725,42,111,4,2,7.79
6917,643653,42,10,5,2,20.84
6918,650022,42,37,4,2,7.81
6919,643530,42,72,5,2,28.8
6920,649932,42,43,4,2,8.24
6921,643356,42,103,5,2,21.76
6922,649938,42,42,4,2,7.43
6923,643377,42,105,5,2,24.69
6924,649992,42,53,4,2,6.95
6925,643647,42,53,5,2,22.82
6926,650043,42,31,4,2,6.89
6927,649881,42,66,4,2,6.89
6928,643578,42,14,5,2,24.82
6929,649872,42,95,4,2,10.23
6930,649875,42,72,4,2,11.51
6931,643323,42,125,5,2,19.11
6932,643668,42,12,5,2,22.76
6933,650016,42,18,4,2,7.03
6934,643569,42,61,5,2,25.25
6935,649770,42,121,4,2,6.93
6936,649878,42,94,4,2,9.83
6937,649818,42,69,4,2,6.93
6938,643443,42,130,5,2,14.25
6939,649767,42,132,4,2,6.86
6940,649737,42,116,4,2,11.66
6941,643680,42,64,5,2,26.2
6942,649911,42,56,4,2,10.74
6943,650067,42,52,4,2,6.45
6944,643659,42,16,5,2,17.83
6945,643383,42,137,5,2,25.25
6946,643491,42,97,5,2,22.24
6947,643590,42,32,5,2,24.5
6948,649710,42,102,4,2,6.85
6949,643707,42,7,5,2,18.57
6950,643371,42,140,5,2,25.25
6951,649722,42,105,4,2,7.59
6952,649839,42,71,4,2,7.59
6953,643536,42,66,5,2,19.03
6954,649950,42,36,4,2,7.31
6955,649866,42,90,4,2,6.73
6956,649899,42,29,4,2,11.42
6957,643566,42,56,5,2,28.25
6958,643713,42,46,5,2,18.04
6959,643452,42,79,5,2,19.92
6960,649752,42,139,4,2,8.01
6961,643554,42,29,5,2,27.38
6962,643623,42,28,5,2,26.84
6963,643722,42,52,5,2,16.05
6964,649830,42,73,4,2,6.69
6965,649815,42,93,4,2,7.97
6966,649917,42,60,4,2,9.0
6967,643515,42,92,5,2,20.41
6968,643698,42,31,5,2,19.89
6969,649668,42,125,4,2,7.19
6970,643374,42,138,5,2,22.24
6971,643632,42,13,5,2,23.92
6972,649719,42,138,4,2,7.76
6973,649833,42,99,4,2,8.1
6974,643521,42,90,5,2,17.99
6975,650001,42,11,4,2,6.97
6976,643455,42,86,5,2,20.36
6977,649761,42,128,4,2,7.17
6978,643581,42,19,5,2,24.45
6979,643671,42,18,5,2,21.94
6980,643350,42,112,5,2,21.57
6981,649728,42,137,4,2,8.16
6982,649764,42,115,4,2,6.83
6983,650049,42,54,4,2,6.72
6984,650013,42,12,4,2,7.24
6985,650028,42,33,4,2,7.3
6986,643557,42,38,5,2,25.62
6987,649695,42,112,4,2,7.15
6988,649671,42,114,4,2,7.2
6989,643329,42,126,5,2,20.36
6990,643314,42,4,5,2,20.42
6991,643575,42,40,5,2,24.2
6992,643701,42,35,5,2,21.45
6993,643500,42,96,5,2,25.25
6994,643620,42,63,5,2,18.66
6995,643563,42,39,5,2,31.49
6996,649692,42,101,4,2,7.23
6997,649650,42,1,4,2,7.46
6998,643440,42,141,5,2,16.55
6999,649731,42,136,4,2,8.96
7000,643344,42,109,5,2,24.83
7001,649962,42,41,4,2,7.15
7002,643725,42,59,5,2,14.15
7003,643551,42,22,5,2,27.89
7004,643695,42,25,5,2,21.31
7005,643689,42,48,5,2,23.02
7006,643413,42,100,5,2,18.18
7007,649677,42,108,4,2,7.89
7008,643608,42,49,5,2,18.31
7009,649959,42,58,4,2,7.3
7010,643716,42,50,5,2,13.88
7011,643461,42,74,5,2,24.83
7012,643386,42,136,5,2,26.49
7013,643683,42,33,5,2,23.27
7014,643395,42,118,5,2,27.47
7015,649968,42,28,4,2,9.27
7016,650007,42,23,4,2,6.82
7017,643392,42,116,5,2,29.66
7018,649794,42,84,4,2,7.19
7019,643506,42,98,5,2,24.36
7020,649800,42,86,4,2,7.31
7021,643656,42,11,5,2,22.11
7022,643599,42,26,5,2,23.1
7023,649896,42,22,4,2,9.52
7024,649791,42,82,4,2,7.18
7025,643512,42,87,5,2,22.03
7026,643617,42,41,5,2,20.23
7027,643359,42,110,5,2,21.71
7028,643602,42,9,5,2,22.02
7029,649824,42,70,4,2,6.74
7030,643692,42,47,5,2,21.88
7031,649707,42,104,4,2,6.74
7032,649746,42,124,4,2,9.29
7033,643614,42,58,5,2,19.26
7034,643401,42,124,5,2,27.74
7035,643398,42,135,5,2,25.9
7036,650034,42,48,4,2,7.57
7037,643533,42,94,5,2,26.48
7038,643674,42,24,5,2,18.63
7039,643662,42,23,5,2,21.07
7040,649842,42,76,4,2,7.79
7041,643560,42,15,5,2,28.31
7042,650037,42,47,4,2,7.16
7043,649749,42,123,4,2,8.62
7044,643611,42,45,5,2,21.53
7045,643650,42,6,5,2,21.18
7046,649803,42,80,4,2,9.24
7047,643380,42,111,5,2,24.44
7048,643410,42,113,5,2,21.25
7049,650055,42,34,4,2,6.92
7050,643434,42,127,5,2,20.12
7051,643419,42,115,5,2,20.31
7052,643308,42,2,5,2,21.79
7053,643494,42,71,5,2,24.69
7054,643677,42,37,5,2,23.99
7055,643665,42,51,5,2,18.67
7056,643704,42,54,5,2,19.71
7057,643365,42,102,5,2,20.53
7058,649740,42,118,4,2,11.04
7059,643524,42,88,5,2,13.95
7060,649965,42,63,4,2,7.14
7061,643479,42,70,5,2,18.66
7062,649953,42,49,4,2,7.13
7063,649854,42,78,4,2,7.24
7064,649977,42,13,4,2,7.71
7065,643644,42,17,5,2,23.59
7066,649905,42,15,4,2,10.61
7067,649956,42,45,4,2,7.39
7068,643710,42,34,5,2,19.91
7069,649674,42,126,4,2,7.31
7070,649797,42,79,4,2,7.2
7071,649758,42,100,4,2,6.92
7072,643467,42,77,5,2,21.57
7073,649701,42,103,4,2,6.93
7074,649683,42,120,4,2,8.03
7075,643542,42,91,5,2,15.1
7076,643416,42,128,5,2,22.03
7077,643407,42,139,5,2,24.36
7078,643545,42,89,5,2,23.64
7079,649653,42,2,4,2,7.29
7080,649704,42,110,4,2,6.91
7081,650040,42,25,4,2,7.29
7082,649686,42,117,4,2,9.24
7083,643518,42,81,5,2,19.86
7084,649887,42,91,4,2,6.46
7085,643458,42,80,5,2,26.69
7086,649935,42,32,4,2,8.32
7087,643368,42,107,5,2,18.52
7088,643635,42,20,5,2,21.16
7089,643311,42,3,5,2,26.02
7090,643335,42,119,5,2,23.89
7091,650004,42,16,4,2,6.61
7092,649782,42,133,4,2,6.44
7093,649857,42,87,4,2,7.17
7094,643605,42,36,5,2,20.99
7095,643326,42,114,5,2,19.92
7096,650025,42,64,4,2,9.07
7097,649809,42,67,4,2,7.23
7098,649914,42,61,4,2,8.16
7099,649698,42,134,4,2,7.97
7100,649971,42,27,4,2,7.94
7101,643719,42,55,5,2,19.48
7102,643338,42,120,5,2,24.22
7103,643629,42,8,5,2,23.82
7104,649986,42,57,4,2,8.02
7105,649821,42,75,4,2,6.91
7106,643482,42,68,5,2,20.53
7107,649923,42,14,4,2,7.55
7108,643527,42,95,5,2,27.97
7109,649884,42,85,4,2,6.59
7110,643305,42,1,5,2,20.89
7111,649779,42,127,4,2,6.86
7112,649893,42,65,4,2,7.25
7113,643470,42,93,5,2,23.31
7114,643473,42,69,5,2,21.76
7115,643320,42,122,5,2,18.32
7116,643593,42,42,5,2,22.99
7117,649941,42,30,4,2,7.89
7118,643539,42,85,5,2,18.62
7119,649860,42,92,4,2,6.86
7120,643626,42,27,5,2,24.72
7121,643488,42,99,5,2,25.25
7122,643587,42,43,5,2,25.02
7123,649998,42,10,4,2,6.78
7124,649863,42,81,4,2,6.93
7125,643446,42,82,5,2,18.32
7126,643431,42,129,5,2,13.95
7127,649974,42,8,4,2,7.2
7128,649785,42,141,4,2,6.53
7129,649755,42,113,4,2,7.24
7130,643428,42,131,5,2,17.99
7131,649743,42,135,4,2,10.08
7132,649845,42,96,4,2,8.16
7133,649920,42,40,4,2,7.53
7134,649656,42,3,4,2,9.33
7135,650031,42,21,4,2,7.58
7136,649812,42,77,4,2,7.15
7137,643641,42,57,5,2,23.44
7138,649902,42,38,4,2,9.84
7139,649776,42,129,4,2,6.28
7140,643422,42,132,5,2,20.41
7141,643449,42,84,5,2,19.11
7142,643425,42,121,5,2,19.86
7143,650010,42,51,4,2,6.73
7144,649836,42,97,4,2,7.76
7145,643347,42,101,5,2,23.23
7146,643353,42,134,5,2,23.31
7147,643638,42,44,5,2,24.97
7148,649827,42,68,4,2,6.85
7149,643548,42,65,5,2,20.34
7150,643362,42,104,5,2,18.66
7151,650070,42,59,4,2,6.45
7152,649980,42,20,4,2,7.12
7153,650061,42,50,4,2,6.28
7154,649944,42,26,4,2,7.97
7155,649662,42,5,4,2,6.5
7156,649851,42,98,4,2,8.01
7157,650052,42,7,4,2,6.89
7158,649806,42,74,4,2,8.15
7159,650046,42,35,4,2,7.07
7160,643332,42,108,5,2,22.62
7161,649926,42,19,4,2,7.8
7162,649869,42,88,4,2,6.28
7163,650064,42,55,4,2,6.68
7164,643686,42,21,5,2,23.86
7165,643317,42,5,5,2,16.15
7166,649995,42,6,4,2,7.04
7167,643584,42,62,5,2,21.82
7168,649908,42,39,4,2,13.46
7169,643404,42,123,5,2,25.7
7170,643437,42,133,5,2,17.83
7171,643596,42,30,5,2,23.79
7172,643503,42,83,5,2,25.7
7173,649788,42,130,4,2,6.43
7174,649983,42,44,4,2,8.38
7175,643572,42,60,5,2,26.54
7176,649665,42,122,4,2,7.18
7177,643464,42,67,5,2,23.23
7178,643485,42,73,5,2,18.52
7179,649716,42,140,4,2,8.1
7180,643497,42,76,5,2,24.44
7181,649929,42,62,4,2,7.84
7182,650058,42,46,4,2,6.74
7183,649734,42,106,4,2,11.75
7184,649773,42,131,4,2,6.73
7185,649659,42,4,4,2,7.14
7186,643389,42,106,5,2,29.47
7187,602808,41,121,5,2,12.77
7188,602805,41,132,5,2,11.83
7189,605922,41,14,4,2,8.88
7190,605925,41,19,4,2,8.73
7191,602937,41,29,5,2,21.54
7192,605335,41,20,6,2,31.99
7193,602961,41,14,5,2,16.91
7194,606057,41,46,4,2,8.07
7195,603096,41,46,5,2,12.27
7196,605694,41,112,4,2,8.41
7197,606003,41,16,4,2,7.83
7198,602901,41,81,5,2,12.77
7199,605949,41,36,4,2,8.75
7200,602703,41,122,5,2,11.69
7201,605260,41,113,6,2,31.28
7202,605270,41,141,6,2,29.36
7203,602988,41,36,5,2,14.3
7204,602736,41,134,5,2,14.4
7205,605262,41,128,6,2,30.96
7206,605964,41,63,4,2,8.29
7207,605739,41,118,4,2,9.91
7208,603093,41,34,5,2,12.97
7209,605766,41,132,4,2,8.02
7210,602766,41,137,5,2,18.4
7211,602793,41,113,5,2,12.95
7212,605790,41,82,4,2,8.25
7213,602754,41,140,5,2,15.84
7214,602952,41,61,5,2,18.41
7215,605778,41,127,4,2,7.84
7216,605354,41,47,6,2,30.39
7217,605235,41,119,6,2,29.68
7218,605267,41,129,6,2,35.18
7219,605272,41,82,6,2,29.8
7220,602826,41,130,5,2,6.28
7221,603027,41,17,5,2,14.58
7222,602730,41,101,5,2,14.02
7223,605326,41,49,6,2,29.97
7224,605239,41,101,6,2,30.2
7225,602877,41,71,5,2,16.9
7226,605721,41,105,4,2,8.9
7227,602763,41,111,5,2,16.41
7228,605265,41,121,6,2,31.33
7229,602769,41,136,5,2,19.87
7230,602700,41,5,5,2,8.23
7231,602775,41,116,5,2,26.13
7232,605724,41,111,4,2,8.72
7233,605730,41,136,4,2,10.03
7234,603021,41,44,5,2,16.27
7235,602724,41,117,5,2,17.47
7236,605691,41,101,4,2,8.48
7237,605697,41,134,4,2,8.78
7238,605973,41,8,4,2,8.55
7239,606030,41,21,4,2,8.53
7240,605988,41,17,4,2,8.47
7241,605760,41,128,4,2,8.33
7242,605243,41,110,6,2,30.95
7243,605344,41,23,6,2,30.73
7244,605928,41,62,4,2,8.65
7245,602802,41,115,5,2,12.36
7246,602778,41,118,5,2,21.53
7247,605727,41,137,4,2,9.48
7248,605889,41,89,4,2,9.08
7249,602844,41,74,5,2,16.37
7250,602874,41,97,5,2,14.97
7251,605823,41,70,4,2,8.05
7252,605353,41,48,6,2,30.92
7253,605261,41,100,6,2,30.98
7254,602691,41,2,5,2,12.54
7255,605246,41,107,6,2,32.5
7256,605325,41,36,6,2,30.16
7257,605736,41,116,4,2,11.64
7258,605237,41,117,6,2,28.98
7259,602883,41,96,5,2,18.4
7260,605362,41,50,6,2,35.29
7261,605297,41,90,6,2,31.82
7262,605292,41,98,6,2,30.33
7263,602823,41,141,5,2,9.09
7264,605751,41,139,4,2,8.89
7265,605273,41,84,6,2,31.24
7266,605302,41,66,6,2,31.0
7267,605238,41,109,6,2,28.54
7268,605287,41,97,6,2,28.95
7269,605253,41,106,6,2,24.81
7270,605976,41,13,4,2,8.75
7271,602868,41,73,5,2,9.1
7272,605829,41,73,4,2,7.87
7273,605955,41,45,4,2,8.5
7274,605934,41,32,4,2,9.5
7275,606000,41,11,4,2,8.22
7276,605994,41,6,4,2,7.89
7277,602865,41,68,5,2,11.47
7278,602739,41,103,5,2,12.59
7279,605301,41,94,6,2,26.54
7280,605303,41,85,6,2,29.39
7281,605251,41,137,6,2,27.2
7282,605862,41,81,4,2,8.25
7283,605320,41,32,6,2,30.73
7284,605240,41,112,6,2,31.71
7285,605784,41,141,4,2,7.74
7286,605359,41,7,6,2,31.09
7287,602991,41,49,5,2,11.68
7288,603000,41,41,5,2,13.27
7289,606051,41,7,4,2,8.0
7290,602994,41,45,5,2,13.45
7291,605835,41,97,4,2,8.65
7292,605838,41,71,4,2,8.9
7293,605360,41,34,6,2,31.46
7294,605358,41,54,6,2,32.41
7295,605328,41,58,6,2,32.04
7296,605316,41,14,6,2,28.61
7297,602970,41,43,5,2,16.15
7298,605231,41,125,6,2,31.24
7299,602748,41,102,5,2,11.47
7300,602820,41,133,5,2,9.31
7301,602727,41,109,5,2,16.37
7302,605268,41,127,6,2,28.48
7303,605348,41,24,6,2,32.91
7304,605254,41,116,6,2,23.99
7305,605333,41,8,6,2,29.68
7306,605298,41,88,6,2,35.18
7307,602925,41,91,5,2,7.33
7308,603015,41,13,5,2,14.13
7309,602940,41,38,5,2,18.72
7310,605715,41,140,4,2,9.31
7311,605257,41,124,6,2,25.92
7312,602919,41,66,5,2,11.98
7313,605349,41,37,6,2,30.49
7314,605232,41,114,6,2,30.6
7315,606033,41,48,4,2,8.65
7316,605323,41,26,6,2,29.66
7317,605847,41,83,4,2,9.43
7318,605311,41,39,6,2,22.91
7319,602721,41,120,5,2,15.21
7320,603009,41,27,5,2,16.57
7321,605775,41,129,4,2,7.76
7322,605901,41,38,4,2,9.04
7323,605895,41,22,4,2,10.11
7324,606048,41,54,4,2,7.88
7325,605288,41,71,6,2,28.41
7326,602895,41,87,5,2,12.54
7327,605312,41,56,6,2,24.92
7328,605796,41,79,4,2,8.55
7329,605332,41,27,6,2,28.47
7330,605324,41,9,6,2,30.3
7331,605757,41,100,4,2,8.0
7332,605307,41,22,6,2,26.03
7333,605338,41,17,6,2,29.7
7334,605820,41,75,4,2,8.26
7335,605859,41,92,4,2,8.02
7336,605943,41,26,4,2,9.04
7337,606042,41,31,4,2,8.08
7338,605802,41,80,4,2,9.85
7339,605763,41,115,4,2,8.02
7340,602745,41,104,5,2,9.05
7341,603090,41,7,5,2,11.94
7342,605679,41,119,4,2,9.06
7343,605655,41,3,4,2,9.74
7344,605282,41,75,6,2,30.95
7345,605245,41,102,6,2,30.9
7346,605293,41,78,6,2,31.29
7347,605295,41,92,6,2,31.93
7348,605703,41,110,4,2,8.26
7349,605652,41,2,4,2,8.41
7350,603051,41,12,5,2,13.22
7351,605228,41,4,6,2,31.46
7352,605304,41,91,6,2,29.98
7353,603078,41,25,5,2,12.9
7354,606012,41,12,4,2,8.63
7355,605919,41,40,4,2,8.87
7356,603042,41,16,5,2,8.38
7357,602853,41,93,5,2,14.4
7358,605856,41,87,4,2,8.33
7359,603087,41,54,5,2,11.25
7360,602760,41,105,5,2,16.9
7361,605345,41,51,6,2,32.35
7362,602889,41,98,5,2,14.92
7363,605769,41,121,4,2,8.25
7364,605355,41,25,6,2,31.29
7365,602811,41,131,5,2,12.22
7366,605226,41,2,6,2,30.87
7367,602715,41,108,5,2,15.18
7368,605712,41,107,4,2,7.87
7369,605871,41,95,4,2,10.79
7370,605229,41,5,6,2,29.81
7371,605874,41,72,4,2,10.8
7372,605688,41,109,4,2,8.91
7373,602772,41,106,5,2,24.85
7374,602829,41,82,5,2,11.69
7375,605670,41,114,4,2,8.55
7376,605937,41,42,4,2,8.84
7377,605241,41,134,6,2,29.49
7378,605907,41,39,4,2,12.85
7379,605745,41,124,4,2,10.07
7380,605225,41,1,6,2,30.78
7381,605742,41,135,4,2,9.28
7382,605709,41,102,4,2,7.83
7383,605351,41,33,6,2,30.65
7384,605649,41,1,4,2,8.61
7385,603024,41,57,5,2,14.48
7386,603060,41,37,5,2,14.73
7387,606006,41,23,4,2,8.18
7388,605275,41,86,6,2,31.52
7389,602967,41,62,5,2,14.61
7390,605276,41,80,6,2,28.98
7391,605350,41,64,6,2,29.7
7392,605321,41,42,6,2,30.13
7393,605883,41,85,4,2,7.6
7394,605352,41,21,6,2,30.49
7395,605661,41,5,4,2,7.53
7396,605331,41,28,6,2,28.94
7397,605673,41,126,4,2,8.39
7398,605664,41,122,4,2,8.25
7399,602712,41,126,5,2,12.84
7400,602796,41,100,5,2,11.72
7401,605748,41,123,4,2,9.43
7402,602817,41,127,5,2,12.34
7403,605892,41,65,4,2,8.32
7404,605685,41,117,4,2,9.85
7405,602757,41,138,5,2,14.97
7406,602787,41,123,5,2,16.35
7407,602976,41,42,5,2,14.92
7408,603075,41,47,5,2,13.04
7409,602838,41,86,5,2,12.84
7410,602910,41,95,5,2,22.81
7411,602913,41,72,5,2,23.74
7412,605341,41,10,6,2,31.33
7413,602982,41,26,5,2,15.93
7414,605329,41,41,6,2,31.11
7415,605327,41,45,6,2,31.07
7416,602958,41,40,5,2,16.76
7417,602832,41,84,5,2,13.05
7418,602946,41,39,5,2,28.82
7419,605305,41,89,6,2,30.16
7420,605236,41,120,6,2,30.62
7421,605264,41,132,6,2,31.93
7422,602688,41,1,5,2,13.62
7423,602964,41,19,5,2,16.35
7424,602862,41,70,5,2,9.05
7425,605244,41,104,6,2,32.96
7426,605317,41,19,6,2,28.83
7427,602694,41,3,5,2,19.67
7428,603048,41,51,5,2,9.27
7429,605958,41,58,4,2,8.26
7430,606021,41,37,4,2,8.71
7431,602835,41,79,5,2,13.3
7432,605913,41,61,4,2,9.48
7433,602856,41,69,5,2,12.59
7434,605291,41,83,6,2,29.66
7435,602799,41,128,5,2,12.54
7436,605256,41,135,6,2,26.82
7437,602898,41,92,5,2,11.83
7438,602979,41,30,5,2,15.99
7439,602706,41,125,5,2,13.05
7440,603054,41,18,5,2,12.46
7441,605281,41,69,6,2,30.44
7442,603030,41,53,5,2,13.63
7443,605315,41,40,6,2,28.29
7444,605263,41,115,6,2,31.03
7445,605733,41,106,4,2,11.25
7446,605886,41,91,4,2,7.5
7447,605946,41,9,4,2,8.73
7448,603057,41,24,5,2,9.03
7449,605285,41,73,6,2,32.5
7450,602781,41,135,5,2,19.38
7451,602841,41,80,5,2,17.47
7452,602784,41,124,5,2,21.79
7453,602859,41,75,5,2,12.34
7454,605250,41,111,6,2,28.83
7455,605252,41,136,6,2,26.97
7456,605342,41,11,6,2,30.3
7457,605234,41,108,6,2,29.96
7458,605853,41,78,4,2,8.35
7459,602934,41,22,5,2,21.99
7460,605286,41,99,6,2,29.64
7461,605284,41,68,6,2,30.9
7462,603108,41,59,5,2,6.25
7463,605985,41,57,4,2,8.82
7464,605363,41,55,6,2,28.83
7465,602751,41,107,5,2,9.1
7466,605271,41,130,6,2,30.34
7467,606069,41,59,4,2,7.36
7468,602931,41,65,5,2,12.32
7469,603045,41,23,5,2,11.74
7470,605308,41,29,6,2,26.21
7471,603006,41,28,5,2,17.57
7472,605357,41,35,6,2,31.21
7473,605364,41,52,6,2,30.0
7474,605322,41,30,6,2,29.53
7475,605365,41,59,6,2,30.23
7476,605850,41,98,4,2,8.89
7477,605718,41,138,4,2,8.65
7478,605306,41,65,6,2,30.56
7479,603018,41,20,5,2,11.59
7480,603072,41,48,5,2,13.13
7481,605310,41,15,6,2,25.87
7482,602922,41,85,5,2,10.37
7483,603081,41,31,5,2,12.23
7484,603102,41,55,5,2,11.43
7485,605294,41,87,6,2,30.96
7486,605877,41,94,4,2,9.53
7487,605277,41,74,6,2,28.54
7488,602886,41,83,5,2,16.35
7489,605283,41,70,6,2,32.96
7490,602847,41,67,5,2,14.02
7491,605274,41,79,6,2,30.6
7492,605290,41,96,6,2,27.2
7493,606024,41,64,4,2,9.84
7494,603033,41,6,5,2,12.36
7495,605868,41,88,4,2,7.76
7496,605961,41,41,4,2,8.46
7497,605940,41,30,4,2,9.1
7498,603039,41,11,5,2,12.98
7499,605682,41,120,4,2,9.23
7500,603012,41,8,5,2,14.83
7501,605336,41,44,6,2,28.6
7502,602985,41,9,5,2,14.75
7503,602709,41,114,5,2,13.3
7504,606039,41,25,4,2,8.38
7505,605258,41,123,6,2,29.66
7506,603063,41,64,5,2,16.56
7507,605814,41,93,4,2,8.78
7508,605787,41,130,4,2,7.35
7509,602916,41,94,5,2,20.14
7510,605811,41,77,4,2,8.41
7511,605356,41,31,6,2,30.69
7512,606066,41,52,4,2,7.62
7513,605832,41,99,4,2,9.31
7514,603105,41,52,5,2,8.19
7515,605361,41,46,6,2,31.94
7516,605706,41,104,4,2,8.05
7517,605676,41,108,4,2,8.89
7518,602928,41,89,5,2,15.38
7519,605296,41,81,6,2,31.33
7520,605314,41,60,6,2,26.92
7521,605793,41,84,4,2,8.33
7522,605667,41,125,4,2,8.33
7523,605904,41,15,4,2,10.35
7524,605799,41,86,4,2,8.39
7525,605781,41,133,4,2,7.46
7526,603084,41,35,5,2,12.73
7527,606063,41,55,4,2,7.65
7528,605898,41,29,4,2,10.01
7529,602742,41,110,5,2,12.34
7530,605970,41,27,4,2,8.82
7531,602997,41,58,5,2,12.22
7532,605700,41,103,4,2,8.17
7533,602718,41,119,5,2,15.85
7534,603003,41,63,5,2,12.65
7535,605826,41,68,4,2,7.83
7536,606045,41,35,4,2,8.23
7537,605249,41,105,6,2,28.41
7538,605278,41,67,6,2,30.2
7539,605658,41,4,4,2,8.3
7540,602697,41,4,5,2,12.52
7541,606027,41,33,4,2,8.25
7542,605289,41,76,6,2,28.83
7543,602871,41,99,5,2,15.84
7544,605817,41,69,4,2,8.17
7545,602790,41,139,5,2,14.92
7546,602904,41,90,5,2,12.22
7547,605319,41,43,6,2,29.7
7548,605233,41,126,6,2,31.52
7549,605230,41,122,6,2,29.8
7550,602850,41,77,5,2,11.97
7551,605248,41,138,6,2,28.95
7552,605255,41,118,6,2,26.35
7553,605269,41,133,6,2,29.89
7554,605337,41,57,6,2,29.43
7555,605865,41,90,4,2,8.05
7556,605880,41,66,4,2,8.01
7557,605844,41,96,4,2,9.48
7558,602973,41,32,5,2,15.44
7559,605754,41,113,4,2,8.35
7560,605247,41,140,6,2,29.64
7561,605967,41,28,4,2,10.01
7562,605280,41,93,6,2,29.49
7563,605772,41,131,4,2,8.05
7564,602892,41,78,5,2,12.95
7565,605979,41,20,4,2,8.38
7566,606018,41,24,4,2,8.01
7567,606015,41,18,4,2,8.36
7568,605313,41,61,6,2,27.19
7569,605343,41,16,6,2,32.96
7570,605991,41,53,4,2,8.32
7571,602733,41,112,5,2,11.97
7572,605279,41,77,6,2,31.71
7573,605916,41,60,4,2,10.06
7574,605805,41,74,4,2,8.91
7575,606009,41,51,4,2,7.88
7576,603036,41,10,5,2,11.62
7577,603069,41,21,5,2,14.87
7578,603066,41,33,5,2,14.08
7579,605227,41,3,6,2,26.98
7580,605997,41,10,4,2,7.93
7581,606060,41,50,4,2,7.75
7582,605982,41,44,4,2,9.0
7583,606036,41,47,4,2,8.36
7584,602907,41,88,5,2,6.73
7585,603099,41,50,5,2,6.6
7586,605259,41,139,6,2,30.33
7587,602955,41,60,5,2,19.98
7588,605346,41,12,6,2,30.95
7589,605910,41,56,4,2,10.77
7590,605300,41,72,6,2,25.33
7591,602880,41,76,5,2,16.41
7592,605952,41,49,4,2,8.26
7593,605242,41,103,6,2,30.44
7594,605330,41,63,6,2,31.14
7595,605340,41,6,6,2,30.1
7596,602814,41,129,5,2,6.73
7597,605299,41,95,6,2,25.57
7598,605318,41,62,6,2,29.02
7599,605347,41,18,6,2,31.17
7600,605841,41,76,4,2,8.72
7601,605339,41,53,6,2,30.34
7602,602949,41,56,5,2,23.83
7603,602943,41,15,5,2,22.78
7604,605808,41,67,4,2,8.48
7605,606054,41,34,4,2,8.28
7606,605931,41,43,4,2,9.41
7607,605309,41,38,6,2,27.12
7608,605334,41,13,6,2,30.55
7609,605266,41,131,6,2,31.82
7610,606068,40,59,4,2,6.19
7611,602804,40,132,5,2,17.19
7612,602714,40,108,5,2,19.76
7613,602702,40,122,5,2,15.77
7614,605975,40,13,4,2,7.51
7615,602807,40,121,5,2,17.55
7616,602927,40,89,5,2,20.25
7617,602744,40,104,5,2,14.48
7618,605882,40,85,4,2,6.51
7619,602840,40,80,5,2,21.93
7620,605876,40,94,4,2,8.39
7621,603044,40,23,5,2,17.28
7622,606014,40,18,4,2,7.13
7623,605699,40,103,4,2,6.99
7624,605684,40,117,4,2,8.72
7625,606029,40,21,4,2,7.16
7626,602876,40,71,5,2,21.66
7627,603032,40,6,5,2,17.7
7628,606026,40,33,4,2,6.88
7629,605972,40,8,4,2,7.38
7630,602720,40,120,5,2,20.23
7631,602918,40,66,5,2,16.4
7632,605831,40,99,4,2,8.11
7633,603107,40,59,5,2,11.01
7634,605825,40,68,4,2,6.67
7635,606044,40,35,4,2,6.79
7636,605891,40,65,4,2,7.0
7637,602846,40,67,5,2,19.42
7638,605798,40,86,4,2,7.0
7639,605852,40,78,4,2,6.9
7640,605708,40,102,4,2,6.67
7641,602921,40,85,5,2,15.13
7642,605936,40,42,4,2,7.45
7643,605711,40,107,4,2,6.55
7644,603026,40,17,5,2,19.9
7645,603092,40,34,5,2,17.71
7646,605765,40,132,4,2,6.56
7647,605681,40,120,4,2,7.85
7648,602990,40,49,5,2,15.77
7649,605939,40,30,4,2,7.73
7650,603005,40,28,5,2,22.14
7651,605762,40,115,4,2,6.55
7652,605795,40,79,4,2,7.19
7653,603077,40,25,5,2,17.62
7654,605963,40,63,4,2,6.97
7655,602696,40,4,5,2,17.18
7656,602813,40,129,5,2,10.52
7657,605915,40,60,4,2,8.7
7658,605768,40,121,4,2,6.69
7659,602969,40,43,5,2,21.17
7660,602816,40,127,5,2,16.77
7661,602975,40,42,5,2,19.82
7662,602789,40,139,5,2,19.9
7663,605861,40,81,4,2,6.69
7664,602966,40,62,5,2,19.34
7665,605903,40,15,4,2,9.14
7666,603053,40,18,5,2,18.08
7667,605669,40,114,4,2,7.19
7668,603041,40,16,5,2,13.63
7669,605783,40,141,4,2,6.63
7670,605813,40,93,4,2,7.72
7671,605822,40,70,4,2,6.7
7672,602750,40,107,5,2,14.35
7673,605885,40,91,4,2,6.35
7674,605909,40,56,4,2,9.49
7675,602849,40,77,5,2,17.56
7676,602936,40,29,5,2,24.77
7677,605921,40,14,4,2,7.5
7678,605957,40,58,4,2,6.88
7679,602885,40,83,5,2,20.89
7680,602930,40,65,5,2,17.0
7681,605810,40,77,4,2,7.06
7682,602855,40,69,5,2,18.11
7683,602786,40,123,5,2,20.89
7684,602882,40,96,5,2,22.22
7685,606038,40,25,4,2,6.93
7686,605729,40,136,4,2,8.68
7687,605723,40,111,4,2,7.39
7688,605867,40,88,4,2,6.06
7689,602825,40,130,5,2,11.05
7690,605759,40,128,4,2,6.99
7691,605705,40,104,4,2,6.7
7692,602735,40,134,5,2,19.67
7693,605774,40,129,4,2,6.06
7694,602861,40,70,5,2,14.48
7695,603068,40,21,5,2,19.94
7696,605987,40,17,4,2,7.3
7697,602867,40,73,5,2,14.35
7698,603011,40,8,5,2,19.99
7699,605744,40,124,4,2,8.94
7700,606008,40,51,4,2,6.54
7701,605741,40,135,4,2,8.14
7702,602924,40,91,5,2,11.98
7703,602858,40,75,5,2,17.9
7704,602939,40,38,5,2,22.4
7705,605789,40,82,4,2,6.95
7706,602993,40,45,5,2,17.94
7707,605816,40,69,4,2,6.99
7708,603098,40,50,5,2,10.41
7709,602780,40,135,5,2,22.94
7710,602822,40,141,5,2,13.57
7711,602897,40,92,5,2,17.19
7712,605780,40,133,4,2,6.36
7713,602828,40,82,5,2,15.77
7714,605657,40,4,4,2,6.82
7715,605870,40,95,4,2,9.44
7716,603101,40,55,5,2,16.07
7717,602717,40,119,5,2,20.83
7718,605873,40,72,4,2,9.58
7719,606011,40,12,4,2,7.36
7720,603071,40,48,5,2,18.5
7721,602711,40,126,5,2,16.89
7722,602870,40,99,5,2,20.95
7723,603083,40,35,5,2,18.17
7724,605951,40,49,4,2,6.95
7725,605912,40,61,4,2,8.16
7726,603080,40,31,5,2,17.15
7727,605828,40,73,4,2,6.55
7728,605747,40,123,4,2,8.16
7729,605672,40,126,4,2,7.0
7730,605849,40,98,4,2,7.57
7731,602906,40,88,5,2,10.52
7732,605807,40,67,4,2,7.27
7733,603104,40,52,5,2,12.84
7734,602933,40,22,5,2,25.32
7735,605792,40,84,4,2,6.99
7736,605696,40,134,4,2,7.72
7737,602864,40,68,5,2,16.86
7738,602723,40,117,5,2,21.93
7739,605930,40,43,4,2,8.05
7740,603047,40,51,5,2,14.49
7741,602978,40,30,5,2,20.92
7742,606035,40,47,4,2,6.95
7743,606059,40,50,4,2,6.06
7744,603020,40,44,5,2,21.2
7745,606041,40,31,4,2,6.59
7746,602768,40,136,5,2,23.42
7747,603023,40,57,5,2,19.76
7748,605996,40,10,4,2,6.72
7749,606020,40,37,4,2,7.39
7750,602708,40,114,5,2,17.25
7751,605993,40,6,4,2,6.79
7752,602909,40,95,5,2,25.89
7753,605954,40,45,4,2,7.11
7754,602948,40,56,5,2,26.65
7755,602912,40,72,5,2,26.64
7756,603095,40,46,5,2,16.26
7757,605900,40,38,4,2,7.93
7758,605666,40,125,4,2,6.99
7759,602957,40,40,5,2,21.51
7760,605660,40,5,4,2,6.4
7761,605927,40,62,4,2,7.32
7762,605945,40,9,4,2,7.37
7763,602762,40,111,5,2,20.91
7764,605786,40,130,4,2,6.18
7765,605732,40,106,4,2,9.97
7766,605693,40,112,4,2,7.06
7767,605906,40,39,4,2,11.45
7768,605981,40,44,4,2,7.96
7769,603014,40,13,5,2,19.47
7770,605651,40,2,4,2,7.19
7771,602837,40,86,5,2,16.89
7772,605678,40,119,4,2,7.68
7773,603029,40,53,5,2,19.12
7774,603017,40,20,5,2,17.17
7775,602765,40,137,5,2,22.22
7776,605978,40,20,4,2,7.02
7777,606005,40,23,4,2,6.95
7778,602792,40,113,5,2,17.63
7779,605714,40,140,4,2,8.11
7780,605948,40,36,4,2,7.38
7781,602756,40,138,5,2,19.73
7782,602687,40,1,5,2,17.73
7783,605894,40,22,4,2,8.97
7784,602759,40,105,5,2,21.66
7785,603089,40,7,5,2,16.09
7786,602705,40,125,5,2,16.16
7787,602726,40,109,5,2,21.14
7788,603059,40,37,5,2,19.5
7789,602699,40,5,5,2,12.92
7790,605984,40,57,4,2,7.77
7791,605834,40,97,4,2,7.32
7792,606032,40,48,4,2,7.35
7793,605960,40,41,4,2,7.08
7794,605735,40,116,4,2,10.3
7795,605837,40,71,4,2,7.53
7796,603056,40,24,5,2,14.45
7797,602783,40,124,5,2,25.15
7798,603002,40,63,5,2,15.81
7799,605648,40,1,4,2,7.25
7800,605942,40,26,4,2,7.68
7801,605720,40,105,4,2,7.53
7802,602960,40,14,5,2,21.72
7803,606053,40,34,4,2,6.7
7804,606047,40,54,4,2,6.4
7805,602732,40,112,5,2,17.56
7806,605858,40,92,4,2,6.56
7807,605738,40,118,4,2,8.79
7808,602852,40,93,5,2,19.67
7809,602801,40,115,5,2,17.34
7810,602795,40,100,5,2,15.77
7811,602903,40,90,5,2,16.22
7812,605777,40,127,4,2,6.78
7813,602693,40,3,5,2,23.43
7814,606056,40,46,4,2,6.44
7815,602729,40,101,5,2,19.42
7816,602798,40,128,5,2,17.94
7817,602954,40,60,5,2,23.51
7818,605663,40,122,4,2,6.95
7819,602747,40,102,5,2,16.86
7820,605933,40,32,4,2,8.12
7821,605753,40,113,4,2,6.9
7822,602819,40,133,5,2,14.26
7823,605756,40,100,4,2,6.48
7824,605999,40,11,4,2,7.06
7825,605864,40,90,4,2,6.42
7826,602942,40,15,5,2,25.71
7827,603074,40,47,5,2,18.33
7828,605966,40,28,4,2,8.87
7829,605840,40,76,4,2,7.39
7830,602888,40,98,5,2,19.9
7831,602738,40,103,5,2,18.11
7832,602771,40,106,5,2,27.57
7833,602741,40,110,5,2,17.9
7834,605888,40,89,4,2,7.7
7835,602873,40,97,5,2,19.73
7836,602831,40,84,5,2,16.16
7837,602963,40,19,5,2,20.88
7838,602690,40,2,5,2,17.83
7839,606023,40,64,4,2,8.6
7840,605804,40,74,4,2,7.85
7841,605990,40,53,4,2,7.13
7842,605924,40,19,4,2,7.39
7843,603065,40,33,5,2,19.09
7844,605771,40,131,4,2,6.42
7845,605654,40,3,4,2,8.46
7846,605843,40,96,4,2,8.16
7847,605918,40,40,4,2,7.52
7848,603038,40,11,5,2,18.5
7849,602894,40,87,5,2,17.94
7850,605897,40,29,4,2,8.86
7851,602774,40,116,5,2,28.69
7852,606017,40,24,4,2,6.66
7853,606062,40,55,4,2,6.58
7854,602777,40,118,5,2,24.79
7855,605702,40,110,4,2,7.04
7856,605879,40,66,4,2,6.51
7857,606050,40,7,4,2,6.48
7858,606065,40,52,4,2,6.49
7859,602843,40,74,5,2,21.14
7860,602996,40,58,5,2,15.84
7861,605726,40,137,4,2,8.16
7862,605750,40,139,4,2,7.57
7863,602972,40,32,5,2,20.45
7864,605846,40,83,4,2,8.16
7865,603035,40,10,5,2,17.08
7866,605855,40,87,4,2,6.99
7867,605717,40,138,4,2,7.32
7868,602984,40,9,5,2,19.18
7869,603086,40,54,5,2,16.55
7870,602999,40,41,5,2,17.08
7871,602879,40,76,5,2,20.91
7872,605969,40,27,4,2,7.75
7873,602834,40,79,5,2,17.25
7874,602753,40,140,5,2,20.95
7875,602891,40,78,5,2,17.63
7876,602915,40,94,5,2,23.63
7877,603062,40,64,5,2,21.13
7878,602987,40,36,5,2,18.43
7879,605687,40,109,4,2,7.85
7880,602945,40,39,5,2,31.1
7881,606002,40,16,4,2,6.53
7882,602810,40,131,5,2,16.21
7883,602900,40,81,5,2,17.55
7884,605690,40,101,4,2,7.27
7885,603008,40,27,5,2,21.09
7886,605819,40,75,4,2,7.04
7887,602951,40,61,5,2,22.19
7888,605675,40,108,4,2,7.53
7889,602981,40,26,5,2,20.54
7890,605801,40,80,4,2,8.72
7891,603050,40,12,5,2,18.8
7892,602746,39,104,5,2,20.54
7893,602707,39,125,5,2,21.29
7894,602773,39,106,5,2,31.91
7895,606064,39,55,4,2,8.02
7896,605992,39,53,4,2,8.51
7897,602689,39,1,5,2,23.57
7898,603085,39,35,5,2,25.27
7899,602701,39,5,5,2,18.92
7900,602692,39,2,5,2,24.01
7901,605773,39,131,4,2,7.46
7902,603004,39,63,5,2,20.92
7903,602920,39,66,5,2,22.83
7904,602950,39,56,5,2,31.25
7905,605881,39,66,4,2,7.58
7906,602719,39,119,5,2,27.05
7907,605653,39,2,4,2,8.53
7908,602716,39,108,5,2,25.81
7909,605932,39,43,4,2,8.97
7910,605875,39,72,4,2,10.88
7911,605896,39,22,4,2,10.45
7912,605656,39,3,4,2,9.6
7913,605713,39,107,4,2,7.81
7914,605899,39,29,4,2,10.27
7915,605878,39,94,4,2,9.82
7916,605746,39,124,4,2,10.41
7917,605743,39,135,4,2,9.55
7918,603076,39,47,5,2,25.6
7919,605836,39,97,4,2,8.29
7920,605968,39,28,4,2,10.22
7921,605827,39,68,4,2,8.1
7922,605794,39,84,4,2,8.13
7923,606001,39,11,4,2,8.48
7924,605803,39,80,4,2,10.07
7925,606037,39,47,4,2,8.02
7926,603070,39,21,5,2,27.07
7927,602854,39,93,5,2,25.76
7928,603061,39,37,5,2,25.96
7929,605995,39,6,4,2,8.27
7930,605662,39,5,4,2,7.79
7931,602941,39,38,5,2,27.68
7932,602977,39,42,5,2,26.12
7933,603109,39,59,5,2,17.21
7934,602737,39,134,5,2,25.76
7935,602713,39,126,5,2,22.91
7936,603055,39,18,5,2,24.65
7937,602923,39,85,5,2,20.95
7938,602962,39,14,5,2,27.64
7939,602917,39,94,5,2,28.73
7940,602875,39,97,5,2,25.64
7941,603034,39,6,5,2,23.61
7942,602995,39,45,5,2,24.24
7943,603001,39,41,5,2,22.76
7944,603043,39,16,5,2,18.95
7945,605776,39,129,4,2,7.0
7946,602899,39,92,5,2,23.99
7947,606067,39,52,4,2,7.87
7948,602797,39,100,5,2,21.85
7949,602860,39,75,5,2,24.33
7950,603088,39,54,5,2,23.13
7951,603046,39,23,5,2,23.47
7952,603010,39,27,5,2,27.06
7953,605755,39,113,4,2,7.94
7954,606034,39,48,4,2,8.51
7955,603037,39,10,5,2,22.88
7956,603103,39,55,5,2,21.9
7957,605833,39,99,4,2,9.42
7958,602884,39,96,5,2,27.31
7959,602827,39,130,5,2,17.21
7960,602971,39,43,5,2,27.52
7961,606019,39,24,4,2,7.87
7962,605986,39,57,4,2,9.3
7963,605980,39,20,4,2,8.18
7964,606043,39,31,4,2,7.64
7965,603049,39,51,5,2,19.88
7966,605905,39,15,4,2,10.42
7967,605650,39,1,4,2,8.28
7968,605707,39,104,4,2,7.9
7969,602986,39,9,5,2,25.16
7970,602959,39,40,5,2,27.31
7971,602887,39,83,5,2,27.14
7972,605770,39,121,4,2,7.71
7973,605893,39,65,4,2,8.2
7974,605983,39,44,4,2,9.5
7975,602890,39,98,5,2,26.84
7976,602842,39,80,5,2,28.11
7977,602872,39,99,5,2,27.7
7978,602866,39,68,5,2,22.67
7979,606052,39,7,4,2,7.56
7980,603097,39,46,5,2,21.61
7981,602836,39,79,5,2,22.82
7982,605830,39,73,4,2,7.81
7983,602914,39,72,5,2,31.14
7984,605848,39,83,4,2,9.27
7985,602911,39,95,5,2,30.67
7986,605902,39,38,4,2,9.36
7987,605998,39,10,4,2,8.11
7988,605926,39,19,4,2,8.36
7989,602929,39,89,5,2,26.55
7990,602851,39,77,5,2,24.54
7991,605965,39,63,4,2,8.1
7992,605941,39,30,4,2,8.65
7993,605797,39,79,4,2,8.22
7994,605911,39,56,4,2,10.74
7995,603028,39,17,5,2,26.53
7996,605782,39,133,4,2,7.81
7997,603064,39,64,5,2,27.56
7998,602908,39,88,5,2,14.41
7999,605971,39,27,4,2,9.27
8000,605791,39,82,4,2,8.0
8001,602755,39,140,5,2,27.7
8002,605704,39,110,4,2,8.39
8003,602791,39,139,5,2,26.84
8004,603100,39,50,5,2,14.31
8005,602878,39,71,5,2,27.52
8006,602824,39,141,5,2,19.5
8007,602926,39,91,5,2,18.06
8008,605767,39,132,4,2,7.62
8009,605761,39,128,4,2,8.11
8010,602896,39,87,5,2,25.21
8011,602830,39,82,5,2,21.31
8012,605869,39,88,4,2,7.0
8013,602794,39,113,5,2,24.42
8014,605977,39,13,4,2,8.77
8015,602902,39,81,5,2,23.83
8016,605689,39,109,4,2,9.38
8017,605677,39,108,4,2,8.52
8018,605668,39,125,4,2,8.13
8019,605887,39,91,4,2,7.73
8020,605944,39,26,4,2,8.66
8021,602944,39,15,5,2,30.19
8022,605680,39,119,4,2,8.59
8023,605989,39,17,4,2,8.69
8024,605725,39,111,4,2,8.36
8025,602992,39,49,5,2,21.31
8026,605785,39,141,4,2,8.01
8027,605821,39,75,4,2,8.39
8028,605860,39,92,4,2,7.62
8029,602932,39,65,5,2,23.06
8030,605800,39,86,4,2,8.06
8031,605872,39,95,4,2,10.57
8032,602968,39,62,5,2,25.23
8033,603082,39,31,5,2,23.97
8034,603094,39,34,5,2,23.87
8035,602818,39,127,5,2,22.6
8036,603022,39,44,5,2,27.29
8037,602839,39,86,5,2,22.91
8038,606055,39,34,4,2,7.72
8039,605809,39,67,4,2,8.61
8040,605716,39,140,4,2,9.42
8041,606007,39,23,4,2,8.32
8042,602770,39,136,5,2,28.57
8043,605752,39,139,4,2,8.67
8044,605665,39,122,4,2,8.0
8045,605920,39,40,4,2,8.43
8046,605758,39,100,4,2,7.57
8047,605908,39,39,4,2,12.61
8048,602761,39,105,5,2,27.52
8049,602776,39,116,5,2,33.05
8050,605749,39,123,4,2,9.27
8051,605671,39,114,4,2,8.22
8052,602905,39,90,5,2,21.61
8053,602698,39,4,5,2,23.47
8054,602845,39,74,5,2,27.19
8055,605956,39,45,4,2,8.12
8056,605974,39,8,4,2,8.74
8057,605962,39,41,4,2,8.14
8058,602947,39,39,5,2,35.17
8059,605935,39,32,4,2,9.05
8060,602869,39,73,5,2,19.73
8061,605851,39,98,4,2,8.67
8062,603016,39,13,5,2,26.46
8063,606028,39,33,4,2,7.91
8064,602833,39,84,5,2,21.29
8065,606031,39,21,4,2,8.23
8066,605779,39,127,4,2,8.19
8067,605686,39,117,4,2,10.07
8068,602893,39,78,5,2,24.42
8069,602881,39,76,5,2,26.75
8070,606016,39,18,4,2,8.45
8071,603031,39,53,5,2,25.75
8072,605884,39,85,4,2,7.94
8073,605674,39,126,4,2,8.06
8074,603067,39,33,5,2,26.1
8075,602815,39,129,5,2,14.41
8076,605824,39,70,4,2,7.9
8077,603040,39,11,5,2,24.62
8078,602953,39,61,5,2,27.27
8079,605818,39,69,4,2,8.4
8080,602710,39,114,5,2,22.82
8081,605959,39,58,4,2,7.99
8082,602725,39,117,5,2,28.11
8083,605947,39,9,4,2,8.37
8084,602812,39,131,5,2,21.61
8085,605914,39,61,4,2,9.22
8086,602782,39,135,5,2,28.12
8087,606046,39,35,4,2,7.86
8088,602722,39,120,5,2,26.75
8089,602731,39,101,5,2,26.16
8090,605806,39,74,4,2,9.38
8091,605857,39,87,4,2,8.11
8092,605845,39,96,4,2,9.21
8093,605683,39,120,4,2,8.78
8094,602764,39,111,5,2,26.75
8095,606025,39,64,4,2,9.8
8096,602803,39,115,5,2,24.31
8097,605701,39,103,4,2,8.4
8098,606022,39,37,4,2,8.43
8099,605710,39,102,4,2,8.1
8100,605854,39,78,4,2,7.94
8101,605812,39,77,4,2,8.23
8102,602785,39,124,5,2,30.06
8103,603019,39,20,5,2,24.09
8104,603073,39,48,5,2,25.7
8105,605692,39,101,4,2,8.61
8106,602788,39,123,5,2,27.14
8107,602956,39,60,5,2,28.64
8108,605863,39,81,4,2,7.71
8109,602857,39,69,5,2,24.2
8110,605731,39,136,4,2,9.75
8111,605719,39,138,4,2,8.29
8112,605734,39,106,4,2,11.21
8113,602863,39,70,5,2,20.54
8114,602935,39,22,5,2,30.19
8115,605950,39,36,4,2,8.39
8116,602749,39,102,5,2,22.67
8117,602704,39,122,5,2,21.31
8118,602758,39,138,5,2,25.64
8119,605815,39,93,4,2,9.25
8120,605839,39,71,4,2,8.44
8121,605788,39,130,4,2,7.57
8122,603007,39,28,5,2,28.41
8123,605890,39,89,4,2,8.65
8124,602998,39,58,5,2,21.6
8125,602695,39,3,5,2,28.62
8126,602974,39,32,5,2,27.01
8127,602938,39,29,5,2,29.57
8128,603058,39,24,5,2,20.45
8129,605917,39,60,4,2,9.77
8130,602779,39,118,5,2,29.62
8131,606070,39,59,4,2,7.58
8132,603013,39,8,5,2,26.67
8133,602743,39,110,5,2,24.33
8134,603079,39,25,5,2,24.45
8135,602980,39,30,5,2,27.07
8136,606010,39,51,4,2,7.79
8137,603025,39,57,5,2,25.9
8138,602767,39,137,5,2,27.31
8139,605866,39,90,4,2,7.46
8140,602752,39,107,5,2,19.73
8141,605923,39,14,4,2,8.39
8142,602965,39,19,5,2,26.74
8143,605938,39,42,4,2,8.37
8144,602728,39,109,5,2,27.19
8145,605659,39,4,4,2,7.88
8146,603091,39,7,5,2,22.26
8147,606040,39,25,4,2,7.96
8148,605842,39,76,4,2,8.36
8149,602848,39,67,5,2,26.16
8150,605737,39,116,4,2,11.5
8151,603106,39,52,5,2,18.74
8152,602800,39,128,5,2,25.21
8153,606061,39,50,4,2,7.0
8154,606004,39,16,4,2,7.82
8155,602983,39,26,5,2,26.49
8156,605953,39,49,4,2,8.0
8157,605929,39,62,4,2,8.3
8158,602821,39,133,5,2,20.07
8159,602740,39,103,5,2,24.2
8160,603052,39,12,5,2,25.7
8161,605722,39,105,4,2,8.44
8162,606049,39,54,4,2,7.46
8163,605695,39,112,4,2,8.23
8164,605764,39,115,4,2,7.6
8165,605740,39,118,4,2,10.23
8166,602989,39,36,5,2,24.09
8167,605728,39,137,4,2,9.21
8168,606013,39,12,4,2,8.62
8169,605698,39,134,4,2,9.25
8170,606058,39,46,4,2,7.47
8171,602806,39,132,5,2,23.99
8172,602734,39,112,5,2,24.54
8173,602809,39,121,5,2,23.83
8174,550060,38,63,5,2,13.84
8175,547761,38,46,4,2,8.36
8176,550159,38,55,5,2,12.46
8177,550099,38,16,5,2,9.7
8178,549766,38,114,5,2,14.87
8179,549402,38,89,6,2,28.45
8180,549428,38,28,6,2,29.07
8181,550135,38,25,5,2,13.89
8182,549856,38,128,5,2,13.79
8183,547377,38,126,4,2,9.29
8184,550018,38,14,5,2,18.96
8185,549338,38,134,6,2,29.26
8186,549395,38,88,6,2,35.19
8187,549769,38,126,5,2,14.14
8188,549775,38,119,5,2,17.68
8189,550021,38,19,5,2,18.48
8190,549820,38,111,5,2,18.57
8191,549445,38,24,6,2,32.38
8192,547749,38,35,4,2,8.65
8193,549403,38,65,6,2,29.54
8194,549401,38,91,6,2,28.58
8195,549410,38,61,6,2,25.57
8196,549784,38,109,5,2,16.62
8197,549377,38,93,6,2,29.26
8198,549871,38,129,5,2,7.81
8199,549360,38,115,6,2,30.07
8200,547569,38,90,4,2,8.35
8201,550000,38,15,5,2,23.8
8202,549375,38,67,6,2,29.39
8203,549390,38,78,6,2,30.27
8204,550129,38,48,5,2,13.77
8205,549811,38,140,5,2,15.73
8206,550123,38,33,5,2,15.68
8207,549438,38,10,6,2,30.53
8208,550132,38,47,5,2,14.86
8209,549823,38,137,5,2,19.98
8210,547356,38,2,4,2,9.09
8211,547683,38,20,4,2,9.0
8212,549979,38,85,5,2,11.34
8213,549413,38,14,6,2,26.65
8214,549331,38,108,6,2,27.8
8215,549426,38,41,6,2,29.23
8216,547719,38,18,4,2,9.07
8217,549414,38,19,6,2,26.93
8218,549346,38,105,6,2,26.51
8219,549328,38,125,6,2,29.01
8220,549408,38,39,6,2,21.32
8221,549345,38,138,6,2,26.92
8222,547362,38,4,4,2,8.78
8223,550066,38,27,5,2,17.33
8224,549928,38,99,5,2,15.73
8225,550126,38,21,5,2,16.66
8226,547521,38,69,4,2,8.8
8227,550081,38,57,5,2,14.2
8228,549392,38,92,6,2,31.16
8229,549379,38,75,6,2,30.13
8230,549365,38,127,6,2,27.0
8231,549457,38,34,6,2,31.12
8232,549763,38,125,5,2,14.37
8233,550015,38,40,5,2,18.76
8234,549385,38,71,6,2,26.51
8235,549922,38,68,5,2,12.75
8236,547653,38,36,4,2,9.6
8237,549874,38,127,5,2,13.28
8238,549829,38,106,5,2,26.19
8239,549356,38,139,6,2,29.44
8240,547464,38,128,4,2,8.85
8241,549802,38,104,5,2,10.26
8242,550117,38,37,5,2,15.42
8243,550087,38,53,5,2,15.01
8244,547617,38,61,4,2,10.12
8245,550024,38,62,5,2,16.22
8246,549387,38,96,6,2,25.57
8247,547773,38,59,4,2,7.91
8248,549371,38,79,6,2,28.34
8249,549787,38,101,5,2,15.17
8250,547455,38,139,4,2,9.58
8251,550069,38,8,5,2,15.74
8252,549430,38,8,6,2,28.87
8253,550036,38,30,5,2,17.92
8254,549370,38,84,6,2,29.01
8255,549859,38,115,5,2,13.83
8256,549778,38,120,5,2,15.85
8257,547398,38,112,4,2,9.05
8258,547530,38,68,4,2,8.52
8259,547662,38,58,4,2,9.24
8260,547491,38,130,4,2,7.88
8261,547536,38,99,4,2,9.87
8262,549363,38,131,6,2,31.72
8263,549757,38,5,5,2,9.45
8264,549853,38,100,5,2,12.58
8265,547419,38,140,4,2,9.87
8266,549772,38,108,5,2,17.12
8267,549850,38,113,5,2,13.95
8268,547473,38,121,4,2,8.62
8269,547581,38,94,4,2,10.28
8270,550006,38,56,5,2,26.18
8271,549913,38,69,5,2,13.77
8272,549422,38,36,6,2,27.73
8273,549339,38,103,6,2,29.72
8274,549341,38,104,6,2,32.45
8275,547407,38,110,4,2,8.92
8276,549955,38,92,5,2,13.34
8277,549982,38,91,5,2,8.65
8278,547542,38,71,4,2,9.91
8279,549793,38,134,5,2,14.14
8280,549745,38,1,5,2,14.97
8281,549462,38,59,6,2,28.81
8282,550096,38,11,5,2,14.01
8283,547632,38,62,4,2,9.85
8284,549431,38,13,6,2,29.93
8285,547590,38,91,4,2,8.06
8286,547722,38,24,4,2,8.51
8287,547680,38,13,4,2,9.27
8288,549826,38,136,5,2,21.92
8289,547659,38,45,4,2,9.43
8290,547434,38,136,4,2,10.4
8291,549423,38,49,6,2,27.7
8292,549904,38,67,5,2,15.17
8293,547701,38,10,4,2,8.44
8294,549442,38,51,6,2,31.68
8295,549359,38,128,6,2,30.06
8296,549449,38,21,6,2,29.18
8297,549364,38,129,6,2,35.19
8298,549343,38,107,6,2,31.86
8299,547758,38,34,4,2,8.62
8300,549448,38,33,6,2,29.34
8301,549751,38,3,5,2,21.33
8302,547692,38,17,4,2,9.17
8303,550084,38,17,5,2,15.68
8304,550057,38,41,5,2,14.44
8305,549355,38,123,6,2,29.12
8306,549417,38,32,6,2,29.69
8307,547635,38,43,4,2,10.52
8308,549383,38,99,6,2,29.33
8309,547710,38,23,4,2,8.76
8310,549398,38,94,6,2,25.29
8311,549396,38,95,6,2,23.78
8312,549411,38,60,6,2,25.17
8313,550114,38,24,5,2,10.31
8314,549435,38,17,6,2,28.88
8315,547743,38,25,4,2,8.92
8316,549429,38,27,6,2,27.57
8317,547524,38,75,4,2,8.92
8318,549409,38,56,6,2,23.14
8319,547563,38,92,4,2,8.43
8320,549400,38,85,6,2,28.19
8321,550144,38,54,5,2,12.78
8322,549327,38,122,6,2,27.53
8323,547671,38,28,4,2,10.85
8324,547746,38,31,4,2,8.59
8325,547500,38,79,4,2,9.39
8326,549910,38,93,5,2,14.14
8327,550093,38,10,5,2,13.02
8328,547476,38,131,4,2,8.35
8329,550063,38,28,5,2,16.3
8330,547479,38,129,4,2,7.74
8331,547494,38,82,4,2,9.46
8332,547359,38,3,4,2,10.43
8333,549366,38,133,6,2,28.83
8334,549892,38,79,5,2,14.87
8335,549988,38,65,5,2,13.4
8336,547446,38,135,4,2,10.19
8337,547566,38,81,4,2,8.62
8338,549353,38,135,6,2,25.58
8339,547752,38,54,4,2,8.29
8340,547557,38,78,4,2,8.88
8341,549349,38,136,6,2,25.24
8342,547452,38,123,4,2,10.23
8343,549796,38,103,5,2,13.77
8344,549886,38,82,5,2,13.02
8345,549460,38,55,6,2,27.5
8346,549358,38,100,6,2,30.27
8347,549997,38,38,5,2,19.88
8348,549416,38,43,6,2,28.42
8349,550012,38,60,5,2,22.04
8350,550147,38,7,5,2,12.88
8351,549952,38,87,5,2,13.79
8352,549441,38,23,6,2,29.93
8353,547689,38,57,4,2,9.87
8354,547674,38,27,4,2,10.04
8355,549925,38,73,5,2,10.7
8356,547731,38,33,4,2,8.81
8357,549883,38,130,5,2,7.77
8358,549425,38,58,6,2,30.23
8359,547647,38,26,4,2,10.24
8360,549407,38,15,6,2,24.57
8361,550105,38,51,5,2,10.99
8362,549961,38,90,5,2,12.59
8363,547665,38,41,4,2,9.18
8364,547644,38,30,4,2,10.22
8365,547704,38,11,4,2,8.84
8366,549384,38,97,6,2,26.92
8367,550108,38,12,5,2,14.29
8368,547470,38,132,4,2,8.43
8369,549350,38,106,6,2,23.43
8370,549373,38,80,6,2,28.98
8371,549406,38,38,6,2,25.91
8372,550030,38,32,5,2,15.72
8373,549393,38,81,6,2,30.93
8374,549376,38,77,6,2,30.9
8375,549456,38,7,6,2,30.32
8376,549399,38,66,6,2,30.18
8377,549754,38,4,5,2,13.42
8378,550045,38,36,5,2,16.19
8379,549351,38,116,6,2,22.12
8380,547416,38,107,4,2,8.22
8381,547401,38,134,4,2,9.75
8382,547488,38,141,4,2,8.35
8383,547725,38,37,4,2,9.52
8384,549450,38,48,6,2,30.29
8385,550165,38,59,5,2,7.76
8386,547374,38,114,4,2,9.39
8387,547755,38,7,4,2,8.63
8388,549394,38,90,6,2,31.72
8389,549949,38,78,5,2,13.94
8390,549847,38,139,5,2,15.77
8391,550150,38,34,5,2,13.81
8392,547728,38,64,4,2,10.68
8393,547380,38,108,4,2,10.09
8394,549446,38,37,6,2,29.47
8395,547437,38,106,4,2,11.34
8396,549880,38,141,5,2,10.16
8397,549760,38,122,5,2,13.02
8398,549368,38,130,6,2,28.95
8399,549991,38,22,5,2,23.03
8400,547485,38,133,4,2,8.15
8401,550003,38,39,5,2,30.82
8402,549332,38,119,6,2,27.72
8403,549347,38,111,6,2,26.91
8404,549976,38,66,5,2,13.08
8405,549838,38,135,5,2,20.58
8406,549367,38,141,6,2,27.95
8407,547425,38,105,4,2,9.91
8408,550162,38,52,5,2,9.24
8409,549805,38,102,5,2,12.75
8410,547734,38,21,4,2,9.07
8411,549970,38,72,5,2,24.9
8412,549335,38,109,6,2,27.92
8413,549790,38,112,5,2,13.39
8414,549436,38,53,6,2,29.41
8415,547413,38,102,4,2,8.52
8416,547443,38,118,4,2,10.66
8417,547410,38,104,4,2,8.54
8418,547737,38,48,4,2,9.26
8419,549405,38,29,6,2,25.06
8420,547422,38,138,4,2,9.87
8421,549372,38,86,6,2,29.79
8422,547353,38,1,4,2,9.58
8423,549389,38,98,6,2,29.44
8424,549967,38,95,5,2,25.05
8425,549440,38,16,6,2,32.41
8426,547770,38,52,4,2,8.17
8427,547515,38,77,4,2,9.05
8428,547767,38,55,4,2,8.43
8429,549381,38,68,6,2,30.05
8430,549934,38,71,5,2,18.89
8431,549781,38,117,5,2,16.36
8432,549342,38,102,6,2,30.05
8433,549374,38,74,6,2,27.92
8434,549420,38,26,6,2,27.24
8435,549324,38,3,6,2,25.33
8436,549447,38,64,6,2,29.49
8437,547668,38,63,4,2,9.2
8438,547698,38,6,4,2,8.76
8439,550141,38,35,5,2,14.21
8440,549437,38,6,6,2,29.2
8441,550120,38,64,5,2,15.92
8442,547503,38,86,4,2,9.29
8443,549453,38,31,6,2,29.95
8444,549994,38,29,5,2,22.43
8445,547677,38,8,4,2,9.29
8446,547395,38,101,4,2,9.14
8447,549427,38,63,6,2,28.93
8448,547560,38,87,4,2,8.85
8449,547707,38,16,4,2,8.14
8450,547533,38,73,4,2,8.22
8451,549439,38,11,6,2,29.63
8452,550153,38,46,5,2,12.64
8453,547545,38,76,4,2,10.05
8454,549455,38,54,6,2,31.69
8455,549946,38,98,5,2,15.77
8456,549415,38,62,6,2,27.0
8457,549877,38,133,5,2,10.3
8458,547602,38,29,4,2,10.66
8459,547512,38,67,4,2,9.14
8460,547716,38,12,4,2,9.18
8461,547638,38,32,4,2,10.41
8462,547605,38,38,4,2,10.11
8463,547656,38,49,4,2,9.45
8464,549454,38,35,6,2,30.39
8465,549451,38,47,6,2,29.24
8466,549336,38,101,6,2,29.39
8467,550075,38,20,5,2,12.99
8468,547740,38,47,4,2,8.81
8469,547629,38,19,4,2,10.04
8470,550051,38,45,5,2,14.97
8471,547599,38,22,4,2,10.53
8472,549412,38,40,6,2,26.35
8473,549354,38,124,6,2,24.66
8474,547467,38,115,4,2,8.61
8475,549817,38,105,5,2,18.89
8476,549907,38,77,5,2,13.39
8477,549421,38,9,6,2,28.12
8478,549433,38,44,6,2,28.26
8479,549832,38,116,5,2,28.61
8480,547554,38,98,4,2,9.58
8481,549964,38,88,5,2,7.81
8482,549940,38,96,5,2,19.98
8483,549444,38,18,6,2,30.39
8484,547497,38,84,4,2,9.25
8485,549361,38,132,6,2,31.16
8486,547686,38,44,4,2,10.18
8487,549937,38,76,5,2,18.57
8488,547623,38,40,4,2,10.0
8489,549369,38,82,6,2,27.53
8490,549461,38,52,6,2,28.74
8491,550078,38,44,5,2,15.99
8492,547572,38,88,4,2,7.74
8493,549868,38,131,5,2,12.59
8494,550102,38,23,5,2,13.23
8495,547431,38,137,4,2,10.13
8496,549382,38,73,6,2,31.86
8497,549459,38,50,6,2,35.3
8498,547386,38,120,4,2,10.2
8499,549916,38,75,5,2,13.75
8500,549352,38,118,6,2,25.23
8501,549333,38,120,6,2,29.41
8502,547506,38,80,4,2,10.79
8503,547713,38,51,4,2,8.25
8504,549889,38,84,5,2,14.37
8505,549841,38,124,5,2,22.95
8506,549329,38,114,6,2,28.34
8507,549386,38,76,6,2,26.91
8508,549434,38,57,6,2,29.19
8509,549362,38,121,6,2,30.93
8510,547404,38,103,4,2,8.8
8511,547509,38,74,4,2,10.12
8512,549397,38,72,6,2,24.04
8513,547383,38,119,4,2,10.13
8514,550090,38,6,5,2,13.52
8515,547620,38,60,4,2,10.42
8516,549943,38,83,5,2,16.21
8517,547539,38,97,4,2,9.87
8518,549931,38,97,5,2,16.69
8519,547596,38,65,4,2,8.95
8520,549919,38,70,5,2,10.26
8521,549844,38,123,5,2,16.21
8522,549337,38,112,6,2,30.9
8523,547650,38,9,4,2,9.85
8524,547527,38,70,4,2,8.54
8525,549835,38,118,5,2,22.35
8526,547482,38,127,4,2,8.61
8527,549323,38,2,6,2,30.26
8528,549808,38,107,5,2,10.7
8529,549865,38,121,5,2,13.67
8530,550042,38,9,5,2,16.57
8531,549898,38,80,5,2,16.36
8532,547614,38,56,4,2,11.13
8533,549357,38,113,6,2,30.26
8534,549388,38,83,6,2,29.12
8535,549322,38,1,6,2,28.85
8536,547641,38,42,4,2,9.81
8537,549326,38,5,6,2,28.46
8538,549901,38,74,5,2,16.62
8539,550048,38,49,5,2,13.03
8540,547584,38,66,4,2,8.64
8541,549895,38,86,5,2,14.14
8542,547368,38,122,4,2,9.46
8543,547575,38,95,4,2,10.93
8544,549380,38,70,6,2,32.45
8545,547587,38,85,4,2,8.31
8546,549424,38,45,6,2,29.33
8547,549404,38,22,6,2,24.81
8548,547389,38,117,4,2,10.79
8549,549344,38,140,6,2,29.33
8550,550054,38,58,5,2,13.51
8551,550156,38,50,5,2,7.68
8552,549348,38,137,6,2,25.57
8553,550072,38,13,5,2,14.69
8554,549330,38,126,6,2,29.79
8555,549443,38,12,6,2,30.27
8556,547449,38,124,4,2,10.48
8557,547578,38,72,4,2,11.11
8558,547440,38,116,4,2,11.53
8559,547593,38,89,4,2,10.15
8560,547548,38,96,4,2,10.13
8561,549958,38,81,5,2,13.67
8562,549458,38,46,6,2,31.85
8563,549985,38,89,5,2,16.75
8564,549452,38,25,6,2,30.28
8565,549432,38,20,6,2,31.2
8566,549340,38,110,6,2,30.13
8567,547551,38,83,4,2,10.23
8568,547428,38,111,4,2,10.05
8569,547458,38,113,4,2,8.88
8570,547392,38,109,4,2,10.12
8571,547461,38,100,4,2,8.65
8572,550009,38,61,5,2,19.97
8573,547626,38,14,4,2,9.85
8574,547518,38,93,4,2,9.75
8575,547365,38,5,4,2,8.13
8576,547371,38,125,4,2,9.25
8577,549418,38,42,6,2,28.28
8578,547695,38,53,4,2,8.98
8579,550138,38,31,5,2,13.48
8580,549334,38,117,6,2,28.98
8581,547608,38,15,4,2,11.02
8582,550033,38,42,5,2,16.55
8583,549799,38,110,5,2,13.75
8584,549378,38,69,6,2,29.72
8585,550039,38,26,5,2,18.17
8586,550111,38,18,5,2,13.82
8587,549748,38,2,5,2,13.44
8588,547611,38,39,4,2,11.94
8589,549862,38,132,5,2,13.34
8590,549973,38,94,5,2,21.32
8591,549419,38,30,6,2,27.48
8592,550027,38,43,5,2,16.98
8593,547764,38,50,4,2,7.73
8594,549391,38,87,6,2,30.06
8595,549814,38,138,5,2,16.69
8596,549325,38,4,6,2,30.83
8597,827588,36,120,16,2,15.0
8598,827451,36,116,7,2,35.0
8599,827506,36,111,14,2,14.0
8600,828153,36,2,13,2,5.0
8601,827495,36,101,14,2,13.0
8602,827539,36,128,15,2,28.0
8603,827562,36,101,15,2,37.0
8604,827560,36,134,15,2,27.0
8605,549980,37,85,5,2,15.45
8606,827531,36,141,15,2,42.0
8607,827541,36,113,15,2,30.0
8608,549809,37,107,5,2,16.08
8609,549776,37,119,5,2,21.66
8610,550055,37,58,5,2,18.07
8611,828086,36,118,11,2,0.0
8612,827389,36,127,8,2,44.0
8613,827872,36,114,10,2,71.0
8614,827892,36,136,10,2,8.0
8615,827874,36,108,10,2,95.0
8616,550145,37,54,5,2,17.42
8617,549803,37,104,5,2,15.64
8618,827537,36,132,15,2,26.0
8619,550094,37,10,5,2,18.15
8620,550058,37,41,5,2,19.04
8621,550022,37,19,5,2,22.33
8622,827386,36,130,8,2,7.0
8623,827559,36,103,15,2,36.0
8624,827619,36,129,16,2,10.0
8625,547696,37,53,4,2,7.38
8626,827574,36,3,15,2,33.0
8627,550046,37,36,5,2,20.3
8628,547561,37,87,4,2,7.32
8629,550040,37,26,5,2,21.96
8630,828048,36,121,12,2,14.0
8631,550109,37,12,5,2,19.3
8632,549797,37,103,5,2,18.81
8633,547597,37,65,4,2,7.38
8634,827551,36,111,15,2,45.0
8635,827404,36,106,8,2,18.0
8636,549833,37,116,5,2,30.31
8637,549821,37,111,5,2,22.41
8638,549917,37,75,5,2,18.83
8639,828069,36,109,11,2,2.0
8640,547618,37,61,4,2,8.33
8641,547501,37,79,4,2,7.52
8642,827904,36,132,10,2,25.0
8643,827883,36,110,10,2,52.0
8644,827855,36,115,9,2,57.0
8645,827545,36,135,15,2,42.0
8646,827403,36,116,8,2,12.0
8647,827566,36,119,15,2,37.0
8648,828096,36,121,11,2,3.0
8649,828046,36,115,12,2,11.0
8650,827538,36,115,15,2,25.0
8651,827553,36,138,15,2,28.0
8652,827526,36,141,14,2,11.0
8653,827516,36,113,14,2,6.0
8654,827488,36,114,14,2,12.0
8655,827508,36,136,14,2,7.0
8656,827504,36,138,14,2,10.0
8657,827426,36,125,8,2,36.0
8658,547621,37,60,4,2,8.87
8659,547684,37,20,4,2,7.48
8660,547390,37,117,4,2,8.98
8661,827449,36,135,7,2,90.0
8662,827611,36,139,16,2,5.0
8663,827549,36,136,15,2,32.0
8664,828050,36,129,12,2,9.0
8665,827569,36,114,15,2,35.0
8666,827492,36,120,14,2,14.0
8667,828184,36,124,13,2,2.0
8668,828040,36,124,12,2,5.0
8669,827558,36,110,15,2,34.0
8670,547624,37,40,4,2,7.97
8671,827547,36,116,15,2,30.0
8672,828039,36,135,12,2,9.0
8673,828019,36,120,12,2,34.0
8674,828092,36,100,11,2,0.0
8675,828060,36,5,11,2,2.0
8676,550103,37,23,5,2,18.32
8677,828064,36,126,11,2,5.0
8678,547384,37,119,4,2,8.16
8679,828163,36,120,13,2,4.0
8680,547633,37,62,4,2,7.77
8681,828182,36,118,13,2,3.0
8682,828170,36,110,13,2,5.0
8683,828192,36,121,13,2,5.0
8684,828152,36,1,13,2,5.0
8685,547660,37,45,4,2,7.62
8686,828027,36,104,12,2,18.0
8687,828078,36,140,11,2,3.0
8688,827417,36,112,8,2,58.0
8689,828082,36,137,11,2,1.0
8690,828071,36,112,11,2,3.0
8691,827525,36,133,14,2,12.0
8692,827568,36,126,15,2,37.0
8693,828159,36,114,13,2,4.0
8694,828025,36,103,12,2,3.0
8695,828187,36,113,13,2,6.0
8696,828197,36,141,13,2,7.0
8697,828179,36,136,13,2,4.0
8698,550151,37,34,5,2,17.79
8699,547663,37,58,4,2,7.51
8700,828346,36,3,9,2,92.0
8701,550097,37,11,5,2,19.03
8702,827465,36,112,7,2,99.0
8703,827476,36,5,7,2,30.0
8704,828348,36,5,9,2,43.0
8705,550166,37,59,5,2,11.64
8706,828188,36,100,13,2,5.0
8707,828037,36,116,12,2,7.0
8708,547642,37,42,4,2,7.87
8709,827450,36,118,7,2,14.0
8710,547720,37,18,4,2,7.49
8711,827896,36,135,10,2,35.0
8712,550163,37,52,5,2,13.19
8713,827885,36,102,10,2,11.0
8714,549758,37,5,5,2,13.37
8715,550136,37,25,5,2,18.45
8716,547429,37,111,4,2,8.11
8717,549962,37,90,5,2,16.44
8718,547771,37,52,4,2,6.89
8719,547717,37,12,4,2,7.62
8720,547708,37,16,4,2,6.79
8721,828173,36,107,13,2,8.0
8722,549956,37,92,5,2,17.95
8723,828169,36,103,13,2,5.0
8724,828183,36,135,13,2,5.0
8725,827859,36,129,9,2,68.0
8726,828049,36,131,12,2,13.0
8727,827897,36,124,10,2,23.0
8728,828172,36,102,13,2,5.0
8729,547657,37,49,4,2,7.4
8730,827572,36,5,15,2,43.0
8731,827561,36,112,15,2,34.0
8732,827550,36,137,15,2,35.0
8733,827462,36,110,7,2,75.0
8734,547756,37,7,4,2,7.01
8735,828157,36,122,13,2,8.0
8736,827505,36,105,14,2,11.0
8737,547768,37,55,4,2,7.03
8738,827835,36,110,9,2,101.0
8739,550088,37,53,5,2,19.95
8740,827419,36,109,8,2,23.0
8741,549971,37,72,5,2,27.51
8742,827567,36,108,15,2,34.0
8743,547750,37,35,4,2,7.16
8744,827544,36,124,15,2,23.0
8745,827556,36,102,15,2,36.0
8746,547606,37,38,4,2,8.4
8747,828013,36,122,12,2,14.0
8748,547774,37,59,4,2,6.6
8749,549968,37,95,5,2,27.51
8750,549806,37,102,5,2,17.69
8751,828186,36,139,13,2,4.0
8752,827878,36,109,10,2,31.0
8753,547426,37,105,4,2,7.93
8754,547600,37,22,4,2,9.04
8755,827434,36,130,7,2,11.0
8756,827536,36,121,15,2,28.0
8757,549839,37,135,5,2,24.2
8758,827613,36,100,16,2,2.0
8759,547447,37,135,4,2,8.52
8760,549872,37,129,5,2,12.66
8761,547627,37,14,4,2,7.88
8762,550082,37,57,5,2,18.96
8763,547675,37,27,4,2,8.29
8764,827838,36,107,9,2,41.0
8765,827414,36,110,8,2,37.0
8766,827402,36,118,8,2,6.0
8767,549767,37,114,5,2,19.15
8768,549983,37,91,5,2,12.5
8769,827423,36,108,8,2,67.0
8770,828017,36,108,12,2,28.0
8771,827395,36,128,8,2,9.0
8772,828043,36,113,12,2,10.0
8773,827852,36,113,9,2,39.0
8774,827862,36,141,9,2,22.0
8775,828053,36,141,12,2,6.0
8776,827848,36,135,9,2,105.0
8777,547669,37,63,4,2,7.37
8778,827585,36,126,16,2,10.0
8779,827599,36,140,16,2,8.0
8780,547579,37,72,4,2,9.61
8781,547576,37,95,4,2,9.54
8782,827603,36,137,16,2,5.0
8783,828178,36,137,13,2,5.0
8784,828156,36,5,13,2,7.0
8785,827427,36,122,8,2,16.0
8786,827399,36,123,8,2,16.0
8787,549755,37,4,5,2,17.85
8788,547396,37,101,4,2,7.53
8789,547435,37,136,4,2,8.85
8790,549827,37,136,5,2,25.04
8791,827430,36,3,8,2,28.0
8792,827401,36,135,8,2,29.0
8793,827400,36,124,8,2,18.0
8794,547375,37,114,4,2,7.52
8795,547591,37,91,4,2,6.76
8796,827498,36,103,14,2,10.0
8797,827840,36,138,9,2,82.0
8798,549800,37,110,5,2,18.83
8799,549920,37,70,5,2,15.64
8800,827581,36,5,16,2,10.0
8801,547471,37,132,4,2,6.94
8802,827602,36,111,16,2,10.0
8803,827591,36,101,16,2,8.0
8804,550028,37,43,5,2,21.25
8805,549824,37,137,5,2,23.39
8806,547438,37,106,4,2,9.91
8807,547372,37,125,4,2,7.46
8808,550079,37,44,5,2,20.62
8809,827592,36,112,16,2,9.0
8810,827499,36,110,14,2,11.0
8811,827520,36,132,14,2,10.0
8812,549752,37,3,5,2,24.55
8813,550043,37,9,5,2,20.72
8814,550049,37,49,5,2,17.3
8815,549986,37,89,5,2,20.97
8816,549959,37,81,5,2,17.69
8817,549812,37,140,5,2,20.69
8818,547534,37,73,4,2,6.83
8819,547588,37,85,4,2,6.94
8820,547582,37,94,4,2,8.68
8821,547468,37,115,4,2,7.05
8822,547639,37,32,4,2,8.49
8823,547546,37,76,4,2,8.11
8824,827473,36,114,7,2,112.0
8825,549818,37,105,5,2,22.64
8826,827605,36,106,16,2,4.0
8827,827517,36,100,14,2,3.0
8828,827442,36,115,7,2,34.0
8829,827456,36,105,7,2,138.0
8830,547363,37,4,4,2,7.19
8831,547645,37,30,4,2,8.25
8832,827496,36,112,14,2,13.0
8833,827485,36,5,14,2,11.0
8834,547441,37,116,4,2,10.33
8835,827489,36,126,14,2,11.0
8836,547507,37,80,4,2,8.98
8837,547498,37,84,4,2,7.46
8838,827471,36,108,7,2,119.0
8839,549764,37,125,5,2,18.87
8840,827891,36,137,10,2,26.0
8841,827869,36,5,10,2,28.0
8842,549785,37,109,5,2,21.12
8843,547666,37,41,4,2,7.39
8844,547630,37,19,4,2,8.09
8845,827857,36,121,9,2,93.0
8846,827422,36,119,8,2,78.0
8847,827493,36,117,14,2,8.0
8848,547423,37,138,4,2,7.79
8849,828018,36,119,12,2,26.0
8850,828052,36,133,12,2,16.0
8851,547456,37,139,4,2,7.93
8852,827579,36,3,16,2,6.0
8853,827594,36,103,16,2,6.0
8854,827523,36,129,14,2,9.0
8855,827512,36,135,14,2,10.0
8856,827511,36,118,14,2,5.0
8857,547474,37,121,4,2,7.08
8858,827858,36,131,9,2,55.0
8859,547570,37,90,4,2,6.75
8860,827615,36,115,16,2,5.0
8861,827880,36,112,10,2,86.0
8862,827901,36,100,10,2,4.0
8863,827861,36,133,9,2,73.0
8864,550130,37,48,5,2,18.8
8865,827491,36,119,14,2,13.0
8866,827501,36,102,14,2,9.0
8867,547420,37,140,4,2,8.22
8868,547366,37,5,4,2,6.81
8869,549905,37,67,5,2,20.08
8870,827846,36,116,9,2,46.0
8871,827847,36,118,9,2,18.0
8872,828038,36,118,12,2,2.0
8873,828058,36,3,11,2,2.0
8874,550067,37,27,5,2,21.66
8875,828088,36,124,11,2,1.0
8876,547519,37,93,4,2,8.09
8877,549989,37,65,5,2,17.77
8878,547738,37,48,4,2,7.67
8879,549992,37,22,5,2,25.94
8880,550031,37,32,5,2,20.3
8881,547603,37,29,4,2,9.04
8882,827507,36,137,14,2,8.0
8883,827503,36,140,14,2,12.0
8884,547609,37,15,4,2,9.36
8885,827518,36,128,14,2,7.0
8886,827600,36,138,16,2,6.0
8887,827490,36,108,14,2,13.0
8888,547726,37,37,4,2,7.69
8889,547681,37,13,4,2,7.66
8890,828175,36,138,13,2,4.0
8891,547387,37,120,4,2,8.26
8892,828164,36,117,13,2,4.0
8893,828195,36,127,13,2,5.0
8894,547495,37,82,4,2,7.41
8895,828185,36,123,13,2,4.0
8896,827528,36,65,14,2,10.0
8897,827624,36,65,16,2,7.0
8898,549746,37,1,5,2,19.35
8899,827907,36,129,10,2,52.0
8900,547567,37,81,4,2,7.08
8901,547528,37,70,4,2,7.02
8902,547636,37,43,4,2,8.54
8903,547555,37,98,4,2,7.93
8904,549911,37,93,5,2,18.87
8905,547537,37,99,4,2,8.22
8906,827583,36,125,16,2,10.0
8907,547444,37,118,4,2,9.02
8908,547672,37,28,4,2,9.06
8909,547459,37,113,4,2,7.27
8910,550019,37,14,5,2,22.74
8911,547408,37,110,4,2,7.36
8912,547465,37,128,4,2,7.32
8913,547765,37,50,4,2,6.32
8914,827502,36,107,14,2,12.0
8915,827469,36,120,7,2,147.0
8916,547711,37,23,4,2,7.25
8917,827497,36,134,14,2,8.0
8918,547690,37,57,4,2,8.17
8919,828166,36,101,13,2,5.0
8920,828168,36,134,13,2,3.0
8921,827408,36,105,8,2,75.0
8922,827394,36,115,8,2,10.0
8923,547693,37,17,4,2,7.54
8924,547615,37,56,4,2,9.77
8925,547486,37,133,4,2,6.8
8926,547585,37,66,4,2,7.04
8927,828177,36,111,13,2,5.0
8928,827439,36,131,7,2,35.0
8929,547651,37,9,4,2,7.94
8930,827438,36,129,7,2,46.0
8931,827460,36,102,7,2,14.0
8932,827424,36,126,8,2,34.0
8933,827428,36,5,8,2,19.0
8934,827396,36,100,8,2,2.0
8935,828102,36,130,11,2,1.0
8936,549881,37,141,5,2,13.86
8937,827832,36,112,9,2,136.0
8938,827843,36,137,9,2,51.0
8939,828034,36,137,12,2,6.0
8940,547510,37,74,4,2,8.35
8941,827596,36,104,16,2,8.0
8942,827606,36,116,16,2,5.0
8943,828191,36,132,13,2,4.0
8944,828030,36,140,12,2,16.0
8945,828171,36,104,13,2,6.0
8946,827464,36,134,7,2,33.0
8947,827466,36,101,7,2,107.0
8948,827388,36,133,8,2,30.0
8949,828099,36,127,11,2,4.0
8950,550061,37,63,5,2,18.35
8951,547504,37,86,4,2,7.52
8952,550025,37,62,5,2,20.14
8953,547516,37,77,4,2,7.52
8954,828199,36,65,13,2,5.0
8955,547417,37,107,4,2,6.83
8956,547540,37,97,4,2,7.79
8957,547759,37,34,4,2,7.08
8958,547753,37,54,4,2,6.79
8959,547402,37,134,4,2,8.09
8960,827881,36,134,10,2,25.0
8961,827910,36,141,10,2,19.0
8962,547480,37,129,4,2,6.32
8963,550052,37,45,5,2,19.49
8964,550016,37,40,5,2,22.44
8965,547462,37,100,4,2,7.03
8966,828349,36,1,12,2,27.0
8967,827487,36,125,14,2,10.0
8968,827831,36,101,9,2,144.0
8969,828344,36,1,9,2,145.0
8970,828026,36,110,12,2,22.0
8971,828345,36,2,9,2,74.0
8972,827833,36,134,9,2,44.0
8973,828033,36,111,12,2,31.0
8974,827842,36,111,9,2,214.0
8975,549836,37,118,5,2,25.62
8976,828350,36,2,12,2,14.0
8977,549935,37,71,5,2,22.64
8978,549887,37,82,5,2,17.28
8979,827412,36,102,8,2,8.0
8980,547573,37,88,4,2,6.32
8981,550010,37,61,5,2,23.39
8982,827425,36,114,8,2,49.0
8983,828198,36,130,13,2,7.0
8984,828160,36,126,13,2,5.0
8985,827478,36,3,7,2,71.0
8986,827448,36,124,7,2,33.0
8987,827463,36,103,7,2,14.0
8988,827830,36,109,9,2,55.0
8989,827444,36,100,7,2,10.0
8990,547564,37,92,4,2,6.94
8991,828021,36,109,12,2,9.0
8992,827839,36,140,9,2,118.0
8993,828353,36,5,12,2,10.0
8994,547411,37,104,4,2,7.02
8995,547393,37,109,4,2,8.35
8996,828041,36,123,12,2,6.0
8997,547702,37,10,4,2,7.0
8998,828352,36,4,12,2,10.0
8999,827500,36,104,14,2,11.0
9000,828347,36,4,9,2,60.0
9001,828059,36,4,11,2,2.0
9002,828029,36,107,12,2,8.0
9003,827836,36,104,9,2,76.0
9004,827856,36,132,9,2,54.0
9005,827837,36,102,9,2,20.0
9006,828047,36,132,12,2,11.0
9007,828028,36,102,12,2,4.0
9008,827849,36,124,9,2,40.0
9009,828084,36,106,11,2,1.0
9010,827827,36,119,9,2,181.0
9011,549974,37,94,5,2,24.71
9012,828080,36,105,11,2,4.0
9013,549923,37,68,5,2,17.69
9014,827834,36,103,9,2,20.0
9015,547489,37,141,4,2,7.05
9016,827475,36,122,7,2,48.0
9017,827616,36,132,16,2,5.0
9018,550013,37,60,5,2,25.14
9019,828181,36,116,13,2,3.0
9020,547723,37,24,4,2,6.99
9021,547699,37,6,4,2,7.26
9022,827595,36,110,16,2,6.0
9023,827607,36,118,16,2,3.0
9024,827584,36,114,16,2,11.0
9025,827593,36,134,16,2,6.0
9026,827535,36,131,15,2,22.0
9027,828100,36,133,11,2,3.0
9028,828090,36,139,11,2,2.0
9029,828061,36,122,11,2,3.0
9030,827420,36,117,8,2,14.0
9031,828068,36,117,11,2,1.0
9032,828079,36,138,11,2,3.0
9033,827903,36,115,10,2,17.0
9034,827893,36,106,10,2,23.0
9035,827409,36,138,8,2,23.0
9036,827589,36,117,16,2,4.0
9037,827889,36,105,10,2,105.0
9038,547744,37,25,4,2,7.3
9039,547762,37,46,4,2,6.77
9040,828194,36,129,13,2,8.0
9041,828162,36,119,13,2,4.0
9042,827543,36,123,15,2,27.0
9043,827895,36,118,10,2,7.0
9044,827612,36,113,16,2,5.0
9045,827871,36,125,10,2,55.0
9046,827416,36,134,8,2,18.0
9047,550148,37,7,5,2,16.94
9048,549965,37,88,5,2,12.66
9049,828101,36,141,11,2,2.0
9050,827418,36,101,8,2,55.0
9051,827590,36,109,16,2,6.0
9052,827854,36,128,9,2,35.0
9053,828045,36,128,12,2,9.0
9054,827433,36,65,7,2,62.0
9055,547525,37,75,4,2,7.36
9056,547354,37,1,4,2,7.72
9057,827899,36,139,10,2,19.0
9058,827884,36,104,10,2,39.0
9059,827618,36,131,16,2,3.0
9060,547357,37,2,4,2,7.52
9061,827905,36,121,10,2,40.0
9062,828189,36,128,13,2,5.0
9063,550100,37,16,5,2,15.09
9064,827411,36,107,8,2,18.0
9065,828190,36,115,13,2,5.0
9066,828097,36,131,11,2,1.0
9067,828098,36,129,11,2,2.0
9068,828066,36,119,11,2,9.0
9069,827390,36,129,8,2,33.0
9070,827534,36,129,15,2,44.0
9071,828158,36,125,13,2,6.0
9072,828055,36,65,12,2,16.0
9073,828176,36,105,13,2,4.0
9074,827393,36,132,8,2,16.0
9075,827421,36,120,8,2,83.0
9076,827841,36,105,9,2,181.0
9077,828161,36,108,13,2,4.0
9078,547732,37,33,4,2,7.18
9079,827482,36,2,14,2,11.0
9080,550001,37,15,5,2,26.64
9081,547360,37,3,4,2,8.72
9082,547450,37,124,4,2,9.01
9083,547612,37,39,4,2,10.92
9084,550007,37,56,5,2,28.44
9085,828351,36,3,12,2,15.0
9086,827398,36,139,8,2,12.0
9087,547714,37,51,4,2,6.85
9088,827385,36,65,8,2,28.0
9089,549995,37,29,5,2,25.68
9090,547414,37,102,4,2,7.06
9091,547477,37,131,4,2,6.75
9092,827397,36,113,8,2,6.0
9093,827406,36,137,8,2,18.0
9094,547705,37,11,4,2,7.29
9095,828155,36,4,13,2,5.0
9096,827580,36,4,16,2,5.0
9097,827387,36,141,8,2,13.0
9098,547432,37,137,4,2,8.33
9099,549863,37,132,5,2,17.95
9100,827620,36,127,16,2,10.0
9101,549866,37,121,5,2,17.69
9102,547678,37,8,4,2,7.63
9103,828031,36,138,12,2,20.0
9104,827410,36,140,8,2,51.0
9105,550154,37,46,5,2,16.49
9106,827912,36,65,10,2,41.0
9107,827573,36,4,15,2,27.0
9108,550004,37,39,5,2,32.0
9109,827877,36,117,10,2,20.0
9110,827888,36,138,10,2,34.0
9111,827850,36,123,9,2,56.0
9112,827554,36,140,15,2,32.0
9113,550157,37,50,5,2,12.55
9114,550106,37,51,5,2,16.39
9115,828089,36,123,11,2,1.0
9116,547378,37,126,4,2,7.52
9117,827552,36,105,15,2,38.0
9118,550139,37,31,5,2,17.66
9119,827548,36,106,15,2,26.0
9120,827864,36,65,9,2,85.0
9121,550133,37,47,5,2,19.33
9122,828036,36,106,12,2,9.0
9123,827845,36,106,9,2,64.0
9124,549842,37,124,5,2,25.82
9125,827882,36,103,10,2,13.0
9126,827867,36,3,10,2,39.0
9127,550076,37,20,5,2,17.92
9128,827461,36,104,7,2,55.0
9129,827906,36,131,10,2,19.0
9130,549890,37,84,5,2,18.87
9131,828042,36,139,12,2,10.0
9132,549932,37,97,5,2,20.56
9133,827875,36,119,10,2,110.0
9134,547735,37,21,4,2,7.54
9135,827407,36,111,8,2,90.0
9136,828081,36,111,11,2,5.0
9137,828091,36,113,11,2,1.0
9138,827604,36,136,16,2,5.0
9139,547747,37,31,4,2,7.05
9140,827530,36,130,15,2,42.0
9141,547741,37,47,4,2,7.35
9142,828165,36,109,13,2,3.0
9143,827886,36,107,10,2,26.0
9144,828180,36,106,13,2,3.0
9145,827557,36,104,15,2,37.0
9146,827601,36,105,16,2,8.0
9147,827484,36,4,14,2,8.0
9148,827527,36,130,14,2,10.0
9149,828035,36,136,12,2,5.0
9150,827826,36,108,9,2,157.0
9151,827532,36,133,15,2,47.0
9152,828024,36,134,12,2,7.0
9153,828022,36,101,12,2,28.0
9154,549857,37,128,5,2,18.65
9155,549794,37,134,5,2,18.87
9156,549788,37,101,5,2,20.08
9157,549929,37,99,5,2,20.69
9158,827828,36,120,9,2,192.0
9159,549908,37,77,5,2,18.31
9160,549893,37,79,5,2,19.15
9161,550034,37,42,5,2,20.78
9162,550115,37,24,5,2,15.71
9163,547399,37,112,4,2,7.52
9164,547483,37,127,4,2,7.19
9165,549770,37,126,5,2,18.72
9166,828103,36,65,11,2,3.0
9167,827851,36,139,9,2,73.0
9168,827481,36,1,14,2,12.0
9169,550037,37,30,5,2,21.8
9170,827513,36,124,14,2,7.0
9171,550160,37,55,5,2,16.4
9172,827483,36,3,14,2,9.0
9173,549899,37,80,5,2,21.19
9174,547381,37,108,4,2,8.16
9175,827608,36,135,16,2,7.0
9176,547552,37,83,4,2,8.42
9177,550070,37,8,5,2,20.59
9178,549773,37,108,5,2,21.12
9179,827521,36,121,14,2,9.0
9180,827597,36,102,16,2,6.0
9181,828193,36,131,13,2,4.0
9182,828095,36,132,11,2,2.0
9183,828067,36,120,11,2,11.0
9184,828074,36,110,11,2,2.0
9185,549896,37,86,5,2,18.72
9186,547405,37,103,4,2,7.27
9187,550064,37,28,5,2,21.15
9188,828072,36,134,11,2,2.0
9189,828083,36,136,11,2,1.0
9190,827510,36,116,14,2,7.0
9191,828063,36,114,11,2,7.0
9192,827829,36,117,9,2,29.0
9193,827472,36,126,7,2,80.0
9194,827623,36,130,16,2,10.0
9195,827540,36,100,15,2,24.0
9196,549884,37,130,5,2,11.7
9197,547648,37,26,4,2,8.3
9198,828016,36,126,12,2,22.0
9199,827863,36,130,9,2,15.0
9200,828054,36,130,12,2,3.0
9201,828020,36,117,12,2,3.0
9202,549977,37,66,5,2,17.2
9203,549779,37,120,5,2,20.39
9204,549749,37,2,5,2,18.46
9205,828023,36,112,12,2,30.0
9206,828044,36,100,12,2,3.0
9207,827555,36,107,15,2,47.0
9208,827853,36,100,9,2,18.0
9209,547522,37,69,4,2,7.27
9210,827825,36,126,9,2,111.0
9211,827524,36,127,14,2,11.0
9212,827514,36,123,14,2,9.0
9213,549851,37,113,5,2,18.5
9214,547453,37,123,4,2,8.42
9215,827822,36,122,9,2,66.0
9216,827622,36,141,16,2,10.0
9217,827443,36,128,7,2,24.0
9218,549947,37,98,5,2,20.56
9219,828051,36,127,12,2,20.0
9220,549878,37,133,5,2,14.63
9221,827621,36,133,16,2,12.0
9222,549845,37,123,5,2,20.99
9223,549914,37,69,5,2,18.81
9224,547594,37,89,4,2,8.2
9225,547558,37,78,4,2,7.27
9226,547513,37,67,4,2,7.53
9227,549938,37,76,5,2,22.41
9228,549950,37,78,5,2,18.5
9229,549944,37,83,5,2,20.99
9230,828014,36,125,12,2,26.0
9231,827477,36,4,7,2,40.0
9232,827429,36,4,8,2,14.0
9233,549869,37,131,5,2,16.44
9234,550142,37,35,5,2,18.76
9235,828167,36,112,13,2,4.0
9236,827860,36,127,9,2,84.0
9237,827522,36,131,14,2,6.0
9238,828174,36,140,13,2,4.0
9239,827576,36,1,15,2,37.0
9240,827575,36,2,15,2,35.0
9241,827565,36,120,15,2,39.0
9242,827546,36,118,15,2,26.0
9243,827480,36,1,7,2,108.0
9244,827479,36,2,7,2,54.0
9245,827570,36,125,15,2,39.0
9246,827563,36,109,15,2,24.0
9247,827909,36,133,10,2,45.0
9248,547531,37,68,4,2,7.06
9249,828032,36,105,12,2,32.0
9250,827542,36,139,15,2,24.0
9251,827474,36,125,7,2,81.0
9252,828154,36,3,13,2,4.0
9253,827459,36,107,7,2,30.0
9254,827470,36,119,7,2,138.0
9255,827515,36,139,14,2,7.0
9256,828196,36,133,13,2,8.0
9257,827391,36,131,8,2,11.0
9258,827823,36,125,9,2,116.0
9259,827452,36,106,7,2,50.0
9260,827467,36,109,7,2,43.0
9261,549953,37,87,5,2,18.65
9262,549902,37,74,5,2,21.12
9263,549848,37,139,5,2,20.56
9264,827902,36,128,10,2,13.0
9265,827890,36,111,10,2,127.0
9266,828094,36,115,11,2,2.0
9267,827458,36,140,7,2,88.0
9268,828062,36,125,11,2,5.0
9269,827879,36,101,10,2,78.0
9270,547492,37,130,4,2,6.58
9271,827900,36,113,10,2,10.0
9272,827453,36,136,7,2,16.0
9273,827455,36,111,7,2,160.0
9274,828093,36,128,11,2,1.0
9275,827582,36,122,16,2,9.0
9276,827610,36,123,16,2,5.0
9277,550073,37,13,5,2,19.75
9278,549998,37,38,5,2,23.65
9279,827519,36,115,14,2,6.0
9280,827494,36,109,14,2,9.0
9281,827509,36,106,14,2,8.0
9282,827405,36,136,8,2,6.0
9283,828065,36,108,11,2,7.0
9284,828070,36,101,11,2,3.0
9285,827415,36,103,8,2,10.0
9286,827454,36,137,7,2,40.0
9287,549761,37,122,5,2,17.28
9288,550127,37,21,5,2,21.26
9289,827440,36,121,7,2,59.0
9290,827441,36,132,7,2,38.0
9291,549830,37,106,5,2,28.46
9292,827908,36,127,10,2,64.0
9293,549860,37,115,5,2,18.11
9294,550118,37,37,5,2,20.26
9295,827413,36,104,8,2,27.0
9296,827392,36,121,8,2,23.0
9297,827435,36,141,7,2,15.0
9298,827431,36,2,8,2,30.0
9299,827445,36,113,7,2,25.0
9300,549941,37,96,5,2,23.39
9301,827432,36,1,8,2,52.0
9302,547687,37,44,4,2,8.38
9303,828085,36,116,11,2,1.0
9304,828057,36,2,11,2,2.0
9305,828056,36,1,11,2,7.0
9306,827887,36,140,10,2,71.0
9307,550112,37,18,5,2,18.93
9308,827911,36,130,10,2,10.0
9309,827873,36,126,10,2,50.0
9310,550124,37,33,5,2,20.48
9311,828075,36,104,11,2,2.0
9312,827578,36,2,16,2,7.0
9313,827577,36,1,16,2,12.0
9314,827865,36,1,10,2,74.0
9315,827824,36,114,9,2,150.0
9316,547369,37,122,4,2,7.41
9317,828073,36,103,11,2,1.0
9318,828076,36,102,11,2,1.0
9319,828087,36,135,11,2,2.0
9320,550085,37,17,5,2,20.54
9321,827614,36,128,16,2,5.0
9322,827586,36,108,16,2,13.0
9323,827868,36,4,10,2,22.0
9324,547729,37,64,4,2,8.93
9325,828015,36,114,12,2,31.0
9326,827844,36,136,9,2,21.0
9327,549854,37,100,5,2,16.59
9328,827457,36,138,7,2,62.0
9329,547654,37,36,4,2,7.73
9330,549815,37,138,5,2,20.56
9331,827437,36,127,7,2,58.0
9332,549782,37,117,5,2,21.19
9333,549875,37,127,5,2,16.98
9334,549791,37,112,5,2,18.31
9335,827866,36,2,10,2,43.0
9336,550121,37,64,5,2,20.72
9337,827436,36,133,7,2,49.0
9338,827446,36,139,7,2,51.0
9339,827447,36,123,7,2,42.0
9340,827468,36,117,7,2,21.0
9341,827609,36,124,16,2,4.0
9342,827529,36,65,15,2,33.0
9343,827870,36,122,10,2,24.0
9344,827898,36,123,10,2,23.0
9345,827876,36,120,10,2,116.0
9346,827564,36,117,15,2,33.0
9347,547549,37,96,4,2,8.33
9348,827571,36,122,15,2,50.0
9349,827533,36,127,15,2,38.0
9350,827598,36,107,16,2,10.0
9351,828077,36,107,11,2,2.0
9352,827587,36,119,16,2,15.0
9353,549926,37,73,5,2,16.08
9354,550091,37,6,5,2,18.24
9355,827486,36,122,14,2,10.0
9356,827894,36,116,10,2,16.0
9357,547543,37,71,4,2,7.93
9358,827617,36,121,16,2,6.0
9359,549894,35,79,5,2,26.33
9360,550080,35,44,5,2,25.83
9361,547610,35,15,4,2,9.5
9362,550122,35,64,5,2,26.54
9363,549909,35,77,5,2,24.86
9364,549933,35,97,5,2,26.85
9365,547529,35,70,4,2,7.61
9366,549903,35,74,5,2,26.27
9367,547709,35,16,4,2,7.31
9368,547595,35,89,4,2,8.68
9369,549942,35,96,5,2,28.64
9370,547568,35,81,4,2,7.93
9371,547460,35,113,4,2,8.01
9372,547382,35,108,4,2,8.63
9373,549882,35,141,5,2,18.77
9374,547466,35,128,4,2,7.93
9375,549801,35,110,5,2,25.18
9376,547766,35,50,4,2,7.29
9377,547496,35,82,4,2,7.91
9378,547571,35,90,4,2,7.7
9379,549885,35,130,5,2,17.51
9380,550104,35,23,5,2,24.72
9381,549771,35,126,5,2,25.91
9382,549843,35,124,5,2,30.24
9383,549807,35,102,5,2,23.78
9384,547472,35,132,4,2,7.69
9385,547442,35,116,4,2,10.47
9386,550014,35,60,5,2,30.3
9387,549795,35,134,5,2,24.33
9388,550074,35,13,5,2,25.93
9389,549813,35,140,5,2,26.64
9390,549966,35,88,5,2,21.06
9391,549858,35,128,5,2,25.06
9392,547622,35,60,4,2,9.15
9393,549768,35,114,5,2,26.33
9394,549792,35,112,5,2,24.86
9395,547538,35,99,4,2,8.62
9396,547463,35,100,4,2,7.87
9397,549996,35,29,5,2,30.22
9398,550035,35,42,5,2,27.46
9399,547763,35,46,4,2,7.72
9400,550155,35,46,5,2,24.09
9401,550020,35,14,5,2,28.69
9402,549822,35,111,5,2,28.06
9403,547715,35,51,4,2,7.4
9404,550158,35,50,5,2,20.94
9405,549855,35,100,5,2,23.82
9406,550152,35,34,5,2,24.97
9407,547370,35,122,4,2,7.91
9408,550146,35,54,5,2,24.45
9409,550149,35,7,5,2,24.15
9410,547586,35,66,4,2,7.85
9411,547631,35,19,4,2,8.43
9412,547355,35,1,4,2,8.3
9413,549825,35,137,5,2,28.64
9414,547685,35,20,4,2,8.09
9415,547475,35,121,4,2,7.93
9416,547577,35,95,4,2,9.76
9417,547550,35,96,4,2,8.59
9418,547376,35,114,4,2,8.09
9419,547727,35,37,4,2,8.19
9420,547670,35,63,4,2,8.04
9421,547616,35,56,4,2,9.92
9422,547673,35,28,4,2,9.4
9423,547643,35,42,4,2,8.38
9424,547625,35,40,4,2,8.3
9425,547700,35,6,4,2,7.53
9426,549759,35,5,5,2,18.72
9427,547580,35,72,4,2,9.74
9428,550095,35,10,5,2,24.63
9429,547703,35,10,4,2,7.4
9430,547367,35,5,4,2,7.07
9431,547394,35,109,4,2,8.52
9432,549831,35,106,5,2,32.93
9433,547649,35,26,4,2,8.72
9434,547697,35,53,4,2,7.74
9435,550056,35,58,5,2,25.37
9436,549888,35,82,5,2,24.27
9437,549765,35,125,5,2,26.39
9438,547652,35,9,4,2,8.45
9439,547658,35,49,4,2,7.91
9440,549828,35,136,5,2,30.22
9441,549999,35,38,5,2,28.44
9442,547502,35,79,4,2,8.09
9443,547745,35,25,4,2,8.04
9444,547361,35,3,4,2,8.96
9445,547505,35,86,4,2,8.18
9446,547511,35,74,4,2,8.52
9447,547514,35,67,4,2,7.94
9448,547655,35,36,4,2,8.26
9449,547637,35,43,4,2,8.98
9450,547451,35,124,4,2,9.08
9451,547526,35,75,4,2,7.76
9452,547373,35,125,4,2,8.14
9453,549798,35,103,5,2,25.04
9454,549954,35,87,5,2,25.06
9455,547748,35,31,4,2,7.83
9456,547385,35,119,4,2,8.59
9457,547478,35,131,4,2,7.7
9458,550110,35,12,5,2,25.7
9459,550101,35,16,5,2,22.23
9460,550137,35,25,5,2,25.43
9461,550032,35,32,5,2,27.0
9462,549876,35,127,5,2,21.5
9463,549912,35,93,5,2,24.33
9464,547562,35,87,4,2,7.93
9465,547589,35,85,4,2,7.18
9466,549780,35,120,5,2,26.96
9467,547520,35,93,4,2,8.3
9468,549939,35,76,5,2,28.06
9469,550047,35,36,5,2,27.28
9470,547628,35,14,4,2,8.24
9471,549915,35,69,5,2,25.04
9472,550041,35,26,5,2,28.39
9473,547619,35,61,4,2,8.58
9474,550011,35,61,5,2,28.62
9475,547391,35,117,4,2,9.3
9476,549984,35,91,5,2,17.98
9477,549816,35,138,5,2,26.85
9478,549747,35,1,5,2,26.37
9479,550134,35,47,5,2,25.77
9480,547661,35,45,4,2,8.23
9481,549897,35,86,5,2,25.91
9482,549969,35,95,5,2,32.3
9483,549972,35,72,5,2,31.99
9484,549810,35,107,5,2,23.25
9485,547733,35,33,4,2,7.79
9486,550089,35,53,5,2,26.02
9487,549777,35,119,5,2,27.97
9488,549948,35,98,5,2,26.77
9489,550005,35,39,5,2,36.31
9490,547448,35,135,4,2,8.68
9491,549900,35,80,5,2,26.74
9492,549750,35,2,5,2,24.74
9493,547598,35,65,4,2,7.89
9494,550044,35,9,5,2,27.51
9495,549891,35,84,5,2,26.39
9496,549918,35,75,5,2,25.18
9497,547412,35,104,4,2,7.61
9498,550125,35,33,5,2,26.95
9499,549834,35,116,5,2,34.66
9500,550083,35,57,5,2,24.43
9501,549756,35,4,5,2,24.83
9502,550116,35,24,5,2,22.83
9503,547613,35,39,4,2,11.05
9504,549921,35,70,5,2,22.76
9505,547406,35,103,4,2,7.62
9506,547736,35,21,4,2,8.15
9507,550107,35,51,5,2,23.61
9508,550161,35,55,5,2,21.17
9509,547676,35,27,4,2,8.45
9510,547583,35,94,4,2,8.81
9511,547730,35,64,4,2,9.36
9512,547754,35,54,4,2,7.57
9513,547760,35,34,4,2,7.95
9514,549852,35,113,5,2,25.52
9515,547544,35,71,4,2,8.28
9516,547388,35,120,4,2,8.78
9517,549861,35,115,5,2,24.91
9518,547400,35,112,4,2,8.11
9519,550113,35,18,5,2,25.34
9520,547421,35,140,4,2,8.62
9521,547712,35,23,4,2,7.64
9522,547592,35,91,4,2,7.02
9523,549762,35,122,5,2,24.27
9524,549789,35,101,5,2,26.17
9525,549870,35,131,5,2,24.02
9526,549990,35,65,5,2,24.12
9527,547481,35,129,4,2,7.3
9528,549981,35,85,5,2,20.47
9529,547559,35,78,4,2,8.01
9530,547691,35,57,4,2,8.37
9531,550065,35,28,5,2,26.77
9532,550167,35,59,5,2,17.47
9533,550086,35,17,5,2,26.45
9534,547775,35,59,4,2,6.87
9535,549975,35,94,5,2,29.38
9536,547445,35,118,4,2,9.12
9537,547556,35,98,4,2,8.48
9538,549993,35,22,5,2,30.37
9539,549753,35,3,5,2,29.74
9540,549804,35,104,5,2,22.76
9541,550062,35,63,5,2,25.89
9542,549774,35,108,5,2,27.7
9543,547706,35,11,4,2,7.63
9544,549849,35,139,5,2,26.77
9545,549879,35,133,5,2,19.92
9546,547424,35,138,4,2,8.17
9547,550077,35,20,5,2,24.55
9548,549924,35,68,5,2,23.78
9549,547499,35,84,4,2,8.14
9550,550092,35,6,5,2,23.91
9551,550131,35,48,5,2,25.1
9552,547772,35,52,4,2,7.17
9553,550029,35,43,5,2,27.5
9554,550140,35,31,5,2,24.51
9555,549906,35,67,5,2,26.17
9556,547574,35,88,4,2,7.3
9557,547640,35,32,4,2,9.04
9558,547679,35,8,4,2,7.99
9559,547487,35,133,4,2,7.08
9560,550008,35,56,5,2,32.89
9561,550098,35,11,5,2,25.19
9562,547724,35,24,4,2,7.58
9563,547721,35,18,4,2,7.92
9564,547493,35,130,4,2,6.87
9565,550002,35,15,5,2,31.19
9566,547547,35,76,4,2,8.45
9567,549846,35,123,5,2,26.93
9568,547769,35,55,4,2,7.23
9569,547517,35,77,4,2,8.11
9570,550164,35,52,5,2,18.41
9571,549819,35,105,5,2,28.51
9572,547433,35,137,4,2,8.59
9573,547436,35,136,4,2,9.13
9574,547430,35,111,4,2,8.45
9575,547409,35,110,4,2,7.76
9576,549837,35,118,5,2,30.12
9577,549987,35,89,5,2,27.47
9578,549960,35,81,5,2,24.81
9579,549783,35,117,5,2,26.74
9580,549945,35,83,5,2,26.93
9581,547541,35,97,4,2,8.17
9582,547601,35,22,4,2,9.11
9583,547508,35,80,4,2,9.3
9584,547742,35,47,4,2,8.02
9585,547469,35,115,4,2,7.81
9586,547682,35,13,4,2,8.14
9587,547634,35,62,4,2,8.17
9588,547484,35,127,4,2,7.36
9589,550143,35,35,5,2,25.48
9590,547415,35,102,4,2,7.4
9591,549873,35,129,5,2,21.06
9592,549840,35,135,5,2,28.98
9593,547751,35,35,4,2,7.89
9594,547454,35,123,4,2,8.85
9595,549930,35,99,5,2,26.64
9596,547553,35,83,4,2,8.85
9597,547523,35,69,4,2,7.62
9598,547757,35,7,4,2,7.84
9599,547532,35,68,4,2,7.4
9600,547718,35,12,4,2,8.12
9601,547418,35,107,4,2,7.37
9602,547646,35,30,4,2,8.66
9603,547535,35,73,4,2,7.37
9604,547604,35,29,4,2,9.16
9605,547667,35,41,4,2,8.06
9606,550026,35,62,5,2,26.51
9607,547565,35,92,4,2,7.69
9608,549957,35,92,5,2,24.86
9609,547607,35,38,4,2,8.55
9610,547457,35,139,4,2,8.48
9611,547364,35,4,4,2,7.95
9612,547664,35,58,4,2,8.21
9613,550071,35,8,5,2,26.45
9614,549936,35,71,5,2,28.51
9615,547439,35,106,4,2,10.05
9616,549927,35,73,5,2,23.25
9617,549864,35,132,5,2,24.86
9618,549867,35,121,5,2,24.81
9619,547397,35,101,4,2,7.94
9620,547403,35,134,4,2,8.3
9621,547694,35,17,4,2,7.88
9622,547490,35,141,4,2,7.28
9623,550053,35,45,5,2,26.45
9624,550023,35,19,5,2,28.01
9625,550050,35,49,5,2,24.31
9626,550038,35,30,5,2,28.05
9627,549786,35,109,5,2,26.27
9628,550059,35,41,5,2,26.47
9629,550068,35,27,5,2,26.73
9630,547379,35,126,4,2,8.18
9631,547427,35,105,4,2,8.28
9632,550017,35,40,5,2,28.23
9633,547739,35,48,4,2,8.23
9634,549963,35,90,5,2,24.02
9635,549951,35,78,5,2,25.51
9636,549978,35,66,5,2,24.26
9637,547688,35,44,4,2,8.54
9638,547358,35,2,4,2,7.94
9639,550128,35,21,5,2,27.56
9640,550119,35,37,5,2,26.48
9641,410904,34,99,4,2,8.99
9642,411003,34,43,4,2,9.28
9643,412091,34,45,6,2,33.25
9644,412079,34,40,6,2,31.29
9645,410805,34,106,4,2,10.75
9646,411051,34,20,4,2,8.22
9647,411015,34,26,4,2,8.95
9648,411081,34,51,4,2,7.66
9649,412071,34,22,6,2,29.81
9650,410760,34,109,4,2,9.15
9651,410739,34,125,4,2,7.93
9652,412578,34,93,5,2,15.07
9653,412061,34,90,6,2,34.29
9654,412013,34,105,6,2,31.35
9655,410721,34,1,4,2,8.29
9656,412019,34,118,6,2,30.03
9657,412007,34,110,6,2,33.66
9658,411989,34,1,6,2,33.09
9659,411997,34,126,6,2,33.63
9660,410886,34,93,4,2,8.93
9661,410976,34,15,4,2,10.21
9662,410982,34,56,4,2,10.61
9663,410772,34,103,4,2,8.08
9664,411054,34,44,4,2,9.18
9665,410994,34,14,4,2,8.6
9666,410988,34,60,4,2,9.68
9667,411036,34,63,4,2,7.84
9668,411009,34,42,4,2,8.52
9669,411090,34,24,4,2,7.75
9670,411087,34,18,4,2,8.26
9671,410970,34,29,4,2,9.86
9672,412014,34,111,6,2,31.62
9673,412024,34,113,6,2,33.44
9674,412000,34,120,6,2,33.57
9675,411030,34,58,4,2,8.01
9676,410997,34,19,4,2,8.88
9677,412093,34,41,6,2,33.21
9678,412051,34,97,6,2,31.92
9679,410889,34,69,4,2,8.08
9680,412053,34,76,6,2,31.62
9681,412010,34,107,6,2,35.62
9682,412086,34,30,6,2,32.2
9683,412098,34,13,6,2,33.47
9684,411084,34,12,4,2,8.38
9685,412042,34,67,6,2,32.98
9686,412084,34,32,6,2,33.74
9687,412095,34,28,6,2,32.99
9688,412491,34,137,5,2,19.1
9689,412770,34,23,5,2,13.49
9690,412089,34,36,6,2,32.46
9691,412126,34,50,6,2,38.26
9692,410790,34,138,4,2,8.45
9693,411994,34,122,6,2,32.46
9694,412668,34,15,5,2,22.98
9695,411024,34,49,4,2,7.94
9696,412078,34,60,6,2,30.12
9697,412113,34,37,6,2,33.44
9698,410937,34,90,4,2,7.06
9699,412695,34,43,5,2,16.51
9700,412046,34,75,6,2,33.66
9701,412779,34,18,5,2,13.96
9702,412737,34,8,5,2,16.02
9703,412029,34,121,6,2,33.86
9704,412710,34,9,5,2,16.3
9705,412016,34,136,6,2,30.17
9706,412518,34,113,5,2,14.08
9707,412082,34,62,6,2,32.01
9708,412512,34,123,5,2,16.02
9709,410730,34,4,4,2,7.75
9710,412767,34,16,5,2,9.5
9711,412773,34,51,5,2,10.67
9712,412656,34,65,5,2,13.2
9713,412070,34,65,6,2,33.82
9714,410745,34,126,4,2,8.06
9715,410799,34,137,4,2,9.12
9716,411057,34,57,4,2,9.0
9717,411078,34,23,4,2,8.03
9718,412101,34,57,6,2,33.19
9719,412087,34,26,6,2,32.06
9720,412075,34,39,6,2,26.92
9721,412017,34,106,6,2,28.76
9722,412575,34,77,5,2,13.07
9723,412054,34,96,6,2,30.54
9724,412590,34,68,5,2,13.27
9725,412048,34,68,6,2,34.25
9726,410892,34,75,4,2,8.12
9727,410910,34,71,4,2,8.67
9728,412485,34,105,5,2,18.13
9729,411021,34,36,4,2,8.28
9730,410985,34,61,4,2,9.12
9731,412040,34,80,6,2,32.96
9732,412045,34,69,6,2,33.54
9733,412055,34,83,6,2,33.15
9734,412063,34,95,6,2,28.92
9735,412039,34,86,6,2,33.63
9736,412560,34,79,5,2,14.79
9737,412620,34,87,5,2,13.62
9738,412602,34,71,5,2,18.13
9739,410961,34,89,4,2,8.89
9740,412611,34,83,5,2,16.02
9741,412002,34,109,6,2,31.98
9742,412596,34,99,5,2,15.94
9743,412058,34,87,6,2,33.48
9744,412554,34,82,5,2,12.99
9745,412036,34,82,6,2,32.46
9746,412052,34,71,6,2,31.35
9747,412041,34,74,6,2,31.98
9748,412749,34,57,5,2,15.13
9749,412009,34,102,6,2,34.25
9750,412021,34,124,6,2,29.73
9751,410964,34,65,4,2,8.1
9752,412032,34,127,6,2,33.42
9753,412001,34,117,6,2,32.96
9754,412018,34,116,6,2,27.51
9755,411990,34,2,6,2,33.98
9756,412028,34,132,6,2,34.34
9757,412569,34,74,5,2,17.32
9758,412037,34,84,6,2,33.21
9759,412473,34,102,5,2,13.27
9760,412006,34,103,6,2,33.54
9761,412049,34,73,6,2,35.62
9762,412527,34,115,5,2,13.7
9763,412059,34,92,6,2,34.34
9764,412440,34,108,5,2,16.73
9765,412005,34,134,6,2,33.28
9766,412026,34,128,6,2,33.48
9767,412003,34,101,6,2,32.98
9768,412076,34,56,6,2,28.23
9769,412746,34,44,5,2,16.89
9770,412674,34,56,5,2,24.88
9771,412047,34,70,6,2,35.79
9772,411992,34,4,6,2,33.98
9773,412722,34,58,5,2,13.75
9774,412686,34,14,5,2,18.21
9775,412117,34,48,6,2,33.76
9776,411039,34,28,4,2,9.88
9777,412662,34,29,5,2,22.17
9778,412815,34,7,5,2,13.03
9779,412809,34,35,5,2,13.75
9780,412123,34,7,6,2,33.06
9781,412545,34,133,5,2,10.91
9782,412033,34,133,6,2,34.18
9783,412827,34,55,5,2,13.12
9784,412830,34,52,5,2,9.26
9785,412128,34,52,6,2,35.11
9786,412734,34,27,5,2,17.83
9787,412455,34,101,5,2,15.36
9788,412524,34,128,5,2,13.62
9789,410856,34,141,4,2,8.09
9790,410802,34,136,4,2,9.66
9791,411141,34,59,4,2,7.54
9792,412833,34,59,5,2,6.6
9793,410931,34,92,4,2,7.59
9794,411135,34,55,4,2,8.04
9795,412129,34,59,6,2,36.19
9796,412115,34,33,6,2,32.97
9797,410763,34,101,4,2,8.28
9798,410832,34,128,4,2,8.05
9799,412521,34,100,5,2,12.73
9800,411138,34,52,4,2,7.92
9801,412030,34,131,6,2,34.3
9802,411999,34,119,6,2,32.34
9803,411042,34,27,4,2,9.07
9804,410967,34,22,4,2,9.83
9805,410955,34,85,4,2,7.94
9806,412533,34,121,5,2,13.11
9807,412470,34,104,5,2,9.96
9808,411102,34,21,4,2,8.28
9809,411099,34,33,4,2,7.9
9810,410958,34,91,4,2,7.74
9811,412494,34,136,5,2,20.78
9812,412647,34,85,5,2,11.93
9813,410973,34,38,4,2,9.19
9814,412509,34,124,5,2,22.76
9815,412536,34,131,5,2,12.13
9816,410814,34,135,4,2,9.32
9817,412488,34,111,5,2,17.82
9818,412461,34,134,5,2,15.07
9819,412434,34,114,5,2,14.79
9820,412716,34,49,5,2,13.0
9821,412068,34,91,6,2,35.62
9822,412074,34,15,6,2,29.76
9823,412090,34,49,6,2,32.52
9824,412124,34,34,6,2,34.03
9825,412122,34,54,6,2,34.86
9826,412080,34,14,6,2,31.42
9827,412109,34,51,6,2,35.37
9828,412500,34,116,5,2,26.92
9829,410844,34,131,4,2,7.06
9830,410811,34,118,4,2,9.84
9831,410808,34,116,4,2,11.17
9832,410925,34,78,4,2,7.8
9833,411129,34,46,4,2,7.08
9834,412062,34,88,6,2,38.18
9835,412542,34,127,5,2,13.86
9836,411126,34,34,4,2,7.55
9837,412083,34,43,6,2,32.81
9838,412044,34,93,6,2,33.28
9839,412015,34,137,6,2,30.54
9840,412449,34,117,5,2,16.59
9841,410850,34,127,4,2,8.22
9842,410733,34,5,4,2,7.8
9843,412557,34,84,5,2,14.6
9844,412617,34,78,5,2,14.07
9845,412064,34,72,6,2,29.19
9846,412057,34,78,6,2,33.45
9847,410757,34,117,4,2,9.8
9848,412116,34,21,6,2,32.75
9849,412428,34,122,5,2,12.99
9850,412065,34,94,6,2,30.01
9851,412067,34,85,6,2,33.91
9852,412644,34,66,5,2,13.13
9853,412629,34,90,5,2,12.13
9854,410871,34,86,4,2,8.06
9855,410865,34,84,4,2,7.93
9856,410922,34,98,4,2,8.71
9857,410874,34,80,4,2,9.8
9858,411111,34,25,4,2,7.85
9859,410766,34,112,4,2,8.27
9860,412605,34,76,5,2,17.82
9861,412566,34,80,5,2,16.59
9862,412614,34,98,5,2,15.6
9863,412599,34,97,5,2,16.19
9864,410787,34,140,4,2,8.99
9865,412572,34,67,5,2,15.36
9866,412563,34,86,5,2,14.25
9867,412632,34,88,5,2,6.22
9868,412593,34,73,5,2,10.44
9869,412119,34,25,6,2,33.48
9870,412077,34,61,6,2,30.55
9871,412824,34,50,5,2,6.1
9872,412092,34,58,6,2,34.0
9873,412551,34,130,5,2,6.73
9874,411132,34,50,4,2,6.87
9875,412025,34,100,6,2,32.99
9876,412110,34,12,6,2,33.74
9877,412103,34,53,6,2,32.98
9878,412105,34,10,6,2,34.51
9879,412023,34,139,6,2,33.12
9880,412581,34,69,5,2,14.25
9881,410724,34,2,4,2,8.32
9882,411096,34,64,4,2,9.77
9883,412112,34,24,6,2,35.71
9884,412111,34,18,6,2,33.88
9885,412085,34,42,6,2,32.58
9886,411000,34,62,4,2,8.42
9887,410817,34,124,4,2,9.8
9888,410847,34,129,4,2,6.87
9889,410952,34,66,4,2,7.47
9890,412659,34,22,5,2,22.85
9891,412698,34,32,5,2,15.53
9892,412035,34,130,6,2,36.17
9893,412680,34,60,5,2,20.89
9894,412740,34,13,5,2,14.8
9895,412785,34,37,5,2,15.23
9896,412788,34,64,5,2,15.8
9897,412506,34,135,5,2,20.44
9898,412812,34,54,5,2,12.12
9899,412692,34,62,5,2,15.78
9900,412803,34,25,5,2,14.0
9901,412671,34,39,5,2,28.83
9902,412419,34,3,5,2,20.56
9903,412791,34,33,5,2,15.5
9904,412704,34,30,5,2,17.34
9905,412503,34,118,5,2,22.17
9906,412446,34,120,5,2,15.59
9907,412416,34,2,5,2,13.62
9908,410793,34,105,4,2,8.67
9909,412725,34,41,5,2,14.57
9910,412515,34,139,5,2,15.6
9911,410859,34,130,4,2,7.54
9912,411093,34,37,4,2,8.46
9913,410769,34,134,4,2,8.93
9914,410742,34,114,4,2,8.05
9915,410775,34,110,4,2,8.12
9916,410754,34,120,4,2,8.97
9917,411048,34,13,4,2,8.42
9918,412743,34,20,5,2,12.62
9919,412776,34,12,5,2,14.24
9920,410736,34,122,4,2,7.95
9921,411120,34,54,4,2,7.43
9922,411072,34,11,4,2,8.1
9923,412100,34,44,6,2,32.27
9924,412102,34,17,6,2,32.54
9925,412088,34,9,6,2,32.5
9926,410823,34,139,4,2,8.71
9927,412107,34,16,6,2,36.33
9928,410913,34,76,4,2,8.9
9929,410880,34,67,4,2,8.28
9930,410907,34,97,4,2,8.45
9931,411012,34,30,4,2,8.94
9932,412066,34,66,6,2,33.05
9933,411066,34,6,4,2,8.15
9934,411006,34,32,4,2,9.19
9935,410862,34,82,4,2,7.95
9936,410940,34,88,4,2,6.87
9937,410901,34,73,4,2,7.66
9938,411027,34,45,4,2,8.23
9939,412072,34,29,6,2,29.87
9940,411033,34,41,4,2,7.9
9941,411069,34,10,4,2,7.85
9942,411063,34,53,4,2,8.12
9943,410991,34,40,4,2,8.71
9944,410979,34,39,4,2,11.74
9945,412701,34,42,5,2,16.19
9946,412097,34,8,6,2,32.55
9947,412677,34,61,5,2,19.1
9948,411060,34,17,4,2,8.28
9949,410829,34,100,4,2,7.38
9950,412665,34,38,5,2,19.89
9951,412689,34,19,5,2,17.74
9952,412683,34,40,5,2,17.99
9953,412099,34,20,6,2,34.57
9954,412482,34,138,5,2,16.19
9955,412104,34,6,6,2,33.51
9956,412106,34,11,6,2,33.45
9957,412056,34,98,6,2,33.12
9958,412422,34,4,5,2,13.08
9959,411075,34,16,4,2,7.65
9960,410919,34,83,4,2,9.23
9961,412027,34,115,6,2,33.16
9962,412452,34,109,5,2,17.32
9963,412584,34,75,5,2,13.98
9964,412060,34,81,6,2,33.86
9965,412022,34,123,6,2,33.15
9966,412012,34,138,6,2,31.92
9967,412467,34,110,5,2,13.98
9968,412464,34,103,5,2,14.25
9969,411996,34,114,6,2,32.78
9970,411998,34,108,6,2,32.31
9971,412719,34,45,5,2,14.9
9972,412761,34,10,5,2,13.34
9973,412755,34,53,5,2,15.37
9974,412069,34,89,6,2,32.84
9975,412114,34,64,6,2,33.37
9976,412752,34,17,5,2,16.04
9977,412120,34,31,6,2,32.98
9978,412797,34,48,5,2,13.7
9979,412764,34,11,5,2,14.56
9980,412758,34,6,5,2,14.26
9981,412782,34,24,5,2,10.03
9982,412073,34,38,6,2,30.41
9983,411018,34,9,4,2,8.55
9984,412094,34,63,6,2,33.19
9985,410727,34,3,4,2,9.49
9986,412121,34,35,6,2,33.58
9987,410781,34,102,4,2,7.94
9988,412713,34,36,5,2,15.98
9989,412437,34,126,5,2,14.25
9990,410826,34,113,4,2,7.8
9991,411105,34,48,4,2,8.43
9992,412127,34,55,6,2,33.4
9993,412096,34,27,6,2,31.63
9994,412731,34,28,5,2,16.53
9995,412020,34,135,6,2,30.14
9996,412038,34,79,6,2,32.78
9997,412043,34,77,6,2,34.26
9998,412608,34,96,5,2,19.1
9999,412794,34,21,5,2,16.37
10000,412050,34,99,6,2,32.99
10001,411995,34,125,6,2,33.21
10002,412008,34,104,6,2,35.79
10003,412031,34,129,6,2,38.18
10004,411991,34,3,6,2,30.3
10005,412081,34,19,6,2,31.66
10006,412548,34,141,5,2,10.16
10007,410820,34,123,4,2,9.23
10008,410898,34,68,4,2,7.94
10009,410868,34,79,4,2,8.05
10010,412626,34,81,5,2,13.11
10011,410916,34,96,4,2,9.12
10012,410883,34,77,4,2,8.27
10013,412653,34,89,5,2,16.36
10014,411045,34,8,4,2,8.38
10015,410928,34,87,4,2,8.05
10016,410877,34,74,4,2,9.15
10017,410835,34,115,4,2,7.59
10018,410748,34,108,4,2,8.8
10019,410778,34,104,4,2,7.77
10020,412125,34,46,6,2,34.43
10021,412800,34,47,5,2,14.49
10022,411108,34,47,4,2,8.05
10023,412728,34,63,5,2,14.07
10024,412818,34,34,5,2,13.19
10025,412623,34,92,5,2,12.77
10026,412431,34,125,5,2,14.6
10027,412497,34,106,5,2,24.97
10028,412108,34,23,6,2,33.56
10029,412443,34,119,5,2,17.13
10030,412476,34,107,5,2,10.44
10031,412539,34,129,5,2,6.22
10032,410946,34,72,4,2,10.44
10033,410943,34,95,4,2,10.37
10034,412641,34,94,5,2,21.17
10035,410784,34,107,4,2,7.66
10036,410751,34,119,4,2,8.85
10037,410796,34,111,4,2,8.9
10038,412650,34,91,5,2,8.0
10039,410949,34,94,4,2,9.47
10040,412425,34,5,5,2,9.17
10041,412479,34,140,5,2,15.94
10042,410853,34,133,4,2,7.79
10043,411993,34,5,6,2,35.11
10044,412011,34,140,6,2,32.99
10045,412530,34,132,5,2,12.77
10046,412821,34,46,5,2,12.15
10047,412458,34,112,5,2,13.07
10048,412118,34,47,6,2,32.7
10049,412806,34,31,5,2,13.27
10050,410934,34,81,4,2,7.57
10051,410895,34,70,4,2,7.77
10052,410838,34,132,4,2,7.59
10053,410841,34,121,4,2,7.57
10054,412707,34,26,5,2,17.67
10055,411123,34,7,4,2,7.37
10056,411117,34,35,4,2,7.83
10057,412638,34,72,5,2,24.03
10058,412635,34,95,5,2,23.66
10059,411114,34,31,4,2,7.56
10060,412034,34,141,6,2,34.68
10061,412004,34,112,6,2,34.26
10062,412587,34,70,5,2,9.96
10063,412413,34,1,5,2,14.92
10064,412663,33,29,5,2,25.94
10065,412612,33,83,5,2,20.91
10066,410941,33,88,4,2,5.98
10067,410833,33,128,4,2,7.56
10068,410902,33,73,4,2,6.75
10069,411076,33,16,4,2,6.65
10070,410953,33,66,4,2,6.94
10071,411094,33,37,4,2,7.82
10072,410761,33,109,4,2,8.86
10073,410875,33,80,4,2,9.46
10074,412594,33,73,5,2,15.62
10075,412633,33,88,5,2,11.72
10076,411046,33,8,4,2,8.09
10077,410863,33,82,4,2,7.5
10078,412423,33,4,5,2,17.65
10079,410785,33,107,4,2,6.75
10080,410734,33,5,4,2,6.84
10081,412564,33,86,5,2,17.92
10082,412606,33,76,5,2,22.19
10083,412492,33,137,5,2,23.15
10084,412573,33,67,5,2,20.2
10085,412720,33,45,5,2,18.81
10086,410779,33,104,4,2,7.12
10087,410977,33,15,4,2,9.76
10088,410929,33,87,4,2,7.56
10089,412528,33,115,5,2,18.09
10090,410905,33,99,4,2,8.67
10091,410923,33,98,4,2,8.14
10092,412822,33,46,5,2,16.21
10093,412444,33,119,5,2,21.08
10094,412465,33,103,5,2,18.87
10095,410860,33,130,4,2,6.59
10096,410962,33,89,4,2,8.21
10097,410965,33,65,4,2,7.45
10098,411091,33,24,4,2,7.08
10099,412591,33,68,5,2,17.78
10100,412597,33,99,5,2,20.82
10101,412675,33,56,5,2,28.4
10102,411088,33,18,4,2,7.79
10103,411103,33,21,4,2,7.71
10104,412630,33,90,5,2,16.16
10105,412747,33,44,5,2,21.17
10106,411052,33,20,4,2,7.73
10107,412555,33,82,5,2,16.04
10108,411010,33,42,4,2,7.85
10109,412696,33,43,5,2,20.84
10110,410884,33,77,4,2,7.8
10111,412801,33,47,5,2,19.31
10112,412786,33,37,5,2,20.07
10113,412789,33,64,5,2,20.79
10114,411115,33,31,4,2,7.01
10115,412699,33,32,5,2,19.79
10116,410728,33,3,4,2,8.97
10117,412687,33,14,5,2,22.27
10118,410926,33,78,4,2,7.22
10119,412729,33,63,5,2,16.93
10120,412819,33,34,5,2,17.63
10121,411121,33,54,4,2,6.85
10122,412429,33,122,5,2,16.04
10123,411079,33,23,4,2,7.45
10124,410920,33,83,4,2,8.65
10125,412834,33,59,5,2,11.44
10126,410917,33,96,4,2,8.49
10127,411127,33,34,4,2,6.98
10128,411031,33,58,4,2,7.51
10129,412588,33,70,5,2,15.3
10130,412828,33,55,5,2,16.86
10131,412585,33,75,5,2,18.86
10132,412744,33,20,5,2,17.83
10133,412543,33,127,5,2,17.47
10134,412519,33,113,5,2,18.24
10135,412462,33,134,5,2,19.32
10136,412456,33,101,5,2,20.2
10137,412435,33,114,5,2,17.93
10138,412438,33,126,5,2,17.92
10139,410938,33,90,4,2,6.51
10140,412741,33,13,5,2,19.82
10141,412624,33,92,5,2,17.8
10142,412645,33,66,5,2,17.1
10143,412561,33,79,5,2,17.93
10144,411004,33,43,4,2,8.55
10145,412609,33,96,5,2,23.15
10146,412486,33,105,5,2,22.19
10147,410986,33,61,4,2,8.49
10148,410893,33,75,4,2,7.64
10149,410794,33,105,4,2,7.95
10150,410827,33,113,4,2,7.22
10151,410749,33,108,4,2,8.18
10152,412441,33,108,5,2,20.37
10153,410824,33,139,4,2,8.14
10154,412570,33,74,5,2,21.65
10155,411106,33,48,4,2,7.97
10156,412672,33,39,5,2,31.64
10157,412717,33,49,5,2,16.04
10158,411136,33,55,4,2,7.11
10159,410818,33,124,4,2,9.53
10160,412420,33,3,5,2,24.35
10161,412798,33,48,5,2,18.83
10162,412537,33,131,5,2,16.16
10163,412654,33,89,5,2,20.38
10164,410746,33,126,4,2,7.5
10165,412510,33,124,5,2,26.15
10166,410725,33,2,4,2,7.76
10167,410782,33,102,4,2,7.11
10168,412678,33,61,5,2,23.15
10169,410770,33,134,4,2,8.4
10170,410971,33,29,4,2,9.53
10171,412750,33,57,5,2,19.44
10172,412579,33,93,5,2,19.32
10173,410764,33,101,4,2,7.94
10174,412714,33,36,5,2,19.15
10175,410743,33,114,4,2,7.57
10176,411124,33,7,4,2,6.87
10177,411040,33,28,4,2,9.55
10178,411055,33,44,4,2,8.86
10179,411058,33,57,4,2,8.52
10180,411118,33,35,4,2,7.29
10181,410887,33,93,4,2,8.4
10182,410851,33,127,4,2,7.3
10183,412501,33,116,5,2,30.14
10184,410776,33,110,4,2,7.64
10185,410998,33,19,4,2,8.17
10186,410914,33,76,4,2,8.19
10187,410992,33,40,4,2,8.01
10188,411064,33,53,4,2,7.77
10189,412639,33,72,5,2,27.55
10190,412477,33,107,5,2,15.62
10191,412540,33,129,5,2,11.72
10192,410755,33,120,4,2,8.26
10193,411016,33,26,4,2,8.34
10194,412792,33,33,5,2,20.32
10195,412552,33,130,5,2,11.52
10196,412504,33,118,5,2,25.93
10197,410896,33,70,4,2,7.12
10198,412732,33,28,5,2,21.38
10199,410980,33,39,4,2,11.34
10200,412705,33,30,5,2,21.21
10201,412693,33,62,5,2,19.36
10202,412417,33,2,5,2,18.48
10203,412603,33,71,5,2,22.19
10204,412621,33,87,5,2,18.65
10205,412468,33,110,5,2,18.86
10206,412813,33,54,5,2,17.21
10207,411070,33,10,4,2,7.03
10208,411037,33,63,4,2,7.46
10209,412426,33,5,5,2,13.47
10210,411019,33,9,4,2,7.96
10211,411109,33,47,4,2,7.5
10212,411013,33,30,4,2,8.25
10213,412489,33,111,5,2,22.19
10214,412549,33,141,5,2,14.11
10215,412474,33,102,5,2,17.78
10216,411073,33,11,4,2,7.49
10217,410737,33,122,4,2,7.5
10218,412636,33,95,5,2,27.31
10219,412804,33,25,5,2,18.2
10220,410773,33,103,4,2,7.45
10221,412756,33,53,5,2,20.11
10222,411100,33,33,4,2,7.27
10223,412762,33,10,5,2,18.05
10224,412726,33,41,5,2,17.91
10225,412516,33,139,5,2,20.53
10226,410947,33,72,4,2,10.05
10227,410944,33,95,4,2,9.86
10228,412447,33,120,5,2,19.91
10229,412414,33,1,5,2,18.42
10230,412651,33,91,5,2,12.48
10231,410797,33,111,4,2,8.19
10232,410812,33,118,4,2,9.52
10233,410959,33,91,4,2,6.78
10234,411049,33,13,4,2,8.07
10235,412480,33,140,5,2,20.82
10236,412507,33,135,5,2,24.49
10237,410989,33,60,4,2,9.1
10238,412642,33,94,5,2,25.01
10239,410791,33,138,4,2,7.81
10240,410803,33,136,4,2,9.07
10241,411142,33,59,4,2,6.62
10242,412660,33,22,5,2,26.27
10243,412525,33,128,5,2,18.65
10244,410899,33,68,4,2,7.11
10245,412432,33,125,5,2,17.52
10246,412453,33,109,5,2,21.65
10247,412735,33,27,5,2,22.16
10248,411043,33,27,4,2,8.83
10249,411097,33,64,4,2,9.27
10250,411139,33,52,4,2,6.89
10251,410800,33,137,4,2,8.49
10252,412498,33,106,5,2,28.36
10253,411001,33,62,4,2,7.79
10254,410722,33,1,4,2,7.75
10255,410932,33,92,4,2,7.02
10256,410881,33,67,4,2,7.94
10257,412759,33,6,5,2,18.54
10258,412765,33,11,5,2,19.12
10259,410872,33,86,4,2,7.5
10260,410740,33,125,4,2,7.55
10261,410836,33,115,4,2,7.03
10262,412771,33,23,5,2,18.29
10263,412666,33,38,5,2,24.0
10264,411022,33,36,4,2,7.78
10265,411007,33,32,4,2,8.49
10266,410731,33,4,4,2,7.17
10267,410857,33,141,4,2,7.1
10268,412831,33,52,5,2,13.36
10269,412690,33,19,5,2,22.09
10270,412522,33,100,5,2,16.43
10271,412777,33,12,5,2,19.29
10272,412783,33,24,5,2,15.36
10273,412627,33,81,5,2,17.56
10274,412768,33,16,5,2,14.64
10275,412600,33,97,5,2,19.85
10276,410821,33,123,4,2,8.65
10277,412531,33,132,5,2,17.8
10278,412471,33,104,5,2,15.3
10279,412534,33,121,5,2,17.56
10280,411085,33,12,4,2,7.97
10281,411067,33,6,4,2,7.39
10282,412795,33,21,5,2,21.21
10283,410956,33,85,4,2,6.97
10284,410911,33,71,4,2,7.95
10285,410950,33,94,4,2,9.18
10286,410866,33,84,4,2,7.55
10287,410983,33,56,4,2,10.21
10288,412459,33,112,5,2,18.26
10289,410758,33,117,4,2,9.46
10290,412681,33,60,5,2,24.91
10291,411028,33,45,4,2,7.6
10292,411034,33,41,4,2,7.4
10293,412684,33,40,5,2,22.0
10294,412648,33,85,5,2,15.81
10295,411082,33,51,4,2,6.78
10296,410968,33,22,4,2,9.56
10297,410854,33,133,4,2,6.8
10298,412753,33,17,5,2,20.74
10299,412723,33,58,5,2,17.23
10300,411061,33,17,4,2,7.98
10301,411112,33,25,4,2,7.26
10302,410830,33,100,4,2,6.88
10303,412702,33,42,5,2,20.07
10304,412618,33,78,5,2,18.23
10305,412576,33,77,5,2,18.26
10306,412816,33,7,5,2,16.78
10307,411025,33,49,4,2,7.49
10308,412810,33,35,5,2,18.69
10309,412711,33,9,5,2,19.86
10310,412546,33,133,5,2,14.93
10311,410869,33,79,4,2,7.57
10312,412738,33,8,5,2,20.79
10313,412558,33,84,5,2,17.52
10314,412780,33,18,5,2,18.94
10315,412615,33,98,5,2,20.53
10316,410842,33,121,4,2,6.99
10317,412708,33,26,5,2,21.18
10318,411133,33,50,4,2,5.98
10319,410788,33,140,4,2,8.67
10320,412669,33,15,5,2,26.68
10321,412807,33,31,5,2,17.63
10322,412657,33,65,5,2,17.58
10323,410809,33,116,4,2,10.76
10324,410839,33,132,4,2,7.02
10325,410974,33,38,4,2,8.9
10326,410908,33,97,4,2,7.81
10327,410845,33,131,4,2,6.51
10328,411130,33,46,4,2,6.53
10329,410767,33,112,4,2,7.8
10330,410752,33,119,4,2,8.16
10331,410890,33,69,4,2,7.45
10332,410935,33,81,4,2,6.99
10333,410878,33,74,4,2,8.86
10334,412567,33,80,5,2,21.44
10335,412495,33,136,5,2,24.81
10336,412825,33,50,5,2,11.6
10337,410806,33,106,4,2,10.32
10338,412582,33,69,5,2,18.87
10339,412450,33,117,5,2,21.44
10340,412513,33,123,5,2,20.91
10341,412483,33,138,5,2,19.85
10342,410815,33,135,4,2,9.02
10343,410848,33,129,4,2,5.98
10344,412774,33,51,5,2,15.91
10345,410995,33,14,4,2,7.89
10346,411044,32,8,4,2,8.93
10347,410768,32,134,4,2,9.32
10348,412769,32,23,5,2,23.27
10349,410831,32,128,4,2,8.12
10350,412412,32,1,5,2,22.28
10351,412487,32,111,5,2,25.95
10352,412730,32,28,5,2,25.68
10353,410804,32,106,4,2,10.66
10354,410915,32,96,4,2,8.85
10355,412508,32,124,5,2,28.96
10356,412502,32,118,5,2,29.03
10357,411059,32,17,4,2,8.84
10358,410828,32,100,4,2,7.37
10359,411083,32,12,4,2,8.69
10360,411131,32,50,4,2,5.92
10361,412499,32,116,5,2,32.41
10362,410909,32,71,4,2,8.42
10363,410720,32,1,4,2,8.4
10364,411047,32,13,4,2,8.8
10365,410774,32,110,4,2,8.37
10366,412691,32,62,5,2,22.91
10367,412595,32,99,5,2,25.28
10368,410834,32,115,4,2,7.5
10369,412607,32,96,5,2,26.42
10370,412736,32,8,5,2,25.21
10371,410777,32,104,4,2,7.6
10372,412793,32,21,5,2,25.68
10373,412811,32,54,5,2,22.46
10374,411137,32,52,4,2,7.49
10375,412505,32,135,5,2,27.88
10376,410843,32,131,4,2,6.89
10377,411125,32,34,4,2,7.4
10378,411035,32,63,4,2,8.27
10379,412424,32,5,5,2,18.07
10380,411041,32,27,4,2,9.76
10381,412742,32,20,5,2,22.98
10382,412529,32,132,5,2,22.91
10383,412817,32,34,5,2,22.56
10384,412727,32,63,5,2,20.61
10385,412685,32,14,5,2,25.82
10386,412451,32,109,5,2,25.72
10387,410942,32,95,4,2,10.1
10388,410807,32,116,4,2,10.99
10389,410966,32,22,4,2,10.29
10390,412598,32,97,5,2,23.4
10391,412589,32,68,5,2,22.68
10392,410876,32,74,4,2,9.84
10393,411107,32,47,4,2,7.96
10394,412556,32,84,5,2,21.25
10395,412775,32,12,5,2,24.18
10396,412697,32,32,5,2,23.94
10397,412745,32,44,5,2,25.29
10398,412799,32,47,5,2,23.94
10399,412433,32,114,5,2,21.54
10400,412784,32,37,5,2,24.39
10401,412454,32,101,5,2,24.83
10402,410759,32,109,4,2,9.84
10403,412802,32,25,5,2,22.63
10404,411029,32,58,4,2,8.1
10405,410912,32,76,4,2,8.59
10406,410993,32,14,4,2,8.35
10407,412490,32,137,5,2,26.42
10408,410879,32,67,4,2,8.75
10409,410738,32,125,4,2,8.31
10410,412547,32,141,5,2,18.34
10411,412637,32,72,5,2,30.24
10412,412418,32,3,5,2,27.51
10413,412655,32,65,5,2,22.12
10414,410858,32,130,4,2,7.13
10415,410771,32,103,4,2,8.15
10416,412706,32,26,5,2,24.77
10417,412640,32,94,5,2,28.22
10418,410969,32,29,4,2,10.17
10419,411086,32,18,4,2,8.52
10420,411089,32,24,4,2,7.56
10421,410795,32,111,4,2,8.59
10422,412676,32,61,5,2,26.43
10423,410927,32,87,4,2,8.12
10424,412604,32,76,5,2,25.95
10425,412421,32,4,5,2,22.45
10426,410957,32,91,4,2,7.37
10427,412718,32,45,5,2,22.92
10428,410840,32,121,4,2,7.42
10429,410837,32,132,4,2,7.51
10430,412760,32,10,5,2,23.16
10431,412823,32,50,5,2,17.89
10432,412754,32,53,5,2,24.73
10433,410981,32,56,4,2,10.55
10434,411011,32,30,4,2,8.83
10435,411053,32,44,4,2,9.89
10436,412733,32,27,5,2,26.13
10437,412478,32,140,5,2,25.28
10438,410744,32,126,4,2,8.07
10439,410810,32,118,4,2,10.21
10440,412805,32,31,5,2,22.27
10441,410978,32,39,4,2,11.48
10442,410987,32,60,4,2,9.34
10443,410906,32,97,4,2,8.5
10444,412565,32,80,5,2,25.71
10445,410933,32,81,4,2,7.42
10446,412436,32,126,5,2,22.02
10447,412544,32,133,5,2,19.35
10448,410747,32,108,4,2,8.82
10449,411056,32,57,4,2,9.47
10450,410732,32,5,4,2,7.46
10451,412493,32,136,5,2,28.02
10452,411023,32,49,4,2,8.4
10453,410846,32,129,4,2,5.92
10454,412484,32,105,5,2,25.73
10455,410951,32,66,4,2,7.43
10456,412472,32,102,5,2,22.68
10457,410864,32,84,4,2,8.31
10458,410783,32,107,4,2,7.03
10459,410885,32,93,4,2,9.32
10460,410849,32,127,4,2,8.12
10461,412448,32,117,5,2,25.71
10462,412652,32,89,5,2,24.29
10463,412583,32,75,5,2,23.79
10464,412766,32,16,5,2,20.33
10465,410930,32,92,4,2,7.51
10466,411098,32,33,4,2,7.67
10467,412532,32,121,5,2,22.45
10468,412646,32,85,5,2,20.02
10469,410870,32,86,4,2,8.07
10470,412814,32,7,5,2,21.25
10471,411119,32,54,4,2,7.32
10472,412829,32,52,5,2,17.81
10473,412712,32,36,5,2,22.7
10474,410960,32,89,4,2,8.76
10475,412481,32,138,5,2,23.4
10476,410765,32,112,4,2,8.42
10477,412427,32,122,5,2,19.54
10478,412466,32,110,5,2,23.79
10479,412700,32,42,5,2,23.92
10480,411095,32,64,4,2,9.78
10481,410996,32,19,4,2,8.57
10482,410786,32,140,4,2,9.44
10483,412559,32,79,5,2,21.54
10484,410990,32,40,4,2,8.51
10485,411062,32,53,4,2,8.61
10486,411068,32,10,4,2,7.54
10487,411032,32,41,4,2,8.07
10488,412832,32,59,5,2,16.56
10489,412826,32,55,5,2,20.87
10490,412475,32,107,5,2,21.29
10491,411017,32,9,4,2,8.61
10492,411140,32,59,4,2,7.17
10493,412592,32,73,5,2,21.29
10494,412772,32,51,5,2,21.6
10495,412610,32,83,5,2,25.17
10496,412673,32,56,5,2,31.05
10497,412658,32,22,5,2,29.1
10498,412571,32,67,5,2,24.83
10499,412562,32,86,5,2,22.02
10500,412787,32,64,5,2,25.18
10501,412445,32,120,5,2,24.04
10502,412631,32,88,5,2,18.0
10503,412739,32,13,5,2,24.46
10504,412568,32,74,5,2,25.72
10505,410954,32,85,4,2,7.67
10506,412694,32,43,5,2,24.83
10507,412703,32,30,5,2,24.9
10508,412469,32,104,5,2,20.86
10509,410861,32,82,4,2,8.41
10510,412667,32,15,5,2,29.55
10511,410792,32,105,4,2,8.42
10512,412442,32,119,5,2,24.83
10513,412721,32,58,5,2,21.35
10514,412601,32,71,5,2,25.73
10515,412619,32,87,5,2,23.39
10516,412538,32,129,5,2,18.0
10517,412541,32,127,5,2,21.29
10518,410963,32,65,4,2,8.01
10519,412679,32,60,5,2,28.1
10520,410918,32,83,4,2,9.1
10521,412463,32,103,5,2,23.73
10522,411050,32,20,4,2,8.33
10523,412526,32,115,5,2,22.71
10524,410921,32,98,4,2,8.6
10525,412757,32,6,5,2,23.15
10526,410762,32,101,4,2,8.75
10527,412748,32,57,5,2,23.82
10528,411110,32,25,4,2,7.72
10529,410723,32,2,4,2,8.42
10530,410726,32,3,4,2,9.45
10531,410801,32,136,4,2,9.31
10532,410741,32,114,4,2,8.33
10533,412820,32,46,5,2,21.13
10534,410855,32,141,4,2,7.78
10535,412511,32,123,5,2,25.17
10536,412439,32,108,5,2,24.13
10537,410789,32,138,4,2,8.5
10538,412415,32,2,5,2,23.38
10539,410753,32,120,4,2,8.75
10540,412517,32,113,5,2,22.66
10541,410891,32,75,4,2,8.37
10542,410924,32,78,4,2,7.68
10543,411005,32,32,4,2,8.99
10544,410816,32,124,4,2,10.28
10545,412709,32,9,5,2,23.64
10546,411092,32,37,4,2,8.23
10547,410882,32,77,4,2,8.42
10548,410867,32,79,4,2,8.33
10549,412523,32,128,5,2,23.39
10550,412430,32,125,5,2,21.25
10551,412628,32,90,5,2,21.05
10552,412643,32,66,5,2,21.62
10553,410948,32,94,4,2,9.89
10554,410945,32,72,4,2,10.51
10555,412457,32,112,5,2,23.34
10556,411026,32,45,4,2,8.14
10557,411065,32,6,4,2,8.1
10558,410999,32,62,4,2,8.52
10559,410780,32,102,4,2,7.71
10560,412580,32,69,5,2,23.73
10561,411104,32,48,4,2,8.57
10562,412586,32,70,5,2,20.86
10563,412553,32,82,5,2,19.54
10564,411134,32,55,4,2,7.87
10565,412688,32,19,5,2,25.86
10566,411002,32,43,4,2,9.03
10567,412649,32,91,5,2,17.25
10568,411038,32,28,4,2,10.28
10569,411014,32,26,4,2,9.01
10570,410756,32,117,4,2,10.19
10571,410852,32,133,4,2,7.43
10572,412781,32,24,5,2,20.94
10573,412715,32,49,5,2,19.54
10574,410900,32,73,4,2,7.03
10575,412763,32,11,5,2,23.9
10576,411071,32,11,4,2,8.22
10577,412460,32,134,5,2,23.69
10578,410873,32,80,4,2,10.19
10579,411128,32,46,4,2,6.9
10580,411080,32,51,4,2,7.08
10581,410750,32,119,4,2,8.71
10582,411074,32,16,4,2,6.89
10583,412625,32,81,5,2,22.45
10584,412622,32,92,5,2,22.91
10585,412514,32,139,5,2,25.02
10586,410729,32,4,4,2,7.59
10587,410984,32,61,4,2,8.85
10588,412496,32,106,5,2,30.85
10589,410822,32,139,4,2,8.6
10590,410813,32,135,4,2,9.71
10591,412796,32,48,5,2,23.59
10592,412664,32,38,5,2,27.5
10593,410819,32,123,4,2,9.1
10594,410939,32,88,4,2,5.92
10595,411113,32,31,4,2,7.48
10596,412577,32,93,5,2,23.69
10597,412661,32,29,5,2,29.02
10598,411020,32,36,4,2,8.52
10599,412670,32,39,5,2,33.44
10600,412574,32,77,5,2,23.34
10601,412808,32,35,5,2,23.62
10602,412634,32,95,5,2,30.08
10603,410903,32,99,4,2,9.44
10604,412535,32,131,5,2,21.05
10605,410798,32,137,4,2,8.85
10606,412751,32,17,5,2,25.21
10607,410894,32,70,4,2,7.6
10608,411008,32,42,4,2,8.42
10609,412616,32,78,5,2,22.66
10610,412778,32,18,5,2,23.94
10611,412682,32,40,5,2,25.49
10612,410936,32,90,4,2,6.89
10613,412520,32,100,5,2,20.9
10614,411116,32,35,4,2,7.8
10615,410897,32,68,4,2,7.71
10616,411122,32,7,4,2,7.35
10617,410825,32,113,4,2,7.68
10618,410735,32,122,4,2,8.41
10619,412613,32,98,5,2,25.02
10620,410888,32,69,4,2,8.15
10621,411077,32,23,4,2,8.12
10622,412550,32,130,5,2,16.6
10623,412790,32,33,5,2,24.76
10624,410972,32,38,4,2,9.65
10625,410975,32,15,4,2,10.21
10626,412724,32,41,5,2,21.79
10627,411101,32,21,4,2,8.13
10628,336845,31,24,5,2,10.83
10629,334145,31,87,4,2,9.33
10630,336620,31,84,5,2,15.79
10631,333980,31,101,4,2,9.49
10632,338293,31,33,6,2,31.53
10633,338227,31,73,6,2,35.01
10634,338294,31,21,6,2,31.23
10635,338307,31,59,6,2,34.09
10636,338207,31,121,6,2,32.04
10637,338271,31,41,6,2,30.48
10638,338197,31,118,6,2,27.35
10639,338186,31,104,6,2,34.7
10640,338269,31,45,6,2,31.19
10641,338206,31,132,6,2,32.59
10642,338178,31,120,6,2,31.66
10643,334100,31,77,4,2,9.52
10644,336746,31,40,5,2,18.88
10645,338257,31,40,6,2,28.77
10646,338173,31,125,6,2,29.93
10647,336680,31,78,5,2,14.46
10648,336668,31,76,5,2,18.63
10649,338167,31,1,6,2,30.39
10650,338306,31,52,6,2,32.47
10651,338299,31,35,6,2,31.8
10652,338249,31,22,6,2,27.06
10653,336797,31,27,5,2,18.02
10654,338177,31,119,6,2,29.93
10655,338246,31,91,6,2,33.18
10656,334280,31,53,4,2,9.31
10657,333941,31,2,4,2,9.46
10658,338296,31,47,6,2,31.08
10659,338298,31,31,6,2,31.3
10660,336611,31,141,5,2,9.64
10661,338300,31,54,6,2,33.12
10662,338210,31,127,6,2,29.99
10663,334229,31,30,4,2,10.37
10664,336803,31,13,5,2,15.48
10665,336881,31,34,5,2,13.39
10666,333989,31,103,4,2,9.17
10667,338209,31,129,6,2,37.44
10668,338208,31,131,6,2,32.51
10669,334016,31,137,4,2,10.39
10670,336569,31,135,5,2,20.75
10671,334103,31,93,4,2,9.99
10672,336572,31,124,5,2,22.93
10673,336893,31,52,5,2,8.83
10674,336890,31,55,5,2,12.48
10675,338238,31,81,6,2,32.04
10676,336650,31,70,5,2,10.77
10677,333998,31,102,4,2,8.95
10678,336593,31,132,5,2,13.42
10679,336596,31,121,5,2,13.33
10680,336767,31,30,5,2,18.38
10681,336728,31,38,5,2,20.15
10682,336854,31,33,5,2,16.21
10683,336857,31,21,5,2,17.09
10684,334190,31,38,4,2,10.39
10685,334343,31,34,4,2,9.08
10686,334049,31,128,4,2,9.33
10687,334022,31,106,4,2,12.01
10688,333956,31,125,4,2,9.73
10689,336524,31,134,5,2,14.98
10690,333977,31,109,4,2,10.29
10691,334019,31,136,4,2,10.94
10692,333944,31,3,4,2,10.79
10693,334274,31,57,4,2,10.08
10694,334061,31,131,4,2,8.75
10695,334034,31,124,4,2,11.01
10696,336554,31,137,5,2,19.79
10697,336809,31,44,5,2,16.88
10698,334301,31,12,4,2,9.6
10699,333986,31,134,4,2,9.99
10700,336731,31,15,5,2,23.42
10701,333959,31,114,4,2,9.73
10702,336779,31,49,5,2,14.29
10703,334316,31,33,4,2,9.21
10704,334319,31,21,4,2,9.58
10705,336848,31,37,5,2,15.93
10706,336605,31,127,5,2,13.13
10707,334304,31,18,4,2,9.44
10708,334355,31,52,4,2,8.77
10709,334313,31,64,4,2,10.99
10710,334232,31,26,4,2,10.47
10711,334271,31,44,4,2,10.3
10712,336875,31,54,5,2,12.79
10713,334193,31,15,4,2,11.44
10714,336755,31,62,5,2,16.89
10715,334172,31,85,4,2,8.81
10716,334037,31,123,4,2,10.46
10717,336800,31,8,5,2,16.56
10718,336851,31,64,5,2,16.44
10719,336761,31,32,5,2,16.41
10720,334226,31,42,4,2,9.99
10721,334064,31,129,4,2,8.29
10722,338224,31,75,6,2,32.2
10723,334181,31,65,4,2,9.3688
10724,336734,31,39,5,2,29.69
10725,336677,31,98,5,2,16.3
10726,338225,31,70,6,2,34.7
10727,338247,31,89,6,2,30.57
10728,338216,31,79,6,2,29.53
10729,336497,31,114,5,2,16.04
10730,338276,31,13,6,2,31.66
10731,336503,31,108,5,2,17.85
10732,338221,31,77,6,2,32.58
10733,336884,31,46,5,2,12.07
10734,334211,31,14,4,2,9.94
10735,338232,31,96,6,2,28.12
10736,336725,31,29,5,2,22.41
10737,336671,31,96,5,2,19.79
10738,338237,31,92,6,2,32.59
10739,338189,31,140,6,2,31.1
10740,338182,31,112,6,2,32.58
10741,334166,31,94,4,2,10.68
10742,336653,31,68,5,2,13.33
10743,338194,31,136,6,2,28.07
10744,334358,31,59,4,2,8.44
10745,338204,31,128,6,2,31.81
10746,338174,31,114,6,2,29.53
10747,334244,31,45,4,2,9.76
10748,334295,31,23,4,2,9.16
10749,338183,31,134,6,2,31.29
10750,338169,31,3,6,2,27.77
10751,334247,31,58,4,2,9.7
10752,334169,31,66,4,2,9.07
10753,334253,31,63,4,2,9.65
10754,334142,31,78,4,2,9.32
10755,334352,31,55,4,2,8.91
10756,334076,31,130,4,2,8.43
10757,338203,31,100,6,2,31.27
10758,338185,31,110,6,2,32.2
10759,338193,31,137,6,2,28.12
10760,336821,31,6,5,2,14.15
10761,334055,31,132,4,2,8.94
10762,338218,31,80,6,2,30.97
10763,338215,31,84,6,2,29.93
10764,338234,31,98,6,2,31.57
10765,336617,31,82,5,2,14.28
10766,336530,31,110,5,2,14.54
10767,336551,31,111,5,2,18.63
10768,336647,31,75,5,2,14.54
10769,338260,31,62,6,2,28.95
10770,334058,31,121,4,2,9.08
10771,336830,31,16,5,2,10.01
10772,334298,31,51,4,2,8.77
10773,338187,31,102,6,2,32.83
10774,334292,31,16,4,2,8.69
10775,334310,31,37,4,2,9.72
10776,333947,31,4,4,2,9.21
10777,338184,31,103,6,2,32.14
10778,338188,31,107,6,2,35.01
10779,336482,31,3,5,2,21.25
10780,336584,31,100,5,2,12.65
10781,338233,31,83,6,2,31.43
10782,338200,31,123,6,2,31.43
10783,334046,31,100,4,2,9.07
10784,336539,31,107,5,2,11.07
10785,336500,31,126,5,2,15.12
10786,338180,31,109,6,2,29.76
10787,338195,31,106,6,2,26.11
10788,336560,31,106,5,2,25.55
10789,336515,31,109,5,2,17.42
10790,338205,31,115,6,2,31.53
10791,334187,31,29,4,2,11.07
10792,334067,31,127,4,2,9.08
10793,334322,31,48,4,2,9.68
10794,336860,31,48,5,2,14.42
10795,334157,31,88,4,2,8.29
10796,334223,31,32,4,2,10.6
10797,336752,31,19,5,2,18.55
10798,334259,31,27,4,2,10.25
10799,334250,31,41,4,2,9.59
10800,334286,31,10,4,2,8.89
10801,334184,31,22,4,2,11.04
10802,333965,31,108,4,2,10.33
10803,334238,31,36,4,2,9.94
10804,338274,31,27,6,2,29.39
10805,338280,31,17,6,2,30.67
10806,334133,31,96,4,2,10.39
10807,338175,31,126,6,2,31.41
10808,338217,31,86,6,2,31.41
10809,334121,31,99,4,2,10.2
10810,338213,31,130,6,2,34.07
10811,336776,31,36,5,2,17.25
10812,334241,31,49,4,2,9.62
10813,336812,31,57,5,2,15.09
10814,338244,31,66,6,2,31.37
10815,336896,31,59,5,2,6.59
10816,338222,31,93,6,2,31.29
10817,336743,31,60,5,2,21.68
10818,338297,31,25,6,2,31.92
10819,333968,31,119,4,2,10.27
10820,338267,31,36,6,2,29.2
10821,338279,31,57,6,2,31.2
10822,334256,31,28,4,2,11.08
10823,334220,31,43,4,2,10.63
10824,334307,31,24,4,2,8.94
10825,334148,31,92,4,2,8.94
10826,336590,31,115,5,2,13.97
10827,333992,31,110,4,2,9.29
10828,336806,31,20,5,2,13.44
10829,338304,31,50,6,2,37.54
10830,334199,31,56,4,2,11.88
10831,334235,31,9,4,2,10.11
10832,334130,31,76,4,2,10.18
10833,336536,31,102,5,2,13.33
10834,336794,31,28,5,2,17.0
10835,334151,31,81,4,2,9.08
10836,334205,31,60,4,2,10.96
10837,336713,31,91,5,2,7.78
10838,336641,31,93,5,2,14.98
10839,336587,31,128,5,2,14.32
10840,336557,31,136,5,2,21.57
10841,334277,31,17,4,2,9.48
10842,334214,31,19,4,2,10.17
10843,334040,31,139,4,2,9.98
10844,338253,31,39,6,2,24.3
10845,336839,31,12,5,2,15.0
10846,336770,31,26,5,2,18.84
10847,334337,31,54,4,2,8.78
10848,336740,31,61,5,2,19.77
10849,338286,31,23,6,2,32.26
10850,336866,31,25,5,2,14.4
10851,338191,31,105,6,2,28.98
10852,334043,31,113,4,2,9.32
10853,338170,31,4,6,2,32.36
10854,334346,31,46,4,2,8.76
10855,334106,31,69,4,2,9.17
10856,334031,31,135,4,2,10.53
10857,336701,31,72,5,2,24.49
10858,336698,31,95,5,2,24.45
10859,336545,31,138,5,2,17.27
10860,333995,31,104,4,2,8.97
10861,336842,31,18,5,2,14.6
10862,334025,31,116,4,2,12.47
10863,334028,31,118,4,2,11.04
10864,338303,31,46,6,2,32.64
10865,336521,31,112,5,2,13.88
10866,338223,31,69,6,2,32.14
10867,336773,31,9,5,2,17.43
10868,334178,31,89,4,2,10.32
10869,338239,31,90,6,2,32.5
10870,334154,31,90,4,2,8.75
10871,338288,31,12,6,2,32.07
10872,338265,31,26,6,2,29.15
10873,338277,31,20,6,2,32.92
10874,336488,31,5,5,2,8.85
10875,338295,31,48,6,2,32.08
10876,336494,31,125,5,2,15.79
10877,336887,31,50,5,2,6.87
10878,338252,31,15,6,2,27.11
10879,338278,31,44,6,2,30.03
10880,336563,31,116,5,2,27.72
10881,336566,31,118,5,2,22.38
10882,336749,31,14,5,2,19.12
10883,338266,31,9,6,2,29.8
10884,338268,31,49,6,2,28.79
10885,338254,31,56,6,2,25.84
10886,336542,31,140,5,2,16.54
10887,338176,31,108,6,2,29.65
10888,338230,31,71,6,2,28.98
10889,334289,31,11,4,2,9.19
10890,338179,31,117,6,2,30.97
10891,336599,31,131,5,2,12.04
10892,334124,31,97,4,2,9.91
10893,334013,31,111,4,2,10.18
10894,338281,31,53,6,2,31.24
10895,338283,31,10,6,2,33.38
10896,338259,31,19,6,2,29.61
10897,334136,31,83,4,2,10.46
10898,338272,31,63,6,2,29.75
10899,336791,31,63,5,2,15.3
10900,336785,31,58,5,2,14.56
10901,336575,31,123,5,2,16.67
10902,338251,31,38,6,2,28.0
10903,336674,31,83,5,2,16.67
10904,336833,31,23,5,2,13.99
10905,338270,31,58,6,2,31.68
10906,338258,31,14,6,2,29.07
10907,336863,31,47,5,2,15.15
10908,338287,31,51,6,2,34.76
10909,336623,31,79,5,2,16.04
10910,338285,31,16,6,2,35.76
10911,336638,31,77,5,2,13.88
10912,334325,31,47,4,2,9.39
10913,338305,31,55,6,2,30.39
10914,338241,31,95,6,2,26.66
10915,338220,31,67,6,2,31.18
10916,338201,31,139,6,2,31.57
10917,336827,31,11,5,2,14.82
10918,334070,31,133,4,2,8.68
10919,336689,31,81,5,2,13.33
10920,336644,31,69,5,2,14.55
10921,336716,31,89,5,2,17.36
10922,334196,31,39,4,2,13.07
10923,338261,31,43,6,2,30.79
10924,338250,31,29,6,2,27.21
10925,336758,31,43,5,2,17.41
10926,336719,31,65,5,2,13.5728
10927,338248,31,65,6,2,31.8377
10928,338273,31,28,6,2,31.01
10929,338226,31,68,6,2,32.83
10930,338228,31,99,6,2,31.1
10931,334139,31,98,4,2,9.98
10932,336659,31,99,5,2,16.54
10933,336824,31,10,5,2,13.62
10934,338199,31,124,6,2,26.98
10935,338290,31,24,6,2,34.66
10936,338289,31,18,6,2,32.39
10937,336491,31,122,5,2,14.28
10938,338198,31,135,6,2,27.73
10939,338263,31,42,6,2,30.24
10940,334085,31,79,4,2,9.73
10941,336608,31,133,5,2,10.43
10942,336764,31,42,5,2,17.23
10943,338275,31,8,6,2,30.64
10944,338264,31,30,6,2,29.68
10945,334073,31,141,4,2,8.94
10946,336506,31,119,5,2,18.15
10947,338168,31,2,6,2,32.48
10948,336527,31,103,5,2,14.55
10949,338214,31,82,6,2,28.72
10950,336479,31,2,5,2,14.09
10951,336533,31,104,5,2,10.77
10952,338282,31,6,6,2,31.77
10953,338284,31,11,6,2,31.98
10954,338256,31,60,6,2,28.01
10955,336665,31,71,5,2,19.02
10956,336662,31,97,5,2,17.27
10957,338292,31,64,6,2,31.65
10958,334115,31,68,4,2,8.95
10959,338190,31,138,6,2,28.95
10960,334334,31,35,4,2,9.17
10961,334340,31,7,4,2,9.05
10962,336683,31,87,5,2,14.32
10963,336548,31,105,5,2,19.02
10964,334079,31,82,4,2,9.63
10965,338229,31,97,6,2,28.95
10966,338236,31,87,6,2,31.81
10967,338219,31,74,6,2,29.76
10968,336632,31,74,5,2,17.42
10969,336509,31,120,5,2,16.47
10970,338172,31,122,6,2,28.72
10971,334265,31,13,4,2,9.64
10972,334163,31,72,4,2,11.69
10973,334160,31,95,4,2,11.66
10974,336704,31,94,5,2,21.44
10975,334109,31,75,4,2,9.29
10976,336476,31,1,5,2,15.96
10977,336710,31,85,5,2,11.37
10978,338202,31,113,6,2,31.88
10979,336788,31,41,5,2,15.65
10980,334082,31,84,4,2,9.73
10981,338181,31,101,6,2,31.18
10982,336485,31,4,5,2,13.47
10983,338171,31,5,6,2,32.59
10984,336836,31,51,5,2,11.38
10985,334175,31,91,4,2,8.62
10986,336878,31,7,5,2,12.98
10987,338212,31,141,6,2,31.66
10988,338192,31,111,6,2,29.58
10989,338302,31,34,6,2,32.18
10990,336518,31,101,5,2,15.97
10991,336581,31,113,5,2,14.46
10992,338242,31,72,6,2,26.52
10993,338235,31,78,6,2,31.88
10994,336635,31,67,5,2,15.97
10995,336626,31,86,5,2,15.12
10996,334001,31,107,4,2,8.75
10997,334268,31,20,4,2,9.48
10998,334052,31,115,4,2,9.07
10999,336686,31,92,5,2,13.43
11000,338196,31,116,6,2,25.06
11001,334262,31,8,4,2,9.59
11002,334331,31,31,4,2,9.06
11003,336818,31,53,5,2,15.88
11004,336872,31,35,5,2,14.39
11005,338211,31,133,6,2,31.84
11006,336782,31,45,5,2,15.82
11007,338301,31,7,6,2,31.36
11008,336602,31,129,5,2,6.99
11009,338245,31,85,6,2,31.19
11010,336695,31,88,5,2,6.99
11011,338243,31,94,6,2,27.49
11012,336512,31,117,5,2,17.04
11013,336656,31,73,5,2,11.07
11014,333953,31,122,4,2,9.63
11015,338240,31,88,6,2,37.44
11016,334112,31,70,4,2,8.97
11017,334007,31,138,4,2,9.91
11018,334208,31,40,4,2,10.04
11019,336629,31,80,5,2,17.04
11020,333974,31,117,4,2,11.0
11021,336737,31,56,5,2,25.57
11022,336815,31,17,5,2,16.55
11023,334349,31,50,4,2,8.28
11024,336692,31,90,5,2,12.04
11025,336707,31,66,5,2,13.18
11026,334328,31,25,4,2,9.36
11027,336578,31,139,5,2,16.3
11028,334097,31,67,4,2,9.49
11029,334088,31,86,4,2,9.68
11030,336869,31,31,5,2,13.5
11031,334202,31,61,4,2,10.39
11032,333950,31,5,4,2,8.68
11033,334217,31,62,4,2,9.9
11034,334283,31,6,4,2,9.15
11035,334091,31,80,4,2,11.0
11036,333938,31,1,4,2,9.9
11037,334004,31,140,4,2,10.2
11038,333971,31,120,4,2,10.35
11039,338291,31,37,6,2,31.83
11040,336614,31,130,5,2,6.69
11041,338255,31,61,6,2,28.13
11042,333983,31,112,4,2,9.52
11043,333962,31,126,4,2,9.68
11044,334010,31,105,4,2,9.99
11045,336722,31,22,5,2,23.01
11046,334127,31,71,4,2,9.99
11047,338262,31,32,6,2,31.83
11048,334094,31,74,4,2,10.29
11049,334118,31,73,4,2,8.75
11050,338231,31,76,6,2,29.58
11051,628901,28,128,9,2,43.3
11052,628987,28,136,12,2,5.6
11053,628997,28,128,12,2,10.0
11054,628482,28,3,8,2,34.8
11055,179806,29,136,3,2,39.4
11056,628590,28,101,14,2,22.3
11057,628599,28,138,14,2,17.1
11058,628425,28,131,15,2,26.3
11059,628592,28,134,14,2,12.4
11060,628609,28,123,14,2,14.7
11061,336625,30,86,5,2,19.36
11062,336523,30,134,5,2,19.71
11063,336556,30,136,5,2,25.67
11064,336580,30,113,5,2,19.09
11065,336628,30,80,5,2,21.69
11066,179786,29,140,3,2,0.3
11067,629048,28,121,11,2,4.3
11068,336517,30,101,5,2,20.83
11069,336718,30,65,5,2,18.396
11070,336709,30,85,5,2,16.0
11071,629039,28,135,11,2,2.8
11072,628444,28,117,7,2,27.4
11073,179814,29,130,2,2,0.0
11074,179826,29,112,2,2,0.0
11075,179834,29,140,2,2,0.1
11076,628543,28,112,16,2,13.2
11077,179718,29,130,1,2,2.0
11078,179725,29,100,1,2,9.8
11079,179773,29,100,3,2,0.9
11080,336829,30,16,5,2,16.07
11081,628981,28,107,12,2,6.7
11082,628920,28,126,10,2,60.2
11083,336538,30,107,5,2,17.08
11084,336655,30,73,5,2,17.08
11085,334243,30,45,4,2,8.99
11086,628418,28,139,15,2,27.1
11087,628586,28,119,14,2,23.5
11088,628935,28,138,10,2,42.6
11089,334093,30,74,4,2,9.89
11090,628475,28,127,7,2,66.9
11091,628607,28,135,14,2,15.6
11092,628618,28,129,14,2,21.0
11093,628992,28,124,12,2,5.8
11094,336697,30,95,5,2,28.28
11095,628991,28,135,12,2,15.5
11096,628874,28,119,9,2,220.8
11097,336544,30,138,5,2,21.14
11098,336847,30,37,5,2,20.65
11099,628431,28,65,15,2,37.7
11100,628483,28,4,8,2,17.9
11101,179781,29,128,3,2,1.3
11102,336850,30,64,5,2,21.21
11103,628904,28,121,9,2,105.7
11104,336700,30,72,5,2,28.2
11105,334087,30,86,4,2,8.93
11106,334183,30,22,4,2,10.57
11107,179782,29,107,3,2,0.7
11108,179798,29,119,3,2,12.9
11109,334159,30,95,4,2,10.91
11110,334162,30,72,4,2,11.13
11111,334219,30,43,4,2,9.93
11112,628571,28,127,16,2,17.4
11113,628539,28,120,16,2,26.5
11114,336601,30,129,5,2,13.55
11115,628989,28,116,12,2,9.0
11116,628875,28,120,9,2,225.0
11117,179788,29,101,3,2,1.0
11118,334054,30,132,4,2,8.05
11119,334096,30,67,4,2,8.87
11120,628584,28,126,14,2,19.2
11121,628923,28,120,10,2,130.1
11122,628580,28,5,14,2,17.0
11123,628930,28,110,10,2,62.8
11124,628951,28,132,10,2,28.3
11125,628931,28,104,10,2,48.5
11126,336757,30,43,5,2,21.8
11127,334189,30,38,4,2,9.95
11128,628423,28,132,15,2,27.6
11129,628615,28,132,14,2,18.5
11130,628606,28,118,14,2,8.3
11131,628605,28,116,14,2,12.0
11132,334060,30,131,4,2,7.9
11133,628442,28,119,7,2,188.6
11134,336748,30,14,5,2,23.25
11135,628404,28,102,15,2,40.5
11136,336871,30,35,5,2,19.47
11137,336877,30,7,5,2,17.64
11138,628530,28,3,16,2,9.6
11139,629054,28,130,11,2,1.7
11140,628582,28,125,14,2,18.5
11141,336808,30,44,5,2,21.35
11142,334252,30,63,4,2,9.08
11143,334246,30,58,4,2,8.96
11144,334204,30,60,4,2,10.22
11145,334231,30,26,4,2,9.85
11146,628612,28,100,14,2,11.7
11147,336649,30,70,5,2,16.52
11148,334327,30,25,4,2,8.48
11149,334012,30,111,4,2,9.51
11150,628914,28,3,10,2,45.0
11151,628932,28,102,10,2,12.8
11152,334018,30,136,4,2,10.2
11153,628982,28,140,12,2,20.5
11154,179794,29,122,3,2,9.1
11155,628568,28,121,16,2,10.5
11156,628953,28,131,10,2,28.9
11157,334339,30,7,4,2,8.22
11158,334333,30,35,4,2,8.29
11159,629028,28,102,11,2,1.4
11160,336790,30,63,5,2,18.97
11161,334264,30,13,4,2,8.98
11162,336685,30,92,5,2,18.68
11163,628528,28,1,16,2,19.6
11164,628567,28,132,16,2,9.0
11165,628421,28,128,15,2,34.7
11166,628464,28,124,7,2,35.4
11167,628975,28,112,12,2,34.4
11168,336859,30,48,5,2,19.37
11169,336805,30,20,5,2,18.71
11170,336607,30,133,5,2,15.28
11171,628879,28,112,9,2,163.6
11172,629159,28,114,13,2,4.0
11173,628936,28,105,10,2,121.4
11174,336694,30,88,5,2,13.55
11175,628905,28,131,9,2,60.1
11176,336772,30,9,5,2,21.41
11177,628478,28,130,7,2,13.7
11178,628868,28,5,9,2,52.0
11179,334057,30,121,4,2,8.2
11180,628574,28,130,16,2,12.9
11181,629188,28,100,13,2,5.3
11182,336652,30,68,5,2,18.62
11183,629174,28,140,13,2,3.7
11184,628964,28,5,12,2,11.2
11185,629026,28,110,11,2,3.8
11186,336658,30,99,5,2,21.27
11187,336766,30,30,5,2,22.44
11188,336487,30,5,5,2,13.72
11189,334090,30,80,4,2,10.49
11190,628900,28,100,9,2,19.0
11191,179807,29,116,3,2,41.5
11192,628866,28,3,9,2,113.3
11193,629008,28,1,11,2,9.1
11194,179778,29,112,3,2,0.1
11195,334021,30,106,4,2,11.39
11196,628396,28,117,15,2,29.9
11197,628949,28,128,10,2,18.4
11198,336820,30,6,5,2,19.16
11199,336826,30,11,5,2,19.93
11200,628937,28,111,10,2,141.5
11201,629198,28,130,13,2,7.7
11202,628427,28,127,15,2,41.9
11203,336574,30,123,5,2,21.39
11204,628470,28,115,7,2,36.2
11205,334267,30,20,4,2,8.66
11206,628460,28,106,7,2,53.6
11207,179766,29,130,3,2,0.0
11208,629053,28,141,11,2,2.6
11209,629180,28,106,13,2,3.4
11210,629045,28,128,11,2,1.9
11211,179825,29,115,2,2,0.4
11212,628466,28,139,7,2,60.2
11213,334168,30,66,4,2,8.23
11214,336778,30,49,5,2,17.83
11215,336610,30,141,5,2,14.21
11216,336862,30,47,5,2,20.01
11217,628453,28,107,7,2,31.4
11218,179829,29,128,2,2,0.2
11219,629160,28,126,13,2,4.8
11220,179809,29,3,3,2,26.8
11221,629167,28,112,13,2,4.1
11222,628449,28,103,7,2,15.8
11223,334192,30,15,4,2,10.91
11224,179828,29,117,2,2,0.0
11225,629181,28,116,13,2,3.6
11226,628529,28,2,16,2,10.5
11227,628570,28,129,16,2,16.9
11228,629182,28,118,13,2,2.9
11229,629191,28,132,13,2,3.8
11230,336589,30,115,5,2,18.78
11231,336673,30,83,5,2,21.39
11232,628428,28,133,15,2,50.0
11233,179754,29,135,1,2,117.5
11234,179850,29,135,2,2,2.0
11235,334285,30,10,4,2,8.02
11236,334081,30,84,4,2,9.13
11237,334213,30,19,4,2,9.5
11238,334297,30,51,4,2,7.76
11239,628430,28,130,15,2,45.9
11240,334063,30,129,4,2,7.16
11241,334141,30,78,4,2,8.45
11242,334309,30,37,4,2,8.99
11243,628387,28,4,15,2,31.4
11244,628927,28,112,10,2,107.8
11245,628958,28,130,10,2,13.9
11246,628934,28,140,10,2,96.7
11247,179764,29,4,1,2,15.6
11248,628938,28,137,10,2,30.6
11249,333949,30,5,4,2,7.69
11250,334105,30,69,4,2,8.44
11251,334135,30,83,4,2,9.78
11252,334015,30,137,4,2,9.78
11253,629194,28,129,13,2,7.7
11254,336742,30,60,5,2,25.77
11255,628918,28,125,10,2,66.9
11256,334102,30,93,4,2,9.45
11257,336754,30,62,5,2,20.72
11258,628563,28,113,16,2,10.2
11259,628979,28,104,12,2,19.8
11260,629184,28,124,13,2,2.7
11261,628903,28,132,9,2,61.2
11262,336856,30,21,5,2,21.87
11263,179780,29,117,3,2,0.3
11264,336844,30,24,5,2,16.61
11265,628411,28,136,15,2,35.4
11266,628893,28,116,9,2,56.6
11267,336868,30,31,5,2,18.34
11268,628410,28,137,15,2,40.5
11269,628537,28,108,16,2,21.4
11270,628420,28,100,15,2,29.7
11271,336802,30,13,5,2,20.34
11272,628392,28,126,15,2,42.8
11273,179785,29,102,3,2,1.2
11274,628535,28,114,16,2,19.4
11275,179830,29,107,2,2,0.1
11276,179734,29,107,1,2,23.5
11277,628400,28,134,15,2,28.0
11278,628398,28,101,15,2,41.8
11279,628429,28,141,15,2,48.4
11280,628391,28,114,15,2,41.4
11281,334030,30,135,4,2,10.06
11282,336793,30,28,5,2,21.66
11283,334150,30,81,4,2,8.2
11284,179787,29,123,3,2,5.0
11285,336568,30,135,5,2,24.84
11286,628484,28,5,8,2,20.8
11287,336598,30,131,5,2,17.16
11288,628502,28,140,8,2,67.3
11289,179810,29,2,3,2,0.7
11290,179741,29,109,1,2,32.5
11291,628389,28,122,15,2,63.0
11292,628417,28,123,15,2,31.4
11293,179837,29,109,2,2,0.2
11294,628463,28,135,7,2,102.2
11295,336634,30,67,5,2,20.83
11296,179751,29,105,1,2,77.8
11297,628445,28,109,7,2,46.4
11298,179789,29,109,3,2,1.2
11299,629025,28,103,11,2,1.6
11300,179847,29,105,2,2,1.6
11301,336667,30,76,5,2,22.99
11302,336640,30,93,5,2,19.71
11303,179799,29,105,3,2,10.7
11304,179729,29,115,1,2,14.3
11305,628523,28,127,8,2,45.6
11306,628955,28,127,10,2,74.6
11307,628962,28,3,12,2,18.0
11308,334156,30,88,4,2,7.16
11309,333994,30,104,4,2,8.1
11310,628894,28,118,9,2,18.0
11311,628873,28,108,9,2,199.6
11312,334024,30,116,4,2,11.72
11313,628402,28,110,15,2,36.2
11314,334027,30,118,4,2,10.6
11315,179797,29,114,3,2,16.6
11316,179775,29,134,3,2,0.5
11317,179836,29,101,2,2,0.2
11318,179823,29,134,2,2,0.1
11319,179727,29,134,1,2,13.9
11320,179827,29,113,2,2,0.4
11321,179731,29,113,1,2,17.0
11322,179843,29,111,2,2,0.7
11323,179747,29,111,1,2,50.1
11324,336745,30,40,5,2,22.95
11325,628424,28,121,15,2,31.7
11326,629186,28,139,13,2,3.5
11327,179758,29,136,1,2,225.9
11328,179854,29,136,2,2,5.7
11329,628414,28,118,15,2,25.5
11330,628395,28,120,15,2,45.4
11331,629036,28,106,11,2,1.1
11332,628384,28,1,15,2,44.4
11333,628890,28,137,9,2,60.6
11334,628569,28,131,16,2,8.2
11335,629161,28,108,13,2,3.4
11336,628473,28,131,7,2,39.5
11337,334144,30,87,4,2,8.51
11338,628416,28,124,15,2,27.3
11339,628401,28,103,15,2,39.2
11340,628415,28,135,15,2,45.1
11341,629196,28,133,13,2,8.4
11342,336733,30,39,5,2,32.91
11343,628986,28,137,12,2,6.6
11344,628886,28,140,9,2,145.3
11345,629029,28,107,11,2,2.8
11346,179739,29,123,1,2,29.3
11347,179835,29,123,2,2,0.7
11348,628548,28,102,16,2,8.9
11349,629010,28,3,11,2,2.8
11350,629040,28,124,11,2,2.2
11351,628915,28,4,10,2,27.2
11352,179784,29,139,3,2,1.1
11353,334174,30,91,4,2,7.56
11354,336865,30,25,5,2,19.04
11355,334078,30,82,4,2,9.17
11356,334321,30,48,4,2,8.91
11357,336550,30,111,5,2,22.99
11358,628452,28,102,7,2,16.8
11359,628864,28,1,9,2,177.5
11360,336880,30,34,5,2,18.53
11361,336646,30,75,5,2,19.72
11362,333970,30,120,4,2,9.62
11363,336763,30,42,5,2,21.37
11364,334228,30,30,4,2,9.72
11365,628912,28,1,10,2,87.6
11366,628495,28,112,8,2,71.4
11367,628913,28,2,10,2,51.7
11368,628909,28,141,9,2,30.4
11369,336799,30,8,5,2,21.26
11370,629005,28,141,12,2,5.6
11371,628942,28,118,10,2,8.6
11372,629027,28,104,11,2,2.9
11373,629044,28,100,11,2,1.2
11374,179852,29,106,2,2,4.9
11375,336562,30,116,5,2,31.23
11376,628451,28,104,7,2,61.4
11377,628471,28,132,7,2,43.0
11378,334123,30,97,4,2,9.36
11379,179761,29,3,1,2,142.8
11380,336784,30,58,5,2,18.76
11381,628388,28,5,15,2,46.9
11382,179816,29,127,2,2,0.0
11383,179720,29,127,1,2,2.8
11384,628963,28,4,12,2,11.4
11385,628924,28,117,10,2,27.6
11386,628939,28,136,10,2,8.6
11387,628867,28,4,9,2,67.3
11388,628435,28,4,7,2,47.3
11389,628472,28,121,7,2,69.6
11390,333952,30,122,4,2,9.17
11391,628880,28,134,9,2,47.4
11392,179733,29,128,1,2,22.5
11393,628976,28,134,12,2,6.3
11394,179740,29,101,1,2,31.9
11395,179719,29,141,1,2,2.1
11396,628999,28,132,12,2,11.3
11397,334045,30,100,4,2,8.26
11398,179812,29,4,3,2,1.4
11399,179815,29,141,2,2,0.0
11400,628990,28,118,12,2,1.5
11401,628966,28,125,12,2,33.3
11402,628988,28,106,12,2,9.4
11403,628560,28,124,16,2,6.6
11404,629177,28,111,13,2,5.2
11405,628564,28,100,16,2,8.2
11406,179765,29,5,1,2,2.7
11407,628534,28,125,16,2,15.4
11408,334237,30,36,4,2,9.34
11409,629193,28,131,13,2,4.1
11410,334036,30,123,4,2,9.78
11411,334210,30,14,4,2,9.29
11412,628970,28,119,12,2,39.4
11413,629018,28,119,11,2,12.0
11414,628996,28,100,12,2,4.4
11415,628493,28,109,8,2,24.1
11416,629173,28,107,13,2,8.5
11417,334348,30,50,4,2,7.15
11418,179821,29,100,2,2,0.2
11419,179730,29,112,1,2,14.7
11420,628895,28,135,9,2,124.9
11421,334132,30,96,4,2,9.78
11422,628884,28,102,9,2,25.9
11423,179861,29,5,2,2,0.0
11424,628456,28,105,7,2,193.1
11425,628572,28,133,16,2,17.6
11426,334255,30,28,4,2,10.56
11427,334108,30,75,4,2,8.59
11428,336712,30,91,5,2,12.76
11429,628547,28,104,16,2,11.9
11430,628476,28,133,7,2,49.5
11431,629000,28,121,12,2,18.0
11432,628984,28,105,12,2,39.2
11433,628892,28,106,9,2,67.9
11434,629175,28,138,13,2,3.3
11435,628468,28,100,7,2,12.2
11436,628888,28,105,9,2,228.6
11437,179757,29,137,1,2,210.5
11438,179738,29,140,1,2,27.8
11439,179853,29,137,2,2,7.0
11440,179783,29,126,3,2,2.8
11441,628562,28,139,16,2,8.6
11442,179813,29,5,3,2,0.1
11443,628925,28,109,10,2,34.3
11444,628950,28,115,10,2,20.5
11445,629164,28,117,13,2,3.1
11446,628557,28,116,16,2,6.9
11447,628477,28,141,7,2,18.8
11448,179759,29,116,1,2,256.2
11449,179755,29,118,1,2,121.3
11450,628948,28,100,10,2,7.0
11451,629178,28,137,13,2,4.6
11452,179803,29,118,3,2,17.8
11453,179851,29,118,2,2,2.6
11454,179768,29,127,3,2,0.0
11455,179745,29,120,1,2,35.5
11456,334126,30,71,4,2,9.36
11457,179841,29,120,2,2,0.3
11458,628961,28,2,12,2,16.5
11459,628865,28,2,9,2,87.3
11460,628978,28,110,12,2,27.6
11461,628882,28,110,9,2,119.3
11462,628960,28,1,12,2,34.3
11463,336691,30,90,5,2,17.16
11464,334345,30,46,4,2,7.91
11465,629046,28,115,11,2,2.5
11466,336775,30,36,5,2,20.94
11467,334342,30,34,4,2,8.21
11468,629195,28,127,13,2,5.2
11469,179753,29,124,1,2,114.9
11470,179750,29,119,1,2,72.2
11471,179762,29,2,1,2,22.8
11472,179819,29,104,2,2,0.0
11473,336883,30,46,5,2,17.22
11474,628434,28,3,7,2,93.5
11475,179831,29,126,2,2,0.4
11476,628896,28,124,9,2,47.4
11477,179735,29,126,1,2,23.6
11478,336553,30,137,5,2,23.86
11479,628507,28,136,8,2,6.6
11480,334147,30,92,4,2,8.05
11481,334051,30,115,4,2,8.19
11482,628871,28,114,9,2,187.8
11483,628554,28,137,16,2,8.5
11484,334195,30,39,4,2,12.28
11485,179808,29,65,3,2,3.5
11486,334033,30,124,4,2,10.54
11487,628967,28,114,12,2,39.1
11488,179792,29,103,3,2,1.1
11489,336583,30,100,5,2,17.3
11490,629001,28,131,12,2,16.1
11491,628885,28,107,9,2,46.2
11492,179856,29,65,2,2,0.5
11493,628969,28,108,12,2,32.5
11494,628455,28,138,7,2,81.6
11495,334249,30,41,4,2,8.91
11496,334084,30,79,4,2,9.14
11497,628479,28,65,7,2,78.2
11498,628911,28,65,9,2,101.9
11499,334138,30,98,4,2,9.17
11500,628933,28,107,10,2,27.7
11501,336730,30,15,5,2,27.25
11502,628536,28,126,16,2,15.9
11503,628922,28,119,10,2,124.9
11504,628944,28,124,10,2,28.9
11505,628550,28,140,16,2,11.0
11506,334279,30,53,4,2,8.7
11507,628943,28,135,10,2,40.7
11508,628954,28,129,10,2,63.0
11509,628441,28,108,7,2,167.2
11510,336787,30,41,5,2,19.63
11511,628469,28,128,7,2,32.2
11512,179772,29,131,3,2,0.3
11513,628980,28,102,12,2,4.7
11514,628881,28,103,9,2,22.5
11515,628977,28,103,12,2,3.0
11516,628438,28,125,7,2,108.6
11517,628583,28,114,14,2,21.2
11518,333997,30,102,4,2,8.13
11519,628585,28,108,14,2,23.3
11520,179767,29,141,3,2,0.0
11521,629007,28,65,12,2,18.7
11522,629014,28,125,11,2,6.6
11523,628611,28,113,14,2,12.8
11524,628928,28,134,10,2,26.9
11525,628869,28,122,9,2,79.5
11526,628621,28,141,14,2,16.8
11527,333958,30,114,4,2,9.14
11528,179846,29,119,2,2,1.9
11529,179833,29,102,2,2,0.2
11530,179737,29,102,1,2,26.1
11531,629052,28,133,11,2,5.7
11532,334069,30,133,4,2,7.82
11533,629153,28,2,13,2,5.0
11534,179760,29,65,1,2,27.4
11535,628506,28,137,8,2,23.2
11536,334000,30,107,4,2,7.72
11537,336682,30,87,5,2,19.25
11538,179800,29,138,3,2,32.0
11539,336886,30,50,5,2,13.44
11540,179858,29,2,2,2,0.1
11541,336817,30,53,5,2,20.76
11542,334099,30,77,4,2,8.72
11543,336619,30,84,5,2,19.52
11544,628399,28,112,15,2,37.1
11545,336577,30,139,5,2,21.11
11546,629003,28,127,12,2,24.7
11547,334072,30,141,4,2,8.01
11548,628907,28,127,9,2,107.9
11549,628450,28,110,7,2,84.2
11550,336616,30,82,5,2,17.82
11551,628565,28,128,16,2,10.0
11552,628872,28,126,9,2,131.3
11553,628870,28,125,9,2,143.0
11554,336631,30,74,5,2,21.87
11555,628432,28,1,7,2,146.9
11556,628968,28,126,12,2,28.7
11557,334258,30,27,4,2,9.83
11558,336769,30,26,5,2,22.7
11559,628973,28,109,12,2,12.5
11560,628591,28,112,14,2,22.8
11561,628622,28,130,14,2,15.6
11562,336547,30,105,5,2,23.15
11563,334129,30,76,4,2,9.51
11564,628393,28,108,15,2,38.4
11565,334114,30,68,4,2,8.13
11566,629176,28,105,13,2,4.4
11567,628972,28,117,12,2,4.8
11568,628983,28,138,12,2,19.7
11569,628887,28,138,9,2,99.8
11570,628917,28,122,10,2,36.2
11571,628390,28,125,15,2,47.3
11572,628906,28,129,9,2,84.8
11573,628397,28,109,15,2,26.5
11574,628540,28,117,16,2,6.6
11575,629043,28,113,11,2,1.4
11576,179756,29,106,1,2,181.5
11577,629002,28,129,12,2,11.0
11578,628462,28,118,7,2,14.2
11579,179805,29,137,3,2,50.9
11580,334294,30,23,4,2,8.42
11581,334273,30,57,4,2,9.56
11582,629042,28,139,11,2,2.3
11583,179793,29,120,3,2,1.7
11584,628876,28,117,9,2,36.5
11585,628566,28,115,16,2,8.5
11586,179811,29,1,3,2,6.3
11587,179790,29,110,3,2,1.7
11588,179859,29,1,2,2,0.9
11589,336679,30,78,5,2,19.09
11590,179763,29,1,1,2,39.5
11591,179770,29,129,3,2,0.0
11592,179723,29,104,1,2,6.6
11593,628552,28,105,16,2,14.9
11594,334222,30,32,4,2,9.85
11595,334312,30,64,4,2,10.31
11596,179824,29,132,2,2,0.1
11597,179728,29,132,1,2,14.3
11598,336514,30,109,5,2,21.87
11599,179742,29,110,1,2,33.2
11600,336535,30,102,5,2,18.62
11601,628994,28,139,12,2,9.0
11602,179855,29,116,2,2,5.5
11603,628413,28,116,15,2,35.7
11604,179736,29,139,1,2,23.7
11605,179832,29,139,2,2,0.2
11606,336751,30,19,5,2,22.9
11607,628898,28,139,9,2,80.7
11608,628531,28,4,16,2,9.6
11609,336811,30,57,5,2,19.81
11610,336478,30,2,5,2,19.29
11611,629012,28,5,11,2,3.7
11612,336622,30,79,5,2,19.76
11613,629152,28,1,13,2,4.6
11614,333985,30,134,4,2,9.45
11615,336526,30,103,5,2,19.74
11616,179840,29,103,2,2,0.2
11617,628426,28,129,15,2,50.2
11618,628541,28,109,16,2,7.8
11619,336484,30,4,5,2,18.51
11620,628546,28,110,16,2,9.7
11621,334042,30,113,4,2,8.45
11622,628558,28,118,16,2,4.7
11623,179820,29,131,2,2,0.0
11624,179724,29,131,1,2,8.1
11625,336781,30,45,5,2,20.12
11626,628394,28,119,15,2,43.0
11627,336721,30,22,5,2,26.7
11628,628946,28,139,10,2,20.7
11629,333937,30,1,4,2,9.24
11630,333991,30,110,4,2,8.59
11631,628508,28,106,8,2,20.4
11632,628561,28,123,16,2,9.3
11633,333940,30,2,4,2,8.74
11634,628518,28,115,8,2,12.7
11635,629171,28,104,13,2,6.0
11636,629163,28,120,13,2,3.6
11637,336613,30,130,5,2,11.91
11638,629192,28,121,13,2,5.1
11639,334276,30,17,4,2,8.91
11640,628556,28,106,16,2,6.9
11641,628916,28,5,10,2,33.9
11642,629190,28,115,13,2,5.1
11643,336796,30,27,5,2,22.4
11644,629154,28,3,13,2,3.9
11645,179774,29,121,3,2,0.4
11646,179744,29,103,1,2,34.4
11647,628486,28,125,8,2,48.4
11648,336736,30,56,5,2,29.29
11649,628593,28,103,14,2,16.1
11650,334186,30,29,4,2,10.61
11651,628617,28,131,14,2,17.3
11652,179795,29,111,3,2,4.8
11653,179779,29,113,3,2,3.0
11654,628929,28,103,10,2,14.2
11655,336814,30,17,5,2,21.29
11656,629187,28,113,13,2,5.8
11657,336841,30,18,5,2,19.81
11658,629156,28,5,13,2,7.5
11659,628457,28,111,7,2,215.5
11660,628496,28,134,8,2,18.6
11661,628544,28,134,16,2,7.4
11662,628447,28,112,7,2,118.4
11663,628581,28,122,14,2,18.2
11664,628437,28,122,7,2,65.8
11665,334216,30,62,4,2,9.36
11666,628588,28,117,14,2,15.9
11667,628514,28,139,8,2,14.7
11668,334234,30,9,4,2,9.45
11669,334324,30,47,4,2,8.48
11670,628555,28,136,16,2,6.7
11671,628494,28,101,8,2,68.1
11672,336496,30,114,5,2,19.76
11673,628897,28,123,9,2,58.8
11674,629197,28,141,13,2,7.7
11675,628524,28,133,8,2,32.0
11676,628501,28,107,8,2,18.2
11677,179769,29,133,3,2,0.2
11678,628521,28,131,8,2,17.9
11679,628440,28,126,7,2,105.2
11680,628500,28,102,8,2,8.5
11681,628910,28,130,9,2,19.3
11682,628620,28,133,14,2,19.1
11683,629172,28,102,13,2,6.3
11684,628594,28,110,14,2,18.3
11685,333976,30,109,4,2,9.89
11686,628576,28,1,14,2,21.0
11687,628940,28,106,10,2,27.3
11688,628577,28,2,14,2,18.2
11689,629183,28,135,13,2,4.5
11690,628595,28,104,14,2,18.3
11691,334009,30,105,4,2,9.36
11692,334336,30,54,4,2,7.89
11693,628490,28,119,8,2,98.1
11694,336520,30,112,5,2,19.09
11695,628522,28,129,8,2,39.0
11696,334003,30,140,4,2,9.61
11697,179743,29,125,1,2,33.3
11698,179839,29,125,2,2,0.3
11699,629006,28,130,12,2,5.1
11700,629169,28,103,13,2,4.8
11701,628497,28,103,8,2,9.3
11702,629155,28,4,13,2,4.7
11703,334165,30,94,4,2,10.21
11704,628578,28,3,14,2,14.6
11705,334198,30,56,4,2,11.21
11706,334171,30,85,4,2,8.0
11707,334177,30,89,4,2,9.63
11708,628515,28,113,8,2,7.9
11709,336688,30,81,5,2,18.42
11710,179848,29,138,2,2,4.2
11711,179752,29,138,1,2,100.6
11712,179842,29,122,2,2,1.3
11713,333967,30,119,4,2,9.6
11714,628899,28,113,9,2,39.7
11715,628610,28,139,14,2,12.7
11716,628525,28,141,8,2,12.9
11717,628458,28,137,7,2,51.9
11718,179746,29,122,1,2,35.8
11719,628505,28,111,8,2,111.6
11720,334207,30,40,4,2,9.44
11721,334111,30,70,4,2,8.1
11722,333946,30,4,4,2,8.35
11723,628439,28,114,7,2,153.6
11724,334039,30,139,4,2,9.17
11725,629157,28,122,13,2,8.3
11726,628619,28,127,14,2,17.9
11727,628971,28,120,12,2,40.7
11728,629034,28,137,11,2,1.5
11729,333943,30,3,4,2,10.19
11730,629168,28,134,13,2,3.1
11731,628436,28,5,7,2,33.1
11732,629051,28,127,11,2,7.7
11733,333973,30,117,4,2,10.49
11734,628485,28,122,8,2,25.8
11735,333988,30,103,4,2,8.44
11736,629179,28,136,13,2,3.8
11737,334006,30,138,4,2,9.36
11738,336481,30,3,5,2,25.18
11739,628408,28,105,15,2,45.4
11740,629023,28,112,11,2,5.0
11741,628945,28,123,10,2,28.7
11742,628513,28,123,8,2,21.8
11743,334306,30,24,4,2,8.06
11744,628520,28,121,8,2,29.7
11745,628519,28,132,8,2,18.6
11746,336889,30,55,5,2,16.91
11747,628492,28,117,8,2,19.9
11748,336703,30,94,5,2,25.4
11749,334330,30,31,4,2,8.18
11750,629199,28,65,13,2,4.8
11751,336490,30,122,5,2,17.82
11752,628422,28,115,15,2,30.7
11753,336499,30,126,5,2,19.36
11754,628883,28,104,9,2,88.9
11755,629030,28,140,11,2,4.6
11756,629016,28,126,11,2,7.0
11757,629185,28,123,13,2,4.3
11758,179776,29,132,3,2,0.5
11759,629189,28,128,13,2,5.3
11760,334225,30,42,4,2,9.3
11761,628433,28,2,7,2,62.5
11762,629019,28,120,11,2,14.2
11763,629166,28,101,13,2,4.9
11764,628919,28,114,10,2,85.5
11765,336670,30,96,5,2,23.86
11766,628481,28,2,8,2,34.9
11767,628443,28,120,7,2,194.7
11768,336511,30,117,5,2,21.69
11769,629055,28,65,11,2,3.9
11770,336604,30,127,5,2,17.36
11771,629170,28,110,13,2,4.8
11772,628461,28,116,7,2,44.5
11773,629037,28,116,11,2,1.0
11774,628465,28,123,7,2,46.1
11775,628419,28,113,15,2,36.1
11776,628542,28,101,16,2,12.4
11777,628412,28,106,15,2,31.7
11778,628877,28,109,9,2,62.6
11779,628589,28,109,14,2,14.4
11780,628448,28,134,7,2,34.4
11781,628600,28,105,14,2,20.2
11782,628459,28,136,7,2,18.6
11783,333964,30,108,4,2,9.67
11784,628947,28,113,10,2,11.9
11785,336838,30,12,5,2,20.08
11786,628614,28,115,14,2,11.7
11787,628959,28,65,10,2,48.3
11788,628491,28,120,8,2,104.6
11789,628510,28,118,8,2,6.5
11790,333955,30,125,4,2,9.13
11791,336664,30,71,5,2,23.15
11792,336892,30,52,5,2,13.62
11793,628957,28,141,10,2,21.4
11794,629032,28,105,11,2,6.1
11795,628504,28,105,8,2,95.1
11796,628921,28,108,10,2,112.0
11797,628480,28,1,8,2,67.0
11798,628499,28,104,8,2,31.4
11799,336505,30,119,5,2,22.28
11800,336571,30,124,5,2,26.61
11801,179721,29,133,1,2,4.6
11802,179817,29,133,2,2,0.0
11803,628573,28,141,16,2,14.1
11804,629038,28,118,11,2,0.6
11805,628602,28,137,14,2,12.3
11806,629165,28,109,13,2,3.2
11807,336637,30,77,5,2,19.09
11808,628474,28,129,7,2,55.0
11809,336676,30,98,5,2,21.11
11810,179860,29,4,2,2,0.2
11811,628995,28,113,12,2,8.5
11812,628467,28,113,7,2,29.4
11813,628553,28,111,16,2,20.3
11814,628608,28,124,14,2,10.9
11815,179732,29,117,1,2,18.8
11816,629009,28,2,11,2,3.1
11817,628596,28,102,14,2,14.2
11818,628597,28,107,14,2,20.0
11819,628538,28,119,16,2,25.8
11820,628545,28,103,16,2,8.8
11821,336661,30,97,5,2,21.14
11822,628902,28,115,9,2,54.8
11823,179726,29,121,1,2,13.1
11824,629013,28,122,11,2,4.0
11825,629020,28,117,11,2,1.0
11826,628503,28,138,8,2,32.9
11827,334075,30,130,4,2,7.29
11828,629021,28,109,11,2,2.3
11829,628956,28,133,10,2,53.8
11830,179822,29,121,2,2,0.1
11831,179838,29,110,2,2,0.2
11832,629004,28,133,12,2,15.0
11833,628941,28,116,10,2,21.5
11834,334300,30,12,4,2,8.88
11835,628908,28,133,9,2,78.7
11836,628952,28,121,10,2,49.0
11837,336832,30,23,5,2,19.26
11838,628406,28,140,15,2,34.7
11839,336541,30,140,5,2,21.27
11840,179777,29,115,3,2,3.1
11841,628446,28,101,7,2,124.6
11842,179796,29,108,3,2,8.8
11843,179801,29,124,3,2,8.3
11844,179802,29,135,3,2,14.1
11845,628526,28,130,8,2,9.2
11846,179818,29,129,2,2,0.0
11847,179849,29,124,2,2,1.2
11848,336493,30,125,5,2,19.52
11849,628527,28,65,8,2,34.6
11850,334354,30,52,4,2,7.8
11851,628598,28,140,14,2,21.0
11852,628926,28,101,10,2,100.2
11853,628516,28,100,8,2,4.9
11854,628405,28,107,15,2,53.1
11855,336502,30,108,5,2,21.84
11856,336715,30,89,5,2,21.57
11857,628488,28,126,8,2,44.6
11858,628385,28,2,15,2,38.3
11859,334357,30,59,4,2,7.29
11860,179771,29,104,3,2,0.0
11861,628409,28,111,15,2,54.2
11862,628386,28,3,15,2,38.0
11863,336895,30,59,5,2,11.81
11864,628407,28,138,15,2,33.2
11865,179722,29,129,1,2,6.1
11866,179857,29,3,2,2,3.7
11867,336823,30,10,5,2,19.1
11868,334066,30,127,4,2,8.34
11869,334117,30,73,4,2,7.72
11870,179791,29,125,3,2,1.6
11871,179804,29,106,3,2,36.4
11872,334282,30,6,4,2,8.42
11873,629031,28,138,11,2,3.6
11874,628532,28,5,16,2,15.0
11875,628965,28,122,12,2,15.1
11876,336853,30,33,5,2,20.98
11877,336727,30,38,5,2,24.3
11878,334288,30,11,4,2,8.49
11879,628604,28,106,14,2,11.7
11880,334261,30,8,4,2,9.03
11881,336595,30,121,5,2,18.42
11882,628998,28,115,12,2,13.8
11883,336592,30,132,5,2,18.68
11884,336643,30,69,5,2,19.74
11885,628993,28,123,12,2,6.4
11886,336532,30,104,5,2,16.52
11887,629041,28,123,11,2,2.3
11888,336565,30,118,5,2,26.27
11889,334318,30,21,4,2,8.7
11890,628403,28,104,15,2,40.0
11891,334315,30,33,4,2,8.34
11892,336874,30,54,5,2,18.17
11893,334180,30,65,4,2,8.5604
11894,628587,28,120,14,2,24.3
11895,629033,28,111,11,2,9.1
11896,629017,28,108,11,2,9.8
11897,629035,28,136,11,2,0.7
11898,629015,28,114,11,2,10.0
11899,629022,28,101,11,2,5.4
11900,629024,28,134,11,2,2.9
11901,336559,30,106,5,2,29.17
11902,628489,28,108,8,2,87.1
11903,334048,30,128,4,2,8.51
11904,628517,28,128,8,2,12.8
11905,336475,30,1,5,2,19.97
11906,628487,28,114,8,2,64.1
11907,336529,30,110,5,2,19.72
11908,333982,30,112,4,2,8.72
11909,628551,28,138,16,2,10.3
11910,628616,28,121,14,2,19.4
11911,179749,29,114,1,2,65.0
11912,629162,28,119,13,2,3.9
11913,333961,30,126,4,2,8.93
11914,179845,29,114,2,2,2.3
11915,628623,28,65,14,2,17.0
11916,628974,28,101,12,2,33.9
11917,628575,28,65,16,2,11.8
11918,336724,30,29,5,2,26.31
11919,628878,28,101,9,2,173.9
11920,628891,28,136,9,2,24.6
11921,628985,28,111,12,2,36.9
11922,628889,28,111,9,2,262.3
11923,334120,30,99,4,2,9.61
11924,179748,29,108,1,2,56.0
11925,334291,30,16,4,2,7.62
11926,336760,30,32,5,2,20.85
11927,628579,28,4,14,2,15.5
11928,179844,29,108,2,2,1.3
11929,336835,30,51,5,2,17.4
11930,628533,28,122,16,2,14.8
11931,336586,30,128,5,2,19.25
11932,629011,28,4,11,2,2.6
11933,334351,30,55,4,2,8.15
11934,333979,30,101,4,2,8.87
11935,334240,30,49,4,2,9.16
11936,334303,30,18,4,2,8.73
11937,334270,30,44,4,2,9.91
11938,628549,28,107,16,2,14.7
11939,628613,28,128,14,2,14.5
11940,336508,30,120,5,2,20.91
11941,334201,30,61,4,2,9.77
11942,629047,28,132,11,2,2.8
11943,628601,28,111,14,2,25.5
11944,628603,28,136,14,2,11.0
11945,628509,28,116,8,2,16.5
11946,336739,30,61,5,2,23.85
11947,628498,28,110,8,2,41.9
11948,628454,28,140,7,2,107.9
11949,334153,30,90,4,2,7.9
11950,629050,28,129,11,2,4.8
11951,628559,28,135,16,2,10.7
11952,629158,28,125,13,2,6.2
11953,629049,28,131,11,2,3.0
11954,628511,28,135,8,2,31.6
11955,336706,30,66,5,2,17.89
11956,628512,28,124,8,2,19.2
11957,336687,27,92,5,2,24.5
11958,336813,27,57,5,2,25.46
11959,336486,27,4,5,2,23.93
11960,336792,27,63,5,2,22.72
11961,334326,27,47,4,2,9.17
11962,336696,27,88,5,2,20.67
11963,336726,27,29,5,2,30.18
11964,334119,27,73,4,2,8.1
11965,336795,27,28,5,2,26.81
11966,336798,27,27,5,2,27.38
11967,334260,27,27,4,2,10.03
11968,336777,27,36,5,2,24.41
11969,336615,27,130,5,2,18.29
11970,334083,27,84,4,2,10.14
11971,336864,27,47,5,2,25.25
11972,333942,27,2,4,2,9.03
11973,336495,27,125,5,2,23.37
11974,336543,27,140,5,2,26.59
11975,334218,27,62,4,2,10.31
11976,333966,27,108,4,2,10.65
11977,334065,27,129,4,2,7.4
11978,336621,27,84,5,2,23.37
11979,336840,27,12,5,2,25.85
11980,334086,27,79,4,2,10.16
11981,334338,27,54,4,2,8.3
11982,334332,27,31,4,2,8.76
11983,334221,27,43,4,2,10.81
11984,334032,27,135,4,2,10.46
11985,336576,27,123,5,2,26.22
11986,334359,27,59,4,2,8.06
11987,333990,27,103,4,2,8.7
11988,333972,27,120,4,2,10.51
11989,334116,27,68,4,2,8.48
11990,334317,27,33,4,2,9.15
11991,336585,27,100,5,2,22.34
11992,336897,27,59,5,2,18.2
11993,336867,27,25,5,2,23.97
11994,334014,27,111,4,2,10.33
11995,336480,27,2,5,2,25.26
11996,336684,27,87,5,2,24.7
11997,334110,27,75,4,2,8.84
11998,334173,27,85,4,2,8.57
11999,334251,27,41,4,2,9.9
12000,334140,27,98,4,2,9.87
12001,336888,27,50,5,2,20.58
12002,336858,27,21,5,2,26.92
12003,336504,27,108,5,2,25.56
12004,336855,27,33,5,2,25.94
12005,336822,27,6,5,2,25.17
12006,336735,27,39,5,2,35.01
12007,336729,27,38,5,2,28.66
12008,336828,27,11,5,2,25.93
12009,334323,27,48,4,2,9.45
12010,336678,27,98,5,2,26.21
12011,334344,27,34,4,2,8.6
12012,334008,27,138,4,2,10.29
12013,334287,27,10,4,2,8.37
12014,336477,27,1,5,2,23.92
12015,334281,27,53,4,2,8.94
12016,336648,27,75,5,2,25.7
12017,334341,27,7,4,2,8.8
12018,334215,27,19,4,2,10.32
12019,336717,27,89,5,2,25.54
12020,336660,27,99,5,2,26.59
12021,334134,27,96,4,2,10.57
12022,333969,27,119,4,2,10.55
12023,333984,27,112,4,2,9.12
12024,334128,27,71,4,2,10.23
12025,336783,27,45,5,2,24.41
12026,336753,27,19,5,2,26.86
12027,336816,27,17,5,2,26.73
12028,336555,27,137,5,2,27.42
12029,334188,27,29,4,2,11.05
12030,334035,27,124,4,2,10.94
12031,336693,27,90,5,2,22.67
12032,333975,27,117,4,2,10.85
12033,336612,27,141,5,2,19.93
12034,334023,27,106,4,2,12.11
12035,336765,27,42,5,2,25.23
12036,336537,27,102,5,2,24.9
12037,334152,27,81,4,2,8.63
12038,336702,27,72,5,2,31.49
12039,336483,27,3,5,2,28.69
12040,334092,27,80,4,2,10.85
12041,336513,27,117,5,2,26.82
12042,336789,27,41,5,2,23.64
12043,336588,27,128,5,2,24.7
12044,334176,27,91,4,2,8.31
12045,336540,27,107,5,2,23.96
12046,336528,27,103,5,2,25.8
12047,336747,27,40,5,2,26.47
12048,334122,27,99,4,2,9.96
12049,334089,27,86,4,2,9.87
12050,334257,27,28,4,2,10.91
12051,336501,27,126,5,2,23.7
12052,336630,27,80,5,2,26.82
12053,336810,27,44,5,2,26.63
12054,334062,27,131,4,2,8.23
12055,333951,27,5,4,2,8.39
12056,334200,27,56,4,2,11.92
12057,334056,27,132,4,2,8.51
12058,334047,27,100,4,2,8.81
12059,334230,27,30,4,2,10.67
12060,334314,27,64,4,2,10.9
12061,336633,27,74,5,2,27.03
12062,334224,27,32,4,2,10.76
12063,336681,27,78,5,2,24.0
12064,336705,27,94,5,2,29.44
12065,336732,27,15,5,2,30.68
12066,334353,27,55,4,2,8.72
12067,336720,27,65,5,2,23.7404
12068,334335,27,35,4,2,8.82
12069,336849,27,37,5,2,25.43
12070,333999,27,102,4,2,8.48
12071,334149,27,92,4,2,8.51
12072,334098,27,67,4,2,9.14
12073,336786,27,58,5,2,23.17
12074,333978,27,109,4,2,10.05
12075,334266,27,13,4,2,9.37
12076,334191,27,38,4,2,10.3
12077,336663,27,97,5,2,24.58
12078,334254,27,63,4,2,10.09
12079,334104,27,93,4,2,9.64
12080,334053,27,115,4,2,8.81
12081,336750,27,14,5,2,26.84
12082,334248,27,58,4,2,9.89
12083,336567,27,118,5,2,30.19
12084,336546,27,138,5,2,24.58
12085,334311,27,37,4,2,9.74
12086,334356,27,52,4,2,8.51
12087,336852,27,64,5,2,26.28
12088,336885,27,46,5,2,22.77
12089,336738,27,56,5,2,32.43
12090,336657,27,73,5,2,23.96
12091,334146,27,87,4,2,9.09
12092,334041,27,139,4,2,9.87
12093,334308,27,24,4,2,8.35
12094,336774,27,9,5,2,25.18
12095,334161,27,95,4,2,11.75
12096,334233,27,26,4,2,10.85
12097,336639,27,77,5,2,24.99
12098,334302,27,12,4,2,9.21
12099,336870,27,31,5,2,23.58
12100,334029,27,118,4,2,11.01
12101,336759,27,43,5,2,25.9
12102,336708,27,66,5,2,23.0
12103,333945,27,3,4,2,10.93
12104,333963,27,126,4,2,9.87
12105,334164,27,72,4,2,11.74
12106,334044,27,113,4,2,9.23
12107,334269,27,20,4,2,9.05
12108,334242,27,49,4,2,10.15
12109,334194,27,15,4,2,11.52
12110,334278,27,17,4,2,9.15
12111,334272,27,44,4,2,10.03
12112,336894,27,52,5,2,19.58
12113,336762,27,32,5,2,25.17
12114,336582,27,113,5,2,24.01
12115,334320,27,21,4,2,9.46
12116,334011,27,105,4,2,10.23
12117,336549,27,105,5,2,26.74
12118,336498,27,114,5,2,23.33
12119,334284,27,6,4,2,8.74
12120,336489,27,5,5,2,19.75
12121,334113,27,70,4,2,8.39
12122,336741,27,61,5,2,27.42
12123,334038,27,123,4,2,10.44
12124,336507,27,119,5,2,26.0
12125,334236,27,9,4,2,10.44
12126,336669,27,76,5,2,26.96
12127,334026,27,116,4,2,12.55
12128,336807,27,20,5,2,24.66
12129,334017,27,137,4,2,10.57
12130,336492,27,122,5,2,21.19
12131,333960,27,114,4,2,10.16
12132,333987,27,134,4,2,9.64
12133,334002,27,107,4,2,8.1
12134,336831,27,16,5,2,23.05
12135,336771,27,26,5,2,26.18
12136,336552,27,111,5,2,26.96
12137,334290,27,11,4,2,8.73
12138,334329,27,25,4,2,9.27
12139,333948,27,4,4,2,8.89
12140,334050,27,128,4,2,9.09
12141,336558,27,136,5,2,29.21
12142,336522,27,112,5,2,24.99
12143,334077,27,130,4,2,8.05
12144,336861,27,48,5,2,24.87
12145,336804,27,13,5,2,25.82
12146,336591,27,115,5,2,23.98
12147,336843,27,18,5,2,25.82
12148,334293,27,16,4,2,8.04
12149,336525,27,134,5,2,25.37
12150,334209,27,40,4,2,10.31
12151,336519,27,101,5,2,26.39
12152,336603,27,129,5,2,20.67
12153,334107,27,69,4,2,8.7
12154,334197,27,39,4,2,13.2
12155,334137,27,83,4,2,10.44
12156,336636,27,67,5,2,26.39
12157,336666,27,71,5,2,26.74
12158,334185,27,22,4,2,10.98
12159,336531,27,110,5,2,25.7
12160,336564,27,116,5,2,33.9
12161,336510,27,120,5,2,25.21
12162,336834,27,23,5,2,25.35
12163,336579,27,139,5,2,26.21
12164,333981,27,101,4,2,9.14
12165,336627,27,86,5,2,23.7
12166,336891,27,55,5,2,22.47
12167,334059,27,121,4,2,8.63
12168,336672,27,96,5,2,27.42
12169,333996,27,104,4,2,8.39
12170,336573,27,124,5,2,30.29
12171,336654,27,68,5,2,24.9
12172,336711,27,85,5,2,21.77
12173,336744,27,60,5,2,29.3
12174,336882,27,34,5,2,24.09
12175,336600,27,131,5,2,22.67
12176,336618,27,82,5,2,21.19
12177,336837,27,51,5,2,24.25
12178,334206,27,60,4,2,11.07
12179,334212,27,14,4,2,10.18
12180,336516,27,109,5,2,27.03
12181,334074,27,141,4,2,8.75
12182,336624,27,79,5,2,23.33
12183,336714,27,91,5,2,18.89
12184,334170,27,66,4,2,8.82
12185,334125,27,97,4,2,10.29
12186,334158,27,88,4,2,7.4
12187,336561,27,106,5,2,32.14
12188,336876,27,54,5,2,24.13
12189,336534,27,104,5,2,23.07
12190,336801,27,8,5,2,26.6
12191,336879,27,7,5,2,22.67
12192,334182,27,65,4,2,9.1446
12193,334101,27,77,4,2,9.12
12194,334227,27,42,4,2,10.26
12195,336651,27,70,5,2,23.07
12196,334155,27,90,4,2,8.23
12197,336723,27,22,5,2,30.4
12198,334095,27,74,4,2,10.05
12199,334305,27,18,4,2,8.98
12200,336873,27,35,5,2,25.06
12201,336645,27,69,5,2,25.8
12202,336780,27,49,5,2,21.2
12203,333954,27,122,4,2,10.16
12204,334005,27,140,4,2,9.96
12205,334020,27,136,4,2,11.05
12206,336846,27,24,5,2,23.19
12207,334071,27,133,4,2,8.36
12208,334296,27,23,4,2,8.68
12209,334263,27,8,4,2,9.31
12210,336606,27,127,5,2,22.69
12211,334179,27,89,4,2,10.57
12212,334080,27,82,4,2,10.16
12213,336642,27,93,5,2,25.37
12214,334167,27,94,4,2,10.61
12215,334275,27,57,4,2,9.73
12216,336609,27,133,5,2,21.27
12217,334245,27,45,4,2,9.95
12218,336819,27,53,5,2,26.38
12219,334239,27,36,4,2,10.37
12220,336825,27,10,5,2,25.52
12221,336768,27,30,5,2,26.09
12222,334299,27,51,4,2,8.12
12223,336675,27,83,5,2,26.22
12224,334350,27,50,4,2,7.39
12225,336756,27,62,5,2,24.14
12226,336597,27,121,5,2,23.94
12227,334131,27,76,4,2,10.33
12228,336594,27,132,5,2,24.5
12229,334143,27,78,4,2,9.23
12230,336699,27,95,5,2,31.41
12231,334068,27,127,4,2,8.97
12232,333957,27,125,4,2,10.14
12233,336690,27,81,5,2,23.94
12234,336570,27,135,5,2,29.06
12235,333939,27,1,4,2,10.21
12236,333993,27,110,4,2,8.84
12237,334203,27,61,4,2,10.56
12238,334347,27,46,4,2,8.23
12239,213436,26,16,5,2,10.71
12240,213932,26,29,4,2,10.82
12241,211378,26,4,5,2,13.66
12242,213955,26,28,4,2,10.46
12243,213407,26,60,5,2,23.64
12244,213948,26,9,4,2,9.07
12245,213933,26,38,4,2,10.04
12246,213450,26,35,5,2,14.65
12247,213452,26,7,5,2,12.99
12248,213420,26,45,5,2,15.76
12249,213408,26,40,5,2,19.28
12250,213981,26,35,4,2,8.28
12251,213983,26,7,4,2,7.94
12252,211681,26,95,5,2,27.28
12253,212794,26,122,4,2,8.65
12254,212455,26,133,5,2,10.62
12255,213447,26,47,5,2,15.65
12256,212456,26,141,5,2,9.91
12257,213449,26,31,5,2,13.67
12258,211964,26,80,4,2,10.37
12259,212804,26,112,4,2,8.08
12260,211968,26,93,4,2,9.45
12261,213940,26,14,4,2,9.05
12262,216619,26,55,6,2,30.32
12263,216373,26,30,6,2,29.76
12264,216523,26,18,6,2,31.23
12265,216439,26,8,6,2,29.89
12266,211977,26,76,4,2,9.27
12267,211992,26,91,4,2,7.77
12268,216457,26,44,6,2,29.68
12269,216559,26,48,6,2,31.54
12270,216451,26,20,6,2,32.3
12271,211665,26,70,5,2,11.12
12272,211663,26,69,5,2,15.11
12273,221932,26,92,6,2,32.51
12274,213411,26,62,5,2,16.63
12275,216601,26,34,6,2,32.84
12276,216493,26,11,6,2,30.6
12277,216481,26,6,6,2,30.66
12278,211668,26,99,5,2,17.0
12279,221956,26,95,6,2,24.89
12280,221830,26,67,6,2,30.33
12281,213939,26,40,4,2,9.17
12282,211667,26,73,5,2,11.77
12283,213977,26,48,4,2,8.87
12284,211971,26,70,4,2,8.24
12285,211972,26,68,4,2,8.27
12286,211974,26,99,4,2,9.63
12287,221818,26,80,6,2,30.47
12288,221926,26,87,6,2,31.33
12289,221890,26,71,6,2,28.58
12290,212834,26,141,4,2,8.12
12291,221812,26,86,6,2,31.93
12292,212823,26,139,4,2,9.05
12293,212833,26,133,4,2,7.89
12294,212795,26,125,4,2,8.71
12295,212801,26,117,4,2,10.37
12296,211978,26,96,4,2,9.79
12297,212426,26,112,5,2,14.16
12298,216607,26,46,6,2,33.72
12299,216511,26,51,6,2,32.4
12300,221908,26,83,6,2,30.71
12301,221836,26,77,6,2,31.97
12302,221902,26,96,6,2,27.4
12303,221806,26,79,6,2,30.7
12304,216475,26,53,6,2,30.26
12305,211655,26,84,5,2,15.4
12306,221824,26,74,6,2,29.32
12307,221794,26,82,6,2,30.45
12308,221914,26,98,6,2,30.87
12309,213444,26,33,5,2,16.57
12310,212810,26,107,4,2,7.99
12311,212820,26,135,4,2,10.2
12312,221842,26,93,6,2,30.6
12313,211993,26,89,4,2,9.26
12314,211979,26,83,4,2,9.59
12315,216499,26,16,6,2,33.22
12316,213937,26,61,4,2,9.79
12317,213949,26,36,4,2,9.0
12318,212446,26,113,5,2,14.58
12319,212816,26,136,4,2,10.43
12320,222532,26,137,6,2,27.4
12321,211420,26,1,4,2,8.85
12322,212449,26,115,5,2,14.13
12323,212827,26,115,4,2,8.01
12324,212813,26,105,4,2,9.12
12325,212419,26,126,5,2,14.96
12326,213418,26,36,5,2,17.08
12327,216343,26,19,6,2,28.97
12328,216487,26,10,6,2,31.52
12329,216409,26,58,6,2,32.5
12330,213975,26,33,4,2,8.2
12331,213958,26,13,4,2,9.03
12332,216571,26,25,6,2,32.01
12333,213431,26,17,5,2,17.13
12334,213953,26,41,4,2,8.53
12335,213935,26,39,4,2,13.17
12336,213951,26,45,4,2,8.63
12337,213942,26,62,4,2,8.94
12338,211379,26,5,5,2,9.26
12339,213962,26,17,4,2,9.02
12340,222634,26,127,6,2,30.23
12341,222406,26,122,6,2,30.45
12342,222472,26,134,6,2,30.6
12343,222418,26,114,6,2,30.7
12344,211963,26,86,4,2,8.55
12345,213944,26,32,4,2,9.45
12346,222610,26,132,6,2,32.51
12347,222442,26,120,6,2,31.41
12348,219970,26,1,6,2,31.15
12349,222484,26,110,6,2,30.94
12350,219976,26,2,6,2,31.29
12351,222556,26,118,6,2,26.66
12352,222562,26,135,6,2,26.93
12353,222496,26,102,6,2,31.32
12354,216325,26,60,6,2,26.6
12355,216505,26,23,6,2,30.73
12356,216319,26,61,6,2,27.4
12357,216391,26,36,6,2,30.26
12358,216313,26,56,6,2,24.05
12359,216397,26,49,6,2,30.51
12360,216385,26,9,6,2,30.34
12361,216565,26,47,6,2,30.64
12362,222454,26,109,6,2,29.32
12363,222604,26,115,6,2,31.8
12364,222544,26,106,6,2,24.61
12365,222412,26,125,6,2,31.49
12366,216361,26,32,6,2,31.65
12367,216427,26,28,6,2,30.48
12368,216289,26,29,6,2,26.46
12369,216355,26,43,6,2,30.46
12370,216541,26,64,6,2,30.95
12371,213938,26,60,4,2,10.46
12372,213957,26,8,4,2,9.09
12373,213971,26,18,4,2,8.86
12374,213960,26,44,4,2,9.86
12375,213950,26,49,4,2,8.65
12376,212430,26,104,5,2,11.12
12377,212420,26,108,5,2,17.79
12378,211674,26,98,5,2,16.64
12379,211376,26,2,5,2,14.54
12380,222460,26,101,6,2,30.33
12381,222652,26,130,6,2,31.96
12382,222592,26,100,6,2,32.26
12383,216613,26,50,6,2,36.31
12384,216463,26,57,6,2,30.55
12385,212809,26,102,4,2,8.27
12386,212831,26,129,4,2,7.37
12387,212835,26,130,4,2,7.57
12388,212800,26,120,4,2,7.64
12389,212822,26,123,4,2,9.59
12390,212417,26,125,5,2,15.4
12391,212441,26,118,5,2,23.91
12392,213970,26,12,4,2,8.99
12393,213946,26,30,4,2,9.39
12394,211666,26,68,5,2,13.79
12395,211659,26,74,5,2,17.79
12396,212442,26,135,5,2,22.11
12397,212428,26,103,5,2,15.11
12398,212802,26,109,4,2,9.87
12399,211664,26,75,5,2,15.06
12400,213401,26,29,5,2,24.02
12401,213443,26,64,5,2,16.7
12402,213400,26,22,5,2,25.15
12403,212437,26,137,5,2,20.87
12404,212433,26,140,5,2,17.0
12405,212798,26,108,4,2,9.29
12406,212824,26,113,4,2,8.19
12407,212796,26,114,4,2,8.76
12408,211675,26,78,5,2,14.58
12409,211656,26,79,5,2,15.79
12410,212825,26,100,4,2,7.96
12411,211662,26,93,5,2,15.23
12412,211986,26,88,4,2,7.37
12413,211671,26,76,5,2,19.16
12414,216517,26,12,6,2,31.19
12415,211661,26,77,5,2,14.16
12416,213956,26,27,4,2,9.86
12417,221920,26,78,6,2,32.01
12418,213440,26,18,5,2,15.04
12419,213441,26,24,5,2,11.2
12420,213426,26,8,5,2,17.11
12421,212444,26,123,5,2,16.92
12422,213414,26,42,5,2,17.28
12423,212416,26,122,5,2,13.55
12424,211423,26,4,4,2,8.23
12425,213969,26,51,4,2,8.03
12426,213961,26,57,4,2,9.55
12427,212438,26,136,5,2,23.49
12428,213403,26,15,5,2,25.35
12429,212422,26,120,5,2,16.43
12430,212803,26,101,4,2,8.97
12431,213974,26,64,4,2,10.17
12432,213442,26,37,5,2,16.08
12433,221866,26,68,6,2,31.32
12434,221878,26,99,6,2,30.41
12435,213424,26,28,5,2,17.27
12436,212453,26,129,5,2,7.44
12437,212431,26,102,5,2,13.79
12438,219697,26,65,6,2,31.37
12439,211330,26,65,5,2,13.91
12440,213417,26,9,5,2,17.33
12441,212418,26,114,5,2,15.79
12442,212815,26,137,4,2,9.79
12443,211424,26,5,4,2,7.85
12444,212811,26,140,4,2,10.93
12445,213945,26,42,4,2,8.94
12446,213451,26,54,5,2,12.93
12447,212797,26,126,4,2,8.55
12448,216367,26,42,6,2,30.31
12449,213952,26,58,4,2,8.56
12450,213973,26,37,4,2,8.76
12451,216535,26,37,6,2,31.14
12452,216625,26,52,6,2,31.61
12453,216589,26,54,6,2,33.05
12454,222574,26,123,6,2,30.71
12455,213964,26,6,4,2,8.51
12456,213415,26,30,5,2,18.47
12457,221992,26,89,6,2,30.58
12458,221938,26,81,6,2,32.63
12459,213985,26,46,4,2,7.74
12460,213931,26,22,4,2,10.92
12461,216445,26,13,6,2,30.98
12462,216553,26,21,6,2,30.5
12463,216631,26,59,6,2,31.89
12464,216547,26,33,6,2,30.81
12465,221980,26,85,6,2,30.82
12466,221968,26,94,6,2,26.63
12467,213966,26,11,4,2,8.63
12468,213984,26,34,4,2,8.11
12469,212434,26,138,5,2,17.09
12470,213421,26,58,5,2,14.33
12471,212812,26,138,4,2,8.88
12472,212806,26,103,4,2,8.6
12473,216583,26,35,6,2,31.71
12474,216415,26,41,6,2,31.37
12475,212799,26,119,4,2,9.27
12476,216403,26,45,6,2,31.34
12477,216331,26,40,6,2,28.54
12478,216595,26,7,6,2,32.27
12479,211687,26,89,5,2,17.35
12480,211678,26,81,5,2,13.5
12481,213402,26,38,5,2,21.27
12482,212808,26,104,4,2,8.24
12483,212818,26,116,4,2,12.38
12484,213404,26,39,5,2,34.36
12485,212826,26,128,4,2,8.49
12486,212805,26,134,4,2,9.45
12487,216577,26,31,6,2,31.68
12488,216469,26,17,6,2,29.83
12489,222616,26,121,6,2,32.63
12490,222622,26,131,6,2,33.6
12491,212814,26,111,4,2,8.88
12492,211677,26,92,5,2,13.61
12493,222586,26,113,6,2,32.01
12494,222646,26,141,6,2,31.13
12495,213437,26,23,5,2,14.6
12496,213980,26,31,4,2,8.03
12497,222580,26,139,6,2,30.87
12498,213965,26,10,4,2,8.22
12499,213963,26,53,4,2,8.84
12500,221860,26,70,6,2,33.25
12501,221848,26,69,6,2,30.68
12502,211680,26,88,5,2,7.44
12503,216349,26,62,6,2,29.67
12504,222640,26,133,6,2,31.14
12505,221872,26,73,6,2,32.61
12506,221950,26,88,6,2,36.25
12507,216421,26,63,6,2,31.44
12508,212421,26,119,5,2,18.26
12509,212432,26,107,5,2,11.77
12510,211685,26,85,5,2,11.49
12511,221800,26,84,6,2,31.49
12512,221896,26,76,6,2,28.92
12513,221962,26,72,6,2,25.29
12514,212436,26,111,5,2,19.16
12515,211973,26,73,4,2,7.99
12516,213434,26,10,5,2,14.23
12517,213432,26,53,5,2,16.45
12518,213422,26,41,5,2,15.44
12519,212440,26,116,5,2,31.56
12520,221986,26,91,6,2,31.65
12521,213978,26,47,4,2,8.48
12522,211669,26,97,5,2,17.09
12523,211654,26,82,5,2,13.55
12524,211676,26,87,5,2,14.62
12525,222520,26,105,6,2,28.58
12526,213947,26,26,4,2,9.5
12527,212830,26,131,4,2,7.72
12528,221854,26,75,6,2,30.94
12529,212427,26,134,5,2,15.23
12530,212807,26,110,4,2,8.74
12531,212828,26,132,4,2,8.06
12532,211658,26,80,5,2,17.27
12533,222598,26,128,6,2,31.33
12534,211982,26,87,4,2,8.49
12535,221884,26,97,6,2,29.52
12536,211660,26,67,5,2,16.51
12537,211686,26,91,5,2,8.32
12538,222628,26,129,6,2,36.25
12539,219982,26,3,6,2,27.0
12540,222478,26,103,6,2,30.68
12541,211983,26,92,4,2,8.06
12542,212435,26,105,5,2,19.54
12543,211966,26,67,4,2,8.97
12544,213406,26,61,5,2,20.86
12545,211967,26,77,4,2,8.78
12546,213433,26,6,5,2,14.51
12547,213435,26,11,5,2,15.37
12548,213453,26,34,5,2,13.55
12549,216283,26,22,6,2,26.1
12550,213454,26,46,5,2,12.11
12551,211984,26,81,4,2,8.1
12552,216379,26,26,6,2,29.69
12553,216307,26,39,6,2,21.79
12554,213446,26,48,5,2,14.61
12555,213416,26,26,5,2,18.83
12556,216301,26,15,6,2,26.12
12557,222430,26,108,6,2,30.07
12558,213430,26,57,5,2,15.3
12559,216529,26,24,6,2,33.12
12560,216295,26,38,6,2,27.34
12561,213982,26,54,4,2,7.91
12562,216433,26,27,6,2,28.9
12563,212452,26,131,5,2,12.08
12564,212454,26,127,5,2,13.12
12565,211683,26,94,5,2,23.06
12566,213456,26,55,5,2,12.52
12567,213413,26,32,5,2,16.33
12568,211991,26,85,4,2,8.04
12569,211989,26,94,4,2,10.43
12570,222514,26,138,6,2,29.52
12571,213457,26,52,5,2,9.15
12572,213968,26,23,4,2,8.61
12573,213987,26,55,4,2,8.16
12574,213988,26,52,4,2,7.93
12575,211339,26,65,4,2,8.53
12576,213976,26,21,4,2,8.66
12577,212429,26,110,5,2,15.06
12578,212450,26,132,5,2,13.61
12579,212451,26,121,5,2,13.5
12580,213445,26,21,5,2,17.64
12581,213954,26,63,4,2,8.64
12582,219988,26,4,6,2,32.43
12583,212832,26,127,4,2,8.32
12584,216337,26,14,6,2,28.65
12585,213458,26,59,5,2,7.32
12586,211969,26,69,4,2,8.6
12587,213427,26,13,5,2,15.87
12588,213989,26,59,4,2,7.59
12589,213409,26,14,5,2,19.66
12590,213423,26,63,5,2,14.83
12591,222490,26,104,6,2,33.25
12592,211961,26,84,4,2,8.71
12593,211975,26,97,4,2,8.96
12594,211682,26,72,5,2,26.92
12595,211987,26,95,4,2,11.35
12596,211988,26,72,4,2,11.48
12597,213425,26,27,5,2,18.58
12598,222424,26,126,6,2,31.93
12599,212445,26,139,5,2,16.64
12600,212829,26,121,4,2,8.1
12601,211657,26,86,5,2,14.96
12602,213448,26,25,5,2,14.52
12603,213455,26,50,5,2,7.33
12604,211670,26,71,5,2,19.54
12605,213959,26,20,4,2,8.73
12606,213428,26,20,5,2,13.71
12607,213943,26,43,4,2,9.57
12608,213412,26,43,5,2,17.46
12609,213405,26,56,5,2,28.64
12610,213429,26,44,5,2,17.1
12611,213419,26,49,5,2,13.59
12612,222466,26,112,6,2,31.97
12613,219994,26,5,6,2,31.41
12614,222568,26,124,6,2,25.98
12615,222508,26,140,6,2,30.41
12616,211960,26,82,4,2,8.65
12617,211965,26,74,4,2,9.87
12618,211980,26,98,4,2,9.05
12619,211976,26,71,4,2,9.12
12620,213986,26,50,4,2,7.36
12621,213439,26,12,5,2,15.48
12622,222550,26,116,6,2,22.89
12623,212439,26,106,5,2,28.44
12624,211375,26,1,5,2,15.75
12625,213410,26,19,5,2,19.06
12626,212424,26,109,5,2,17.79
12627,222448,26,117,6,2,30.47
12628,212423,26,117,5,2,17.27
12629,211422,26,3,4,2,10.27
12630,211962,26,79,4,2,8.76
12631,211981,26,78,4,2,8.19
12632,211679,26,90,5,2,12.08
12633,222502,26,107,6,2,32.61
12634,213979,26,25,4,2,8.23
12635,221974,26,66,6,2,32.08
12636,212447,26,100,5,2,12.64
12637,222436,26,119,6,2,29.91
12638,222538,26,136,6,2,26.66
12639,211673,26,83,5,2,16.92
12640,222526,26,111,6,2,28.92
12641,212425,26,101,5,2,16.51
12642,212448,26,128,5,2,14.62
12643,212457,26,130,5,2,7.39
12644,211684,26,66,5,2,13.24
12645,211985,26,90,4,2,7.72
12646,211990,26,66,4,2,7.99
12647,213967,26,16,4,2,7.9
12648,213438,26,51,5,2,12.07
12649,211421,26,2,4,2,8.84
12650,212821,26,124,4,2,10.91
12651,213934,26,15,4,2,11.09
12652,213936,26,56,4,2,11.68
12653,211970,26,75,4,2,8.74
12654,212817,26,106,4,2,11.83
12655,213941,26,19,4,2,9.25
12656,212819,26,118,4,2,10.79
12657,213972,26,24,4,2,8.21
12658,211672,26,96,5,2,20.87
12659,211377,26,3,5,2,22.69
12660,212443,26,124,5,2,25.15
12661,221944,26,90,6,2,33.6
12662,799851,25,131,21,2,1.383016423
12663,799833,25,138,21,2,1.672514101
12664,799803,25,113,20,2,0.91896539
12665,799792,25,105,20,2,1.033408443
12666,799826,25,134,21,2,1.484163971
12667,799849,25,132,21,2,1.310108056
12668,799859,25,3,20,2,0.898073
12669,799860,25,4,20,2,0.835838
12670,799776,25,126,20,2,0.987732179
12671,799830,25,102,21,2,1.528550019
12672,799781,25,109,20,2,0.99727837
12673,799821,25,120,21,2,1.72533378
12674,799840,25,118,21,2,1.603648086
12675,799828,25,110,21,2,1.552608919
12676,799817,25,114,21,2,1.582647948
12677,799819,25,108,21,2,1.566469539
12678,799848,25,115,21,2,1.411547271
12679,799801,25,123,20,2,1.078476852
12680,799785,25,103,20,2,1.01333435
12681,799798,25,118,20,2,0.941088372
12682,799789,25,107,20,2,1.021871374
12683,799809,25,131,20,2,0.786633229
12684,799846,25,100,21,2,1.427744064
12685,799783,25,112,20,2,0.926427771
12686,799787,25,104,20,2,0.893418257
12687,799832,25,140,21,2,1.569725748
12688,799814,25,130,20,2,0.601659348
12689,799797,25,116,20,2,1.055641631
12690,799818,25,126,21,2,1.609386933
12691,799841,25,135,21,2,1.655044994
12692,799804,25,100,20,2,0.864875451
12693,799865,25,3,21,2,1.502881
12694,799799,25,135,20,2,1.02873087
12695,799855,25,141,21,2,1.317275506
12696,799845,25,113,21,2,1.487456075
12697,799800,25,124,20,2,0.854960622
12698,799790,25,140,20,2,0.990043072
12699,799802,25,139,20,2,1.082900746
12700,799829,25,104,21,2,1.485284249
12701,799861,25,5,20,2,0.618483
12702,799788,25,102,20,2,0.982472351
12703,799780,25,117,20,2,1.069523191
12704,799866,25,4,21,2,1.428624
12705,799837,25,136,21,2,1.733417367
12706,799863,25,1,21,2,1.60848
12707,799791,25,138,20,2,1.018010151
12708,799867,25,5,21,2,1.283186
12709,799836,25,137,21,2,1.609953172
12710,799794,25,137,20,2,0.956724623
12711,799812,25,133,20,2,0.681537384
12712,799810,25,129,20,2,0.573658504
12713,799843,25,123,21,2,1.741466734
12714,799853,25,127,21,2,1.357900535
12715,799795,25,136,20,2,1.048126153
12716,799834,25,105,21,2,1.714982152
12717,799844,25,139,21,2,1.739220438
12718,799831,25,107,21,2,1.596150486
12719,799777,25,108,20,2,0.977214616
12720,799825,25,112,21,2,1.506974231
12721,799806,25,115,20,2,0.866529557
12722,799775,25,114,20,2,0.964043941
12723,799852,25,129,21,2,1.086623632
12724,799856,25,130,21,2,1.269362282
12725,799824,25,101,21,2,1.569592412
12726,799835,25,111,21,2,1.724264271
12727,799805,25,128,20,2,0.998568288
12728,799782,25,101,20,2,0.981515744
12729,799793,25,111,20,2,1.047140273
12730,799850,25,121,21,2,1.376572779
12731,799784,25,134,20,2,0.892123903
12732,799858,25,2,20,2,0.911667
12733,799796,25,106,20,2,1.077311948
12734,799827,25,103,21,2,1.58232381
12735,799847,25,128,21,2,1.600413031
12736,799862,25,65,20,2,0.871137
12737,799778,25,119,20,2,1.081733049
12738,799820,25,119,21,2,1.727340714
12739,799808,25,121,20,2,0.80397314
12740,799868,25,65,21,2,1.489027
12741,799842,25,124,21,2,1.481061514
12742,799857,25,1,20,2,0.935807
12743,799786,25,110,20,2,0.959188056
12744,799774,25,125,20,2,0.933674632
12745,799822,25,117,21,2,1.668330929
12746,799823,25,109,21,2,1.610207053
12747,799811,25,127,20,2,0.694034504
12748,799773,25,122,20,2,0.903530237
12749,799838,25,106,21,2,1.734654443
12750,799815,25,122,21,2,1.528911328
12751,799807,25,132,20,2,0.814050258
12752,799816,25,125,21,2,1.540727456
12753,799864,25,2,21,2,1.550691
12754,799854,25,133,21,2,1.296787643
12755,799839,25,116,21,2,1.736315657
12756,799779,25,120,20,2,1.060250229
12757,799813,25,141,20,2,0.660120954
12758,212077,23,97,4,2,9.49
12759,212308,24,138,5,2,26.86
12760,213800,24,48,4,2,11.98
12761,213756,24,38,4,2,13.39
12762,213781,24,13,4,2,12.06
12763,214136,23,20,4,2,8.99
12764,213244,24,58,5,2,25.08
12765,213225,24,38,5,2,32.23
12766,212955,23,121,4,2,8.46
12767,211883,24,90,4,2,10.35
12768,212945,23,118,4,2,11.17
12769,211436,23,2,4,2,9.09
12770,212313,24,106,5,2,36.89
12771,211888,24,66,4,2,10.97
12772,212064,23,79,4,2,9.19
12773,212080,23,96,4,2,10.42
12774,212958,23,127,4,2,8.79
12775,212557,23,102,5,2,19.1
12776,211879,24,78,4,2,11.46
12777,212583,23,130,5,2,12.59
12778,211407,24,3,4,2,14.13
12779,212675,24,117,4,2,13.51
12780,211860,24,79,4,2,12.51
12781,211763,23,77,5,2,19.75
12782,214138,23,57,4,2,9.7
12783,214144,23,16,4,2,8.32
12784,212961,23,130,4,2,8.2
12785,211560,24,93,5,2,27.68
12786,213786,24,53,4,2,11.82
12787,214111,23,15,4,2,11.62
12788,212577,23,121,5,2,18.81
12789,212576,23,132,5,2,19.19
12790,214113,23,56,4,2,12.37
12791,213788,24,10,4,2,11.38
12792,212683,24,102,4,2,11.51
12793,211360,24,1,5,2,25.87
12794,213245,24,41,5,2,25.4
12795,213255,24,53,5,2,29.27
12796,213257,24,10,5,2,27.55
12797,213254,24,17,5,2,29.77
12798,213608,23,17,5,2,22.25
12799,212579,23,129,5,2,13.77
12800,212310,24,111,5,2,30.2
12801,213274,24,54,5,2,26.92
12802,214153,23,21,4,2,9.15
12803,211364,24,5,5,2,21.79
12804,212084,23,87,4,2,8.85
12805,211564,24,68,5,2,26.86
12806,213617,23,18,5,2,20.52
12807,212570,23,123,5,2,22.07
12808,211362,24,3,5,2,32.41
12809,213605,23,20,5,2,19.34
12810,213595,23,36,5,2,20.73
12811,212295,24,119,5,2,28.68
12812,212306,24,107,5,2,25.9
12813,211562,24,75,5,2,28.3
12814,213625,23,25,5,2,19.42
12815,213253,24,57,5,2,27.81
12816,213613,23,16,5,2,16.57
12817,213231,24,40,5,2,29.49
12818,213275,24,7,5,2,25.44
12819,212302,24,103,5,2,28.12
12820,213246,24,63,5,2,23.85
12821,213232,24,14,5,2,29.98
12822,213263,24,18,5,2,28.44
12823,211773,23,76,5,2,23.76
12824,212561,23,105,5,2,23.86
12825,212954,23,132,4,2,8.39
12826,212578,23,131,5,2,17.28
12827,212325,24,121,5,2,26.89
12828,212324,24,132,5,2,27.42
12829,212081,23,83,4,2,9.98
12830,213599,23,41,5,2,19.37
12831,212299,24,101,5,2,29.41
12832,214160,23,7,4,2,8.29
12833,211438,23,4,4,2,8.6
12834,212301,24,134,5,2,27.68
12835,212312,24,136,5,2,33.42
12836,213228,24,56,5,2,37.37
12837,212300,24,112,5,2,27.88
12838,213252,24,44,5,2,29.3
12839,213271,24,25,5,2,26.93
12840,212942,23,136,4,2,11.15
12841,211864,24,67,4,2,11.94
12842,212092,23,66,4,2,8.36
12843,213242,24,49,5,2,22.45
12844,214158,23,35,4,2,8.65
12845,213607,23,57,5,2,20.33
12846,214129,23,58,4,2,8.92
12847,213226,24,15,5,2,34.78
12848,213629,23,7,5,2,17.81
12849,213627,23,35,5,2,20.09
12850,212076,23,99,4,2,9.84
12851,212297,24,117,5,2,29.9
12852,212318,24,123,5,2,29.39
12853,212074,23,68,4,2,8.62
12854,212305,24,102,5,2,26.86
12855,212931,23,134,4,2,9.63
12856,213583,23,61,5,2,25.1
12857,211866,24,93,4,2,12.57
12858,214127,23,49,4,2,9.0
12859,212926,23,120,4,2,9.75
12860,213784,24,57,4,2,12.62
12861,212924,23,108,4,2,9.82
12862,213809,24,50,4,2,9.87
12863,213258,24,11,5,2,28.27
12864,212564,23,136,5,2,27.62
12865,213230,24,60,5,2,33.53
12866,212959,23,133,4,2,8.34
12867,212571,23,139,5,2,21.87
12868,212921,23,125,4,2,9.0
12869,211772,23,71,5,2,23.86
12870,211574,24,87,5,2,27.94
12871,212580,23,127,5,2,17.54
12872,212093,23,85,4,2,8.5
12873,211769,23,73,5,2,17.63
12874,212702,24,132,4,2,10.95
12875,212670,24,114,4,2,12.51
12876,213603,23,8,5,2,22.24
12877,212067,23,74,4,2,9.99
12878,212672,24,108,4,2,13.13
12879,211758,23,79,5,2,19.44
12880,211780,23,81,5,2,18.82
12881,211789,23,89,5,2,21.76
12882,213765,24,62,4,2,12.91
12883,213777,24,63,4,2,12.16
12884,213763,24,14,4,2,13.03
12885,213802,24,25,4,2,11.51
12886,213243,24,45,5,2,26.81
12887,212304,24,104,5,2,25.35
12888,212957,23,129,4,2,7.69
12889,211336,24,65,4,2,11.88
12890,212937,23,140,4,2,9.84
12891,214108,23,22,4,2,11.37
12892,212940,23,111,4,2,9.84
12893,214133,23,27,4,2,10.01
12894,211880,24,87,4,2,11.63
12895,211342,23,65,4,2,8.93
12896,212941,23,137,4,2,10.42
12897,213634,23,52,5,2,13.98
12898,212930,23,112,4,2,9.04
12899,211333,23,65,5,2,18.89
12900,213256,24,6,5,2,27.2
12901,211874,24,71,4,2,13.1
12902,211786,23,66,5,2,18.17
12903,214165,23,52,4,2,8.49
12904,213276,24,34,5,2,27.0
12905,214164,23,55,4,2,8.61
12906,212563,23,137,5,2,25.1
12907,214148,23,18,4,2,9.07
12908,212565,23,106,5,2,31.9
12909,214149,23,24,4,2,8.46
12910,213793,24,12,4,2,11.91
12911,212669,24,125,4,2,12.2
12912,213633,23,55,5,2,17.12
12913,211767,23,70,5,2,17.0
12914,211871,24,73,4,2,11.04
12915,212091,23,94,4,2,10.79
12916,213604,23,13,5,2,21.2
12917,211858,24,82,4,2,12.45
12918,212934,23,104,4,2,8.48
12919,213590,23,32,5,2,21.02
12920,214151,23,64,4,2,10.5
12921,212314,24,116,5,2,39.35
12922,212949,23,139,4,2,9.47
12923,212291,24,125,5,2,24.6
12924,213787,24,6,4,2,11.78
12925,211785,23,94,5,2,27.21
12926,212088,23,88,4,2,7.69
12927,213797,24,64,4,2,13.5
12928,212581,23,133,5,2,15.53
12929,212960,23,141,4,2,8.68
12930,213601,23,28,5,2,22.43
12931,213619,23,37,5,2,21.21
12932,212071,23,69,4,2,8.87
12933,212320,24,113,5,2,26.95
12934,212073,23,70,4,2,8.48
12935,212569,23,124,5,2,28.87
12936,212568,23,135,5,2,26.45
12937,211575,24,92,5,2,27.42
12938,213623,23,48,5,2,20.06
12939,212938,23,138,4,2,9.49
12940,211408,24,4,4,2,11.23
12941,214161,23,34,4,2,8.45
12942,211561,24,69,5,2,28.12
12943,212704,24,131,4,2,10.35
12944,211782,23,88,5,2,13.77
12945,212574,23,128,5,2,20.0
12946,212315,24,118,5,2,33.98
12947,212547,23,119,5,2,22.56
12948,213757,24,15,4,2,14.89
12949,213759,24,56,4,2,15.55
12950,212078,23,71,4,2,9.73
12951,211889,24,85,4,2,11.8
12952,211869,24,70,4,2,11.07
12953,211867,24,69,4,2,11.67
12954,212668,24,122,4,2,12.45
12955,214166,23,59,4,2,8.22
12956,213635,23,59,5,2,12.53
12957,211555,24,86,5,2,25.82
12958,211569,24,76,5,2,30.2
12959,212083,23,78,4,2,8.64
12960,211878,24,98,4,2,12.41
12961,211770,23,99,5,2,22.2
12962,212068,23,67,4,2,9.16
12963,212082,23,98,4,2,9.47
12964,212094,23,91,4,2,8.38
12965,211552,24,82,5,2,22.42
12966,211577,24,90,5,2,25.34
12967,214134,23,8,4,2,9.27
12968,214117,23,14,4,2,9.67
12969,214120,23,43,4,2,10.11
12970,212066,23,80,4,2,10.54
12971,214109,23,29,4,2,11.23
12972,211766,23,75,5,2,20.47
12973,212948,23,123,4,2,9.98
12974,211765,23,69,5,2,20.41
12975,211783,23,95,5,2,30.96
12976,214115,23,60,4,2,11.18
12977,213792,24,51,4,2,11.02
12978,213229,24,61,5,2,31.0
12979,211566,24,99,5,2,29.79
12980,211393,23,4,5,2,18.93
12981,214146,23,51,4,2,8.39
12982,213251,24,20,5,2,27.51
12983,213262,24,12,5,2,28.81
12984,213622,23,21,5,2,22.8
12985,212928,23,109,4,2,9.99
12986,212706,24,127,4,2,12.27
12987,212328,24,127,5,2,24.53
12988,214114,23,61,4,2,10.42
12989,214132,23,28,4,2,10.64
12990,213239,24,26,5,2,28.44
12991,211784,23,72,5,2,30.59
12992,213626,23,31,5,2,18.82
12993,213584,23,60,5,2,27.75
12994,213624,23,47,5,2,20.88
12995,212674,24,120,4,2,11.21
12996,212062,23,82,4,2,9.0
12997,212560,23,138,5,2,21.12
12998,212572,23,113,5,2,19.46
12999,211788,23,91,5,2,13.32
13000,211768,23,68,5,2,19.1
13001,212920,23,122,4,2,9.0
13002,213772,24,36,4,2,12.83
13003,211363,24,4,5,2,26.84
13004,213260,24,23,5,2,27.8
13005,213791,24,23,4,2,11.62
13006,212070,23,93,4,2,9.63
13007,213589,23,43,5,2,22.12
13008,213238,24,30,5,2,28.71
13009,212696,24,123,4,2,13.06
13010,213240,24,9,5,2,27.31
13011,212946,23,135,4,2,10.53
13012,213807,24,34,4,2,10.88
13013,213790,24,16,4,2,11.03
13014,212549,23,117,5,2,22.43
13015,211437,23,3,4,2,10.85
13016,213760,24,61,4,2,13.77
13017,212932,23,103,4,2,8.87
13018,211779,23,92,5,2,19.19
13019,212089,23,95,4,2,12.13
13020,212944,23,116,4,2,13.23
13021,213248,24,27,5,2,30.49
13022,213223,24,22,5,2,34.54
13023,212546,23,108,5,2,21.87
13024,213270,24,47,5,2,28.68
13025,213259,24,16,5,2,24.86
13026,212562,23,111,5,2,23.76
13027,213594,23,9,5,2,21.36
13028,212952,23,128,4,2,8.85
13029,214162,23,46,4,2,8.03
13030,213795,24,24,4,2,11.04
13031,211760,23,80,5,2,22.43
13032,213615,23,51,5,2,17.96
13033,211757,23,84,5,2,18.97
13034,212943,23,106,4,2,12.53
13035,213250,24,13,5,2,28.97
13036,214135,23,13,4,2,9.25
13037,212090,23,72,4,2,12.08
13038,211556,24,80,5,2,29.9
13039,211391,23,2,5,2,19.95
13040,214110,23,38,4,2,10.31
13041,212567,23,118,5,2,27.99
13042,211553,24,84,5,2,24.6
13043,213808,24,46,4,2,10.35
13044,212566,23,116,5,2,34.74
13045,212556,23,104,5,2,17.0
13046,212684,24,107,4,2,11.04
13047,211868,24,75,4,2,11.7
13048,212676,24,109,4,2,12.93
13049,211584,24,91,5,2,21.06
13050,211890,24,91,4,2,11.77
13051,212543,23,125,5,2,18.97
13052,211756,23,82,5,2,17.1
13053,212925,23,119,4,2,9.87
13054,213616,23,12,5,2,20.91
13055,213803,24,31,4,2,11.06
13056,212677,24,101,4,2,11.94
13057,212698,24,113,4,2,11.46
13058,212708,24,141,4,2,12.13
13059,212673,24,119,4,2,13.2
13060,211759,23,86,5,2,19.26
13061,212321,24,100,5,2,25.08
13062,212688,24,111,4,2,12.58
13063,212331,24,130,5,2,20.59
13064,212690,24,136,4,2,14.39
13065,211778,23,87,5,2,20.0
13066,214131,23,63,4,2,8.91
13067,211876,24,96,4,2,13.77
13068,211781,23,90,5,2,17.28
13069,211557,24,74,5,2,29.89
13070,212705,24,129,4,2,9.87
13071,212558,23,107,5,2,17.63
13072,211572,24,98,5,2,29.51
13073,211568,24,71,5,2,29.87
13074,213798,24,33,4,2,11.67
13075,213621,23,33,5,2,21.72
13076,213579,23,38,5,2,25.72
13077,213237,24,42,5,2,27.77
13078,211361,24,2,5,2,27.78
13079,213597,23,45,5,2,20.2
13080,211877,24,83,4,2,13.06
13081,213762,24,40,4,2,13.17
13082,213585,23,40,5,2,23.55
13083,213806,24,7,4,2,10.87
13084,214128,23,45,4,2,9.12
13085,214119,23,62,4,2,9.46
13086,213278,24,50,5,2,22.58
13087,211762,23,67,5,2,21.75
13088,211881,24,92,4,2,10.95
13089,211576,24,81,5,2,26.89
13090,214112,23,39,4,2,14.19
13091,211884,24,88,4,2,9.87
13092,213804,24,35,4,2,11.28
13093,212691,24,106,4,2,15.8
13094,213771,24,9,4,2,12.85
13095,212692,24,116,4,2,16.44
13096,213812,24,59,4,2,11.58
13097,211776,23,98,5,2,21.87
13098,213783,24,44,4,2,12.9
13099,211761,23,74,5,2,22.67
13100,211886,24,72,4,2,15.31
13101,213810,24,55,4,2,11.97
13102,213811,24,52,4,2,11.85
13103,213805,24,54,4,2,10.74
13104,212680,24,103,4,2,11.67
13105,212554,23,103,5,2,20.41
13106,211392,23,3,5,2,26.7
13107,213602,23,27,5,2,23.39
13108,212694,24,135,4,2,13.62
13109,212695,24,124,4,2,14.49
13110,212923,23,126,4,2,8.97
13111,211585,24,89,5,2,28.11
13112,211563,24,70,5,2,25.35
13113,211439,23,5,4,2,8.41
13114,213272,24,31,5,2,26.71
13115,212330,24,141,5,2,21.86
13116,211764,23,93,5,2,20.23
13117,213578,23,29,5,2,28.08
13118,213620,23,64,5,2,21.94
13119,213801,24,47,4,2,11.73
13120,212559,23,140,5,2,22.2
13121,213273,24,35,5,2,28.18
13122,212548,23,120,5,2,21.14
13123,212552,23,112,5,2,19.75
13124,213767,24,32,4,2,13.15
13125,212294,24,108,5,2,27.83
13126,212671,24,126,4,2,12.05
13127,212319,24,139,5,2,29.51
13128,211861,24,86,4,2,12.05
13129,212707,24,133,4,2,11.55
13130,212697,24,139,4,2,12.41
13131,212700,24,128,4,2,11.63
13132,213770,24,26,4,2,13.44
13133,212292,24,114,5,2,24.97
13134,213778,24,28,4,2,13.59
13135,213580,23,15,5,2,29.23
13136,213269,24,48,5,2,28.03
13137,212936,23,107,4,2,8.37
13138,212323,24,115,5,2,27.13
13139,212311,24,137,5,2,30.99
13140,212317,24,124,5,2,34.47
13141,211390,23,1,5,2,19.8
13142,212701,24,115,4,2,11.1
13143,211875,24,76,4,2,13.12
13144,212947,23,124,4,2,11.36
13145,211865,24,77,4,2,11.69
13146,212687,24,105,4,2,13.1
13147,212316,24,135,5,2,32.79
13148,211554,24,79,5,2,24.97
13149,212582,23,141,5,2,14.56
13150,211559,24,77,5,2,27.88
13151,213618,23,24,5,2,17.08
13152,212309,24,105,5,2,29.87
13153,211570,24,96,5,2,30.99
13154,213764,24,19,4,2,13.11
13155,211327,24,65,5,2,26.31
13156,214124,23,26,4,2,10.07
13157,213581,23,39,5,2,37.06
13158,213773,24,49,4,2,12.44
13159,211777,23,78,5,2,19.45
13160,214152,23,33,4,2,8.7
13161,211774,23,96,5,2,25.1
13162,211771,23,97,5,2,21.12
13163,212296,24,120,5,2,27.93
13164,212307,24,140,5,2,29.79
13165,213776,24,41,4,2,12.1
13166,213277,24,46,5,2,25.41
13167,212095,23,89,4,2,9.8
13168,212327,24,129,5,2,22.68
13169,211571,24,83,5,2,29.39
13170,213609,23,53,5,2,21.66
13171,212927,23,117,4,2,10.54
13172,212326,24,131,5,2,25.34
13173,213261,24,51,5,2,26.24
13174,212303,24,110,5,2,28.3
13175,211872,24,99,4,2,12.69
13176,213768,24,42,4,2,12.77
13177,213611,23,10,5,2,19.68
13178,212682,24,104,4,2,11.07
13179,212693,24,118,4,2,14.33
13180,211862,24,80,4,2,13.51
13181,213596,23,49,5,2,17.14
13182,211406,24,2,4,2,11.86
13183,214159,23,54,4,2,8.22
13184,212545,23,126,5,2,19.26
13185,214143,23,11,4,2,8.89
13186,213780,24,8,4,2,12.1
13187,212575,23,115,5,2,19.26
13188,214141,23,6,4,2,8.83
13189,213794,24,18,4,2,11.77
13190,212939,23,105,4,2,9.73
13191,212679,24,134,4,2,12.57
13192,212953,23,115,4,2,8.43
13193,212709,24,130,4,2,11.55
13194,214123,23,30,4,2,9.99
13195,214126,23,36,4,2,9.48
13196,213587,23,19,5,2,23.65
13197,212293,24,126,5,2,25.82
13198,213632,23,50,5,2,13.66
13199,214118,23,19,4,2,9.82
13200,213775,24,58,4,2,11.95
13201,211870,24,68,4,2,11.51
13202,214154,23,48,4,2,9.16
13203,213241,24,36,5,2,26.19
13204,212686,24,138,4,2,12.75
13205,213600,23,63,5,2,18.34
13206,213586,23,14,5,2,23.97
13207,213755,24,29,4,2,14.41
13208,213591,23,42,5,2,21.57
13209,213799,24,21,4,2,12.04
13210,212681,24,110,4,2,11.7
13211,213766,24,43,4,2,13.38
13212,212956,23,131,4,2,8.02
13213,213266,24,64,5,2,29.49
13214,212322,24,128,5,2,27.94
13215,214163,23,50,4,2,7.69
13216,212329,24,133,5,2,23.01
13217,211405,24,1,4,2,12.5
13218,212950,23,113,4,2,8.65
13219,213598,23,58,5,2,18.54
13220,213236,24,32,5,2,27.8
13221,213279,24,55,5,2,24.27
13222,214157,23,31,4,2,8.44
13223,212072,23,75,4,2,8.97
13224,212922,23,114,4,2,9.19
13225,213782,24,20,4,2,11.62
13226,211581,24,94,5,2,33.32
13227,211583,24,85,5,2,23.54
13228,212086,23,81,4,2,8.46
13229,212935,23,102,4,2,8.62
13230,212087,23,90,4,2,8.02
13231,211582,24,66,5,2,25.9
13232,211787,23,85,5,2,16.23
13233,213789,24,11,4,2,11.71
13234,213761,24,60,4,2,14.42
13235,213577,23,22,5,2,28.91
13236,213628,23,54,5,2,18.6
13237,213630,23,34,5,2,18.89
13238,212929,23,101,4,2,9.16
13239,212290,24,122,5,2,22.42
13240,212551,23,101,5,2,21.75
13241,213592,23,30,5,2,22.7
13242,211887,24,94,4,2,13.89
13243,213268,24,21,5,2,30.41
13244,214147,23,12,4,2,9.21
13245,212542,23,122,5,2,17.1
13246,211891,24,89,4,2,13.08
13247,212550,23,109,5,2,22.67
13248,214155,23,47,4,2,8.95
13249,213224,24,29,5,2,34.03
13250,212703,24,121,4,2,10.93
13251,213235,24,43,5,2,28.73
13252,214122,23,42,4,2,9.49
13253,213631,23,46,5,2,17.34
13254,214125,23,9,4,2,9.56
13255,212544,23,114,5,2,19.44
13256,212553,23,134,5,2,20.23
13257,214116,23,40,4,2,9.77
13258,213588,23,62,5,2,20.6
13259,213280,24,52,5,2,21.46
13260,213249,24,8,5,2,29.76
13261,213264,24,24,5,2,25.43
13262,213582,23,56,5,2,32.2
13263,213606,23,44,5,2,22.01
13264,211567,24,97,5,2,26.86
13265,211565,24,73,5,2,25.9
13266,212933,23,110,4,2,8.97
13267,214137,23,44,4,2,9.95
13268,213247,24,28,5,2,29.92
13269,213265,24,37,5,2,28.53
13270,212063,23,84,4,2,9.0
13271,211573,24,78,5,2,26.95
13272,213610,23,6,5,2,19.63
13273,213612,23,11,5,2,20.62
13274,214150,23,37,4,2,9.2
13275,211578,24,88,5,2,22.68
13276,213779,24,27,4,2,12.96
13277,211863,24,74,4,2,12.93
13278,214130,23,41,4,2,8.92
13279,211873,24,97,4,2,12.93
13280,214140,23,53,4,2,9.04
13281,213774,24,45,4,2,12.25
13282,213267,24,33,5,2,29.26
13283,211859,24,84,4,2,12.2
13284,213281,24,59,5,2,20.56
13285,212699,24,100,4,2,10.87
13286,213754,24,22,4,2,14.51
13287,214142,23,10,4,2,8.57
13288,213233,24,19,5,2,30.08
13289,212298,24,109,5,2,29.89
13290,212689,24,137,4,2,13.77
13291,212555,23,110,5,2,20.47
13292,212951,23,100,4,2,8.31
13293,213769,24,30,4,2,13.34
13294,211394,23,5,5,2,14.18
13295,214121,23,32,4,2,9.96
13296,213234,24,62,5,2,26.28
13297,212085,23,92,4,2,8.39
13298,213593,23,26,5,2,22.74
13299,211775,23,83,5,2,22.07
13300,213758,24,39,4,2,17.44
13301,214145,23,23,4,2,8.88
13302,211409,24,5,4,2,11.78
13303,213614,23,23,5,2,20.0
13304,213785,24,17,4,2,12.01
13305,214156,23,25,4,2,8.69
13306,211579,24,95,5,2,36.2
13307,211580,24,72,5,2,35.91
13308,212573,23,100,5,2,17.44
13309,212065,23,86,4,2,8.97
13310,212685,24,140,4,2,14.01
13311,212678,24,112,4,2,11.03
13312,213227,24,39,5,2,40.99
13313,211558,24,67,5,2,29.41
13314,212079,23,76,4,2,9.84
13315,212075,23,73,4,2,8.37
13316,211882,24,81,4,2,10.93
13317,211885,24,95,4,2,15.35
13318,212069,23,77,4,2,9.04
13319,213796,24,37,4,2,12.3
13320,211435,23,1,4,2,9.27
13321,214139,23,17,4,2,9.2
13322,221901,22,96,6,2,26.93
13323,222645,22,141,6,2,30.48
13324,176087,22,141,5,2,11.13
13325,169531,22,26,4,2,11.13
13326,169564,22,31,4,2,9.99
13327,216456,22,44,6,2,28.35
13328,176080,22,115,5,2,16.42
13329,176055,22,109,5,2,19.95
13330,221973,22,66,6,2,30.72
13331,219696,22,65,6,2,30.99
13332,172228,22,92,5,2,16.56
13333,166910,22,35,5,2,17.63
13334,166912,22,7,5,2,14.43
13335,166907,22,47,5,2,18.07
13336,169544,22,44,4,2,10.89
13337,221949,22,88,6,2,36.84
13338,177976,22,133,4,2,9.34
13339,169534,22,49,4,2,10.01
13340,172224,22,83,5,2,18.02
13341,166909,22,31,5,2,16.23
13342,222423,22,126,6,2,32.06
13343,166898,22,51,5,2,11.46
13344,166896,22,16,5,2,9.53
13345,169569,22,46,4,2,9.77
13346,169545,22,57,4,2,10.7
13347,176051,22,108,5,2,18.85
13348,169571,22,55,4,2,9.47
13349,176058,22,134,5,2,16.77
13350,172221,22,71,5,2,21.54
13351,169522,22,60,4,2,12.21
13352,222471,22,134,6,2,29.67
13353,216300,22,15,6,2,25.09
13354,222441,22,120,6,2,31.59
13355,169527,22,43,4,2,11.21
13356,177970,22,115,4,2,9.96
13357,169516,22,29,4,2,12.09
13358,169561,22,48,4,2,10.41
13359,177960,22,106,4,2,13.38
13360,173758,22,92,4,2,9.88
13361,166878,22,36,5,2,17.67
13362,216390,22,36,6,2,30.3
13363,177965,22,123,4,2,11.07
13364,221793,22,82,6,2,30.37
13365,176086,22,133,5,2,11.28
13366,169573,22,59,4,2,9.13
13367,176085,22,127,5,2,15.03
13368,172234,22,94,5,2,25.31
13369,222495,22,102,6,2,31.44
13370,222567,22,124,6,2,24.26
13371,222561,22,135,6,2,25.73
13372,172237,22,91,5,2,8.92
13373,177977,22,141,4,2,9.53
13374,173767,22,91,4,2,9.27
13375,177969,22,128,4,2,10.17
13376,219993,22,5,6,2,31.3
13377,176064,22,140,5,2,19.13
13378,173762,22,95,4,2,13.1
13379,173763,22,72,4,2,12.93
13380,172232,22,95,5,2,29.25
13381,172233,22,72,5,2,29.16
13382,222417,22,114,6,2,30.79
13383,169518,22,15,4,2,12.48
13384,176068,22,137,5,2,22.74
13385,169538,22,63,4,2,10.06
13386,166866,22,61,5,2,22.71
13387,177947,22,112,4,2,9.68
13388,176047,22,122,5,2,14.2
13389,177967,22,113,4,2,10.09
13390,177957,22,111,4,2,10.49
13391,219975,22,2,6,2,31.13
13392,222555,22,118,6,2,25.22
13393,179592,22,5,4,2,9.32
13394,173752,22,76,4,2,10.91
13395,166888,22,20,5,2,16.14
13396,169559,22,33,4,2,10.0
13397,169565,22,35,4,2,10.09
13398,169567,22,7,4,2,9.91
13399,172208,22,86,5,2,14.69
13400,221805,22,79,6,2,30.79
13401,222621,22,131,6,2,31.79
13402,169543,22,20,4,2,10.33
13403,172238,22,89,5,2,18.56
13404,176053,22,120,5,2,17.46
13405,169547,22,53,4,2,10.18
13406,169537,22,41,4,2,10.12
13407,221925,22,87,6,2,30.77
13408,166915,22,50,5,2,7.88
13409,221889,22,71,6,2,28.4
13410,179364,22,2,5,2,15.75
13411,166894,22,10,5,2,14.18
13412,166892,22,53,5,2,18.49
13413,166862,22,38,5,2,23.31
13414,176060,22,110,5,2,16.52
13415,219969,22,1,6,2,31.25
13416,179167,22,65,4,2,10.15
13417,169528,22,32,4,2,11.13
13418,166918,22,59,5,2,7.59
13419,172216,22,70,5,2,12.05
13420,166905,22,21,5,2,19.38
13421,169515,22,22,4,2,12.22
13422,166895,22,11,5,2,16.33
13423,166893,22,6,5,2,15.24
13424,216342,22,19,6,2,28.92
13425,216486,22,10,6,2,32.0
13426,169546,22,17,4,2,10.31
13427,221943,22,90,6,2,31.79
13428,172213,22,93,5,2,16.77
13429,173748,22,73,4,2,9.71
13430,222435,22,119,6,2,29.92
13431,166914,22,46,5,2,14.63
13432,173743,22,93,4,2,10.62
13433,173746,22,70,4,2,9.85
13434,173736,22,84,4,2,10.17
13435,172212,22,77,5,2,16.61
13436,172223,22,96,5,2,22.74
13437,172218,22,73,5,2,11.0
13438,222531,22,137,6,2,26.93
13439,221913,22,98,6,2,30.68
13440,222411,22,125,6,2,31.68
13441,172231,22,88,5,2,8.04
13442,221847,22,69,6,2,30.61
13443,222651,22,130,6,2,32.66
13444,172225,22,98,5,2,18.1
13445,172210,22,74,5,2,19.95
13446,216462,22,57,6,2,29.59
13447,222507,22,140,6,2,29.7
13448,176088,22,130,5,2,7.62
13449,169563,22,25,4,2,10.13
13450,166897,22,23,5,2,15.58
13451,216318,22,61,6,2,26.92
13452,172209,22,80,5,2,18.89
13453,169552,22,23,4,2,10.09
13454,177956,22,105,4,2,10.76
13455,221823,22,74,6,2,28.04
13456,177945,22,109,4,2,10.95
13457,169533,22,36,4,2,10.56
13458,169521,22,61,4,2,11.38
13459,221853,22,75,6,2,30.73
13460,216606,22,46,6,2,31.93
13461,177958,22,137,4,2,11.38
13462,222609,22,132,6,2,31.68
13463,173760,22,90,4,2,9.75
13464,176084,22,129,5,2,8.04
13465,179365,22,3,5,2,24.71
13466,177950,22,110,4,2,10.17
13467,216306,22,39,6,2,20.67
13468,216420,22,63,6,2,31.61
13469,216348,22,62,6,2,29.5
13470,166870,22,19,5,2,20.62
13471,216408,22,58,6,2,32.57
13472,177968,22,100,4,2,9.94
13473,176063,22,107,5,2,11.0
13474,177948,22,134,4,2,10.62
13475,169549,22,10,4,2,9.77
13476,216294,22,38,6,2,26.1
13477,221871,22,73,6,2,33.88
13478,177978,22,130,4,2,9.13
13479,169523,22,40,4,2,10.78
13480,173751,22,71,4,2,10.76
13481,166864,22,39,5,2,37.02
13482,166887,22,13,5,2,18.09
13483,176057,22,112,5,2,16.61
13484,221865,22,68,6,2,31.44
13485,216480,22,6,6,2,30.29
13486,173768,22,89,4,2,10.93
13487,221877,22,99,6,2,29.7
13488,166889,22,44,5,2,19.25
13489,166865,22,56,5,2,30.77
13490,166877,22,9,5,2,18.06
13491,216432,22,27,6,2,27.62
13492,216282,22,22,6,2,24.41
13493,166884,22,28,5,2,18.98
13494,173756,22,78,4,2,10.09
13495,173744,22,69,4,2,10.02
13496,169550,22,11,4,2,10.02
13497,169566,22,54,4,2,9.73
13498,216396,22,49,6,2,30.42
13499,177959,22,136,4,2,12.18
13500,222597,22,128,6,2,30.77
13501,222525,22,111,6,2,28.87
13502,222429,22,108,6,2,30.15
13503,166890,22,57,5,2,16.96
13504,169553,22,51,4,2,9.75
13505,216564,22,47,6,2,29.99
13506,169568,22,34,4,2,10.07
13507,216384,22,9,6,2,30.47
13508,222405,22,122,6,2,30.37
13509,176065,22,138,5,2,18.97
13510,216378,22,26,6,2,29.66
13511,179366,22,4,5,2,15.6
13512,172214,22,69,5,2,15.94
13513,177939,22,114,4,2,10.29
13514,177941,22,108,4,2,10.94
13515,177971,22,132,4,2,9.88
13516,177972,22,121,4,2,10.07
13517,176071,22,116,5,2,33.89
13518,176072,22,118,5,2,26.13
13519,222615,22,121,6,2,31.12
13520,216588,22,54,6,2,32.27
13521,166913,22,34,5,2,16.72
13522,176067,22,111,5,2,20.7
13523,176056,22,101,5,2,18.74
13524,221985,22,91,6,2,31.85
13525,216492,22,11,6,2,30.4
13526,216600,22,34,6,2,31.27
13527,176048,22,125,5,2,14.27
13528,172211,22,67,5,2,18.74
13529,176059,22,103,5,2,15.94
13530,176077,22,113,5,2,15.61
13531,176069,22,136,5,2,25.15
13532,176079,22,128,5,2,16.92
13533,177966,22,139,4,2,10.71
13534,169525,22,19,4,2,10.9
13535,172235,22,66,5,2,15.0
13536,177963,22,135,4,2,11.46
13537,177964,22,124,4,2,12.22
13538,177942,22,119,4,2,10.95
13539,176050,22,126,5,2,14.69
13540,177940,22,126,4,2,10.26
13541,176052,22,119,5,2,19.9
13542,221931,22,92,6,2,31.68
13543,177953,22,107,4,2,9.71
13544,177946,22,101,4,2,10.32
13545,179367,22,5,5,2,10.01
13546,179591,22,4,4,2,10.09
13547,177975,22,127,4,2,9.57
13548,216336,22,14,6,2,28.5
13549,216474,22,53,6,2,29.62
13550,166900,22,18,5,2,16.68
13551,177961,22,116,4,2,14.14
13552,169539,22,28,4,2,11.64
13553,166899,22,12,5,2,17.72
13554,166903,22,64,5,2,17.98
13555,172222,22,76,5,2,20.7
13556,221829,22,67,6,2,29.66
13557,221955,22,95,6,2,24.26
13558,216360,22,32,6,2,31.87
13559,216312,22,56,6,2,23.11
13560,177962,22,118,4,2,12.02
13561,172230,22,90,5,2,14.59
13562,172206,22,84,5,2,14.27
13563,172220,22,97,5,2,18.97
13564,216516,22,12,6,2,30.74
13565,172215,22,75,5,2,16.52
13566,221817,22,80,6,2,29.77
13567,176061,22,104,5,2,12.05
13568,179363,22,1,5,2,15.91
13569,216372,22,30,6,2,29.73
13570,172227,22,87,5,2,16.92
13571,173765,22,66,4,2,9.95
13572,177955,22,138,4,2,10.35
13573,176054,22,117,5,2,18.89
13574,177944,22,117,4,2,11.54
13575,166881,22,58,5,2,13.57
13576,222543,22,106,6,2,23.53
13577,166875,22,30,5,2,20.19
13578,222453,22,109,6,2,28.04
13579,176076,22,139,5,2,18.1
13580,169560,22,21,4,2,10.46
13581,222465,22,112,6,2,31.51
13582,216444,22,13,6,2,30.37
13583,216552,22,21,6,2,30.21
13584,216630,22,59,6,2,32.64
13585,169526,22,62,4,2,10.49
13586,176081,22,132,5,2,16.55
13587,166872,22,43,5,2,18.86
13588,176074,22,124,5,2,27.85
13589,169532,22,9,4,2,10.7
13590,166882,22,41,5,2,14.97
13591,176066,22,105,5,2,21.54
13592,166869,22,14,5,2,21.63
13593,216570,22,25,6,2,31.46
13594,169572,22,52,4,2,9.41
13595,166874,22,42,5,2,18.47
13596,216624,22,52,6,2,31.28
13597,222579,22,139,6,2,30.68
13598,176073,22,135,5,2,24.15
13599,216546,22,33,6,2,30.74
13600,222459,22,101,6,2,29.66
13601,222591,22,100,6,2,30.76
13602,222537,22,136,6,2,26.32
13603,176083,22,131,5,2,14.59
13604,166917,22,52,5,2,9.91
13605,216540,22,64,6,2,30.71
13606,166916,22,55,5,2,14.02
13607,166902,22,37,5,2,17.08
13608,222477,22,103,6,2,30.61
13609,222489,22,104,6,2,33.7
13610,216582,22,35,6,2,30.81
13611,216558,22,48,6,2,31.08
13612,216450,22,20,6,2,31.88
13613,166867,22,60,5,2,25.3
13614,216528,22,24,6,2,33.65
13615,169551,22,16,4,2,9.63
13616,216366,22,42,6,2,30.43
13617,221991,22,89,6,2,30.69
13618,221937,22,81,6,2,31.12
13619,166861,22,29,5,2,26.19
13620,169519,22,39,4,2,15.03
13621,176082,22,121,5,2,16.57
13622,166904,22,33,5,2,17.84
13623,222549,22,116,6,2,21.93
13624,216354,22,43,6,2,30.57
13625,173766,22,85,4,2,9.42
13626,173764,22,94,4,2,11.69
13627,173750,22,97,4,2,10.52
13628,179590,22,3,4,2,11.81
13629,216288,22,29,6,2,25.09
13630,216498,22,16,6,2,34.64
13631,219987,22,4,6,2,31.6
13632,172236,22,85,5,2,12.59
13633,216438,22,8,6,2,29.07
13634,166880,22,45,5,2,16.04
13635,166891,22,17,5,2,19.36
13636,166883,22,63,5,2,13.84
13637,166871,22,62,5,2,18.43
13638,169540,22,27,4,2,10.98
13639,172207,22,79,5,2,15.98
13640,172226,22,78,5,2,15.6
13641,216402,22,45,6,2,31.54
13642,222639,22,133,6,2,30.61
13643,177954,22,140,4,2,12.2
13644,169570,22,50,4,2,9.44
13645,216414,22,41,6,2,31.59
13646,216330,22,40,6,2,28.29
13647,166885,22,27,5,2,20.8
13648,216594,22,7,6,2,30.83
13649,166873,22,32,5,2,17.22
13650,216534,22,37,6,2,31.21
13651,216618,22,55,6,2,29.18
13652,166879,22,49,5,2,14.22
13653,216522,22,18,6,2,31.02
13654,176070,22,106,5,2,30.68
13655,222519,22,105,6,2,28.4
13656,169535,22,45,4,2,10.37
13657,166863,22,15,5,2,27.36
13658,166860,22,22,5,2,27.81
13659,179589,22,2,4,2,10.27
13660,222585,22,113,6,2,31.43
13661,177952,22,102,4,2,9.77
13662,216426,22,28,6,2,29.77
13663,169562,22,47,4,2,10.35
13664,222603,22,115,6,2,30.67
13665,216324,22,60,6,2,26.24
13666,169542,22,13,4,2,10.42
13667,169517,22,38,4,2,11.25
13668,173735,22,82,4,2,10.01
13669,173757,22,87,4,2,10.17
13670,166886,22,8,5,2,19.35
13671,166901,22,24,5,2,11.98
13672,172229,22,81,5,2,16.57
13673,177974,22,129,4,2,9.45
13674,216510,22,51,6,2,33.64
13675,173759,22,81,4,2,10.07
13676,169541,22,8,4,2,10.37
13677,221835,22,77,6,2,31.51
13678,169555,22,18,4,2,10.28
13679,216576,22,31,6,2,30.38
13680,216468,22,17,6,2,29.02
13681,173754,22,83,4,2,11.07
13682,221841,22,93,6,2,29.67
13683,221895,22,76,6,2,28.87
13684,221811,22,86,6,2,32.06
13685,221919,22,78,6,2,31.43
13686,172205,22,82,5,2,14.2
13687,216612,22,50,6,2,36.93
13688,216504,22,23,6,2,30.75
13689,166868,22,40,5,2,21.4
13690,177937,22,122,4,2,10.01
13691,173745,22,75,4,2,10.17
13692,173761,22,88,4,2,9.45
13693,177943,22,120,4,2,9.39
13694,169524,22,14,4,2,10.71
13695,173737,22,79,4,2,10.29
13696,169536,22,58,4,2,10.25
13697,172219,22,99,5,2,19.13
13698,173738,22,86,4,2,10.26
13699,173755,22,98,4,2,10.71
13700,173740,22,74,4,2,10.95
13701,173741,22,67,4,2,10.32
13702,222501,22,107,6,2,33.88
13703,222627,22,129,6,2,36.84
13704,219981,22,3,6,2,26.33
13705,169529,22,42,4,2,10.62
13706,169520,22,56,4,2,13.31
13707,169556,22,24,4,2,9.82
13708,166906,22,48,5,2,16.74
13709,169558,22,64,4,2,11.59
13710,177973,22,131,4,2,9.75
13711,177949,22,103,4,2,10.02
13712,166908,22,25,5,2,15.58
13713,173742,22,77,4,2,10.36
13714,166911,22,54,5,2,15.84
13715,169548,22,6,4,2,9.91
13716,166876,22,26,5,2,20.23
13717,172217,22,68,5,2,13.99
13718,221979,22,85,6,2,29.99
13719,221967,22,94,6,2,25.27
13720,179588,22,1,4,2,10.44
13721,177951,22,104,4,2,9.85
13722,173747,22,68,4,2,9.77
13723,173749,22,99,4,2,10.93
13724,169557,22,37,4,2,10.35
13725,173753,22,96,4,2,11.38
13726,222447,22,117,6,2,29.77
13727,222513,22,138,6,2,29.34
13728,177938,22,125,4,2,10.17
13729,176062,22,102,5,2,13.99
13730,176078,22,100,5,2,14.07
13731,169554,22,12,4,2,10.44
13732,176049,22,114,5,2,15.98
13733,221961,22,72,6,2,24.1
13734,222483,22,110,6,2,30.73
13735,169530,22,30,4,2,11.06
13736,221883,22,97,6,2,29.34
13737,221799,22,84,6,2,31.68
13738,173739,22,80,4,2,11.54
13739,176075,22,123,5,2,18.02
13740,179122,22,65,5,2,15.2
13741,222573,22,123,6,2,30.62
13742,222633,22,127,6,2,28.84
13743,221859,22,70,6,2,33.7
13744,221907,22,83,6,2,30.62
13745,130520,21,124,1,2,118.7
13746,130472,21,124,2,2,1.7
13747,130420,21,106,3,2,67.4
13748,130523,21,113,1,2,18.7
13749,130530,21,129,1,2,6.1
13750,130482,21,129,2,2,0.0
13751,130445,21,122,2,2,2.0
13752,130408,21,134,3,2,0.1
13753,130497,21,108,1,2,62.5
13754,130451,21,120,2,2,0.4
13755,130467,21,136,2,2,10.8
13756,130498,21,119,1,2,78.0
13757,130515,21,136,1,2,269.8
13758,130500,21,117,1,2,18.9
13759,130463,21,138,2,2,5.8
13760,130446,21,125,2,2,0.3
13761,130426,21,139,3,2,2.3
13762,130415,21,138,3,2,51.0
13763,130485,21,141,2,2,0.0
13764,130434,21,129,3,2,0.0
13765,130499,21,120,1,2,36.8
13766,130525,21,128,1,2,23.6
13767,130532,21,133,1,2,4.7
13768,130484,21,133,2,2,0.0
13769,130522,21,139,1,2,24.6
13770,130474,21,139,2,2,0.3
13771,130437,21,141,3,2,0.0
13772,130513,21,111,1,2,55.8
13773,130430,21,115,3,2,4.3
13774,130465,21,111,2,2,1.3
13775,130534,21,130,1,2,2.0
13776,130428,21,100,3,2,1.6
13777,130400,21,126,3,2,4.4
13778,130405,21,109,3,2,0.8
13779,130478,21,115,2,2,0.5
13780,130503,21,112,1,2,14.7
13781,130455,21,112,2,2,0.0
13782,130516,21,106,1,2,204.8
13783,130443,21,4,3,2,2.2
13784,130447,21,114,2,2,3.0
13785,130454,21,101,2,2,0.1
13786,130486,21,130,2,2,0.0
13787,130528,21,121,1,2,13.2
13788,130480,21,121,2,2,0.1
13789,130493,21,122,1,2,42.5
13790,130404,21,117,3,2,0.4
13791,130432,21,121,3,2,0.5
13792,130411,21,104,3,2,0.0
13793,130496,21,126,1,2,24.9
13794,130448,21,126,2,2,0.5
13795,130406,21,101,3,2,0.9
13796,130456,21,134,2,2,0.0
13797,130452,21,117,2,2,0.1
13798,130483,21,127,2,2,0.0
13799,130419,21,136,3,2,95.0
13800,130464,21,105,2,2,2.0
13801,130490,21,3,2,2,5.9
13802,130403,21,120,3,2,3.3
13803,130475,21,113,2,2,0.6
13804,130410,21,110,3,2,2.3
13805,130512,21,105,1,2,82.1
13806,130435,21,127,3,2,0.0
13807,130458,21,110,2,2,0.3
13808,130477,21,128,2,2,0.3
13809,130425,21,123,3,2,6.7
13810,130508,21,102,1,2,26.5
13811,130491,21,4,2,2,0.3
13812,130460,21,102,2,2,0.2
13813,130450,21,119,2,2,2.4
13814,130453,21,109,2,2,0.1
13815,130416,21,105,3,2,15.7
13816,130421,21,116,3,2,78.8
13817,130488,21,1,2,2,1.2
13818,130417,21,111,3,2,11.6
13819,130439,21,65,3,2,6.1
13820,130441,21,2,3,2,0.8
13821,130538,21,3,1,2,161.1
13822,130440,21,1,3,2,10.3
13823,130505,21,103,1,2,34.8
13824,130539,21,4,1,2,16.1
13825,130535,21,65,1,2,29.4
13826,130521,21,123,1,2,30.6
13827,130531,21,127,1,2,2.8
13828,130487,21,65,2,2,0.7
13829,130495,21,114,1,2,71.0
13830,130533,21,141,1,2,2.1
13831,130433,21,131,3,2,0.3
13832,130442,21,3,3,2,50.6
13833,130409,21,103,3,2,1.5
13834,130413,21,107,3,2,0.9
13835,130423,21,135,3,2,24.9
13836,130457,21,103,2,2,0.2
13837,130424,21,124,3,2,13.7
13838,130462,21,140,2,2,0.1
13839,130397,21,122,3,2,17.6
13840,130407,21,112,3,2,0.1
13841,130468,21,106,2,2,7.7
13842,130510,21,140,1,2,27.8
13843,130466,21,137,2,2,11.4
13844,130514,21,137,1,2,247.9
13845,130540,21,5,1,2,2.7
13846,130492,21,5,2,2,0.0
13847,130511,21,138,1,2,115.3
13848,130438,21,130,3,2,0.0
13849,130481,21,131,2,2,0.0
13850,130427,21,113,3,2,5.1
13851,130524,21,100,1,2,10.4
13852,130459,21,104,2,2,0.0
13853,130529,21,131,1,2,8.1
13854,130537,21,2,1,2,22.8
13855,130401,21,108,3,2,16.9
13856,130489,21,2,2,2,0.1
13857,130473,21,123,2,2,0.8
13858,130479,21,132,2,2,0.1
13859,130527,21,132,1,2,14.5
13860,130398,21,125,3,2,2.2
13861,130502,21,101,1,2,31.7
13862,130506,21,110,1,2,33.5
13863,130501,21,109,1,2,32.0
13864,130461,21,107,2,2,0.1
13865,130504,21,134,1,2,13.4
13866,130507,21,104,1,2,6.7
13867,130518,21,118,1,2,132.5
13868,130517,21,116,1,2,284.7
13869,130412,21,102,3,2,1.7
13870,130436,21,133,3,2,0.4
13871,130444,21,5,3,2,0.1
13872,130470,21,118,2,2,4.1
13873,130536,21,1,1,2,42.7
13874,130476,21,100,2,2,0.2
13875,130399,21,114,3,2,24.5
13876,130509,21,107,1,2,23.7
13877,130429,21,128,3,2,2.7
13878,130422,21,118,3,2,32.9
13879,130494,21,125,1,2,33.8
13880,130469,21,116,2,2,9.0
13881,130519,21,135,1,2,126.1
13882,130449,21,108,2,2,2.0
13883,130402,21,119,3,2,19.7
13884,130431,21,132,3,2,0.8
13885,130526,21,115,1,2,15.3
13886,130418,21,137,3,2,99.7
13887,130471,21,135,2,2,3.0
13888,130414,21,140,3,2,0.3
13889,878239,57,109,6,3,33.86869045
13890,874488,57,105,4,3,9.206518962
13891,876996,57,86,5,3,12.06848595
13892,876915,57,138,5,3,14.17961956
13893,878189,57,71,6,3,31.47215121
13894,878164,57,61,6,3,29.73775761
13895,878191,57,99,6,3,35.49941831
13896,874574,57,98,4,3,9.23668133
13897,874840,57,25,4,3,8.911945787
13898,876978,57,133,5,3,13.15912683
13899,874538,57,91,4,3,8.314094524
13900,874479,57,136,4,3,9.152812817
13901,877233,57,47,5,3,12.58622382
13902,874541,57,85,4,3,8.531657499
13903,874365,57,4,4,3,8.791795544
13904,874511,57,61,4,3,9.173802061
13905,877122,57,19,5,3,13.81264623
13906,876873,57,108,5,3,14.08557751
13907,877110,57,61,5,3,15.71228819
13908,878135,57,48,6,3,35.46425332
13909,876846,57,1,5,3,12.81913123
13910,878154,57,26,6,3,31.7873767
13911,877254,57,46,5,3,10.44014289
13912,874431,57,127,4,3,8.686260792
13913,877197,57,11,5,3,11.89557531
13914,874449,57,128,4,3,8.875708042
13915,878120,57,17,6,3,36.06213115
13916,874640,57,36,4,3,9.253896055
13917,876945,57,123,5,3,15.48445494
13918,874350,57,126,4,3,9.229392964
13919,878128,57,12,6,3,36.35684649
13920,874419,57,82,4,3,9.265788318
13921,877206,57,51,5,3,10.44203792
13922,876969,57,131,5,3,10.27182199
13923,878208,57,133,6,3,33.37983804
13924,878248,57,5,6,3,34.99660591
13925,874317,57,104,4,3,8.481373961
13926,874583,57,76,4,3,9.187970378
13927,877029,57,99,5,3,12.91683936
13928,874843,57,31,4,3,8.651387801
13929,878184,57,78,6,3,36.69427293
13930,877173,57,13,5,3,12.87565067
13931,878232,57,102,6,3,37.30085065
13932,874386,57,70,4,3,8.481373961
13933,877224,57,33,5,3,14.44028402
13934,874443,57,132,4,3,8.613922725
13935,876951,57,113,5,3,11.20188456
13936,874828,57,33,4,3,8.947893443
13937,874602,57,26,4,3,9.294695775
13938,878214,57,115,6,3,36.91926086
13939,874493,57,43,4,3,9.493704165
13940,878235,57,103,6,3,37.40360507
13941,874589,57,97,4,3,9.349912733
13942,874377,57,99,4,3,9.266873894
13943,876984,57,130,5,3,7.811353356
13944,878212,57,121,6,3,37.42089146
13945,878197,57,93,6,3,34.50958622
13946,878131,57,37,6,3,33.55858112
13947,878182,57,92,6,3,37.44642533
13948,878156,57,42,6,3,32.51779978
13949,878173,57,91,6,3,35.80713329
13950,878116,57,13,6,3,35.79837826
13951,878168,57,38,6,3,31.25788895
13952,878155,57,30,6,3,31.89345109
13953,877083,57,91,5,3,7.913673334
13954,874897,57,13,4,3,9.148943181
13955,874867,57,52,4,3,8.411168198
13956,878133,57,33,6,3,34.54442893
13957,876921,57,111,5,3,13.82754858
13958,874565,57,92,4,3,8.614064163
13959,876987,57,82,5,3,13.0538783
13960,878139,57,35,6,3,36.77790716
13961,878148,57,41,6,3,34.34050068
13962,874894,57,8,4,3,9.002668989
13963,874813,57,12,4,3,8.830231955
13964,877167,57,27,5,3,14.24285143
13965,877248,57,7,5,3,9.702139848
13966,878242,57,119,6,3,32.13694571
13967,874822,57,37,4,3,9.218834383
13968,876981,57,141,5,3,8.087520711
13969,876912,57,140,5,3,12.91683936
13970,877158,57,41,5,3,11.49641693
13971,874347,57,108,4,3,9.367923944
13972,876990,57,84,5,3,11.62451231
13973,878245,57,114,6,3,32.31051756
13974,876927,57,136,5,3,15.94308836
13975,877266,57,59,5,3,7.724766395
13976,878210,57,129,6,3,43.33287409
13977,878136,57,47,6,3,35.68088238
13978,876894,57,134,5,3,14.78195865
13979,877056,57,92,5,3,11.94777145
13980,874380,57,73,4,3,8.334285294
13981,877209,57,12,5,3,13.2820744
13982,876888,57,101,5,3,12.30403871
13983,877128,57,43,5,3,14.89235269
13984,878236,57,134,6,3,34.50967942
13985,877053,57,87,5,3,12.71702853
13986,877077,57,66,5,3,10.0595772
13987,878115,57,8,6,3,35.69351113
13988,878250,57,3,6,3,30.17314447
13989,877215,57,24,5,3,12.15486597
13990,874912,57,53,4,3,8.65103668
13991,876963,57,132,5,3,11.94701212
13992,874858,57,46,4,3,8.60642687
13993,874535,57,89,4,3,9.409821191
13994,874900,57,20,4,3,8.832348602
13995,874891,57,27,4,3,9.189253309
13996,877137,57,30,5,3,14.04503059
13997,874383,57,68,4,3,8.502404761
13998,878183,57,87,6,3,35.74608194
13999,878151,57,49,6,3,29.62674459
14000,878153,57,9,6,3,32.73465101
14001,878201,57,80,6,3,33.7542222
14002,876972,57,129,5,3,6.471941886
14003,878228,57,105,6,3,31.47180591
14004,876918,57,105,5,3,13.24169233
14005,878166,57,39,6,3,28.43469638
14006,877002,57,74,5,3,14.02065338
14007,877035,57,71,5,3,13.24164375
14008,877218,57,37,5,3,14.86324093
14009,874849,57,54,4,3,8.508712667
14010,874410,57,86,4,3,9.229392964
14011,878224,57,106,6,3,28.35317493
14012,874485,57,111,4,3,9.187970378
14013,877089,57,65,5,3,11.86882363
14014,874422,57,130,4,3,8.221625406
14015,874577,57,83,4,3,9.441759835
14016,876855,57,4,5,3,11.54967618
14017,878170,57,22,6,3,29.71969051
14018,878171,57,65,6,3,35.53951634
14019,878199,57,67,6,3,36.15812507
14020,878238,57,101,6,3,36.15812507
14021,874502,57,14,4,3,9.182091417
14022,878169,57,29,6,3,28.97905331
14023,874338,57,117,4,3,9.490783626
14024,874446,57,115,4,3,8.672409931
14025,877245,57,54,5,3,11.75210061
14026,874596,57,42,4,3,9.377384466
14027,878126,57,23,6,3,37.31493103
14028,876993,57,79,5,3,12.47245283
14029,878216,57,100,6,3,36.88953233
14030,877104,57,39,5,3,22.22098615
14031,877074,57,94,5,3,17.42045889
14032,874332,57,101,4,3,8.865704873
14033,878144,57,50,6,3,43.40081576
14034,874523,57,38,4,3,9.17505874
14035,874816,57,18,4,3,8.687833391
14036,874362,57,5,4,3,8.378827675
14037,877212,57,18,5,3,12.6709056
14038,878221,57,135,6,3,31.00497205
14039,874425,57,141,4,3,8.471204739
14040,877113,57,60,5,3,16.00194618
14041,874395,57,93,4,3,9.14926825
14042,877152,57,45,5,3,13.30209579
14043,874356,57,125,4,3,9.237958876
14044,878220,57,124,6,3,29.88823161
14045,878142,57,34,6,3,37.63691568
14046,878160,57,19,6,3,31.93767785
14047,874434,57,129,4,3,8.150636732
14048,878129,57,18,6,3,37.1586567
14049,878200,57,74,6,3,33.86869045
14050,877242,57,35,5,3,12.29498083
14051,877044,57,83,5,3,15.48445494
14052,874921,57,11,4,3,8.652317625
14053,878140,57,54,6,3,37.87161012
14054,876948,57,139,5,3,15.07775098
14055,874906,57,57,4,3,9.15830274
14056,878180,57,90,6,3,38.18155438
14057,878127,57,51,6,3,40.00347748
14058,876891,57,112,5,3,13.58713104
14059,874491,57,138,4,3,9.349919871
14060,874437,57,131,4,3,8.565160331
14061,874553,57,95,4,3,9.298440093
14062,874864,57,55,4,3,8.593710536
14063,876885,57,109,5,3,14.02065338
14064,878234,57,110,6,3,37.25838607
14065,878206,57,130,6,3,36.4865784
14066,878134,57,21,6,3,35.14139482
14067,878223,57,116,6,3,29.47284974
14068,878121,57,53,6,3,36.97711285
14069,877008,57,77,5,3,13.58713104
14070,877263,57,52,5,3,8.594431864
14071,874499,57,19,4,3,9.203035572
14072,876858,57,5,5,3,9.286177253
14073,877101,57,15,5,3,20.54838938
14074,877119,57,14,5,3,13.15002492
14075,878196,57,69,6,3,37.40360507
14076,874580,57,96,4,3,9.178923085
14077,878161,57,14,6,3,31.79455487
14078,878194,57,70,6,3,38.29501816
14079,874879,57,58,4,3,9.169949337
14080,876879,57,120,5,3,14.78510714
14081,874323,57,103,4,3,8.616311108
14082,876876,57,119,5,3,13.96941767
14083,877071,57,72,5,3,20.93267044
14084,877068,57,95,5,3,17.8616607
14085,878185,57,98,6,3,34.3659895
14086,878219,57,123,6,3,33.216065
14087,876909,57,107,5,3,9.941814031
14088,878229,57,138,6,3,29.97225632
14089,874915,57,6,4,3,8.643969442
14090,878251,57,2,6,3,36.81153782
14091,874416,57,84,4,3,9.237951308
14092,877026,57,73,5,3,9.941814031
14093,877185,57,17,5,3,11.87083868
14094,877080,57,85,5,3,12.52282979
14095,876849,57,2,5,3,12.52221569
14096,874599,57,30,4,3,9.2882538
14097,877221,57,64,5,3,16.03132644
14098,874903,57,44,4,3,9.21308071
14099,878159,57,62,6,3,29.66140778
14100,874335,57,109,4,3,9.205974877
14101,876903,57,104,5,3,12.24185059
14102,876966,57,121,5,3,11.25823112
14103,874544,57,66,4,3,8.701650681
14104,874404,57,74,4,3,9.205974877
14105,874825,57,64,4,3,9.594697694
14106,874482,57,137,4,3,9.178931606
14107,874562,57,81,4,3,8.721684896
14108,874467,57,135,4,3,9.24061011
14109,874855,57,34,4,3,8.695098537
14110,874918,57,10,4,3,8.452024043
14111,876864,57,125,5,3,11.62453778
14112,876960,57,115,5,3,10.7039473
14113,878243,57,108,6,3,32.15024536
14114,877116,57,40,5,3,13.26989981
14115,874505,57,40,4,3,9.250161362
14116,874428,57,133,4,3,8.449108269
14117,877041,57,96,5,3,15.61819912
14118,874882,57,41,4,3,9.232350014
14119,878125,57,16,6,3,41.2931847
14120,874547,57,94,4,3,9.223447992
14121,877005,57,67,5,3,12.30403871
14122,877047,57,98,5,3,15.07775098
14123,878179,57,88,6,3,43.33287409
14124,878176,57,94,6,3,30.65430801
14125,876897,57,103,5,3,11.74380759
14126,877200,57,16,5,3,8.914378523
14127,876906,57,102,5,3,12.10054339
14128,877065,57,88,5,3,6.471941886
14129,874586,57,71,4,3,9.20653142
14130,874526,57,29,4,3,9.640345698
14131,878163,57,60,6,3,31.22267347
14132,874876,57,45,4,3,9.278967207
14133,874852,57,7,4,3,8.718392544
14134,878205,57,82,6,3,29.39652856
14135,874496,57,62,4,3,9.365247781
14136,877230,57,48,5,3,13.39077372
14137,874326,57,134,4,3,9.149134113
14138,874837,57,47,4,3,8.719093414
14139,878174,57,85,6,3,33.09477592
14140,878117,57,20,6,3,36.56098667
14141,878225,57,136,6,3,31.2445346
14142,877251,57,34,5,3,11.3212232
14143,878227,57,111,6,3,32.00898429
14144,878209,57,127,6,3,32.56097611
14145,878203,57,79,6,3,32.31051756
14146,876882,57,117,5,3,14.95173654
14147,874440,57,121,4,3,8.721661525
14148,878240,57,117,6,3,33.7542222
14149,874389,57,75,4,3,8.611497961
14150,878247,57,122,6,3,29.39652856
14151,874885,57,63,4,3,9.254048723
14152,878207,57,141,6,3,34.65271795
14153,874807,57,23,4,3,8.546253356
14154,874452,57,100,4,3,8.719524695
14155,874359,57,122,4,3,9.265788318
14156,877107,57,56,5,3,18.70500762
14157,878230,57,140,6,3,35.49941831
14158,877086,57,89,5,3,14.34539039
14159,877194,57,10,5,3,10.75587857
14160,877098,57,38,5,3,16.2487256
14161,878254,57,59,6,3,36.45438978
14162,877164,57,28,5,3,14.72135233
14163,878118,57,44,6,3,34.15035402
14164,874398,57,77,4,3,8.878918851
14165,878211,57,131,6,3,38.18201497
14166,874909,57,17,4,3,8.936772164
14167,878124,57,11,6,3,37.22655011
14168,874308,57,140,4,3,9.266873894
14169,874517,57,39,4,3,9.767412952
14170,874888,57,28,4,3,9.515876207
14171,874464,57,124,4,3,9.185954859
14172,877017,57,75,5,3,12.02033251
14173,878149,57,58,6,3,35.69245438
14174,877191,57,6,5,3,13.79474138
14175,877239,57,31,5,3,10.57451486
14176,876942,57,124,5,3,19.23269501
14177,874559,57,90,4,3,8.565150117
14178,874831,57,21,4,3,9.011768181
14179,877011,57,93,5,3,14.78243138
14180,874605,57,9,4,3,9.337857894
14181,876936,57,118,5,3,20.33316087
14182,876939,57,135,5,3,16.5909254
14183,876870,57,126,5,3,12.06848595
14184,878132,57,64,6,3,33.53542984
14185,878192,57,73,6,3,40.41763987
14186,874834,57,48,4,3,9.103134891
14187,874458,57,139,4,3,9.23668133
14188,876954,57,100,5,3,9.624486798
14189,878167,57,15,6,3,28.47102781
14190,877020,57,70,5,3,12.24185059
14191,877092,57,22,5,3,19.69490477
14192,878165,57,56,6,3,29.94972265
14193,878119,57,57,6,3,34.62553705
14194,877125,57,62,5,3,14.43067469
14195,878162,57,40,6,3,30.99076311
14196,877131,57,32,5,3,15.26199906
14197,877161,57,63,5,3,11.87627055
14198,876924,57,137,5,3,15.61856373
14199,878145,57,55,6,3,32.37391856
14200,874470,57,118,4,3,9.568039799
14201,874473,57,116,4,3,9.463103294
14202,878181,57,81,6,3,37.4206363
14203,878172,57,89,6,3,32.66163839
14204,877182,57,57,5,3,14.41101052
14205,874810,57,51,4,3,8.330674356
14206,874520,57,15,4,3,9.655789883
14207,878138,57,31,6,3,36.68773905
14208,877050,57,78,5,3,11.19843013
14209,877236,57,25,5,3,11.33369132
14210,877095,57,29,5,3,20.14470643
14211,878215,57,128,6,3,35.74608194
14212,874392,57,69,4,3,8.616311108
14213,874368,57,3,4,3,9.34171697
14214,878152,57,36,6,3,32.06602493
14215,877260,57,55,5,3,12.81269171
14216,876861,57,122,5,3,13.0538783
14217,878244,57,126,6,3,34.91689947
14218,877155,57,58,5,3,11.2618141
14219,877014,57,69,5,3,11.74380759
14220,878253,57,52,6,3,35.2123549
14221,878193,57,68,6,3,37.30085065
14222,877134,57,42,5,3,13.76011232
14223,874593,57,32,4,3,9.725961313
14224,877179,57,44,5,3,13.8400048
14225,878237,57,112,6,3,36.31450852
14226,877149,57,49,5,3,12.9706097
14227,877188,57,53,5,3,11.38800028
14228,874455,57,113,4,3,8.899225982
14229,874529,57,22,4,3,9.239338959
14230,878157,57,32,6,3,33.48798478
14231,878114,57,27,6,3,33.40842626
14232,874819,57,24,4,3,8.452351572
14233,878150,57,45,6,3,33.96231918
14234,878202,57,86,6,3,34.91689947
14235,874846,57,35,4,3,8.788488643
14236,874329,57,112,4,3,8.878918851
14237,878141,57,7,6,3,37.09750646
14238,878188,57,76,6,3,32.00898429
14239,874532,57,65,4,3,8.809497546
14240,877023,57,68,5,3,12.10054339
14241,877227,57,21,5,3,14.38556501
14242,874804,57,16,4,3,8.337358199
14243,877203,57,23,5,3,11.65295001
14244,878198,57,77,6,3,36.31450852
14245,878204,57,84,6,3,33.69362355
14246,878143,57,46,6,3,38.25394831
14247,874508,57,60,4,3,9.157520077
14248,878147,57,63,6,3,32.92349671
14249,874371,57,2,4,3,8.776138037
14250,878187,57,96,6,3,29.75903836
14251,878231,57,107,6,3,40.41763987
14252,878246,57,125,6,3,33.69356145
14253,877170,57,8,5,3,11.9265525
14254,878122,57,6,6,3,35.37371742
14255,878218,57,139,6,3,34.3659895
14256,876975,57,127,5,3,11.33199203
14257,876900,57,110,5,3,12.02033251
14258,877140,57,26,5,3,14.12317805
14259,874556,57,88,4,3,8.150636732
14260,878233,57,104,6,3,38.29501816
14261,874861,57,50,4,3,8.147909572
14262,877257,57,50,5,3,6.452587396
14263,878177,57,72,6,3,28.5882459
14264,876867,57,114,5,3,12.47245283
14265,878178,57,95,6,3,30.41343596
14266,878241,57,120,6,3,33.38337979
14267,878252,57,1,6,3,33.22314544
14268,878249,57,4,6,3,36.99164687
14269,877059,57,81,5,3,11.25760293
14270,874320,57,110,4,3,8.611497961
14271,878137,57,25,6,3,36.58470878
14272,877038,57,76,5,3,13.82754858
14273,874873,57,49,4,3,9.257483083
14274,874413,57,79,4,3,9.228735232
14275,877062,57,90,5,3,10.27141027
14276,874870,57,59,4,3,8.212676617
14277,874514,57,56,4,3,9.340237988
14278,878222,57,118,6,3,29.05630081
14279,878123,57,10,6,3,39.07310042
14280,874374,57,1,4,3,9.288327562
14281,874314,57,102,4,3,8.502404761
14282,878130,57,24,6,3,38.37088645
14283,878190,57,97,6,3,29.97249115
14284,877146,57,36,5,3,12.97993041
14285,878175,57,66,6,3,36.8959209
14286,878213,57,132,6,3,37.44705249
14287,874341,57,120,4,3,9.515300705
14288,874476,57,106,4,3,9.716882785
14289,876933,57,116,5,3,20.0325472
14290,877143,57,9,5,3,13.48533038
14291,874571,57,78,4,3,8.899227558
14292,876930,57,106,5,3,21.23435622
14293,874401,57,67,4,3,8.865704873
14294,877176,57,20,5,3,13.52008755
14295,878186,57,83,6,3,33.216065
14296,878226,57,137,6,3,29.75910834
14297,878217,57,113,6,3,36.68950296
14298,878158,57,43,6,3,32.37118901
14299,874311,57,107,4,3,8.334285294
14300,878146,57,28,6,3,34.03985644
14301,874568,57,87,4,3,8.875708042
14302,874344,57,119,4,3,9.297253521
14303,874461,57,123,4,3,9.441759835
14304,878195,57,75,6,3,37.25838607
14305,874353,57,114,4,3,9.228735232
14306,876999,57,80,5,3,14.95173654
14307,874407,57,80,4,3,9.490783626
14308,876957,57,128,5,3,12.71702853
14309,876852,57,3,5,3,16.74988488
14310,877032,57,97,5,3,14.17950424
14311,874550,57,72,4,3,9.667046114
14312,874474,56,116,4,3,7.7551795
14313,877004,56,67,5,3,16.98747135
14314,877037,56,76,5,3,16.33588174
14315,877139,56,26,5,3,17.2275126
14316,874908,56,17,4,3,6.920418972
14317,877259,56,55,5,3,16.60612272
14318,874414,56,79,4,3,6.836602443
14319,874465,56,124,4,3,7.335354624
14320,874545,56,66,4,3,6.474389448
14321,877103,56,39,5,3,26.10917545
14322,874450,56,128,4,3,6.726169914
14323,874480,56,136,4,3,6.983049971
14324,877031,56,97,5,3,17.05354389
14325,876863,56,125,5,3,14.48039862
14326,876965,56,121,5,3,15.43229844
14327,874881,56,41,4,3,6.859797047
14328,876860,56,122,5,3,14.61424758
14329,874815,56,18,4,3,6.636863737
14330,874456,56,113,4,3,6.679315199
14331,874875,56,45,4,3,6.95247031
14332,877172,56,13,5,3,17.85138313
14333,874833,56,48,4,3,6.938860906
14334,876941,56,124,5,3,21.60881394
14335,877196,56,11,5,3,16.53085171
14336,874417,56,84,4,3,6.809300497
14337,874854,56,34,4,3,6.566531621
14338,876938,56,135,5,3,18.96783053
14339,877256,56,50,5,3,9.361544124
14340,874518,56,39,4,3,8.371853034
14341,874592,56,32,4,3,7.398307426
14342,874914,56,6,4,3,6.603554291
14343,876917,56,105,5,3,16.29410694
14344,874420,56,82,4,3,6.800834953
14345,877262,56,52,5,3,12.66148518
14346,874863,56,55,4,3,6.412124833
14347,874390,56,75,4,3,6.575114657
14348,874462,56,123,4,3,7.254343634
14349,874348,56,108,4,3,6.999578038
14350,874497,56,62,4,3,6.984992753
14351,877121,56,19,5,3,16.36122551
14352,874324,56,103,4,3,6.58301364
14353,874312,56,107,4,3,6.353517613
14354,874384,56,68,4,3,6.474937547
14355,877175,56,20,5,3,17.08099816
14356,876959,56,115,5,3,15.19976227
14357,877091,56,22,5,3,21.92361049
14358,876968,56,131,5,3,14.68926316
14359,877058,56,81,5,3,15.43233772
14360,877070,56,72,5,3,23.44066631
14361,876911,56,140,5,3,18.15983736
14362,877067,56,95,5,3,21.14525892
14363,874494,56,43,4,3,7.093354653
14364,874321,56,110,4,3,6.575114657
14365,874375,56,1,4,3,6.904676852
14366,877244,56,54,5,3,14.79736424
14367,874363,56,5,4,3,6.236877639
14368,876929,56,106,5,3,24.13254441
14369,877154,56,58,5,3,15.05815095
14370,877118,56,14,5,3,16.18047786
14371,877052,56,87,5,3,16.73212203
14372,876998,56,80,5,3,19.31599125
14373,874524,56,38,4,3,7.353321242
14374,874584,56,76,4,3,6.902077131
14375,876890,56,112,5,3,17.34115089
14376,877181,56,57,5,3,18.84985664
14377,877079,56,85,5,3,16.02866665
14378,874869,56,59,4,3,6.110493448
14379,874803,56,16,4,3,6.356452703
14380,874533,56,65,4,3,6.659279692
14381,877094,56,29,5,3,21.91195919
14382,876992,56,79,5,3,15.00464812
14383,877178,56,44,5,3,17.99007651
14384,874905,56,57,4,3,7.079861905
14385,874806,56,23,4,3,6.529592865
14386,874468,56,135,4,3,7.488763093
14387,877229,56,48,5,3,17.62143341
14388,874492,56,138,4,3,6.983812181
14389,877202,56,23,5,3,15.90500226
14390,877028,56,99,5,3,18.15983736
14391,874542,56,85,4,3,6.367702783
14392,874575,56,98,4,3,7.068291669
14393,876989,56,84,5,3,14.48041782
14394,877145,56,36,5,3,15.5921064
14395,877223,56,33,5,3,16.80409571
14396,877160,56,63,5,3,14.37432322
14397,877217,56,37,5,3,17.04080865
14398,876944,56,123,5,3,18.41015665
14399,877166,56,27,5,3,18.53025849
14400,874393,56,69,4,3,6.58301364
14401,874827,56,33,4,3,6.794220399
14402,877247,56,7,5,3,14.91951698
14403,874423,56,130,4,3,6.119536019
14404,874902,56,44,4,3,7.163769986
14405,874917,56,10,4,3,6.442117397
14406,876995,56,86,5,3,15.56944138
14407,874432,56,127,4,3,6.483942539
14408,877193,56,10,5,3,15.53192342
14409,874554,56,95,4,3,7.345427717
14410,877088,56,65,5,3,15.51087278
14411,874471,56,118,4,3,7.89977574
14412,877106,56,56,5,3,21.89410171
14413,877250,56,34,5,3,15.38690275
14414,877235,56,25,5,3,15.40700654
14415,877211,56,18,5,3,16.60311565
14416,874536,56,89,4,3,7.041579913
14417,877112,56,60,5,3,19.05050224
14418,874809,56,51,4,3,6.348332281
14419,874503,56,14,4,3,6.90482808
14420,877013,56,69,5,3,16.34559611
14421,874845,56,35,4,3,6.69617719
14422,877082,56,91,5,3,11.32094611
14423,877238,56,31,5,3,15.110238
14424,874399,56,77,4,3,6.78513582
14425,874866,56,52,4,3,6.253619748
14426,874890,56,27,4,3,7.154167222
14427,874381,56,73,4,3,6.353517613
14428,874563,56,81,4,3,6.589282584
14429,877136,56,30,5,3,17.2006952
14430,876908,56,107,5,3,13.9507122
14431,876974,56,127,5,3,16.2770395
14432,876857,56,5,5,3,12.72165158
14433,874566,56,92,4,3,6.516490055
14434,877130,56,32,5,3,18.29599911
14435,874893,56,8,4,3,6.948465531
14436,877148,56,49,5,3,14.55565297
14437,874839,56,25,4,3,6.694997318
14438,874435,56,129,4,3,6.126453405
14439,877142,56,9,5,3,16.59576199
14440,877007,56,77,5,3,17.34115089
14441,874857,56,46,4,3,6.433230593
14442,874408,56,80,4,3,7.360784329
14443,874453,56,100,4,3,6.483274289
14444,874911,56,53,4,3,6.607931748
14445,874830,56,21,4,3,6.901935499
14446,876914,56,138,5,3,17.0536503
14447,874590,56,97,4,3,6.983802487
14448,876950,56,113,5,3,15.33604753
14449,877076,56,66,5,3,15.04427297
14450,874920,56,11,4,3,6.619159313
14451,874521,56,15,4,3,7.835329515
14452,874315,56,102,4,3,6.474937547
14453,874581,56,96,4,3,6.873842959
14454,874378,56,99,4,3,7.22773619
14455,874339,56,117,4,3,7.360784329
14456,877100,56,15,5,3,22.93707442
14457,874851,56,7,4,3,6.481628694
14458,877232,56,47,5,3,16.40970406
14459,876884,56,109,5,3,18.2876131
14460,876851,56,3,5,3,19.52330736
14461,876887,56,101,5,3,16.98747135
14462,874557,56,88,4,3,6.126453405
14463,874500,56,19,4,3,6.915963164
14464,874402,56,67,4,3,6.819560152
14465,876977,56,133,5,3,15.89623357
14466,876947,56,139,5,3,18.4099093
14467,877124,56,62,5,3,17.24464637
14468,876896,56,103,5,3,16.34559611
14469,874527,56,29,4,3,8.076197121
14470,874530,56,22,4,3,7.404980793
14471,874426,56,141,4,3,6.286520688
14472,874333,56,101,4,3,6.819560152
14473,874360,56,122,4,3,6.800834953
14474,874327,56,134,4,3,7.082294009
14475,874309,56,140,4,3,7.22773619
14476,876971,56,129,5,3,9.382766304
14477,876893,56,134,5,3,19.11270949
14478,874369,56,3,4,3,7.306428575
14479,874429,56,133,4,3,6.305643335
14480,874486,56,111,4,3,6.902077131
14481,874387,56,70,4,3,6.421526367
14482,874515,56,56,4,3,7.531148057
14483,874342,56,120,4,3,7.159500847
14484,874878,56,58,4,3,6.801974169
14485,874601,56,26,4,3,6.896787389
14486,874812,56,12,4,3,6.754091415
14487,874548,56,94,4,3,7.440591798
14488,874372,56,2,4,3,6.730894136
14489,876872,56,108,5,3,17.27046057
14490,877073,56,94,5,3,19.79711715
14491,877208,56,12,5,3,17.43709819
14492,877187,56,53,5,3,16.06925449
14493,877025,56,73,5,3,13.9507122
14494,874336,56,109,4,3,7.157937732
14495,877022,56,68,5,3,16.38828037
14496,874509,56,60,4,3,6.991796515
14497,877049,56,78,5,3,15.32958272
14498,877115,56,40,5,3,16.39020724
14499,877151,56,45,5,3,16.35206527
14500,874578,56,83,4,3,7.254343634
14501,874318,56,104,4,3,6.421526367
14502,874447,56,115,4,3,6.458741628
14503,874512,56,61,4,3,6.8683427
14504,874872,56,49,4,3,6.794486921
14505,874459,56,139,4,3,7.068291669
14506,876905,56,102,5,3,16.38828037
14507,874569,56,87,4,3,6.726169914
14508,874351,56,126,4,3,6.882374275
14509,874357,56,125,4,3,6.809305105
14510,874477,56,106,4,3,8.076770315
14511,874330,56,112,4,3,6.78513582
14512,874506,56,40,4,3,6.937311432
14513,874560,56,90,4,3,6.386780926
14514,874483,56,137,4,3,6.873849365
14515,877199,56,16,5,3,13.49860962
14516,876881,56,117,5,3,19.31599125
14517,874572,56,78,4,3,6.679289698
14518,877190,56,6,5,3,17.71452907
14519,877226,56,21,5,3,17.73760296
14520,876845,56,1,5,3,15.75835985
14521,876854,56,4,5,3,15.47035273
14522,877253,56,46,5,3,14.84317832
14523,874604,56,9,4,3,7.00445686
14524,876869,56,126,5,3,15.56944138
14525,874587,56,71,4,3,6.918874416
14526,876866,56,114,5,3,15.00464812
14527,877043,56,83,5,3,18.41015665
14528,877001,56,74,5,3,18.2876131
14529,874836,56,47,4,3,6.569370022
14530,874405,56,74,4,3,7.157937732
14531,877157,56,41,5,3,14.84932053
14532,874842,56,31,4,3,6.464206042
14533,877046,56,98,5,3,18.4099093
14534,877163,56,28,5,3,19.3591317
14535,874884,56,63,4,3,6.814022519
14536,876920,56,111,5,3,16.33588174
14537,877133,56,42,5,3,16.96020308
14538,876848,56,2,5,3,16.61819734
14539,876878,56,120,5,3,17.52685837
14540,877016,56,75,5,3,16.14575343
14541,874887,56,28,4,3,7.403432533
14542,876902,56,104,5,3,14.86254075
14543,877034,56,71,5,3,16.2940219
14544,877214,56,24,5,3,14.76353255
14545,876899,56,110,5,3,16.14575343
14546,876962,56,132,5,3,15.32807265
14547,874354,56,114,4,3,6.836602443
14548,874444,56,132,4,3,6.516343941
14549,874441,56,121,4,3,6.589261584
14550,874438,56,131,4,3,6.386811098
14551,877040,56,96,5,3,18.37524707
14552,877055,56,92,5,3,15.32921165
14553,874824,56,64,4,3,7.395583107
14554,874366,56,4,4,3,6.629774049
14555,877265,56,59,5,3,10.33265438
14556,876986,56,82,5,3,14.61424758
14557,877109,56,61,5,3,18.4344396
14558,876875,56,119,5,3,17.0841194
14559,877184,56,17,5,3,16.9515928
14560,874396,56,93,4,3,7.082420762
14561,876983,56,130,5,3,10.46443118
14562,874821,56,37,4,3,6.99898229
14563,877085,56,89,5,3,17.32567467
14564,876923,56,137,5,3,18.37552079
14565,877220,56,64,5,3,19.85831015
14566,877097,56,38,5,3,18.61747837
14567,877241,56,35,5,3,16.19117898
14568,874489,56,105,4,3,6.918861081
14569,874639,56,36,4,3,6.868584368
14570,877205,56,51,5,3,14.09699289
14571,876956,56,128,5,3,16.73212203
14572,877061,56,90,5,3,14.68916203
14573,876980,56,141,5,3,12.776213
14574,876926,56,136,5,3,18.98075633
14575,874345,56,119,4,3,6.910426411
14576,874598,56,30,4,3,6.885403405
14577,874595,56,42,4,3,7.047626594
14578,874848,56,54,4,3,6.406497953
14579,874860,56,50,4,3,6.124139701
14580,874899,56,20,4,3,6.738729025
14581,877010,56,93,5,3,19.113309
14582,877127,56,43,5,3,17.71582761
14583,877169,56,8,5,3,17.04140309
14584,876932,56,116,5,3,23.59502328
14585,877064,56,88,5,3,9.382766304
14586,874896,56,13,4,3,7.108952649
14587,877019,56,70,5,3,14.86254075
14588,876935,56,118,5,3,22.06564052
14589,876953,56,100,5,3,14.92994837
14590,874818,56,24,4,3,6.397138835
14591,874411,56,86,4,3,6.882374275
14592,874551,56,72,4,3,8.017380994
14593,874539,56,91,4,3,6.181403822
14594,876952,55,113,5,3,18.93267515
14595,877267,55,59,5,3,15.79876836
14596,874868,55,52,4,3,5.562425296
14597,877006,55,67,5,3,23.31389388
14598,874832,55,21,4,3,6.553164924
14599,874859,55,46,4,3,5.661272447
14600,876892,55,112,5,3,22.84562702
14601,874895,55,8,4,3,6.596272548
14602,877069,55,95,5,3,23.94121291
14603,874484,55,111,4,3,6.519113142
14604,874478,55,136,4,3,6.662258812
14605,874451,55,100,4,3,5.86387523
14606,877060,55,81,5,3,19.68588095
14607,874448,55,128,4,3,6.26223548
14608,874543,55,66,4,3,5.869045933
14609,876856,55,4,5,3,19.33359424
14610,874901,55,20,4,3,6.222171203
14611,877033,55,97,5,3,20.95314323
14612,874376,55,99,4,3,6.918133058
14613,877159,55,41,5,3,19.18685828
14614,877234,55,47,5,3,21.20605901
14615,874436,55,131,4,3,5.617699015
14616,877093,55,22,5,3,24.19635591
14617,877174,55,13,5,3,23.64561241
14618,874820,55,24,4,3,5.819217212
14619,877132,55,32,5,3,22.53750523
14620,877138,55,30,5,3,21.63718571
14621,874385,55,70,4,3,5.843269135
14622,874379,55,73,4,3,5.784986933
14623,874519,55,15,4,3,7.906916789
14624,874561,55,81,4,3,5.936853761
14625,877123,55,19,5,3,20.19215848
14626,876961,55,115,5,3,19.22358491
14627,874916,55,6,4,3,6.104524194
14628,874528,55,22,4,3,7.384581284
14629,874397,55,77,4,3,6.284280262
14630,877219,55,37,5,3,21.10840179
14631,877186,55,17,5,3,23.47973002
14632,874501,55,14,4,3,6.613041719
14633,874310,55,107,4,3,5.784986933
14634,874811,55,51,4,3,5.783695731
14635,877264,55,52,5,3,16.95162023
14636,877009,55,77,5,3,22.84562702
14637,874322,55,103,4,3,6.105061444
14638,877240,55,31,5,3,19.19508125
14639,877084,55,91,5,3,16.28567959
14640,877072,55,72,5,3,25.2817114
14641,874466,55,135,4,3,7.590957422
14642,874439,55,121,4,3,5.936789674
14643,877135,55,42,5,3,21.807499
14644,874495,55,62,4,3,6.706365699
14645,874442,55,132,4,3,5.955262927
14646,876847,55,1,5,3,19.74253268
14647,874847,55,35,4,3,6.198527919
14648,874865,55,55,4,3,5.795422031
14649,877021,55,70,5,3,19.46437805
14650,877177,55,20,5,3,22.50847324
14651,874534,55,89,4,3,6.673858161
14652,877114,55,60,5,3,22.37547517
14653,874409,55,86,4,3,6.522234553
14654,874382,55,68,4,3,5.95217197
14655,874841,55,25,4,3,6.253089341
14656,877192,55,6,5,3,22.78172025
14657,877222,55,64,5,3,23.73637905
14658,877228,55,21,5,3,21.86210978
14659,876907,55,102,5,3,21.59935664
14660,874346,55,108,4,3,6.698642289
14661,874844,55,31,4,3,5.871352073
14662,876871,55,126,5,3,19.78791893
14663,876925,55,137,5,3,21.43520833
14664,877147,55,36,5,3,19.69216037
14665,877213,55,18,5,3,22.71316173
14666,876937,55,118,5,3,24.18653719
14667,874856,55,34,4,3,5.896214778
14668,877258,55,50,5,3,11.87774283
14669,874898,55,13,4,3,6.781702364
14670,877045,55,83,5,3,22.30308226
14671,877066,55,88,5,3,11.90192295
14672,876934,55,116,5,3,25.77429464
14673,877051,55,78,5,3,18.93045334
14674,877042,55,96,5,3,21.4349848
14675,877165,55,28,5,3,23.95804204
14676,874862,55,50,4,3,5.263463655
14677,877129,55,43,5,3,21.74063621
14678,876862,55,122,5,3,17.89722521
14679,877018,55,75,5,3,22.36837297
14680,877198,55,11,5,3,22.55241006
14681,877012,55,93,5,3,24.34283005
14682,876958,55,128,5,3,21.96049467
14683,874594,55,32,4,3,7.03025526
14684,874358,55,122,4,3,6.579128989
14685,874343,55,119,4,3,6.537183143
14686,874481,55,137,4,3,6.434470082
14687,876922,55,111,5,3,20.16780596
14688,877102,55,15,5,3,24.88228661
14689,877261,55,55,5,3,20.32132712
14690,877048,55,98,5,3,22.48203662
14691,874403,55,74,4,3,6.801170004
14692,874388,55,75,4,3,6.12954308
14693,877003,55,74,5,3,23.55155679
14694,877144,55,9,5,3,21.41995292
14695,876859,55,5,5,3,17.32271341
14696,877105,55,39,5,3,27.45984454
14697,876982,55,141,5,3,17.20221576
14698,874415,55,84,4,3,6.539488972
14699,877111,55,61,5,3,21.49118331
14700,877063,55,90,5,3,17.64945867
14701,877207,55,51,5,3,18.26300034
14702,874904,55,44,4,3,6.799389863
14703,874552,55,95,4,3,7.263107752
14704,874641,55,36,4,3,6.659692586
14705,874516,55,39,4,3,8.957807345
14706,877195,55,10,5,3,21.04523602
14707,874585,55,71,4,3,6.608300171
14708,877183,55,57,5,3,24.31503126
14709,876997,55,86,5,3,19.78791893
14710,874430,55,127,4,3,5.872646256
14711,874877,55,45,4,3,6.606709065
14712,877216,55,24,5,3,19.32174228
14713,877087,55,89,5,3,21.77739196
14714,874406,55,80,4,3,6.968784799
14715,876883,55,117,5,3,23.78126415
14716,876940,55,135,5,3,22.44163958
14717,876970,55,131,5,3,17.64972749
14718,877090,55,65,5,3,19.8247288
14719,874573,55,98,4,3,6.665068392
14720,874579,55,96,4,3,6.434479995
14721,877255,55,46,5,3,17.795487
14722,874549,55,72,4,3,8.279870171
14723,877168,55,27,5,3,23.56166841
14724,877201,55,16,5,3,18.02621754
14725,874919,55,10,4,3,5.925667074
14726,874457,55,139,4,3,6.665068392
14727,874558,55,90,4,3,5.617697449
14728,874892,55,27,4,3,6.826533179
14729,874349,55,126,4,3,6.522234553
14730,874328,55,112,4,3,6.284280262
14731,874504,55,40,4,3,6.607284157
14732,877210,55,12,5,3,23.41915303
14733,874570,55,78,4,3,6.234041209
14734,874874,55,49,4,3,6.575514685
14735,874487,55,105,4,3,6.608280997
14736,874835,55,48,4,3,6.469220692
14737,874531,55,65,4,3,6.149905318
14738,877243,55,35,5,3,21.48155697
14739,877000,55,80,5,3,23.78126415
14740,874394,55,93,4,3,6.619944446
14741,874340,55,120,4,3,6.746809888
14742,874391,55,69,4,3,6.105061444
14743,877153,55,45,5,3,20.96169918
14744,876955,55,100,5,3,17.44185147
14745,877162,55,63,5,3,17.32271887
14746,874597,55,42,4,3,6.75854421
14747,876967,55,121,5,3,19.68614922
14748,874421,55,130,4,3,5.33923052
14749,874576,55,83,4,3,6.882464971
14750,876928,55,136,5,3,22.32175756
14751,874334,55,109,4,3,6.801170004
14752,874433,55,129,4,3,5.26452039
14753,877150,55,49,5,3,17.86500286
14754,877117,55,40,5,3,19.98202778
14755,876868,55,114,5,3,18.99476736
14756,877225,55,33,5,3,20.85918499
14757,877108,55,56,5,3,24.56547385
14758,876853,55,3,5,3,22.57471752
14759,877024,55,68,5,3,21.59935664
14760,874910,55,17,4,3,6.582934349
14761,876880,55,120,5,3,21.80011208
14762,877120,55,14,5,3,20.00988219
14763,876874,55,108,5,3,21.97406172
14764,876946,55,123,5,3,22.30308226
14765,874513,55,56,4,3,7.587894778
14766,874355,55,125,4,3,6.539495579
14767,874907,55,57,4,3,6.612257463
14768,874352,55,114,4,3,6.623421932
14769,877027,55,73,5,3,18.29529819
14770,874454,55,113,4,3,6.233672408
14771,877030,55,99,5,3,23.81074216
14772,877204,55,23,5,3,21.9471403
14773,874418,55,82,4,3,6.579128989
14774,877189,55,53,5,3,22.88346514
14775,874316,55,104,4,3,5.843269135
14776,876985,55,130,5,3,15.74624114
14777,874546,55,94,4,3,7.497413053
14778,877075,55,94,5,3,22.94060062
14779,874540,55,85,4,3,5.74043349
14780,877099,55,38,5,3,22.22868655
14781,874814,55,12,4,3,6.300029532
14782,876919,55,105,5,3,20.01117466
14783,877231,55,48,5,3,22.81228691
14784,874475,55,106,4,3,8.367823453
14785,874880,55,58,4,3,6.411859199
14786,877141,55,26,5,3,21.78102218
14787,874370,55,2,4,3,6.261810134
14788,876991,55,84,5,3,17.57637342
14789,874823,55,37,4,3,6.623326406
14790,874490,55,138,4,3,6.701271742
14791,874808,55,23,4,3,6.073648929
14792,874460,55,123,4,3,6.882464971
14793,877015,55,69,5,3,22.318317
14794,874331,55,101,4,3,6.433502307
14795,874826,55,64,4,3,6.954335142
14796,874802,55,11,4,3,6.153150783
14797,877171,55,8,5,3,23.28364437
14798,876994,55,79,5,3,18.99476736
14799,874883,55,41,4,3,6.580872292
14800,874427,55,133,4,3,5.669842283
14801,874307,55,140,4,3,6.918133058
14802,876943,55,124,5,3,24.03065331
14803,876850,55,2,5,3,21.93219192
14804,874319,55,110,4,3,6.12954308
14805,876913,55,140,5,3,23.81074216
14806,876886,55,109,5,3,23.55155679
14807,874412,55,79,4,3,6.623421932
14808,876973,55,129,5,3,11.90192295
14809,874603,55,26,4,3,6.595338571
14810,876895,55,134,5,3,24.34243033
14811,876976,55,127,5,3,20.23958141
14812,874886,55,63,4,3,6.562698425
14813,874364,55,4,4,3,6.054823924
14814,874871,55,59,4,3,5.317825216
14815,877096,55,29,5,3,24.08885835
14816,874445,55,115,4,3,5.874276315
14817,874325,55,134,4,3,6.619823381
14818,876865,55,125,5,3,17.57629674
14819,876877,55,119,5,3,21.5282083
14820,876988,55,82,5,3,17.89722521
14821,877081,55,85,5,3,19.77732414
14822,876889,55,101,5,3,23.31389388
14823,874853,55,7,4,3,5.872252834
14824,874367,55,3,4,3,7.197011273
14825,874889,55,28,4,3,7.030832139
14826,874424,55,141,4,3,5.592895831
14827,877126,55,62,5,3,21.17686715
14828,876904,55,104,5,3,19.46437805
14829,874525,55,29,4,3,8.420231916
14830,874582,55,76,4,3,6.519113142
14831,874469,55,118,4,3,8.105953974
14832,874510,55,61,4,3,6.424081772
14833,876949,55,139,5,3,22.48203662
14834,876979,55,133,5,3,19.53058121
14835,876931,55,106,5,3,25.83280383
14836,874850,55,54,4,3,5.799884039
14837,874829,55,33,4,3,6.448196004
14838,877039,55,76,5,3,20.16780596
14839,874522,55,38,4,3,7.36189413
14840,877054,55,87,5,3,21.96049467
14841,874564,55,92,4,3,5.955462164
14842,874588,55,97,4,3,6.701262995
14843,877156,55,58,5,3,18.77972767
14844,876910,55,107,5,3,18.29529819
14845,874805,55,16,4,3,5.764514434
14846,877057,55,92,5,3,20.6505009
14847,874600,55,30,4,3,6.506105618
14848,874555,55,88,4,3,5.26452039
14849,874463,55,124,4,3,7.293051822
14850,877249,55,7,5,3,17.56051841
14851,876901,55,110,5,3,22.36837297
14852,877246,55,54,5,3,20.12028627
14853,874591,55,43,4,3,6.626513845
14854,874400,55,67,4,3,6.433502307
14855,876916,55,138,5,3,20.95317432
14856,876898,55,103,5,3,22.318317
14857,874567,55,87,4,3,6.26223548
14858,874913,55,53,4,3,6.215109393
14859,877180,55,44,5,3,23.39786453
14860,877036,55,71,5,3,20.0111503
14861,874361,55,5,4,3,5.524703991
14862,874337,55,117,4,3,6.968784799
14863,874537,55,91,4,3,5.433213492
14864,874313,55,102,4,3,5.95217197
14865,874838,55,47,4,3,6.099401253
14866,874507,55,60,4,3,6.674952441
14867,874817,55,18,4,3,6.175888576
14868,874373,55,1,4,3,6.587404142
14869,874472,55,116,4,3,7.942470191
14870,874498,55,19,4,3,6.53678612
14871,877237,55,25,5,3,19.06374469
14872,877078,55,66,5,3,18.15226975
14873,874606,55,9,4,3,6.763746124
14874,877252,55,34,5,3,19.65709701
14875,876964,55,132,5,3,20.64938172
14876,825760,54,103,5,3,10.13740916
14877,826372,54,31,5,3,10.47257775
14878,826366,54,47,5,3,11.03706471
14879,823394,54,98,4,3,6.947133295
14880,823451,54,84,4,3,7.076424758
14881,827141,54,114,6,3,31.666184
14882,827139,54,108,6,3,31.38884935
14883,827111,54,128,6,3,34.18062626
14884,827123,54,111,6,3,31.62649667
14885,827121,54,136,6,3,30.75813335
14886,827134,54,101,6,3,33.71192434
14887,825985,54,133,5,3,8.706739022
14888,823364,54,66,4,3,6.339157976
14889,827127,54,107,6,3,37.07216274
14890,823379,54,90,4,3,6.112348152
14891,823298,54,101,4,3,6.499405841
14892,825769,54,101,5,3,11.43810998
14893,826342,54,12,5,3,11.23771298
14894,827132,54,134,6,3,33.65593185
14895,827107,54,131,6,3,34.67389389
14896,826052,54,57,5,3,12.56698164
14897,825816,54,62,5,3,13.58267707
14898,826070,54,34,5,3,10.32510885
14899,826378,54,54,5,3,9.169227581
14900,823176,54,49,4,3,7.140612287
14901,826007,54,30,5,3,13.73915166
14902,826031,54,63,5,3,11.40745568
14903,825988,54,127,5,3,9.403636349
14904,827135,54,109,6,3,32.29772352
14905,827120,54,106,6,3,28.824582
14906,823549,54,31,4,3,6.273727196
14907,826046,54,20,5,3,10.71678241
14908,827122,54,137,6,3,29.86938464
14909,827002,54,48,6,3,34.02865764
14910,827044,54,39,6,3,27.72553855
14911,827126,54,140,6,3,33.17297803
14912,827017,54,17,6,3,33.36083066
14913,825727,54,106,5,3,19.50581497
14914,823382,54,81,4,3,6.298834348
14915,823355,54,89,4,3,7.172127638
14916,827031,54,9,6,3,31.87381866
14917,827019,54,44,6,3,32.89096201
14918,827029,54,49,6,3,30.15494095
14919,823277,54,107,4,3,5.821626343
14920,825837,54,39,5,3,22.45229124
14921,827045,54,15,6,3,29.53574853
14922,823477,54,27,4,3,6.95120567
14923,827043,54,56,6,3,29.67289705
14924,826043,54,13,5,3,11.80435772
14925,825778,54,120,5,3,13.42292044
14926,823480,54,8,4,3,6.686912047
14927,826049,54,44,5,3,12.67320071
14928,826019,54,49,5,3,10.58078526
14929,826010,54,26,5,3,13.68191263
14930,826363,54,48,5,3,11.22934356
14931,825784,54,108,5,3,13.62824594
14932,827075,54,93,6,3,33.65590228
14933,823576,54,59,4,3,5.627610011
14934,823504,54,10,4,3,5.978383021
14935,823358,54,91,4,3,5.74898125
14936,823507,54,11,4,3,6.204044635
14937,823232,54,100,4,3,6.370590039
14938,823214,54,15,4,3,8.03547456
14939,827041,54,60,6,3,30.72903446
14940,825748,54,107,5,3,8.463694088
14941,827146,54,3,6,3,30.17543692
14942,823199,54,40,4,3,7.149468936
14943,825709,54,139,5,3,12.76958802
14944,827119,54,116,6,3,28.88368865
14945,827109,54,132,6,3,35.15616093
14946,823537,54,21,4,3,6.80202856
14947,823522,54,18,4,3,6.221374471
14948,823220,54,121,4,3,6.298728089
14949,823337,54,2,4,3,6.342688241
14950,826016,54,36,5,3,12.05364835
14951,825831,54,61,5,3,14.66934852
14952,826381,54,7,5,3,10.73361271
14953,823558,54,7,4,3,6.372066643
14954,823400,54,96,4,3,7.014751429
14955,823466,54,127,4,3,6.216324773
14956,823561,54,34,4,3,6.264015971
14957,826076,54,50,5,3,6.941410811
14958,823190,54,62,4,3,7.238636415
14959,826369,54,25,5,3,11.07626785
14960,823555,54,54,4,3,6.044015426
14961,825733,54,137,5,3,14.66189338
14962,823325,54,122,4,3,7.146132353
14963,823540,54,48,4,3,6.682984067
14964,825745,54,140,5,3,12.66801156
14965,825772,54,109,5,3,13.40817829
14966,825822,54,14,5,3,13.11099386
14967,825828,54,60,5,3,15.25577872
14968,826025,54,58,5,3,11.72384077
14969,823319,54,114,4,3,7.129036078
14970,826333,54,16,5,3,8.243920799
14971,826994,54,46,6,3,34.70909053
14972,827010,54,51,6,3,36.77191235
14973,826348,54,24,5,3,8.50052679
14974,823313,54,108,4,3,7.191219229
14975,825697,54,115,5,3,10.63849526
14976,825885,54,92,5,3,9.703370663
14977,826037,54,27,5,3,14.17662165
14978,825849,54,22,5,3,16.94902038
14979,825805,54,3,5,3,15.44110312
14980,823397,54,83,4,3,7.223992797
14981,826318,54,17,5,3,11.80086863
14982,823573,54,52,4,3,5.864384211
14983,823570,54,55,4,3,6.105169073
14984,827142,54,125,6,3,32.19843539
14985,826351,54,37,5,3,11.97481491
14986,823421,54,70,4,3,5.929055364
14987,827147,54,2,6,3,34.69230514
14988,825811,54,1,5,3,12.20330878
14989,825754,54,104,5,3,8.604527294
14990,823546,54,25,4,3,6.657363094
14991,823525,54,24,4,3,5.900416654
14992,823376,54,88,4,3,5.548223949
14993,823469,54,129,4,3,5.548223949
14994,823244,54,124,4,3,7.359813119
14995,825808,54,2,5,3,10.73512557
14996,823247,54,135,4,3,7.592961678
14997,823289,54,103,4,3,6.156469785
14998,823274,54,140,4,3,6.9921169
14999,823295,54,112,4,3,6.401286506
15000,827103,54,141,6,3,34.75444464
15001,827028,54,45,6,3,32.92501511
15002,823238,54,139,4,3,6.947133295
15003,825861,54,85,5,3,8.949249585
15004,825997,54,121,5,3,10.46984295
15005,825751,54,102,5,3,9.773626847
15006,825991,54,129,5,3,6.9878077
15007,825882,54,81,5,3,10.47005515
15008,825855,54,89,5,3,13.52832429
15009,823292,54,134,4,3,6.696804885
15010,823235,54,113,4,3,6.644860341
15011,827011,54,23,6,3,34.91394865
15012,825796,54,122,5,3,10.63957234
15013,825834,54,56,5,3,17.47746506
15014,826013,54,9,5,3,12.9620984
15015,823361,54,85,4,3,6.02607002
15016,823304,54,117,4,3,7.186699469
15017,823367,54,94,4,3,7.519751457
15018,825819,54,19,5,3,13.00598294
15019,827014,54,10,6,3,36.54828959
15020,827070,54,73,6,3,37.07216274
15021,827057,54,88,6,3,37.50032276
15022,825915,54,73,5,3,8.463694088
15023,823564,54,46,4,3,6.146248912
15024,827148,54,1,6,3,32.24398188
15025,827130,54,110,6,3,34.89698884
15026,827068,54,97,6,3,29.85364772
15027,823283,54,104,4,3,5.929055364
15028,823253,54,116,4,3,7.965107517
15029,827082,54,84,6,3,32.19846713
15030,826073,54,46,5,3,9.959880539
15031,823205,54,61,4,3,7.006053998
15032,823567,54,50,4,3,5.544136503
15033,825712,54,123,5,3,13.22276301
15034,823457,54,130,4,3,5.641128028
15035,827059,54,81,6,3,34.40726097
15036,823448,54,79,4,3,7.129036078
15037,823391,54,78,4,3,6.645086401
15038,825825,54,40,5,3,13.2941356
15039,826321,54,53,5,3,10.62078324
15040,825967,54,86,5,3,11.9642793
15041,825903,54,76,5,3,12.95828058
15042,825873,54,95,5,3,17.25579595
15043,825906,54,71,5,3,13.2403218
15044,827104,54,133,6,3,34.75588887
15045,827055,54,72,6,3,29.31514809
15046,825700,54,128,5,3,10.64357212
15047,825982,54,141,5,3,8.26877671
15048,827050,54,89,6,3,32.05465056
15049,825891,54,78,5,3,11.0399725
15050,827079,54,80,6,3,32.404022
15051,827001,54,47,6,3,33.89093469
15052,825840,54,15,5,3,17.81243819
15053,826999,54,31,6,3,33.86222875
15054,825958,54,67,5,3,11.43810998
15055,827083,54,82,6,3,29.95390541
15056,827067,54,71,6,3,30.91196258
15057,827061,54,87,6,3,34.18062626
15058,825888,54,87,5,3,10.64357212
15059,825757,54,110,5,3,10.18747995
15060,825976,54,82,5,3,10.63957234
15061,825894,54,98,5,3,12.76958802
15062,825964,54,80,5,3,14.06871488
15063,825870,54,72,5,3,18.53090846
15064,827078,54,74,6,3,32.29772352
15065,827026,54,41,6,3,32.7976337
15066,825864,54,66,5,3,10.70504303
15067,827063,54,98,6,3,33.5625397
15068,825879,54,90,5,3,9.8035193
15069,825909,54,97,5,3,13.48827055
15070,827040,54,40,6,3,30.55697009
15071,826327,54,10,5,3,9.398134233
15072,827048,54,22,6,3,30.29878988
15073,827023,54,27,6,3,31.6016692
15074,825846,54,29,5,3,16.36678769
15075,826034,54,28,5,3,14.10897788
15076,826354,54,64,5,3,14.18081179
15077,826991,54,52,6,3,35.15022251
15078,826992,54,55,6,3,34.24407322
15079,827021,54,13,6,3,33.68081317
15080,827033,54,30,6,3,31.28909381
15081,826040,54,8,5,3,11.86087701
15082,827046,54,38,6,3,31.37404228
15083,827007,54,24,6,3,36.17828665
15084,827008,54,18,6,3,34.90569044
15085,826990,54,59,6,3,36.03199529
15086,826357,54,33,5,3,11.45588083
15087,825973,54,84,5,3,11.61931835
15088,826996,54,7,6,3,33.68961687
15089,823513,54,23,4,3,6.105372088
15090,823259,54,136,4,3,7.097573293
15091,827013,54,11,6,3,35.11207427
15092,827037,54,62,6,3,29.61475137
15093,827108,54,121,6,3,34.40762152
15094,826997,54,54,6,3,35.53372839
15095,826995,54,34,6,3,34.63508331
15096,826324,54,6,5,3,10.62784989
15097,823385,54,92,4,3,6.186231641
15098,823193,54,19,4,3,7.051746883
15099,823185,54,41,4,3,7.072485394
15100,823179,54,45,4,3,7.066304658
15101,823552,54,35,4,3,6.410971092
15102,825930,54,93,5,3,12.54223935
15103,823328,54,5,4,3,5.831422172
15104,827058,54,90,6,3,34.67347985
15105,823415,54,73,4,3,5.821626343
15106,827052,54,85,6,3,34.57566992
15107,823427,54,69,4,3,6.156469785
15108,827053,54,66,6,3,33.72043048
15109,823310,54,119,4,3,7.075342639
15110,823217,54,131,4,3,6.112324219
15111,827035,54,32,6,3,32.82476154
15112,827024,54,28,6,3,32.4542149
15113,823471,54,63,4,3,7.104302709
15114,823182,54,58,4,3,6.92260039
15115,827047,54,29,6,3,30.23342843
15116,823202,54,60,4,3,7.106722049
15117,825799,54,5,5,3,7.847539245
15118,825921,54,70,5,3,8.604527294
15119,827112,54,100,6,3,33.40020401
15120,827054,54,94,6,3,30.91303198
15121,827006,54,37,6,3,33.60399471
15122,823196,54,14,4,3,7.118712172
15123,827005,54,64,6,3,32.76581214
15124,827036,54,43,6,3,31.85882124
15125,823501,54,6,4,3,6.201439409
15126,827074,54,69,6,3,35.18590991
15127,825897,54,83,5,3,13.22276301
15128,825721,54,118,5,3,16.59352898
15129,823528,54,37,4,3,7.017667827
15130,826336,54,23,5,3,9.801305676
15131,825927,54,69,5,3,10.13740916
15132,826339,54,51,5,3,8.527088442
15133,823460,54,141,4,3,5.932229923
15134,827128,54,102,6,3,35.81921707
15135,827072,54,70,6,3,36.11507607
15136,827131,54,103,6,3,35.18590991
15137,827117,54,135,6,3,31.19828422
15138,827116,54,124,6,3,30.28985712
15139,827064,54,83,6,3,32.93001894
15140,827039,54,14,6,3,31.19724315
15141,827015,54,6,6,3,34.84675553
15142,827027,54,58,6,3,33.59165591
15143,825802,54,4,5,3,10.61178834
15144,823403,54,76,4,3,7.035453199
15145,827025,54,63,6,3,31.77218377
15146,827143,54,122,6,3,29.95390541
15147,827136,54,117,6,3,32.404022
15148,827003,54,21,6,3,34.0864271
15149,823161,54,42,4,3,7.220292085
15150,827004,54,33,6,3,34.19270054
15151,823492,54,57,4,3,6.695717506
15152,823486,54,20,4,3,6.343255361
15153,823173,54,36,4,3,7.160723146
15154,827022,54,8,6,3,33.15824793
15155,827034,54,42,6,3,31.78021728
15156,823208,54,56,4,3,7.688369004
15157,823430,54,93,4,3,6.69691987
15158,825876,54,88,5,3,6.9878077
15159,823495,54,17,4,3,6.622607531
15160,827144,54,5,6,3,35.26349246
15161,823519,54,12,4,3,6.378015604
15162,827140,54,126,6,3,33.2891319
15163,827133,54,112,6,3,34.366186
15164,823388,54,87,4,3,6.496026238
15165,823543,54,47,4,3,6.386200991
15166,823489,54,44,4,3,6.896060439
15167,823170,54,9,4,3,7.222086973
15168,823373,54,95,4,3,7.50474789
15169,825852,54,65,5,3,10.63421392
15170,827049,54,65,6,3,34.07894297
15171,823241,54,123,4,3,7.223992797
15172,823370,54,72,4,3,8.24066025
15173,823164,54,30,4,3,7.059353902
15174,823406,54,71,4,3,7.126410704
15175,823483,54,13,4,3,6.849597538
15176,823155,54,43,4,3,7.163027195
15177,825924,54,75,5,3,10.18747995
15178,823498,54,53,4,3,6.2784112
15179,823439,54,74,4,3,6.911800513
15180,823409,54,97,4,3,7.231879874
15181,823463,54,133,4,3,5.924476631
15182,825793,54,125,5,3,11.61930339
15183,823262,54,137,4,3,7.014746696
15184,826004,54,42,5,3,13.14774864
15185,823454,54,82,4,3,7.146132353
15186,823226,54,115,4,3,6.28872517
15187,827073,54,75,6,3,34.89698884
15188,823436,54,67,4,3,6.499405841
15189,823331,54,4,4,3,6.415143517
15190,823307,54,120,4,3,7.222672542
15191,823334,54,3,4,3,7.483450557
15192,823340,54,1,4,3,7.094758673
15193,823316,54,126,4,3,7.005098509
15194,823286,54,110,4,3,6.173406281
15195,823167,54,26,4,3,7.122674797
15196,823223,54,132,4,3,6.186049843
15197,823256,54,106,4,3,8.340367159
15198,825813,54,43,5,3,14.0495527
15199,823445,54,86,4,3,7.005098509
15200,825715,54,124,5,3,16.71264314
15201,827106,54,129,6,3,37.50032276
15202,827102,54,130,6,3,36.0357734
15203,825961,54,74,5,3,13.40817829
15204,825718,54,135,5,3,13.86713279
15205,823412,54,99,4,3,6.9921169
15206,823418,54,68,4,3,6.036921521
15207,826022,54,45,5,3,12.44632642
15208,826028,54,41,5,3,11.54096786
15209,823516,54,51,4,3,5.818567276
15210,826375,54,35,5,3,10.59478216
15211,823474,54,28,4,3,7.217085847
15212,823510,54,16,4,3,5.809080731
15213,827009,54,12,6,3,34.21756217
15214,827020,54,20,6,3,34.60004805
15215,823531,54,64,4,3,7.248773602
15216,823346,54,29,4,3,8.275614381
15217,825703,54,100,5,3,10.73235998
15218,825742,54,138,5,3,13.48842373
15219,825787,54,126,5,3,11.9642793
15220,823433,54,77,4,3,6.401286506
15221,827137,54,120,6,3,32.90099328
15222,825781,54,119,5,3,13.57753358
15223,823265,54,111,4,3,7.035453199
15224,825858,54,91,5,3,7.378723541
15225,827118,54,118,6,3,30.29067016
15226,827129,54,104,6,3,36.11507607
15227,823280,54,102,4,3,6.036921521
15228,825766,54,112,5,3,10.9473018
15229,827138,54,119,6,3,31.51181153
15230,825706,54,113,5,3,11.04857139
15231,823424,54,75,4,3,6.173406281
15232,827145,54,4,6,3,34.45706382
15233,827076,54,77,6,3,34.366186
15234,827032,54,26,6,3,31.19725069
15235,823349,54,22,4,3,7.44251086
15236,823158,54,32,4,3,7.453216161
15237,826001,54,32,5,3,14.15757339
15238,827062,54,78,6,3,34.48480583
15239,827124,54,105,6,3,30.91161067
15240,827081,54,79,6,3,31.666184
15241,827113,54,113,6,3,34.47607536
15242,823322,54,125,4,3,7.076432621
15243,825979,54,130,5,3,6.854871982
15244,827060,54,92,6,3,35.15560782
15245,825775,54,117,5,3,14.06871488
15246,823534,54,33,4,3,6.769809466
15247,823352,54,65,4,3,6.446784508
15248,827066,54,76,6,3,31.62649667
15249,827056,54,95,6,3,29.8790862
15250,827065,54,96,6,3,29.86919003
15251,827125,54,138,6,3,29.85341007
15252,827051,54,91,6,3,35.56104123
15253,825994,54,131,5,3,9.803605923
15254,827077,54,67,6,3,33.71192434
15255,827080,54,86,6,3,33.2891319
15256,825933,54,77,5,3,10.9473018
15257,827042,54,61,6,3,29.8879642
15258,825970,54,79,5,3,11.52139831
15259,825900,54,96,5,3,14.66175373
15260,827000,54,25,6,3,34.44220259
15261,826330,54,11,5,3,10.29714096
15262,823250,54,118,4,3,8.043034783
15263,827115,54,123,6,3,32.93001894
15264,823271,54,138,4,3,7.231888703
15265,825867,54,94,5,3,14.76064225
15266,826993,54,50,6,3,37.58306865
15267,827030,54,36,6,3,31.51980337
15268,825694,54,132,5,3,9.702181732
15269,826360,54,21,5,3,12.24107819
15270,826345,54,18,5,3,10.50434711
15271,826117,54,59,5,3,6.772493129
15272,825843,54,38,5,3,13.56502934
15273,825724,54,116,5,3,19.60382423
15274,823211,54,39,4,3,8.719927105
15275,825739,54,105,5,3,13.24042398
15276,823301,54,109,4,3,6.911800513
15277,825918,54,68,5,3,9.773626847
15278,825912,54,99,5,3,12.66801156
15279,823268,54,105,4,3,7.126396863
15280,823343,54,38,4,3,7.41411341
15281,827038,54,19,6,3,31.53651581
15282,826998,54,35,6,3,34.53289013
15283,827071,54,68,6,3,35.81921707
15284,827069,54,99,6,3,33.17297803
15285,826114,54,52,5,3,8.007602768
15286,826111,54,55,5,3,9.300488829
15287,827016,54,53,6,3,34.39961035
15288,827012,54,16,6,3,37.67186939
15289,825790,54,114,5,3,11.52139831
15290,825730,54,136,5,3,15.18150009
15291,825763,54,134,5,3,12.54174934
15292,827018,54,57,6,3,33.47063595
15293,823229,54,128,4,3,6.496026238
15294,827110,54,115,6,3,34.22324851
15295,825736,54,111,5,3,12.95828058
15296,827114,54,139,6,3,33.5625397
15297,827105,54,127,6,3,34.23823801
15298,823442,54,80,4,3,7.186699469
15299,823481,53,8,4,3,6.099869901
15300,823177,53,49,4,3,6.042036842
15301,825783,53,108,5,3,17.15201747
15302,825960,53,74,5,3,17.99691841
15303,826322,53,53,5,3,15.44228282
15304,823159,53,32,4,3,6.515231572
15305,825768,53,101,5,3,16.16730564
15306,825807,53,2,5,3,15.42809652
15307,825762,53,134,5,3,17.32333632
15308,825726,53,106,5,3,22.87959806
15309,825792,53,125,5,3,15.40448714
15310,823216,53,131,4,3,5.400702957
15311,823378,53,90,4,3,5.400700936
15312,825771,53,109,5,3,17.99691841
15313,825750,53,102,5,3,14.37111012
15314,823423,53,75,4,3,5.640862065
15315,825914,53,73,5,3,13.05855438
15316,823345,53,29,4,3,8.421173133
15317,823249,53,118,4,3,8.045839268
15318,825963,53,80,5,3,18.39671461
15319,823532,53,64,4,3,6.451912064
15320,823571,53,55,4,3,5.429250666
15321,823574,53,52,4,3,5.205622176
15322,825902,53,76,5,3,16.68890291
15323,823372,53,95,4,3,7.082453627
15324,823369,53,72,4,3,8.266753158
15325,823330,53,4,4,3,5.69532372
15326,825890,53,78,5,3,15.16056711
15327,823390,53,78,4,3,5.853685998
15328,825842,53,38,5,3,17.78848386
15329,823234,53,113,4,3,5.8536927
15330,823493,53,57,4,3,6.159867841
15331,823252,53,116,4,3,7.897742036
15332,823285,53,110,4,3,5.640862065
15333,825777,53,120,5,3,17.35166499
15334,823225,53,115,4,3,5.500339599
15335,826047,53,20,5,3,15.39830729
15336,823174,53,36,4,3,6.170215371
15337,825705,53,113,5,3,15.1669961
15338,825848,53,22,5,3,20.96451113
15339,825896,53,83,5,3,17.37601895
15340,826367,53,47,5,3,15.33439746
15341,825966,53,86,5,3,15.80333897
15342,823375,53,88,4,3,5.027691213
15343,823429,53,93,4,3,6.182803784
15344,823559,53,7,4,3,5.585495488
15345,823300,53,109,4,3,6.387990997
15346,823354,53,89,4,3,6.190293563
15347,825741,53,138,5,3,16.86414424
15348,823237,53,139,4,3,6.195663561
15349,823255,53,106,4,3,8.378450902
15350,825984,53,133,5,3,13.08108638
15351,826035,53,28,5,3,18.51590574
15352,825878,53,90,5,3,14.11301581
15353,823444,53,86,4,3,6.06439456
15354,823487,53,20,4,3,5.690826328
15355,825875,53,88,5,3,11.40160263
15356,825893,53,98,5,3,16.93576692
15357,825720,53,118,5,3,20.45198364
15358,825723,53,116,5,3,22.93485765
15359,823228,53,128,4,3,5.754248643
15360,823462,53,133,4,3,5.306275762
15361,825905,53,71,5,3,16.86614244
15362,825747,53,107,5,3,13.05855438
15363,823432,53,77,4,3,5.747771906
15364,826020,53,49,5,3,14.48780464
15365,825887,53,87,5,3,15.2081041
15366,823321,53,125,4,3,6.03261533
15367,825759,53,103,5,3,14.98253169
15368,825999,53,43,5,3,17.82998989
15369,826011,53,26,5,3,17.1330789
15370,825833,53,56,5,3,21.07656911
15371,826364,53,48,5,3,15.87622947
15372,826014,53,9,5,3,16.58853866
15373,823273,53,140,4,3,6.411338422
15374,825696,53,115,5,3,14.84726748
15375,823450,53,84,4,3,6.032611817
15376,823168,53,26,4,3,6.123150287
15377,823523,53,18,4,3,5.658970885
15378,823348,53,22,4,3,7.213086961
15379,825990,53,129,5,3,11.40160263
15380,825711,53,123,5,3,17.37601895
15381,823538,53,21,4,3,6.132830553
15382,823535,53,33,4,3,6.04036743
15383,825699,53,128,5,3,15.2081041
15384,826077,53,50,5,3,11.36047467
15385,825987,53,127,5,3,13.49888164
15386,823447,53,79,4,3,6.126579475
15387,823568,53,50,4,3,5.024423733
15388,823399,53,96,4,3,6.111714175
15389,825851,53,65,5,3,14.72587893
15390,823192,53,19,4,3,6.164136723
15391,823198,53,40,4,3,6.246436688
15392,825714,53,124,5,3,20.80571845
15393,826032,53,63,5,3,15.22801035
15394,823171,53,9,4,3,6.308894366
15395,823459,53,141,4,3,5.233294329
15396,823499,53,53,4,3,5.722829885
15397,823180,53,45,4,3,6.148854199
15398,823213,53,15,4,3,7.818004398
15399,825801,53,4,5,3,14.91358384
15400,825920,53,70,5,3,13.42918299
15401,825717,53,135,5,3,18.02876309
15402,825845,53,29,5,3,20.22773331
15403,823357,53,91,4,3,5.095717344
15404,825899,53,96,5,3,18.1592721
15405,823363,53,66,4,3,5.555328298
15406,825857,53,91,5,3,10.4002227
15407,825830,53,61,5,3,18.1703003
15408,825798,53,5,5,3,11.24307983
15409,825774,53,117,5,3,18.39671461
15410,823204,53,61,4,3,6.101604201
15411,823402,53,76,4,3,6.148291756
15412,825738,53,105,5,3,16.86623851
15413,825854,53,89,5,3,17.25017525
15414,823297,53,101,4,3,5.930993839
15415,826044,53,13,5,3,16.5740424
15416,823384,53,92,4,3,5.534000948
15417,823258,53,136,4,3,6.361393551
15418,826074,53,46,5,3,14.27800685
15419,825926,53,69,5,3,14.98253169
15420,823309,53,119,4,3,6.067705336
15421,823505,53,10,4,3,5.533321435
15422,825872,53,95,5,3,20.74648204
15423,825917,53,68,5,3,14.37111012
15424,823261,53,137,4,3,6.111708505
15425,825869,53,72,5,3,22.06694294
15426,823381,53,81,4,3,5.627665469
15427,823484,53,13,4,3,6.261674584
15428,825789,53,114,5,3,15.34528147
15429,823456,53,130,4,3,5.014744745
15430,823324,53,122,4,3,6.046809555
15431,823502,53,6,4,3,5.740224276
15432,823411,53,99,4,3,6.411338422
15433,823417,53,68,4,3,5.58462253
15434,823550,53,31,4,3,5.525890879
15435,825972,53,84,5,3,15.40449668
15436,826337,53,23,5,3,14.65277326
15437,823165,53,30,4,3,6.038090123
15438,826005,53,42,5,3,16.93232494
15439,823544,53,47,4,3,5.658002725
15440,823562,53,34,4,3,5.597107074
15441,823195,53,14,4,3,6.248865352
15442,825929,53,93,5,3,17.32387633
15443,823342,53,38,4,3,7.174918081
15444,826379,53,54,5,3,13.74823684
15445,826325,53,6,5,3,15.2051626
15446,825932,53,77,5,3,15.63027325
15447,826017,53,36,5,3,15.80211389
15448,823336,53,2,4,3,5.806389358
15449,826071,53,34,5,3,14.73289409
15450,826050,53,44,5,3,17.46896851
15451,826328,53,10,5,3,14.09122812
15452,825957,53,67,5,3,16.16730564
15453,825993,53,131,5,3,14.1130938
15454,826067,53,57,5,3,17.36871859
15455,823294,53,112,4,3,5.747771906
15456,823279,53,102,4,3,5.58462253
15457,823496,53,17,4,3,6.106233431
15458,826370,53,25,5,3,15.19825501
15459,826331,53,11,5,3,15.16900525
15460,823490,53,44,4,3,6.373445436
15461,823201,53,60,4,3,6.376792447
15462,825729,53,136,5,3,18.81322226
15463,826349,53,24,5,3,13.32698641
15464,826346,53,18,5,3,15.30286219
15465,823207,53,56,4,3,7.470738375
15466,823312,53,108,4,3,6.232981101
15467,823339,53,1,4,3,6.101699156
15468,823318,53,114,4,3,6.126579475
15469,826361,53,21,5,3,16.37041762
15470,826358,53,33,5,3,15.51556433
15471,825786,53,126,5,3,15.80333897
15472,825708,53,139,5,3,16.93576692
15473,823162,53,42,4,3,6.29030656
15474,825765,53,112,5,3,15.63027325
15475,823435,53,67,4,3,5.930993839
15476,823553,53,35,4,3,5.764181316
15477,823526,53,24,4,3,5.332033825
15478,823478,53,27,4,3,6.441360442
15479,823219,53,121,4,3,5.627562114
15480,826376,53,35,5,3,15.10427401
15481,826023,53,45,5,3,16.23779497
15482,823514,53,23,4,3,5.62037205
15483,823351,53,65,4,3,5.762955083
15484,823231,53,100,4,3,5.589418743
15485,825908,53,97,5,3,16.86402233
15486,823508,53,11,4,3,5.713347246
15487,823438,53,74,4,3,6.387990997
15488,823387,53,87,4,3,5.754248643
15489,823441,53,80,4,3,6.497213811
15490,823517,53,51,4,3,5.389991444
15491,823577,53,59,4,3,4.995005981
15492,826008,53,30,5,3,17.26282689
15493,825780,53,119,5,3,17.20522688
15494,823405,53,71,4,3,6.245602889
15495,825969,53,79,5,3,15.34528147
15496,823222,53,132,4,3,5.533811217
15497,825978,53,130,5,3,9.515994578
15498,826355,53,64,5,3,18.41367319
15499,825881,53,81,5,3,14.86027012
15500,825693,53,132,5,3,14.25771686
15501,823210,53,39,4,3,9.104075687
15502,825996,53,121,5,3,14.86009597
15503,826029,53,41,5,3,15.41922074
15504,823414,53,73,4,3,5.401120876
15505,825818,53,19,5,3,16.73138765
15506,823267,53,105,4,3,6.245586287
15507,823520,53,12,4,3,5.757663772
15508,825756,53,110,5,3,15.01647243
15509,825824,53,40,5,3,16.84972409
15510,823282,53,104,4,3,5.350505083
15511,823327,53,5,4,3,5.178762354
15512,823541,53,48,4,3,5.916417435
15513,825836,53,39,5,3,25.46363511
15514,826343,53,12,5,3,15.94249185
15515,823565,53,46,4,3,5.441903521
15516,823465,53,127,4,3,5.502310703
15517,823240,53,123,4,3,6.44099378
15518,823186,53,41,4,3,6.094025419
15519,825923,53,75,5,3,15.01647243
15520,826038,53,27,5,3,18.53568195
15521,823511,53,16,4,3,5.400246773
15522,825839,53,15,5,3,21.39165783
15523,823472,53,63,4,3,6.043308886
15524,823303,53,117,4,3,6.497213811
15525,823366,53,94,4,3,7.342729248
15526,826115,53,52,5,3,11.76841845
15527,823360,53,85,4,3,5.374510234
15528,823183,53,58,4,3,5.961578046
15529,826112,53,55,5,3,13.54342268
15530,825702,53,100,5,3,14.82315929
15531,823189,53,62,4,3,6.280599169
15532,825827,53,60,5,3,18.88016393
15533,823420,53,70,4,3,5.350505083
15534,823529,53,37,4,3,6.191384712
15535,823315,53,126,4,3,6.06439456
15536,825815,53,62,5,3,16.91717916
15537,825735,53,111,5,3,16.68890291
15538,826026,53,58,5,3,15.54644768
15539,825753,53,104,5,3,13.42918299
15540,823291,53,134,4,3,6.182700369
15541,823468,53,129,4,3,5.027691213
15542,826068,53,7,5,3,14.83153369
15543,823243,53,124,4,3,7.105169767
15544,823276,53,107,4,3,5.401120876
15545,823246,53,135,4,3,7.451469795
15546,823393,53,98,4,3,6.195663561
15547,826041,53,8,5,3,16.58139096
15548,823453,53,82,4,3,6.046809555
15549,825884,53,92,5,3,14.25878433
15550,823426,53,69,4,3,5.665083598
15551,823156,53,43,4,3,6.123500683
15552,825975,53,82,5,3,14.52914393
15553,823270,53,138,4,3,6.287272736
15554,826340,53,51,5,3,13.14523747
15555,826334,53,16,5,3,12.7767782
15556,825863,53,66,5,3,14.84032198
15557,826118,53,59,5,3,9.280613436
15558,823556,53,54,4,3,5.387698
15559,823396,53,83,4,3,6.44099378
15560,826319,53,17,5,3,16.55698281
15561,825804,53,3,5,3,19.05686321
15562,825866,53,94,5,3,18.90074582
15563,826002,53,32,5,3,18.11608953
15564,823306,53,120,4,3,6.24082796
15565,826373,53,31,5,3,14.72709895
15566,825860,53,85,5,3,13.22642988
15567,825821,53,14,5,3,16.76403575
15568,823333,53,3,4,3,6.964430444
15569,823288,53,103,4,3,5.665083598
15570,823264,53,111,4,3,6.148291756
15571,825981,53,141,5,3,11.90257585
15572,825795,53,122,5,3,14.52914393
15573,826352,53,37,5,3,16.06858676
15574,825744,53,140,5,3,17.37980792
15575,825810,53,1,5,3,16.00255405
15576,825732,53,137,5,3,18.1593958
15577,823547,53,25,4,3,5.869460653
15578,823475,53,28,4,3,6.547744636
15579,825911,53,99,5,3,17.37980792
15580,823408,53,97,4,3,6.287259641
15581,825886,52,92,5,3,19.37814707
15582,825770,52,101,5,3,21.90490099
15583,825812,52,1,5,3,21.75065849
15584,825698,52,115,5,3,20.03329582
15585,825895,52,98,5,3,22.63052839
15586,823458,52,130,4,3,5.795551825
15587,825995,52,131,5,3,18.59759288
15588,825913,52,99,5,3,23.35458927
15589,823293,52,134,4,3,7.303354116
15590,826320,52,53,5,3,21.25230904
15591,825710,52,139,5,3,22.63052839
15592,823509,52,16,4,3,6.569546704
15593,823302,52,109,4,3,7.365504023
15594,825695,52,132,5,3,19.37697012
15595,823323,52,125,4,3,7.30175338
15596,825862,52,85,5,3,18.51222905
15597,823419,52,68,4,3,6.73795274
15598,825965,52,80,5,3,23.71531564
15599,823506,52,11,4,3,6.860236525
15600,826033,52,28,5,3,24.02080988
15601,823512,52,23,4,3,6.741769982
15602,823188,52,43,4,3,7.083975811
15603,825761,52,103,5,3,21.0263611
15604,823290,52,103,4,3,6.809837367
15605,823311,52,119,4,3,7.077733735
15606,823344,52,38,4,3,8.101011407
15607,825962,52,74,5,3,23.33332186
15608,823248,52,135,4,3,8.39859803
15609,826027,52,41,5,3,21.49725123
15610,823332,52,4,4,3,6.681202515
15611,825773,52,109,5,3,23.33332186
15612,823380,52,90,4,3,6.398900945
15613,823335,52,3,4,3,7.860386604
15614,823401,52,96,4,3,6.806752594
15615,823527,52,37,4,3,7.088681761
15616,823530,52,64,4,3,7.313604316
15617,825880,52,90,5,3,18.59771003
15618,823320,52,114,4,3,7.350776341
15619,823242,52,123,4,3,7.310481812
15620,825971,52,79,5,3,21.05258179
15621,823275,52,140,4,3,7.398084728
15622,823215,52,15,4,3,8.681031801
15623,823551,52,35,4,3,6.754080068
15624,823200,52,40,4,3,7.114914707
15625,823350,52,22,4,3,8.160618669
15626,825788,52,126,5,3,21.76856955
15627,823338,52,2,4,3,6.865683577
15628,826003,52,42,5,3,22.69667171
15629,823212,52,39,4,3,10.14130492
15630,823191,52,62,4,3,7.30197507
15631,823566,52,50,4,3,5.964648061
15632,825835,52,56,5,3,25.41068875
15633,823533,52,33,4,3,7.000085217
15634,825776,52,117,5,3,23.71531564
15635,826009,52,26,5,3,22.18287531
15636,825826,52,40,5,3,21.27730659
15637,825922,52,70,5,3,19.18550528
15638,823353,52,65,4,3,6.761879295
15639,823230,52,128,4,3,6.703134065
15640,823329,52,5,4,3,6.061045884
15641,825814,52,43,5,3,23.4564059
15642,826048,52,44,5,3,23.05759349
15643,823209,52,56,4,3,8.334763209
15644,825797,52,122,5,3,19.83819789
15645,823206,52,61,4,3,6.790552345
15646,823239,52,139,4,3,7.128130858
15647,826365,52,47,5,3,20.79899333
15648,823272,52,138,4,3,7.286981107
15649,826371,52,31,5,3,19.80003203
15650,823284,52,104,4,3,6.407656215
15651,823500,52,6,4,3,6.880545245
15652,823542,52,47,4,3,6.60710926
15653,825910,52,97,5,3,21.23270457
15654,823488,52,44,4,3,7.399535234
15655,825968,52,86,5,3,21.76856955
15656,823521,52,18,4,3,6.726360994
15657,826353,52,64,5,3,24.08199337
15658,825764,52,134,5,3,23.13943531
15659,825785,52,108,5,3,22.44201078
15660,825740,52,105,5,3,21.55429779
15661,825847,52,29,5,3,24.44732705
15662,823181,52,58,4,3,7.158332563
15663,826362,52,48,5,3,21.799273
15664,823536,52,21,4,3,7.098106385
15665,825959,52,67,5,3,21.90490099
15666,826359,52,21,5,3,21.98859049
15667,823203,52,60,4,3,7.135165258
15668,825977,52,82,5,3,19.83819789
15669,823287,52,110,4,3,6.721923463
15670,823428,52,69,4,3,6.809837367
15671,823395,52,98,4,3,7.128130858
15672,825725,52,116,5,3,27.05122942
15673,825716,52,124,5,3,25.5963319
15674,825719,52,135,5,3,22.75256624
15675,826006,52,30,5,3,22.31609544
15676,823224,52,132,4,3,6.503810506
15677,823422,52,70,4,3,6.407656215
15678,825907,52,71,5,3,21.55425853
15679,825782,52,119,5,3,22.49003252
15680,823575,52,59,4,3,5.747204131
15681,823278,52,107,4,3,6.555623425
15682,823515,52,51,4,3,6.533447644
15683,826335,52,23,5,3,20.61779442
15684,826317,52,17,5,3,22.30834077
15685,826069,52,34,5,3,19.4944245
15686,823482,52,13,4,3,7.259217138
15687,825865,52,66,5,3,19.88914473
15688,823257,52,106,4,3,9.318093123
15689,826368,52,25,5,3,20.94826001
15690,823263,52,137,4,3,6.806725052
15691,825901,52,96,5,3,22.07541242
15692,823404,52,76,4,3,6.979186691
15693,825713,52,123,5,3,22.92812941
15694,825758,52,110,5,3,20.92609859
15695,825800,52,5,5,3,16.4155913
15696,826350,52,37,5,3,21.61645955
15697,825722,52,118,5,3,24.70809517
15698,825755,52,104,5,3,19.18550528
15699,823281,52,102,4,3,6.73795274
15700,823392,52,78,4,3,6.944377215
15701,825877,52,88,5,3,15.71842721
15702,823455,52,82,4,3,7.231477602
15703,825925,52,75,5,3,20.92609859
15704,823572,52,52,4,3,6.148464945
15705,823452,52,84,4,3,7.301746753
15706,826018,52,49,5,3,19.83062306
15707,823221,52,121,4,3,6.62032068
15708,823308,52,120,4,3,7.286723462
15709,823187,52,63,4,3,7.316377996
15710,823341,52,1,4,3,7.265326705
15711,823245,52,124,4,3,8.056371282
15712,826356,52,33,5,3,21.16019598
15713,826015,52,36,5,3,21.36286893
15714,825850,52,22,5,3,25.61984824
15715,823464,52,133,4,3,6.359380661
15716,826036,52,27,5,3,23.53270216
15717,823569,52,55,4,3,6.42429901
15718,823197,52,14,4,3,7.159814817
15719,826374,52,35,5,3,20.40612275
15720,826021,52,45,5,3,22.16080664
15721,825752,52,102,5,3,20.14367088
15722,825829,52,60,5,3,23.37048275
15723,823184,52,41,4,3,7.332284828
15724,823178,52,45,4,3,7.292761755
15725,826030,52,63,5,3,21.04252511
15726,823157,52,32,4,3,7.632038452
15727,823163,52,30,4,3,7.040065585
15728,823365,52,66,4,3,6.593739371
15729,825820,52,19,5,3,21.63325438
15730,823269,52,105,4,3,7.135525196
15731,825992,52,129,5,3,15.71842721
15732,823545,52,25,4,3,6.955280028
15733,826000,52,32,5,3,24.47918464
15734,823524,52,24,4,3,6.396820602
15735,823194,52,19,4,3,7.00234585
15736,825737,52,111,5,3,21.58116385
15737,823437,52,67,4,3,6.934554575
15738,823305,52,117,4,3,7.355772885
15739,823554,52,54,4,3,6.3432456
15740,825983,52,141,5,3,16.84811539
15741,823440,52,74,4,3,7.365504023
15742,823497,52,53,4,3,6.758213535
15743,826075,52,50,5,3,15.70203388
15744,826012,52,9,5,3,22.12866491
15745,825980,52,130,5,3,14.74521239
15746,825806,52,3,5,3,23.43545911
15747,825871,52,72,5,3,26.10760258
15748,826323,52,6,5,3,20.78398796
15749,825874,52,95,5,3,25.06461252
15750,823470,52,129,4,3,5.965691874
15751,825931,52,93,5,3,23.14012199
15752,823218,52,131,4,3,6.398875838
15753,823560,52,34,4,3,6.588522363
15754,825998,52,121,5,3,19.71080383
15755,826326,52,10,5,3,20.15487486
15756,826024,52,58,5,3,21.42711353
15757,826338,52,51,5,3,19.05259378
15758,823473,52,28,4,3,7.435747777
15759,823260,52,136,4,3,7.119448511
15760,825832,52,61,5,3,22.07527023
15761,825919,52,68,5,3,20.14367088
15762,823449,52,79,4,3,7.350776341
15763,823431,52,93,4,3,7.303474355
15764,823160,52,42,4,3,7.407894723
15765,823476,52,27,4,3,7.360701245
15766,825956,52,77,5,3,21.28059234
15767,823491,52,57,4,3,7.258967888
15768,825817,52,62,5,3,21.25164339
15769,823446,52,86,4,3,7.246513807
15770,825892,52,78,5,3,20.91188187
15771,823398,52,83,4,3,7.310481812
15772,825898,52,83,5,3,22.92812941
15773,823347,52,29,4,3,9.440361241
15774,823371,52,72,4,3,9.219575766
15775,823434,52,77,4,3,6.742515428
15776,826113,52,52,5,3,16.94870135
15777,823227,52,115,4,3,6.490359285
15778,825791,52,114,5,3,21.05258179
15779,823557,52,7,4,3,6.654623545
15780,823374,52,95,4,3,7.906589642
15781,825823,52,14,5,3,21.56660535
15782,826347,52,24,5,3,19.09960102
15783,826110,52,55,5,3,18.66539673
15784,825734,52,137,5,3,22.0754617
15785,823362,52,85,4,3,6.392677046
15786,823236,52,113,4,3,6.944210031
15787,825749,52,107,5,3,19.02446271
15788,823467,52,127,4,3,6.455065171
15789,826341,52,12,5,3,21.72063225
15790,826332,52,16,5,3,18.84293579
15791,826042,52,13,5,3,22.57228758
15792,823494,52,17,4,3,7.126394439
15793,826377,52,54,5,3,18.74203383
15794,823386,52,92,4,3,6.504012994
15795,825838,52,39,5,3,29.186725
15796,826072,52,46,5,3,18.77722805
15797,823383,52,81,4,3,6.620465005
15798,825794,52,125,5,3,21.25008973
15799,826051,52,57,5,3,23.18648332
15800,826039,52,8,5,3,22.32956634
15801,823548,52,31,4,3,6.5149572
15802,823175,52,49,4,3,7.231778349
15803,825841,52,15,5,3,25.48092615
15804,825928,52,69,5,3,21.0263611
15805,823251,52,118,4,3,9.025038107
15806,825728,52,106,5,3,26.81178899
15807,823389,52,87,4,3,6.703134065
15808,825974,52,84,5,3,21.25009433
15809,825707,52,113,5,3,20.91385412
15810,823317,52,126,4,3,7.246513807
15811,825856,52,89,5,3,22.85584381
15812,823326,52,122,4,3,7.231477602
15813,823169,52,9,4,3,7.475861252
15814,823425,52,75,4,3,6.721923463
15815,825779,52,120,5,3,23.4007227
15816,826045,52,20,5,3,21.01131833
15817,825904,52,76,5,3,21.58116385
15818,826344,52,18,5,3,21.20896179
15819,823233,52,100,4,3,6.659478064
15820,823296,52,112,4,3,6.742515428
15821,825803,52,4,5,3,20.07897637
15822,825701,52,128,5,3,20.94695028
15823,823563,52,46,4,3,6.442329619
15824,825844,52,38,5,3,22.60025846
15825,823503,52,10,4,3,6.710784008
15826,823413,52,99,4,3,7.398084728
15827,826329,52,11,5,3,21.23037364
15828,823377,52,88,4,3,5.965691874
15829,825868,52,94,5,3,23.64552785
15830,823368,52,94,4,3,8.291136521
15831,823314,52,108,4,3,7.346079748
15832,825889,52,87,5,3,20.94695028
15833,826380,52,7,5,3,19.87356062
15834,823172,52,36,4,3,7.371820545
15835,825859,52,91,5,3,15.52433774
15836,823479,52,8,4,3,7.072511833
15837,823485,52,20,4,3,6.686860837
15838,823461,52,141,4,3,6.132011725
15839,825883,52,81,5,3,19.71102945
15840,823410,52,97,4,3,7.286975683
15841,826116,52,59,5,3,14.47603219
15842,823407,52,71,4,3,7.13555327
15843,823539,52,48,4,3,6.858074899
15844,825989,52,127,5,3,18.41851203
15845,823356,52,89,4,3,7.246660099
15846,823254,52,116,4,3,8.796552831
15847,823518,52,12,4,3,6.761644117
15848,825767,52,112,5,3,21.28059234
15849,825743,52,138,5,3,21.23277204
15850,823166,52,26,4,3,7.212346386
15851,823359,52,91,4,3,5.920210184
15852,823443,52,80,4,3,7.355772885
15853,823416,52,73,4,3,6.555623425
15854,825704,52,100,5,3,19.78492248
15855,825853,52,65,5,3,20.05472481
15856,825731,52,136,5,3,23.30976235
15857,825809,52,2,5,3,21.19404384
15858,825746,52,140,5,3,23.35458927
15859,823266,52,111,4,3,6.979186691
15860,825916,52,73,5,3,19.02446271
15861,823299,52,101,4,3,6.934554575
15862,825986,52,133,5,3,18.56244251
15863,740924,51,112,5,3,10.78578832
15864,742220,51,105,4,3,8.774971583
15865,743700,51,135,6,3,28.28720155
15866,743603,51,48,6,3,29.67869568
15867,742526,51,33,4,3,8.496216561
15868,740885,51,3,5,3,16.36850296
15869,741005,51,129,5,3,4.93966153
15870,743606,51,64,6,3,28.02608271
15871,743725,51,125,6,3,30.37266906
15872,743673,51,70,6,3,32.25582956
15873,742520,51,37,4,3,8.684350721
15874,742274,51,129,4,3,7.246336585
15875,741239,51,51,5,3,8.66384124
15876,742241,51,135,4,3,9.802277018
15877,743661,51,92,6,3,31.86486906
15878,741233,51,16,5,3,7.971293672
15879,742205,51,104,4,3,7.989197619
15880,742376,51,94,4,3,9.738289703
15881,740942,51,107,5,3,8.54036418
15882,742187,51,109,4,3,9.081263915
15883,743640,51,14,6,3,28.57423959
15884,740939,51,102,5,3,10.80878775
15885,742277,51,127,4,3,8.299807749
15886,743701,51,118,6,3,27.96189481
15887,742217,51,138,4,3,8.834190204
15888,743728,51,4,6,3,30.93718378
15889,743697,51,139,6,3,29.1888287
15890,742379,51,66,4,3,7.911146996
15891,743611,51,51,6,3,31.80556701
15892,743613,51,16,6,3,32.37142808
15893,741143,51,61,5,3,15.68743554
15894,742232,51,106,4,3,10.41677206
15895,742439,51,30,4,3,8.599256117
15896,742289,51,82,4,3,8.683914982
15897,742304,51,74,4,3,9.081263915
15898,741284,51,34,5,3,10.52970415
15899,742244,51,124,4,3,9.598325146
15900,742307,51,67,4,3,8.488168953
15901,742271,51,131,4,3,7.692548231
15902,740987,51,100,5,3,9.969849112
15903,743652,51,91,6,3,29.79591556
15904,742445,51,9,4,3,8.775066774
15905,742487,51,17,4,3,8.635505509
15906,742409,51,56,4,3,9.770334709
15907,741008,51,127,5,3,11.81699283
15908,743598,51,54,6,3,32.3829185
15909,743614,51,11,6,3,30.41093403
15910,742190,51,101,4,3,8.488168953
15911,740969,51,118,5,3,17.90808033
15912,742199,51,103,4,3,8.338108221
15913,742265,51,132,4,3,7.921716633
15914,742235,51,116,4,3,10.07341546
15915,743633,51,26,6,3,28.87391329
15916,742541,51,31,4,3,7.913744937
15917,741077,51,83,5,3,15.46758654
15918,743645,51,39,6,3,26.85959473
15919,743688,51,127,6,3,28.6400783
15920,742331,51,99,4,3,9.207531233
15921,742553,51,34,4,3,7.865408314
15922,742547,51,54,4,3,7.782968332
15923,743594,51,50,6,3,34.88166158
15924,741236,51,23,5,3,10.49760571
15925,743717,51,101,6,3,30.30457745
15926,742202,51,110,4,3,8.298568769
15927,741287,51,46,5,3,10.40210304
15928,742457,51,58,4,3,8.412646886
15929,740888,51,4,5,3,11.0058459
15930,741149,51,40,5,3,14.18504998
15931,743630,51,49,6,3,29.13865378
15932,742352,51,78,4,3,8.244365949
15933,742322,51,70,4,3,7.989197619
15934,742259,51,128,4,3,8.33866755
15935,743674,51,75,6,3,30.87669675
15936,741206,51,13,5,3,12.66773429
15937,743604,51,21,6,3,30.30053774
15938,743608,51,24,6,3,32.244583
15939,743622,51,13,6,3,30.38502476
15940,743658,51,88,6,3,34.81212466
15941,742454,51,45,4,3,8.626986884
15942,743647,51,38,6,3,28.36919594
15943,743693,51,115,6,3,30.54683098
15944,741278,51,54,5,3,9.176591735
15945,742505,51,23,4,3,8.297361286
15946,742418,51,40,4,3,8.778961595
15947,743671,51,73,6,3,31.97905088
15948,742334,51,97,4,3,8.834187313
15949,743601,51,25,6,3,30.76511248
15950,743619,51,57,6,3,28.94263292
15951,743685,51,130,6,3,30.21359326
15952,743649,51,22,6,3,28.04687548
15953,743716,51,112,6,3,31.07772897
15954,741155,51,19,5,3,14.49698687
15955,743628,51,58,6,3,30.71647185
15956,743665,51,83,6,3,29.15369645
15957,743638,51,62,6,3,27.63517601
15958,743626,51,63,6,3,30.30593174
15959,743692,51,132,6,3,31.86543396
15960,741020,51,82,5,3,10.77928362
15961,741038,51,67,5,3,11.86223722
15962,743643,51,61,6,3,27.80975886
15963,742160,51,5,4,3,7.882400248
15964,742226,51,137,4,3,8.711138978
15965,743730,51,2,6,3,30.46097144
15966,743712,51,104,6,3,32.25582956
15967,743731,51,1,6,3,29.84281447
15968,743720,51,120,6,3,29.45204851
15969,743662,51,87,6,3,30.47389947
15970,743664,51,98,6,3,29.1888287
15971,743676,51,93,6,3,29.01789586
15972,742292,51,84,4,3,8.537764781
15973,741080,51,98,5,3,14.74822451
15974,741068,51,71,5,3,14.41795734
15975,741032,51,80,5,3,17.18161384
15976,743656,51,72,6,3,27.39349734
15977,743657,51,95,6,3,27.41342922
15978,743667,51,76,6,3,28.36491264
15979,743663,51,78,6,3,30.79485321
15980,742556,51,46,4,3,7.801814418
15981,742523,51,64,4,3,9.510555664
15982,742181,51,120,4,3,8.966066841
15983,741035,51,74,5,3,14.560836
15984,741065,51,97,5,3,13.19862573
15985,743683,51,84,6,3,30.37267924
15986,742448,51,36,4,3,8.715545948
15987,743669,51,97,6,3,27.88948548
15988,743668,51,71,6,3,28.48897192
15989,743708,51,138,6,3,27.88916639
15990,742412,51,61,4,3,8.704548925
15991,742538,51,25,4,3,8.262264235
15992,742349,51,98,4,3,8.987049963
15993,743615,51,10,6,3,31.16809833
15994,743641,51,40,6,3,28.61197184
15995,743655,51,94,6,3,28.18607905
15996,741203,51,8,5,3,13.05358964
15997,741071,51,76,5,3,14.52333154
15998,740975,51,124,5,3,17.8461106
15999,741002,51,131,5,3,9.947429296
16000,743624,51,27,6,3,28.57936897
16001,741095,51,90,5,3,9.947355452
16002,742430,51,43,4,3,8.800424193
16003,742397,51,29,4,3,10.50378762
16004,740900,51,114,5,3,12.14542185
16005,740891,51,5,5,3,7.715126299
16006,743724,51,114,6,3,29.99755964
16007,742421,51,14,4,3,8.778432715
16008,742415,51,60,4,3,8.903031825
16009,741104,51,72,5,3,19.43502198
16010,741101,51,95,5,3,18.34516736
16011,742493,51,6,4,3,8.455141047
16012,740960,51,136,5,3,16.71502102
16013,742340,51,76,4,3,8.689396724
16014,740927,51,134,5,3,13.69030232
16015,743710,51,107,6,3,31.97905088
16016,741062,51,99,5,3,14.71348778
16017,742208,51,102,4,3,8.315933331
16018,742298,51,86,4,3,8.527577027
16019,742502,51,16,4,3,7.994931509
16020,742373,51,72,4,3,10.35523474
16021,742370,51,95,4,3,9.445861401
16022,743698,51,123,6,3,29.15369645
16023,742451,51,49,4,3,8.675549554
16024,742481,51,44,4,3,9.079395204
16025,742229,51,136,4,3,8.891296179
16026,743726,51,122,6,3,28.9974075
16027,742253,51,113,4,3,8.244083128
16028,742196,51,134,4,3,8.970120104
16029,742463,51,63,4,3,8.565071054
16030,742385,51,91,4,3,7.747937491
16031,743654,51,66,6,3,30.30019182
16032,742442,51,26,4,3,8.70723276
16033,742535,51,47,4,3,8.148792941
16034,743650,51,65,6,3,30.17671261
16035,742169,51,114,4,3,8.667146661
16036,742175,51,108,4,3,8.73257354
16037,742283,51,141,4,3,7.968569343
16038,743694,51,128,6,3,30.47389947
16039,741116,51,91,5,3,6.578228679
16040,743729,51,3,6,3,27.85870965
16041,741122,51,65,5,3,11.06293137
16042,743699,51,124,6,3,27.96287541
16043,742316,51,69,4,3,8.338108221
16044,742568,51,59,4,3,7.580986238
16045,742211,51,107,4,3,8.006196328
16046,742436,51,42,4,3,8.708202888
16047,741059,51,73,5,3,8.54036418
16048,741011,51,133,5,3,9.625419485
16049,741245,51,18,5,3,10.91131413
16050,742400,51,38,4,3,9.606349343
16051,742337,51,71,4,3,8.774979494
16052,742355,51,87,4,3,8.33866755
16053,743612,51,23,6,3,30.42566724
16054,741254,51,64,5,3,16.97577175
16055,741251,51,37,5,3,13.42430132
16056,742148,51,1,4,3,8.64081859
16057,741119,51,89,5,3,14.46094161
16058,743679,51,74,6,3,28.69795686
16059,742343,51,96,4,3,8.711141693
16060,741176,51,9,5,3,13.52388045
16061,741182,51,49,5,3,10.69998439
16062,742295,51,79,4,3,8.667146661
16063,742391,51,65,4,3,8.32619358
16064,741212,51,44,5,3,14.39103694
16065,742172,51,126,4,3,8.527577027
16066,741089,51,92,5,3,9.825846546
16067,742469,51,27,4,3,9.052284879
16068,741218,51,17,5,3,12.32249073
16069,743600,51,31,6,3,30.28523717
16070,742367,51,88,4,3,7.246336585
16071,742319,51,75,4,3,8.298568769
16072,741023,51,84,5,3,12.38239402
16073,740912,51,120,5,3,15.1106655
16074,740981,51,139,5,3,14.74822451
16075,742562,51,55,4,3,8.261454273
16076,742325,51,68,4,3,8.315933331
16077,743723,51,126,6,3,30.29229041
16078,742154,51,3,4,3,9.364910777
16079,741146,51,60,5,3,16.77921748
16080,742184,51,117,4,3,9.632854433
16081,742280,51,133,4,3,8.145374336
16082,741098,51,88,5,3,4.93966153
16083,741266,51,47,5,3,11.09443583
16084,741014,51,141,5,3,8.638720379
16085,743695,51,100,6,3,30.13775481
16086,741275,51,35,5,3,10.83129232
16087,742256,51,100,4,3,7.900935796
16088,743620,51,44,6,3,28.93297858
16089,743602,51,47,6,3,30.23492703
16090,740966,51,116,5,3,20.18785794
16091,743696,51,113,6,3,30.79339162
16092,743682,51,79,6,3,29.99755964
16093,741167,51,42,5,3,13.42672839
16094,743666,51,96,6,3,27.81426036
16095,743678,51,67,6,3,30.30457745
16096,741230,51,11,5,3,11.63276692
16097,741224,51,6,5,3,11.51978912
16098,743596,51,34,6,3,31.41362542
16099,742361,51,81,4,3,7.979686257
16100,741215,51,57,5,3,13.68767437
16101,741242,51,12,5,3,11.29766951
16102,742301,51,80,4,3,9.632854433
16103,741173,51,26,5,3,14.28404872
16104,740954,51,111,5,3,14.52333154
16105,742238,51,118,4,3,10.23393992
16106,742403,51,15,4,3,10.01578762
16107,740951,51,105,5,3,14.41802233
16108,740993,51,115,5,3,10.52346356
16109,743707,51,105,6,3,28.48874947
16110,740972,51,135,5,3,15.71483738
16111,741272,51,31,5,3,10.21764563
16112,743625,51,28,6,3,27.78494536
16113,740936,51,104,5,3,8.174312364
16114,742559,51,50,4,3,7.248801127
16115,743623,51,8,6,3,29.6069709
16116,741047,51,69,5,3,11.36657578
16117,742262,51,115,4,3,7.92415998
16118,742364,51,90,4,3,7.692537752
16119,741227,51,10,5,3,10.9161668
16120,743599,51,35,6,3,31.09074581
16121,742268,51,121,4,3,7.979677892
16122,743607,51,37,6,3,30.39322145
16123,741200,51,27,5,3,14.53234975
16124,740978,51,123,5,3,15.46758654
16125,743687,51,133,6,3,29.0887923
16126,742499,51,11,4,3,8.376875681
16127,743629,51,45,6,3,29.69579577
16128,741083,51,78,5,3,11.68978212
16129,740894,51,122,5,3,10.77928362
16130,743635,51,42,6,3,29.4412256
16131,741158,51,62,5,3,12.98510855
16132,741194,51,63,5,3,11.98028089
16133,741188,51,58,5,3,11.75004367
16134,741086,51,87,5,3,11.26079773
16135,743634,51,30,6,3,28.92267014
16136,743705,51,137,6,3,27.81438016
16137,743636,51,32,6,3,29.13468987
16138,743727,51,5,6,3,29.53324725
16139,743681,51,86,6,3,30.29229041
16140,741026,51,79,5,3,12.14542185
16141,741107,51,94,5,3,16.38151961
16142,740963,51,106,5,3,20.20289563
16143,742166,51,125,4,3,8.537768679
16144,741113,51,85,5,3,10.38809645
16145,742508,51,51,4,3,7.994349995
16146,742466,51,28,4,3,9.719802171
16147,743651,51,89,6,3,29.23857616
16148,743597,51,7,6,3,30.33661598
16149,740918,51,109,5,3,14.560836
16150,743627,51,41,6,3,30.32349454
16151,740879,51,1,5,3,12.82602654
16152,742313,51,93,4,3,8.970393662
16153,743648,51,29,6,3,27.86528321
16154,742214,51,140,4,3,9.207531233
16155,742163,51,122,4,3,8.683914982
16156,741092,51,81,5,3,10.79354872
16157,742382,51,85,4,3,8.199178006
16158,743637,51,43,6,3,28.78265953
16159,741170,51,30,5,3,14.26112959
16160,740945,51,140,5,3,14.71348778
16161,740903,51,126,5,3,12.31674151
16162,741257,51,33,5,3,12.67679499
16163,740999,51,121,5,3,10.79325816
16164,741044,51,93,5,3,13.69146713
16165,741053,51,70,5,3,8.174312364
16166,740921,51,101,5,3,11.86223722
16167,741134,51,15,5,3,19.19069483
16168,741140,51,56,5,3,18.63333083
16169,742193,51,112,4,3,8.306702536
16170,743714,51,103,6,3,30.45042006
16171,742460,51,41,4,3,8.59284468
16172,741074,51,96,5,3,15.66316604
16173,740930,51,103,5,3,11.36657578
16174,741191,51,41,5,3,12.59780177
16175,741221,51,53,5,3,11.63358713
16176,740957,51,137,5,3,15.66331493
16177,741164,51,32,5,3,16.1878592
16178,741293,51,55,5,3,11.21624403
16179,740909,51,119,5,3,14.18961104
16180,741296,51,52,5,3,8.146352927
16181,740906,51,108,5,3,13.8190272
16182,740984,51,113,5,3,11.69170414
16183,743618,51,17,6,3,29.91373088
16184,743677,51,77,6,3,31.07772897
16185,742328,51,73,4,3,8.006196328
16186,741050,51,75,5,3,10.74879393
16187,740897,51,125,5,3,12.38240673
16188,740948,51,138,5,3,13.19862573
16189,743593,51,55,6,3,28.61375936
16190,741041,51,77,5,3,10.78578832
16191,743689,51,129,6,3,34.81212466
16192,743592,51,52,6,3,29.42854157
16193,743631,51,36,6,3,29.83936746
16194,742565,51,52,4,3,7.947066982
16195,741179,51,36,5,3,12.98731097
16196,742346,51,83,4,3,9.132902315
16197,741260,51,21,5,3,13.13203204
16198,740990,51,128,5,3,11.26079773
16199,742388,51,89,4,3,8.792481229
16200,742427,51,62,4,3,8.838169723
16201,741185,51,45,5,3,12.88371463
16202,742247,51,123,4,3,9.132902315
16203,741128,51,29,5,3,17.81926295
16204,743595,51,46,6,3,31.34943246
16205,741161,51,43,5,3,15.25781582
16206,741197,51,28,5,3,17.37134811
16207,743644,51,56,6,3,27.20062856
16208,740996,51,132,5,3,9.824654675
16209,743691,51,121,6,3,30.99209985
16210,740882,51,2,5,3,11.46463917
16211,743591,51,59,6,3,30.23352942
16212,743605,51,33,6,3,30.44613858
16213,741056,51,68,5,3,10.80878775
16214,741152,51,14,5,3,14.49825643
16215,742358,51,92,4,3,7.921877507
16216,743670,51,99,6,3,29.27933416
16217,743672,51,68,6,3,30.41113869
16218,743719,51,117,6,3,27.79246419
16219,741137,51,39,5,3,22.06715193
16220,743684,51,82,6,3,28.9974075
16221,743703,51,106,6,3,27.10942324
16222,743715,51,134,6,3,29.01817256
16223,742178,51,119,4,3,8.597426702
16224,743706,51,111,6,3,28.36491264
16225,741269,51,25,5,3,11.67218229
16226,741017,51,130,5,3,5.36481765
16227,743704,51,136,6,3,27.8255461
16228,742310,51,77,4,3,8.306702536
16229,741209,51,20,5,3,10.44820093
16230,743632,51,9,6,3,29.51624125
16231,743646,51,15,6,3,27.28329754
16232,743702,51,116,6,3,26.94870178
16233,741263,51,48,5,3,13.15798706
16234,743610,51,12,6,3,30.80518625
16235,742151,51,2,4,3,8.490756288
16236,742517,51,24,4,3,7.970374526
16237,742514,51,18,4,3,8.313172395
16238,742472,51,8,4,3,8.770812864
16239,742250,51,139,4,3,8.987049963
16240,742286,51,130,4,3,7.6181679
16241,743721,51,119,6,3,29.20256483
16242,741248,51,24,5,3,8.115067493
16243,742529,51,21,4,3,8.505962415
16244,743709,51,140,6,3,29.27933416
16245,743617,51,53,6,3,30.63473267
16246,741110,51,66,5,3,10.19669042
16247,743659,51,90,6,3,31.45354126
16248,743722,51,108,6,3,28.97885562
16249,743639,51,19,6,3,28.33259453
16250,743616,51,6,6,3,29.65426209
16251,742394,51,22,4,3,9.667357714
16252,743660,51,81,6,3,30.99122698
16253,743713,51,110,6,3,30.87669675
16254,741290,51,50,5,3,4.850858294
16255,741299,51,59,5,3,5.085557968
16256,742157,51,4,4,3,8.135956297
16257,741131,51,38,5,3,15.39439938
16258,743609,51,18,6,3,31.04049048
16259,742433,51,32,4,3,9.30273131
16260,743718,51,109,6,3,28.69795686
16261,742532,51,48,4,3,8.814331895
16262,742406,51,39,4,3,10.94066729
16263,742484,51,57,4,3,8.97075379
16264,740933,51,110,5,3,10.74879393
16265,742511,51,12,4,3,8.339782078
16266,743690,51,131,6,3,31.45397097
16267,742478,51,20,4,3,8.250709837
16268,741281,51,7,5,3,10.2155364
16269,743711,51,102,6,3,30.41113869
16270,743680,51,80,6,3,27.79246419
16271,742424,51,19,4,3,8.697843674
16272,742490,51,53,4,3,8.410817946
16273,740915,51,117,5,3,17.18161384
16274,741125,51,22,5,3,18.03017741
16275,743621,51,20,6,3,31.30650519
16276,742223,51,111,4,3,8.689396724
16277,742496,51,10,4,3,8.238273731
16278,742550,51,7,4,3,7.90829535
16279,742544,51,35,4,3,8.127720145
16280,743642,51,60,6,3,27.80550348
16281,741029,51,86,5,3,12.31674151
16282,743675,51,69,6,3,30.45042006
16283,742475,51,13,4,3,8.778825717
16284,743686,51,141,6,3,29.08620829
16285,743653,51,85,6,3,28.93255653
16286,741180,50,36,5,3,16.85715404
16287,741291,50,50,5,3,11.33729397
16288,742548,50,54,4,3,6.194084833
16289,742170,50,114,4,3,6.58259927
16290,741039,50,67,5,3,17.11865235
16291,741153,50,14,5,3,18.30654991
16292,742332,50,99,4,3,7.247995672
16293,742416,50,60,4,3,7.031483788
16294,741069,50,71,5,3,18.20655304
16295,740904,50,126,5,3,16.00939977
16296,742296,50,79,4,3,6.58259927
16297,742482,50,44,4,3,7.063171222
16298,741117,50,91,5,3,12.03012747
16299,742188,50,109,4,3,7.09930316
16300,742248,50,123,4,3,7.195535359
16301,742365,50,90,4,3,6.22951803
16302,741225,50,6,5,3,16.42038182
16303,741000,50,121,5,3,15.29935075
16304,742533,50,48,4,3,6.961902901
16305,741273,50,31,5,3,14.6631576
16306,740946,50,140,5,3,19.0385913
16307,741300,50,59,5,3,11.11513478
16308,742374,50,72,4,3,8.368387811
16309,742452,50,49,4,3,6.547798125
16310,741045,50,93,5,3,18.02984319
16311,742161,50,5,4,3,6.152014512
16312,742395,50,22,4,3,7.656623364
16313,742434,50,32,4,3,7.291174225
16314,742212,50,107,4,3,6.270061176
16315,742404,50,15,4,3,8.070489512
16316,742329,50,73,4,3,6.270061176
16317,742527,50,33,4,3,6.644332844
16318,742560,50,50,4,3,5.918832207
16319,741075,50,96,5,3,19.16866785
16320,742218,50,138,4,3,6.863263918
16321,742227,50,137,4,3,6.799980284
16322,740889,50,4,5,3,15.46265071
16323,741210,50,20,5,3,15.86336629
16324,742392,50,65,4,3,6.538726113
16325,740982,50,139,5,3,18.56473211
16326,740934,50,110,5,3,16.37635707
16327,742425,50,19,4,3,6.793361386
16328,741186,50,45,5,3,16.64423279
16329,742494,50,6,4,3,6.533140942
16330,741018,50,130,5,3,11.30307725
16331,741051,50,75,5,3,16.37635707
16332,742335,50,97,4,3,6.8632673
16333,741159,50,62,5,3,16.90932785
16334,742275,50,129,4,3,5.919665546
16335,741246,50,18,5,3,16.52178403
16336,742305,50,74,4,3,7.09930316
16337,741015,50,141,5,3,13.26473052
16338,742362,50,81,4,3,6.429053208
16339,742299,50,86,4,3,6.597621828
16340,741099,50,88,5,3,11.40689356
16341,741288,50,46,5,3,14.62480522
16342,741054,50,70,5,3,14.27868791
16343,741156,50,19,5,3,18.25495208
16344,742563,50,55,4,3,6.335447406
16345,742341,50,76,4,3,6.788910431
16346,741270,50,25,5,3,15.6640493
16347,741168,50,42,5,3,17.31831844
16348,742380,50,66,4,3,6.282001681
16349,741231,50,11,5,3,16.92434426
16350,742506,50,23,4,3,6.43107807
16351,741177,50,9,5,3,17.35749835
16352,741183,50,49,5,3,14.70287685
16353,740997,50,132,5,3,15.09717692
16354,741084,50,78,5,3,15.66113891
16355,741024,50,84,5,3,15.97800446
16356,742479,50,20,4,3,6.510727859
16357,742203,50,110,4,3,6.436576312
16358,740970,50,118,5,3,21.30032125
16359,742524,50,64,4,3,7.607668343
16360,741192,50,41,5,3,16.29302101
16361,740961,50,136,5,3,20.30735751
16362,741096,50,90,5,3,14.2537478
16363,742446,50,9,4,3,6.804737138
16364,742314,50,93,4,3,6.990127119
16365,742488,50,17,4,3,6.716222573
16366,741111,50,66,5,3,14.30918095
16367,742443,50,26,4,3,6.764031186
16368,740952,50,105,5,3,18.20660748
16369,742281,50,133,4,3,6.249466758
16370,741282,50,7,5,3,14.16573829
16371,742428,50,62,4,3,6.875152851
16372,741294,50,55,5,3,15.324288
16373,741258,50,33,5,3,16.90738454
16374,740883,50,2,5,3,16.68091536
16375,740964,50,106,5,3,23.31831242
16376,741138,50,39,5,3,25.23272825
16377,742179,50,119,4,3,6.629757249
16378,740979,50,123,5,3,19.0002808
16379,742233,50,106,4,3,8.44115285
16380,741036,50,74,5,3,18.7817062
16381,740916,50,117,5,3,20.5549156
16382,742476,50,13,4,3,6.871332323
16383,742350,50,98,4,3,7.136551972
16384,742554,50,34,4,3,6.330484771
16385,742200,50,103,4,3,6.43137482
16386,742530,50,21,4,3,6.711902664
16387,742263,50,115,4,3,6.265314982
16388,742290,50,82,4,3,6.565820909
16389,742158,50,4,4,3,6.477947053
16390,741189,50,58,5,3,15.39164019
16391,742515,50,18,4,3,6.469369371
16392,741003,50,131,5,3,14.25391266
16393,742197,50,134,4,3,6.989881539
16394,742551,50,7,4,3,6.280127652
16395,742566,50,52,4,3,6.158779317
16396,742293,50,84,4,3,6.493490746
16397,742242,50,135,4,3,7.795986752
16398,742164,50,122,4,3,6.565820909
16399,742308,50,67,4,3,6.605377793
16400,741285,50,34,5,3,15.12704547
16401,740955,50,111,5,3,18.27860184
16402,742215,50,140,4,3,7.247995672
16403,742251,50,139,4,3,7.136551972
16404,742503,50,16,4,3,6.255687694
16405,742326,50,68,4,3,6.431367091
16406,741276,50,35,5,3,15.81139108
16407,741135,50,15,5,3,22.2763914
16408,742383,50,85,4,3,6.290312054
16409,742353,50,78,4,3,6.451081609
16410,741027,50,79,5,3,16.03453373
16411,742191,50,101,4,3,6.605377793
16412,741108,50,94,5,3,20.1576577
16413,741120,50,89,5,3,18.11753712
16414,742461,50,41,4,3,6.55246426
16415,741249,50,24,5,3,14.25955205
16416,742407,50,39,4,3,8.946310852
16417,742371,50,95,4,3,7.551693077
16418,742287,50,130,4,3,6.043162387
16419,740910,50,119,5,3,18.04002412
16420,741057,50,68,5,3,16.0317582
16421,741006,50,129,5,3,11.40689356
16422,741216,50,57,5,3,18.0552559
16423,741213,50,44,5,3,18.59620176
16424,740901,50,114,5,3,16.03453373
16425,741261,50,21,5,3,17.48514532
16426,742491,50,53,4,3,6.501346358
16427,742539,50,25,4,3,6.46952393
16428,741063,50,99,5,3,19.0385913
16429,742467,50,28,4,3,7.744462605
16430,740880,50,1,5,3,16.54096158
16431,740943,50,107,5,3,14.68344079
16432,742545,50,35,4,3,6.456403863
16433,741297,50,52,5,3,13.01099406
16434,742449,50,36,4,3,6.643258842
16435,742521,50,37,4,3,6.757503962
16436,742338,50,71,4,3,6.782480846
16437,742518,50,24,4,3,6.245363937
16438,741048,50,69,5,3,16.74140021
16439,741240,50,51,5,3,14.85219635
16440,741072,50,76,5,3,18.27860184
16441,742455,50,45,4,3,6.69403683
16442,741234,50,16,5,3,14.08741217
16443,742500,50,11,4,3,6.450384707
16444,741090,50,92,5,3,15.09811108
16445,741030,50,86,5,3,16.00939977
16446,740973,50,135,5,3,19.55281947
16447,740985,50,113,5,3,15.66228967
16448,741204,50,8,5,3,17.87566761
16449,742401,50,38,4,3,7.609039459
16450,741093,50,81,5,3,15.2992962
16451,742437,50,42,4,3,6.698096695
16452,741222,50,53,5,3,17.01527761
16453,742149,50,1,4,3,6.644257031
16454,740940,50,102,5,3,16.0317582
16455,741228,50,10,5,3,16.39785979
16456,740895,50,122,5,3,14.77021939
16457,742557,50,46,4,3,6.338519067
16458,742419,50,40,4,3,6.79355778
16459,742221,50,105,4,3,6.782473216
16460,741132,50,38,5,3,19.28577276
16461,740967,50,116,5,3,23.5446921
16462,742431,50,43,4,3,6.842618821
16463,741201,50,27,5,3,18.80308105
16464,741150,50,40,5,3,17.95966185
16465,742422,50,14,4,3,6.772465316
16466,741060,50,73,5,3,14.68344079
16467,742245,50,124,4,3,7.581538553
16468,741219,50,17,5,3,17.45634392
16469,742359,50,92,4,3,6.297910176
16470,740949,50,138,5,3,17.1012008
16471,740937,50,104,5,3,14.27868791
16472,740928,50,134,5,3,18.02899745
16473,740892,50,5,5,3,12.84495181
16474,742509,50,51,4,3,6.269496505
16475,742206,50,104,4,3,6.266817392
16476,742512,50,12,4,3,6.516694888
16477,740898,50,125,5,3,15.97800832
16478,740958,50,137,5,3,19.16877835
16479,742485,50,57,4,3,6.997014388
16480,742155,50,3,4,3,7.406968016
16481,741012,50,133,5,3,14.27769969
16482,742377,50,94,4,3,7.728706348
16483,741126,50,22,5,3,21.61461692
16484,742413,50,61,4,3,6.794751323
16485,742497,50,10,4,3,6.370488871
16486,742440,50,30,4,3,6.654364052
16487,742317,50,69,4,3,6.43137482
16488,742473,50,8,4,3,6.83901039
16489,741237,50,23,5,3,16.16684381
16490,742368,50,88,4,3,5.919665546
16491,742272,50,131,4,3,6.229557151
16492,742398,50,29,4,3,8.468254027
16493,742254,50,113,4,3,6.451618915
16494,741279,50,54,5,3,14.63706828
16495,741066,50,97,5,3,17.1012008
16496,742167,50,125,4,3,6.493489505
16497,741147,50,60,5,3,20.36619
16498,740994,50,115,5,3,14.89884447
16499,742209,50,102,4,3,6.431367091
16500,742386,50,91,4,3,6.093326481
16501,741195,50,63,5,3,15.63649818
16502,742344,50,96,4,3,6.799969025
16503,742464,50,63,4,3,6.492117235
16504,741102,50,95,5,3,21.82693658
16505,741174,50,26,5,3,18.11829898
16506,742269,50,121,4,3,6.429082861
16507,742311,50,77,4,3,6.549541035
16508,741267,50,47,5,3,15.82976595
16509,740919,50,109,5,3,18.7817062
16510,740976,50,124,5,3,21.4863876
16511,740913,50,120,5,3,18.51667627
16512,741078,50,83,5,3,19.0002808
16513,741207,50,13,5,3,17.51225886
16514,740988,50,100,5,3,13.91228672
16515,742470,50,27,4,3,7.099629413
16516,741087,50,87,5,3,16.04402697
16517,741033,50,80,5,3,20.5549156
16518,741114,50,85,5,3,14.75901814
16519,740925,50,112,5,3,16.12205605
16520,740922,50,101,5,3,17.11865235
16521,741081,50,98,5,3,18.56473211
16522,742176,50,108,4,3,6.794969345
16523,741021,50,82,5,3,14.77021939
16524,742185,50,117,4,3,7.670414078
16525,741105,50,72,5,3,22.64299704
16526,742389,50,89,4,3,6.826255998
16527,741243,50,12,5,3,16.73394699
16528,742194,50,112,4,3,6.549541035
16529,740931,50,103,5,3,16.74140021
16530,742260,50,128,4,3,6.543910861
16531,741264,50,48,5,3,17.50635997
16532,741009,50,127,5,3,15.66082709
16533,742152,50,2,4,3,6.6345102
16534,742323,50,70,4,3,6.266817392
16535,741042,50,77,5,3,16.12205605
16536,742257,50,100,4,3,6.290971464
16537,742458,50,58,4,3,6.51787953
16538,742224,50,111,4,3,6.788910431
16539,742182,50,120,4,3,6.979984447
16540,742230,50,136,4,3,7.018751653
16541,740991,50,128,5,3,16.04402697
16542,742536,50,47,4,3,6.428650047
16543,742569,50,59,4,3,6.029808193
16544,741123,50,65,5,3,15.67989723
16545,742347,50,83,4,3,7.195535359
16546,741252,50,37,5,3,17.34402716
16547,742266,50,132,4,3,6.297781718
16548,741198,50,28,5,3,20.74754327
16549,742320,50,75,4,3,6.436576312
16550,741255,50,64,5,3,20.20661771
16551,741162,50,43,5,3,18.74887523
16552,740907,50,108,5,3,17.64194468
16553,742173,50,126,4,3,6.597621828
16554,742236,50,116,4,3,8.154833608
16555,742284,50,141,4,3,6.178614542
16556,741129,50,29,5,3,21.20923182
16557,742278,50,127,4,3,6.366716674
16558,740886,50,3,5,3,19.96942812
16559,742302,50,80,4,3,7.670414078
16560,741141,50,56,5,3,22.13043181
16561,742410,50,56,4,3,7.855239585
16562,741171,50,30,5,3,18.11253001
16563,741144,50,61,5,3,19.18539662
16564,742356,50,87,4,3,6.543910861
16565,741165,50,32,5,3,19.30604564
16566,742542,50,31,4,3,6.294422271
16567,742239,50,118,4,3,8.224712887
16568,740983,49,113,5,3,20.06297484
16569,742165,49,125,4,3,6.322058055
16570,740962,49,106,5,3,26.71253911
16571,741289,49,50,5,3,18.98386095
16572,742414,49,60,4,3,7.113967254
16573,742492,49,6,4,3,6.77063039
16574,741268,49,25,5,3,20.07324923
16575,741214,49,57,5,3,23.43546409
16576,742207,49,102,4,3,6.684419275
16577,740980,49,139,5,3,22.91679062
16578,741064,49,97,5,3,20.45978531
16579,741121,49,65,5,3,20.89668004
16580,741004,49,129,5,3,19.04557254
16581,742504,49,23,4,3,6.654108086
16582,742483,49,57,4,3,7.28062028
16583,742270,49,131,4,3,6.482848181
16584,741016,49,130,5,3,17.53829412
16585,742537,49,25,4,3,6.523404116
16586,741187,49,58,5,3,18.93816458
16587,742156,49,4,4,3,6.678513402
16588,741205,49,13,5,3,23.07006868
16589,742546,49,54,4,3,6.434144663
16590,742552,49,34,4,3,6.583811004
16591,741157,49,62,5,3,20.21951561
16592,742399,49,38,4,3,7.721812086
16593,741007,49,127,5,3,20.82051999
16594,740887,49,4,5,3,20.73316681
16595,742276,49,127,4,3,6.608912463
16596,742168,49,114,4,3,6.408438312
16597,742282,49,141,4,3,6.495772269
16598,740950,49,105,5,3,21.81903902
16599,742555,49,46,4,3,6.621152709
16600,742402,49,15,4,3,8.210055018
16601,742450,49,49,4,3,6.341320835
16602,741109,49,66,5,3,19.17208154
16603,742384,49,91,4,3,6.49827416
16604,740944,49,140,5,3,24.12098756
16605,740923,49,112,5,3,22.24045642
16606,740956,49,137,5,3,22.80826284
16607,742198,49,103,4,3,6.651149578
16608,741115,49,91,5,3,18.0318932
16609,741091,49,81,5,3,20.87859767
16610,741226,49,10,5,3,22.83229057
16611,741286,49,46,5,3,20.08999115
16612,742435,49,42,4,3,6.632313723
16613,742318,49,75,4,3,6.646496231
16614,742273,49,129,4,3,6.331845777
16615,741211,49,44,5,3,23.79818534
16616,742201,49,110,4,3,6.646496231
16617,742147,49,1,4,3,6.56557709
16618,742375,49,94,4,3,7.843774786
16619,742441,49,26,4,3,6.714223259
16620,741181,49,49,5,3,17.97062937
16621,742405,49,39,4,3,9.067792916
16622,742255,49,100,4,3,6.409598292
16623,742390,49,65,4,3,6.736339132
16624,741034,49,74,5,3,23.90034361
16625,741022,49,84,5,3,19.18249501
16626,741202,49,8,5,3,23.41296519
16627,742465,49,28,4,3,8.080634674
16628,740890,49,5,5,3,18.72074056
16629,740929,49,103,5,3,23.00687944
16630,741247,49,24,5,3,21.19501304
16631,740965,49,116,5,3,26.99836891
16632,742357,49,92,4,3,6.524562413
16633,741154,49,19,5,3,21.9958319
16634,742306,49,67,4,3,6.784997881
16635,741184,49,45,5,3,20.20105589
16636,742321,49,70,4,3,6.551944631
16637,742345,49,83,4,3,7.362022469
16638,742336,49,71,4,3,6.741874433
16639,741175,49,9,5,3,20.68311406
16640,741217,49,17,5,3,23.30952501
16641,742243,49,124,4,3,7.710772492
16642,742279,49,133,4,3,6.507185457
16643,741232,49,16,5,3,21.02377569
16644,741085,49,87,5,3,21.47540613
16645,742366,49,88,4,3,6.331845777
16646,740893,49,122,5,3,18.02258258
16647,741238,49,51,5,3,21.85758448
16648,742324,49,68,4,3,6.684419275
16649,742564,49,52,4,3,6.478966029
16650,742225,49,137,4,3,6.839045172
16651,740995,49,132,5,3,21.28522479
16652,740911,49,120,5,3,21.86906445
16653,742516,49,24,4,3,6.528260119
16654,740968,49,118,5,3,25.41772516
16655,740947,49,138,5,3,20.45978531
16656,740986,49,100,5,3,18.62210512
16657,741160,49,43,5,3,22.11981526
16658,741250,49,37,5,3,21.63925524
16659,741235,49,23,5,3,22.60717894
16660,742387,49,89,4,3,6.835494527
16661,742249,49,139,4,3,7.354483616
16662,741253,49,64,5,3,24.10456292
16663,741277,49,54,5,3,21.06478607
16664,741283,49,34,5,3,20.85656728
16665,742498,49,11,4,3,6.660195406
16666,740977,49,123,5,3,23.0691479
16667,742543,49,35,4,3,6.666130721
16668,742315,49,69,4,3,6.651149578
16669,741031,49,80,5,3,24.77301172
16670,742240,49,135,4,3,7.904579176
16671,741049,49,75,5,3,22.76288546
16672,742252,49,113,4,3,6.501060424
16673,740998,49,121,5,3,20.8790196
16674,741190,49,41,5,3,19.65867567
16675,742525,49,33,4,3,6.706209052
16676,742528,49,21,4,3,6.828981468
16677,742363,49,90,4,3,6.48277595
16678,742285,49,130,4,3,6.499745703
16679,741199,49,27,5,3,23.85582362
16680,741010,49,133,5,3,20.07934468
16681,742426,49,62,4,3,6.819667468
16682,741094,49,90,5,3,19.77780206
16683,741220,49,53,5,3,23.12825233
16684,742534,49,47,4,3,6.574532159
16685,741013,49,141,5,3,18.87007315
16686,742246,49,123,4,3,7.362022469
16687,741130,49,38,5,3,23.90596078
16688,742192,49,112,4,3,6.804081903
16689,741133,49,15,5,3,25.80933499
16690,741151,49,14,5,3,21.92755306
16691,742519,49,37,4,3,6.816282653
16692,740899,49,114,5,3,19.32926512
16693,742228,49,136,4,3,7.099794779
16694,741280,49,7,5,3,18.87434444
16695,741106,49,94,5,3,24.58160996
16696,741112,49,85,5,3,20.33724781
16697,742360,49,81,4,3,6.690577085
16698,742513,49,18,4,3,6.697176374
16699,742549,49,7,4,3,6.390453634
16700,742486,49,17,4,3,6.886115731
16701,741208,49,20,5,3,22.06994742
16702,742378,49,66,4,3,6.407498086
16703,742267,49,121,4,3,6.69067221
16704,741139,49,56,5,3,25.88404044
16705,741196,49,28,5,3,24.96883419
16706,742237,49,118,4,3,8.37023922
16707,742501,49,16,4,3,6.581984972
16708,742234,49,116,4,3,8.289208713
16709,742189,49,101,4,3,6.784997881
16710,742174,49,108,4,3,6.759385889
16711,742222,49,111,4,3,6.819499301
16712,740896,49,125,5,3,19.18248894
16713,741076,49,83,5,3,23.0691479
16714,742195,49,134,4,3,7.272910258
16715,740938,49,102,5,3,22.26082029
16716,741127,49,29,5,3,25.31347964
16717,741040,49,77,5,3,22.24045642
16718,740941,49,107,5,3,21.64803485
16719,742522,49,64,4,3,7.931445484
16720,742333,49,97,4,3,6.808006103
16721,741172,49,26,5,3,21.33647876
16722,740884,49,3,5,3,23.67404351
16723,741136,49,39,5,3,28.35257576
16724,741241,49,12,5,3,22.88662037
16725,742471,49,8,4,3,7.023570516
16726,742153,49,3,4,3,7.462985659
16727,740902,49,126,5,3,19.5542201
16728,740971,49,135,5,3,24.08478387
16729,741178,49,36,5,3,20.0999397
16730,742348,49,98,4,3,7.354483616
16731,742420,49,14,4,3,6.720790448
16732,741262,49,48,5,3,22.56662365
16733,742216,49,138,4,3,6.807999778
16734,742561,49,55,4,3,6.577477788
16735,742183,49,117,4,3,7.991917191
16736,741043,49,93,5,3,23.41154977
16737,742291,49,84,4,3,6.322062625
16738,742354,49,87,4,3,6.716234864
16739,742300,49,80,4,3,7.991917191
16740,742468,49,27,4,3,7.288416526
16741,741295,49,52,5,3,18.82259668
16742,742303,49,74,4,3,7.310411539
16743,741163,49,32,5,3,22.37779025
16744,741271,49,31,5,3,19.89414969
16745,741265,49,47,5,3,21.1377716
16746,742210,49,107,4,3,6.581753595
16747,740935,49,104,5,3,21.17469782
16748,741292,49,55,5,3,20.70509364
16749,741193,49,63,5,3,18.82935167
16750,742309,49,77,4,3,6.804081903
16751,742162,49,122,4,3,6.366259841
16752,742342,49,96,4,3,6.839020945
16753,741274,49,35,5,3,21.63258776
16754,742150,49,2,4,3,6.886463032
16755,742480,49,44,4,3,7.272206793
16756,741124,49,22,5,3,25.77217279
16757,742531,49,48,4,3,7.222219737
16758,742258,49,128,4,3,6.716234864
16759,742330,49,99,4,3,7.491394425
16760,740989,49,128,5,3,21.47540613
16761,740905,49,108,5,3,20.93965076
16762,742261,49,115,4,3,6.400966565
16763,741052,49,70,5,3,21.17469782
16764,741259,49,21,5,3,22.32478638
16765,741142,49,61,5,3,22.83668871
16766,741097,49,88,5,3,19.04557254
16767,740878,49,1,5,3,19.91634153
16768,740917,49,109,5,3,23.90034361
16769,741055,49,68,5,3,22.26082029
16770,740992,49,115,5,3,20.00034982
16771,741244,49,18,5,3,22.90000661
16772,742177,49,119,4,3,6.588964424
16773,741223,49,6,5,3,22.37811751
16774,740974,49,124,5,3,25.67305502
16775,741229,49,11,5,3,23.12209488
16776,740914,49,117,5,3,24.77301172
16777,740953,49,111,5,3,22.03433662
16778,740908,49,119,5,3,21.49521979
16779,740926,49,134,5,3,23.4109752
16780,742231,49,106,4,3,8.569511769
16781,741145,49,60,5,3,24.05023118
16782,742429,49,43,4,3,6.907172966
16783,742411,49,61,4,3,6.835727638
16784,742396,49,29,4,3,8.601113901
16785,740920,49,101,5,3,23.08848961
16786,742447,49,36,4,3,6.485340479
16787,742351,49,78,4,3,6.500092537
16788,742462,49,63,4,3,6.301807275
16789,741256,49,33,5,3,21.53392361
16790,742456,49,58,4,3,6.470316844
16791,742219,49,105,4,3,6.741867749
16792,742369,49,95,4,3,7.657733693
16793,742372,49,72,4,3,8.502505784
16794,742297,49,86,4,3,6.555343892
16795,742339,49,76,4,3,6.819499301
16796,740959,49,136,5,3,23.9994318
16797,741058,49,73,5,3,21.64803485
16798,741166,49,42,5,3,20.81815074
16799,741298,49,59,5,3,17.36374437
16800,742171,49,126,4,3,6.555343892
16801,741046,49,69,5,3,23.00687944
16802,742213,49,140,4,3,7.491394425
16803,742288,49,82,4,3,6.366259841
16804,741001,49,131,5,3,19.77808481
16805,740932,49,110,5,3,22.76288546
16806,742180,49,120,4,3,7.055217343
16807,742393,49,22,4,3,7.789747939
16808,742540,49,31,4,3,6.455631485
16809,742444,49,9,4,3,6.73846038
16810,742327,49,73,4,3,6.581753595
16811,741073,49,96,5,3,22.8081457
16812,741118,49,89,5,3,21.48186462
16813,741028,49,86,5,3,19.5542201
16814,742417,49,40,4,3,6.755322078
16815,741169,49,30,5,3,21.50564741
16816,742438,49,30,4,3,6.621893635
16817,742408,49,56,4,3,7.985021676
16818,742474,49,13,4,3,7.060204773
16819,741082,49,78,5,3,20.06197741
16820,741025,49,79,5,3,19.32926512
16821,742567,49,59,4,3,6.501186679
16822,742159,49,5,4,3,6.511465052
16823,741061,49,99,5,3,24.12098756
16824,741070,49,76,5,3,22.03433662
16825,741037,49,67,5,3,23.08848961
16826,742312,49,93,4,3,7.273208462
16827,742495,49,10,4,3,6.625950393
16828,740881,49,2,5,3,22.73678664
16829,742204,49,104,4,3,6.551944631
16830,742489,49,53,4,3,6.66773164
16831,742423,49,19,4,3,6.821440653
16832,742432,49,32,4,3,7.413674015
16833,742459,49,41,4,3,6.422725796
16834,742294,49,79,4,3,6.408438312
16835,742453,49,45,4,3,6.67587762
16836,742381,49,85,4,3,6.542620129
16837,741148,49,40,5,3,21.53274518
16838,742558,49,50,4,3,6.33109299
16839,742477,49,20,4,3,6.771351516
16840,741019,49,82,5,3,18.02258258
16841,742510,49,12,4,3,6.733893336
16842,741079,49,98,5,3,22.91679062
16843,741067,49,71,5,3,21.81898634
16844,741088,49,92,5,3,21.28584552
16845,742507,49,51,4,3,6.578671948
16846,742186,49,109,4,3,7.310411539
16847,741100,49,95,5,3,25.40715528
16848,741103,49,72,5,3,26.27910353
16849,742264,49,132,4,3,6.524448009
16850,669710,48,82,4,3,7.22
16851,667605,48,42,5,3,13.96
16852,670955,48,116,6,3,27.65
16853,667611,48,30,5,3,14.92
16854,667437,48,78,5,3,11.03
16855,669939,48,64,4,3,7.9
16856,669689,48,77,4,3,6.89
16857,667527,48,29,5,3,16.16
16858,669632,48,88,4,3,6.27
16859,670950,48,139,6,3,30.94
16860,667047,48,4,5,3,10.0
16861,669830,48,114,4,3,7.22
16862,669611,48,89,4,3,7.39
16863,670930,48,77,6,3,29.48
16864,669924,48,51,4,3,6.53
16865,669897,48,44,4,3,7.52
16866,670948,48,100,6,3,30.45
16867,670935,48,79,6,3,30.17
16868,670919,48,96,6,3,28.97
16869,667863,48,52,5,3,7.5
16870,667323,48,79,5,3,13.15
16871,669788,48,107,4,3,6.54
16872,667443,48,87,5,3,10.49
16873,669749,48,139,4,3,7.37
16874,667119,48,112,5,3,10.42
16875,667395,48,99,5,3,13.24
16876,667257,48,115,5,3,9.49
16877,670894,48,40,6,3,29.42
16878,671117,48,57,6,3,28.86
16879,667065,48,125,5,3,13.0
16880,669617,48,85,4,3,6.67
16881,670882,48,45,6,3,31.72
16882,671093,48,46,6,3,30.02
16883,667455,48,81,5,3,9.35
16884,667203,48,116,5,3,19.72
16885,667617,48,26,5,3,15.18
16886,667155,48,107,5,3,8.92
16887,669680,48,75,4,3,6.76
16888,667647,48,58,5,3,11.58
16889,667419,48,96,5,3,15.07
16890,670909,48,72,6,3,28.06
16891,669608,48,65,4,3,6.95
16892,670952,48,124,6,3,27.71
16893,667197,48,106,5,3,19.29
16894,669845,48,3,4,3,7.8
16895,669960,48,35,4,3,6.84
16896,667827,48,54,5,3,8.99
16897,669933,48,24,4,3,6.57
16898,669948,48,48,4,3,7.15
16899,669605,48,22,4,3,7.91
16900,670934,48,86,6,3,32.05
16901,667701,48,57,5,3,11.85
16902,671115,48,53,6,3,29.33
16903,669767,48,106,4,3,8.7
16904,669969,48,34,4,3,6.73
16905,669641,48,92,4,3,6.69
16906,670945,48,132,6,3,29.73
16907,669942,48,33,4,3,7.12
16908,669653,48,83,4,3,7.76
16909,667089,48,119,5,3,14.75
16910,669794,48,104,4,3,6.6
16911,669851,48,1,4,3,7.24
16912,667377,48,70,5,3,8.63
16913,670949,48,113,6,3,31.59
16914,667239,48,113,5,3,11.03
16915,669848,48,2,4,3,6.94
16916,667743,48,23,5,3,10.3
16917,667371,48,75,5,3,10.66
16918,667671,48,27,5,3,13.0
16919,670983,48,2,6,3,29.69
16920,670979,48,122,6,3,28.49
16921,669638,48,81,4,3,6.73
16922,671095,48,7,6,3,30.66
16923,670891,48,62,6,3,28.66
16924,667641,48,45,5,3,12.72
16925,669867,48,49,4,3,7.21
16926,671091,48,55,6,3,27.39
16927,670926,48,70,6,3,30.36
16928,669839,48,5,4,3,6.58
16929,667299,48,141,5,3,7.84
16930,669776,48,111,4,3,7.27
16931,670890,48,43,6,3,30.55
16932,667317,48,84,5,3,13.0
16933,667695,48,44,5,3,12.95
16934,670910,48,95,6,3,28.53
16935,669578,48,14,4,3,7.38
16936,670937,48,82,6,3,28.49
16937,670901,48,29,6,3,28.54
16938,669614,48,91,4,3,6.55
16939,669770,48,136,4,3,7.44
16940,669954,48,25,4,3,7.06
16941,667401,48,97,5,3,14.03
16942,669761,48,118,4,3,8.45
16943,669824,48,108,4,3,7.34
16944,670944,48,121,6,3,29.47
16945,669870,48,45,4,3,7.2
16946,669978,48,55,4,3,6.74
16947,670977,48,114,6,3,30.17
16948,669764,48,116,4,3,8.4
16949,667227,48,123,5,3,14.24
16950,669797,48,110,4,3,6.76
16951,667341,48,74,5,3,12.96
16952,670957,48,136,6,3,29.3
16953,667569,48,40,5,3,14.28
16954,667431,48,98,5,3,12.85
16955,669791,48,102,4,3,6.69
16956,667131,48,103,5,3,10.74
16957,667329,48,86,5,3,12.14
16958,670959,48,111,6,3,30.19
16959,669620,48,66,4,3,6.71
16960,667761,48,18,5,3,10.82
16961,669728,48,131,4,3,6.57
16962,670885,48,9,6,3,30.44
16963,670899,48,15,6,3,28.42
16964,669692,48,67,4,3,6.98
16965,667707,48,17,5,3,11.78
16966,667059,48,122,5,3,12.22
16967,667305,48,130,5,3,7.29
16968,667539,48,15,5,3,17.82
16969,667209,48,118,5,3,16.22
16970,671105,48,37,6,3,31.83
16971,667479,48,72,5,3,18.26
16972,669906,48,53,4,3,6.83
16973,670942,48,129,6,3,31.49
16974,670960,48,105,6,3,29.52
16975,671103,48,33,6,3,31.61
16976,667347,48,67,5,3,11.59
16977,667473,48,95,5,3,17.92
16978,667161,48,140,5,3,13.24
16979,667149,48,102,5,3,9.8
16980,669623,48,94,4,3,8.02
16981,667767,48,24,5,3,8.61
16982,667185,48,137,5,3,15.07
16983,669734,48,132,4,3,6.69
16984,667821,48,35,5,3,10.2
16985,669677,48,70,4,3,6.6
16986,667845,48,46,5,3,8.42
16987,667599,48,32,5,3,14.77
16988,667563,48,60,5,3,16.39
16989,667593,48,43,5,3,15.02
16990,667809,48,25,5,3,11.06
16991,671114,48,6,6,3,29.22
16992,667179,48,111,5,3,14.24
16993,669972,48,46,4,3,6.58
16994,671112,48,11,6,3,29.34
16995,669719,48,133,4,3,6.56
16996,667359,48,93,5,3,11.77
16997,669782,48,138,4,3,7.35
16998,671096,48,54,6,3,29.84
16999,671113,48,10,6,3,30.22
17000,669894,48,20,4,3,6.85
17001,667737,48,16,5,3,8.38
17002,667449,48,92,5,3,9.47
17003,671101,48,48,6,3,30.21
17004,669815,48,117,4,3,7.95
17005,667749,48,51,5,3,9.08
17006,670946,48,115,6,3,30.5
17007,669773,48,137,4,3,7.24
17008,669900,48,57,4,3,7.28
17009,670981,48,4,6,3,30.52
17010,671089,48,59,6,3,29.67
17011,670971,48,109,6,3,28.79
17012,667833,48,7,5,3,8.94
17013,667581,48,19,5,3,14.27
17014,667725,48,10,5,3,10.28
17015,669873,48,58,4,3,7.08
17016,669572,48,60,4,3,7.45
17017,669945,48,21,4,3,7.12
17018,669635,48,90,4,3,6.57
17019,669743,48,100,4,3,6.73
17020,667755,48,12,5,3,11.4
17021,667311,48,82,5,3,12.22
17022,670888,48,42,6,3,30.6
17023,669855,48,30,4,3,7.23
17024,669818,48,120,4,3,7.52
17025,669891,48,13,4,3,7.31
17026,670907,48,66,6,3,30.47
17027,667095,48,120,5,3,14.29
17028,671122,48,27,6,3,28.93
17029,670921,48,71,6,3,29.52
17030,670889,48,32,6,3,31.52
17031,670880,48,41,6,3,31.33
17032,669921,48,23,4,3,6.7
17033,667665,48,28,5,3,14.83
17034,670967,48,103,6,3,29.38
17035,671094,48,34,6,3,29.45
17036,670956,48,106,6,3,27.83
17037,670974,48,119,6,3,30.13
17038,667545,48,39,5,3,21.93
17039,671111,48,16,6,3,31.56
17040,670914,48,92,6,3,29.73
17041,667281,48,129,5,3,5.96
17042,669927,48,12,4,3,6.96
17043,667107,48,109,5,3,12.96
17044,667815,48,31,5,3,9.26
17045,667191,48,136,5,3,16.33
17046,669915,48,11,4,3,6.78
17047,669951,48,47,4,3,6.82
17048,670917,48,98,6,3,30.94
17049,669704,48,79,4,3,7.22
17050,669563,48,39,4,3,9.19
17051,671108,48,12,6,3,29.22
17052,670936,48,84,6,3,30.85
17053,669861,48,9,4,3,7.37
17054,670973,48,120,6,3,31.49
17055,667731,48,11,5,3,10.94
17056,670951,48,123,6,3,30.96
17057,667509,48,89,5,3,14.49
17058,670922,48,97,6,3,28.84
17059,667779,48,64,5,3,14.58
17060,667839,48,34,5,3,9.38
17061,669858,48,26,4,3,7.3
17062,669644,48,87,4,3,6.91
17063,669936,48,37,4,3,7.38
17064,669716,48,141,4,3,6.6
17065,669963,48,54,4,3,6.58
17066,669758,48,135,4,3,8.1
17067,667137,48,110,5,3,10.66
17068,669659,48,76,4,3,7.27
17069,669803,48,134,4,3,7.27
17070,669755,48,124,4,3,7.83
17071,670976,48,126,6,3,32.05
17072,667497,48,85,5,3,8.64
17073,670908,48,94,6,3,28.54
17074,669587,48,43,4,3,7.48
17075,671120,48,13,6,3,29.65
17076,670915,48,87,6,3,30.2
17077,671107,48,18,6,3,29.54
17078,670906,48,85,6,3,27.85
17079,670961,48,138,6,3,28.84
17080,670904,48,89,6,3,30.7
17081,670980,48,5,6,3,28.61
17082,667551,48,56,5,3,17.91
17083,670905,48,91,6,3,28.92
17084,670892,48,19,6,3,30.13
17085,669864,48,36,4,3,7.26
17086,669746,48,113,4,3,7.05
17087,670879,48,63,6,3,30.49
17088,670958,48,137,6,3,28.97
17089,667251,48,128,5,3,10.49
17090,670912,48,90,6,3,29.98
17091,669626,48,72,4,3,8.61
17092,667629,48,36,5,3,13.98
17093,670965,48,104,6,3,30.36
17094,667803,48,47,5,3,10.56
17095,670924,48,73,6,3,30.89
17096,670929,48,93,6,3,28.93
17097,670881,48,58,6,3,32.41
17098,670918,48,83,6,3,30.96
17099,667029,48,1,5,3,13.16
17100,669602,48,29,4,3,8.68
17101,667035,48,2,5,3,10.82
17102,669903,48,17,4,3,7.03
17103,670962,48,140,6,3,29.38
17104,667071,48,114,5,3,13.15
17105,669912,48,10,4,3,6.65
17106,667167,48,138,5,3,14.03
17107,670969,48,112,6,3,29.48
17108,667797,48,48,5,3,11.32
17109,669698,48,80,4,3,7.95
17110,669590,48,32,4,3,7.73
17111,669821,48,119,4,3,7.24
17112,670968,48,134,6,3,28.93
17113,669593,48,42,4,3,7.33
17114,670970,48,101,6,3,29.16
17115,669800,48,103,4,3,6.74
17116,670893,48,14,6,3,29.62
17117,667635,48,49,5,3,12.14
17118,670933,48,80,6,3,29.71
17119,667857,48,55,5,3,9.18
17120,667851,48,50,5,3,5.9
17121,669966,48,7,4,3,6.73
17122,667263,48,132,5,3,9.47
17123,669740,48,128,4,3,6.91
17124,667335,48,80,5,3,14.72
17125,667653,48,41,5,3,12.86
17126,669596,48,15,4,3,8.32
17127,669930,48,18,4,3,6.81
17128,669566,48,56,4,3,8.12
17129,667173,48,105,5,3,14.6
17130,667485,48,94,5,3,15.12
17131,670941,48,127,6,3,26.96
17132,670886,48,26,6,3,29.67
17133,670911,48,88,6,3,31.49
17134,669713,48,130,4,3,6.51
17135,669833,48,125,4,3,7.17
17136,667143,48,104,5,3,8.63
17137,669918,48,16,4,3,6.54
17138,669695,48,74,4,3,7.41
17139,667233,48,139,5,3,12.85
17140,669737,48,115,4,3,6.68
17141,670902,48,22,6,3,27.87
17142,667221,48,124,5,3,16.58
17143,667683,48,13,5,3,12.1
17144,671102,48,21,6,3,30.98
17145,667467,48,88,5,3,5.96
17146,671116,48,17,6,3,29.08
17147,667053,48,5,5,3,7.83
17148,669842,48,4,4,3,6.87
17149,669701,48,86,4,3,7.14
17150,669957,48,31,4,3,6.7
17151,667785,48,33,5,3,11.93
17152,670878,48,28,6,3,29.57
17153,670978,48,125,6,3,30.85
17154,669683,48,69,4,3,6.74
17155,669599,48,38,4,3,7.93
17156,671109,48,51,6,3,30.57
17157,667125,48,134,5,3,11.77
17158,669975,48,50,4,3,6.27
17159,670966,48,110,6,3,29.46
17160,670903,48,65,6,3,29.84
17161,671119,48,20,6,3,29.56
17162,669629,48,95,4,3,7.89
17163,670883,48,49,6,3,28.72
17164,671104,48,64,6,3,30.55
17165,669882,48,28,4,3,8.0
17166,667719,48,6,5,3,10.09
17167,670916,48,78,6,3,31.6
17168,671098,48,31,6,3,29.87
17169,667365,48,69,5,3,10.74
17170,669584,48,62,4,3,7.35
17171,669650,48,98,4,3,7.37
17172,671097,48,35,6,3,29.56
17173,671090,48,52,6,3,28.29
17174,669569,48,61,4,3,7.23
17175,669876,48,41,4,3,7.17
17176,670900,48,38,6,3,28.97
17177,669674,48,68,4,3,6.69
17178,669879,48,63,4,3,7.18
17179,669812,48,109,4,3,7.41
17180,670975,48,108,6,3,30.15
17181,669731,48,121,4,3,6.73
17182,669581,48,19,4,3,7.29
17183,671106,48,24,6,3,30.38
17184,667623,48,9,5,3,14.19
17185,670964,48,102,6,3,29.84
17186,670896,48,61,6,3,29.0
17187,671110,48,23,6,3,29.23
17188,669662,48,71,4,3,7.36
17189,670963,48,107,6,3,30.89
17190,667407,48,71,5,3,14.6
17191,669981,48,52,4,3,6.55
17192,670928,48,69,6,3,29.38
17193,671092,48,50,6,3,31.59
17194,670984,48,1,6,3,30.85
17195,667083,48,108,5,3,14.53
17196,670884,48,36,6,3,29.81
17197,667275,48,131,5,3,8.37
17198,670953,48,135,6,3,28.92
17199,670898,48,39,6,3,26.94
17200,669575,48,40,4,3,7.32
17201,670931,48,67,6,3,29.16
17202,669668,48,99,4,3,7.55
17203,667869,48,59,5,3,7.32
17204,669909,48,6,4,3,6.79
17205,670954,48,118,6,3,28.54
17206,667791,48,21,5,3,12.36
17207,667041,48,3,5,3,15.97
17208,667413,48,76,5,3,14.24
17209,669722,48,127,4,3,6.88
17210,671099,48,25,6,3,31.56
17211,667515,48,65,5,3,10.61
17212,669707,48,84,4,3,7.17
17213,667773,48,37,5,3,12.83
17214,669836,48,122,4,3,7.22
17215,667491,48,66,5,3,9.03
17216,669885,48,27,4,3,7.32
17217,667425,48,83,5,3,14.24
17218,670925,48,68,6,3,29.84
17219,669888,48,8,4,3,7.07
17220,670927,48,75,6,3,29.46
17221,667689,48,20,5,3,10.19
17222,667113,48,101,5,3,11.59
17223,667245,48,100,5,3,8.71
17224,667713,48,53,5,3,11.3
17225,669725,48,129,4,3,6.27
17226,670939,48,141,6,3,27.74
17227,669671,48,73,4,3,6.54
17228,671100,48,47,6,3,29.99
17229,670982,48,3,6,3,28.77
17230,667077,48,126,5,3,12.14
17231,667383,48,68,5,3,9.8
17232,669785,48,140,4,3,7.55
17233,669827,48,126,4,3,7.14
17234,667533,48,38,5,3,14.09
17235,670940,48,133,6,3,28.33
17236,670943,48,131,6,3,29.98
17237,670972,48,117,6,3,29.71
17238,667557,48,61,5,3,15.06
17239,670932,48,74,6,3,28.79
17240,671118,48,44,6,3,28.7
17241,667587,48,62,5,3,13.98
17242,667503,48,91,5,3,7.49
17243,669647,48,78,4,3,7.05
17244,670897,48,56,6,3,28.13
17245,667101,48,117,5,3,14.72
17246,669779,48,105,4,3,7.36
17247,670887,48,30,6,3,29.89
17248,671121,48,8,6,3,29.28
17249,669809,48,101,4,3,6.98
17250,669806,48,112,4,3,6.89
17251,670938,48,130,6,3,29.62
17252,669984,48,59,4,3,6.52
17253,669665,48,97,4,3,7.35
17254,670913,48,81,6,3,29.47
17255,667215,48,135,5,3,14.45
17256,670947,48,128,6,3,30.2
17257,669752,48,123,4,3,7.76
17258,667287,48,127,5,3,9.8
17259,667677,48,8,5,3,11.93
17260,667659,48,63,5,3,12.77
17261,667389,48,73,5,3,8.92
17262,670923,48,99,6,3,29.38
17263,669686,48,93,4,3,7.27
17264,669656,48,96,4,3,7.24
17265,667461,48,90,5,3,8.37
17266,670920,48,76,6,3,30.19
17267,667575,48,14,5,3,14.74
17268,667293,48,133,5,3,8.02
17269,670895,48,60,6,3,29.28
17270,667353,48,77,5,3,10.42
17271,667521,48,22,5,3,16.72
17272,667269,48,121,5,3,9.35
17273,669778,47,111,4,3,6.37
17274,667615,47,26,5,3,19.15
17275,669709,47,84,4,3,5.95
17276,669787,47,140,4,3,6.72
17277,669946,47,48,4,3,6.25
17278,667369,47,75,5,3,16.07
17279,667255,47,115,5,3,14.4
17280,669928,47,18,4,3,5.97
17281,669931,47,24,4,3,5.67
17282,669649,47,78,4,3,6.24
17283,669856,47,26,4,3,6.21
17284,669925,47,12,4,3,6.11
17285,669817,47,117,4,3,7.04
17286,669781,47,105,4,3,6.35
17287,669616,47,91,4,3,5.44
17288,669883,47,27,4,3,6.68
17289,669775,47,137,4,3,6.35
17290,669607,47,22,4,3,7.52
17291,669841,47,5,4,3,5.54
17292,669940,47,33,4,3,6.38
17293,669594,47,30,4,3,6.12
17294,667693,47,44,5,3,18.17
17295,669772,47,136,4,3,6.72
17296,669871,47,58,4,3,6.07
17297,669646,47,87,4,3,6.11
17298,667129,47,103,5,3,16.0
17299,667777,47,64,5,3,19.22
17300,667633,47,49,5,3,15.83
17301,669766,47,116,4,3,8.18
17302,667249,47,128,5,3,15.74
17303,669715,47,130,4,3,5.34
17304,667855,47,55,5,3,13.68
17305,669826,47,108,4,3,6.28
17306,667669,47,27,5,3,18.4
17307,667675,47,8,5,3,17.47
17308,667441,47,87,5,3,15.74
17309,669805,47,134,4,3,6.47
17310,669811,47,101,4,3,6.2
17311,669694,47,67,4,3,6.2
17312,667723,47,10,5,3,15.36
17313,667063,47,125,5,3,16.75
17314,667033,47,2,5,3,16.0
17315,667105,47,109,5,3,18.26
17316,667423,47,83,5,3,18.94
17317,667699,47,57,5,3,16.89
17318,669712,47,82,4,3,5.89
17319,667801,47,47,5,3,15.71
17320,667507,47,89,5,3,18.59
17321,669943,47,21,4,3,6.46
17322,669913,47,11,4,3,5.99
17323,669739,47,115,4,3,5.95
17324,669622,47,66,4,3,5.98
17325,669961,47,54,4,3,5.79
17326,667657,47,63,5,3,16.48
17327,667573,47,14,5,3,19.13
17328,667147,47,102,5,3,14.81
17329,667045,47,4,5,3,14.82
17330,669793,47,102,4,3,5.93
17331,669847,47,3,4,3,7.16
17332,667285,47,127,5,3,14.15
17333,669727,47,129,4,3,5.33
17334,667453,47,81,5,3,14.24
17335,669730,47,131,4,3,5.78
17336,667681,47,13,5,3,17.47
17337,669588,47,32,4,3,6.56
17338,669799,47,110,4,3,5.97
17339,669853,47,1,4,3,6.11
17340,669652,47,98,4,3,6.56
17341,669742,47,128,4,3,6.11
17342,667621,47,9,5,3,18.18
17343,667093,47,120,5,3,18.43
17344,669868,47,45,4,3,6.2
17345,669916,47,16,4,3,5.69
17346,667789,47,21,5,3,17.52
17347,667519,47,22,5,3,21.7
17348,669874,47,41,4,3,6.01
17349,669573,47,40,4,3,6.3
17350,667705,47,17,5,3,17.34
17351,667201,47,116,5,3,24.27
17352,667135,47,110,5,3,16.07
17353,667027,47,1,5,3,17.1
17354,669832,47,114,4,3,6.0
17355,667159,47,140,5,3,18.5
17356,669733,47,121,4,3,5.97
17357,667489,47,66,5,3,13.66
17358,667183,47,137,5,3,19.62
17359,667543,47,39,5,3,26.27
17360,667051,47,5,5,3,11.63
17361,669658,47,96,4,3,6.35
17362,667303,47,130,5,3,10.56
17363,669634,47,88,4,3,5.33
17364,667231,47,139,5,3,17.79
17365,669706,47,79,4,3,6.0
17366,669901,47,17,4,3,6.31
17367,667123,47,134,5,3,16.77
17368,669949,47,47,4,3,6.12
17369,669859,47,9,4,3,6.32
17370,669955,47,31,4,3,5.99
17371,667363,47,69,5,3,16.0
17372,669844,47,4,4,3,6.06
17373,669598,47,15,4,3,7.96
17374,669754,47,123,4,3,6.83
17375,667807,47,25,5,3,15.61
17376,669922,47,51,4,3,5.69
17377,669676,47,68,4,3,5.93
17378,667645,47,58,5,3,15.54
17379,669628,47,72,4,3,8.41
17380,667225,47,123,5,3,18.94
17381,669958,47,35,4,3,6.09
17382,667579,47,19,5,3,18.78
17383,667195,47,106,5,3,23.87
17384,667375,47,70,5,3,13.76
17385,667819,47,35,5,3,15.47
17386,669919,47,23,4,3,5.92
17387,669880,47,28,4,3,7.08
17388,667831,47,7,5,3,13.45
17389,669904,47,53,4,3,6.06
17390,667243,47,100,5,3,13.16
17391,667555,47,61,5,3,19.63
17392,667357,47,93,5,3,16.77
17393,669601,47,38,4,3,7.51
17394,667597,47,32,5,3,18.77
17395,667861,47,52,5,3,11.49
17396,667405,47,71,5,3,18.99
17397,667459,47,90,5,3,13.02
17398,669886,47,8,4,3,6.31
17399,669862,47,36,4,3,6.05
17400,667165,47,138,5,3,18.08
17401,669604,47,29,4,3,8.54
17402,667795,47,48,5,3,16.49
17403,669631,47,95,4,3,7.41
17404,669637,47,90,4,3,5.78
17405,669691,47,77,4,3,6.02
17406,669760,47,135,4,3,7.76
17407,669808,47,112,4,3,6.02
17408,667567,47,40,5,3,18.65
17409,667477,47,72,5,3,23.02
17410,667471,47,95,5,3,22.48
17411,669889,47,13,4,3,6.5
17412,667273,47,131,5,3,13.02
17413,669910,47,10,4,3,5.85
17414,669964,47,7,4,3,5.99
17415,667465,47,88,5,3,10.55
17416,667525,47,29,5,3,21.26
17417,669697,47,74,4,3,6.69
17418,669757,47,124,4,3,7.42
17419,669784,47,138,4,3,6.29
17420,669661,47,76,4,3,6.37
17421,667495,47,85,5,3,13.11
17422,669979,47,52,4,3,5.58
17423,667561,47,60,5,3,20.95
17424,667501,47,91,5,3,11.01
17425,667627,47,36,5,3,17.86
17426,669820,47,120,4,3,6.36
17427,667141,47,104,5,3,13.76
17428,669982,47,59,4,3,5.32
17429,669685,47,69,4,3,5.94
17430,669967,47,34,4,3,5.94
17431,669679,47,70,4,3,5.69
17432,667867,47,59,5,3,10.49
17433,667417,47,96,5,3,19.62
17434,667069,47,114,5,3,16.98
17435,667321,47,79,5,3,16.98
17436,667081,47,108,5,3,18.5
17437,669724,47,127,4,3,5.93
17438,669591,47,42,4,3,6.22
17439,667711,47,53,5,3,16.87
17440,667111,47,101,5,3,17.1
17441,667333,47,80,5,3,19.63
17442,667399,47,97,5,3,18.08
17443,669673,47,73,4,3,5.7
17444,667609,47,30,5,3,19.05
17445,667783,47,33,5,3,16.98
17446,667267,47,121,5,3,14.24
17447,667309,47,82,5,3,15.9
17448,667261,47,132,5,3,14.75
17449,667531,47,38,5,3,19.36
17450,667435,47,78,5,3,15.59
17451,669595,47,39,4,3,9.24
17452,669610,47,65,4,3,6.06
17453,667483,47,94,5,3,20.27
17454,669567,47,61,4,3,6.35
17455,669976,47,55,4,3,5.84
17456,667291,47,133,5,3,12.56
17457,669655,47,83,4,3,6.83
17458,667747,47,51,5,3,14.02
17459,669823,47,119,4,3,6.12
17460,667099,47,117,5,3,19.63
17461,667765,47,24,5,3,13.74
17462,669667,47,97,4,3,6.29
17463,667585,47,62,5,3,17.94
17464,667663,47,28,5,3,19.72
17465,669970,47,46,4,3,5.78
17466,667057,47,122,5,3,15.9
17467,669877,47,63,4,3,5.92
17468,667189,47,136,5,3,20.89
17469,667843,47,46,5,3,13.08
17470,669973,47,50,4,3,5.33
17471,667741,47,23,5,3,15.6
17472,667735,47,16,5,3,13.04
17473,669643,47,92,4,3,5.91
17474,669769,47,106,4,3,8.5
17475,669952,47,25,4,3,6.26
17476,667297,47,141,5,3,11.78
17477,669664,47,71,4,3,6.35
17478,669898,47,57,4,3,6.47
17479,667447,47,92,5,3,14.75
17480,667603,47,42,5,3,18.08
17481,667651,47,41,5,3,16.8
17482,669564,47,56,4,3,7.79
17483,667537,47,15,5,3,22.53
17484,667849,47,50,5,3,10.47
17485,669814,47,109,4,3,6.69
17486,667813,47,31,5,3,14.13
17487,667351,47,77,5,3,15.74
17488,669865,47,49,4,3,5.87
17489,669703,47,86,4,3,6.12
17490,669745,47,100,4,3,6.0
17491,667075,47,126,5,3,16.19
17492,669582,47,62,4,3,6.28
17493,669796,47,104,4,3,5.69
17494,667387,47,73,5,3,13.78
17495,669736,47,132,4,3,5.91
17496,669895,47,44,4,3,6.74
17497,667153,47,107,5,3,13.78
17498,667039,47,3,5,3,20.54
17499,669937,47,64,4,3,6.95
17500,669721,47,133,4,3,5.7
17501,669838,47,122,4,3,5.89
17502,669802,47,103,4,3,5.94
17503,667771,47,37,5,3,17.63
17504,667279,47,129,5,3,10.55
17505,669613,47,89,4,3,6.27
17506,669640,47,81,4,3,5.97
17507,669718,47,141,4,3,5.62
17508,669700,47,80,4,3,7.04
17509,669934,47,37,4,3,6.47
17510,669585,47,43,4,3,6.3
17511,669625,47,94,4,3,7.65
17512,669907,47,6,4,3,6.06
17513,669763,47,118,4,3,8.22
17514,669790,47,107,4,3,5.7
17515,667315,47,84,5,3,16.75
17516,669670,47,99,4,3,6.72
17517,669576,47,14,4,3,6.36
17518,667513,47,65,5,3,15.17
17519,667177,47,111,5,3,18.77
17520,667237,47,113,5,3,15.59
17521,669570,47,60,4,3,6.73
17522,667339,47,74,5,3,18.26
17523,667207,47,118,5,3,21.32
17524,669579,47,19,4,3,6.38
17525,667429,47,98,5,3,17.79
17526,667219,47,124,5,3,21.55
17527,669682,47,75,4,3,5.97
17528,667213,47,135,5,3,19.69
17529,667345,47,67,5,3,17.1
17530,667753,47,12,5,3,16.79
17531,667687,47,20,5,3,15.48
17532,667411,47,76,5,3,18.77
17533,667393,47,99,5,3,18.5
17534,667327,47,86,5,3,16.19
17535,667381,47,68,5,3,14.81
17536,669829,47,126,4,3,6.12
17537,669850,47,2,4,3,6.12
17538,669751,47,139,4,3,6.56
17539,669835,47,125,4,3,5.95
17540,667591,47,43,5,3,19.14
17541,667117,47,112,5,3,15.74
17542,667087,47,119,5,3,18.92
17543,669619,47,85,4,3,5.78
17544,667549,47,56,5,3,22.65
17545,669688,47,93,4,3,6.47
17546,669748,47,113,4,3,6.24
17547,667639,47,45,5,3,16.87
17548,667759,47,18,5,3,16.23
17549,667837,47,34,5,3,14.28
17550,669892,47,20,4,3,5.98
17551,667171,47,105,5,3,18.99
17552,667825,47,54,5,3,14.28
17553,667717,47,6,5,3,15.16
17554,667729,47,11,5,3,16.21
17555,669965,46,7,4,3,7.62
17556,669911,46,10,4,3,7.34
17557,669983,46,59,4,3,5.95
17558,667574,46,14,5,3,26.73
17559,667724,46,10,5,3,24.34
17560,667556,46,61,5,3,28.15
17561,669636,46,90,4,3,7.16
17562,667310,46,82,5,3,21.27
17563,669837,46,122,4,3,6.37
17564,669756,46,124,4,3,9.88
17565,667400,46,97,5,3,24.61
17566,669624,46,94,4,3,10.18
17567,669959,46,35,4,3,7.71
17568,669618,46,85,4,3,7.31
17569,667742,46,23,5,3,25.36
17570,667442,46,87,5,3,25.26
17571,669586,46,43,4,3,7.25
17572,669571,46,60,4,3,8.59
17573,669878,46,63,4,3,6.53
17574,669765,46,116,4,3,11.0
17575,667226,46,123,5,3,27.62
17576,667784,46,33,5,3,25.71
17577,669565,46,56,4,3,10.4
17578,667052,46,5,5,3,17.87
17579,669708,46,84,4,3,6.66
17580,667610,46,30,5,3,25.84
17581,669723,46,127,4,3,7.44
17582,669580,46,19,4,3,7.82
17583,667418,46,96,5,3,28.11
17584,669813,46,109,4,3,8.55
17585,669633,46,88,4,3,6.12
17586,669783,46,138,4,3,7.35
17587,669810,46,101,4,3,7.81
17588,669786,46,140,4,3,8.29
17589,669849,46,2,4,3,7.62
17590,667664,46,28,5,3,29.38
17591,669852,46,1,4,3,7.02
17592,667826,46,54,5,3,23.38
17593,667100,46,117,5,3,29.27
17594,669846,46,3,4,3,9.13
17595,667172,46,105,5,3,26.6
17596,669962,46,54,4,3,7.19
17597,667712,46,53,5,3,27.43
17598,669807,46,112,4,3,7.4
17599,667382,46,68,5,3,23.75
17600,669834,46,125,4,3,6.66
17601,669828,46,126,4,3,7.28
17602,669762,46,118,4,3,11.04
17603,669840,46,5,4,3,6.66
17604,667688,46,20,5,3,25.15
17605,669938,46,64,4,3,8.43
17606,669654,46,83,4,3,8.31
17607,667538,46,15,5,3,32.14
17608,669980,46,52,4,3,6.89
17609,667622,46,9,5,3,24.31
17610,669681,46,75,4,3,7.47
17611,667070,46,114,5,3,22.59
17612,669675,46,68,4,3,7.56
17613,667754,46,12,5,3,26.94
17614,667586,46,62,5,3,24.28
17615,667406,46,71,5,3,26.6
17616,669705,46,79,4,3,6.68
17617,669914,46,11,4,3,7.54
17618,669574,46,40,4,3,7.49
17619,667322,46,79,5,3,22.59
17620,669627,46,72,4,3,11.26
17621,669630,46,95,4,3,9.71
17622,667244,46,100,5,3,19.92
17623,669875,46,41,4,3,6.85
17624,667328,46,86,5,3,22.22
17625,667514,46,65,5,3,22.98
17626,667592,46,43,5,3,26.15
17627,669651,46,98,4,3,8.24
17628,667658,46,63,5,3,21.56
17629,667076,46,126,5,3,22.22
17630,669881,46,28,4,3,8.6
17631,669825,46,108,4,3,7.37
17632,667496,46,85,5,3,21.0
17633,667196,46,106,5,3,33.6
17634,667550,46,56,5,3,32.57
17635,667124,46,134,5,3,26.36
17636,667868,46,59,5,3,15.11
17637,667634,46,49,5,3,21.19
17638,669738,46,115,4,3,7.63
17639,667232,46,139,5,3,26.72
17640,669890,46,13,4,3,8.07
17641,667190,46,136,5,3,29.8
17642,667736,46,16,5,3,20.92
17643,667604,46,42,5,3,24.69
17644,669612,46,89,4,3,7.28
17645,669944,46,21,4,3,8.36
17646,669744,46,100,4,3,7.65
17647,667112,46,101,5,3,27.58
17648,667286,46,127,5,3,21.89
17649,667178,46,111,5,3,26.76
17650,669905,46,53,4,3,7.67
17651,669893,46,20,4,3,7.33
17652,669902,46,17,4,3,8.04
17653,669735,46,132,4,3,7.4
17654,669684,46,69,4,3,7.49
17655,669884,46,27,4,3,8.68
17656,669642,46,92,4,3,7.4
17657,669687,46,93,4,3,8.17
17658,669768,46,106,4,3,11.38
17659,669663,46,71,4,3,7.56
17660,669562,46,39,4,3,12.55
17661,669741,46,128,4,3,7.7
17662,669863,46,36,4,3,6.78
17663,667256,46,115,5,3,22.53
17664,669568,46,61,4,3,7.87
17665,667544,46,39,5,3,36.18
17666,669968,46,34,4,3,7.37
17667,667646,46,58,5,3,21.25
17668,667580,46,19,5,3,26.71
17669,669603,46,29,4,3,11.5
17670,669860,46,9,4,3,7.4
17671,667364,46,69,5,3,25.64
17672,667376,46,70,5,3,22.86
17673,669732,46,121,4,3,7.45
17674,669795,46,104,4,3,6.85
17675,667856,46,55,5,3,21.69
17676,669819,46,120,4,3,7.34
17677,669678,46,70,4,3,6.85
17678,669714,46,130,4,3,6.05
17679,667520,46,22,5,3,32.25
17680,669941,46,33,4,3,8.14
17681,669792,46,102,4,3,7.56
17682,669953,46,25,4,3,7.86
17683,669974,46,50,4,3,6.12
17684,667598,46,32,5,3,25.34
17685,667148,46,102,5,3,23.75
17686,669690,46,77,4,3,7.4
17687,667046,46,4,5,3,22.86
17688,667358,46,93,5,3,26.36
17689,669896,46,44,4,3,8.49
17690,667790,46,21,5,3,26.69
17691,669597,46,15,4,3,10.55
17692,669759,46,135,4,3,10.31
17693,667448,46,92,5,3,23.92
17694,667670,46,27,5,3,29.0
17695,667280,46,129,5,3,17.57
17696,667676,46,8,5,3,28.08
17697,667760,46,18,5,3,26.3
17698,667766,46,24,5,3,22.83
17699,669822,46,119,4,3,7.11
17700,669747,46,113,4,3,7.83
17701,669929,46,18,4,3,7.41
17702,667502,46,91,5,3,16.54
17703,667466,46,88,5,3,17.57
17704,667262,46,132,5,3,23.92
17705,667424,46,83,5,3,27.62
17706,667208,46,118,5,3,31.63
17707,667436,46,78,5,3,22.92
17708,667346,46,67,5,3,27.58
17709,667352,46,77,5,3,25.5
17710,667268,46,121,5,3,22.29
17711,667202,46,116,5,3,34.16
17712,667298,46,141,5,3,18.46
17713,667058,46,122,5,3,21.27
17714,667304,46,130,5,3,15.41
17715,667700,46,57,5,3,26.6
17716,667082,46,108,5,3,24.76
17717,669720,46,133,4,3,7.24
17718,667292,46,133,5,3,20.53
17719,669660,46,76,4,3,7.83
17720,669843,46,4,4,3,7.55
17721,669672,46,73,4,3,6.98
17722,669917,46,16,4,3,6.97
17723,669804,46,134,4,3,8.17
17724,667028,46,1,5,3,23.04
17725,669831,46,114,4,3,6.68
17726,667694,46,44,5,3,28.37
17727,669920,46,23,4,3,7.45
17728,667106,46,109,5,3,28.64
17729,669777,46,111,4,3,7.83
17730,667568,46,40,5,3,26.17
17731,667136,46,110,5,3,26.13
17732,667652,46,41,5,3,22.5
17733,667484,46,94,5,3,30.71
17734,669771,46,136,4,3,8.57
17735,669923,46,51,4,3,6.97
17736,667166,46,138,5,3,24.62
17737,667388,46,73,5,3,22.1
17738,667394,46,99,5,3,28.7
17739,667220,46,124,5,3,32.12
17740,669609,46,65,4,3,7.43
17741,667562,46,60,5,3,29.87
17742,669887,46,8,4,3,7.99
17743,669726,46,129,4,3,6.12
17744,667748,46,51,5,3,22.52
17745,667808,46,25,5,3,22.99
17746,669971,46,46,4,3,7.15
17747,669789,46,107,4,3,6.98
17748,667430,46,98,5,3,26.72
17749,667460,46,90,5,3,20.09
17750,669780,46,105,4,3,7.56
17751,667472,46,95,5,3,31.84
17752,667118,46,112,5,3,25.5
17753,669899,46,57,4,3,8.16
17754,669729,46,131,4,3,7.16
17755,667682,46,13,5,3,27.69
17756,667454,46,81,5,3,22.29
17757,669711,46,82,4,3,6.37
17758,667094,46,120,5,3,25.29
17759,667412,46,76,5,3,26.76
17760,667640,46,45,5,3,23.28
17761,667370,46,75,5,3,26.13
17762,667532,46,38,5,3,29.78
17763,669866,46,49,4,3,6.33
17764,667508,46,89,5,3,25.27
17765,667718,46,6,5,3,24.36
17766,669693,46,67,4,3,7.81
17767,667832,46,7,5,3,20.33
17768,669621,46,66,4,3,7.64
17769,669801,46,103,4,3,7.49
17770,669657,46,96,4,3,7.87
17771,667820,46,35,5,3,24.72
17772,667814,46,31,5,3,22.21
17773,667730,46,11,5,3,25.93
17774,667238,46,113,5,3,22.92
17775,669750,46,139,4,3,8.24
17776,669932,46,24,4,3,6.84
17777,667040,46,3,5,3,29.31
17778,669798,46,110,4,3,7.47
17779,669583,46,62,4,3,7.33
17780,667778,46,64,5,3,28.09
17781,667802,46,47,5,3,24.87
17782,669615,46,91,4,3,6.38
17783,667796,46,48,5,3,26.06
17784,669950,46,47,4,3,7.89
17785,667706,46,17,5,3,27.98
17786,669648,46,78,4,3,7.82
17787,667478,46,72,5,3,32.94
17788,669935,46,37,4,3,7.94
17789,669577,46,14,4,3,7.54
17790,669977,46,55,4,3,7.43
17791,667850,46,50,5,3,17.49
17792,667160,46,140,5,3,28.7
17793,667184,46,137,5,3,28.11
17794,669669,46,99,4,3,8.29
17795,669589,46,32,4,3,7.52
17796,669816,46,117,4,3,8.59
17797,669872,46,58,4,3,7.26
17798,669753,46,123,4,3,8.31
17799,667844,46,46,5,3,20.17
17800,669606,46,22,4,3,10.03
17801,667214,46,135,5,3,30.06
17802,667250,46,128,5,3,25.26
17803,669908,46,6,4,3,7.84
17804,669774,46,137,4,3,7.87
17805,667088,46,119,5,3,25.81
17806,667526,46,29,5,3,31.53
17807,669869,46,45,4,3,7.43
17808,669717,46,141,4,3,6.95
17809,667490,46,66,5,3,20.96
17810,667772,46,37,5,3,26.07
17811,667064,46,125,5,3,21.91
17812,669956,46,31,4,3,7.69
17813,669600,46,38,4,3,9.95
17814,667316,46,84,5,3,21.91
17815,667862,46,52,5,3,18.24
17816,669592,46,42,4,3,7.21
17817,669639,46,81,4,3,7.45
17818,667838,46,34,5,3,22.29
17819,667616,46,26,5,3,25.45
17820,669702,46,86,4,3,7.28
17821,667154,46,107,5,3,22.1
17822,669857,46,26,4,3,7.22
17823,667628,46,36,5,3,23.68
17824,669947,46,48,4,3,7.71
17825,669666,46,97,4,3,7.35
17826,669645,46,87,4,3,7.7
17827,669696,46,74,4,3,8.55
17828,669926,46,12,4,3,7.53
17829,667034,46,2,5,3,25.56
17830,667142,46,104,5,3,22.86
17831,669699,46,80,4,3,8.59
17832,667274,46,131,5,3,20.09
17833,669854,46,30,4,3,7.13
17834,667130,46,103,5,3,25.64
17835,667340,46,74,5,3,28.64
17836,667334,46,80,5,3,29.27
17837,649757,45,100,4,3,7.29
17838,643565,45,56,5,3,23.07
17839,643442,45,130,5,3,7.82
17840,651016,45,9,6,3,29.49
17841,651002,45,15,6,3,24.4
17842,651018,45,49,6,3,28.62
17843,651004,45,56,6,3,24.56
17844,651028,45,44,6,3,27.6
17845,650006,45,23,4,3,7.78
17846,643520,45,90,5,3,12.99
17847,643469,45,93,5,3,16.21
17848,649982,45,44,4,3,9.19
17849,649661,45,5,4,3,7.38
17850,643694,45,25,5,3,13.58
17851,650978,45,99,6,3,29.34
17852,650976,45,68,6,3,30.83
17853,649832,45,99,4,3,8.96
17854,651023,45,28,6,3,27.86
17855,651000,45,29,6,3,24.93
17856,649973,45,8,4,3,8.09
17857,651041,45,37,6,3,29.41
17858,649799,45,86,4,3,7.81
17859,650974,45,75,6,3,31.43
17860,649937,45,42,4,3,8.05
17861,643550,45,22,5,3,23.26
17862,649805,45,74,4,3,8.9
17863,649844,45,96,4,3,8.55
17864,649841,45,76,4,3,8.27
17865,643577,45,14,5,3,16.8
17866,649664,45,122,4,3,7.78
17867,649697,45,134,4,3,8.86
17868,649958,45,58,4,3,7.73
17869,649964,45,63,4,3,7.69
17870,650939,45,140,6,3,29.34
17871,649835,45,97,4,3,8.17
17872,649838,45,71,4,3,8.19
17873,649703,45,110,4,3,7.87
17874,649943,45,26,4,3,8.31
17875,650964,45,82,6,3,28.43
17876,650969,45,74,6,3,27.61
17877,649709,45,102,4,3,7.79
17878,649670,45,114,4,3,7.77
17879,650970,45,67,6,3,30.46
17880,650982,45,96,6,3,25.59
17881,650925,45,126,6,3,30.87
17882,650971,45,77,6,3,32.61
17883,650985,45,78,6,3,31.31
17884,650963,45,130,6,3,30.14
17885,643661,45,23,5,3,12.38
17886,651047,45,25,6,3,31.28
17887,650994,45,66,6,3,31.73
17888,649760,45,128,4,3,7.91
17889,649922,45,14,4,3,8.17
17890,643313,45,4,5,3,13.06
17891,649748,45,123,4,3,9.28
17892,649895,45,22,4,3,9.69
17893,649655,45,3,4,3,9.44
17894,649802,45,80,4,3,9.93
17895,650920,45,4,6,3,32.18
17896,651037,45,51,6,3,33.29
17897,651053,45,46,6,3,33.58
17898,650943,45,137,6,3,25.59
17899,643595,45,30,5,3,15.39
17900,650021,45,37,4,3,8.47
17901,650983,45,83,6,3,28.36
17902,649865,45,90,4,3,7.18
17903,650039,45,25,4,3,7.81
17904,650060,45,50,4,3,7.02
17905,643397,45,135,5,3,20.28
17906,643400,45,124,5,3,23.09
17907,643673,45,24,5,3,9.24
17908,643394,45,118,5,3,22.64
17909,650929,45,117,6,3,27.77
17910,643547,45,65,5,3,12.98
17911,650938,45,107,6,3,33.33
17912,650919,45,3,6,3,25.85
17913,643319,45,122,5,3,10.39
17914,650958,45,131,6,3,33.42
17915,650965,45,84,6,3,30.34
17916,650984,45,98,6,3,29.95
17917,643457,45,80,5,3,19.22
17918,643625,45,27,5,3,18.02
17919,650979,45,97,6,3,27.73
17920,650986,45,87,6,3,31.3
17921,650968,45,80,6,3,27.77
17922,650932,45,112,6,3,32.61
17923,643355,45,103,5,3,13.58
17924,643604,45,36,5,3,13.09
17925,643328,45,126,5,3,12.8
17926,643316,45,5,5,3,9.84
17927,649829,45,73,4,3,7.64
17928,643385,45,136,5,3,20.08
17929,643484,45,73,5,3,9.97
17930,649658,45,4,4,3,7.72
17931,650977,45,73,6,3,33.33
17932,643658,45,16,5,3,9.6
17933,650957,45,121,6,3,32.83
17934,650956,45,132,6,3,33.31
17935,650946,45,116,6,3,23.96
17936,651031,45,53,6,3,30.57
17937,650935,45,110,6,3,31.43
17938,651051,45,7,6,3,31.78
17939,643685,45,21,5,3,14.98
17940,643592,45,42,5,3,14.43
17941,643628,45,8,5,3,15.35
17942,643670,45,18,5,3,12.67
17943,650009,45,51,4,3,7.66
17944,643637,45,44,5,3,18.11
17945,649730,45,136,4,3,9.14
17946,643616,45,41,5,3,12.73
17947,643481,45,68,5,3,13.0
17948,643487,45,99,5,3,16.66
17949,643571,45,60,5,3,20.15
17950,643586,45,43,5,3,16.48
17951,643475,45,75,5,3,12.75
17952,643688,45,48,5,3,13.71
17953,643619,45,63,5,3,11.73
17954,649775,45,129,4,3,7.02
17955,643634,45,20,5,3,11.56
17956,643667,45,12,5,3,13.24
17957,643598,45,26,5,3,14.89
17958,650967,45,86,6,3,30.87
17959,643352,45,134,5,3,16.21
17960,643346,45,101,5,3,14.34
17961,650981,45,76,6,3,27.51
17962,643463,45,67,5,3,14.34
17963,650942,45,111,6,3,27.51
17964,650931,45,101,6,3,30.46
17965,650924,45,114,6,3,29.64
17966,650944,45,136,6,3,25.88
17967,649880,45,66,4,3,7.31
17968,649787,45,130,4,3,7.25
17969,643664,45,51,5,3,9.96
17970,643643,45,17,5,3,15.08
17971,649781,45,133,4,3,7.43
17972,643436,45,133,5,3,11.42
17973,643640,45,57,5,3,16.22
17974,650953,45,100,6,3,31.68
17975,649712,45,107,4,3,7.64
17976,649817,45,69,4,3,7.91
17977,643529,45,72,5,3,24.12
17978,643526,45,95,5,3,22.29
17979,643337,45,120,5,3,15.52
17980,643556,45,38,5,3,19.94
17981,643493,45,71,5,3,16.78
17982,643388,45,106,5,3,24.86
17983,643349,45,112,5,3,11.97
17984,649886,45,91,4,3,7.31
17985,643715,45,50,5,3,7.22
17986,650057,45,46,4,3,7.2
17987,649889,45,89,4,3,8.45
17988,650989,45,90,6,3,33.41
17989,649862,45,81,4,3,7.48
17990,651015,45,26,6,3,28.72
17991,651003,45,39,6,3,23.05
17992,651030,45,17,6,3,29.74
17993,643379,45,111,5,3,16.73
17994,651017,45,36,6,3,29.23
17995,650926,45,108,6,3,29.06
17996,651019,45,45,6,3,30.33
17997,649721,45,105,4,3,8.19
17998,643367,45,107,5,3,9.97
17999,643610,45,45,5,3,13.39
18000,651021,45,41,6,3,30.31
18001,651009,45,19,6,3,27.47
18002,651007,45,40,6,3,26.99
18003,643574,45,40,5,3,16.34
18004,649784,45,141,4,3,7.39
18005,649724,45,111,4,3,8.27
18006,643580,45,19,5,3,16.7
18007,643424,45,121,5,3,13.05
18008,643454,45,86,5,3,12.8
18009,643496,45,76,5,3,16.73
18010,650966,45,79,6,3,29.64
18011,649745,45,124,4,3,9.52
18012,651005,45,61,6,3,25.57
18013,643412,45,100,5,3,12.49
18014,643502,45,83,5,3,17.72
18015,643517,45,81,5,3,13.06
18016,649955,45,45,4,3,7.91
18017,649925,45,19,4,3,8.29
18018,649919,45,40,4,3,8.1
18019,643589,45,32,5,3,15.78
18020,649949,45,36,4,3,7.85
18021,651012,45,32,6,3,29.73
18022,651042,45,64,6,3,28.58
18023,651024,45,27,6,3,27.51
18024,649850,45,98,4,3,8.61
18025,651001,45,38,6,3,25.88
18026,649751,45,139,4,3,8.61
18027,651026,45,13,6,3,30.49
18028,651014,45,30,6,3,28.49
18029,651039,45,18,6,3,31.81
18030,649754,45,113,4,3,7.76
18031,650918,45,2,6,3,31.07
18032,643307,45,2,5,3,13.4
18033,650936,45,104,6,3,34.05
18034,643583,45,62,5,3,13.59
18035,643448,45,84,5,3,12.28
18036,651022,45,63,6,3,30.16
18037,651010,45,62,6,3,27.79
18038,650940,45,138,6,3,27.73
18039,650950,45,123,6,3,28.36
18040,650045,45,35,4,3,7.72
18041,649868,45,88,4,3,7.02
18042,649811,45,77,4,3,8.02
18043,650922,45,122,6,3,28.43
18044,649961,45,41,4,3,7.73
18045,649874,45,72,4,3,11.09
18046,649871,45,95,4,3,10.07
18047,649910,45,56,4,3,10.45
18048,643532,45,94,5,3,21.16
18049,643538,45,85,5,3,12.41
18050,650954,45,128,6,3,31.3
18051,650933,45,134,6,3,28.83
18052,649772,45,131,4,3,7.18
18053,643373,45,138,5,3,14.03
18054,643433,45,127,5,3,14.27
18055,643343,45,109,5,3,17.99
18056,650930,45,109,6,3,27.61
18057,650955,45,115,6,3,31.81
18058,643322,45,125,5,3,12.28
18059,643466,45,77,5,3,11.97
18060,650941,45,105,6,3,27.07
18061,650945,45,106,6,3,23.84
18062,649823,45,70,4,3,7.71
18063,650973,45,69,6,3,30.62
18064,650975,45,70,6,3,34.05
18065,643544,45,89,5,3,15.15
18066,643310,45,3,5,3,19.7
18067,643364,45,102,5,3,13.0
18068,650937,45,102,6,3,30.83
18069,649913,45,61,4,3,8.55
18070,650948,45,135,6,3,25.72
18071,650934,45,103,6,3,30.62
18072,650927,45,119,6,3,28.62
18073,649766,45,132,4,3,7.54
18074,643490,45,97,5,3,14.03
18075,643427,45,131,5,3,12.99
18076,650980,45,71,6,3,27.07
18077,650917,45,1,6,3,29.87
18078,650928,45,120,6,3,29.58
18079,650947,45,118,6,3,25.04
18080,643376,45,105,5,3,16.78
18081,650063,45,55,4,3,7.63
18082,649853,45,78,4,3,7.76
18083,649928,45,62,4,3,8.21
18084,650949,45,124,6,3,24.72
18085,650051,45,7,4,3,7.28
18086,643568,45,61,5,3,18.89
18087,650069,45,59,4,3,7.26
18088,649877,45,94,4,3,9.91
18089,649778,45,127,4,3,7.79
18090,643331,45,108,5,3,14.38
18091,643478,45,70,5,3,9.24
18092,650988,45,81,6,3,32.83
18093,649934,45,32,4,3,9.0
18094,643676,45,37,5,3,15.61
18095,643631,45,13,5,3,14.81
18096,643682,45,33,5,3,14.43
18097,649916,45,60,4,3,9.17
18098,650048,45,54,4,3,7.42
18099,649883,45,85,4,3,7.56
18100,643712,45,46,5,3,13.03
18101,650066,45,52,4,3,7.35
18102,649976,45,13,4,3,8.56
18103,649940,45,30,4,3,8.33
18104,643679,45,64,5,3,18.09
18105,649826,45,68,4,3,7.79
18106,649790,45,82,4,3,7.78
18107,649769,45,121,4,3,7.48
18108,643382,45,137,5,3,18.84
18109,649796,45,79,4,3,7.77
18110,650003,45,16,4,3,7.6
18111,649688,45,109,4,3,8.9
18112,649691,45,101,4,3,8.11
18113,649952,45,49,4,3,7.75
18114,649904,45,15,4,3,10.41
18115,649685,45,117,4,3,9.93
18116,650054,45,34,4,3,7.48
18117,650000,45,11,4,3,7.96
18118,649649,45,1,4,3,7.99
18119,643421,45,132,5,3,11.69
18120,643361,45,104,5,3,9.24
18121,649679,45,119,4,3,8.27
18122,643718,45,55,5,3,13.46
18123,643721,45,52,5,3,9.66
18124,650959,45,129,6,3,37.44
18125,649727,45,137,4,3,8.55
18126,649700,45,103,4,3,7.91
18127,649820,45,75,4,3,7.87
18128,649859,45,92,4,3,7.54
18129,649763,45,115,4,3,7.35
18130,649994,45,6,4,3,7.94
18131,643709,45,34,5,3,13.28
18132,643703,45,54,5,3,11.1
18133,650960,45,127,6,3,27.27
18134,643613,45,58,5,3,12.27
18135,651052,45,34,6,3,33.07
18136,643601,45,9,5,3,13.87
18137,643559,45,15,5,3,23.54
18138,649682,45,120,4,3,8.71
18139,650962,45,141,6,3,28.8
18140,643607,45,49,5,3,10.37
18141,651048,45,31,6,3,31.63
18142,651046,45,47,6,3,31.03
18143,649706,45,104,4,3,7.71
18144,643541,45,91,5,3,8.76
18145,650996,45,91,6,3,29.64
18146,649652,45,2,4,3,8.19
18147,649736,45,116,4,3,11.11
18148,650921,45,5,6,3,29.29
18149,649739,45,118,4,3,10.79
18150,651055,45,55,6,3,27.76
18151,651056,45,52,6,3,29.51
18152,651027,45,20,6,3,32.99
18153,643514,45,92,5,3,11.69
18154,649676,45,108,4,3,8.27
18155,651043,45,33,6,3,30.34
18156,651057,45,59,6,3,30.04
18157,643451,45,79,5,3,12.17
18158,650991,45,95,6,3,24.98
18159,650992,45,72,6,3,24.24
18160,649898,45,29,4,3,11.07
18161,650030,45,21,4,3,8.08
18162,649901,45,38,4,3,9.92
18163,650015,45,18,4,3,7.98
18164,650018,45,24,4,3,7.68
18165,650042,45,31,4,3,7.39
18166,650036,45,47,4,3,7.73
18167,643706,45,7,5,3,12.67
18168,650961,45,133,6,3,29.1
18169,651049,45,35,6,3,32.37
18170,649931,45,43,4,3,8.86
18171,643430,45,129,5,3,7.33
18172,643334,45,119,5,3,15.43
18173,649985,45,57,4,3,8.9
18174,651032,45,6,6,3,29.74
18175,649673,45,126,4,3,7.81
18176,650993,45,94,6,3,25.41
18177,650995,45,85,6,3,28.46
18178,643340,45,117,5,3,19.22
18179,650990,45,88,6,3,37.44
18180,650951,45,139,6,3,29.95
18181,643511,45,87,5,3,12.77
18182,643445,45,82,5,3,10.39
18183,649718,45,138,4,3,8.17
18184,643370,45,140,5,3,16.66
18185,650987,45,92,6,3,33.31
18186,650033,45,48,4,3,8.39
18187,649907,45,39,4,3,12.47
18188,649742,45,135,4,3,10.09
18189,643460,45,74,5,3,17.99
18190,643325,45,114,5,3,12.17
18191,643391,45,116,5,3,24.78
18192,643439,45,141,5,3,10.36
18193,651034,45,11,6,3,30.39
18194,650997,45,89,6,3,29.16
18195,651033,45,10,6,3,31.62
18196,650998,45,65,6,3,30.55
18197,651035,45,16,6,3,33.61
18198,649847,45,83,4,3,9.28
18199,650999,45,22,6,3,24.82
18200,651011,45,43,6,3,28.47
18201,651045,45,48,6,3,30.94
18202,651038,45,12,6,3,31.63
18203,649979,45,20,4,3,7.98
18204,650012,45,12,4,3,8.16
18205,643499,45,96,5,3,18.84
18206,643304,45,1,5,3,13.14
18207,643358,45,110,5,3,12.75
18208,643415,45,128,5,3,12.77
18209,651013,45,42,6,3,29.2
18210,651008,45,14,6,3,27.3
18211,651020,45,58,6,3,31.45
18212,651006,45,60,6,3,25.85
18213,651050,45,54,6,3,33.94
18214,651040,45,24,6,3,33.98
18215,651044,45,21,6,3,30.62
18216,651025,45,8,6,3,29.57
18217,643403,45,123,5,3,17.72
18218,643505,45,98,5,3,15.58
18219,649892,45,65,4,3,7.93
18220,643535,45,66,5,3,12.56
18221,651029,45,57,6,3,28.78
18222,643691,45,47,5,3,12.97
18223,643697,45,31,5,3,12.53
18224,649715,45,140,4,3,8.96
18225,649694,45,112,4,3,8.02
18226,643646,45,53,5,3,14.06
18227,643553,45,29,5,3,22.5
18228,643622,45,28,5,3,19.2
18229,643652,45,10,5,3,12.81
18230,643700,45,35,5,3,12.59
18231,649856,45,87,4,3,7.91
18232,649793,45,84,4,3,7.7
18233,649967,45,28,4,3,9.99
18234,643649,45,6,5,3,14.04
18235,643655,45,11,5,3,14.03
18236,649946,45,9,4,3,8.2
18237,649988,45,17,4,3,8.18
18238,650972,45,93,6,3,28.83
18239,643508,45,78,5,3,13.61
18240,643724,45,59,5,3,7.75
18241,649991,45,53,4,3,7.88
18242,649997,45,10,4,3,7.77
18243,649970,45,27,4,3,8.61
18244,651036,45,23,6,3,31.14
18245,650024,45,64,4,3,9.73
18246,649733,45,106,4,3,11.24
18247,649667,45,125,4,3,7.7
18248,643418,45,115,5,3,12.64
18249,643562,45,39,5,3,27.15
18250,651054,45,50,6,3,37.53
18251,650027,45,33,4,3,7.89
18252,649808,45,67,4,3,8.11
18253,643409,45,113,5,3,13.61
18254,643523,45,88,5,3,7.33
18255,649814,45,93,4,3,8.86
18256,643472,45,69,5,3,13.58
18257,643406,45,139,5,3,15.58
18258,650923,45,125,6,3,30.34
18259,650952,45,113,6,3,31.3
18260,649690,43,101,4,3,6.61
18261,643540,43,91,5,3,10.97
18262,816912,44,52,17,3,26.902474
18263,643486,43,99,5,3,19.67
18264,817012,44,22,18,3,103.718606
18265,817038,44,32,18,3,46.497254
18266,643480,43,68,5,3,15.7
18267,643702,43,54,5,3,14.53
18268,817214,44,129,19,3,0.577668
18269,817204,44,128,19,3,2.043201
18270,817042,44,30,18,3,82.383507
18271,816821,44,133,17,3,33.3406
18272,816841,44,139,17,3,103.85048
18273,817064,44,8,18,3,64.316194
18274,816722,44,55,17,3,31.862744
18275,817316,44,21,19,3,4.882639
18276,816855,44,136,17,3,124.603967
18277,817208,44,132,19,3,2.436994
18278,643579,43,19,5,3,19.41
18279,649915,43,60,4,3,8.03
18280,649957,43,58,4,3,6.7
18281,650017,43,24,4,3,6.11
18282,643543,43,89,5,3,18.42
18283,649684,43,117,4,3,8.56
18284,643564,43,56,5,3,24.48
18285,649918,43,40,4,3,6.93
18286,643690,43,47,5,3,16.35
18287,816739,44,23,17,3,57.240846
18288,643465,43,77,5,3,15.81
18289,817190,44,118,19,3,10.146983
18290,816863,44,138,17,3,143.146246
18291,650050,43,7,4,3,6.19
18292,643525,43,95,5,3,24.05
18293,649846,43,83,4,3,7.99
18294,817178,44,105,19,3,4.351877
18295,643318,43,122,5,3,13.5
18296,643528,43,72,5,3,25.2
18297,649828,43,73,4,3,6.04
18298,643636,43,44,5,3,20.08
18299,643450,43,79,5,3,15.17
18300,643615,43,41,5,3,15.46
18301,817224,44,65,19,3,3.162005
18302,817158,44,101,19,3,2.805015
18303,643348,43,112,5,3,15.81
18304,817056,44,41,18,3,35.515431
18305,649963,43,63,4,3,6.66
18306,816720,44,50,17,3,15.124319
18307,817126,44,52,18,3,24.596442
18308,816706,44,25,17,3,42.805374
18309,643711,43,46,5,3,14.55
18310,817010,44,65,18,3,54.851447
18311,649951,43,49,4,3,6.68
18312,817296,44,11,19,3,1.798067
18313,649657,43,4,4,3,6.47
18314,649981,43,44,4,3,7.7
18315,643405,43,139,5,3,18.67
18316,816815,44,65,17,3,59.604506
18317,816879,44,112,17,3,55.362066
18318,650041,43,31,4,3,6.2
18319,649909,43,56,4,3,9.36
18320,649735,43,116,4,3,10.09
18321,649651,43,2,4,3,6.66
18322,643330,43,108,5,3,17.64
18323,649945,43,9,4,3,7.15
18324,649999,43,11,4,3,6.37
18325,817140,44,122,19,3,4.961
18326,643501,43,83,5,3,20.24
18327,649906,43,39,4,3,11.53
18328,650056,43,46,4,3,6.03
18329,643606,43,49,5,3,13.48
18330,817092,44,18,18,3,61.501189
18331,817094,44,24,18,3,42.213408
18332,643675,43,37,5,3,18.4
18333,817080,44,10,18,3,45.966633
18334,816714,44,7,17,3,73.643334
18335,817044,44,26,18,3,87.910318
18336,643693,43,25,5,3,16.27
18337,643717,43,55,5,3,15.05
18338,650044,43,35,4,3,6.4
18339,817206,44,115,19,3,5.392645
18340,817078,44,6,18,3,77.161708
18341,817300,44,23,19,3,1.855355
18342,817184,44,136,19,3,7.064005
18343,643474,43,75,5,3,16.27
18344,649831,43,99,4,3,7.5
18345,649654,43,3,4,3,8.31
18346,816958,44,107,18,3,42.206372
18347,643513,43,92,5,3,15.14
18348,649732,43,106,4,3,10.21
18349,649774,43,129,4,3,5.59
18350,649762,43,115,4,3,6.16
18351,643549,43,22,5,3,24.3
18352,817098,44,64,18,3,103.003909
18353,816992,44,115,18,3,73.903539
18354,649867,43,88,4,3,5.59
18355,817338,44,55,19,3,2.033181
18356,649693,43,112,4,3,6.56
18357,816767,44,63,17,3,54.751513
18358,816964,44,105,18,3,100.681109
18359,649714,43,140,4,3,7.5
18360,643648,43,6,5,3,16.43
18361,816777,44,36,17,3,70.491589
18362,817198,44,139,19,3,6.394251
18363,643441,43,130,5,3,10.23
18364,817148,44,108,19,3,9.104067
18365,817166,44,110,19,3,1.918668
18366,643558,43,15,5,3,24.6
18367,816801,44,61,17,3,143.367392
18368,643531,43,94,5,3,22.39
18369,816942,44,109,18,3,116.158587
18370,817210,44,121,19,3,1.364906
18371,643600,43,9,5,3,17.07
18372,643624,43,27,5,3,19.94
18373,816960,44,140,18,3,46.233167
18374,643489,43,97,5,3,17.27
18375,649678,43,119,4,3,7.14
18376,643537,43,85,5,3,14.17
18377,643384,43,136,5,3,22.13
18378,817334,44,46,19,3,1.626303
18379,816944,44,101,18,3,77.615342
18380,643723,43,59,5,3,10.18
18381,649825,43,68,4,3,6.21
18382,643438,43,141,5,3,12.21
18383,643447,43,84,5,3,14.67
18384,649993,43,6,4,3,6.39
18385,817112,44,35,18,3,43.575521
18386,817052,44,45,18,3,65.927354
18387,643516,43,81,5,3,15.51
18388,817332,44,34,19,3,1.620186
18389,817028,44,40,18,3,123.051578
18390,650035,43,47,4,3,6.46
18391,649834,43,97,4,3,7.11
18392,650011,43,12,4,3,6.65
18393,816990,44,128,18,3,63.036357
18394,817326,44,35,19,3,2.982136
18395,817074,44,17,18,3,82.748795
18396,817192,44,135,19,3,6.664092
18397,649813,43,93,4,3,7.32
18398,649801,43,80,4,3,8.56
18399,817290,44,53,19,3,1.957808
18400,817096,44,37,18,3,38.405
18401,817120,44,46,18,3,72.393632
18402,649792,43,84,4,3,6.68
18403,817066,44,13,18,3,48.226637
18404,817228,44,29,19,3,9.214598
18405,817252,44,32,19,3,3.417027
18406,816765,44,28,17,3,80.238976
18407,816932,44,126,18,3,57.839396
18408,817008,44,130,18,3,12.052576
18409,817072,44,57,18,3,112.484639
18410,816946,44,112,18,3,51.690593
18411,649873,43,72,4,3,10.02
18412,649936,43,42,4,3,6.91
18413,816729,44,37,17,3,43.45868
18414,816907,44,2,17,3,66.484843
18415,817194,44,124,19,3,3.446159
18416,649912,43,61,4,3,7.38
18417,816771,44,58,17,3,73.927497
18418,817170,44,102,19,3,3.087654
18419,650038,43,25,4,3,6.65
18420,817018,44,15,18,3,147.425297
18421,649708,43,102,4,3,6.21
18422,817196,44,123,19,3,4.165643
18423,816757,44,20,17,3,58.108108
18424,649717,43,138,4,3,7.11
18425,643375,43,105,5,3,19.7
18426,817136,44,4,19,3,2.786516
18427,643660,43,23,5,3,15.8
18428,816885,44,117,17,3,88.576175
18429,643567,43,61,5,3,20.82
18430,817278,44,8,19,3,2.478643
18431,817232,44,15,19,3,6.532178
18432,643357,43,110,5,3,16.27
18433,816781,44,26,17,3,101.001219
18434,649975,43,13,4,3,7.1
18435,817100,44,33,18,3,70.635824
18436,816883,44,109,17,3,126.755171
18437,649939,43,30,4,3,7.24
18438,817306,44,18,19,3,2.175616
18439,649738,43,118,4,3,9.65
18440,816966,44,111,18,3,135.751881
18441,817256,44,30,19,3,10.841496
18442,816747,44,6,17,3,84.042302
18443,816970,44,136,18,3,111.069811
18444,816837,44,100,17,3,80.044253
18445,643555,43,38,5,3,21.24
18446,817006,44,141,18,3,31.513672
18447,817068,44,20,18,3,54.739867
18448,643435,43,133,5,3,13.33
18449,816986,44,113,18,3,37.609916
18450,817016,44,38,18,3,127.356605
18451,817130,44,1,19,3,5.077953
18452,816974,44,116,18,3,168.719696
18453,649795,43,79,4,3,6.7
18454,816865,44,140,17,3,49.844872
18455,643378,43,111,5,3,19.4
18456,816857,44,137,17,3,143.536157
18457,817070,44,44,18,3,85.905088
18458,649840,43,76,4,3,7.11
18459,649687,43,109,4,3,7.44
18460,649837,43,71,4,3,7.0
18461,816833,44,115,17,3,80.85455
18462,649894,43,22,4,3,8.42
18463,817026,44,60,18,3,123.397566
18464,816867,44,107,17,3,44.469032
18465,817054,44,58,18,3,64.902704
18466,643684,43,21,5,3,18.23
18467,817108,44,25,18,3,38.280233
18468,816819,44,141,17,3,34.277077
18469,817230,44,38,19,3,7.036512
18470,643672,43,24,5,3,13.13
18471,643477,43,70,5,3,13.14
18472,650062,43,55,4,3,6.14
18473,816950,44,103,18,3,66.18918
18474,816861,44,105,17,3,108.27236
18475,816889,44,119,17,3,81.606795
18476,649759,43,128,4,3,6.56
18477,643561,43,39,5,3,28.53
18478,649816,43,69,4,3,6.32
18479,649756,43,100,4,3,6.21
18480,649984,43,57,4,3,7.37
18481,816922,44,4,18,3,53.403216
18482,817152,44,120,19,3,4.29022
18483,816916,44,1,18,3,59.274837
18484,816918,44,2,18,3,62.135022
18485,649681,43,120,4,3,7.52
18486,643432,43,127,5,3,15.73
18487,817176,44,138,19,3,8.008193
18488,649702,43,110,4,3,6.31
18489,643483,43,73,5,3,13.5
18490,816914,44,59,17,3,12.862643
18491,816799,44,60,17,3,138.634822
18492,643396,43,135,5,3,21.57
18493,643399,43,124,5,3,24.17
18494,643594,43,30,5,3,18.72
18495,816895,44,114,17,3,59.977112
18496,643582,43,62,5,3,16.87
18497,643471,43,69,5,3,16.66
18498,649882,43,85,4,3,6.05
18499,816996,44,121,18,3,45.288368
18500,816924,44,5,18,3,20.997978
18501,649888,43,89,4,3,7.33
18502,643696,43,31,5,3,15.14
18503,643507,43,78,5,3,16.26
18504,649822,43,70,4,3,6.15
18505,643360,43,104,5,3,13.14
18506,643681,43,33,5,3,17.58
18507,649777,43,127,4,3,6.34
18508,816791,44,62,17,3,151.489843
18509,643663,43,51,5,3,13.59
18510,816871,44,104,17,3,46.982546
18511,817168,44,104,19,3,0.783009
18512,816899,44,122,17,3,80.779763
18513,816869,44,102,17,3,67.812455
18514,649798,43,86,4,3,6.74
18515,816909,44,1,17,3,65.957262
18516,816847,44,135,17,3,124.416861
18517,816905,44,3,17,3,129.549673
18518,816988,44,100,18,3,74.094872
18519,816813,44,22,17,3,116.269428
18520,649849,43,98,4,3,7.35
18521,643402,43,123,5,3,20.24
18522,643411,43,100,5,3,14.17
18523,643645,43,53,5,3,17.38
18524,817132,44,2,19,3,2.673921
18525,649855,43,87,4,3,6.56
18526,649924,43,19,4,3,7.13
18527,816843,44,123,17,3,63.835118
18528,816926,44,122,18,3,74.282758
18529,649804,43,74,4,3,7.44
18530,816982,44,123,18,3,57.09145
18531,643354,43,103,5,3,16.66
18532,649747,43,123,4,3,7.99
18533,649954,43,45,4,3,6.81
18534,817040,44,42,18,3,38.595187
18535,649663,43,122,4,3,6.71
18536,643342,43,109,5,3,19.98
18537,643429,43,129,5,3,10.04
18538,817240,44,60,19,3,7.848495
18539,817314,44,33,19,3,3.386363
18540,817308,44,24,19,3,1.017659
18541,817162,44,134,19,3,5.385276
18542,816775,44,49,17,3,56.0161
18543,649996,43,10,4,3,6.16
18544,817218,44,133,19,3,2.21316
18545,817156,44,109,19,3,6.892509
18546,817272,44,63,19,3,3.724119
18547,816952,44,110,18,3,56.575253
18548,816994,44,132,18,3,54.203621
18549,816940,44,117,18,3,78.928576
18550,816897,44,125,17,3,47.718988
18551,816805,44,39,17,3,94.838205
18552,650005,43,23,4,3,6.2
18553,643372,43,138,5,3,17.27
18554,816853,44,106,17,3,136.036183
18555,816972,44,106,18,3,118.311535
18556,817182,44,137,19,3,8.91419
18557,817258,44,26,19,3,10.311225
18558,643642,43,17,5,3,18.19
18559,816753,44,57,17,3,120.743079
18560,817090,44,12,18,3,71.942253
18561,649933,43,32,4,3,7.82
18562,650026,43,33,4,3,6.65
18563,650068,43,59,4,3,5.83
18564,817144,44,114,19,3,2.050006
18565,816725,44,33,17,3,76.101335
18566,817124,44,55,18,3,29.083763
18567,649960,43,41,4,3,6.65
18568,817318,44,48,19,3,2.456378
18569,643657,43,16,5,3,12.95
18570,816761,44,8,17,3,68.973849
18571,649750,43,139,4,3,7.35
18572,816928,44,125,18,3,42.653148
18573,817142,44,125,19,3,3.910605
18574,817082,44,11,18,3,67.36248
18575,817118,44,34,18,3,36.335526
18576,649807,43,67,4,3,6.61
18577,817114,44,54,18,3,73.802401
18578,650053,43,34,4,3,6.23
18579,643612,43,58,5,3,14.61
18580,817226,44,22,19,3,4.890343
18581,817050,44,49,18,3,52.085304
18582,643576,43,14,5,3,19.8
18583,643510,43,87,5,3,16.24
18584,643444,43,82,5,3,13.5
18585,649843,43,96,4,3,7.38
18586,817312,44,64,19,3,7.228351
18587,650047,43,54,4,3,6.05
18588,817262,44,36,19,3,5.482223
18589,816948,44,134,18,3,93.88761
18590,816779,44,9,17,3,104.891079
18591,817282,44,20,19,3,2.146741
18592,817328,44,54,19,3,2.022025
18593,816803,44,56,17,3,191.236925
18594,643714,43,50,5,3,9.94
18595,643546,43,65,5,3,15.59
18596,817294,44,10,19,3,1.370812
18597,643339,43,117,5,3,21.4
18598,816891,44,108,17,3,102.321246
18599,817234,44,39,19,3,12.546365
18600,817250,44,43,19,3,7.573504
18601,816718,44,46,17,3,74.854797
18602,817002,44,127,18,3,14.876952
18603,817106,44,47,18,3,85.557562
18604,649819,43,75,4,3,6.31
18605,649783,43,141,4,3,5.96
18606,816749,44,53,17,3,61.467751
18607,816793,44,19,17,3,152.583583
18608,649987,43,17,4,3,6.68
18609,649729,43,136,4,3,8.0
18610,649699,43,103,4,3,6.32
18611,649711,43,107,4,3,6.04
18612,649885,43,91,4,3,5.87
18613,649900,43,38,4,3,8.67
18614,649768,43,121,4,3,6.24
18615,649675,43,108,4,3,7.23
18616,649669,43,114,4,3,6.7
18617,643492,43,71,5,3,19.7
18618,643453,43,86,5,3,15.47
18619,649765,43,132,4,3,6.19
18620,817330,44,7,19,3,4.906841
18621,817128,44,59,18,3,11.886202
18622,817304,44,12,19,3,2.424774
18623,649648,43,1,4,3,6.91
18624,649861,43,81,4,3,6.24
18625,649789,43,82,4,3,6.71
18626,816735,44,12,17,3,76.164805
18627,649852,43,78,4,3,6.61
18628,817292,44,6,19,3,4.88924
18629,817174,44,140,19,3,1.902059
18630,649744,43,124,4,3,8.23
18631,643324,43,114,5,3,15.17
18632,816733,44,18,17,3,65.412146
18633,649876,43,94,4,3,8.67
18634,649897,43,29,4,3,9.94
18635,649780,43,133,4,3,5.9
18636,649966,43,28,4,3,8.61
18637,817138,44,5,19,3,1.441509
18638,643420,43,132,5,3,15.13
18639,816938,44,120,18,3,51.442868
18640,643387,43,106,5,3,26.02
18641,817058,44,63,18,3,49.94744
18642,643417,43,115,5,3,15.36
18643,643321,43,125,5,3,14.67
18644,650020,43,37,4,3,7.21
18645,817340,44,52,19,3,1.785353
18646,817202,44,100,19,3,4.867231
18647,643720,43,52,5,3,11.67
18648,817160,44,112,19,3,2.395292
18649,643333,43,119,5,3,18.76
18650,816901,44,5,17,3,22.93806
18651,643381,43,137,5,3,20.8
18652,643468,43,93,5,3,18.46
18653,643519,43,90,5,3,14.5
18654,649879,43,66,4,3,6.19
18655,643618,43,63,5,3,14.19
18656,816984,44,139,18,3,94.745398
18657,817324,44,31,19,3,3.84937
18658,649930,43,43,4,3,7.69
18659,643687,43,48,5,3,17.13
18660,643699,43,35,5,3,16.06
18661,816751,44,17,17,3,88.064522
18662,649771,43,131,4,3,6.01
18663,816755,44,44,17,3,93.010396
18664,643651,43,10,5,3,15.89
18665,643639,43,57,5,3,18.52
18666,817288,44,17,19,3,3.094335
18667,643306,43,2,5,3,16.53
18668,649990,43,53,4,3,6.34
18669,643498,43,96,5,3,20.8
18670,817302,44,51,19,3,1.332261
18671,643423,43,121,5,3,15.51
18672,816827,44,131,17,3,67.079621
18673,643705,43,7,5,3,14.46
18674,650008,43,51,4,3,6.07
18675,649942,43,26,4,3,7.29
18676,817036,44,43,18,3,73.759705
18677,643603,43,36,5,3,16.23
18678,817254,44,42,19,3,3.201835
18679,816817,44,130,17,3,13.014267
18680,816978,44,135,18,3,113.192481
18681,650002,43,16,4,3,5.98
18682,817188,44,116,19,3,9.686856
18683,817030,44,14,18,3,78.135048
18684,817034,44,62,18,3,139.475151
18685,817244,44,14,19,3,3.45075
18686,649720,43,105,4,3,7.0
18687,817154,44,117,19,3,7.174609
18688,643627,43,8,5,3,18.35
18689,817062,44,27,18,3,132.242175
18690,816811,44,29,17,3,120.1537
18691,816845,44,124,17,3,112.327426
18692,643426,43,131,5,3,14.5
18693,816893,44,126,17,3,64.475098
18694,643570,43,60,5,3,22.19
18695,649978,43,20,4,3,6.52
18696,817146,44,126,19,3,5.29642
18697,643369,43,140,5,3,19.67
18698,643495,43,76,5,3,19.4
18699,817298,44,16,19,3,0.722355
18700,816903,44,4,17,3,57.477277
18701,817004,44,133,18,3,30.370273
18702,643462,43,67,5,3,17.69
18703,643597,43,26,5,3,18.21
18704,643666,43,12,5,3,17.02
18705,643633,43,20,5,3,15.43
18706,817104,44,48,18,3,56.567961
18707,817020,44,39,18,3,71.099446
18708,649723,43,111,4,3,7.11
18709,643621,43,28,5,3,21.51
18710,817102,44,21,18,3,73.490047
18711,650059,43,50,4,3,5.59
18712,643552,43,29,5,3,23.44
18713,643312,43,4,5,3,15.66
18714,649903,43,15,4,3,9.32
18715,816737,44,51,17,3,55.272025
18716,649858,43,92,4,3,6.19
18717,816741,44,16,17,3,41.003666
18718,643609,43,45,5,3,16.39
18719,816851,44,116,17,3,188.247902
18720,817116,44,7,18,3,67.61561
18721,817150,44,119,19,3,9.032482
18722,816920,44,3,18,3,116.707054
18723,817000,44,129,18,3,13.04557
18724,816998,44,131,18,3,64.347821
18725,816956,44,102,18,3,63.150114
18726,643459,43,74,5,3,19.98
18727,649705,43,104,4,3,6.15
18728,643573,43,40,5,3,19.22
18729,650014,43,18,4,3,6.43
18730,817024,44,61,18,3,128.735304
18731,650029,43,21,4,3,6.85
18732,649891,43,65,4,3,6.6
18733,649753,43,113,4,3,6.61
18734,816859,44,111,17,3,147.852741
18735,817032,44,19,18,3,140.822286
18736,817134,44,3,19,3,7.307251
18737,643345,43,101,5,3,17.69
18738,816875,44,103,17,3,69.730905
18739,817186,44,106,19,3,9.094025
18740,817310,44,37,19,3,3.523813
18741,649972,43,8,4,3,6.6
18742,816789,44,43,17,3,83.883878
18743,649864,43,90,4,3,6.01
18744,649741,43,135,4,3,8.87
18745,643630,43,13,5,3,18.16
18746,643591,43,42,5,3,17.78
18747,817222,44,130,19,3,0.651504
18748,817286,44,57,19,3,5.632804
18749,817060,44,28,18,3,71.73814
18750,649696,43,134,4,3,7.32
18751,817212,44,131,19,3,1.878697
18752,817122,44,50,18,3,14.214025
18753,817172,44,107,19,3,1.066423
18754,817164,44,103,19,3,2.004287
18755,643585,43,43,5,3,19.67
18756,816825,44,129,17,3,13.953915
18757,643534,43,66,5,3,14.65
18758,816787,44,32,17,3,51.448492
18759,817014,44,29,18,3,104.216377
18760,816704,44,47,17,3,92.128209
18761,643351,43,134,5,3,18.46
18762,643654,43,11,5,3,17.04
18763,643504,43,98,5,3,18.67
18764,643414,43,128,5,3,16.24
18765,643315,43,5,5,3,11.92
18766,817284,44,44,19,3,4.625393
18767,816809,44,38,17,3,138.984324
18768,817238,44,61,19,3,9.13108
18769,816831,44,132,17,3,57.779889
18770,817336,44,50,19,3,0.569021
18771,816873,44,110,17,3,60.168498
18772,816887,44,120,17,3,57.430409
18773,816759,44,13,17,3,51.303529
18774,816968,44,137,18,3,129.242527
18775,816783,44,30,17,3,96.131927
18776,643393,43,118,5,3,23.56
18777,817236,44,56,19,3,7.613285
18778,816807,44,15,17,3,161.485932
18779,816708,44,31,17,3,78.672386
18780,816881,44,101,17,3,82.584688
18781,816835,44,128,17,3,66.450122
18782,817086,44,23,18,3,53.542625
18783,643408,43,113,5,3,16.26
18784,643336,43,120,5,3,18.75
18785,817110,44,31,18,3,73.287963
18786,643327,43,126,5,3,15.47
18787,649870,43,95,4,3,8.98
18788,816763,44,27,17,3,146.120014
18789,817342,44,59,19,3,0.674898
18790,817200,44,113,19,3,3.406371
18791,643456,43,80,5,3,21.4
18792,817220,44,141,19,3,2.213299
18793,817180,44,111,19,3,8.062384
18794,817022,44,56,18,3,176.531028
18795,817046,44,9,18,3,93.21697
18796,817266,44,45,19,3,6.332022
18797,816743,44,11,17,3,70.701008
18798,817276,44,27,19,3,9.066414
18799,816795,44,14,17,3,84.529971
18800,816829,44,121,17,3,47.760561
18801,816936,44,119,18,3,69.921343
18802,817248,44,62,19,3,8.486381
18803,816723,44,21,17,3,80.938283
18804,817274,44,28,19,3,6.157186
18805,643708,43,34,5,3,15.66
18806,643309,43,3,5,3,21.71
18807,816954,44,104,18,3,45.315164
18808,816980,44,124,18,3,102.628199
18809,816785,44,42,17,3,43.409514
18810,817270,44,41,19,3,1.372411
18811,816930,44,114,18,3,56.238413
18812,816727,44,64,17,3,113.873314
18813,816712,44,54,17,3,76.761124
18814,816716,44,34,17,3,39.326879
18815,643390,43,116,5,3,26.22
18816,817216,44,127,19,3,1.435571
18817,643669,43,18,5,3,16.35
18818,649927,43,62,4,3,7.17
18819,649672,43,126,4,3,6.74
18820,817048,44,36,18,3,62.633578
18821,816797,44,40,17,3,133.1468
18822,643678,43,64,5,3,20.67
18823,817322,44,25,19,3,3.213928
18824,816769,44,41,17,3,38.12873
18825,816773,44,45,17,3,74.002428
18826,817264,44,49,19,3,2.66564
18827,816934,44,108,18,3,90.546313
18828,643366,43,107,5,3,13.5
18829,643588,43,32,5,3,19.04
18830,817320,44,47,19,3,4.333693
18831,649786,43,130,4,3,5.81
18832,650065,43,52,4,3,5.88
18833,817246,44,19,19,3,7.69261
18834,817242,44,40,19,3,6.657812
18835,649726,43,137,4,3,7.38
18836,817260,44,9,19,3,8.876291
18837,649921,43,14,4,3,6.97
18838,816823,44,127,17,3,16.979477
18839,649666,43,125,4,3,6.68
18840,649969,43,27,4,3,7.19
18841,643363,43,102,5,3,15.7
18842,816877,44,134,17,3,101.626775
18843,816745,44,10,17,3,48.607154
18844,649948,43,36,4,3,6.78
18845,817280,44,13,19,3,1.709275
18846,816962,44,138,18,3,131.745811
18847,650023,43,64,4,3,8.43
18848,643303,43,1,5,3,16.01
18849,649810,43,77,4,3,6.56
18850,816976,44,118,18,3,124.150171
18851,817076,44,53,18,3,57.87715
18852,816710,44,35,17,3,47.969544
18853,816849,44,118,17,3,142.881672
18854,816731,44,24,17,3,44.429666
18855,817088,44,51,18,3,52.578579
18856,817268,44,58,19,3,7.495007
18857,816839,44,113,17,3,42.311281
18858,649660,43,5,4,3,5.92
18859,816702,44,48,17,3,60.309698
18860,643522,43,88,5,3,10.04
18861,650032,43,48,4,3,7.0
18862,817084,44,16,18,3,39.289297
